Project ID,Project Name,Voluntary Registry,"ARB / WA 
Project",Voluntary Status,Scope,Type,Reduction / Removal,Methodology / Protocol,Methodology Version,Region,Country,State,Project Site Location,Project Developer,"Total Credits 
Issued","Total Credits 
Retired",Total Credits Remaining,"Total Buffer 
Pool Deposits",Reversals Covered by Buffer Pool,Reversals Not Covered by Buffer,Buffer Credits Released to Project,First Year of Project (Vintage),1996,1997,1998,1999,2000,2001,2002,2003,2004,2005,2006,2007,2008,2009,2010,2011,2012,2013,2014,2015,2016,2017,2018,2019,2020,2021,2022,2023,2024,2025,2026,1996.1,1997.1,1998.1,1999.1,2000.1,2001.1,2002.1,2003.1,2004.1,2005.1,2006.1,2007.1,2008.1,2009.1,2010.1,2011.1,2012.1,2013.1,2014.1,2015.1,2016.1,2017.1,2018.1,2019.1,2020.1,2021.1,2022.1,2023.1,2024.1,2025.1,2026.1,"Year 
Unknown",1996.2,1997.2,1998.2,1999.2,2000.2,2001.2,2002.2,2003.2,2004.2,2005.2,2006.2,2007.2,2008.2,2009.2,2010.2,2011.2,2012.2,2013.2,2014.2,2015.2,2016.2,2017.2,2018.2,2019.2,2020.2,2021.2,2022.2,2023.2,2024.2,2025.2,2026.2,Project Owner ,Offset Project Operator ,Authorized Project Designee,Verifier,Estimated Annual Emission Reductions,PERs,Registry / ARB / WA,ARB / WA Status,ARB / WA ID,PoA / Aggregate ID,PoA / VPA Status,Project Listed,Project Registered ,Certifications,Project Type From the Registry,Registry Documents,Project Website,1996.3,1997.3,1998.3,1999.3,2000.3,2001.3,2002.3,2003.3,2004.3,2005.3,2006.3,2007.3,2008.3,2009.3,2010.3,2011.3,2012.3,2013.3,2014.3,2015.3,2016.3,2017.3,2018.3,2019.3,2020.3,2021.3,2022.3,2023.3,2024.3,2025.3,2026.3,Project Description,Notes from Registry,Notes from Berkeley Carbon Trading Project,Date Project Added to Database,"1st issuance yr (no hard code, hide)",Unnamed: 170,fuente
ART108,Amazon Region,ART,No,Listed,Forestry & Land Use,Jurisdictional REDD+,Reduction,,,Latin America and the Caribbean,Colombia,"Amazonas, Caquetá, Guainía, Guaviare, Putumayo, Va",,Ministerio de Ambiente y Desarrollo Sostenible,0,0,0,0,0,0,0,,0,0,0,0,0,0,0,0,0,0,0,0,0,0,0,0,0,0,0,0,0,0,0,0,0,0,0,0,0,0,0,0,0,0,0,0,0,0,0,0,0,0,0,0,0,0,0,0,0,0,0,0,0,0,0,0,0,0,0,0,0,0,0,0,0,0,0,0,0,0,0,0,0,0,0,0,0,0,0,0,0,0,0,0,0,0,0,0,0,0,0,0,0,0,,,,,,0,ART,,,,,,,,Forest Carbon,https://art.apx.com/mymodule/reg/prjView.asp?id1=108,,0,0,0,0,0,0,0,0,0,0,0,0,0,0,0,0,0,0,0,0,0,0,0,0,0,0,0,0,0,0,0,,,,2025-04-30,0,1,berkeley_vrod
GS1074,Santander and Las Tapias Renewable Energy Project,GOLD,No,Gold Standard Certified Project,Renewable Energy,Biomass,Reduction,GS Ecologically Sound Fuel Switch to Biomass with Reduced Energy Requirement,v1.,Latin America and the Caribbean,Colombia,,,Sustainable Carbon - Projetos Ambientais LTDA,150405,127786,22619,0,0,0,0,2013.0,0,0,0,0,0,0,0,0,0,0,0,0,0,0,0,0,0,6831,19668,21348,19898,21535,19707,18978,7230,15210,0,0,0,0,0,0,0,0,0,0,0,0,0,0,0,0,0,0,0,0,0,0,0,0,0,0,0,6427,11522,11992,16905,47554,1074,8998,10522,12792,0,0,0,0,0,0,0,0,0,0,0,0,0,0,0,0,0,0,0,0,50,50,0,0,4818,4742,12959,0,0,0,0,0,,,,,18477.0,0,GOLD,,,,Standalone,,,Emission Reduction,"Biomass, or Liquid Biofuel - Heat",https://registry.goldstandard.org/projects?q=GS1074,,0,0,0,0,0,0,0,0,0,0,0,0,0,0,0,0,0,0,0,0,0,26499,37000,4246,0,41242,0,0,18433,22985,0,"This is the bundled project of Santander and Las Tapias 3   ceramics, which are both red ceramic factories located in   Colombia. These factories produce ceramic devices, destined   mainly for the regional market in the metropolitan area of   Bogotá.  This project will generate renewable energy from biomass   resources, while reducing GHG emissions by the displacement of   the use of coal for thermal energy production. The project   also results in energy efficiency improvements, as the   ceramics have replaced their inefficient kilns that existed   before the project initiation by more efficient kilns.  The main objective of this project is to contribute for a   sustainable energy matrix in the Colombian ceramic sector,   which has historically relied upon the use of fossil fuels.",,,2020-12-08,2013,1,berkeley_vrod
GS1298,Caruquia 9.76 MW hydroelectric project Pre-CDM VERs,GOLD,No,Listed,Renewable Energy,Hydropower,Reduction,AMS-I.D. Grid connected renewable electricity generation,,Latin America and the Caribbean,Colombia,,,ALLCOT AG,0,0,0,0,0,0,0,,0,0,0,0,0,0,0,0,0,0,0,0,0,0,0,0,0,0,0,0,0,0,0,0,0,0,0,0,0,0,0,0,0,0,0,0,0,0,0,0,0,0,0,0,0,0,0,0,0,0,0,0,0,0,0,0,0,0,0,0,0,0,0,0,0,0,0,0,0,0,0,0,0,0,0,0,0,0,0,0,0,0,0,0,0,0,0,0,0,0,0,0,0,0,,,,,20127.0,0,GOLD,,,,Standalone,,,,"Small, Low - Impact Hydro",https://registry.goldstandard.org/projects?q=GS1298,,0,0,0,0,0,0,0,0,0,0,0,0,0,0,0,0,0,0,0,0,0,0,0,0,0,0,0,0,0,0,0,"The Caruquia hydroelectric project is a small run-of-river   renewable small hydroelectric plant with a total  installed capacity of 9,76 MW, located at the left margin of   the Guadalupe River in the municipality of  Santa Rosa de Osos, Department of Antioquia. The energy   generated will be sold to the National  Interconnected System of Colombia.",,,2020-12-08,0,1,berkeley_vrod
GS1373,Caruquia 9.76 MW hydroelectric project,GOLD,No,Listed,Renewable Energy,Hydropower,Reduction,AMS-I.D. Grid connected renewable electricity generation,,Latin America and the Caribbean,Colombia,,,ALLCOT AG,0,0,0,0,0,0,0,,0,0,0,0,0,0,0,0,0,0,0,0,0,0,0,0,0,0,0,0,0,0,0,0,0,0,0,0,0,0,0,0,0,0,0,0,0,0,0,0,0,0,0,0,0,0,0,0,0,0,0,0,0,0,0,0,0,0,0,0,0,0,0,0,0,0,0,0,0,0,0,0,0,0,0,0,0,0,0,0,0,0,0,0,0,0,0,0,0,0,0,0,0,0,,,,,20127.0,0,GOLD,,,,Standalone,,,,"Small, Low - Impact Hydro",https://registry.goldstandard.org/projects?q=GS1373,,0,0,0,0,0,0,0,0,0,0,0,0,0,0,0,0,0,0,0,0,0,0,0,0,0,0,0,0,0,0,0,"The Caruquia hydroelectric project is a small run-of-river   renewable small hydroelectric plant with a total  installed capacity of 9,76 MW, located at the left margin of   the Guadalupe River in the municipality of  Santa Rosa de Osos, Department of Antioquia. The energy   generated will be sold to the National  Interconnected System of Colombia.",,,2020-12-08,0,1,berkeley_vrod
GS3025,Conservation and reforestation of degraded areas in Barbosa Colombia,GOLD,No,Gold Standard Certified Project,Forestry & Land Use,Afforestation/Reforestation,Impermanent Removal,GS Methodology for Afforestation/Reforestation GHG Emissions Reduction and Sequestration,,Latin America and the Caribbean,Colombia,,,Deactivated Projects,0,0,0,0,0,0,0,,0,0,0,0,0,0,0,0,0,0,0,0,0,0,0,0,0,0,0,0,0,0,0,0,0,0,0,0,0,0,0,0,0,0,0,0,0,0,0,0,0,0,0,0,0,0,0,0,0,0,0,0,0,0,0,0,0,0,0,0,0,0,0,0,0,0,0,0,0,0,0,0,0,0,0,0,0,0,0,0,0,0,0,0,0,0,0,0,0,0,0,0,0,0,,,,,10446.0,70773,GOLD,,,,Standalone,,,Emission Removal,A/R,https://registry.goldstandard.org/projects?q=GS3025,,0,0,0,0,0,0,0,0,0,0,0,0,0,0,0,0,0,0,0,0,0,0,0,0,0,0,0,0,0,0,0,"The Project establishes a reforestation of native and non-native tree species in the municipality of Barbosa-Antioquia. The species were selected taking into account their adaptability, ecologic characteristics, and their economic importance for the region. The project attempts to the reforestation of 98, 59 hectares of which 59,39 have been already planted and the remaining 30 ha will be reforested by the first half of the year 2014. 79 hectares of the project will be covered mainly by Pinus oocarpa and Pinus maximinioi and by native species including Guadua angustifolia, Retrophyllum rospigliosii, and Persea caerulea. Additionally The project attempts to the establishment of 14,7 has of Eucalytus grandis",,,2020-12-08,0,1,berkeley_vrod
GS3349,Programme of Activities for the Development and Promotion of Renewable Energy,GOLD,No,Listed,Renewable Energy,Hydropower,Reduction,,,Latin America and the Caribbean,Colombia,,,CAEMA,0,0,0,0,0,0,0,,0,0,0,0,0,0,0,0,0,0,0,0,0,0,0,0,0,0,0,0,0,0,0,0,0,0,0,0,0,0,0,0,0,0,0,0,0,0,0,0,0,0,0,0,0,0,0,0,0,0,0,0,0,0,0,0,0,0,0,0,0,0,0,0,0,0,0,0,0,0,0,0,0,0,0,0,0,0,0,0,0,0,0,0,0,0,0,0,0,0,0,0,0,0,,,,,61539.0,0,GOLD,,,3349,POA,,,,"Small, Low - Impact Hydro",https://registry.goldstandard.org/projects?q=GS3349,,0,0,0,0,0,0,0,0,0,0,0,0,0,0,0,0,0,0,0,0,0,0,0,0,0,0,0,0,0,0,0,"The purpose of this programme of activities is to invest in and create new clean energy projects that reduce Colombia`s CO2 emissions as well as promoting the culture of clean energy in various municipalities in Colombia. This PoA has been created by GEN+, a company which generates and promotes clean energy.",,,2021-11-24,0,1,berkeley_vrod
GS3375,GEN+: Alejandría Small Hydropower (SHP) Run-of-the-River CDM Project Bundle,GOLD,No,Listed,Renewable Energy,Hydropower,Reduction,,,Latin America and the Caribbean,Colombia,,,CAEMA,0,0,0,0,0,0,0,,0,0,0,0,0,0,0,0,0,0,0,0,0,0,0,0,0,0,0,0,0,0,0,0,0,0,0,0,0,0,0,0,0,0,0,0,0,0,0,0,0,0,0,0,0,0,0,0,0,0,0,0,0,0,0,0,0,0,0,0,0,0,0,0,0,0,0,0,0,0,0,0,0,0,0,0,0,0,0,0,0,0,0,0,0,0,0,0,0,0,0,0,0,0,,,,,34153.0,0,GOLD,,,3349,VPA,,,,"Small, Low - Impact Hydro",https://registry.goldstandard.org/projects?q=GS3375,,0,0,0,0,0,0,0,0,0,0,0,0,0,0,0,0,0,0,0,0,0,0,0,0,0,0,0,0,0,0,0,"Run-of-the-River CDM Project is a greenfield project carried out in the Department of Antioquia, Colombia, to be built and operated by GEN+. It consists of a Run-of-the-River Small Hydroelectric Power (""SHP"") Plant with an installed capacity of 15MW feeding the National Electricity Grid with approximately 97.52 GWh/year.",,,2020-12-08,0,1,berkeley_vrod
GS3510,Fundacion Natura Cookstove POA,GOLD,No,Gold Standard Certified Design,Household & Community,Cookstoves,Reduction,GS TPDDTEC Reduced emissions from cooking and heating – technologies and practices to displace decentralized thermal energy consumption,v 1.,Latin America and the Caribbean,Colombia,,,Fundación Natura Colombia,0,0,0,0,0,0,0,,0,0,0,0,0,0,0,0,0,0,0,0,0,0,0,0,0,0,0,0,0,0,0,0,0,0,0,0,0,0,0,0,0,0,0,0,0,0,0,0,0,0,0,0,0,0,0,0,0,0,0,0,0,0,0,0,0,0,0,0,0,0,0,0,0,0,0,0,0,0,0,0,0,0,0,0,0,0,0,0,0,0,0,0,0,0,0,0,0,0,0,0,0,0,,,,,0.0,0,GOLD,,,3510,POA,,,,Energy Efficiency - Domestic,https://registry.goldstandard.org/projects?q=GS3510,,0,0,0,0,0,0,0,0,0,0,0,0,0,0,0,0,0,0,0,0,0,0,0,0,0,0,0,0,0,0,0,This Program of Activities aims for reducing the consumption of firewood by constructing and installing efficient cooking stoves in rural communities of the Country of Colombia.,,,2020-12-08,0,1,berkeley_vrod
GS3565,Vegachi ecological restoration of degraded lands,GOLD,No,Gold Standard Certified Design,Forestry & Land Use,Afforestation/Reforestation,Impermanent Removal,,,Latin America and the Caribbean,Colombia,,,South Pole Ltd SCV,0,0,0,0,0,0,0,,0,0,0,0,0,0,0,0,0,0,0,0,0,0,0,0,0,0,0,0,0,0,0,0,0,0,0,0,0,0,0,0,0,0,0,0,0,0,0,0,0,0,0,0,0,0,0,0,0,0,0,0,0,0,0,0,0,0,0,0,0,0,0,0,0,0,0,0,0,0,0,0,0,0,0,0,0,0,0,0,0,0,0,0,0,0,0,0,0,0,0,0,0,0,,,,,53654.0,169264,GOLD,,,,Standalone,,,Emission Removal,A/R,https://registry.goldstandard.org/projects?q=GS3565,,0,0,0,0,0,0,0,0,0,0,0,0,0,0,0,0,0,0,0,0,0,0,0,0,0,0,0,0,0,0,0,"The project areas are located in the municipality of Vegachi in Antioquia department . Antioquia is located in the central northwestern part of Colombia bordering with the Caribbean Sea. Most of its territory is mountainous with some valleys, much of which is part of the Andes mountain range. The project is owned by Reforestadora San José Ltda. The project area consists of 800 ha. 207 ha have been planted between 2007 and 2008 with native species: Cedrela odorata, Cordia gerascantus, Swietenia macrhophylla, Tabebuia rosea. In addition 593 ha will be planted between 2012 and 2013 in the municipality of Tierralta in Cordoba department. This additional areas are in process to be purchased. Cordoba department is located to the north of this country in the Colombian Caribbean Region. Córdoba faces to the north with the Caribbean sea, to the northeast with the Sucre Department, east with the Bolívar Department and south with the Antioquia Department",,,2020-12-08,0,1,berkeley_vrod
GS3708,GS3510 Fundacion Natura Cookstove PoA_Satander,GOLD,No,Gold Standard Certified Design,Household & Community,Cookstoves,Reduction,GS TPDDTEC Reduced emissions from cooking and heating – technologies and practices to displace decentralized thermal energy consumption,v 2.,Latin America and the Caribbean,Colombia,,,Fundación Natura Colombia,0,0,0,0,0,0,0,,0,0,0,0,0,0,0,0,0,0,0,0,0,0,0,0,0,0,0,0,0,0,0,0,0,0,0,0,0,0,0,0,0,0,0,0,0,0,0,0,0,0,0,0,0,0,0,0,0,0,0,0,0,0,0,0,0,0,0,0,0,0,0,0,0,0,0,0,0,0,0,0,0,0,0,0,0,0,0,0,0,0,0,0,0,0,0,0,0,0,0,0,0,0,,,,,8624.0,0,GOLD,,,3708,POA,,,,Energy Efficiency - Domestic,https://registry.goldstandard.org/projects?q=GS3708,,0,0,0,0,0,0,0,0,0,0,0,0,0,0,0,0,0,0,0,0,0,0,0,0,0,0,0,0,0,0,0,1st CPA,,,2020-12-08,0,1,berkeley_vrod
GS3932,Guanaquitas 9.74 MW hydroelectric project,GOLD,No,Listed,Renewable Energy,Hydropower,Reduction,AMS-I.D. Grid connected renewable electricity generation,,Latin America and the Caribbean,Colombia,,,ALLCOT AG,0,0,0,0,0,0,0,,0,0,0,0,0,0,0,0,0,0,0,0,0,0,0,0,0,0,0,0,0,0,0,0,0,0,0,0,0,0,0,0,0,0,0,0,0,0,0,0,0,0,0,0,0,0,0,0,0,0,0,0,0,0,0,0,0,0,0,0,0,0,0,0,0,0,0,0,0,0,0,0,0,0,0,0,0,0,0,0,0,0,0,0,0,0,0,0,0,0,0,0,0,0,,,,,20149.0,0,GOLD,,,,Standalone,,,,"Small, Low - Impact Hydro",https://registry.goldstandard.org/projects?q=GS3932,,0,0,0,0,0,0,0,0,0,0,0,0,0,0,0,0,0,0,0,0,0,0,0,0,0,0,0,0,0,0,0,"The Guanaquitas hydroelectric project is a small run-of-river renewable small hydroelectric plant with a total installed capacity of 9,74 MW, located at the left margin of the Guadalupe River in the jurisdiction of the municipalities of Santa Rosa de Osos and Gomez Plata, Department of Antioquia. The energygenerated will be sold to the National Interconnected System of Colombia.",,,2020-12-08,0,1,berkeley_vrod
GS4221,Vichada Climate Reforestation Project (PAZ),GOLD,No,Gold Standard Certified Project,Forestry & Land Use,Afforestation/Reforestation,Impermanent Removal,,,Latin America and the Caribbean,Colombia,,,FORLIANCE,2274759,1198265,1076494,407038,0,0,0,2007.0,0,0,0,0,0,0,0,0,0,0,0,287,1962,5653,20408,44707,66006,81791,104673,0,0,86811,180962,344671,389306,388242,324415,140765,94100,0,0,0,0,0,0,0,0,0,0,0,0,0,0,0,0,0,0,0,0,0,0,0,7838,234339,61531,20235,148841,113015,75849,220787,292568,23262,0,0,0,0,0,0,0,0,0,0,0,0,58,393,1132,1665,2344,2789,3557,5242,0,0,17389,48421,120919,151496,318565,172896,135765,93863,0,0,,,,,1.0,0,GOLD,,,,Standalone,,,Emission Removal,A/R,https://registry.goldstandard.org/projects?q=GS4221,,0,0,0,0,0,0,0,0,0,0,0,0,0,0,0,0,0,0,0,0,0,120152,205335,0,510331,0,0,0,1168981,269960,0,"The climate project is located in the Orinoco Department in Colombia and the main activity is reforestation. The objective of the project is the creation of close to nature forests with the main goal of producing high quality hardwoods combined with carbon sequestration, while stabilizing and restoring fragile and degraded areas in an economically, socially, and ecologically viable way. Overall, the climate project objectives are the establishment of profitable production- and conservation systems, enabling the enterprise to work in a beneficial way, with the complement of sustainable investment opportunities.",,,2020-12-08,2007,1,berkeley_vrod
GS4822,Barroso 20MW hydroelectric project,GOLD,No,Gold Standard Certified Project,Renewable Energy,Hydropower,Reduction,,,Latin America and the Caribbean,Colombia,,,ISAGEN S.A. E.S.P.,224498,51889,172609,0,0,0,0,2018.0,0,0,0,0,0,0,0,0,0,0,0,0,0,0,0,0,0,0,0,0,0,0,35143,60378,72951,56026,0,0,0,0,0,0,0,0,0,0,0,0,0,0,0,0,0,0,0,0,0,0,0,0,0,0,0,0,0,0,0,0,1507,36989,13259,134,0,0,0,0,0,0,0,0,0,0,0,0,0,0,0,0,0,0,0,0,0,0,0,4682,55330,60896,51701,0,0,0,0,0,,,,,51535.0,0,GOLD,,,,Standalone,,,Emission Reduction; CORSIA Pilot Phase,"Small, Low - Impact Hydro",https://registry.goldstandard.org/projects?q=GS4822,,0,0,0,0,0,0,0,0,0,0,0,0,0,0,0,0,0,0,0,0,0,0,0,0,0,0,176191,48307,0,0,0,"Barroso hydroelectric project is a run-of-river renewable small hydroelectric plant located at the left margin of the Barroso River in the municipality of Salgar, Department of Antioquia, with an effective power generation capacity of 18.69 MW and a predicted supply of 131.24 GWh per year to feed the National Interconnected System of Colombia.",,,2020-12-08,2018,1,berkeley_vrod
GS10829,San Juan de Pasto Clean Project,GOLD,No,Listed,Industrial & Commercial,Fuel Switching,Reduction,AMS-I.E. Switch from non-renewable biomass for thermal applications by the user,,Latin America and the Caribbean,Colombia,,,Sustainable Carbon - Projetos Ambientais LTDA,0,0,0,0,0,0,0,,0,0,0,0,0,0,0,0,0,0,0,0,0,0,0,0,0,0,0,0,0,0,0,0,0,0,0,0,0,0,0,0,0,0,0,0,0,0,0,0,0,0,0,0,0,0,0,0,0,0,0,0,0,0,0,0,0,0,0,0,0,0,0,0,0,0,0,0,0,0,0,0,0,0,0,0,0,0,0,0,0,0,0,0,0,0,0,0,0,0,0,0,0,0,,,,,3788.0,0,GOLD,,,,Standalone,,,,"Biomass, or Liquid Biofuel - Heat",https://registry.goldstandard.org/projects?q=GS10829,,0,0,0,0,0,0,0,0,0,0,0,0,0,0,0,0,0,0,0,0,0,0,0,0,0,0,0,0,0,0,0,"The project consists of a ceramic factory located in Nariño, Colombia. The fuel utilized to burn and dry the ceramic pieces in the baseline scenario was non-renewable firewood, without management plan, which is a common practice in the region. The project activity reduces greenhouse gases (GHG) emissions through the substitution of non renewable firewood for renewable biomasses to generate thermal energy for the kilns.",,,2020-12-08,0,1,berkeley_vrod
GS12186,BaumInvest Flor Morado Reforestation Project Veraneo,GOLD,No,Gold Standard Certified Design,Forestry & Land Use,Afforestation/Reforestation,Impermanent Removal,,,Latin America and the Caribbean,Colombia,,,BaumInvest AG,0,0,0,0,0,0,0,,0,0,0,0,0,0,0,0,0,0,0,0,0,0,0,0,0,0,0,0,0,0,0,0,0,0,0,0,0,0,0,0,0,0,0,0,0,0,0,0,0,0,0,0,0,0,0,0,0,0,0,0,0,0,0,0,0,0,0,0,0,0,0,0,0,0,0,0,0,0,0,0,0,0,0,0,0,0,0,0,0,0,0,0,0,0,0,0,0,0,0,0,0,0,,,,,24289.0,96160,GOLD,,,11707,VPA,,,Emission Removal,A/R,https://registry.goldstandard.org/projects?q=GS12186,,0,0,0,0,0,0,0,0,0,0,0,0,0,0,0,0,0,0,0,0,0,0,0,0,0,0,0,0,0,0,0,"The ""BaumInvest Flor Morado Reforestation Project Veraneo"" is the first of the several voluntary project activities (VPA) in Colombia to be included in the broader framework of the Programme of Activities (PoA) ""BaumInvest Forest Landscape Restoration Programme"" (GS11707).
The ""BaumInvest Flor Morado Veraneo Reforestation Project"" aims to ecologically restore 1,069 hectares of forest on former cattle pastures located in the department of Vichada in the Orinoquia region, in the municipality of Cumaribo (Colombia).
The main objectives of the ""BaumInvest Flor Morado Reforestation Project Veraneo"" are to:

- mitigate climate change through long-term carbon sequestration through planted trees and regeneration of secondary forests.

contribute to sustainable socio-economic development and poverty reduction through long-term employment in the remote, rural, and poorly developed eastern plains of Colombia.

protect biodiversity by conserving natural habitats and improving habitat connectivity.",,,2023-11-01,0,1,berkeley_vrod
GS12234,Kardianuts Biochar Production in Colombia,GOLD,No,Listed,Waste Management,Biochar,Impermanent Removal,Not provided,,Latin America and the Caribbean,Colombia,,,First Climate (Switzerland) AG,0,0,0,0,0,0,0,,0,0,0,0,0,0,0,0,0,0,0,0,0,0,0,0,0,0,0,0,0,0,0,0,0,0,0,0,0,0,0,0,0,0,0,0,0,0,0,0,0,0,0,0,0,0,0,0,0,0,0,0,0,0,0,0,0,0,0,0,0,0,0,0,0,0,0,0,0,0,0,0,0,0,0,0,0,0,0,0,0,0,0,0,0,0,0,0,0,0,0,0,0,0,,,,,369.0,0,GOLD,,,,Standalone,,,,Other,https://registry.goldstandard.org/projects?q=GS12234,,0,0,0,0,0,0,0,0,0,0,0,0,0,0,0,0,0,0,0,0,0,0,0,0,0,0,0,0,0,0,0,"Conversion of cashew husk (biomass residues) into biochar to generate a permanent carbon sink through soil application (SDG 13), regenerate farmland (SDG 2) and create jobs in the local community (SDG 8).",,,2023-11-01,0,1,berkeley_vrod
GS12322,GS 12204 - VPA 1 Sistema.bio Global Carbon Program,GOLD,No,Listed,Agriculture,Manure Methane Digester,Reduction,GS methodology for Manure Management Systems and Municipal Solid Waste,,Latin America and the Caribbean,Colombia,,,Sistema.bio Inc.,0,0,0,0,0,0,0,,0,0,0,0,0,0,0,0,0,0,0,0,0,0,0,0,0,0,0,0,0,0,0,0,0,0,0,0,0,0,0,0,0,0,0,0,0,0,0,0,0,0,0,0,0,0,0,0,0,0,0,0,0,0,0,0,0,0,0,0,0,0,0,0,0,0,0,0,0,0,0,0,0,0,0,0,0,0,0,0,0,0,0,0,0,0,0,0,0,0,0,0,0,0,,,,,100000.0,0,GOLD,,,12204,No POA,,,,Biogas - Heat,https://registry.goldstandard.org/projects?q=GS12322,,0,0,0,0,0,0,0,0,0,0,0,0,0,0,0,0,0,0,0,0,0,0,0,0,0,0,0,0,0,0,0,"Sistema.bio is a social enterprise that provides access to innovative biodigester technology, training and financing to address the challenges of poverty, food security, and climate change. Sistema.bio manufactures and distributes high-quality, affordable biodigesters that enable farmers around the world to convert waste into energy and fertilizer. By providing repayment plans and comprehensive monitoring services, Sistema.bio works with farmers to ensure they become more sustainable, independent, and productive while mitigating the carbon emissions generated by agricultural activities. These projects will provide a wide range of social, economic and environmental benefits for families and communities through the installation of biodigesters. 

The project includes 7 sizes  of biodigesters to adjust to the different types of farmers. The project will focus on family farmers, especially farmers who typically use woodfuel or LPG for their energy needs both in the household and productive uses in the farm, and who currently do not manage the manure generated by their animals and have either solid or liquid storage practices for this.",,The project developer through v10 was Buen Manejo del Campo S.A de C.V,2023-11-01,0,1,berkeley_vrod
GS12384,BioGrow Energy,GOLD,No,Listed,Waste Management,Methane Recovery in Wastewater,Reduction,AMS-I.F. Renewable electricity generation for captive use and mini-grid,,Latin America and the Caribbean,Colombia,,,Carlo Vigna Taglianti,0,0,0,0,0,0,0,,0,0,0,0,0,0,0,0,0,0,0,0,0,0,0,0,0,0,0,0,0,0,0,0,0,0,0,0,0,0,0,0,0,0,0,0,0,0,0,0,0,0,0,0,0,0,0,0,0,0,0,0,0,0,0,0,0,0,0,0,0,0,0,0,0,0,0,0,0,0,0,0,0,0,0,0,0,0,0,0,0,0,0,0,0,0,0,0,0,0,0,0,0,0,,,,,10000.0,0,GOLD,,,,Standalone,,,,Energy Efficiency - Agriculture Sector,https://registry.goldstandard.org/projects?q=GS12384,,0,0,0,0,0,0,0,0,0,0,0,0,0,0,0,0,0,0,0,0,0,0,0,0,0,0,0,0,0,0,0,"BioGrow Energy is an emissions reduction project located in the municipality of Mapiripán, department of Meta, Colombia. The project aims to certify carbon credits and contribute to climate change mitigation through the recovery of methane in the wastewater treatment of the productive process of palm oil extraction from a 7,000-hectare plantation and the subsequent use of biogas for energy generation. The methane recovery and energy generation will be done through the construction and operation of a wastewater treatment plant with biodigesters, open lagoons and power generators with a capacity of 528 m3 of wastewater per day.

The project will generate CH4 and CO2 emissions reduction, considering the baseline scenario of the projects was a not well treated or overloaded wastewater management system and use of diesel for energy generation, where CH4 and CO2 emissions were produced.",,,2023-12-31,0,1,berkeley_vrod
GS12634,Sistema.bio Colombia Carbon Program: Waste management clean energy and regenerative agriculture on family farms,GOLD,No,Gold Standard Certified Design,Agriculture,Manure Methane Digester,Reduction,,,Latin America and the Caribbean,Colombia,,,SISTEMA.BIO INC.,0,0,0,0,0,0,0,,0,0,0,0,0,0,0,0,0,0,0,0,0,0,0,0,0,0,0,0,0,0,0,0,0,0,0,0,0,0,0,0,0,0,0,0,0,0,0,0,0,0,0,0,0,0,0,0,0,0,0,0,0,0,0,0,0,0,0,0,0,0,0,0,0,0,0,0,0,0,0,0,0,0,0,0,0,0,0,0,0,0,0,0,0,0,0,0,0,0,0,0,0,0,,,,,96000.0,0,GOLD,,,12634,POA,,,,Biogas - Heat,https://registry.goldstandard.org/projects?q=GS12634,,0,0,0,0,0,0,0,0,0,0,0,0,0,0,0,0,0,0,0,0,0,0,0,0,0,0,0,0,0,0,0,"Sistema.bio is a social enterprise that provides access to innovative biodigester technology, training and financing to address the challenges of poverty, food security, and climate change around the world. Sistema.bio manufactures and distributes high-quality, affordable biodigesters that enable farmers around the world to convert waste into energy and fertilizer. Sistema.bio works with farmers to ensure they become more sustainable, independent, and productive while mitigating the carbon emissions generated by agricultural activities. This program will provide a wide range of social, economic and environmental benefits for families and communities in Colombia through the installation of biodigesters. The program includes 7 sizes of biodigesters to adjust to the different types of farmers. The program will focus on smallholder dairy farmers, especially farmers who typically use woodfuel, charcoal or LPG for their energy needs both in the household and productive uses in the farm, and who currently do not manage the manure generated by their animals and have either solid or liquid storage practices for this. The program will be implemented Colombia.",,,2024-08-31,0,1,berkeley_vrod
GS12635,Sistema.bio Colomabian Carbon Program: Biodigesters in Colombia 2024-25,GOLD,No,Gold Standard Certified Design,Agriculture,Manure Methane Digester,Reduction,,,Latin America and the Caribbean,Colombia,,,SISTEMA.BIO INC.,0,0,0,0,0,0,0,,0,0,0,0,0,0,0,0,0,0,0,0,0,0,0,0,0,0,0,0,0,0,0,0,0,0,0,0,0,0,0,0,0,0,0,0,0,0,0,0,0,0,0,0,0,0,0,0,0,0,0,0,0,0,0,0,0,0,0,0,0,0,0,0,0,0,0,0,0,0,0,0,0,0,0,0,0,0,0,0,0,0,0,0,0,0,0,0,0,0,0,0,0,0,,,,,96000.0,0,GOLD,,,12634,VPA,,,,Biogas - Heat,https://registry.goldstandard.org/projects?q=GS12635,,0,0,0,0,0,0,0,0,0,0,0,0,0,0,0,0,0,0,0,0,0,0,0,0,0,0,0,0,0,0,0,"Sistema.bio is a social enterprise that provides access to innovative biodigester technology, training and financing to address the challenges of poverty, food security, and climate change around the world. Sistema.bio manufactures and distributes high-quality, affordable biodigesters that enable farmers around the world to convert waste into energy and fertilizer. Sistema.bio works with farmers to ensure they become more sustainable, independent, and productive while mitigating the carbon emissions generated by agricultural activities. This project will provide a wide range of social, economic and environmental benefits for families and communities around the world through the installation of biodigesters. The project includes 7 sizes of biodigesters to adjust to the different types of farmers. The project will focus on smallholder dairy farmers, especially farmers who typically use woodfuel, charcoal or LPG for their energy needs both in the household and productive uses in the farm, and who currently do not manage the manure generated by their animals and have either solid or liquid storage practices for this. The project will be implemented in Colombia and installs approximately 3000 units in 2024 and 2025.",,,2024-08-31,0,1,berkeley_vrod
GS12696,Conservación de la selva de Guainía,GOLD,No,Listed,Forestry & Land Use,Afforestation/Reforestation,Impermanent Removal,,,Latin America and the Caribbean,Colombia,,,Comunidades Sostenibles S.A.S.,0,0,0,0,0,0,0,,0,0,0,0,0,0,0,0,0,0,0,0,0,0,0,0,0,0,0,0,0,0,0,0,0,0,0,0,0,0,0,0,0,0,0,0,0,0,0,0,0,0,0,0,0,0,0,0,0,0,0,0,0,0,0,0,0,0,0,0,0,0,0,0,0,0,0,0,0,0,0,0,0,0,0,0,0,0,0,0,0,0,0,0,0,0,0,0,0,0,0,0,0,0,,,,,85610.0,0,GOLD,,,,Standalone,,,,A/R,https://registry.goldstandard.org/projects?q=GS12696,,0,0,0,0,0,0,0,0,0,0,0,0,0,0,0,0,0,0,0,0,0,0,0,0,0,0,0,0,0,0,0,"El proyecto ""Conservación de la selva de Guainía"" tiene como horizonte fortalecer el tejido social de las comunidades de los resguardos indígenas ""Caranacoa Yuri Laguna Morocoto"" y ""Bachaco Buenavista"" a través de acciones de conservación y plantación de especies forestales nativas de la selva amazónica colombiana con la finalidad de aumentar las coberturas de bosque presentes al interior de los resguardos a la par de fortalecer la estructura productiva de de las comunidades con la plantación de árboles frutales, lo cual posibilita un mejor desarrollo entorno a la conservación del bosque a través de la restauración activa y productiva (manejo agroforestal). El proyecto se establece en una superficie superior a las 18 000 hectáreas de las cuales cerca de 4 000 hectáreas, distribuido en las 7 comunidades participantes, se proyecta como área elegible para ejecutar las acciones de plantación, esperando una captura promedio anual de más de 100 000 ton CO2. La iniciativa de ""Conservación de la selva de Guainía"" busca impactar 9 de los 17 objetivos de desarrollo sostenible en donde se trabaja de manera mancomunada con cada una de las comunidades participantes en identificar, organizar y ejecutar cada una de las visuales a nivel  social ambiental y de desarrollo que esta iniciativa impactará.",,,2025-02-28,0,1,berkeley_vrod
GS12926,BaumInvest Flor Morado Reforestation Project Punta Hermosa & Moriche Solo,GOLD,No,Gold Standard Certified Design,Forestry & Land Use,Afforestation/Reforestation,Impermanent Removal,,,Latin America and the Caribbean,Colombia,,,BaumInvest AG,0,0,0,0,0,0,0,,0,0,0,0,0,0,0,0,0,0,0,0,0,0,0,0,0,0,0,0,0,0,0,0,0,0,0,0,0,0,0,0,0,0,0,0,0,0,0,0,0,0,0,0,0,0,0,0,0,0,0,0,0,0,0,0,0,0,0,0,0,0,0,0,0,0,0,0,0,0,0,0,0,0,0,0,0,0,0,0,0,0,0,0,0,0,0,0,0,0,0,0,0,0,,,,,57612.0,228817,GOLD,,,11707,VPA,,,,A/R,https://registry.goldstandard.org/projects?q=GS12926,,0,0,0,0,0,0,0,0,0,0,0,0,0,0,0,0,0,0,0,0,0,0,0,0,0,0,0,0,0,0,0,"The ""BaumInvest Flor Morado Reforestation Project Punta Hermosa & Moriche Solo "" is the second voluntary project activity (VPA) in Colombia that will be included into the broader framework of the Programme of Activities (PoA) ""BaumInvest Forest Landscape Restoration Programme"" (GS11707).

The ""BaumInvest Flor Morado Reforestation Project Punta Hermosa & Moriche Solo"" consists of the ecological restoration of 2,546 hectares of former cattle pastures, which are located in the department of Vichada, in the Orinoquia region, in the municipality of Cumaribo (Colombia).

The main objectives of the ""BaumInvest Flor Morado Reforestation Project Punta Hermosa & Moriche Solo"" are to:

•                    mitigate climate change through long-term carbon sequestration through planted trees and regeneration of secondary forests.

•                    contribute to sustainable socio-economic development and poverty reduction through long-term employment in in the remote, rural, and poorly developed eastern plains of Colombia.

•                    protect biodiversity by conserving natural habitats and improving habitat connectivity.",,,2024-10-31,0,1,berkeley_vrod
GS13100,Amazonia Nativa,GOLD,No,Listed,Forestry & Land Use,Afforestation/Reforestation,Impermanent Removal,,,Latin America and the Caribbean,Colombia,,,ACT Climate Solutions B.V.,0,0,0,0,0,0,0,,0,0,0,0,0,0,0,0,0,0,0,0,0,0,0,0,0,0,0,0,0,0,0,0,0,0,0,0,0,0,0,0,0,0,0,0,0,0,0,0,0,0,0,0,0,0,0,0,0,0,0,0,0,0,0,0,0,0,0,0,0,0,0,0,0,0,0,0,0,0,0,0,0,0,0,0,0,0,0,0,0,0,0,0,0,0,0,0,0,0,0,0,0,0,,,,,90058.0,0,GOLD,,,,Standalone,,,,A/R,https://registry.goldstandard.org/projects?q=GS13100,,0,0,0,0,0,0,0,0,0,0,0,0,0,0,0,0,0,0,0,0,0,0,0,0,0,0,0,0,0,0,0,"The Amazonia Nativa project seeks to create a new green cover with native species in a key region of Colombia through afforestation and reforestation efforts. The project will establish at least 7,500 hectares across 12 municipalities in the Southern Meta and Guaviare departments. The goal is to provide local stakeholders with sustainable land-use alternatives that offer equal or greater benefits compared to current practices. The project will adopt sustainable practices for managing planted native trees and açaí palms, such as Forest Sustainable Council. The project aims to pioneer the use of native species in large scale, creating timber products and açaí berries.

The project aims to increase the green forest cover in the Colombian Amazon and support the development of a sustainable wood value chain by planting native tree species on lands low-productivity degraded cattle ranching. 

Instead of a monocultural plantation, the project goes beyond common practice to produce sustainable wood by using a mix of native wood species, as well as açaí berries, removing on average 141,714 tCO2 annually. Selective low-impact logging will be employed instead of the clear-cutting harvesting.",,,2025-04-30,0,1,berkeley_vrod
GS23143,Renewable Energy and Biofertilizers from Waste in Colombia,GOLD,No,Listed,Renewable Energy,RE Bundled,Reduction,AMS-I.D. Grid connected renewable electricity generation,,Latin America and the Caribbean,Colombia,,,atmosfair gGmbH,0,0,0,0,0,0,0,,0,0,0,0,0,0,0,0,0,0,0,0,0,0,0,0,0,0,0,0,0,0,0,0,0,0,0,0,0,0,0,0,0,0,0,0,0,0,0,0,0,0,0,0,0,0,0,0,0,0,0,0,0,0,0,0,0,0,0,0,0,0,0,0,0,0,0,0,0,0,0,0,0,0,0,0,0,0,0,0,0,0,0,0,0,0,0,0,0,0,0,0,0,0,,,,,12000.0,0,GOLD,,,,Standalone,,,,"Biomass, or Liquid Biofuel - Cogeneration",https://registry.goldstandard.org/projects?q=GS23143,,0,0,0,0,0,0,0,0,0,0,0,0,0,0,0,0,0,0,0,0,0,0,0,0,0,0,0,0,0,0,0,The project shall consist of the construction and operation of several biogas facilities in the region of Valle del Cauca in southern Colombia. The facilities will convert organic waste and animal dung into biomethane and fertilizer by controlled anaerobic digestion. Methane generated during the digestion of the organic waste and manure will be captured and subsequently employed for the generation of renewable energy.,,,2025-04-30,0,1,berkeley_vrod
GS23178,BaumInvest Flor Saphira Reforestation Project El Capricho & La Catorce,GOLD,No,Gold Standard Certified Design,Forestry & Land Use,Afforestation/Reforestation,Impermanent Removal,GS Methodology for Afforestation/Reforestation GHG Emissions Reduction and Sequestration,,Latin America and the Caribbean,Colombia,,,BaumInvest AG,0,0,0,0,0,0,0,,0,0,0,0,0,0,0,0,0,0,0,0,0,0,0,0,0,0,0,0,0,0,0,0,0,0,0,0,0,0,0,0,0,0,0,0,0,0,0,0,0,0,0,0,0,0,0,0,0,0,0,0,0,0,0,0,0,0,0,0,0,0,0,0,0,0,0,0,0,0,0,0,0,0,0,0,0,0,0,0,0,0,0,0,0,0,0,0,0,0,0,0,0,0,,,,,0.0,224997,GOLD,,,11707,VPA,,,,A/R,https://registry.goldstandard.org/projects?q=GS23178,,0,0,0,0,0,0,0,0,0,0,0,0,0,0,0,0,0,0,0,0,0,0,0,0,0,0,0,0,0,0,0,"The ""BaumInvest Flor Saphira Reforestation Project El Capricho & La Catorce"" is the third Voluntary Project Activity (VPA) in Colombia incorporated into the Programme of Activities (PoA): BaumInvest Forest Landscape Restoration Programme (GS11707). The project focuses on ecological restoration of degraded cattle pastures in the Vichada department, Orinoquia region, municipality of Cumaribo, near the villages of El Capricho and La Catorce.

Key objectives include:

i) Climate change mitigation through long-term carbon sequestration via afforestation.
ii) Sustainable development and poverty alleviation by generating long-term employment in remote, economically underserved areas.
iii) Biodiversity conservation by preserving natural habitats and enhancing habitat connectivity.

This initiative integrates ecological, social, and economic dimensions to advance sustainable land use and restoration.",,,2025-08-31,0,1,berkeley_vrod
GS23254,Brújula Verde,GOLD,No,Listed,Forestry & Land Use,Afforestation/Reforestation,Impermanent Removal,GS Methodology for Afforestation/Reforestation GHG Emissions Reduction and Sequestration,,Latin America and the Caribbean,Colombia,,,Inverbosques S.A,0,0,0,0,0,0,0,,0,0,0,0,0,0,0,0,0,0,0,0,0,0,0,0,0,0,0,0,0,0,0,0,0,0,0,0,0,0,0,0,0,0,0,0,0,0,0,0,0,0,0,0,0,0,0,0,0,0,0,0,0,0,0,0,0,0,0,0,0,0,0,0,0,0,0,0,0,0,0,0,0,0,0,0,0,0,0,0,0,0,0,0,0,0,0,0,0,0,0,0,0,0,,,,,600000.0,0,GOLD,,,,Standalone,,,,A/R,https://registry.goldstandard.org/projects?q=GS23254,,0,0,0,0,0,0,0,0,0,0,0,0,0,0,0,0,0,0,0,0,0,0,0,0,0,0,0,0,0,0,0,"Brújula Verde, developed by Inverbosques, is a reforestation project that promotes Sustainable Forest Management in Vichada, Colombia with the objective of conserving biodiversity and reforesting degraded savannas.

The project focuses on the activities of planting, conserving and maintaining forest plantations of Eucalyptus pellita and native species.",,,2025-08-31,0,1,berkeley_vrod
GS23367,Carbono Vivo Marañón,GOLD,No,Listed,Forestry & Land Use,Afforestation/Reforestation,Impermanent Removal,,,Latin America and the Caribbean,Colombia,,,C-NEUTRAL SAS,0,0,0,0,0,0,0,,0,0,0,0,0,0,0,0,0,0,0,0,0,0,0,0,0,0,0,0,0,0,0,0,0,0,0,0,0,0,0,0,0,0,0,0,0,0,0,0,0,0,0,0,0,0,0,0,0,0,0,0,0,0,0,0,0,0,0,0,0,0,0,0,0,0,0,0,0,0,0,0,0,0,0,0,0,0,0,0,0,0,0,0,0,0,0,0,0,0,0,0,0,0,,,,,7424.0,0,GOLD,,,23367,POA,,,,A/R,https://registry.goldstandard.org/projects?q=GS23367,,0,0,0,0,0,0,0,0,0,0,0,0,0,0,0,0,0,0,0,0,0,0,0,0,0,0,0,0,0,0,0,"The Carbono Vivo Marañón Project is a long-term environmental and climate initiative that supports the transition to sustainable land use through the establishment of agroforestry systems based on cashew (Anacardium occidentale) in Colombia. Designed to generate social, environmental, and climate benefits, the PoA brings together producers, processors, marketers, and local communities across the value chain to promote rural development, biodiversity conservation, and carbon removal.",,,2025-08-31,0,1,berkeley_vrod
GS23368,Carbono Vivo Marañón KardiaNuts & Kashú,GOLD,No,Listed,Forestry & Land Use,Afforestation/Reforestation,Impermanent Removal,,,Latin America and the Caribbean,Colombia,,,C-NEUTRAL SAS,0,0,0,0,0,0,0,,0,0,0,0,0,0,0,0,0,0,0,0,0,0,0,0,0,0,0,0,0,0,0,0,0,0,0,0,0,0,0,0,0,0,0,0,0,0,0,0,0,0,0,0,0,0,0,0,0,0,0,0,0,0,0,0,0,0,0,0,0,0,0,0,0,0,0,0,0,0,0,0,0,0,0,0,0,0,0,0,0,0,0,0,0,0,0,0,0,0,0,0,0,0,,,,,7424.0,0,GOLD,,,23367,VPA,,,,A/R,https://registry.goldstandard.org/projects?q=GS23368,,0,0,0,0,0,0,0,0,0,0,0,0,0,0,0,0,0,0,0,0,0,0,0,0,0,0,0,0,0,0,0,"Carbono Vivo Marañón KardiaNuts & Kashú is the first real-case VPA under the PoA, implemented in the department of Vichada, Colombia. It operationalizes the PoA framework by establishing the first set of agroforestry systems with cashew in collaboration with local stakeholders. The VPA focuses on generating measurable climate impact through carbon sequestration, while contributing to local livelihoods and sustainable land management.",,,2025-08-31,0,1,berkeley_vrod
VCS386,La Cascada 2.3 MW Hydroelectric Project,VCS,No,Late to verify,Renewable Energy,Hydropower,Reduction,ACM0002 Grid-connected electricity generation from renewable sources,,Latin America and the Caribbean,Colombia,,,Prestadora de Servicios Públicos La Cascada SA ESP,3689,3689,0,0,0,0,0,2007.0,0,0,0,0,0,0,0,0,0,0,0,2810,364,0,0,0,0,0,0,0,0,0,515,0,0,0,0,0,0,0,0,0,0,0,0,0,0,0,0,0,0,0,0,0,0,2085,725,364,0,0,0,0,0,0,0,0,0,0,0,515,0,0,0,0,0,0,0,0,0,0,0,0,0,0,0,0,0,0,0,0,0,0,0,0,0,0,0,0,0,0,0,0,0,0,,,,,5139.0,0,VCS,,,,,,2020-04-06,,Energy industries (renewable/non-renewable sources),https://registry.verra.org/app/projectDetail/VCS/386,,0,0,0,0,0,0,0,0,0,0,0,0,0,0,3174,0,0,0,0,0,0,0,0,515,0,0,0,0,0,0,0,,,,2020-12-08,2007,1,berkeley_vrod
VCS479,Curva de Rodas and La Pradera landfill gas management project,VCS,No,Late to verify,Waste Management,Landfill Methane,Reduction,ACM0001 Flaring or use of landfill gas,,Latin America and the Caribbean,Colombia,,,Green Gas Colombia,19722,19722,0,0,0,0,0,2009.0,0,0,0,0,0,0,0,0,0,0,0,0,0,19722,0,0,0,0,0,0,0,0,0,0,0,0,0,0,0,0,0,0,0,0,0,0,0,0,0,0,0,0,0,0,0,612,1102,5592,12276,104,0,0,0,0,0,36,0,0,0,0,0,0,0,0,0,0,0,0,0,0,0,0,0,0,0,0,0,0,0,0,0,0,0,0,0,0,0,0,0,0,0,0,0,0,,,,,167321.0,0,VCS,,,,,,2020-04-06,,Waste handling and disposal,https://registry.verra.org/app/projectDetail/VCS/479,,0,0,0,0,0,0,0,0,0,0,0,0,0,0,19722,0,0,0,0,0,0,0,0,0,0,0,0,0,0,0,0,,,,2020-12-08,2009,1,berkeley_vrod
VCS491,"Bionersis landfill project in Pasto, Colombia",VCS,No,Late to verify,Waste Management,Landfill Methane,Reduction,,,Latin America and the Caribbean,Colombia,,,Bionersis S.A.,0,0,0,0,0,0,0,,0,0,0,0,0,0,0,0,0,0,0,0,0,0,0,0,0,0,0,0,0,0,0,0,0,0,0,0,0,0,0,0,0,0,0,0,0,0,0,0,0,0,0,0,0,0,0,0,0,0,0,0,0,0,0,0,0,0,0,0,0,0,0,0,0,0,0,0,0,0,0,0,0,0,0,0,0,0,0,0,0,0,0,0,0,0,0,0,0,0,0,0,0,0,,,,,24905.0,0,VCS,,,,,,2020-04-06,,Waste handling and disposal,https://registry.verra.org/app/projectDetail/VCS/491,,0,0,0,0,0,0,0,0,0,0,0,0,0,0,0,0,0,0,0,0,0,0,0,0,0,0,0,0,0,0,0,,,,2020-12-08,0,1,berkeley_vrod
VCS576,"Restoration of degraded areas and reforestation in Cáceres and Cravo Norte, Colombia",VCS,No,Registered,Forestry & Land Use,Afforestation/Reforestation,Impermanent Removal,AR-AM0005 Afforestation and reforestation project activities implemented for industrial and/or commercial uses; AR-ACM0003 Afforestation and reforestation of lands except wetlands,,Latin America and the Caribbean,Colombia,,,Asorpar Ltd.,406850,398244,8606,136275,0,0,0,2002.0,0,0,0,0,0,0,7134,7134,7975,9625,16941,19455,20317,20160,20160,63909,63909,63909,46399,11378,11378,0,11378,0,0,5689,0,0,0,0,0,0,0,0,0,0,0,0,0,0,0,0,0,0,0,0,67285,46477,6591,4696,45849,21912,102381,41120,15733,1001,0,0,11666,4614,6772,22147,0,0,0,0,0,0,0,0,0,0,0,0,0,0,4,0,1263,6,258,94,0,0,0,2143,0,0,4838,0,0,0,0,0,,,,,80000.0,0,VCS,,,,,,2020-04-06,CCB-Silver,Agriculture Forestry and Other Land Use,https://registry.verra.org/app/projectDetail/VCS/576,,0,0,0,0,0,0,0,0,0,0,0,0,0,0,0,128901,0,0,0,234333,0,0,0,0,0,0,0,26549,5689,0,11378,,,,2020-12-08,2002,1,berkeley_vrod
VCS856,The Chocó-Darién Conservation Corridor REDD Project,VCS,No,Late to verify,Forestry & Land Use,REDD+,Reduction,VM0009 Methodology for Avoided Ecosystem Conversion,,Latin America and the Caribbean,Colombia,,,Anthrotect S.A.S.,435287,433623,1664,82913,0,0,0,2012.0,0,0,0,0,0,0,0,0,0,0,0,0,0,0,0,0,104577,0,0,0,0,330710,0,0,0,0,0,0,0,0,0,0,0,0,0,0,0,0,0,0,0,0,0,0,0,0,0,0,40759,42043,7995,4023,7848,233886,36066,23118,37113,772,0,0,0,0,0,0,0,0,0,0,0,0,0,0,0,0,0,0,0,0,0,1664,0,0,0,0,0,0,0,0,0,0,0,0,0,0,,,,,80938.0,0,VCS,,,,,,2020-04-06,CCB-Gold,Agriculture Forestry and Other Land Use,https://registry.verra.org/app/projectDetail/VCS/856,,0,0,0,0,0,0,0,0,0,0,0,0,0,0,0,0,0,104577,0,0,0,0,330710,0,0,0,0,0,0,0,0,,,,2020-12-08,2012,1,berkeley_vrod
VCS1065,HYDROELECTRIC PROJECT ITUANGO,VCS,No,Registered,Renewable Energy,Hydropower,Reduction,ACM0002 Grid-connected electricity generation from renewable sources,,Latin America and the Caribbean,Colombia,,,Empresas Públicas de Medellín E.S.P,0,0,0,0,0,0,0,,0,0,0,0,0,0,0,0,0,0,0,0,0,0,0,0,0,0,0,0,0,0,0,0,0,0,0,0,0,0,0,0,0,0,0,0,0,0,0,0,0,0,0,0,0,0,0,0,0,0,0,0,0,0,0,0,0,0,0,0,0,0,0,0,0,0,0,0,0,0,0,0,0,0,0,0,0,0,0,0,0,0,0,0,0,0,0,0,0,0,0,0,0,0,,,,,4383088.0,0,VCS,,,,,,2013-07-09,,Energy industries (renewable/non-renewable sources),https://registry.verra.org/app/projectDetail/VCS/1065,,0,0,0,0,0,0,0,0,0,0,0,0,0,0,0,0,0,0,0,0,0,0,0,0,0,0,0,0,0,0,0,,,,2020-12-08,0,1,berkeley_vrod
VCS1068,Hydroelectric Project El Edén,VCS,No,Registered,Renewable Energy,Hydropower,Reduction,ACM0002 Grid-connected electricity generation from renewable sources,,Latin America and the Caribbean,Colombia,,,PROELECTRICA S.A.S E.S.P,73110,64951,8159,0,0,0,0,2017.0,0,0,0,0,0,0,0,0,0,0,0,0,0,0,0,0,0,0,0,0,0,20515,24041,14762,13792,0,0,0,0,0,0,0,0,0,0,0,0,0,0,0,0,0,0,0,0,0,0,0,0,0,0,0,0,0,0,0,50685,2236,10542,151,1337,0,0,0,0,0,0,0,0,0,0,0,0,0,0,0,0,0,0,0,0,0,0,0,8103,0,56,0,0,0,0,0,0,0,,,,,39483.0,0,VCS,,,,,,2013-09-25,,Energy industries (renewable/non-renewable sources),https://registry.verra.org/app/projectDetail/VCS/1068,,0,0,0,0,0,0,0,0,0,0,0,0,0,0,0,0,0,0,0,0,0,0,0,0,0,73110,0,0,0,0,0,,,,2020-12-08,2017,1,berkeley_vrod
VCS1169,EPM Grouped Natural Gas Project,VCS,No,Under validation,Industrial & Commercial,Fuel Switching,Reduction,ACM0009 Fuel switching from coal or petroleum fuel to natural gas,,Latin America and the Caribbean,Colombia,,,Empresas Publicas de Medellin S.A,0,0,0,0,0,0,0,,0,0,0,0,0,0,0,0,0,0,0,0,0,0,0,0,0,0,0,0,0,0,0,0,0,0,0,0,0,0,0,0,0,0,0,0,0,0,0,0,0,0,0,0,0,0,0,0,0,0,0,0,0,0,0,0,0,0,0,0,0,0,0,0,0,0,0,0,0,0,0,0,0,0,0,0,0,0,0,0,0,0,0,0,0,0,0,0,0,0,0,0,0,0,,,,,6930.0,0,VCS,,,,,,,,Energy industries (renewable/non-renewable sources); Manufacturing industries,https://registry.verra.org/app/projectDetail/VCS/1169,,0,0,0,0,0,0,0,0,0,0,0,0,0,0,0,0,0,0,0,0,0,0,0,0,0,0,0,0,0,0,0,,,,2020-12-08,0,1,berkeley_vrod
VCS1173,San Andres Hydroelectric project,VCS,No,Withdrawn,Renewable Energy,Hydropower,Reduction,ACM0002 Grid-connected electricity generation from renewable sources,,Latin America and the Caribbean,Colombia,,,Celsia Colombia S.A. E.S.P.,0,0,0,0,0,0,0,,0,0,0,0,0,0,0,0,0,0,0,0,0,0,0,0,0,0,0,0,0,0,0,0,0,0,0,0,0,0,0,0,0,0,0,0,0,0,0,0,0,0,0,0,0,0,0,0,0,0,0,0,0,0,0,0,0,0,0,0,0,0,0,0,0,0,0,0,0,0,0,0,0,0,0,0,0,0,0,0,0,0,0,0,0,0,0,0,0,0,0,0,0,0,,,,,47317.0,0,VCS,,,,,,2020-04-06,,Energy industries (renewable/non-renewable sources),https://registry.verra.org/app/projectDetail/VCS/1173,,0,0,0,0,0,0,0,0,0,0,0,0,0,0,0,0,0,0,0,0,0,0,0,0,0,0,0,0,0,0,0,,,,2020-12-08,0,1,berkeley_vrod
VCS1206,Montanitas Hydroelectric Project,VCS,No,Registered,Renewable Energy,Hydropower,Reduction,ACM0002 Grid-connected electricity generation from renewable sources,,Latin America and the Caribbean,Colombia,,,Celsia Colombia S.A. E.S.P.,257975,257975,0,0,0,0,0,2012.0,0,0,0,0,0,0,0,0,0,0,0,0,0,0,0,0,21441,43250,43368,35719,35844,38874,39479,0,0,0,0,0,0,0,0,0,0,0,0,0,0,0,0,0,0,0,0,0,0,0,0,0,0,0,84915,0,0,0,0,173060,0,0,0,0,0,0,0,0,0,0,0,0,0,0,0,0,0,0,0,0,0,0,0,0,0,0,0,0,0,0,0,0,0,0,0,0,0,0,,,,,55851.0,0,VCS,,,,,,2020-04-06,,Energy industries (renewable/non-renewable sources),https://registry.verra.org/app/projectDetail/VCS/1206,,0,0,0,0,0,0,0,0,0,0,0,0,0,0,0,0,0,0,0,84915,0,0,0,173060,0,0,0,0,0,0,0,,,,2020-12-08,2012,1,berkeley_vrod
VCS1233,Reforestation with Rubber on degraded lands of Colombia,VCS,No,Withdrawn,Forestry & Land Use,Afforestation/Reforestation,Impermanent Removal,AR-ACM0003 Afforestation and reforestation of lands except wetlands,,Latin America and the Caribbean,Colombia,,,NACOBENA SAS,211765,207735,4030,23528,0,0,0,2012.0,0,0,0,0,0,0,0,0,0,0,0,0,0,0,0,0,4896,10895,8960,16595,41347,33077,40519,55476,0,0,0,0,0,0,0,0,0,0,0,0,0,0,0,0,0,0,0,0,0,0,0,0,0,0,0,0,0,0,0,41346,157718,8591,79,0,1,0,0,0,0,0,0,0,0,0,0,0,0,0,0,0,0,0,0,0,0,0,0,0,0,0,4030,0,0,0,0,0,0,0,,,,,38946.0,0,VCS,,,,,,2020-08-26,,Agriculture Forestry and Other Land Use,https://registry.verra.org/app/projectDetail/VCS/1233,,0,0,0,0,0,0,0,0,0,0,0,0,0,0,0,0,0,0,0,0,0,0,0,0,211765,0,0,0,0,0,0,,,,2020-12-08,2012,1,berkeley_vrod
VCS1235,Hydroelectric Project Cantayus,VCS,No,Under development,Renewable Energy,Hydropower,Reduction,ACM0002 Grid-connected electricity generation from renewable sources,,Latin America and the Caribbean,Colombia,,,Generadora Cantayus S.A.S. E.S.P.,0,0,0,0,0,0,0,,0,0,0,0,0,0,0,0,0,0,0,0,0,0,0,0,0,0,0,0,0,0,0,0,0,0,0,0,0,0,0,0,0,0,0,0,0,0,0,0,0,0,0,0,0,0,0,0,0,0,0,0,0,0,0,0,0,0,0,0,0,0,0,0,0,0,0,0,0,0,0,0,0,0,0,0,0,0,0,0,0,0,0,0,0,0,0,0,0,0,0,0,0,0,,,,,8003.0,0,VCS,,,,,,,,Energy industries (renewable/non-renewable sources),https://registry.verra.org/app/projectDetail/VCS/1235,,0,0,0,0,0,0,0,0,0,0,0,0,0,0,0,0,0,0,0,0,0,0,0,0,0,0,0,0,0,0,0,,,,2020-12-08,0,1,berkeley_vrod
VCS1364,Hydroelectric Project PCH Luzma,VCS,No,Registered,Renewable Energy,Hydropower,Reduction,ACM0002 Grid-connected electricity generation from renewable sources,,Latin America and the Caribbean,Colombia,,,ISAGEN S.A. E.S.P,494445,209261,285184,0,0,0,0,2017.0,0,0,0,0,0,0,0,0,0,0,0,0,0,0,0,0,0,0,0,0,0,17632,85273,78791,72868,87475,80522,65144,6740,0,0,0,0,0,0,0,0,0,0,0,0,0,0,0,0,0,0,0,0,0,0,0,0,0,0,87372,0,0,7191,78791,35907,0,0,0,0,0,0,0,0,0,0,0,0,0,0,0,0,0,0,0,0,0,0,0,0,8342,0,36961,87475,80522,65144,6740,0,0,,,,,99992.0,0,VCS,,,,,,2020-08-24,,Energy industries (renewable/non-renewable sources),https://registry.verra.org/app/projectDetail/VCS/1364,,0,0,0,0,0,0,0,0,0,0,0,0,0,0,0,0,0,0,0,0,0,0,0,0,87372,177633,0,0,0,0,229440,,,,2020-12-08,2017,1,berkeley_vrod
VCS1378,"Forestry Project for the Basin of the Chinchina River, an Environmental and Productive Alternative for the City and the Region",VCS,No,Late to verify,Forestry & Land Use,Afforestation/Reforestation,Impermanent Removal,AR-ACM0003 Afforestation and reforestation of lands except wetlands,,Latin America and the Caribbean,Colombia,,,Multiple Proponents,242990,242206,784,56998,0,0,0,2003.0,0,0,0,0,0,0,0,24299,24299,24299,24299,24299,24299,24299,24299,24299,24299,0,0,0,0,0,0,0,0,0,0,0,0,0,0,0,0,0,0,0,0,0,0,0,0,0,0,0,0,0,0,0,0,0,0,76,28057,8271,0,7933,55236,103159,10057,16706,12711,0,0,0,0,0,0,0,0,0,0,0,780,0,0,0,0,0,0,4,0,0,0,0,0,0,0,0,0,0,0,0,0,0,,,,,12189.0,0,VCS,,,,,,2020-04-06,,Agriculture Forestry and Other Land Use,https://registry.verra.org/app/projectDetail/VCS/1378,,0,0,0,0,0,0,0,0,0,0,0,0,0,0,0,0,0,0,0,0,24299,72897,145794,0,0,0,0,0,0,0,0,,,,2020-12-08,2003,1,berkeley_vrod
VCS1389,Acapa -­ Bajo Mira Y Frontera REDD+ Project,VCS,No,Registered,Forestry & Land Use,REDD+,Reduction,VM0006 Methodology for Carbon Accounting for Mosaic and Landscape-scale REDD Projects,,Latin America and the Caribbean,Colombia,,,Multiple Proponents,1019569,890839,128730,146744,0,0,0,2013.0,0,0,0,0,0,0,0,0,0,0,0,0,0,0,0,0,0,16520,134588,144327,154502,165543,167653,236436,0,0,0,0,0,0,0,0,0,0,0,0,0,0,0,0,0,0,0,0,0,0,0,0,0,0,0,0,0,0,0,96227,316360,174182,20574,96038,148002,39456,0,0,0,0,0,0,0,0,0,0,0,0,0,0,0,0,0,0,2014,64119,0,517,0,0,62080,0,0,0,0,0,0,0,,,,,404786.0,0,VCS,,,,,,2020-06-09,CCB-Community Gold,Agriculture Forestry and Other Land Use,https://registry.verra.org/app/projectDetail/VCS/1389,,0,0,0,0,0,0,0,0,0,0,0,0,0,0,0,0,0,0,0,0,0,0,0,0,463088,320045,0,0,236436,0,0,,,,2020-12-08,2013,1,berkeley_vrod
VCS1390,Carmen del Darién (CDD) REDD+ Project,VCS,No,Registered,Forestry & Land Use,REDD+,Reduction,VM0006 Methodology for Carbon Accounting for Mosaic and Landscape-scale REDD Projects,,Latin America and the Caribbean,Colombia,,,Multiple Proponents,681565,499668,181897,98252,0,0,0,2014.0,0,0,0,0,0,0,0,0,0,0,0,0,0,0,0,0,0,0,176470,170440,169042,165613,0,0,0,0,0,0,0,0,0,0,0,0,0,0,0,0,0,0,0,0,0,0,0,0,0,0,0,0,0,0,0,0,27882,208436,184792,49143,12901,13946,2568,0,0,0,0,0,0,0,0,0,0,0,0,0,0,0,0,0,0,0,0,81730,0,0,100167,0,0,0,0,0,0,0,0,0,,,,,62400.0,0,VCS,,,,,,2020-04-06,CCB-Gold; CCB-Community Gold,Agriculture Forestry and Other Land Use,https://registry.verra.org/app/projectDetail/VCS/1390,,0,0,0,0,0,0,0,0,0,0,0,0,0,0,0,0,0,0,0,0,0,0,0,515952,0,165613,0,0,0,0,0,,,,2020-12-08,2014,1,berkeley_vrod
VCS1391,SIVIRÚ-USARAGÁ-PIZARRO-PILIZÁ (SUPP) REDD+ Project,VCS,No,Registered,Forestry & Land Use,REDD+,Reduction,VM0006 Methodology for Carbon Accounting for Mosaic and Landscape-scale REDD Projects,,Latin America and the Caribbean,Colombia,,,Multiple Proponents,1349813,677214,672599,165787,0,0,0,2013.0,0,0,0,0,0,0,0,0,0,0,0,0,0,0,0,0,0,46195,237853,240087,249564,247447,328667,0,0,0,0,0,0,0,0,0,0,0,0,0,0,0,0,0,0,0,0,0,0,0,0,0,0,0,0,0,0,0,46071,402093,200723,433,9903,491,0,17500,0,0,0,0,0,0,0,0,0,0,0,0,0,0,0,0,0,0,2727,111258,0,0,247447,311167,0,0,0,0,0,0,0,0,,,,,312078.0,0,VCS,,,,,,2020-04-06,CCB-Community Gold; CCB-Gold,Agriculture Forestry and Other Land Use,https://registry.verra.org/app/projectDetail/VCS/1391,,0,0,0,0,0,0,0,0,0,0,0,0,0,0,0,0,0,0,0,0,0,0,0,773699,0,247447,0,0,0,328667,0,,,,2020-12-08,2013,1,berkeley_vrod
VCS1392,Cajambre REDD+ Project,VCS,No,Registered,Forestry & Land Use,REDD+,Reduction,VM0006 Methodology for Carbon Accounting for Mosaic and Landscape-scale REDD Projects,,Latin America and the Caribbean,Colombia,,,Consejo Comunitario del Río Cajambre,694190,365740,328450,120351,0,0,0,2013.0,0,0,0,0,0,0,0,0,0,0,0,0,0,0,0,0,0,13566,128316,113446,111423,110681,216758,0,0,0,0,0,0,0,0,0,0,0,0,0,0,0,0,0,0,0,0,0,0,0,0,0,0,0,0,0,0,0,19769,181418,146500,343,173,37,0,17500,0,0,0,0,0,0,0,0,0,0,0,0,0,0,0,0,0,0,0,55598,0,0,73594,199258,0,0,0,0,0,0,0,0,,,,,297488.0,0,VCS,,,,,,2020-04-06,CCB-Community Gold; CCB-Gold,Agriculture Forestry and Other Land Use,https://registry.verra.org/app/projectDetail/VCS/1392,,0,0,0,0,0,0,0,0,0,0,0,0,0,0,0,0,0,0,0,0,0,0,0,366751,110681,0,0,0,0,0,216758,,,,2020-12-08,2013,1,berkeley_vrod
VCS1395,Bajo Calima y Bahía Málaga (BCBM) REDD+ Project,VCS,No,Registered,Forestry & Land Use,REDD+,Reduction,VM0006 Methodology for Carbon Accounting for Mosaic and Landscape-scale REDD Projects,,Latin America and the Caribbean,Colombia,,,Multiple Proponents,2150996,1364242,786754,383319,0,0,0,2013.0,0,0,0,0,0,0,0,0,0,0,0,0,0,0,0,0,0,133849,391266,366210,364715,364162,0,530794,0,0,0,0,0,0,0,0,0,0,0,0,0,0,0,0,0,0,0,0,0,0,0,0,0,0,0,0,0,0,85001,481139,573165,90248,130489,2912,1148,140,0,0,0,0,0,0,0,0,0,0,0,0,0,0,0,0,0,0,9994,188132,5806,0,52028,0,530794,0,0,0,0,0,0,0,,,,,1050286.0,0,VCS,,,,,,2020-04-06,CCB-Community Gold; CCB-Gold,Agriculture Forestry and Other Land Use,https://registry.verra.org/app/projectDetail/VCS/1395,,0,0,0,0,0,0,0,0,0,0,0,0,0,0,0,0,0,0,0,0,0,0,0,1256040,0,364162,0,0,0,530794,0,,,,2020-12-08,2013,1,berkeley_vrod
VCS1396,Rio Pepe y ACABA REDD+ Project,VCS,No,Registered,Forestry & Land Use,REDD+,Reduction,VM0006 Methodology for Carbon Accounting for Mosaic and Landscape-scale REDD Projects,,Latin America and the Caribbean,Colombia,,,Multiple Proponents,567286,474706,92580,81629,0,0,0,2014.0,0,0,0,0,0,0,0,0,0,0,0,0,0,0,0,0,0,0,18548,201745,175579,171414,0,0,0,0,0,0,0,0,0,0,0,0,0,0,0,0,0,0,0,0,0,0,0,0,0,0,0,0,0,0,0,0,111,212865,211491,50239,0,0,0,0,0,0,0,0,0,0,0,0,0,0,0,0,0,0,0,0,0,0,0,9949,0,0,82631,0,0,0,0,0,0,0,0,0,,,,,68454.0,0,VCS,,,,,,2020-04-06,CCB-Community Gold; CCB-Gold,Agriculture Forestry and Other Land Use,https://registry.verra.org/app/projectDetail/VCS/1396,,0,0,0,0,0,0,0,0,0,0,0,0,0,0,0,0,0,0,0,0,0,0,0,395872,0,171414,0,0,0,0,0,,,,2020-12-08,2014,1,berkeley_vrod
VCS1399,Mutatá REDD+ Project,VCS,No,Registered,Forestry & Land Use,REDD+,Reduction,VM0006 Methodology for Carbon Accounting for Mosaic and Landscape-scale REDD Projects,,Latin America and the Caribbean,Colombia,,,Cabildo Mayor Indígena de Mutatá,555178,320268,234910,82834,0,0,0,2013.0,0,0,0,0,0,0,0,0,0,0,0,0,0,0,0,0,0,57042,88793,93127,100002,104646,111568,0,0,0,0,0,0,0,0,0,0,0,0,0,0,0,0,0,0,0,0,0,0,0,0,0,0,0,0,0,0,0,23587,131712,96369,39638,6587,1450,3042,17883,0,0,0,0,0,0,0,0,0,0,0,0,0,0,0,0,0,0,7111,48890,0,0,84841,94068,0,0,0,0,0,0,0,0,,,,,156476.0,0,VCS,,,,,,2020-04-06,CCB-Community Gold; CCB-Gold,Agriculture Forestry and Other Land Use,https://registry.verra.org/app/projectDetail/VCS/1399,,0,0,0,0,0,0,0,0,0,0,0,0,0,0,0,0,0,0,0,0,0,0,0,338964,0,104646,0,0,0,111568,0,,,,2020-12-08,2013,1,berkeley_vrod
VCS1400,Concosta REDD+ Project,VCS,No,Registered,Forestry & Land Use,REDD+,Reduction,VM0006 Methodology for Carbon Accounting for Mosaic and Landscape-scale REDD Projects,,Latin America and the Caribbean,Colombia,,,Concosta Community Council,727518,390940,336578,176905,0,0,0,2013.0,0,0,0,0,0,0,0,0,0,0,0,0,0,0,0,0,0,51707,114938,119281,126088,132264,183240,0,0,0,0,0,0,0,0,0,0,0,0,0,0,0,0,0,0,0,0,0,0,0,0,0,0,0,0,0,0,0,26329,214745,75937,4513,22360,1287,6550,39219,0,0,0,0,0,0,0,0,0,0,0,0,0,0,0,0,0,0,4500,38836,0,0,131264,161978,0,0,0,0,0,0,0,0,,,,,333978.0,0,VCS,,,,,,2020-04-06,CCB-Gold; CCB-Community Gold,Agriculture Forestry and Other Land Use,https://registry.verra.org/app/projectDetail/VCS/1400,,0,0,0,0,0,0,0,0,0,0,0,0,0,0,0,0,0,0,0,0,0,0,0,412014,132264,0,0,0,0,183240,0,,,,2020-12-08,2013,1,berkeley_vrod
VCS1405,AXIA Energia Cogeneration Project in Unibol,VCS,No,Under development,Industrial & Commercial,Natural Gas Electricity Generation,Reduction,AMS-II.D. Energy efficiency and fuel switching measures for industrial facilities,,Latin America and the Caribbean,Colombia,,,AXIA Energia,0,0,0,0,0,0,0,,0,0,0,0,0,0,0,0,0,0,0,0,0,0,0,0,0,0,0,0,0,0,0,0,0,0,0,0,0,0,0,0,0,0,0,0,0,0,0,0,0,0,0,0,0,0,0,0,0,0,0,0,0,0,0,0,0,0,0,0,0,0,0,0,0,0,0,0,0,0,0,0,0,0,0,0,0,0,0,0,0,0,0,0,0,0,0,0,0,0,0,0,0,0,,,,,9354.0,0,VCS,,,,,,,,Manufacturing industries,https://registry.verra.org/app/projectDetail/VCS/1405,,0,0,0,0,0,0,0,0,0,0,0,0,0,0,0,0,0,0,0,0,0,0,0,0,0,0,0,0,0,0,0,,,,2020-12-08,0,1,berkeley_vrod
VCS1429,Recovery of degraded areas with agroforestry systems in Colombia,VCS,No,Late to verify,Forestry & Land Use,Afforestation/Reforestation,Impermanent Removal,AR-ACM0003 Afforestation and reforestation of lands except wetlands,,Latin America and the Caribbean,Colombia,,,Multiple Proponents,0,0,0,0,0,0,0,,0,0,0,0,0,0,0,0,0,0,0,0,0,0,0,0,0,0,0,0,0,0,0,0,0,0,0,0,0,0,0,0,0,0,0,0,0,0,0,0,0,0,0,0,0,0,0,0,0,0,0,0,0,0,0,0,0,0,0,0,0,0,0,0,0,0,0,0,0,0,0,0,0,0,0,0,0,0,0,0,0,0,0,0,0,0,0,0,0,0,0,0,0,0,,,,,746.0,0,VCS,,,,,,2015-11-04,,Agriculture Forestry and Other Land Use,https://registry.verra.org/app/projectDetail/VCS/1429,,0,0,0,0,0,0,0,0,0,0,0,0,0,0,0,0,0,0,0,0,0,0,0,0,0,0,0,0,0,0,0,,,,2020-12-08,0,1,berkeley_vrod
VCS1434,"Forestry Project ""More Forests for Medellin""",VCS,No,Withdrawn,Forestry & Land Use,Afforestation/Reforestation,Impermanent Removal,AR-ACM0003 Afforestation and reforestation of lands except wetlands,,Latin America and the Caribbean,Colombia,,,Secretaría del Medio Ambiente del Municipio de Medellín,0,0,0,0,0,0,0,,0,0,0,0,0,0,0,0,0,0,0,0,0,0,0,0,0,0,0,0,0,0,0,0,0,0,0,0,0,0,0,0,0,0,0,0,0,0,0,0,0,0,0,0,0,0,0,0,0,0,0,0,0,0,0,0,0,0,0,0,0,0,0,0,0,0,0,0,0,0,0,0,0,0,0,0,0,0,0,0,0,0,0,0,0,0,0,0,0,0,0,0,0,0,,,,,1781.0,0,VCS,,,,,,2020-04-06,,Agriculture Forestry and Other Land Use,https://registry.verra.org/app/projectDetail/VCS/1434,,0,0,0,0,0,0,0,0,0,0,0,0,0,0,0,0,0,0,0,0,0,0,0,0,0,0,0,0,0,0,0,,,,2020-12-08,0,1,berkeley_vrod
VCS1473,Hydroelectric Project MULATOS II,VCS,No,Registered,Renewable Energy,Hydropower,Reduction,ACM0002 Grid-connected electricity generation from renewable sources,,Latin America and the Caribbean,Colombia,,,Energía del Suroeste S.A E.S.P,39577,39577,0,0,0,0,0,2019.0,0,0,0,0,0,0,0,0,0,0,0,0,0,0,0,0,0,0,0,0,0,0,0,5372,13985,20220,0,0,0,0,0,0,0,0,0,0,0,0,0,0,0,0,0,0,0,0,0,0,0,0,0,0,0,0,0,0,0,0,39577,0,0,0,0,0,0,0,0,0,0,0,0,0,0,0,0,0,0,0,0,0,0,0,0,0,0,0,0,0,0,0,0,0,0,0,,,,,18529.0,0,VCS,,,,,,2015-10-02,,Energy industries (renewable/non-renewable sources),https://registry.verra.org/app/projectDetail/VCS/1473,,0,0,0,0,0,0,0,0,0,0,0,0,0,0,0,0,0,0,0,0,0,0,0,0,0,0,0,39577,0,0,0,,,,2020-12-08,2019,1,berkeley_vrod
VCS1524,AXIA Energia Cogeneration Project in Familia,VCS,No,Under development,Industrial & Commercial,Natural Gas Electricity Generation,Reduction,AMS-II.D. Energy efficiency and fuel switching measures for industrial facilities,,Latin America and the Caribbean,Colombia,,,AXIA Energia,0,0,0,0,0,0,0,,0,0,0,0,0,0,0,0,0,0,0,0,0,0,0,0,0,0,0,0,0,0,0,0,0,0,0,0,0,0,0,0,0,0,0,0,0,0,0,0,0,0,0,0,0,0,0,0,0,0,0,0,0,0,0,0,0,0,0,0,0,0,0,0,0,0,0,0,0,0,0,0,0,0,0,0,0,0,0,0,0,0,0,0,0,0,0,0,0,0,0,0,0,0,,,,,7901.0,0,VCS,,,,,,,,Manufacturing industries,https://registry.verra.org/app/projectDetail/VCS/1524,,0,0,0,0,0,0,0,0,0,0,0,0,0,0,0,0,0,0,0,0,0,0,0,0,0,0,0,0,0,0,0,,,,2020-12-08,0,1,berkeley_vrod
VCS1530,Grouped Project for Commercial Forest Plantations Initiatives in the Department of Vichada,VCS,No,Registered,Forestry & Land Use,Afforestation/Reforestation,Impermanent Removal,AR-ACM0003 Afforestation and reforestation of lands except wetlands,,Latin America and the Caribbean,Colombia,,,Multiple Proponents,297261,197204,100057,0,0,0,0,2011.0,0,0,0,0,0,0,0,0,0,0,0,0,0,0,0,2790,13223,22952,33226,36412,39072,49206,49206,34940,16234,0,0,0,0,0,0,0,0,0,0,0,0,0,0,0,0,0,0,0,0,0,0,0,0,0,0,0,0,0,0,0,0,117222,64717,9964,4623,678,0,0,0,0,0,0,0,0,0,0,0,0,0,0,0,0,0,0,0,0,0,0,32742,39364,27951,0,0,0,0,0,0,0,,,,,39506.0,0,VCS,,,,,,2020-04-06,CCB-No Distinction,Agriculture Forestry and Other Land Use,https://registry.verra.org/app/projectDetail/VCS/1530,,0,0,0,0,0,0,0,0,0,0,0,0,0,0,0,0,0,0,0,0,0,0,0,0,0,0,297261,0,0,0,0,,,,2020-12-08,2011,1,berkeley_vrod
VCS1562,Hydroelectric Project Aures Bajo,VCS,No,Under development,Renewable Energy,Hydropower,Reduction,ACM0002 Grid-connected electricity generation from renewable sources,,Latin America and the Caribbean,Colombia,,,Aures Bajo S.A E.S.P,0,0,0,0,0,0,0,,0,0,0,0,0,0,0,0,0,0,0,0,0,0,0,0,0,0,0,0,0,0,0,0,0,0,0,0,0,0,0,0,0,0,0,0,0,0,0,0,0,0,0,0,0,0,0,0,0,0,0,0,0,0,0,0,0,0,0,0,0,0,0,0,0,0,0,0,0,0,0,0,0,0,0,0,0,0,0,0,0,0,0,0,0,0,0,0,0,0,0,0,0,0,,,,,38148.0,0,VCS,,,,,,,,Energy industries (renewable/non-renewable sources),https://registry.verra.org/app/projectDetail/VCS/1562,,0,0,0,0,0,0,0,0,0,0,0,0,0,0,0,0,0,0,0,0,0,0,0,0,0,0,0,0,0,0,0,,,,2020-12-08,0,1,berkeley_vrod
VCS1566,REDD+ Project Resguardo Indigena Unificado Selva de Mataven (RIU SM),VCS,No,Verification approval requested,Forestry & Land Use,REDD+,Reduction,VM0007 REDD+ Methodology Framework (REDD-MF),,Latin America and the Caribbean,Colombia,,,Multiple Proponents,27094417,20298003,6796414,4724188,0,0,1878938,2013.0,0,0,0,0,0,0,0,0,0,0,0,0,0,0,0,0,0,3615316,0,7097573,0,6404775,3175941,6800812,0,0,0,0,0,0,0,0,0,0,0,0,0,0,0,0,0,0,0,0,0,0,0,0,0,0,0,0,1710278,8988274,6314327,573,1683992,278329,309181,524837,434255,53957,0,0,0,0,0,0,0,0,0,0,0,0,0,0,0,0,0,0,0,0,10,0,13661,1533668,5249075,0,0,0,0,0,0,0,,,,,3622352.0,0,VCS,,,,,,2016-12-08,CCB-Climate Gold,Agriculture Forestry and Other Land Use,https://registry.verra.org/app/projectDetail/VCS/1566,,0,0,0,0,0,0,0,0,0,0,0,0,0,0,0,0,0,0,0,0,0,10712889,0,6404775,0,9976753,0,0,0,0,0,,,,2020-12-08,2013,1,berkeley_vrod
VCS1657,"Grouped Project REDD+ conservation of the Oak ecological corridor Guantiva – La Rusia – Iguaque, Colombia",VCS,No,Under validation,Forestry & Land Use,REDD+,Reduction,VM0015 Methodology for Avoided Unplanned Deforestation,,Latin America and the Caribbean,Colombia,,,Fundación Natura,0,0,0,0,0,0,0,,0,0,0,0,0,0,0,0,0,0,0,0,0,0,0,0,0,0,0,0,0,0,0,0,0,0,0,0,0,0,0,0,0,0,0,0,0,0,0,0,0,0,0,0,0,0,0,0,0,0,0,0,0,0,0,0,0,0,0,0,0,0,0,0,0,0,0,0,0,0,0,0,0,0,0,0,0,0,0,0,0,0,0,0,0,0,0,0,0,0,0,0,0,0,,,,,110.0,0,VCS,,,,,,,,Agriculture Forestry and Other Land Use,https://registry.verra.org/app/projectDetail/VCS/1657,,0,0,0,0,0,0,0,0,0,0,0,0,0,0,0,0,0,0,0,0,0,0,0,0,0,0,0,0,0,0,0,,,,2020-12-08,0,1,berkeley_vrod
VCS1682,Regenerating Colombian Coffee Ecosystems,VCS,No,Registered,Forestry & Land Use,Afforestation/Reforestation,Impermanent Removal,AR-AMS0007 Afforestation and reforestation project activities implemented on lands other than wetlands,,Latin America and the Caribbean,Colombia,,,The PURE PROJECT SAS,40623,0,40623,4514,0,0,0,2015.0,0,0,0,0,0,0,0,0,0,0,0,0,0,0,0,0,0,0,0,256,1865,3692,5591,6840,9858,12521,0,0,0,0,0,0,0,0,0,0,0,0,0,0,0,0,0,0,0,0,0,0,0,0,0,0,0,0,0,0,0,0,0,0,0,0,0,0,0,0,0,0,0,0,0,0,0,0,0,0,0,0,0,0,0,0,256,1865,3692,5591,6840,9858,12521,0,0,0,0,0,,,,,7107.0,0,VCS,,,,,,2020-06-04,,Agriculture Forestry and Other Land Use,https://registry.verra.org/app/projectDetail/VCS/1682,,0,0,0,0,0,0,0,0,0,0,0,0,0,0,0,0,0,0,0,0,0,0,0,0,0,0,0,40623,0,0,0,,,,2020-12-08,2015,1,berkeley_vrod
VCS1695,PAYMENT FOR ENVIRONMENTAL SERVICES SCHEME FOR FOREST MANAGEMENT AND CONSERVATION OF WATER SOURCES IN THE JURISDICTION OF CORPOCHIVOR,VCS,No,Registered,Forestry & Land Use,REDD+,Reduction,VM0015 Methodology for Avoided Unplanned Deforestation,,Latin America and the Caribbean,Colombia,,,Local Environmental Authority of Chivor (CORPOCHIVOR– Corporación Autónoma Regional de Chivor),5276,262,5014,1857,0,0,0,2015.0,0,0,0,0,0,0,0,0,0,0,0,0,0,0,0,0,0,0,0,3016,2260,0,0,0,0,0,0,0,0,0,0,0,0,0,0,0,0,0,0,0,0,0,0,0,0,0,0,0,0,0,0,0,0,0,0,0,0,0,262,0,0,0,0,0,0,0,0,0,0,0,0,0,0,0,0,0,0,0,0,0,0,0,2754,2260,0,0,0,0,0,0,0,0,0,0,,,,,1662.0,0,VCS,,,,,,2018-01-16,CCB-No Distinction,Agriculture Forestry and Other Land Use,https://registry.verra.org/app/projectDetail/VCS/1695,,0,0,0,0,0,0,0,0,0,0,0,0,0,0,0,0,0,0,0,0,0,0,0,0,0,0,0,5276,0,0,0,,,,2020-12-08,2015,1,berkeley_vrod
VCS1723,Escuela de Minas Hydroelectric Project,VCS,No,Verification approval requested,Renewable Energy,Hydropower,Reduction,ACM0002 Grid-connected electricity generation from renewable sources,,Latin America and the Caribbean,Colombia,,,HIDROELECTRICA DEL ALTO PORCE,195205,123971,71234,0,0,0,0,2019.0,0,0,0,0,0,0,0,0,0,0,0,0,0,0,0,0,0,0,0,0,0,0,0,24676,65879,104650,0,0,0,0,0,0,0,0,0,0,0,0,0,0,0,0,0,0,0,0,0,0,0,0,0,0,0,0,0,0,32000,27178,3465,145,60820,363,0,0,0,0,0,0,0,0,0,0,0,0,0,0,0,0,0,0,0,0,0,0,0,0,0,2011,69223,0,0,0,0,0,,,,,83524.0,0,VCS,,,,,,2017-11-02,,Energy industries (renewable/non-renewable sources),https://registry.verra.org/app/projectDetail/VCS/1723,,0,0,0,0,0,0,0,0,0,0,0,0,0,0,0,0,0,0,0,0,0,0,0,0,0,65143,0,130062,0,0,0,,,,2020-12-08,2019,1,berkeley_vrod
VCS1765,Grouped Project for reducing emissions from deforestation and forest degradation-REDD-in the Regional Natural Park:Biological Corridor PNN Purace-PNN Cueva de los Guacharos,VCS,No,Verification approval requested,Forestry & Land Use,REDD+,Reduction,VM0015 Methodology for Avoided Unplanned Deforestation,,Latin America and the Caribbean,Colombia,,,Corporación Autónoma Regional del Río Grande de la Magdalena (CORMAGDALENA),0,0,0,0,0,0,0,,0,0,0,0,0,0,0,0,0,0,0,0,0,0,0,0,0,0,0,0,0,0,0,0,0,0,0,0,0,0,0,0,0,0,0,0,0,0,0,0,0,0,0,0,0,0,0,0,0,0,0,0,0,0,0,0,0,0,0,0,0,0,0,0,0,0,0,0,0,0,0,0,0,0,0,0,0,0,0,0,0,0,0,0,0,0,0,0,0,0,0,0,0,0,,,,,117468.0,0,VCS,,,,,,2021-12-07,,Agriculture Forestry and Other Land Use,https://registry.verra.org/app/projectDetail/VCS/1765,,0,0,0,0,0,0,0,0,0,0,0,0,0,0,0,0,0,0,0,0,0,0,0,0,0,0,0,0,0,0,0,,,,2020-12-08,0,1,berkeley_vrod
VCS1769,"Grouped Project for restoration of degraded lands in Jaguar Corridors, Colombia",VCS,No,Registered,Forestry & Land Use,Afforestation/Reforestation,Impermanent Removal,VM0005 Methodology for Conversion of Low-Productive Forest to High-Productive Forest; AR-ACM0003 Afforestation and reforestation of lands except wetlands,,Latin America and the Caribbean,Colombia,,,Multiple Proponents,12891,10894,1997,2515,0,0,0,2015.0,0,0,0,0,0,0,0,0,0,0,0,0,0,0,0,0,0,0,0,128,1064,3891,4910,2898,0,0,0,0,0,0,0,0,0,0,0,0,0,0,0,0,0,0,0,0,0,0,0,0,0,0,0,0,0,0,0,0,1000,9894,0,0,0,0,0,0,0,0,0,0,0,0,0,0,0,0,0,0,0,0,0,0,0,0,0,0,0,0,1997,0,0,0,0,0,0,0,,,,,6835.0,0,VCS,,,,,,2019-08-30,CCB-Biodiversity Gold,Agriculture Forestry and Other Land Use,https://registry.verra.org/app/projectDetail/VCS/1769,,0,0,0,0,0,0,0,0,0,0,0,0,0,0,0,0,0,0,0,0,0,0,0,0,0,3891,9000,0,0,0,0,,,,2020-12-08,2015,1,berkeley_vrod
VCS1796,Santa Rosa - Altamira hydroelectric projects,VCS,No,Late to verify,Renewable Energy,Hydropower,Reduction,ACM0002 Grid-connected electricity generation from renewable sources,,Latin America and the Caribbean,Colombia,,,Desarrollo de Energías Renovables S.A.S .ES.P.,0,0,0,0,0,0,0,,0,0,0,0,0,0,0,0,0,0,0,0,0,0,0,0,0,0,0,0,0,0,0,0,0,0,0,0,0,0,0,0,0,0,0,0,0,0,0,0,0,0,0,0,0,0,0,0,0,0,0,0,0,0,0,0,0,0,0,0,0,0,0,0,0,0,0,0,0,0,0,0,0,0,0,0,0,0,0,0,0,0,0,0,0,0,0,0,0,0,0,0,0,0,,,,,99804.0,0,VCS,,,,,,2020-11-23,,Energy industries (renewable/non-renewable sources),https://registry.verra.org/app/projectDetail/VCS/1796,,0,0,0,0,0,0,0,0,0,0,0,0,0,0,0,0,0,0,0,0,0,0,0,0,0,0,0,0,0,0,0,,,,2020-12-08,0,1,berkeley_vrod
VCS1797,El Molino-San Matias hydroelectric projects,VCS,No,Verification approval requested,Renewable Energy,Hydropower,Reduction,ACM0002 Grid-connected electricity generation from renewable sources,,Latin America and the Caribbean,Colombia,,,Multiple Proponents,455910,182772,273138,0,0,0,0,2017.0,0,0,0,0,0,0,0,0,0,0,0,0,0,0,0,0,0,0,0,0,0,55786,83676,100643,109790,106015,0,0,0,0,0,0,0,0,0,0,0,0,0,0,0,0,0,0,0,0,0,0,0,0,0,0,0,0,0,0,0,100000,1000,49772,12000,20000,0,0,0,0,0,0,0,0,0,0,0,0,0,0,0,0,0,0,0,0,0,0,0,10000,100643,94790,67705,0,0,0,0,0,,,,,90393.0,0,VCS,,,,,,2020-04-06,CORSIA 2021-2023 (Pilot Phase),Energy industries (renewable/non-renewable sources),https://registry.verra.org/app/projectDetail/VCS/1797,,0,0,0,0,0,0,0,0,0,0,0,0,0,0,0,0,0,0,0,0,0,0,0,0,0,0,368205,87705,0,0,0,,,,2020-12-08,2017,1,berkeley_vrod
VCS1798,Hydroelectric projects at Oibita River,VCS,No,Late to verify,Renewable Energy,Hydropower,Reduction,ACM0002 Grid-connected electricity generation from renewable sources,,Latin America and the Caribbean,Colombia,,,PCH San Bartolomé S.A.S .ES.P.,0,0,0,0,0,0,0,,0,0,0,0,0,0,0,0,0,0,0,0,0,0,0,0,0,0,0,0,0,0,0,0,0,0,0,0,0,0,0,0,0,0,0,0,0,0,0,0,0,0,0,0,0,0,0,0,0,0,0,0,0,0,0,0,0,0,0,0,0,0,0,0,0,0,0,0,0,0,0,0,0,0,0,0,0,0,0,0,0,0,0,0,0,0,0,0,0,0,0,0,0,0,,,,,100508.0,0,VCS,,,,,,2020-10-02,,Energy industries (renewable/non-renewable sources),https://registry.verra.org/app/projectDetail/VCS/1798,,0,0,0,0,0,0,0,0,0,0,0,0,0,0,0,0,0,0,0,0,0,0,0,0,0,0,0,0,0,0,0,,,,2020-12-08,0,1,berkeley_vrod
VCS1806,Riscales REDD+ Project,VCS,No,Registered,Forestry & Land Use,REDD+,Reduction,VM0007 REDD+ Methodology Framework (REDD-MF),,Latin America and the Caribbean,Colombia,,,Consejo Comunitario General Los Riscales.,0,0,0,0,0,0,0,,0,0,0,0,0,0,0,0,0,0,0,0,0,0,0,0,0,0,0,0,0,0,0,0,0,0,0,0,0,0,0,0,0,0,0,0,0,0,0,0,0,0,0,0,0,0,0,0,0,0,0,0,0,0,0,0,0,0,0,0,0,0,0,0,0,0,0,0,0,0,0,0,0,0,0,0,0,0,0,0,0,0,0,0,0,0,0,0,0,0,0,0,0,0,,,,,100537.0,0,VCS,,,,,,2025-05-23,,Agriculture Forestry and Other Land Use,https://registry.verra.org/app/projectDetail/VCS/1806,,0,0,0,0,0,0,0,0,0,0,0,0,0,0,0,0,0,0,0,0,0,0,0,0,0,0,0,0,0,0,0,,,,2020-12-08,0,1,berkeley_vrod
VCS1821,Conservación de los Ecosistemas y el Almacén de Carbono Región de Transición Guayano Amazónica 'Flor de Inírida',VCS,No,Withdrawn,Forestry & Land Use,REDD+,Reduction,VM0007 REDD+ Methodology Framework (REDD-MF),,Latin America and the Caribbean,Colombia,,,Ciprogress Greenlife,0,0,0,0,0,0,0,,0,0,0,0,0,0,0,0,0,0,0,0,0,0,0,0,0,0,0,0,0,0,0,0,0,0,0,0,0,0,0,0,0,0,0,0,0,0,0,0,0,0,0,0,0,0,0,0,0,0,0,0,0,0,0,0,0,0,0,0,0,0,0,0,0,0,0,0,0,0,0,0,0,0,0,0,0,0,0,0,0,0,0,0,0,0,0,0,0,0,0,0,0,0,,,,,7627523.0,0,VCS,,,,,,,,Agriculture Forestry and Other Land Use,https://registry.verra.org/app/projectDetail/VCS/1821,,0,0,0,0,0,0,0,0,0,0,0,0,0,0,0,0,0,0,0,0,0,0,0,0,0,0,0,0,0,0,0,,,,2020-12-08,0,1,berkeley_vrod
VCS1835,Caruquia 9.76 MW Hydroelectric Project,VCS,No,Late to verify,Renewable Energy,Hydropower,Reduction,AMS-I.D. Grid connected renewable electricity generation,,Latin America and the Caribbean,Colombia,,,Caruquia S.A.S .ES.P.,23636,23636,0,0,0,0,0,2010.0,0,0,0,0,0,0,0,0,0,0,0,0,0,0,17931,5705,0,0,0,0,0,0,0,0,0,0,0,0,0,0,0,0,0,0,0,0,0,0,0,0,0,0,0,0,0,0,0,0,0,0,0,0,0,23636,0,0,0,0,0,0,0,0,0,0,0,0,0,0,0,0,0,0,0,0,0,0,0,0,0,0,0,0,0,0,0,0,0,0,0,0,0,0,0,0,,,,,20303.0,0,VCS,,,,,,2018-12-11,,Energy industries (renewable/non-renewable sources),https://registry.verra.org/app/projectDetail/VCS/1835,,0,0,0,0,0,0,0,0,0,0,0,0,0,0,0,0,0,0,0,0,0,0,23636,0,0,0,0,0,0,0,0,,,,2020-12-08,2010,1,berkeley_vrod
VCS1836,Guanaquitas 9.74 MW Hydroelectric Project,VCS,No,Late to verify,Renewable Energy,Hydropower,Reduction,AMS-I.D. Grid connected renewable electricity generation,,Latin America and the Caribbean,Colombia,,,Guanaquitas S.A.S .ES.P.,77183,77183,0,0,0,0,0,2010.0,0,0,0,0,0,0,0,0,0,0,0,0,0,0,14192,25126,23563,14302,0,0,0,0,0,0,0,0,0,0,0,0,0,0,0,0,0,0,0,0,0,0,0,0,0,0,0,0,0,0,0,0,0,0,0,65577,11606,0,0,0,0,0,0,0,0,0,0,0,0,0,0,0,0,0,0,0,0,0,0,0,0,0,0,0,0,0,0,0,0,0,0,0,0,0,0,0,,,,,21973.0,0,VCS,,,,,,2018-12-11,,Energy industries (renewable/non-renewable sources),https://registry.verra.org/app/projectDetail/VCS/1836,,0,0,0,0,0,0,0,0,0,0,0,0,0,0,0,0,0,0,0,0,0,0,77183,0,0,0,0,0,0,0,0,,,,2020-12-08,2010,1,berkeley_vrod
VCS1868,GUACHICONO SMALL HYDROELECTRIC PROJECT,VCS,No,Registered,Renewable Energy,Hydropower,Reduction,AMS-I.D. Grid connected renewable electricity generation,,Latin America and the Caribbean,Colombia,,,GELEC GUACHICONO S.A.S .E.S.P,0,0,0,0,0,0,0,,0,0,0,0,0,0,0,0,0,0,0,0,0,0,0,0,0,0,0,0,0,0,0,0,0,0,0,0,0,0,0,0,0,0,0,0,0,0,0,0,0,0,0,0,0,0,0,0,0,0,0,0,0,0,0,0,0,0,0,0,0,0,0,0,0,0,0,0,0,0,0,0,0,0,0,0,0,0,0,0,0,0,0,0,0,0,0,0,0,0,0,0,0,0,,,,,20049.0,0,VCS,,,,,,2021-03-10,,Energy industries (renewable/non-renewable sources),https://registry.verra.org/app/projectDetail/VCS/1868,,0,0,0,0,0,0,0,0,0,0,0,0,0,0,0,0,0,0,0,0,0,0,0,0,0,0,0,0,0,0,0,,,,2020-12-08,0,1,berkeley_vrod
VCS1869,"Yagual - Carbon Sequestration Grouped Project for the Restoration, Conservation and Sustainable Production in the Guerrero, Sumapaz and Rabanal Paramo Systems",VCS,No,Late to verify,Forestry & Land Use,Afforestation/Reforestation,Impermanent Removal,AR-ACM0003 Afforestation and reforestation of lands except wetlands,,Latin America and the Caribbean,Colombia,,,Société de gestion de projets ECOTIERRA Inc.,0,0,0,0,0,0,0,,0,0,0,0,0,0,0,0,0,0,0,0,0,0,0,0,0,0,0,0,0,0,0,0,0,0,0,0,0,0,0,0,0,0,0,0,0,0,0,0,0,0,0,0,0,0,0,0,0,0,0,0,0,0,0,0,0,0,0,0,0,0,0,0,0,0,0,0,0,0,0,0,0,0,0,0,0,0,0,0,0,0,0,0,0,0,0,0,0,0,0,0,0,0,,,,,13619.0,0,VCS,,,,,,2020-06-04,,Agriculture Forestry and Other Land Use,https://registry.verra.org/app/projectDetail/VCS/1869,,0,0,0,0,0,0,0,0,0,0,0,0,0,0,0,0,0,0,0,0,0,0,0,0,0,0,0,0,0,0,0,,,,2020-12-08,0,1,berkeley_vrod
VCS1892,SOLAR GROUPED PROJECT BY EPSA-CELSIA,VCS,No,Verification approval requested,Renewable Energy,Solar - Centralized,Reduction,ACM0002 Grid-connected electricity generation from renewable sources; AMS-I.D. Grid connected renewable electricity generation,,Latin America and the Caribbean,Colombia,,,Multiple Proponents,0,0,0,0,0,0,0,,0,0,0,0,0,0,0,0,0,0,0,0,0,0,0,0,0,0,0,0,0,0,0,0,0,0,0,0,0,0,0,0,0,0,0,0,0,0,0,0,0,0,0,0,0,0,0,0,0,0,0,0,0,0,0,0,0,0,0,0,0,0,0,0,0,0,0,0,0,0,0,0,0,0,0,0,0,0,0,0,0,0,0,0,0,0,0,0,0,0,0,0,0,0,,,,,103799.0,0,VCS,,,,,,2019-09-04,,Energy industries (renewable/non-renewable sources),https://registry.verra.org/app/projectDetail/VCS/1892,,0,0,0,0,0,0,0,0,0,0,0,0,0,0,0,0,0,0,0,0,0,0,0,0,0,0,0,0,0,0,0,,,,2020-12-08,0,1,berkeley_vrod
VCS1909,Santa Ana Hydroelectric Plant - CER Conversion,VCS,No,Units Transferred from Approved GHG Program,Renewable Energy,Hydropower,Reduction,AMS-I.D. Grid connected renewable electricity generation,,Latin America and the Caribbean,Colombia,,,Credits transferred from approved GHG program,44,44,0,0,0,0,0,2015.0,0,0,0,0,0,0,0,0,0,0,0,0,0,0,0,0,0,0,0,44,0,0,0,0,0,0,0,0,0,0,0,0,0,0,0,0,0,0,0,0,0,0,0,0,0,0,0,0,0,0,0,0,0,0,0,0,0,0,0,44,0,0,0,0,0,0,0,0,0,0,0,0,0,0,0,0,0,0,0,0,0,0,0,0,0,0,0,0,0,0,0,0,0,0,,,,,20642.0,0,VCS,,,,,,,,Energy industries (renewable/non-renewable sources),https://registry.verra.org/app/projectDetail/VCS/1909,,0,0,0,0,0,0,0,0,0,0,0,0,0,0,0,0,0,0,0,0,0,0,0,44,0,0,0,0,0,0,0,,,,2020-12-08,2015,1,berkeley_vrod
VCS1910,"Bionersis landfill project in Pasto, Colombia",VCS,No,Late to verify,Waste Management,Landfill Methane,Reduction,ACM0001 Flaring or use of landfill gas,,Latin America and the Caribbean,Colombia,,,Credits transferred from approved GHG program,466,466,0,0,0,0,0,2011.0,0,0,0,0,0,0,0,0,0,0,0,0,0,0,0,466,0,0,0,0,0,0,0,0,0,0,0,0,0,0,0,0,0,0,0,0,0,0,0,0,0,0,0,0,0,0,0,0,0,0,0,0,0,0,0,0,0,0,0,466,0,0,0,0,0,0,0,0,0,0,0,0,0,0,0,0,0,0,0,0,0,0,0,0,0,0,0,0,0,0,0,0,0,0,,,,,54343.0,0,VCS,,,,,,2019-06-27,,Energy industries (renewable/non-renewable sources),https://registry.verra.org/app/projectDetail/VCS/1910,,0,0,0,0,0,0,0,0,0,0,0,0,0,0,0,0,0,0,0,0,0,0,0,466,0,0,0,0,0,0,0,,,,2020-12-08,2011,1,berkeley_vrod
VCS1936,WIND POWER GROUPED PROJECT BY CELSIA COLOMBIA - BEGONIA POWER,VCS,No,Registered,Renewable Energy,Wind,Reduction,ACM0002 Grid-connected electricity generation from renewable sources; AMS-I.D. Grid connected renewable electricity generation,,Latin America and the Caribbean,Colombia,,,Multiple Proponents,0,0,0,0,0,0,0,,0,0,0,0,0,0,0,0,0,0,0,0,0,0,0,0,0,0,0,0,0,0,0,0,0,0,0,0,0,0,0,0,0,0,0,0,0,0,0,0,0,0,0,0,0,0,0,0,0,0,0,0,0,0,0,0,0,0,0,0,0,0,0,0,0,0,0,0,0,0,0,0,0,0,0,0,0,0,0,0,0,0,0,0,0,0,0,0,0,0,0,0,0,0,,,,,166385.0,0,VCS,,,,,,2021-03-10,,Energy industries (renewable/non-renewable sources),https://registry.verra.org/app/projectDetail/VCS/1936,,0,0,0,0,0,0,0,0,0,0,0,0,0,0,0,0,0,0,0,0,0,0,0,0,0,0,0,0,0,0,0,,,,2020-12-08,0,1,berkeley_vrod
VCS2060,Suba and Usaquen Hydroelectric Umbrella Project,VCS,No,Registered,Renewable Energy,Hydropower,Reduction,AMS-I.D. Grid connected renewable electricity generation,,Latin America and the Caribbean,Colombia,,,Empresa de Acueducto y Alcantarillado de Bogota E.S.P,22334,9039,13295,0,0,0,0,2014.0,0,0,0,0,0,0,0,0,0,0,0,0,0,0,0,0,0,0,6809,0,0,0,0,4143,3417,7965,0,0,0,0,0,0,0,0,0,0,0,0,0,0,0,0,0,0,0,0,0,0,0,0,0,0,0,0,0,0,0,6809,0,0,1910,320,0,0,0,0,0,0,0,0,0,0,0,0,0,0,0,0,0,0,0,0,0,0,0,0,2343,3417,7535,0,0,0,0,0,,,,,8284.0,0,VCS,,,,,,2020-11-10,,Energy industries (renewable/non-renewable sources),https://registry.verra.org/app/projectDetail/VCS/2060,,0,0,0,0,0,0,0,0,0,0,0,0,0,0,0,0,0,0,0,0,0,0,0,0,6809,0,0,15525,0,0,0,,,,2020-12-08,2014,1,berkeley_vrod
VCS2071,"COCOMACIA COMMUNITY REDD+ PROGRAM, CHOCO/ANTIOQUIA COLOMBIA",VCS,No,Under validation,Forestry & Land Use,REDD+,Reduction,VM0006 Methodology for Carbon Accounting for Mosaic and Landscape-scale REDD Projects; VM0048 Reducing Emissions from Deforestation and Forest Degradation,,Latin America and the Caribbean,Colombia,,,Multiple Proponents,0,0,0,0,0,0,0,,0,0,0,0,0,0,0,0,0,0,0,0,0,0,0,0,0,0,0,0,0,0,0,0,0,0,0,0,0,0,0,0,0,0,0,0,0,0,0,0,0,0,0,0,0,0,0,0,0,0,0,0,0,0,0,0,0,0,0,0,0,0,0,0,0,0,0,0,0,0,0,0,0,0,0,0,0,0,0,0,0,0,0,0,0,0,0,0,0,0,0,0,0,0,,,,,3073861.0,0,VCS,,,,,,,,Agriculture Forestry and Other Land Use,https://registry.verra.org/app/projectDetail/VCS/2071,,0,0,0,0,0,0,0,0,0,0,0,0,0,0,0,0,0,0,0,0,0,0,0,0,0,0,0,0,0,0,0,,,,2020-12-08,0,1,berkeley_vrod
VCS2084,"CONSERVATION PROJECT REDD+ SUR DEL META BOSQUES DE PAZ, SUSTENTO DE VIDA",VCS,No,Registered,Forestry & Land Use,REDD+,Reduction,VM0015 Methodology for Avoided Unplanned Deforestation,,Latin America and the Caribbean,Colombia,,,ALLCOT AG,0,0,0,0,0,0,0,,0,0,0,0,0,0,0,0,0,0,0,0,0,0,0,0,0,0,0,0,0,0,0,0,0,0,0,0,0,0,0,0,0,0,0,0,0,0,0,0,0,0,0,0,0,0,0,0,0,0,0,0,0,0,0,0,0,0,0,0,0,0,0,0,0,0,0,0,0,0,0,0,0,0,0,0,0,0,0,0,0,0,0,0,0,0,0,0,0,0,0,0,0,0,,,,,374315.0,0,VCS,,,,,,2024-07-16,,Agriculture Forestry and Other Land Use,https://registry.verra.org/app/projectDetail/VCS/2084,,0,0,0,0,0,0,0,0,0,0,0,0,0,0,0,0,0,0,0,0,0,0,0,0,0,0,0,0,0,0,0,,,,2020-12-08,0,1,berkeley_vrod
VCS2251,REDD PROJECT OF THE INDIGENOUS PEOPLES OF VAUPÉS YUTUCU AND  OTHERS,VCS,No,Withdrawn,Forestry & Land Use,REDD+,Reduction,VM0015 Methodology for Avoided Unplanned Deforestation,,Latin America and the Caribbean,Colombia,,,Multiple Proponents,0,0,0,0,0,0,0,,0,0,0,0,0,0,0,0,0,0,0,0,0,0,0,0,0,0,0,0,0,0,0,0,0,0,0,0,0,0,0,0,0,0,0,0,0,0,0,0,0,0,0,0,0,0,0,0,0,0,0,0,0,0,0,0,0,0,0,0,0,0,0,0,0,0,0,0,0,0,0,0,0,0,0,0,0,0,0,0,0,0,0,0,0,0,0,0,0,0,0,0,0,0,,,,,438730.0,0,VCS,,,,,,,,Agriculture Forestry and Other Land Use,https://registry.verra.org/app/projectDetail/VCS/2251,,0,0,0,0,0,0,0,0,0,0,0,0,0,0,0,0,0,0,0,0,0,0,0,0,0,0,0,0,0,0,0,,,,2020-12-08,0,1,berkeley_vrod
VCS2262,REDD+ Yaguara Llanos del Yari,VCS,No,Withdrawn,Forestry & Land Use,REDD+,Reduction,VM0015 Methodology for Avoided Unplanned Deforestation,,Latin America and the Caribbean,Colombia,,,CUESTA Y ASOCIADOS SAS,0,0,0,0,0,0,0,,0,0,0,0,0,0,0,0,0,0,0,0,0,0,0,0,0,0,0,0,0,0,0,0,0,0,0,0,0,0,0,0,0,0,0,0,0,0,0,0,0,0,0,0,0,0,0,0,0,0,0,0,0,0,0,0,0,0,0,0,0,0,0,0,0,0,0,0,0,0,0,0,0,0,0,0,0,0,0,0,0,0,0,0,0,0,0,0,0,0,0,0,0,0,,,,,3478764.0,0,VCS,,,,,,,,Agriculture Forestry and Other Land Use,https://registry.verra.org/app/projectDetail/VCS/2262,,0,0,0,0,0,0,0,0,0,0,0,0,0,0,0,0,0,0,0,0,0,0,0,0,0,0,0,0,0,0,0,,,,2020-12-08,0,1,berkeley_vrod
VCS2290,"BLUE CARBON PROJECT GULF OF MORROSQUILLO ""VIDA MANGLAR""",VCS,No,Registered,Forestry & Land Use,REDD+,Reduction,VM0007 REDD+ Methodology Framework (REDD-MF),,Latin America and the Caribbean,Colombia,,,Conservation International Foundation,59363,57369,1994,9664,0,0,0,2015.0,0,0,0,0,0,0,0,0,0,0,0,0,0,0,0,0,0,0,0,8990,15619,16594,18160,0,0,0,0,0,0,0,0,0,0,0,0,0,0,0,0,0,0,0,0,0,0,0,0,0,0,0,0,0,0,0,0,0,40000,4725,12037,607,0,0,0,0,0,0,0,0,0,0,0,0,0,0,0,0,0,0,0,0,0,0,0,1639,0,355,0,0,0,0,0,0,0,0,,,,,31310.0,0,VCS,,,,,,2021-05-06,CCB-Biodiversity Gold; CCB-Community Gold,Agriculture Forestry and Other Land Use,https://registry.verra.org/app/projectDetail/VCS/2290,,0,0,0,0,0,0,0,0,0,0,0,0,0,0,0,0,0,0,0,0,0,0,0,0,0,59363,0,0,0,0,0,,,,2020-12-08,2015,1,berkeley_vrod
VCS2297,REDD+ Project Pueblos indígenas resguardando la selva,VCS,No,Registered,Forestry & Land Use,REDD+,Reduction,VM0015 Methodology for Avoided Unplanned Deforestation,,Latin America and the Caribbean,Colombia,,,Multiple Proponents,3929705,464381,3465324,464381,0,0,0,2017.0,0,0,0,0,0,0,0,0,0,0,0,0,0,0,0,0,0,0,0,0,0,1171271,0,1341866,1416568,0,0,0,0,0,0,0,0,0,0,0,0,0,0,0,0,0,0,0,0,0,0,0,0,0,0,0,0,0,0,0,0,0,0,0,464381,0,0,0,0,0,0,0,0,0,0,0,0,0,0,0,0,0,0,0,0,0,0,0,1018211,0,1340581,1106532,0,0,0,0,0,0,,,,,2365816.0,0,VCS,,,,,,2024-07-12,,Agriculture Forestry and Other Land Use,https://registry.verra.org/app/projectDetail/VCS/2297,,0,0,0,0,0,0,0,0,0,0,0,0,0,0,0,0,0,0,0,0,0,0,0,0,0,0,0,0,2513137,1416568,0,,,,2020-12-08,2017,1,berkeley_vrod
VCS2298,"CONSEJOS COMUNITARIOS DEL PACIFICO VALLE DEL CAUCA (CCPVC) PROGRAMA REDD+ VALLE DEL CAUCA, COLOMBIA",VCS,No,Under development,Forestry & Land Use,REDD+,Reduction,VM0006 Methodology for Carbon Accounting for Mosaic and Landscape-scale REDD Projects,,Latin America and the Caribbean,Colombia,,,Multiple Proponents,0,0,0,0,0,0,0,,0,0,0,0,0,0,0,0,0,0,0,0,0,0,0,0,0,0,0,0,0,0,0,0,0,0,0,0,0,0,0,0,0,0,0,0,0,0,0,0,0,0,0,0,0,0,0,0,0,0,0,0,0,0,0,0,0,0,0,0,0,0,0,0,0,0,0,0,0,0,0,0,0,0,0,0,0,0,0,0,0,0,0,0,0,0,0,0,0,0,0,0,0,0,,,,,796394.0,0,VCS,,,,,,,,Agriculture Forestry and Other Land Use,https://registry.verra.org/app/projectDetail/VCS/2298,,0,0,0,0,0,0,0,0,0,0,0,0,0,0,0,0,0,0,0,0,0,0,0,0,0,0,0,0,0,0,0,,,,2020-12-08,0,1,berkeley_vrod
VCS2317,REDD+ Project Magnolios de Yarumal,VCS,No,Registered,Forestry & Land Use,REDD+,Reduction,VM0015 Methodology for Avoided Unplanned Deforestation,,Latin America and the Caribbean,Colombia,,,Multiple Proponents,15431,9570,5861,4353,0,0,0,2016.0,0,0,0,0,0,0,0,0,0,0,0,0,0,0,0,0,0,0,0,0,2468,2759,3880,2677,3647,0,0,0,0,0,0,0,0,0,0,0,0,0,0,0,0,0,0,0,0,0,0,0,0,0,0,0,0,0,0,0,0,0,0,3197,6279,94,0,0,0,0,0,0,0,0,0,0,0,0,0,0,0,0,0,0,0,0,0,0,103,2934,2089,735,0,0,0,0,0,0,,,,,329260.0,0,VCS,,,,,,2023-12-05,,Agriculture Forestry and Other Land Use,https://registry.verra.org/app/projectDetail/VCS/2317,,0,0,0,0,0,0,0,0,0,0,0,0,0,0,0,0,0,0,0,0,0,0,0,0,0,0,0,0,11551,3880,0,,,,2020-12-08,2016,1,berkeley_vrod
VCS2330,Protection of mangroves and community developmental activities in the biodiversity hotspot of Colombia,VCS,No,Registration requested,Forestry & Land Use,Wetland Restoration,Mixed,VM0015 Methodology for Avoided Unplanned Deforestation,,Latin America and the Caribbean,Colombia,,,WeAct Pty Ltd.,0,0,0,0,0,0,0,,0,0,0,0,0,0,0,0,0,0,0,0,0,0,0,0,0,0,0,0,0,0,0,0,0,0,0,0,0,0,0,0,0,0,0,0,0,0,0,0,0,0,0,0,0,0,0,0,0,0,0,0,0,0,0,0,0,0,0,0,0,0,0,0,0,0,0,0,0,0,0,0,0,0,0,0,0,0,0,0,0,0,0,0,0,0,0,0,0,0,0,0,0,0,,,,,246441.0,0,VCS,,,,,,,,Agriculture Forestry and Other Land Use,https://registry.verra.org/app/projectDetail/VCS/2330,,0,0,0,0,0,0,0,0,0,0,0,0,0,0,0,0,0,0,0,0,0,0,0,0,0,0,0,0,0,0,0,,,,2020-12-08,0,1,berkeley_vrod
VCS2356,REDD+ CONSERVATION OF ETHNO SUSTAINABLE AFRO-COLOMBIAN COMMUNITY IN THE TROPICAL RAIN FOREST OF COLOMBIA,VCS,No,Under validation,Forestry & Land Use,REDD+,Reduction,VM0015 Methodology for Avoided Unplanned Deforestation,,Latin America and the Caribbean,Colombia,,,WeAct Pty Ltd.,0,0,0,0,0,0,0,,0,0,0,0,0,0,0,0,0,0,0,0,0,0,0,0,0,0,0,0,0,0,0,0,0,0,0,0,0,0,0,0,0,0,0,0,0,0,0,0,0,0,0,0,0,0,0,0,0,0,0,0,0,0,0,0,0,0,0,0,0,0,0,0,0,0,0,0,0,0,0,0,0,0,0,0,0,0,0,0,0,0,0,0,0,0,0,0,0,0,0,0,0,0,,,,,66000.0,0,VCS,,,,,,,,Agriculture Forestry and Other Land Use,https://registry.verra.org/app/projectDetail/VCS/2356,,0,0,0,0,0,0,0,0,0,0,0,0,0,0,0,0,0,0,0,0,0,0,0,0,0,0,0,0,0,0,0,,,,2021-05-03,0,1,berkeley_vrod
VCS2392,REDD + in the Forests of the Otún River Basin,VCS,No,Withdrawn,Forestry & Land Use,REDD+,Reduction,VM0015 Methodology for Avoided Unplanned Deforestation,,Latin America and the Caribbean,Colombia,,,Empresa de Acueducto y Alcantarillado de Pereira S.A.S E.S. P,0,0,0,0,0,0,0,,0,0,0,0,0,0,0,0,0,0,0,0,0,0,0,0,0,0,0,0,0,0,0,0,0,0,0,0,0,0,0,0,0,0,0,0,0,0,0,0,0,0,0,0,0,0,0,0,0,0,0,0,0,0,0,0,0,0,0,0,0,0,0,0,0,0,0,0,0,0,0,0,0,0,0,0,0,0,0,0,0,0,0,0,0,0,0,0,0,0,0,0,0,0,,,,,30874.0,0,VCS,,,,,,,,Agriculture Forestry and Other Land Use,https://registry.verra.org/app/projectDetail/VCS/2392,,0,0,0,0,0,0,0,0,0,0,0,0,0,0,0,0,0,0,0,0,0,0,0,0,0,0,0,0,0,0,0,,,,2021-05-03,0,1,berkeley_vrod
VCS2459,NAYA REDD+,VCS,No,Rejected by Administrator,Forestry & Land Use,REDD+,Reduction,VM0007 REDD+ Methodology Framework (REDD-MF),,Latin America and the Caribbean,Colombia,,,Multiple Proponents,0,0,0,0,0,0,0,,0,0,0,0,0,0,0,0,0,0,0,0,0,0,0,0,0,0,0,0,0,0,0,0,0,0,0,0,0,0,0,0,0,0,0,0,0,0,0,0,0,0,0,0,0,0,0,0,0,0,0,0,0,0,0,0,0,0,0,0,0,0,0,0,0,0,0,0,0,0,0,0,0,0,0,0,0,0,0,0,0,0,0,0,0,0,0,0,0,0,0,0,0,0,,,,,307252.0,0,VCS,,,,,,2024-01-02,,Agriculture Forestry and Other Land Use,https://registry.verra.org/app/projectDetail/VCS/2459,,0,0,0,0,0,0,0,0,0,0,0,0,0,0,0,0,0,0,0,0,0,0,0,0,0,0,0,0,0,0,0,,,,2021-05-03,0,1,berkeley_vrod
VCS2512,"AFFORESTATION OF DEGRADED GRASSLANDS IN VICHADA, COLOMBIA",VCS,No,Registered,Forestry & Land Use,Afforestation/Reforestation,Impermanent Removal,AR-ACM0003 Afforestation and reforestation of lands except wetlands,,Latin America and the Caribbean,Colombia,,,Forest First Colombia S.A.S.,609543,459973,149570,113211,0,0,0,2017.0,0,0,0,0,0,0,0,0,0,0,0,0,0,0,0,0,0,0,0,0,0,5772,88559,160758,238126,63730,52598,0,0,0,0,0,0,0,0,0,0,0,0,0,0,0,0,0,0,0,0,0,0,0,0,0,0,0,0,0,0,30,294127,78879,54158,32779,0,0,0,0,0,0,0,0,0,0,0,0,0,0,0,0,0,0,0,0,0,0,0,0,954,88837,12964,46815,0,0,0,0,,,,,139489.0,0,VCS,,,,,,2022-05-25,CCB-No Distinction,Agriculture Forestry and Other Land Use,https://registry.verra.org/app/projectDetail/VCS/2512,,0,0,0,0,0,0,0,0,0,0,0,0,0,0,0,0,0,0,0,0,0,0,0,0,0,0,482168,0,0,127375,0,,,,2021-11-24,2017,1,berkeley_vrod
VCS2532,Cumare carbon project,VCS,No,Registered,Forestry & Land Use,Afforestation/Reforestation,Impermanent Removal,AR-ACM0003 Afforestation and reforestation of lands except wetlands,,Latin America and the Caribbean,Colombia,,,Reforestadora Cumare S.A.S.,1220754,277767,942987,50355,0,0,0,2017.0,0,0,0,0,0,0,0,0,0,0,0,0,0,0,0,0,0,0,0,0,0,27364,94969,185865,168643,247971,247971,247971,0,0,0,0,0,0,0,0,0,0,0,0,0,0,0,0,0,0,0,0,0,0,0,0,0,0,0,0,0,0,82119,186958,8690,0,0,0,0,0,0,0,0,0,0,0,0,0,0,0,0,0,0,0,0,0,0,0,27364,74930,48002,48778,247971,247971,247971,0,0,0,,,,,29180.0,0,VCS,,,,,,2022-08-08,,Agriculture Forestry and Other Land Use,https://registry.verra.org/app/projectDetail/VCS/2532,,0,0,0,0,0,0,0,0,0,0,0,0,0,0,0,0,0,0,0,0,0,0,0,0,0,0,94969,358094,0,767691,0,,,,2021-11-24,2017,1,berkeley_vrod
VCS2723,CONDOTO REDD+,VCS,No,Verification approval requested,Forestry & Land Use,REDD+,Reduction,VM0007 REDD+ Methodology Framework (REDD-MF),,Latin America and the Caribbean,Colombia,,,Multiple Proponents,397194,365340,31854,44132,0,0,0,2019.0,0,0,0,0,0,0,0,0,0,0,0,0,0,0,0,0,0,0,0,0,0,0,0,143356,167414,86424,0,0,0,0,0,0,0,0,0,0,0,0,0,0,0,0,0,0,0,0,0,0,0,0,0,0,0,0,0,0,0,0,26988,183272,153505,1575,0,0,0,0,0,0,0,0,0,0,0,0,0,0,0,0,0,0,0,0,0,0,0,0,26542,0,5312,0,0,0,0,0,,,,,249943.0,0,VCS,,,,,,2023-08-28,CCB-Community Gold,Agriculture Forestry and Other Land Use,https://registry.verra.org/app/projectDetail/VCS/2723,,0,0,0,0,0,0,0,0,0,0,0,0,0,0,0,0,0,0,0,0,0,0,0,0,0,0,0,253838,143356,0,0,,,,2021-12-31,2019,1,berkeley_vrod
VCS2750,Saving Colombia's Cloud Forest,VCS,No,Registered,Forestry & Land Use,Afforestation/Reforestation,Impermanent Removal,AR-ACM0003 Afforestation and reforestation of lands except wetlands,,Latin America and the Caribbean,Colombia,,,"Saving Nature, Inc.",2598,2598,0,354,0,0,0,2017.0,0,0,0,0,0,0,0,0,0,0,0,0,0,0,0,0,0,0,0,0,0,59,82,251,434,715,1057,0,0,0,0,0,0,0,0,0,0,0,0,0,0,0,0,0,0,0,0,0,0,0,0,0,0,0,0,0,0,0,0,0,350,2248,0,0,0,0,0,0,0,0,0,0,0,0,0,0,0,0,0,0,0,0,0,0,0,0,0,0,0,0,0,0,0,0,,,,,7920.0,0,VCS,,,,,,2025-02-21,,Agriculture Forestry and Other Land Use,https://registry.verra.org/app/projectDetail/VCS/2750,,0,0,0,0,0,0,0,0,0,0,0,0,0,0,0,0,0,0,0,0,0,0,0,0,0,0,0,0,0,2598,0,,,,2023-05-10,2017,1,berkeley_vrod
VCS2872,CRIMA PREDIO PUTUMAYO Y ANDOQUE DE ADUCHE REDD+  PROJECT,VCS,No,Withdrawn,Forestry & Land Use,REDD+,Reduction,VM0007 REDD+ Methodology Framework (REDD-MF),,Latin America and the Caribbean,Colombia,,,Multiple Proponents,0,0,0,0,0,0,0,,0,0,0,0,0,0,0,0,0,0,0,0,0,0,0,0,0,0,0,0,0,0,0,0,0,0,0,0,0,0,0,0,0,0,0,0,0,0,0,0,0,0,0,0,0,0,0,0,0,0,0,0,0,0,0,0,0,0,0,0,0,0,0,0,0,0,0,0,0,0,0,0,0,0,0,0,0,0,0,0,0,0,0,0,0,0,0,0,0,0,0,0,0,0,,,,,922896.0,0,VCS,,,,,,,,Agriculture Forestry and Other Land Use,https://registry.verra.org/app/projectDetail/VCS/2872,,0,0,0,0,0,0,0,0,0,0,0,0,0,0,0,0,0,0,0,0,0,0,0,0,0,0,0,0,0,0,0,,,,2022-11-09,0,1,berkeley_vrod
VCS3145,Proyecto REDD++ PANI,VCS,No,Under validation,Forestry & Land Use,REDD+,Reduction,VM0007 REDD+ Methodology Framework (REDD-MF),,Latin America and the Caribbean,Colombia,,,Multiple Proponents,0,0,0,0,0,0,0,,0,0,0,0,0,0,0,0,0,0,0,0,0,0,0,0,0,0,0,0,0,0,0,0,0,0,0,0,0,0,0,0,0,0,0,0,0,0,0,0,0,0,0,0,0,0,0,0,0,0,0,0,0,0,0,0,0,0,0,0,0,0,0,0,0,0,0,0,0,0,0,0,0,0,0,0,0,0,0,0,0,0,0,0,0,0,0,0,0,0,0,0,0,0,,,,,812888.0,0,VCS,,,,,,,,Agriculture Forestry and Other Land Use,https://registry.verra.org/app/projectDetail/VCS/3145,,0,0,0,0,0,0,0,0,0,0,0,0,0,0,0,0,0,0,0,0,0,0,0,0,0,0,0,0,0,0,0,,,,2022-12-31,0,1,berkeley_vrod
VCS3210,Bajo Atrato REDD+ Project,VCS,No,Registration and verification approval requested,Forestry & Land Use,REDD+,Reduction,VM0009 Methodology for Avoided Ecosystem Conversion,,Latin America and the Caribbean,Colombia,,,Multiple Proponents,0,0,0,0,0,0,0,,0,0,0,0,0,0,0,0,0,0,0,0,0,0,0,0,0,0,0,0,0,0,0,0,0,0,0,0,0,0,0,0,0,0,0,0,0,0,0,0,0,0,0,0,0,0,0,0,0,0,0,0,0,0,0,0,0,0,0,0,0,0,0,0,0,0,0,0,0,0,0,0,0,0,0,0,0,0,0,0,0,0,0,0,0,0,0,0,0,0,0,0,0,0,,,,,668184.0,0,VCS,,,,,,,,Agriculture Forestry and Other Land Use,https://registry.verra.org/app/projectDetail/VCS/3210,,0,0,0,0,0,0,0,0,0,0,0,0,0,0,0,0,0,0,0,0,0,0,0,0,0,0,0,0,0,0,0,,,,2023-11-01,0,1,berkeley_vrod
VCS3215,ASATIQ Vaupés Maloca REDD+ Project,VCS,No,Registration and verification approval requested,Forestry & Land Use,REDD+,Reduction,VM0009 Methodology for Avoided Ecosystem Conversion,,Latin America and the Caribbean,Colombia,,,Association of Traditional Indigenous Authorities of Querarí (ASATIQ),0,0,0,0,0,0,0,,0,0,0,0,0,0,0,0,0,0,0,0,0,0,0,0,0,0,0,0,0,0,0,0,0,0,0,0,0,0,0,0,0,0,0,0,0,0,0,0,0,0,0,0,0,0,0,0,0,0,0,0,0,0,0,0,0,0,0,0,0,0,0,0,0,0,0,0,0,0,0,0,0,0,0,0,0,0,0,0,0,0,0,0,0,0,0,0,0,0,0,0,0,0,,,,,943225.0,0,VCS,,,,,,,,Agriculture Forestry and Other Land Use,https://registry.verra.org/app/projectDetail/VCS/3215,,0,0,0,0,0,0,0,0,0,0,0,0,0,0,0,0,0,0,0,0,0,0,0,0,0,0,0,0,0,0,0,,,,2023-11-01,0,1,berkeley_vrod
VCS3216,ASATRIZY Vaupés Maloca REDD+ Project,VCS,No,Registration and verification approval requested,Forestry & Land Use,REDD+,Reduction,VM0009 Methodology for Avoided Ecosystem Conversion,,Latin America and the Caribbean,Colombia,,,Association of Traditional Indigenous Authorities of the Yapú Zone (ASATRIZY),0,0,0,0,0,0,0,,0,0,0,0,0,0,0,0,0,0,0,0,0,0,0,0,0,0,0,0,0,0,0,0,0,0,0,0,0,0,0,0,0,0,0,0,0,0,0,0,0,0,0,0,0,0,0,0,0,0,0,0,0,0,0,0,0,0,0,0,0,0,0,0,0,0,0,0,0,0,0,0,0,0,0,0,0,0,0,0,0,0,0,0,0,0,0,0,0,0,0,0,0,0,,,,,355612.0,0,VCS,,,,,,,,Agriculture Forestry and Other Land Use,https://registry.verra.org/app/projectDetail/VCS/3216,,0,0,0,0,0,0,0,0,0,0,0,0,0,0,0,0,0,0,0,0,0,0,0,0,0,0,0,0,0,0,0,,,,2023-11-01,0,1,berkeley_vrod
VCS3217,REDD+ Project in the Alto Predio Putumayo Indigenous Reservation in Colombia,VCS,No,Under development,Forestry & Land Use,REDD+,Reduction,VM0009 Methodology for Avoided Ecosystem Conversion,,Latin America and the Caribbean,Colombia,,,"Asociación de Autoridades Tradicionales y Cabildos De Los Pueblos Indígenas Murui, Muinane, Coreguaje y Nasa Del Municipio De Leguizamo y Puerto Asis, Alto Resguardo Predio Putumayo - ACILAPP",0,0,0,0,0,0,0,,0,0,0,0,0,0,0,0,0,0,0,0,0,0,0,0,0,0,0,0,0,0,0,0,0,0,0,0,0,0,0,0,0,0,0,0,0,0,0,0,0,0,0,0,0,0,0,0,0,0,0,0,0,0,0,0,0,0,0,0,0,0,0,0,0,0,0,0,0,0,0,0,0,0,0,0,0,0,0,0,0,0,0,0,0,0,0,0,0,0,0,0,0,0,,,,,451387.0,0,VCS,,,,,,,,Agriculture Forestry and Other Land Use,https://registry.verra.org/app/projectDetail/VCS/3217,,0,0,0,0,0,0,0,0,0,0,0,0,0,0,0,0,0,0,0,0,0,0,0,0,0,0,0,0,0,0,0,,,,2025-12-31,0,1,berkeley_vrod
VCS3218,Origen Atrato-Baudó REDD+ Project,VCS,No,Registration and verification approval requested,Forestry & Land Use,REDD+,Reduction,VM0009 Methodology for Avoided Ecosystem Conversion,,Latin America and the Caribbean,Colombia,,,Multiple Proponents,0,0,0,0,0,0,0,,0,0,0,0,0,0,0,0,0,0,0,0,0,0,0,0,0,0,0,0,0,0,0,0,0,0,0,0,0,0,0,0,0,0,0,0,0,0,0,0,0,0,0,0,0,0,0,0,0,0,0,0,0,0,0,0,0,0,0,0,0,0,0,0,0,0,0,0,0,0,0,0,0,0,0,0,0,0,0,0,0,0,0,0,0,0,0,0,0,0,0,0,0,0,,,,,343528.0,0,VCS,,,,,,,,Agriculture Forestry and Other Land Use,https://registry.verra.org/app/projectDetail/VCS/3218,,0,0,0,0,0,0,0,0,0,0,0,0,0,0,0,0,0,0,0,0,0,0,0,0,0,0,0,0,0,0,0,,,,2024-03-31,0,1,berkeley_vrod
VCS3450,"Sustainable Agroforestry Cacao Meta, Colombia",VCS,No,Registered,Forestry & Land Use,Afforestation/Reforestation,Impermanent Removal,AR-ACM0003 Afforestation and reforestation of lands except wetlands,,Latin America and the Caribbean,Colombia,,,Multiple Proponents,0,0,0,0,0,0,0,,0,0,0,0,0,0,0,0,0,0,0,0,0,0,0,0,0,0,0,0,0,0,0,0,0,0,0,0,0,0,0,0,0,0,0,0,0,0,0,0,0,0,0,0,0,0,0,0,0,0,0,0,0,0,0,0,0,0,0,0,0,0,0,0,0,0,0,0,0,0,0,0,0,0,0,0,0,0,0,0,0,0,0,0,0,0,0,0,0,0,0,0,0,0,,,,,8405.0,0,VCS,,,,,,2025-08-04,,Agriculture Forestry and Other Land Use,https://registry.verra.org/app/projectDetail/VCS/3450,,0,0,0,0,0,0,0,0,0,0,0,0,0,0,0,0,0,0,0,0,0,0,0,0,0,0,0,0,0,0,0,,,,2023-05-10,0,1,berkeley_vrod
VCS3475,ACABA REDD+ Project,VCS,No,Under development,Forestry & Land Use,REDD+,Reduction,VM0009 Methodology for Avoided Ecosystem Conversion,,Latin America and the Caribbean,Colombia,,,"Consejo Comunitario General Del Río Baudo y sus Afluentes, ACABA",0,0,0,0,0,0,0,,0,0,0,0,0,0,0,0,0,0,0,0,0,0,0,0,0,0,0,0,0,0,0,0,0,0,0,0,0,0,0,0,0,0,0,0,0,0,0,0,0,0,0,0,0,0,0,0,0,0,0,0,0,0,0,0,0,0,0,0,0,0,0,0,0,0,0,0,0,0,0,0,0,0,0,0,0,0,0,0,0,0,0,0,0,0,0,0,0,0,0,0,0,0,,,,,208556.0,0,VCS,,,,,,,,Agriculture Forestry and Other Land Use,https://registry.verra.org/app/projectDetail/VCS/3475,,0,0,0,0,0,0,0,0,0,0,0,0,0,0,0,0,0,0,0,0,0,0,0,0,0,0,0,0,0,0,0,,,,2024-03-31,0,1,berkeley_vrod
VCS3564,REDD+ Project for the Conservation of Lowland Forest in the  Magdalena Medio Region of Colombia,VCS,No,Withdrawn,Forestry & Land Use,REDD+,Reduction,VM0015 Methodology for Avoided Unplanned Deforestation,,Latin America and the Caribbean,Colombia,,,Fundación Biodiversa Colombia (FBC),0,0,0,0,0,0,0,,0,0,0,0,0,0,0,0,0,0,0,0,0,0,0,0,0,0,0,0,0,0,0,0,0,0,0,0,0,0,0,0,0,0,0,0,0,0,0,0,0,0,0,0,0,0,0,0,0,0,0,0,0,0,0,0,0,0,0,0,0,0,0,0,0,0,0,0,0,0,0,0,0,0,0,0,0,0,0,0,0,0,0,0,0,0,0,0,0,0,0,0,0,0,,,,,20581.0,0,VCS,,,,,,,,Agriculture Forestry and Other Land Use,https://registry.verra.org/app/projectDetail/VCS/3564,,0,0,0,0,0,0,0,0,0,0,0,0,0,0,0,0,0,0,0,0,0,0,0,0,0,0,0,0,0,0,0,,,,2022-11-09,0,1,berkeley_vrod
VCS3594,Finca la Paz II,VCS,No,Registration and verification approval requested,Forestry & Land Use,Afforestation/Reforestation,Impermanent Removal,"VM0047 Afforestation, Reforestation, and Revegetation",,Latin America and the Caribbean,Colombia,,,Col La Paz,0,0,0,0,0,0,0,,0,0,0,0,0,0,0,0,0,0,0,0,0,0,0,0,0,0,0,0,0,0,0,0,0,0,0,0,0,0,0,0,0,0,0,0,0,0,0,0,0,0,0,0,0,0,0,0,0,0,0,0,0,0,0,0,0,0,0,0,0,0,0,0,0,0,0,0,0,0,0,0,0,0,0,0,0,0,0,0,0,0,0,0,0,0,0,0,0,0,0,0,0,0,,,,,110350.0,0,VCS,,,,,,,,Agriculture Forestry and Other Land Use,https://registry.verra.org/app/projectDetail/VCS/3594,,0,0,0,0,0,0,0,0,0,0,0,0,0,0,0,0,0,0,0,0,0,0,0,0,0,0,0,0,0,0,0,,,,2023-11-01,0,1,berkeley_vrod
VCS3646,Kúvay Macärö Vidi REDD+ Carurú -KUMAVI REDD+,VCS,No,Inactive,Forestry & Land Use,REDD+,Reduction,VM0015 Methodology for Avoided Unplanned Deforestation; VM0037 Methodology for Implementation of REDD+ Activities in Landscapes Affected by Mosaic Deforestation and Degradation,,Latin America and the Caribbean,Colombia,,,"RESGUARDO INDÍGENA ARARÁ, BACATÍ, CARURÚ Y LAGOS DE JAMAICURÚ",0,0,0,0,0,0,0,,0,0,0,0,0,0,0,0,0,0,0,0,0,0,0,0,0,0,0,0,0,0,0,0,0,0,0,0,0,0,0,0,0,0,0,0,0,0,0,0,0,0,0,0,0,0,0,0,0,0,0,0,0,0,0,0,0,0,0,0,0,0,0,0,0,0,0,0,0,0,0,0,0,0,0,0,0,0,0,0,0,0,0,0,0,0,0,0,0,0,0,0,0,0,,,,,300000.0,0,VCS,,,,,,,,Agriculture Forestry and Other Land Use,https://registry.verra.org/app/projectDetail/VCS/3646,,0,0,0,0,0,0,0,0,0,0,0,0,0,0,0,0,0,0,0,0,0,0,0,0,0,0,0,0,0,0,0,,,,2024-10-31,0,1,berkeley_vrod
VCS3690,PROJECT MATANI REDD+ DIOS MAYOR DE LOS PUEBLOS CABILLARI,VCS,No,Rejected by Administrator,Forestry & Land Use,REDD+,Reduction,VM0015 Methodology for Avoided Unplanned Deforestation,,Latin America and the Caribbean,Colombia,,,Multiple Proponents,0,0,0,0,0,0,0,,0,0,0,0,0,0,0,0,0,0,0,0,0,0,0,0,0,0,0,0,0,0,0,0,0,0,0,0,0,0,0,0,0,0,0,0,0,0,0,0,0,0,0,0,0,0,0,0,0,0,0,0,0,0,0,0,0,0,0,0,0,0,0,0,0,0,0,0,0,0,0,0,0,0,0,0,0,0,0,0,0,0,0,0,0,0,0,0,0,0,0,0,0,0,,,,,1067300.0,0,VCS,,,,,,,,Agriculture Forestry and Other Land Use,https://registry.verra.org/app/projectDetail/VCS/3690,,0,0,0,0,0,0,0,0,0,0,0,0,0,0,0,0,0,0,0,0,0,0,0,0,0,0,0,0,0,0,0,,,,2022-12-31,0,1,berkeley_vrod
VCS3849,THE FOREST CARBON PROJECT AGROREFORESTADORA RANCHO VICTORIA S. A,VCS,No,Rejected by Administrator,Forestry & Land Use,Afforestation/Reforestation,Impermanent Removal,AR-ACM0003 Afforestation and reforestation of lands except wetlands,,Latin America and the Caribbean,Colombia,,,AGROREFORESTADORA RANCHO VICTORIA S.A,0,0,0,0,0,0,0,,0,0,0,0,0,0,0,0,0,0,0,0,0,0,0,0,0,0,0,0,0,0,0,0,0,0,0,0,0,0,0,0,0,0,0,0,0,0,0,0,0,0,0,0,0,0,0,0,0,0,0,0,0,0,0,0,0,0,0,0,0,0,0,0,0,0,0,0,0,0,0,0,0,0,0,0,0,0,0,0,0,0,0,0,0,0,0,0,0,0,0,0,0,0,,,,,120048.0,0,VCS,,,,,,2023-01-09,,Agriculture Forestry and Other Land Use,https://registry.verra.org/app/projectDetail/VCS/3849,,0,0,0,0,0,0,0,0,0,0,0,0,0,0,0,0,0,0,0,0,0,0,0,0,0,0,0,0,0,0,0,,,,2022-12-31,0,1,berkeley_vrod
VCS3927,CARBONO VIVO- A REGENERATIVE LIVESTOCK CARBON PROJECT WITH A PARTICIPATORY APPROACH IN COLOMBIA,VCS,No,Registration and verification approval requested,Forestry & Land Use,Sustainable Grassland Management,Mixed,VM0042 Methodology for Improved Agricultural Land Management,,Latin America and the Caribbean,Colombia,,,Multiple Proponents,0,0,0,0,0,0,0,,0,0,0,0,0,0,0,0,0,0,0,0,0,0,0,0,0,0,0,0,0,0,0,0,0,0,0,0,0,0,0,0,0,0,0,0,0,0,0,0,0,0,0,0,0,0,0,0,0,0,0,0,0,0,0,0,0,0,0,0,0,0,0,0,0,0,0,0,0,0,0,0,0,0,0,0,0,0,0,0,0,0,0,0,0,0,0,0,0,0,0,0,0,0,,,,,841472.0,0,VCS,,,,,,,,Agriculture Forestry and Other Land Use,https://registry.verra.org/app/projectDetail/VCS/3927,,0,0,0,0,0,0,0,0,0,0,0,0,0,0,0,0,0,0,0,0,0,0,0,0,0,0,0,0,0,0,0,,,,2024-08-31,0,1,berkeley_vrod
VCS3970,Carbon In Flavor and Arome Forests (C-BOSAR),VCS,No,Registered,Forestry & Land Use,Afforestation/Reforestation,Impermanent Removal,AR-ACM0003 Afforestation and reforestation of lands except wetlands,,Latin America and the Caribbean,Colombia,,,Multiple Proponents,0,0,0,0,0,0,0,,0,0,0,0,0,0,0,0,0,0,0,0,0,0,0,0,0,0,0,0,0,0,0,0,0,0,0,0,0,0,0,0,0,0,0,0,0,0,0,0,0,0,0,0,0,0,0,0,0,0,0,0,0,0,0,0,0,0,0,0,0,0,0,0,0,0,0,0,0,0,0,0,0,0,0,0,0,0,0,0,0,0,0,0,0,0,0,0,0,0,0,0,0,0,,,,,10247.0,0,VCS,,,,,,2024-05-09,,Agriculture Forestry and Other Land Use,https://registry.verra.org/app/projectDetail/VCS/3970,,0,0,0,0,0,0,0,0,0,0,0,0,0,0,0,0,0,0,0,0,0,0,0,0,0,0,0,0,0,0,0,,,,2023-05-10,0,1,berkeley_vrod
VCS4419,Project MATANI REDD+ DIOS MAYOR DE LOS PUEBLOS CABILLARI CONSERVACION ANCESTRAL,VCS,No,Withdrawn,Forestry & Land Use,REDD+,Reduction,VM0015 Methodology for Avoided Unplanned Deforestation,,Latin America and the Caribbean,Colombia,,,Multiple Proponents,0,0,0,0,0,0,0,,0,0,0,0,0,0,0,0,0,0,0,0,0,0,0,0,0,0,0,0,0,0,0,0,0,0,0,0,0,0,0,0,0,0,0,0,0,0,0,0,0,0,0,0,0,0,0,0,0,0,0,0,0,0,0,0,0,0,0,0,0,0,0,0,0,0,0,0,0,0,0,0,0,0,0,0,0,0,0,0,0,0,0,0,0,0,0,0,0,0,0,0,0,0,,,,,1067300.0,0,VCS,,,,,,,,Agriculture Forestry and Other Land Use,https://registry.verra.org/app/projectDetail/VCS/4419,,0,0,0,0,0,0,0,0,0,0,0,0,0,0,0,0,0,0,0,0,0,0,0,0,0,0,0,0,0,0,0,,,,2023-11-01,0,1,berkeley_vrod
VCS4480,REDD++ Manglares del Bajo Baudo,VCS,No,Under validation,Forestry & Land Use,REDD+,Reduction,VM0007 REDD+ Methodology Framework (REDD-MF),,Latin America and the Caribbean,Colombia,,,Multiple Proponents,0,0,0,0,0,0,0,,0,0,0,0,0,0,0,0,0,0,0,0,0,0,0,0,0,0,0,0,0,0,0,0,0,0,0,0,0,0,0,0,0,0,0,0,0,0,0,0,0,0,0,0,0,0,0,0,0,0,0,0,0,0,0,0,0,0,0,0,0,0,0,0,0,0,0,0,0,0,0,0,0,0,0,0,0,0,0,0,0,0,0,0,0,0,0,0,0,0,0,0,0,0,,,,,127026.0,0,VCS,,,,,,,,Agriculture Forestry and Other Land Use,https://registry.verra.org/app/projectDetail/VCS/4480,,0,0,0,0,0,0,0,0,0,0,0,0,0,0,0,0,0,0,0,0,0,0,0,0,0,0,0,0,0,0,0,,,,2024-12-31,0,1,berkeley_vrod
VCS4536,REDD+ Esteros y Manglares,VCS,No,Inactive,Forestry & Land Use,REDD+,Reduction,VM0007 REDD+ Methodology Framework (REDD-MF),,Latin America and the Caribbean,Colombia,,,Multiple Proponents,0,0,0,0,0,0,0,,0,0,0,0,0,0,0,0,0,0,0,0,0,0,0,0,0,0,0,0,0,0,0,0,0,0,0,0,0,0,0,0,0,0,0,0,0,0,0,0,0,0,0,0,0,0,0,0,0,0,0,0,0,0,0,0,0,0,0,0,0,0,0,0,0,0,0,0,0,0,0,0,0,0,0,0,0,0,0,0,0,0,0,0,0,0,0,0,0,0,0,0,0,0,,,,,44167.0,0,VCS,,,,,,,,Agriculture Forestry and Other Land Use,https://registry.verra.org/app/projectDetail/VCS/4536,,0,0,0,0,0,0,0,0,0,0,0,0,0,0,0,0,0,0,0,0,0,0,0,0,0,0,0,0,0,0,0,,,,2024-08-31,0,1,berkeley_vrod
VCS4732,"NatureRe assisted natural regeneration project in degraded lands in Antioquia, Colombia",VCS,No,Registered,Forestry & Land Use,Afforestation/Reforestation,Impermanent Removal,AR-ACM0003 Afforestation and reforestation of lands except wetlands,,Latin America and the Caribbean,Colombia,,,Multiple Proponents,0,0,0,0,0,0,0,,0,0,0,0,0,0,0,0,0,0,0,0,0,0,0,0,0,0,0,0,0,0,0,0,0,0,0,0,0,0,0,0,0,0,0,0,0,0,0,0,0,0,0,0,0,0,0,0,0,0,0,0,0,0,0,0,0,0,0,0,0,0,0,0,0,0,0,0,0,0,0,0,0,0,0,0,0,0,0,0,0,0,0,0,0,0,0,0,0,0,0,0,0,0,,,,,37467.0,0,VCS,,,,,,2025-04-23,,Agriculture Forestry and Other Land Use,https://registry.verra.org/app/projectDetail/VCS/4732,,0,0,0,0,0,0,0,0,0,0,0,0,0,0,0,0,0,0,0,0,0,0,0,0,0,0,0,0,0,0,0,,,,2023-12-31,0,1,berkeley_vrod
VCS4748,RESTORED PRODUCTIVE LANDSCAPES IN THE MAGDALENA RIVER MIDDLE BASIN IN COLOMBIA,VCS,No,Registration requested,Forestry & Land Use,Afforestation/Reforestation,Impermanent Removal,AR-ACM0003 Afforestation and reforestation of lands except wetlands,,Latin America and the Caribbean,Colombia,,,FUNDACIÓN PROYECTO PRIMATES - FPP,0,0,0,0,0,0,0,,0,0,0,0,0,0,0,0,0,0,0,0,0,0,0,0,0,0,0,0,0,0,0,0,0,0,0,0,0,0,0,0,0,0,0,0,0,0,0,0,0,0,0,0,0,0,0,0,0,0,0,0,0,0,0,0,0,0,0,0,0,0,0,0,0,0,0,0,0,0,0,0,0,0,0,0,0,0,0,0,0,0,0,0,0,0,0,0,0,0,0,0,0,0,,,,,231.0,0,VCS,,,,,,,,Agriculture Forestry and Other Land Use,https://registry.verra.org/app/projectDetail/VCS/4748,,0,0,0,0,0,0,0,0,0,0,0,0,0,0,0,0,0,0,0,0,0,0,0,0,0,0,0,0,0,0,0,,,,2024-08-31,0,1,berkeley_vrod
VCS4777,NATURAL SILVOPASTORAL SYSTEMS IN THE COLOMBIAN ORINOQUIA REGION,VCS,No,Under development,Agriculture,Sustainable Agriculture,Mixed,VM0042 Methodology for Improved Agricultural Land Management,,Latin America and the Caribbean,Colombia,,,Agropecuaria Bambusa SAS,0,0,0,0,0,0,0,,0,0,0,0,0,0,0,0,0,0,0,0,0,0,0,0,0,0,0,0,0,0,0,0,0,0,0,0,0,0,0,0,0,0,0,0,0,0,0,0,0,0,0,0,0,0,0,0,0,0,0,0,0,0,0,0,0,0,0,0,0,0,0,0,0,0,0,0,0,0,0,0,0,0,0,0,0,0,0,0,0,0,0,0,0,0,0,0,0,0,0,0,0,0,,,,,248916.0,0,VCS,,,,,,,,Agriculture Forestry and Other Land Use,https://registry.verra.org/app/projectDetail/VCS/4777,,0,0,0,0,0,0,0,0,0,0,0,0,0,0,0,0,0,0,0,0,0,0,0,0,0,0,0,0,0,0,0,,,,2023-12-31,0,1,berkeley_vrod
VCS4894,"MÜSESI project for active restoration in areas of the Sierra Nevada Santa Marta, Colombia",VCS,No,Under development,Forestry & Land Use,Afforestation/Reforestation,Impermanent Removal,"VM0047 Afforestation, Reforestation, and Revegetation",,Latin America and the Caribbean,Colombia,,,ALLCOT A.G.,0,0,0,0,0,0,0,,0,0,0,0,0,0,0,0,0,0,0,0,0,0,0,0,0,0,0,0,0,0,0,0,0,0,0,0,0,0,0,0,0,0,0,0,0,0,0,0,0,0,0,0,0,0,0,0,0,0,0,0,0,0,0,0,0,0,0,0,0,0,0,0,0,0,0,0,0,0,0,0,0,0,0,0,0,0,0,0,0,0,0,0,0,0,0,0,0,0,0,0,0,0,,,,,50153.0,0,VCS,,,,,,,,Agriculture Forestry and Other Land Use,https://registry.verra.org/app/projectDetail/VCS/4894,,0,0,0,0,0,0,0,0,0,0,0,0,0,0,0,0,0,0,0,0,0,0,0,0,0,0,0,0,0,0,0,,,,2024-08-31,0,1,berkeley_vrod
VCS5169,Sembrando Futuro 2.0,VCS,No,Under validation,Forestry & Land Use,Afforestation/Reforestation,Impermanent Removal,"VM0047 Afforestation, Reforestation, and Revegetation",,Latin America and the Caribbean,Colombia,,,Terraformation Inc.,0,0,0,0,0,0,0,,0,0,0,0,0,0,0,0,0,0,0,0,0,0,0,0,0,0,0,0,0,0,0,0,0,0,0,0,0,0,0,0,0,0,0,0,0,0,0,0,0,0,0,0,0,0,0,0,0,0,0,0,0,0,0,0,0,0,0,0,0,0,0,0,0,0,0,0,0,0,0,0,0,0,0,0,0,0,0,0,0,0,0,0,0,0,0,0,0,0,0,0,0,0,,,,,3982.0,0,VCS,,,,,,,,Agriculture Forestry and Other Land Use,https://registry.verra.org/app/projectDetail/VCS/5169,,0,0,0,0,0,0,0,0,0,0,0,0,0,0,0,0,0,0,0,0,0,0,0,0,0,0,0,0,0,0,0,,,,2024-08-31,0,1,berkeley_vrod
VCS5305,Bella Bosque Vichada Afforestation Project,VCS,No,Under validation,Forestry & Land Use,Afforestation/Reforestation,Impermanent Removal,"VM0047 Afforestation, Reforestation, and Revegetation",,Latin America and the Caribbean,Colombia,,,Multiple Proponents,0,0,0,0,0,0,0,,0,0,0,0,0,0,0,0,0,0,0,0,0,0,0,0,0,0,0,0,0,0,0,0,0,0,0,0,0,0,0,0,0,0,0,0,0,0,0,0,0,0,0,0,0,0,0,0,0,0,0,0,0,0,0,0,0,0,0,0,0,0,0,0,0,0,0,0,0,0,0,0,0,0,0,0,0,0,0,0,0,0,0,0,0,0,0,0,0,0,0,0,0,0,,,,,512.0,0,VCS,,,,,,,,Agriculture Forestry and Other Land Use,https://registry.verra.org/app/projectDetail/VCS/5305,,0,0,0,0,0,0,0,0,0,0,0,0,0,0,0,0,0,0,0,0,0,0,0,0,0,0,0,0,0,0,0,,,,2025-04-30,0,1,berkeley_vrod
VCS5324,Sembrando Futuro Restoration Project,VCS,No,Withdrawn,Forestry & Land Use,Afforestation/Reforestation,Impermanent Removal,"VM0047 Afforestation, Reforestation, and Revegetation",,Latin America and the Caribbean,Colombia,,,Fundación Grupo Argos,0,0,0,0,0,0,0,,0,0,0,0,0,0,0,0,0,0,0,0,0,0,0,0,0,0,0,0,0,0,0,0,0,0,0,0,0,0,0,0,0,0,0,0,0,0,0,0,0,0,0,0,0,0,0,0,0,0,0,0,0,0,0,0,0,0,0,0,0,0,0,0,0,0,0,0,0,0,0,0,0,0,0,0,0,0,0,0,0,0,0,0,0,0,0,0,0,0,0,0,0,0,,,,,10740.0,0,VCS,,,,,,,,Agriculture Forestry and Other Land Use,https://registry.verra.org/app/projectDetail/VCS/5324,,0,0,0,0,0,0,0,0,0,0,0,0,0,0,0,0,0,0,0,0,0,0,0,0,0,0,0,0,0,0,0,,,,2025-02-28,0,1,berkeley_vrod
VCS5335,Boomitra grassland Restoration in Colombia,VCS,No,Under development,Forestry & Land Use,Sustainable Grassland Management,Mixed,VM0042 Methodology for Improved Agricultural Land Management,,Latin America and the Caribbean,Colombia,,,Boomitra Inc,0,0,0,0,0,0,0,,0,0,0,0,0,0,0,0,0,0,0,0,0,0,0,0,0,0,0,0,0,0,0,0,0,0,0,0,0,0,0,0,0,0,0,0,0,0,0,0,0,0,0,0,0,0,0,0,0,0,0,0,0,0,0,0,0,0,0,0,0,0,0,0,0,0,0,0,0,0,0,0,0,0,0,0,0,0,0,0,0,0,0,0,0,0,0,0,0,0,0,0,0,0,,,,,666484.0,0,VCS,,,,,,,,Agriculture Forestry and Other Land Use,https://registry.verra.org/app/projectDetail/VCS/5335,,0,0,0,0,0,0,0,0,0,0,0,0,0,0,0,0,0,0,0,0,0,0,0,0,0,0,0,0,0,0,0,,,,2024-12-31,0,1,berkeley_vrod
VCS5680,CO2ROZO,VCS,No,Under development,Forestry & Land Use,REDD+,Reduction,VM0007 REDD+ Methodology Framework (REDD-MF); VM0042 Methodology for Improved Agricultural Land Management,,Latin America and the Caribbean,Colombia,,,FUNDACIÓN CATARUBEN,0,0,0,0,0,0,0,,0,0,0,0,0,0,0,0,0,0,0,0,0,0,0,0,0,0,0,0,0,0,0,0,0,0,0,0,0,0,0,0,0,0,0,0,0,0,0,0,0,0,0,0,0,0,0,0,0,0,0,0,0,0,0,0,0,0,0,0,0,0,0,0,0,0,0,0,0,0,0,0,0,0,0,0,0,0,0,0,0,0,0,0,0,0,0,0,0,0,0,0,0,0,,,,,336242.0,0,VCS,,,,,,,,Agriculture Forestry and Other Land Use,https://registry.verra.org/app/projectDetail/VCS/5680,,0,0,0,0,0,0,0,0,0,0,0,0,0,0,0,0,0,0,0,0,0,0,0,0,0,0,0,0,0,0,0,,,,2025-08-31,0,1,berkeley_vrod
VCS5908,Electric Mobility Program Colombia,VCS,No,Under validation,Transportation,Electric Vehicles & Charging,Reduction,VM0038 Methodology for Electric Vehicle Charging Systems,,Latin America and the Caribbean,Colombia,,,Grutter Consulting AG,0,0,0,0,0,0,0,,0,0,0,0,0,0,0,0,0,0,0,0,0,0,0,0,0,0,0,0,0,0,0,0,0,0,0,0,0,0,0,0,0,0,0,0,0,0,0,0,0,0,0,0,0,0,0,0,0,0,0,0,0,0,0,0,0,0,0,0,0,0,0,0,0,0,0,0,0,0,0,0,0,0,0,0,0,0,0,0,0,0,0,0,0,0,0,0,0,0,0,0,0,0,,,,,596272.0,0,VCS,,,,,,,,Transport,https://registry.verra.org/app/projectDetail/VCS/5908,,0,0,0,0,0,0,0,0,0,0,0,0,0,0,0,0,0,0,0,0,0,0,0,0,0,0,0,0,0,0,0,,,,2026-02-28,0,1,berkeley_vrod
