clave,fuente,nombre_proyecto,COD_DANE,NOMBRE_MPI,clasificacion_sugerida,motivo_sugerencia,clasificacion_final,justificacion,clase_redd_sugerida,motivo_redd,clase_redd_final,justificacion_redd,sector__actividades,sector__afolu_activities,sector__clase_metodologia,sector__es_wrc,sector__estado_registro,sector__methodology,sector__programme_of_activities,sector__projectType,sector__sectoralScope,sector__status_registro,sector__tipo
verra|acaba redd+ project,verra,ACABA REDD+ Project,27025,ALTO BAUDÓ,AFOLU,clase_metodologia: REDD_ESTRICTO,AFOLU,,REDD,metodologia VCS: VM0009 (Version NA),REDD,,,REDD,REDD_ESTRICTO,False,S1,VM0009 (Version NA),,,Agriculture Forestry and Other Land Use,Pipeline listing (under development) approved,
verra|acapa -­ bajo mira y frontera redd+ project,verra,Acapa -­ Bajo Mira Y Frontera REDD+ Project,52835,SAN ANDRÉS DE TUMACO,AFOLU,clase_metodologia: REDD_ESTRICTO,AFOLU,,REDD,metodologia VCS: VM0006 (Version NA),REDD,,,REDD,REDD_ESTRICTO,False,S3,VM0006 (Version NA),,,Agriculture Forestry and Other Land Use,Registered,
"verra|afforestation of degraded grasslands in vichada, colombia",verra,"AFFORESTATION OF DEGRADED GRASSLANDS IN VICHADA, COLOMBIA",99001,PUERTO CARREÑO,AFOLU,clase_metodologia: AFOLU_NO_REDD,AFOLU,,NO_REDD,clase_metodologia: AFOLU_NO_REDD,NO_REDD,,,ARR,AFOLU_NO_REDD,False,S3,AR-ACM0003 (Version NA),,,Agriculture Forestry and Other Land Use,Registered,
verra|asatiq vaupes maloca redd+ project,verra,ASATIQ Vaupés Maloca REDD+ Project,97001,MITÚ,AFOLU,clase_metodologia: REDD_ESTRICTO,AFOLU,,REDD,metodologia VCS: VM0009 (Version NA),REDD,,,REDD,REDD_ESTRICTO,False,S1,VM0009 (Version NA),,,Agriculture Forestry and Other Land Use,Inactive,
verra|asatrizy vaupes maloca redd+ project,verra,ASATRIZY Vaupés Maloca REDD+ Project,97001,MITÚ,AFOLU,clase_metodologia: REDD_ESTRICTO,AFOLU,,REDD,metodologia VCS: VM0009 (Version NA),REDD,,,REDD,REDD_ESTRICTO,False,S2,VM0009 (Version NA),,,Agriculture Forestry and Other Land Use,Registration and verification approval requested,
verra|axia energia cogeneration project in familia,verra,AXIA Energia Cogeneration Project in Familia,05001,MEDELLÍN,NO_AFOLU,clase_metodologia: NO_AFOLU,NO_AFOLU,,NO_REDD,clase_metodologia: NO_AFOLU,NO_REDD,,,,NO_AFOLU,False,S1,AMS-II.D. (Version NA),,,Manufacturing industries,Pipeline listing (under development) approved,
verra|axia energia cogeneration project in unibol,verra,AXIA Energia Cogeneration Project in Unibol,08758,SOLEDAD,NO_AFOLU,clase_metodologia: NO_AFOLU,NO_AFOLU,,NO_REDD,clase_metodologia: NO_AFOLU,NO_REDD,,,,NO_AFOLU,False,S1,AMS-II.D. (Version 13),,,Manufacturing industries,Pipeline listing (under development) approved,
verra|bajo atrato redd+ project,verra,Bajo Atrato REDD+ Project,27615,RIOSUCIO,AFOLU,clase_metodologia: REDD_ESTRICTO,AFOLU,,REDD,metodologia VCS: VM0009 (Version NA),REDD,,,REDD,REDD_ESTRICTO,False,S2,VM0009 (Version NA),,,Agriculture Forestry and Other Land Use,Registration and verification approval requested,
verra|bajo calima y bahia malaga (bcbm) redd+ project,verra,Bajo Calima y Bahía Málaga (BCBM) REDD+ Project,76109,BUENAVENTURA,AFOLU,clase_metodologia: REDD_ESTRICTO,AFOLU,,REDD,metodologia VCS: VM0006 (Version NA),REDD,,,REDD,REDD_ESTRICTO,False,S3,VM0006 (Version NA),,,Agriculture Forestry and Other Land Use,Registered,
verra|bella bosque vichada afforestation project,verra,Bella Bosque Vichada Afforestation Project,99524,LA PRIMAVERA,AFOLU,clase_metodologia: AFOLU_NO_REDD,AFOLU,,NO_REDD,clase_metodologia: AFOLU_NO_REDD,NO_REDD,,,ARR,AFOLU_NO_REDD,False,S1,VM0047 (Version NA),,,Agriculture Forestry and Other Land Use,Under validation (Public comment period closed),
"verra|bionersis landfill project in pasto, colombia",verra,"Bionersis landfill  project in Pasto, Colombia",52001,PASTO,NO_AFOLU,clase_metodologia: NO_AFOLU,NO_AFOLU,,NO_REDD,clase_metodologia: NO_AFOLU,NO_REDD,,,,NO_AFOLU,False,S2,AMS-III.G. (Version NA),,,Waste handling and disposal,Late to Verify,
"verra|bionersis landfill project in pasto, colombia",verra,"Bionersis landfill project in Pasto, Colombia",86757,SAN MIGUEL,NO_AFOLU,clase_metodologia: NO_AFOLU,NO_AFOLU,,NO_REDD,clase_metodologia: NO_AFOLU,NO_REDD,,,,NO_AFOLU,False,S2,ACM0001 (Version NA),,,Energy industries (renewable/non-renewable sources),Late to Verify,
verra|blue carbon project gulf of morrosquillo “vida manglar”,verra,BLUE CARBON PROJECT GULF OF MORROSQUILLO “VIDA MANGLAR”,23672,SAN ANTERO,AFOLU,clase_metodologia: REDD_ESTRICTO,AFOLU,,REDD,metodologia VCS: VM0007 (Version NA),REDD,,,REDD,REDD_ESTRICTO,False,S2,VM0007 (Version NA),,,Agriculture Forestry and Other Land Use,Late to Verify,
verra|boomitra grassland restoration in colombia,verra,Boomitra grassland Restoration in Colombia,20295,GAMARRA,AFOLU,clase_metodologia: AFOLU_NO_REDD,AFOLU,,NO_REDD,clase_metodologia: AFOLU_NO_REDD,NO_REDD,,,ALM,AFOLU_NO_REDD,False,S1,VM0042 (Version NA),,,Agriculture Forestry and Other Land Use,Pipeline listing (under development) approved,
verra|cajambre redd+ project,verra,Cajambre REDD+ Project,76109,BUENAVENTURA,AFOLU,clase_metodologia: REDD_ESTRICTO,AFOLU,,REDD,metodologia VCS: VM0006 (Version NA),REDD,,,REDD,REDD_ESTRICTO,False,S3,VM0006 (Version NA),,,Agriculture Forestry and Other Land Use,Registered,
verra|carbon in flavor and arome forests (c-bosar),verra,Carbon In Flavor and Arome Forests (C-BOSAR),20570,PUEBLO BELLO,AFOLU,clase_metodologia: AFOLU_NO_REDD,AFOLU,,NO_REDD,clase_metodologia: AFOLU_NO_REDD,NO_REDD,,,ARR,AFOLU_NO_REDD,False,S3,AR-ACM0003 (Version 2),,,Agriculture Forestry and Other Land Use,Registered,
verra|carbono vivo- a regenerative livestock carbon project with a participatory approach in colombia,verra,CARBONO VIVO- A REGENERATIVE LIVESTOCK CARBON PROJECT WITH A PARTICIPATORY APPROACH IN COLOMBIA,50573,PUERTO LÓPEZ,AFOLU,clase_metodologia: AFOLU_NO_REDD,AFOLU,,NO_REDD,clase_metodologia: AFOLU_NO_REDD,NO_REDD,,,ALM,AFOLU_NO_REDD,False,S2,VM0042 (Version 2),,,Agriculture Forestry and Other Land Use,Registration and verification approval requested,
verra|carmen del darien (cdd) redd+ project,verra,Carmen del Darién (CDD) REDD+ Project,27150,CARMEN DEL DARIÉN,AFOLU,clase_metodologia: REDD_ESTRICTO,AFOLU,,REDD,metodologia VCS: VM0006 (Version NA),REDD,,,REDD,REDD_ESTRICTO,False,S3,VM0006 (Version NA),,,Agriculture Forestry and Other Land Use,Registered,
verra|caruquia 9.76 mw hydroelectric project,verra,Caruquia 9.76 MW Hydroelectric Project,05686,SANTA ROSA DE OSOS,NO_AFOLU,clase_metodologia: NO_AFOLU,NO_AFOLU,,NO_REDD,clase_metodologia: NO_AFOLU,NO_REDD,,,,NO_AFOLU,False,S2,AMS-I.D. (Version NA),,,Energy industries (renewable/non-renewable sources),Late to Verify,
verra|chonta corozo redd+,verra,CHONTA COROZO REDD+,19318,GUAPI,AFOLU,clase_metodologia: REDD_ESTRICTO,AFOLU,,REDD,metodologia VCS: VM0007 (Version NA),REDD,,,REDD,REDD_ESTRICTO,False,S1,VM0007 (Version NA),,,Agriculture Forestry and Other Land Use,Pipeline listing requested (under development),
verra|co2rozo,verra,CO2ROZO,08001,BARRANQUILLA,AFOLU,clase_metodologia: REDD_ESTRICTO,AFOLU,,REDD,"metodologia VCS: VM0007 (Version NA), VM0042 (Version NA)",REDD,,,"ALM,REDD,WRC",REDD_ESTRICTO,True,S1,"VM0007 (Version NA), VM0042 (Version NA)",,,Agriculture Forestry and Other Land Use,Pipeline listing (under development) approved,
"verra|cocomacia community redd+ program, choco/antioquia colombia",verra,"COCOMACIA COMMUNITY REDD+ PROGRAM, CHOCO/ANTIOQUIA COLOMBIA",27001,QUIBDÓ,AFOLU,clase_metodologia: REDD_ESTRICTO,AFOLU,,REDD,"metodologia VCS: VM0006 (Version NA), VM0048 (Version NA)",REDD,,,REDD,REDD_ESTRICTO,False,S1,"VM0006 (Version NA), VM0048 (Version NA)",,,Agriculture Forestry and Other Land Use,Under validation (Public comment period closed),
verra|concosta redd+ project,verra,Concosta REDD+ Project,27077,BAJO BAUDÓ,AFOLU,clase_metodologia: REDD_ESTRICTO,AFOLU,,REDD,metodologia VCS: VM0006 (Version NA),REDD,,,REDD,REDD_ESTRICTO,False,S3,VM0006 (Version NA),,,Agriculture Forestry and Other Land Use,Registered,
verra|condoto redd+,verra,CONDOTO REDD+,27205,CONDOTO,AFOLU,clase_metodologia: REDD_ESTRICTO,AFOLU,,REDD,metodologia VCS: VM0007 (Version NA),REDD,,,REDD,REDD_ESTRICTO,False,S2,VM0007 (Version NA),,,Agriculture Forestry and Other Land Use,Verification approval requested,
"verra|consejos comunitarios del pacifico valle del cauca (ccpvc) programa redd+ valle del cauca, colombia",verra,"CONSEJOS COMUNITARIOS DEL PACIFICO VALLE DEL CAUCA (CCPVC) PROGRAMA REDD+ VALLE DEL CAUCA, COLOMBIA",76109,BUENAVENTURA,AFOLU,clase_metodologia: REDD_ESTRICTO,AFOLU,,REDD,metodologia VCS: VM0006 (Version NA),REDD,,,REDD,REDD_ESTRICTO,False,S1,VM0006 (Version NA),,,Agriculture Forestry and Other Land Use,Pipeline listing (under development) approved,
verra|conservacion de los ecosistemas y el almacen de carbono region de transicion guayano amazonica 'flor de inirida',verra,Conservación de los Ecosistemas y el Almacén de Carbono Región de Transición Guayano Amazónica 'Flor de Inírida',94001,INÍRIDA,AFOLU,clase_metodologia: REDD_ESTRICTO,AFOLU,,REDD,metodologia VCS: VM0007 (Version NA),REDD,,,REDD,REDD_ESTRICTO,False,S1,VM0007 (Version NA),,,Agriculture Forestry and Other Land Use,Withdrawn,
"verra|conservation project redd+ sur del meta bosques de paz, sustento de vida",verra,"CONSERVATION PROJECT REDD+ SUR DEL META BOSQUES DE PAZ, SUSTENTO DE VIDA",50590,PUERTO RICO,AFOLU,clase_metodologia: REDD_ESTRICTO,AFOLU,,REDD,metodologia VCS: VM0015 (Version 1.1),REDD,,,REDD,REDD_ESTRICTO,False,S3,VM0015 (Version 1.1),,,Agriculture Forestry and Other Land Use,Registered,
verra|crima predio putumayo y andoque de aduche redd+ project,verra,CRIMA PREDIO PUTUMAYO Y ANDOQUE DE ADUCHE REDD+  PROJECT,18756,SOLANO,AFOLU,clase_metodologia: REDD_ESTRICTO,AFOLU,,REDD,metodologia VCS: VM0007 (Version NA),REDD,,,REDD,REDD_ESTRICTO,False,S1,VM0007 (Version NA),,,Agriculture Forestry and Other Land Use,Withdrawn,
verra|cumare carbon project,verra,Cumare carbon project,50689,SAN MARTÍN,AFOLU,clase_metodologia: AFOLU_NO_REDD,AFOLU,,NO_REDD,clase_metodologia: AFOLU_NO_REDD,NO_REDD,,,ARR,AFOLU_NO_REDD,False,S3,AR-ACM0003 (Version NA),,,Agriculture Forestry and Other Land Use,Registered,
verra|curva de rodas and la pradera landfill gas management project,verra,Curva de Rodas and La Pradera landfill gas management project,05212,COPACABANA,NO_AFOLU,clase_metodologia: NO_AFOLU,NO_AFOLU,,NO_REDD,clase_metodologia: NO_AFOLU,NO_REDD,,,,NO_AFOLU,False,S2,ACM0001 (Version NA),,,Waste handling and disposal,Late to Verify,
verra|el estero biogas recovery and utilization,verra,El Estero biogas recovery and utilization,85139,MANÍ,NO_AFOLU,clase_metodologia: NO_AFOLU,NO_AFOLU,,NO_REDD,clase_metodologia: NO_AFOLU,NO_REDD,,,,NO_AFOLU,False,S1,AMS-III.H. (Version NA),,,"Energy industries (renewable/non-renewable sources), Waste handling and disposal",Under validation (Public comment period open),
verra|el molino-san matias hydroelectric projects,verra,El Molino-San Matias hydroelectric projects,05197,COCORNÁ,NO_AFOLU,clase_metodologia: NO_AFOLU,NO_AFOLU,,NO_REDD,clase_metodologia: NO_AFOLU,NO_REDD,,,,NO_AFOLU,False,S2,ACM0002 (Version 18.1),,,Energy industries (renewable/non-renewable sources),Verification approval requested,
verra|electric mobility program colombia,verra,Electric Mobility Program Colombia,50573,PUERTO LÓPEZ,NO_AFOLU,clase_metodologia: NO_AFOLU,NO_AFOLU,,NO_REDD,clase_metodologia: NO_AFOLU,NO_REDD,,,,NO_AFOLU,False,S1,VM0038 (Version 1),,,Transport,Registration requested,
verra|epm grouped natural gas project,verra,EPM Grouped Natural Gas Project,05615,RIONEGRO,NO_AFOLU,clase_metodologia: NO_AFOLU,NO_AFOLU,,NO_REDD,clase_metodologia: NO_AFOLU,NO_REDD,,,,NO_AFOLU,False,S1,ACM0009 (Version NA),,,"Energy industries (renewable/non-renewable sources), Manufacturing industries",Under validation (Public comment period closed),
verra|escuela de minas hydroelectric project,verra,Escuela de Minas Hydroelectric Project,05440,MARINILLA,NO_AFOLU,clase_metodologia: NO_AFOLU,NO_AFOLU,,NO_REDD,clase_metodologia: NO_AFOLU,NO_REDD,,,,NO_AFOLU,False,S3,ACM0002 (Version 17),,,Energy industries (renewable/non-renewable sources),Registered,
verra|finca la paz ii,verra,Finca la Paz II,99001,PUERTO CARREÑO,AFOLU,clase_metodologia: AFOLU_NO_REDD,AFOLU,,NO_REDD,clase_metodologia: AFOLU_NO_REDD,NO_REDD,,,ARR,AFOLU_NO_REDD,False,S2,VM0047 (Version NA),,,Agriculture Forestry and Other Land Use,Registration and verification approval requested,
"verra|forestry project for the basin of the chinchina river, an environmental and productive alternative for the city and the region",verra,"Forestry Project for the Basin of the Chinchina River, an Environmental and Productive Alternative for the City and the Region",73043,ANZOÁTEGUI,AFOLU,clase_metodologia: AFOLU_NO_REDD,AFOLU,,NO_REDD,clase_metodologia: AFOLU_NO_REDD,NO_REDD,,,ARR,AFOLU_NO_REDD,False,S2,AR-ACM0003 (Version 2),,,Agriculture Forestry and Other Land Use,Late to Verify,
verra|forestry project “more forests for medellin”,verra,Forestry Project “More Forests for Medellin”,05001,MEDELLÍN,AFOLU,clase_metodologia: AFOLU_NO_REDD,AFOLU,,NO_REDD,clase_metodologia: AFOLU_NO_REDD,NO_REDD,,,,AFOLU_NO_REDD,False,S1,AR-ACM0003 (Version 2),,,Agriculture Forestry and Other Land Use,Withdrawn,
verra|green and carbon capture project,verra,Green and Carbon Capture project,47551,PIVIJAY,AFOLU,clase_metodologia: AFOLU_NO_REDD,AFOLU,,NO_REDD,clase_metodologia: AFOLU_NO_REDD,NO_REDD,,,ARR,AFOLU_NO_REDD,False,S1,VM0047 (Version NA),,,Agriculture Forestry and Other Land Use,Under validation (Public comment period closed),
verra|grouped project for commercial forest plantations initiatives in the department of vichada,verra,Grouped Project for Commercial Forest Plantations Initiatives in the Department of Vichada,99001,PUERTO CARREÑO,AFOLU,clase_metodologia: AFOLU_NO_REDD,AFOLU,,NO_REDD,clase_metodologia: AFOLU_NO_REDD,NO_REDD,,,ARR,AFOLU_NO_REDD,False,S3,AR-ACM0003 (Version NA),,,Agriculture Forestry and Other Land Use,Registered,
verra|grouped project for reducing emissions from deforestation and forest degradation-redd-in the regional natural park:biological corridor pnn purace-pnn cueva de los guacharos,verra,Grouped Project for reducing emissions from deforestation and forest degradation-REDD-in the Regional Natural Park:Biological Corridor PNN Purace-PNN Cueva de los Guacharos,41668,SAN AGUSTÍN,AFOLU,clase_metodologia: REDD_ESTRICTO,AFOLU,,REDD,metodologia VCS: VM0015 (Version NA),REDD,,,REDD,REDD_ESTRICTO,False,S2,VM0015 (Version NA),,,Agriculture Forestry and Other Land Use,Verification approval requested,
"verra|grouped project for restoration of degraded lands in jaguar corridors, colombia",verra,"Grouped Project for restoration of degraded lands in Jaguar Corridors, Colombia",68190,CIMITARRA,AFOLU,clase_metodologia: AFOLU_NO_REDD,AFOLU,,NO_REDD,clase_metodologia: AFOLU_NO_REDD,NO_REDD,,,"IFM,REDD",AFOLU_NO_REDD,False,S2,"AR-ACM0003 (Version NA), VM0005 (Version NA)",,,Agriculture Forestry and Other Land Use,Late to Verify,
"verra|grouped project redd+ conservation of the oak ecological corridor guantiva – la rusia – iguaque, colombia",verra,"Grouped Project REDD+ conservation of the Oak ecological corridor Guantiva – La Rusia – Iguaque, Colombia",68464,MOGOTES,AFOLU,clase_metodologia: REDD_ESTRICTO,AFOLU,,REDD,metodologia VCS: VM0015 (Version NA),REDD,,,REDD,REDD_ESTRICTO,False,S1,VM0015 (Version NA),,,Agriculture Forestry and Other Land Use,Under validation (Public comment period closed),
verra|guachicono small hydroelectric project,verra,GUACHICONO SMALL HYDROELECTRIC PROJECT,19392,LA SIERRA,NO_AFOLU,clase_metodologia: NO_AFOLU,NO_AFOLU,,NO_REDD,clase_metodologia: NO_AFOLU,NO_REDD,,,,NO_AFOLU,False,S2,AMS-I.D. (Version 18),,,Energy industries (renewable/non-renewable sources),Late to Verify,
verra|guanaquitas 9.74 mw hydroelectric project,verra,Guanaquitas 9.74 MW Hydroelectric Project,05686,SANTA ROSA DE OSOS,NO_AFOLU,clase_metodologia: NO_AFOLU,NO_AFOLU,,NO_REDD,clase_metodologia: NO_AFOLU,NO_REDD,,,,NO_AFOLU,False,S2,AMS-I.D. (Version NA),,,Energy industries (renewable/non-renewable sources),Late to Verify,
verra|hydroelectric project aures bajo,verra,Hydroelectric Project Aures Bajo,05756,SONSÓN,NO_AFOLU,clase_metodologia: NO_AFOLU,NO_AFOLU,,NO_REDD,clase_metodologia: NO_AFOLU,NO_REDD,,,,NO_AFOLU,False,S1,ACM0002 (Version NA),,,Energy industries (renewable/non-renewable sources),Pipeline listing (under development) approved,
verra|hydroelectric project cantayus,verra,Hydroelectric Project Cantayus,05690,SANTO DOMINGO,NO_AFOLU,clase_metodologia: NO_AFOLU,NO_AFOLU,,NO_REDD,clase_metodologia: NO_AFOLU,NO_REDD,,,,NO_AFOLU,False,S1,ACM0002 (Version NA),,,Energy industries (renewable/non-renewable sources),Pipeline listing (under development) approved,
verra|hydroelectric project el eden,verra,Hydroelectric Project El Edén,17541,PENSILVANIA,NO_AFOLU,clase_metodologia: NO_AFOLU,NO_AFOLU,,NO_REDD,clase_metodologia: NO_AFOLU,NO_REDD,,,,NO_AFOLU,False,S3,ACM0002 (Version 13),,,Energy industries (renewable/non-renewable sources),Registered,
verra|hydroelectric project ituango,verra,HYDROELECTRIC PROJECT ITUANGO,05107,BRICEÑO,NO_AFOLU,clase_metodologia: NO_AFOLU,NO_AFOLU,,NO_REDD,clase_metodologia: NO_AFOLU,NO_REDD,,,,NO_AFOLU,False,S3,ACM0002 (Version NA),,,Energy industries (renewable/non-renewable sources),Registered,
verra|hydroelectric project mulatos ii,verra,Hydroelectric Project MULATOS II,05792,TARSO,NO_AFOLU,clase_metodologia: NO_AFOLU,NO_AFOLU,,NO_REDD,clase_metodologia: NO_AFOLU,NO_REDD,,,,NO_AFOLU,False,S3,ACM0002 (Version NA),,,Energy industries (renewable/non-renewable sources),Registered,
verra|hydroelectric project pch luzma,verra,Hydroelectric Project PCH Luzma,05031,AMALFI,NO_AFOLU,clase_metodologia: NO_AFOLU,NO_AFOLU,,NO_REDD,clase_metodologia: NO_AFOLU,NO_REDD,,,,NO_AFOLU,False,S3,ACM0002 (Version NA),,,Energy industries (renewable/non-renewable sources),Registered,
verra|hydroelectric projects at oibita river,verra,Hydroelectric projects at Oibita River,68500,OIBA,NO_AFOLU,clase_metodologia: NO_AFOLU,NO_AFOLU,,NO_REDD,clase_metodologia: NO_AFOLU,NO_REDD,,,,NO_AFOLU,False,S3,ACM0002 (Version 19),,,Energy industries (renewable/non-renewable sources),Registered,
verra|kuvay macaro vidi redd+ caruru -kumavi redd+,verra,Kúvay Macärö Vidi REDD+ Carurú -KUMAVI REDD+,97161,CARURÚ,AFOLU,clase_metodologia: REDD_ESTRICTO,AFOLU,,REDD,"metodologia VCS: VM0015 (Version NA), VM0037 (Version NA)",REDD,,,REDD,REDD_ESTRICTO,False,S1,"VM0015 (Version NA), VM0037 (Version NA)",,,Agriculture Forestry and Other Land Use,Inactive,
verra|la cascada 2.3 mw hydroelectric project,verra,La Cascada 2.3 MW Hydroelectric Project,05670,SAN ROQUE,NO_AFOLU,clase_metodologia: NO_AFOLU,NO_AFOLU,,NO_REDD,clase_metodologia: NO_AFOLU,NO_REDD,,,,NO_AFOLU,False,S2,ACM0002 (Version NA),,,Energy industries (renewable/non-renewable sources),Late to Verify,
verra|montanitas hydroelectric project,verra,Montanitas Hydroelectric Project,05237,DONMATÍAS,NO_AFOLU,clase_metodologia: NO_AFOLU,NO_AFOLU,,NO_REDD,clase_metodologia: NO_AFOLU,NO_REDD,,,,NO_AFOLU,False,S3,ACM0002 (Version 13),,,Energy industries (renewable/non-renewable sources),Registered,
verra|multimodal transport on the magdalena river by impala terminals,verra,Multimodal Transport on the Magdalena River by Impala Terminals,68081,BARRANCABERMEJA,NO_AFOLU,clase_metodologia: NO_AFOLU,NO_AFOLU,,NO_REDD,clase_metodologia: NO_AFOLU,NO_REDD,,,,NO_AFOLU,False,S1,AM0090 (Version NA),,,Transport,Pipeline listing requested (under development),
verra|mutata redd+ project,verra,Mutatá REDD+ Project,05480,MUTATÁ,AFOLU,clase_metodologia: REDD_ESTRICTO,AFOLU,,REDD,metodologia VCS: VM0006 (Version NA),REDD,,,REDD,REDD_ESTRICTO,False,S3,VM0006 (Version NA),,,Agriculture Forestry and Other Land Use,Registered,
"verra|musesi project for active restoration in areas of the sierra nevada santa marta, colombia",verra,"MÜSESI project for active restoration in areas of the Sierra Nevada Santa Marta, Colombia",47189,CIÉNAGA,AFOLU,clase_metodologia: AFOLU_NO_REDD,AFOLU,,NO_REDD,clase_metodologia: AFOLU_NO_REDD,NO_REDD,,,ARR,AFOLU_NO_REDD,False,S1,VM0047 (Version NA),,,Agriculture Forestry and Other Land Use,Pipeline listing (under development) approved,
verra|natural silvopastoral systems in the colombian orinoquia region,verra,NATURAL SILVOPASTORAL SYSTEMS IN THE COLOMBIAN ORINOQUIA REGION,99524,LA PRIMAVERA,AFOLU,clase_metodologia: AFOLU_NO_REDD,AFOLU,,NO_REDD,clase_metodologia: AFOLU_NO_REDD,NO_REDD,,,ALM,AFOLU_NO_REDD,False,S1,VM0042 (Version NA),,,Agriculture Forestry and Other Land Use,Under validation (Public comment period closed),
"verra|naturere assisted natural regeneration project in degraded lands in antioquia, colombia",verra,"NatureRe assisted natural regeneration project in degraded lands in Antioquia, Colombia",05579,PUERTO BERRÍO,AFOLU,clase_metodologia: AFOLU_NO_REDD,AFOLU,,NO_REDD,clase_metodologia: AFOLU_NO_REDD,NO_REDD,,,ARR,AFOLU_NO_REDD,False,S2,AR-ACM0003 (Version NA),,,Agriculture Forestry and Other Land Use,Verification approval requested,
verra|naya redd+,verra,NAYA REDD+,19418,LÓPEZ DE MICAY,AFOLU,clase_metodologia: REDD_ESTRICTO,AFOLU,,REDD,metodologia VCS: VM0007 (Version NA),REDD,,,"REDD,WRC",REDD_ESTRICTO,True,S1,VM0007 (Version NA),,,Agriculture Forestry and Other Land Use,Rejected by Administrator,
verra|origen atrato-baudo redd+ project,verra,Origen Atrato-Baudó REDD+ Project,27600,RÍO QUITO,AFOLU,clase_metodologia: REDD_ESTRICTO,AFOLU,,REDD,metodologia VCS: VM0009 (Version NA),REDD,,,REDD,REDD_ESTRICTO,False,S2,VM0009 (Version NA),,,Agriculture Forestry and Other Land Use,Registration and verification approval requested,
verra|payment for environmental services scheme for forest management and conservation of water sources in the jurisdiction of corpochivor,verra,PAYMENT FOR ENVIRONMENTAL SERVICES SCHEME FOR FOREST MANAGEMENT AND CONSERVATION OF WATER SOURCES IN THE JURISDICTION OF CORPOCHIVOR,15236,CHIVOR,AFOLU,clase_metodologia: REDD_ESTRICTO,AFOLU,,REDD,metodologia VCS: VM0015 (Version 1.1),REDD,,,REDD,REDD_ESTRICTO,False,S3,VM0015 (Version 1.1),,,Agriculture Forestry and Other Land Use,Registered,
verra|project matani redd+ dios mayor de los pueblos cabillari,verra,PROJECT MATANI REDD+ DIOS MAYOR DE LOS PUEBLOS CABILLARI,97511,PACOA,AFOLU,clase_metodologia: REDD_ESTRICTO,AFOLU,,REDD,metodologia VCS: VM0015 (Version NA),REDD,,,REDD,REDD_ESTRICTO,False,S1,VM0015 (Version NA),,,Agriculture Forestry and Other Land Use,Rejected by Administrator,
verra|project matani redd+ dios mayor de los pueblos cabillari conservacion ancestral,verra,Project MATANI REDD+ DIOS MAYOR DE LOS PUEBLOS CABILLARI CONSERVACION ANCESTRAL,97511,PACOA,AFOLU,clase_metodologia: REDD_ESTRICTO,AFOLU,,REDD,metodologia VCS: VM0015 (Version NA),REDD,,,REDD,REDD_ESTRICTO,False,S1,VM0015 (Version NA),,,Agriculture Forestry and Other Land Use,Withdrawn,
"verra|project uramia – community-led forest conservation redd+ project in choco, colombia",verra,"PROJECT URAMIA – COMMUNITY-LED FOREST CONSERVATION REDD+ PROJECT IN CHOCÓ, COLOMBIA",27361,ISTMINA,AFOLU,clase_metodologia: REDD_ESTRICTO,AFOLU,,REDD,metodologia VCS: VM0048 (Version NA),REDD,,,REDD,REDD_ESTRICTO,False,S1,VM0048 (Version NA),,,Agriculture Forestry and Other Land Use,Under validation (Public comment period closed),
verra|protection of mangroves and community developmental activities in the biodiversity hotspot of colombia,verra,Protection of mangroves and community developmental activities in the biodiversity hotspot of Colombia,27800,UNGUÍA,AFOLU,clase_metodologia: REDD_ESTRICTO,AFOLU,,REDD,metodologia VCS: VM0015 (Version NA),REDD,,,REDD,REDD_ESTRICTO,False,S1,VM0015 (Version NA),,,Agriculture Forestry and Other Land Use,Registration requested,
verra|proyecto redd++ pani,verra,Proyecto REDD++ PANI,91669,PUERTO SANTANDER,AFOLU,clase_metodologia: REDD_ESTRICTO,AFOLU,,REDD,metodologia VCS: VM0007 (Version NA),REDD,,,REDD,REDD_ESTRICTO,False,S2,VM0007 (Version NA),,,Agriculture Forestry and Other Land Use,Registration and verification approval requested,
verra|recovery of degraded areas with agroforestry systems in colombia,verra,Recovery of degraded areas with agroforestry systems in Colombia,05837,TURBO,AFOLU,clase_metodologia: AFOLU_NO_REDD,AFOLU,,NO_REDD,clase_metodologia: AFOLU_NO_REDD,NO_REDD,,,ARR,AFOLU_NO_REDD,False,S2,AR-ACM0003 (Version NA),,,Agriculture Forestry and Other Land Use,Late to Verify,
verra|redd + in the forests of the otun river basin,verra,REDD + in the Forests of the Otún River Basin,66682,SANTA ROSA DE CABAL,AFOLU,clase_metodologia: REDD_ESTRICTO,AFOLU,,REDD,metodologia VCS: VM0015 (Version NA),REDD,,,REDD,REDD_ESTRICTO,False,S1,VM0015 (Version NA),,,Agriculture Forestry and Other Land Use,Withdrawn,
verra|redd project of the indigenous peoples of vaupes yutucu and others,verra,REDD PROJECT OF THE INDIGENOUS PEOPLES OF VAUPÉS YUTUCU AND  OTHERS,97001,MITÚ,AFOLU,clase_metodologia: REDD_ESTRICTO,AFOLU,,REDD,metodologia VCS: VM0015 (Version 1.1),REDD,,,REDD,REDD_ESTRICTO,False,S1,VM0015 (Version 1.1),,,Agriculture Forestry and Other Land Use,Withdrawn,
verra|redd+ conservation of ethno sustainable afro-colombian community in the tropical rain forest of colombia,verra,REDD+ CONSERVATION OF ETHNO SUSTAINABLE AFRO-COLOMBIAN COMMUNITY IN THE TROPICAL RAIN FOREST OF COLOMBIA,27006,ACANDÍ,AFOLU,clase_metodologia: REDD_ESTRICTO,AFOLU,,REDD,metodologia VCS: VM0015 (Version NA),REDD,,,REDD,REDD_ESTRICTO,False,S1,VM0015 (Version NA),,,Agriculture Forestry and Other Land Use,Under validation (Public comment period closed),
verra|redd+ esteros y manglares,verra,REDD+ Esteros y Manglares,52490,OLAYA HERRERA,AFOLU,clase_metodologia: REDD_ESTRICTO,AFOLU,,REDD,metodologia VCS: VM0007 (Version NA),REDD,,,"REDD,WRC",REDD_ESTRICTO,True,S1,VM0007 (Version NA),,,Agriculture Forestry and Other Land Use,Inactive,
verra|redd+ project for the conservation of lowland forest in the magdalena medio region of colombia,verra,REDD+ Project for the Conservation of Lowland Forest in the  Magdalena Medio Region of Colombia,05893,YONDÓ,AFOLU,clase_metodologia: REDD_ESTRICTO,AFOLU,,REDD,metodologia VCS: VM0015 (Version NA),REDD,,,REDD,REDD_ESTRICTO,False,S1,VM0015 (Version NA),,,Agriculture Forestry and Other Land Use,Withdrawn,
verra|redd+ project in the alto predio putumayo indigenous reservation in colombia,verra,REDD+ Project in the Alto Predio Putumayo Indigenous Reservation in Colombia,18150,CARTAGENA DEL CHAIRÁ,AFOLU,clase_metodologia: REDD_ESTRICTO,AFOLU,,REDD,metodologia VCS: VM0009 (Version NA),REDD,,,REDD,REDD_ESTRICTO,False,S1,VM0009 (Version NA),,,Agriculture Forestry and Other Land Use,Pipeline listing (under development) approved,
verra|redd+ project magnolios de yarumal,verra,REDD+ Project Magnolios de Yarumal,05134,CAMPAMENTO,AFOLU,clase_metodologia: REDD_ESTRICTO,AFOLU,,REDD,metodologia VCS: VM0015 (Version 1.1),REDD,,,REDD,REDD_ESTRICTO,False,S3,VM0015 (Version 1.1),,,Agriculture Forestry and Other Land Use,Registered,
verra|redd+ project pueblos indigenas resguardando la selva,verra,REDD+ Project Pueblos indígenas resguardando la selva,91405,LA CHORRERA,AFOLU,clase_metodologia: REDD_ESTRICTO,AFOLU,,REDD,metodologia VCS: VM0015 (Version NA),REDD,,,REDD,REDD_ESTRICTO,False,S3,VM0015 (Version NA),,,Agriculture Forestry and Other Land Use,Registered,
verra|redd+ project resguardo indigena unificado selva de mataven (riu sm),verra,REDD+ Project Resguardo Indigena Unificado Selva de Mataven (RIU SM),99773,CUMARIBO,AFOLU,clase_metodologia: REDD_ESTRICTO,AFOLU,,REDD,metodologia VCS: VM0007 (Version NA),REDD,,,REDD,REDD_ESTRICTO,False,S2,VM0007 (Version NA),,,Agriculture Forestry and Other Land Use,Verification approval requested,
verra|redd+ yaguara llanos del yari,verra,REDD+ Yaguara Llanos del Yari,95015,CALAMAR,AFOLU,clase_metodologia: REDD_ESTRICTO,AFOLU,,REDD,metodologia VCS: VM0015 (Version NA),REDD,,,,REDD_ESTRICTO,False,S1,VM0015 (Version NA),,,Agriculture Forestry and Other Land Use,Withdrawn,
verra|redd++ manglares del bajo baudo,verra,REDD++ Manglares del Bajo Baudo,27077,BAJO BAUDÓ,AFOLU,clase_metodologia: REDD_ESTRICTO,AFOLU,,REDD,metodologia VCS: VM0007 (Version NA),REDD,,,"REDD,WRC",REDD_ESTRICTO,True,S1,VM0007 (Version NA),,,Agriculture Forestry and Other Land Use,Under validation (Public comment period closed),
"verra|reforestation of grazing lands hacienda el manantial in puerto lopez, colombia",verra,"REFORESTATION OF GRAZING LANDS HACIENDA EL MANANTIAL IN PUERTO LÓPEZ, COLOMBIA",50573,PUERTO LÓPEZ,AFOLU,clase_metodologia: AFOLU_NO_REDD,AFOLU,,NO_REDD,clase_metodologia: AFOLU_NO_REDD,NO_REDD,,,ARR,AFOLU_NO_REDD,False,S1,VM0047 (Version NA),,,Agriculture Forestry and Other Land Use,Under validation (Public comment period closed),
verra|reforestation with rubber on degraded lands of colombia,verra,Reforestation with Rubber on degraded lands of Colombia,99624,SANTA ROSALÍA,AFOLU,clase_metodologia: AFOLU_NO_REDD,AFOLU,,NO_REDD,clase_metodologia: AFOLU_NO_REDD,NO_REDD,,,ARR,AFOLU_NO_REDD,False,S1,AR-ACM0003 (Version NA),,,Agriculture Forestry and Other Land Use,Withdrawn,
verra|regenerating colombian coffee ecosystems,verra,Regenerating Colombian Coffee Ecosystems,05670,SAN ROQUE,AFOLU,clase_metodologia: AFOLU_NO_REDD,AFOLU,,NO_REDD,clase_metodologia: AFOLU_NO_REDD,NO_REDD,,,ARR,AFOLU_NO_REDD,False,S3,AR-AMS0007 (Version 3.1),,,Agriculture Forestry and Other Land Use,Registered,
"verra|restoration of degraded areas and reforestation in caceres and cravo norte, colombia",verra,"Restoration of degraded areas and reforestation in Cáceres and Cravo Norte, Colombia",05120,CÁCERES,AFOLU,clase_metodologia: AFOLU_NO_REDD,AFOLU,,NO_REDD,clase_metodologia: AFOLU_NO_REDD,NO_REDD,,,ARR,AFOLU_NO_REDD,False,S3,"AR-ACM0003 (Version NA), AR-AM0005 (Version NA)",,,Agriculture Forestry and Other Land Use,Registered,
verra|restored productive landscapes in the magdalena river middle basin in colombia,verra,RESTORED PRODUCTIVE LANDSCAPES IN THE MAGDALENA RIVER MIDDLE BASIN IN COLOMBIA,68190,CIMITARRA,AFOLU,clase_metodologia: AFOLU_NO_REDD,AFOLU,,NO_REDD,clase_metodologia: AFOLU_NO_REDD,NO_REDD,,,ARR,AFOLU_NO_REDD,False,S1,AR-ACM0003 (Version NA),,,Agriculture Forestry and Other Land Use,Registration requested,
verra|rio pepe y acaba redd+ project,verra,Rio Pepe y ACABA REDD+ Project,27430,MEDIO BAUDÓ,AFOLU,clase_metodologia: REDD_ESTRICTO,AFOLU,,REDD,metodologia VCS: VM0006 (Version NA),REDD,,,REDD,REDD_ESTRICTO,False,S3,VM0006 (Version NA),,,Agriculture Forestry and Other Land Use,Registered,
verra|riscales redd+ project,verra,Riscales REDD+ Project,27495,NUQUÍ,AFOLU,clase_metodologia: REDD_ESTRICTO,AFOLU,,REDD,metodologia VCS: VM0007 (Version 1),REDD,,,REDD,REDD_ESTRICTO,False,S3,VM0007 (Version 1),,,Agriculture Forestry and Other Land Use,Registered,
verra|san andres hydroelectric project,verra,San Andres Hydroelectric project,05647,SAN ANDRÉS DE CUERQUÍA,NO_AFOLU,clase_metodologia: NO_AFOLU,NO_AFOLU,,NO_REDD,clase_metodologia: NO_AFOLU,NO_REDD,,,,NO_AFOLU,False,S1,ACM0002 (Version 13),,,Energy industries (renewable/non-renewable sources),Withdrawn,
verra|santa ana hydroelectric plant - cer conversion,verra,Santa Ana Hydroelectric Plant - CER Conversion,25845,UNE,NO_AFOLU,clase_metodologia: NO_AFOLU,NO_AFOLU,,NO_REDD,clase_metodologia: NO_AFOLU,NO_REDD,,,,NO_AFOLU,False,S2,AMS-I.D. (Version NA),,,Energy industries (renewable/non-renewable sources),Units transferred from approved GHG program,
verra|santa rosa - altamira hydroelectric projects,verra,Santa Rosa - Altamira hydroelectric projects,68770,SUAITA,NO_AFOLU,clase_metodologia: NO_AFOLU,NO_AFOLU,,NO_REDD,clase_metodologia: NO_AFOLU,NO_REDD,,,,NO_AFOLU,False,S2,ACM0002 (Version 19),,,Energy industries (renewable/non-renewable sources),Late to Verify,
verra|saving colombia's cloud forest,verra,Saving Colombia's Cloud Forest,05034,ANDES,AFOLU,clase_metodologia: AFOLU_NO_REDD,AFOLU,,NO_REDD,clase_metodologia: AFOLU_NO_REDD,NO_REDD,,,ARR,AFOLU_NO_REDD,False,S3,AR-ACM0003 (Version 2),,,Agriculture Forestry and Other Land Use,Registered,
verra|sembrando futuro 2.0,verra,Sembrando Futuro 2.0,05679,SANTA BÁRBARA,AFOLU,clase_metodologia: AFOLU_NO_REDD,AFOLU,,NO_REDD,clase_metodologia: AFOLU_NO_REDD,NO_REDD,,,ARR,AFOLU_NO_REDD,False,S1,VM0047 (Version NA),,,Agriculture Forestry and Other Land Use,Registration requested,
verra|sembrando futuro restoration project,verra,Sembrando Futuro Restoration Project,05364,JARDÍN,AFOLU,clase_metodologia: AFOLU_NO_REDD,AFOLU,,NO_REDD,clase_metodologia: AFOLU_NO_REDD,NO_REDD,,,ARR,AFOLU_NO_REDD,False,S1,VM0047 (Version NA),,,Agriculture Forestry and Other Land Use,Withdrawn,
verra|siviru-usaraga-pizarro-piliza (supp) redd+ project,verra,SIVIRÚ-USARAGÁ-PIZARRO-PILIZÁ (SUPP) REDD+ Project,27077,BAJO BAUDÓ,AFOLU,clase_metodologia: REDD_ESTRICTO,AFOLU,,REDD,metodologia VCS: VM0006 (Version NA),REDD,,,REDD,REDD_ESTRICTO,False,S3,VM0006 (Version NA),,,Agriculture Forestry and Other Land Use,Registered,
verra|solar grouped project by epsa-celsia,verra,SOLAR GROUPED PROJECT BY EPSA-CELSIA,11001,"BOGOTÁ, D.C.",NO_AFOLU,clase_metodologia: NO_AFOLU,NO_AFOLU,,NO_REDD,clase_metodologia: NO_AFOLU,NO_REDD,,,,NO_AFOLU,False,S2,"ACM0002 (Version NA), AMS-I.D. (Version NA)",,,Energy industries (renewable/non-renewable sources),Verification approval requested,
verra|suba and usaquen hydroelectric umbrella project,verra,Suba and Usaquen Hydroelectric Umbrella Project,11001,"BOGOTÁ, D.C.",NO_AFOLU,clase_metodologia: NO_AFOLU,NO_AFOLU,,NO_REDD,clase_metodologia: NO_AFOLU,NO_REDD,,,,NO_AFOLU,False,S3,AMS-I.D. (Version 18),,,Energy industries (renewable/non-renewable sources),Registered,
"verra|sustainable agroforestry cacao meta, colombia",verra,"Sustainable Agroforestry Cacao Meta, Colombia",50124,CABUYARO,AFOLU,clase_metodologia: AFOLU_NO_REDD,AFOLU,,NO_REDD,clase_metodologia: AFOLU_NO_REDD,NO_REDD,,,ARR,AFOLU_NO_REDD,False,S3,AR-ACM0003 (Version NA),,,Agriculture Forestry and Other Land Use,Registered,
verra|the choco-darien conservation corridor redd project,verra,The Chocó-Darién Conservation Corridor REDD Project,27006,ACANDÍ,AFOLU,clase_metodologia: REDD_ESTRICTO,AFOLU,,REDD,metodologia VCS: VM0009 (Version NA),REDD,,,REDD,REDD_ESTRICTO,False,S2,VM0009 (Version NA),,,Agriculture Forestry and Other Land Use,Late to Verify,
verra|the forest carbon project agroreforestadora rancho victoria s. a,verra,THE FOREST CARBON PROJECT AGROREFORESTADORA RANCHO VICTORIA S. A,50573,PUERTO LÓPEZ,AFOLU,clase_metodologia: AFOLU_NO_REDD,AFOLU,,NO_REDD,clase_metodologia: AFOLU_NO_REDD,NO_REDD,,,ARR,AFOLU_NO_REDD,False,S1,AR-ACM0003 (Version NA),,,Agriculture Forestry and Other Land Use,Rejected by Administrator,
verra|wind power grouped project by celsia colombia - begonia power,verra,WIND POWER GROUPED PROJECT BY CELSIA COLOMBIA - BEGONIA POWER,44430,MAICAO,NO_AFOLU,clase_metodologia: NO_AFOLU,NO_AFOLU,,NO_REDD,clase_metodologia: NO_AFOLU,NO_REDD,,,,NO_AFOLU,False,S2,"ACM0002 (Version NA), AMS-I.D. (Version NA)",,,Energy industries (renewable/non-renewable sources),Late to Verify,
"verra|yagual - carbon sequestration grouped project for the restoration, conservation and sustainable production in the guerrero, sumapaz and rabanal paramo systems",verra,"Yagual - Carbon Sequestration Grouped Project for the Restoration, Conservation and Sustainable Production in the Guerrero, Sumapaz and Rabanal Paramo Systems",25793,TAUSA,AFOLU,clase_metodologia: AFOLU_NO_REDD,AFOLU,,NO_REDD,clase_metodologia: AFOLU_NO_REDD,NO_REDD,,,ARR,AFOLU_NO_REDD,False,S2,AR-ACM0003 (Version NA),,,Agriculture Forestry and Other Land Use,Late to Verify,
gold_standard|vichada climate reforestation project (paz),gold_standard,Vichada Climate Reforestation Project (PAZ) ,99773,CUMARIBO,AFOLU,nombre del proyecto,AFOLU,,NO_REDD,methodology: nan (GS no opera REDD en Colombia),NO_REDD,,,,,,,,Standalone,,,,
gold_standard|barroso 20mw hydroelectric project,gold_standard,Barroso 20MW hydroelectric project,05642,SALGAR,NO_AFOLU,nombre del proyecto,NO_AFOLU,,NO_REDD,methodology: nan (GS no opera REDD en Colombia),NO_REDD,,,,,,,,Standalone,,,,
gold_standard|guanaquitas 9.74 mw hydroelectric project,gold_standard,Guanaquitas 9.74 MW hydroelectric project,05310,GÓMEZ PLATA,NO_AFOLU,methodology: AMS-I.D. Grid connected renewable electricity generation,NO_AFOLU,,NO_REDD,methodology: AMS-I.D. Grid connected renewable electricity generation (GS no opera REDD en Colombia),NO_REDD,,,,,,,AMS-I.D. Grid connected renewable electricity generation,Standalone,,,,
gold_standard|gs3510 fundacion natura cookstove poa_satander,gold_standard,GS3510 Fundacion Natura Cookstove PoA_Satander,68176,CHIMA,NO_AFOLU,methodology: GS TPDDTEC v 2.,NO_AFOLU,,NO_REDD,methodology: GS TPDDTEC v 2. (GS no opera REDD en Colombia),NO_REDD,,,,,,,GS TPDDTEC v 2.,POA,,,,
"gold_standard|vegachi, ecological restoration of degraded lands",gold_standard,"Vegachi, ecological restoration of degraded lands ",05858,VEGACHÍ,AFOLU,nombre del proyecto,AFOLU,,NO_REDD,methodology: nan (GS no opera REDD en Colombia),NO_REDD,,,,,,,,Standalone,,,,
gold_standard|fundacion natura cookstove poa,gold_standard,Fundacion Natura Cookstove POA,68745,SIMACOTA,NO_AFOLU,methodology: GS TPDDTEC v 1.,NO_AFOLU,,NO_REDD,methodology: GS TPDDTEC v 1. (GS no opera REDD en Colombia),NO_REDD,,,,,,,GS TPDDTEC v 1.,POA,,,,
"gold_standard|conservation and reforestation of degraded areas in barbosa, colombia",gold_standard,"Conservation and reforestation of degraded areas in Barbosa, Colombia",05079,BARBOSA,AFOLU,methodology: Afforestation/Reforestation GHG Emissions Reduction & Seques,AFOLU,,NO_REDD,methodology: Afforestation/Reforestation GHG Emissions Reduction & Seques (GS no opera REDD en Colombia),NO_REDD,,,,,,,Afforestation/Reforestation GHG Emissions Reduction & Sequestration Methodology,Standalone,,,,
gold_standard|caruquia 9.76 mw hydroelectric project,gold_standard,Caruquia 9.76 MW hydroelectric project,05686,SANTA ROSA DE OSOS,NO_AFOLU,methodology: AMS-I.D. Grid connected renewable electricity generation,NO_AFOLU,,NO_REDD,methodology: AMS-I.D. Grid connected renewable electricity generation (GS no opera REDD en Colombia),NO_REDD,,,,,,,AMS-I.D. Grid connected renewable electricity generation,Standalone,,,,
gold_standard|caruquia 9.76 mw hydroelectric project pre-cdm vers,gold_standard,Caruquia 9.76 MW hydroelectric project Pre-CDM VERs,05686,SANTA ROSA DE OSOS,NO_AFOLU,methodology: AMS-I.D. Grid connected renewable electricity generation,NO_AFOLU,,NO_REDD,methodology: AMS-I.D. Grid connected renewable electricity generation (GS no opera REDD en Colombia),NO_REDD,,,,,,,AMS-I.D. Grid connected renewable electricity generation,Standalone,,,,
gold_standard|santander and las tapias renewable energy project,gold_standard,Santander and Las Tapias Renewable Energy Project,25754,SOACHA,NO_AFOLU,methodology: GS SS Ecologically Sound Fuel Switch to Biomass v1.,NO_AFOLU,,NO_REDD,methodology: GS SS Ecologically Sound Fuel Switch to Biomass v1. (GS no opera REDD en Colombia),NO_REDD,,,,,,,GS SS Ecologically Sound Fuel Switch to Biomass v1.,Standalone,,,,
gold_standard|gen+: alejandria small hydropower (shp) run-of-the-river cdm project bundle,gold_standard,GEN+: Alejandría Small Hydropower (SHP) Run-of-the-River CDM Project Bundle,05021,ALEJANDRÍA,NO_AFOLU,nombre del proyecto,NO_AFOLU,,NO_REDD,methodology: nan (GS no opera REDD en Colombia),NO_REDD,,,,,,,,VPA,,,,
gold_standard|programme of activities for the development and promotion of renewable energy,gold_standard,Programme of Activities for the Development and Promotion of Renewable Energy,05664,SAN PEDRO DE LOS MILAGROS,NO_AFOLU,nombre del proyecto,NO_AFOLU,,NO_REDD,methodology: nan (GS no opera REDD en Colombia),NO_REDD,,,,,,,,POA,,,,
renare|proyecto de desarrollo bajo en carbono - granja solar el cinco,renare,Proyecto de Desarrollo Bajo en Carbono - Granja Solar El Cinco,,,REVISAR,tipo=PDBC - Proyectos de Desarrollo pero actividades sugiere AFOLU,,,NO_REDD,tipo: PDBC - Proyectos de Desarrollo Bajo en C (categoria distinta de REDD+ en RENARE),NO_REDD,,"[{'fuente_relacionada_1': '{""value"":""Consumo de energía eléctrica del Sistema Interconectado Nacional (SIN)""}', 'tipo_actividad_1': 3772, 'descripcion_actividad_1': 'Instalación y operación de un sistema de autogeneración de energía solar en predios de la empresa Ceramicas el Cinco durante 20 años, la actividad justifica la sustitución parcial de energía convencional comprada al SIN por energía limpia, reduciendo de forma directa la huella de carbono.', 'fecha_inicial_1': '20/03/2026', 'fecha_final_1': '20/03/2046', 'acciones_redd_mas_1': '', 'depositos_carbono_1': '', 'check_co_beneficios_economicos_1': True, 'descripcion_co_beneficios_economicos_1': 'Reducción de costos operativos mediante la sustitución parcial del consumo de la red eléctrica, generando ahorros financieros a largo plazo, mayor certidumbre frente a la volatilidad de las tarifas.', 'check_co_beneficios_sociales_1': True, 'descripcion_co_beneficios_sociales_1': 'Generación de empleo local directo e indirecto durante las fases de montaje, construcción, operación y mantenimiento de la infraestructura solar.', 'check_co_beneficios_ambientales_1': True, 'descripcion_co_beneficios_ambientales_1': 'Reducción de la huella de carbono organizacional, disminución de la presión sobre la red eléctrica nacional y mitigación indirecta de la contaminación atmosférica local al cambiar por energía limpia. ', 'check_otros_co_beneficios_1': '', 'descripcion_otros_co_beneficios_1': '', 'archivo_soporte_2_2': 'files-renare/cc,92533463/6a7e79ab956159ac50315e7d/documentossolicitud/05documentodescripcionactividadmitigacion21-08-2026-11-18-11.pdf', 'archivo_soporte_2_3': '', 'geovisor_calculo_traslape_1': '[]', 'resultado_traslape': 'No se presenta traslape.', 'fecha_resultado_traslape': '21/08/2026 11:19:36', 'sector_cartera': '', 'tipo_moneda_1': 173, 'tasa_cambio_1': '', 'fecha_tasa_cambio_1': '', 'contribucion_propia_1': '$ 700.000.000', 'contribucion_propia_tasa_cambio_1': '', 'contribucion_externa_1': '$ 0', 'contribucion_externa_tasa_cambio_1': '', 'costo_total_1': 'COP $ 700.000.000', 'costo_total_tasa_cambio_1': '', 't_sector_cartera_asociado_2': '', 'tipo_actividad': 3772, 'nombre_tipo_actividad': 'Autogeneración'}]",,,,,,,,,,PDBC - Proyectos de Desarrollo Bajo en Carbono
renare|sembrando futuro 2.0,renare,Sembrando Futuro 2.0,,,REVISAR,tipo=PDBC - Proyectos de Desarrollo pero actividades sugiere AFOLU,,,NO_REDD,tipo: PDBC - Proyectos de Desarrollo Bajo en C (categoria distinta de REDD+ en RENARE),NO_REDD,,"[{'fuente_relacionada_1': '{""value"":""Remoción de CO2 por incremento de biomasa forestal – Proyecto Sembrando Futuro 2.0""}', 'tipo_actividad_1': 747, 'descripcion_actividad_1': 'Restauración activa de bosque nativo mediante siembra de especies pioneras, secundarias tempranas, secundarias tardías y clímax en un solo evento de plantación (siembra sucesional mixta), sobre tierras degradadas (pastizales de baja productividad y suelos agrícolas históricamente fragmentados).', 'fecha_inicial_1': '18/09/2023', 'fecha_final_1': '17/09/2063', 'acciones_redd_mas_1': '', 'depositos_carbono_1': '', 'check_co_beneficios_economicos_1': True, 'descripcion_co_beneficios_economicos_1': 'Ingresos directos para propietarios vía venta de créditos de carbono y Acuerdos de Conservación de 40 años. Genera empleo rural en vivero, siembra, mantenimiento y monitoreo forestal.', 'check_co_beneficios_sociales_1': True, 'descripcion_co_beneficios_sociales_1': 'Capacitación técnica a comunidades rurales, proceso de Consentimiento Libre, Previo e Informado (FPIC), inclusión de género (meta 15% mujeres) y mecanismo de PQRS para participación transparente.', 'check_co_beneficios_ambientales_1': True, 'descripcion_co_beneficios_ambientales_1': 'Restauración de bosque nativo biodiverso, mejora de conectividad de hábitats y corredores de fauna (jaguares, osos andinos), dentro de áreas de Alto Valor de Conservación y regulación hídrica.', 'check_otros_co_beneficios_1': '', 'descripcion_otros_co_beneficios_1': '', 'archivo_soporte_2_2': 'files-renare/cc,8105933/6a7cdbba2ae62d26b5e216ec/documentossolicitud/05documentodescripcionactividadmitigacion12-08-2026-18-59-26.pdf', 'archivo_soporte_2_3': '', 'geovisor_calculo_traslape_1': '[{""..."":""<div title=\\""La iniciativa de mitigación de GEI que pretende inscribir en la fase de Factibilidad presenta un Traslape Informativo. \\"" style=\\""display: flex; justify-content: center; align-items: center; height: 100%;\\""> \\n              <span class=\\""esri-icon-notice-triangle\\"" \\n                    style=\\""font-size: 24px; color: orange;\\"" \\n                    title=\\""La iniciativa de mitigación de GEI que pretende inscribir en la fase de Factibilidad presenta un Traslape Informativo. \\"">\\n              </span>\\n            </div>"",""Tipo"":""Traslape Informativo"",""Nombre"":""Cuchilla Jardin Tamesis"",""Capa"":""RUNAP"",""Área (M2)"":""280365780.269 m2"",""Área traslapada (%)"":""0.07%""},{""..."":""<div title=\\""La iniciativa de mitigación de GEI que pretende inscribir en la fase de Factibilidad presenta un Traslape Informativo. \\"" style=\\""display: flex; justify-content: center; align-items: center; height: 100%;\\""> \\n              <span class=\\""esri-icon-notice-triangle\\"" \\n                    style=\\""font-size: 24px; color: orange;\\"" \\n                    title=\\""La iniciativa de mitigación de GEI que pretende inscribir en la fase de Factibilidad presenta un Traslape Informativo. \\"">\\n              </span>\\n            </div>"",""Tipo"":""Traslape Informativo"",""Nombre"":""Cerro Bravo"",""Capa"":""RUNAP"",""Área (M2)"":""8919018.948 m2"",""Área traslapada (%)"":""0.99%""},{""..."":""<div title=\\""La iniciativa de mitigación de GEI que pretende inscribir en la fase de Factibilidad presenta un Traslape Informativo. \\"" style=\\""display: flex; justify-content: center; align-items: center; height: 100%;\\""> \\n              <span class=\\""esri-icon-notice-triangle\\"" \\n                    style=\\""font-size: 24px; color: orange;\\"" \\n                    title=\\""La iniciativa de mitigación de GEI que pretende inscribir en la fase de Factibilidad presenta un Traslape Informativo. \\"">\\n              </span>\\n            </div>"",""Tipo"":""Traslape Informativo"",""Nombre"":""Cuchilla Jardin Tamesis"",""Capa"":""RUNAP"",""Área (M2)"":""280365780.269 m2"",""Área traslapada (%)"":""0.04%""},{""..."":""<div title=\\""La iniciativa de mitigación de GEI que pretende inscribir en la fase de Factibilidad presenta un Traslape Informativo. \\"" style=\\""display: flex; justify-content: center; align-items: center; height: 100%;\\""> \\n              <span class=\\""esri-icon-notice-triangle\\"" \\n                    style=\\""font-size: 24px; color: orange;\\"" \\n                    title=\\""La iniciativa de mitigación de GEI que pretende inscribir en la fase de Factibilidad presenta un Traslape Informativo. \\"">\\n              </span>\\n            </div>"",""Tipo"":""Traslape Informativo"",""Nombre"":""Cuchilla Jardin Tamesis"",""Capa"":""RUNAP"",""Área (M2)"":""280365780.269 m2"",""Área traslapada (%)"":""0.1%""},{""..."":""<div title=\\""La iniciativa de mitigación de GEI que pretende inscribir en la fase de Factibilidad presenta un Traslape Informativo. \\"" style=\\""display: flex; justify-content: center; align-items: center; height: 100%;\\""> \\n              <span class=\\""esri-icon-notice-triangle\\"" \\n                    style=\\""font-size: 24px; color: orange;\\"" \\n                    title=\\""La iniciativa de mitigación de GEI que pretende inscribir en la fase de Factibilidad presenta un Traslape Informativo. \\"">\\n              </span>\\n            </div>"",""Tipo"":""Traslape Informativo"",""Nombre"":""Cuchilla Jardin Tamesis"",""Capa"":""RUNAP"",""Área (M2)"":""280365780.269 m2"",""Área traslapada (%)"":""0.1%""},{""..."":""<div title=\\""La iniciativa de mitigación de GEI que pretende inscribir en la fase de Factibilidad presenta un Traslape Informativo. \\"" style=\\""display: flex; justify-content: center; align-items: center; height: 100%;\\""> \\n              <span class=\\""esri-icon-notice-triangle\\"" \\n                    style=\\""font-size: 24px; color: orange;\\"" \\n                    title=\\""La iniciativa de mitigación de GEI que pretende inscribir en la fase de Factibilidad presenta un Traslape Informativo. \\"">\\n              </span>\\n            </div>"",""Tipo"":""Traslape Informativo"",""Nombre"":""Reserva Natural Verdeagua"",""Capa"":""RUNAP"",""Área (M2)"":""334573.205 m2"",""Área traslapada (%)"":""7.29%""},{""..."":""<div title=\\""La iniciativa de mitigación de GEI que pretende inscribir en la fase de Factibilidad presenta un Traslape Informativo. \\"" style=\\""display: flex; justify-content: center; align-items: center; height: 100%;\\""> \\n              <span class=\\""esri-icon-notice-triangle\\"" \\n                    style=\\""font-size: 24px; color: orange;\\"" \\n                    title=\\""La iniciativa de mitigación de GEI que pretende inscribir en la fase de Factibilidad presenta un Traslape Informativo. \\"">\\n              </span>\\n            </div>"",""Tipo"":""Traslape Informativo"",""Nombre"":""Nubes Trocha Capota"",""Capa"":""RUNAP"",""Área (M2)"":""41802083.129 m2"",""Área traslapada (%)"":""0.28%""},{""..."":""<div title=\\""La iniciativa de mitigación de GEI que pretende inscribir en la fase de Factibilidad presenta un Traslape Informativo. \\"" style=\\""display: flex; justify-content: center; align-items: center; height: 100%;\\""> \\n              <span class=\\""esri-icon-notice-triangle\\"" \\n                    style=\\""font-size: 24px; color: orange;\\"" \\n                    title=\\""La iniciativa de mitigación de GEI que pretende inscribir en la fase de Factibilidad presenta un Traslape Informativo. \\"">\\n              </span>\\n            </div>"",""Tipo"":""Traslape Informativo"",""Nombre"":""Cuchilla Jardin Tamesis"",""Capa"":""RUNAP"",""Área (M2)"":""280365780.269 m2"",""Área traslapada (%)"":""0%""},{""..."":""<div title=\\""La iniciativa de mitigación de GEI que pretende inscribir en la fase de Factibilidad presenta un Traslape Informativo. \\"" style=\\""display: flex; justify-content: center; align-items: center; height: 100%;\\""> \\n              <span class=\\""esri-icon-notice-triangle\\"" \\n                    style=\\""font-size: 24px; color: orange;\\"" \\n                    title=\\""La iniciativa de mitigación de GEI que pretende inscribir en la fase de Factibilidad presenta un Traslape Informativo. \\"">\\n              </span>\\n            </div>"",""Tipo"":""Traslape Informativo"",""Nombre"":""Cerro Bravo"",""Capa"":""RUNAP"",""Área (M2)"":""8919018.948 m2"",""Área traslapada (%)"":""0.03%""},{""..."":""<div title=\\""La iniciativa de mitigación de GEI que pretende inscribir en la fase de Factibilidad presenta un Traslape Informativo. \\"" style=\\""display: flex; justify-content: center; align-items: center; height: 100%;\\""> \\n              <span class=\\""esri-icon-notice-triangle\\"" \\n                    style=\\""font-size: 24px; color: orange;\\"" \\n                    title=\\""La iniciativa de mitigación de GEI que pretende inscribir en la fase de Factibilidad presenta un Traslape Informativo. \\"">\\n              </span>\\n            </div>"",""Tipo"":""Traslape Informativo"",""Nombre"":""Cerro Bravo"",""Capa"":""RUNAP"",""Área (M2)"":""8919018.948 m2"",""Área traslapada (%)"":""0.04%""},{""..."":""<div title=\\""La iniciativa de mitigación de GEI que pretende inscribir en la fase de Factibilidad presenta un Traslape Informativo. \\"" style=\\""display: flex; justify-content: center; align-items: center; height: 100%;\\""> \\n              <span class=\\""esri-icon-notice-triangle\\"" \\n                    style=\\""font-size: 24px; color: orange;\\"" \\n                    title=\\""La iniciativa de mitigación de GEI que pretende inscribir en la fase de Factibilidad presenta un Traslape Informativo. \\"">\\n              </span>\\n            </div>"",""Tipo"":""Traslape Informativo"",""Nombre"":""Cerro Bravo"",""Capa"":""RUNAP"",""Área (M2)"":""8919018.948 m2"",""Área traslapada (%)"":""0.02%""},{""..."":""<div title=\\""La iniciativa de mitigación de GEI que pretende inscribir en la fase de Factibilidad presenta un Traslape Informativo. \\"" style=\\""display: flex; justify-content: center; align-items: center; height: 100%;\\""> \\n              <span class=\\""esri-icon-notice-triangle\\"" \\n                    style=\\""font-size: 24px; color: orange;\\"" \\n                    title=\\""La iniciativa de mitigación de GEI que pretende inscribir en la fase de Factibilidad presenta un Traslape Informativo. \\"">\\n              </span>\\n            </div>"",""Tipo"":""Traslape Informativo"",""Nombre"":""Cuchilla Jardin Tamesis"",""Capa"":""RUNAP"",""Área (M2)"":""280365780.269 m2"",""Área traslapada (%)"":""0%""},{""..."":""<div title=\\""La iniciativa de mitigación de GEI que pretende inscribir en la fase de Factibilidad presenta un Traslape Informativo. \\"" style=\\""display: flex; justify-content: center; align-items: center; height: 100%;\\""> \\n              <span class=\\""esri-icon-notice-triangle\\"" \\n                    style=\\""font-size: 24px; color: orange;\\"" \\n                    title=\\""La iniciativa de mitigación de GEI que pretende inscribir en la fase de Factibilidad presenta un Traslape Informativo. \\"">\\n              </span>\\n            </div>"",""Tipo"":""Traslape Informativo"",""Nombre"":""Cuchilla Jardin Tamesis"",""Capa"":""RUNAP"",""Área (M2)"":""280365780.269 m2"",""Área traslapada (%)"":""0%""},{""..."":""<div title=\\""La iniciativa de mitigación de GEI que pretende inscribir en la fase de Factibilidad presenta un Traslape Informativo. \\"" style=\\""display: flex; justify-content: center; align-items: center; height: 100%;\\""> \\n              <span class=\\""esri-icon-notice-triangle\\"" \\n                    style=\\""font-size: 24px; color: orange;\\"" \\n                    title=\\""La iniciativa de mitigación de GEI que pretende inscribir en la fase de Factibilidad presenta un Traslape Informativo. \\"">\\n              </span>\\n            </div>"",""Tipo"":""Traslape Informativo"",""Nombre"":""Cuchilla Jardin Tamesis"",""Capa"":""RUNAP"",""Área (M2)"":""280365780.269 m2"",""Área traslapada (%)"":""0%""},{""..."":""<div title=\\""La iniciativa de mitigación de GEI que pretende inscribir en la fase de Factibilidad presenta un Traslape Informativo. \\"" style=\\""display: flex; justify-content: center; align-items: center; height: 100%;\\""> \\n              <span class=\\""esri-icon-notice-triangle\\"" \\n                    style=\\""font-size: 24px; color: orange;\\"" \\n                    title=\\""La iniciativa de mitigación de GEI que pretende inscribir en la fase de Factibilidad presenta un Traslape Informativo. \\"">\\n              </span>\\n            </div>"",""Tipo"":""Traslape Informativo"",""Nombre"":""Farallones del Citará"",""Capa"":""RUNAP"",""Área (M2)"":""300606609.627 m2"",""Área traslapada (%)"":""0%""},{""..."":""<div title=\\""La iniciativa de mitigación de GEI que pretende inscribir en la fase de Factibilidad presenta un Traslape Informativo. \\"" style=\\""display: flex; justify-content: center; align-items: center; height: 100%;\\""> \\n              <span class=\\""esri-icon-notice-triangle\\"" \\n                    style=\\""font-size: 24px; color: orange;\\"" \\n                    title=\\""La iniciativa de mitigación de GEI que pretende inscribir en la fase de Factibilidad presenta un Traslape Informativo. \\"">\\n              </span>\\n            </div>"",""Tipo"":""Traslape Informativo"",""Nombre"":""Reserva Natural Verdeagua"",""Capa"":""RUNAP"",""Área (M2)"":""334573.205 m2"",""Área traslapada (%)"":""5.73%""},{""..."":""<div title=\\""La iniciativa de mitigación de GEI que pretende inscribir en la fase de Factibilidad presenta un Traslape Informativo. \\"" style=\\""display: flex; justify-content: center; align-items: center; height: 100%;\\""> \\n              <span class=\\""esri-icon-notice-triangle\\"" \\n                    style=\\""font-size: 24px; color: orange;\\"" \\n                    title=\\""La iniciativa de mitigación de GEI que pretende inscribir en la fase de Factibilidad presenta un Traslape Informativo. \\"">\\n              </span>\\n            </div>"",""Tipo"":""Traslape Informativo"",""Nombre"":""Reserva Natural Verdeagua"",""Capa"":""RUNAP"",""Área (M2)"":""334573.205 m2"",""Área traslapada (%)"":""0.68%""},{""..."":""<div title=\\""La iniciativa de mitigación de GEI que pretende inscribir en la fase de Factibilidad presenta un Traslape Informativo. \\"" style=\\""display: flex; justify-content: center; align-items: center; height: 100%;\\""> \\n              <span class=\\""esri-icon-notice-triangle\\"" \\n                    style=\\""font-size: 24px; color: orange;\\"" \\n                    title=\\""La iniciativa de mitigación de GEI que pretende inscribir en la fase de Factibilidad presenta un Traslape Informativo. \\"">\\n              </span>\\n            </div>"",""Tipo"":""Traslape Informativo"",""Nombre"":""Nubes Trocha Capota"",""Capa"":""RUNAP"",""Área (M2)"":""41802083.129 m2"",""Área traslapada (%)"":""0%""},{""..."":""<div title=\\""La iniciativa de mitigación de GEI que pretende inscribir en la fase de Factibilidad presenta un Traslape Informativo. \\"" style=\\""display: flex; justify-content: center; align-items: center; height: 100%;\\""> \\n              <span class=\\""esri-icon-notice-triangle\\"" \\n                    style=\\""font-size: 24px; color: orange;\\"" \\n                    title=\\""La iniciativa de mitigación de GEI que pretende inscribir en la fase de Factibilidad presenta un Traslape Informativo. \\"">\\n              </span>\\n            </div>"",""Tipo"":""Traslape Informativo"",""Nombre"":""Nubes Trocha Capota"",""Capa"":""RUNAP"",""Área (M2)"":""41802083.129 m2"",""Área traslapada (%)"":""0%""},{""..."":""<div title=\\""La iniciativa de mitigación de GEI que pretende inscribir en la fase de Factibilidad presenta un Traslape Informativo. \\"" style=\\""display: flex; justify-content: center; align-items: center; height: 100%;\\""> \\n              <span class=\\""esri-icon-notice-triangle\\"" \\n                    style=\\""font-size: 24px; color: orange;\\"" \\n                    title=\\""La iniciativa de mitigación de GEI que pretende inscribir en la fase de Factibilidad presenta un Traslape Informativo. \\"">\\n              </span>\\n            </div>"",""Tipo"":""Traslape Informativo"",""Nombre"":""Nubes Trocha Capota"",""Capa"":""RUNAP"",""Área (M2)"":""41802083.129 m2"",""Área traslapada (%)"":""0%""},{""..."":""<div title=\\""La iniciativa de mitigación de GEI que pretende inscribir en la fase de Factibilidad presenta un Traslape Informativo. \\"" style=\\""display: flex; justify-content: center; align-items: center; height: 100%;\\""> \\n              <span class=\\""esri-icon-notice-triangle\\"" \\n                    style=\\""font-size: 24px; color: orange;\\"" \\n                    title=\\""La iniciativa de mitigación de GEI que pretende inscribir en la fase de Factibilidad presenta un Traslape Informativo. \\"">\\n              </span>\\n            </div>"",""Tipo"":""Traslape Informativo"",""Nombre"":""Nubes Trocha Capota"",""Capa"":""RUNAP"",""Área (M2)"":""41802083.129 m2"",""Área traslapada (%)"":""0.01%""},{""..."":""<div title=\\""La iniciativa de mitigación de GEI que pretende inscribir en la fase de Factibilidad presenta un Traslape Informativo. \\"" style=\\""display: flex; justify-content: center; align-items: center; height: 100%;\\""> \\n              <span class=\\""esri-icon-notice-triangle\\"" \\n                    style=\\""font-size: 24px; color: orange;\\"" \\n                    title=\\""La iniciativa de mitigación de GEI que pretende inscribir en la fase de Factibilidad presenta un Traslape Informativo. \\"">\\n              </span>\\n            </div>"",""Tipo"":""Traslape Informativo"",""Nombre"":""Cuchilla Jardin Tamesis"",""Capa"":""RUNAP"",""Área (M2)"":""280365780.269 m2"",""Área traslapada (%)"":""0%""},{""..."":""<div title=\\""La iniciativa de mitigación de GEI que pretende inscribir en la fase de Factibilidad presenta un Traslape Informativo. \\"" style=\\""display: flex; justify-content: center; align-items: center; height: 100%;\\""> \\n              <span class=\\""esri-icon-notice-triangle\\"" \\n                    style=\\""font-size: 24px; color: orange;\\"" \\n                    title=\\""La iniciativa de mitigación de GEI que pretende inscribir en la fase de Factibilidad presenta un Traslape Informativo. \\"">\\n              </span>\\n            </div>"",""Tipo"":""Traslape Informativo"",""Nombre"":""Cuchilla Jardin Tamesis"",""Capa"":""RUNAP"",""Área (M2)"":""280365780.269 m2"",""Área traslapada (%)"":""0.01%""},{""..."":""<div title=\\""La iniciativa de mitigación de GEI que pretende inscribir en la fase de Factibilidad presenta un Traslape Informativo. \\"" style=\\""display: flex; justify-content: center; align-items: center; height: 100%;\\""> \\n              <span class=\\""esri-icon-notice-triangle\\"" \\n                    style=\\""font-size: 24px; color: orange;\\"" \\n                    title=\\""La iniciativa de mitigación de GEI que pretende inscribir en la fase de Factibilidad presenta un Traslape Informativo. \\"">\\n              </span>\\n            </div>"",""Tipo"":""Traslape Informativo"",""Nombre"":""Cuchilla Jardin Tamesis"",""Capa"":""RUNAP"",""Área (M2)"":""280365780.269 m2"",""Área traslapada (%)"":""0%""},{""..."":""<div title=\\""La iniciativa de mitigación de GEI que pretende inscribir en la fase de Factibilidad presenta un Traslape Informativo. \\"" style=\\""display: flex; justify-content: center; align-items: center; height: 100%;\\""> \\n              <span class=\\""esri-icon-notice-triangle\\"" \\n                    style=\\""font-size: 24px; color: orange;\\"" \\n                    title=\\""La iniciativa de mitigación de GEI que pretende inscribir en la fase de Factibilidad presenta un Traslape Informativo. \\"">\\n              </span>\\n            </div>"",""Tipo"":""Traslape Informativo"",""Nombre"":""Cuchilla Jardin Tamesis"",""Capa"":""RUNAP"",""Área (M2)"":""280365780.269 m2"",""Área traslapada (%)"":""0%""},{""..."":""<div title=\\""La iniciativa de mitigación de GEI que pretende inscribir en la fase de Factibilidad presenta un Traslape Informativo. \\"" style=\\""display: flex; justify-content: center; align-items: center; height: 100%;\\""> \\n              <span class=\\""esri-icon-notice-triangle\\"" \\n                    style=\\""font-size: 24px; color: orange;\\"" \\n                    title=\\""La iniciativa de mitigación de GEI que pretende inscribir en la fase de Factibilidad presenta un Traslape Informativo. \\"">\\n              </span>\\n            </div>"",""Tipo"":""Traslape Informativo"",""Nombre"":""Cuchilla Jardin Tamesis"",""Capa"":""RUNAP"",""Área (M2)"":""280365780.269 m2"",""Área traslapada (%)"":""0%""},{""..."":""<div title=\\""La iniciativa de mitigación de GEI que pretende inscribir en la fase de Factibilidad presenta un Traslape Informativo. \\"" style=\\""display: flex; justify-content: center; align-items: center; height: 100%;\\""> \\n              <span class=\\""esri-icon-notice-triangle\\"" \\n                    style=\\""font-size: 24px; color: orange;\\"" \\n                    title=\\""La iniciativa de mitigación de GEI que pretende inscribir en la fase de Factibilidad presenta un Traslape Informativo. \\"">\\n              </span>\\n            </div>"",""Tipo"":""Traslape Informativo"",""Nombre"":""Cuchilla Jardin Tamesis"",""Capa"":""RUNAP"",""Área (M2)"":""280365780.269 m2"",""Área traslapada (%)"":""0%""},{""..."":""<div title=\\""La iniciativa de mitigación de GEI que pretende inscribir en la fase de Factibilidad presenta un Traslape Informativo. \\"" style=\\""display: flex; justify-content: center; align-items: center; height: 100%;\\""> \\n              <span class=\\""esri-icon-notice-triangle\\"" \\n                    style=\\""font-size: 24px; color: orange;\\"" \\n                    title=\\""La iniciativa de mitigación de GEI que pretende inscribir en la fase de Factibilidad presenta un Traslape Informativo. \\"">\\n              </span>\\n            </div>"",""Tipo"":""Traslape Informativo"",""Nombre"":""Cuchilla Jardin Tamesis"",""Capa"":""RUNAP"",""Área (M2)"":""280365780.269 m2"",""Área traslapada (%)"":""0%""},{""..."":""<div title=\\""La iniciativa de mitigación de GEI que pretende inscribir en la fase de Factibilidad presenta un Traslape Informativo. \\"" style=\\""display: flex; justify-content: center; align-items: center; height: 100%;\\""> \\n              <span class=\\""esri-icon-notice-triangle\\"" \\n                    style=\\""font-size: 24px; color: orange;\\"" \\n                    title=\\""La iniciativa de mitigación de GEI que pretende inscribir en la fase de Factibilidad presenta un Traslape Informativo. \\"">\\n              </span>\\n            </div>"",""Tipo"":""Traslape Informativo"",""Nombre"":""Cuchilla Jardin Tamesis"",""Capa"":""RUNAP"",""Área (M2)"":""280365780.269 m2"",""Área traslapada (%)"":""0%""},{""..."":""<div title=\\""La iniciativa de mitigación de GEI que pretende inscribir en la fase de Factibilidad presenta un Traslape Informativo. \\"" style=\\""display: flex; justify-content: center; align-items: center; height: 100%;\\""> \\n              <span class=\\""esri-icon-notice-triangle\\"" \\n                    style=\\""font-size: 24px; color: orange;\\"" \\n                    title=\\""La iniciativa de mitigación de GEI que pretende inscribir en la fase de Factibilidad presenta un Traslape Informativo. \\"">\\n              </span>\\n            </div>"",""Tipo"":""Traslape Informativo"",""Nombre"":""Cuchilla Jardin Tamesis"",""Capa"":""RUNAP"",""Área (M2)"":""280365780.269 m2"",""Área traslapada (%)"":""0%""},{""..."":""<div title=\\""La iniciativa de mitigación de GEI que pretende inscribir en la fase de Factibilidad presenta un Traslape Informativo. \\"" style=\\""display: flex; justify-content: center; align-items: center; height: 100%;\\""> \\n              <span class=\\""esri-icon-notice-triangle\\"" \\n                    style=\\""font-size: 24px; color: orange;\\"" \\n                    title=\\""La iniciativa de mitigación de GEI que pretende inscribir en la fase de Factibilidad presenta un Traslape Informativo. \\"">\\n              </span>\\n            </div>"",""Tipo"":""Traslape Informativo"",""Nombre"":""Cuchilla Jardin Tamesis"",""Capa"":""RUNAP"",""Área (M2)"":""280365780.269 m2"",""Área traslapada (%)"":""0%""},{""..."":""<div title=\\""La iniciativa de mitigación de GEI que pretende inscribir en la fase de Factibilidad presenta un Traslape Informativo. \\"" style=\\""display: flex; justify-content: center; align-items: center; height: 100%;\\""> \\n              <span class=\\""esri-icon-notice-triangle\\"" \\n                    style=\\""font-size: 24px; color: orange;\\"" \\n                    title=\\""La iniciativa de mitigación de GEI que pretende inscribir en la fase de Factibilidad presenta un Traslape Informativo. \\"">\\n              </span>\\n            </div>"",""Tipo"":""Traslape Informativo"",""Nombre"":""Cuchilla Jardin Tamesis"",""Capa"":""RUNAP"",""Área (M2)"":""280365780.269 m2"",""Área traslapada (%)"":""0%""},{""..."":""<div title=\\""La iniciativa de mitigación de GEI que pretende inscribir en la fase de Factibilidad presenta un Traslape Informativo. \\"" style=\\""display: flex; justify-content: center; align-items: center; height: 100%;\\""> \\n              <span class=\\""esri-icon-notice-triangle\\"" \\n                    style=\\""font-size: 24px; color: orange;\\"" \\n                    title=\\""La iniciativa de mitigación de GEI que pretende inscribir en la fase de Factibilidad presenta un Traslape Informativo. \\"">\\n              </span>\\n            </div>"",""Tipo"":""Traslape Informativo"",""Nombre"":""Cuchilla Jardin Tamesis"",""Capa"":""RUNAP"",""Área (M2)"":""280365780.269 m2"",""Área traslapada (%)"":""0%""}]', 'resultado_traslape': 'Se presenta un traslape informativo con Registro Único de Áreas protegidas - RUNAP.', 'fecha_resultado_traslape': '12/08/2026 19:47:53', 'sector_cartera': '', 'tipo_moneda_1': 171, 'tasa_cambio_1': '$ 3.129', 'fecha_tasa_cambio_1': '12/08/2026', 'contribucion_propia_1': '$ 1.700.000', 'contribucion_propia_tasa_cambio_1': 'COP $ 5.319.300.000', 'contribucion_externa_1': '$ 500.000', 'contribucion_externa_tasa_cambio_1': 'COP $ 1.564.500.000', 'costo_total_1': 'COP $ 2.200.000', 'costo_total_tasa_cambio_1': 'COP $ 6.883.800.000', 't_sector_cartera_asociado_2': '', 'tipo_actividad': 747, 'nombre_tipo_actividad': 'Restauración forestal'}]",,,,,,,,,,PDBC - Proyectos de Desarrollo Bajo en Carbono
renare|matani redd+ dios mayor de los pueblos cabillari conservacion ancestral,renare,"MATANI REDD+ DIOS MAYOR DE LOS PUEBLOS
CABILLARI CONSERVACIÓN ANCESTRAL",,,AFOLU,tipo: Proyecto REDD+,AFOLU,,REDD,tipo: Proyecto REDD+,REDD,,"[{'fuente_relacionada_1': '{""value"":""BOSQUES""}', 'tipo_actividad_1': 46, 'descripcion_actividad_1': 'Para asegurar la integridad del Proyecto REDD+ Matani, se ha establecido un protocolo de monitoreo robusto, transparente y repetible, con ello se busca demostrar que el carbono capturado permanecerá en el área del proyecto en el largo plazo.', 'fecha_inicial_1': '31/05/2020', 'fecha_final_1': '30/05/2060', 'acciones_redd_mas_1': 'El Protocolo incluye 3 Componentes:\n1. Monitoreo de la Cobertura Forestal\n2. Gestión de Factores de Riesgo de Fuga (Leakage)\n3. Gestión de la No Permanencia', 'depositos_carbono_1': '[{""depositos_carbono_1_1"":{""label"":""Biomasa aérea"",""value"":131,""repeat"":false}}]', 'check_co_beneficios_economicos_1': True, 'descripcion_co_beneficios_economicos_1': 'La comercialización de los bonos de carbono generados, producen beneficios ecónomicos que se utilizarán entre otras en la implementación de esta y otras actividades de mitigación.', 'check_co_beneficios_sociales_1': True, 'descripcion_co_beneficios_sociales_1': 'Inversión social comunitaria, fortalecer la gobernanza y autonomía territorial, impulsar economías sostenibles basadas en el bosque y revalorizar los saberes ancestrales para la conservación ambiental', 'check_co_beneficios_ambientales_1': True, 'descripcion_co_beneficios_ambientales_1': 'Frenar la pérdida de bosques en el territorio, reduciendo gases de efecto invernadero y a la vez protegiendo la biodiversidad de la amazonía. Además, fortalece la gobernanza local.', 'check_otros_co_beneficios_1': '', 'descripcion_otros_co_beneficios_1': '', 'archivo_soporte_2_2': 'files-renare/cc,79672470/6a728e472ae62d26b5e21563/documentossolicitud/05documentodescripcionactividadmitigacion11-08-2026-08-29-37.pdf', 'archivo_soporte_2_3': '', 'geovisor_calculo_traslape_1': '[]', 'resultado_traslape': 'No se presenta traslape.', 'fecha_resultado_traslape': '11/08/2026 08:31:39', 'sector_cartera': '', 'tipo_moneda_1': '', 'tasa_cambio_1': '', 'fecha_tasa_cambio_1': '', 'contribucion_propia_1': '', 'contribucion_propia_tasa_cambio_1': '', 'contribucion_externa_1': '', 'contribucion_externa_tasa_cambio_1': '', 'costo_total_1': '', 'costo_total_tasa_cambio_1': '', 't_sector_cartera_asociado_2': '', 't_costos_asociados': '', 'tipo_actividad': 46, 'nombre_tipo_actividad': 'Reducción de las emisiones debidas a la deforestación'}]",,,,,,,,,,Proyecto REDD+
renare|rehabilitacion del corredor ferreo la dorada - chiriguana,renare,Rehabilitación del Corredor Férreo La Dorada - Chiriguaná,,,REVISAR,tipo=PDBC - Proyectos de Desarrollo pero actividades sugiere AFOLU,,,NO_REDD,tipo: PDBC - Proyectos de Desarrollo Bajo en C (categoria distinta de REDD+ en RENARE),NO_REDD,,"[{'fuente_relacionada_1': '{""value"":""Consumo de diésel B10 en locomotoras – operación ferroviaria corredor La Dorada – Chiriguaná (UF1)""}', 'tipo_actividad_1': 300, 'descripcion_actividad_1': 'Cambio modal de carga carretera a férrea en el corredor La Dorada–Chiriguaná (UF1). Operación de trenes con diésel BX que moviliza carga de alto volumen con menor intensidad de carbono: 35,08 gCO₂/ton*km frente a 70,53 del modo carretero, una ventaja modal del 50,3%.', 'fecha_inicial_1': '02/08/2025', 'fecha_final_1': '02/08/2035', 'acciones_redd_mas_1': '', 'depositos_carbono_1': '', 'check_co_beneficios_economicos_1': True, 'descripcion_co_beneficios_economicos_1': 'Reducción de costos logísticos del transporte de carga y ahorro en tiempos de viaje de mercancías, mejorando la competitividad de los sectores energético, agroindustrial y de construcción.', 'check_co_beneficios_sociales_1': True, 'descripcion_co_beneficios_sociales_1': 'Reactivación económica de 25 municipios en 5 departamentos (Caldas, Antioquia, Santander, Norte de Santander y Cesar), con generación de empleo local. Aporta al ODS 8.', 'check_co_beneficios_ambientales_1': True, 'descripcion_co_beneficios_ambientales_1': 'Menor contaminación atmosférica y ruido frente al modo carretero; reduce la presión por expansión de la red vial y la ocupación de suelo rural. Aporta al ODS 13.', 'check_otros_co_beneficios_1': True, 'descripcion_otros_co_beneficios_1': 'Fortalecimiento del sistema MRV del transporte férreo colombiano mediante metodologías CMNUCC (AM0090 y TOOL03) y la documentación de brechas metodológicas del sector.', 'archivo_soporte_2_2': 'files-renare/cc,75098362/6a6365cec4dc4aa74a6f1b69/documentossolicitud/05documentodescripcionactividadmitigacion24-07-2026-08-56-27.pdf', 'archivo_soporte_2_3': '', 'geovisor_calculo_traslape_1': '[{""..."":""<div title=\\""La iniciativa de mitigación de GEI que pretende inscribir en la fase de Factibilidad presenta un Traslape Informativo. \\"" style=\\""display: flex; justify-content: center; align-items: center; height: 100%;\\""> \\n              <span class=\\""esri-icon-notice-triangle\\"" \\n                    style=\\""font-size: 24px; color: orange;\\"" \\n                    title=\\""La iniciativa de mitigación de GEI que pretende inscribir en la fase de Factibilidad presenta un Traslape Informativo. \\"">\\n              </span>\\n            </div>"",""Tipo"":""Traslape Informativo"",""Nombre"":""Cuenca Alta del Caño Alonso"",""Capa"":""RUNAP"",""Área (M2)"":""4258147.585 m2"",""Área traslapada (%)"":""1.92%""},{""..."":""<div title=\\""La iniciativa de mitigación de GEI que pretende inscribir en la fase de Factibilidad presenta un Traslape Informativo. \\"" style=\\""display: flex; justify-content: center; align-items: center; height: 100%;\\""> \\n              <span class=\\""esri-icon-notice-triangle\\"" \\n                    style=\\""font-size: 24px; color: orange;\\"" \\n                    title=\\""La iniciativa de mitigación de GEI que pretende inscribir en la fase de Factibilidad presenta un Traslape Informativo. \\"">\\n              </span>\\n            </div>"",""Tipo"":""Traslape Informativo"",""Nombre"":""Del Humedal San Silvestre"",""Capa"":""RUNAP"",""Área (M2)"":""699595812.811 m2"",""Área traslapada (%)"":""0.01%""},{""..."":""<div title=\\""La iniciativa de mitigación de GEI que pretende inscribir en la fase de Factibilidad presenta un Traslape Informativo. \\"" style=\\""display: flex; justify-content: center; align-items: center; height: 100%;\\""> \\n              <span class=\\""esri-icon-notice-triangle\\"" \\n                    style=\\""font-size: 24px; color: orange;\\"" \\n                    title=\\""La iniciativa de mitigación de GEI que pretende inscribir en la fase de Factibilidad presenta un Traslape Informativo. \\"">\\n              </span>\\n            </div>"",""Tipo"":""Traslape Informativo"",""Nombre"":""Ciénaga de Chiqueros"",""Capa"":""RUNAP"",""Área (M2)"":""67646039.751 m2"",""Área traslapada (%)"":""0.25%""}]', 'resultado_traslape': 'Se presenta un traslape informativo con Registro Único de Áreas protegidas - RUNAP.', 'fecha_resultado_traslape': '24/07/2026 10:37:35', 'sector_cartera': '', 'tipo_moneda_1': 173, 'tasa_cambio_1': '', 'fecha_tasa_cambio_1': '', 'contribucion_propia_1': '$ 3,4b', 'contribucion_propia_tasa_cambio_1': '', 'contribucion_externa_1': '$ 0', 'contribucion_externa_tasa_cambio_1': '', 'costo_total_1': 'COP $ 3,4', 'costo_total_tasa_cambio_1': '', 't_sector_cartera_asociado_2': '', 'tipo_actividad': 300, 'nombre_tipo_actividad': 'Eficiencia energética en transporte férreo'}]",,,,,,,,,,PDBC - Proyectos de Desarrollo Bajo en Carbono
renare|diseno y desarrollo de sistemas de tratamientos de aguas residuales domesticas e industriales a traves de biomasas adsorbentes.,renare,Diseño y desarrollo de sistemas de tratamientos de aguas residuales domésticas e industriales a través de biomasas adsorbentes. ,,,REVISAR,tipo=MDL - Proyectos del Mecanismo  pero actividades sugiere AFOLU,,,NO_REDD,tipo: MDL - Proyectos del Mecanismo de Desarro (categoria distinta de REDD+ en RENARE),NO_REDD,,"[{'fuente_relacionada_1': '{""value"":""Biomasas adsorbentes ""}', 'tipo_actividad_1': 518, 'descripcion_actividad_1': 'Las biomasas adsorbentes convierten la materia organica en nutrientes estos son absorbidos disminuyendo la cantidad de C02 generado por el vertimiento de estas aguas contaminadas, Se debe estipular que, por años se ha generado grandes cantidades de CO2 proveniente de estas curtiembres al no tratarse', 'fecha_inicial_1': '07/08/2024', 'fecha_final_1': '02/05/2026', 'acciones_redd_mas_1': '', 'depositos_carbono_1': '', 'check_co_beneficios_economicos_1': True, 'descripcion_co_beneficios_economicos_1': 'Las biomasas adsorbentes son muy economicas comparadas con otros sistemas de tratamiento, el prototipo no cuesta más de 2 millones de pesos y es muy eficiente. ', 'check_co_beneficios_sociales_1': True, 'descripcion_co_beneficios_sociales_1': 'Las aguas residuales de las curtiembres han impactado nuestra sociedad por decadas, nuestra iniciativa mitiga estos impactos.  ', 'check_co_beneficios_ambientales_1': True, 'descripcion_co_beneficios_ambientales_1': 'Nuestras biomasas adsorbentes reducen los contaminates ambientales como la DBO, SST, Grasas y Sangres por ejemplo, estas biomasas son faciles de instalar y son necesarias para este sector', 'check_otros_co_beneficios_1': True, 'descripcion_otros_co_beneficios_1': 'La sociedad en general, todos nosotros merecemos tener recursos hidricos sanos, y las biomasas adsorbentes reducen toda contaminación ambiental, y así nuestros ecosistemas acuaticos no pierden sus ser', 'archivo_soporte_2_2': 'files-renare/cc,88251936/6a0ce0526ba4657064ecab7a/documentossolicitud/05documentodescripcionactividadmitigacion19-05-2026-17-57-15.pdf', 'archivo_soporte_2_3': '', 'geovisor_calculo_traslape_1': '[]', 'resultado_traslape': 'No se presenta traslape.', 'fecha_resultado_traslape': '19/05/2026 18:42:36', 'sector_cartera': '', 'tipo_moneda_1': 173, 'tasa_cambio_1': '', 'fecha_tasa_cambio_1': '', 'contribucion_propia_1': '$ 20.000.000', 'contribucion_propia_tasa_cambio_1': '', 'contribucion_externa_1': '$ 100.000.000', 'contribucion_externa_tasa_cambio_1': '', 'costo_total_1': 'COP $ 120.000.000', 'costo_total_tasa_cambio_1': '', 't_sector_cartera_asociado_2': '', 'tipo_actividad': 518, 'nombre_tipo_actividad': 'Cambios tecnológicos en tratamiento y eliminación de aguas residuales industriales'}]",,,,,,,,,,MDL - Proyectos del Mecanismo de Desarrollo Limpio
"renare|proyecto uramia - proyecto redd+ de conservacion forestal liderado por la comunidad en choco, colombia",renare,"PROYECTO URAMIA - Proyecto REDD+ de Conservación Forestal Liderado por la Comunidad en Chocó, Colombia",,,AFOLU,tipo: Proyecto REDD+,AFOLU,,REDD,tipo: Proyecto REDD+,REDD,,"[{'fuente_relacionada_1': '{""value"":""Deforestation""}', 'tipo_actividad_1': 48, 'descripcion_actividad_1': 'El proyecto tiene como objetivo conservar una selección de 255.220 ha de bosque nativo en Choco, durante un período de 40 años, junto con proporcionar medios de vida alternativos y desarrollo de habilidades comunitarias y monitoreo de la biodiversidad.', 'fecha_inicial_1': '10/05/2024', 'fecha_final_1': '09/05/2064', 'acciones_redd_mas_1': 'Intervenciones de conservación basadas en la comunidad, incluidos empleos ecológicos (patrullaje, monitoreo), medios de vida alternativos (agroforestería, apicultura), bienestar comunitario (escuelas, salud), empoderamiento de la mujer, capacitación juvenil y estructuras para controlar deforestación', 'depositos_carbono_1': '[{""depositos_carbono_1_1"":{""label"":""Biomasa subterránea"",""value"":167,""repeat"":false}},{""depositos_carbono_1_1"":{""label"":""Biomasa aérea"",""value"":131,""repeat"":false}},{""depositos_carbono_1_1"":{""label"":""Detritos"",""value"":168,""repeat"":false}}]', 'check_co_beneficios_economicos_1': True, 'descripcion_co_beneficios_economicos_1': 'Creación de empleos ecológicos y medios de vida alternativos para la comunidad.', 'check_co_beneficios_sociales_1': True, 'descripcion_co_beneficios_sociales_1': 'Inversión en infraestructura socioeconómica que conduce a un mejor acceso a la salud, la educación y la formación de habilidades.', 'check_co_beneficios_ambientales_1': True, 'descripcion_co_beneficios_ambientales_1': 'La conservación de los bosques y las especies amenazadas que conducen a una mejor biodiversidad y salud forestal', 'check_otros_co_beneficios_1': '', 'descripcion_otros_co_beneficios_1': '', 'archivo_soporte_2_2': 'files-renare/ce,416829/69fa2c1f6ba4657064ecaa76/documentossolicitud/05documentodescripcionactividadmitigacion19-05-2026-01-41-30.pdf', 'archivo_soporte_2_3': '', 'geovisor_calculo_traslape_1': '[]', 'resultado_traslape': 'No se presenta traslape.', 'fecha_resultado_traslape': '06/08/2026 09:30:54', 'sector_cartera': '', 'tipo_moneda_1': '', 'tasa_cambio_1': '', 'fecha_tasa_cambio_1': '', 'contribucion_propia_1': '', 'contribucion_propia_tasa_cambio_1': '', 'contribucion_externa_1': '', 'contribucion_externa_tasa_cambio_1': '', 'costo_total_1': '', 'costo_total_tasa_cambio_1': '', 't_sector_cartera_asociado_2': '', 't_costos_asociados': '', 'tipo_actividad': 48, 'nombre_tipo_actividad': 'Conservación de las reservas forestales de carbono'}]",,,,,,,,,,Proyecto REDD+
renare|proyecto forestal co2cero chiguiro,renare,Proyecto Forestal CO2CERO Chigüiro,,,REVISAR,tipo=PDBC - Proyectos de Desarrollo pero actividades sugiere AFOLU,,,NO_REDD,tipo: PDBC - Proyectos de Desarrollo Bajo en C (categoria distinta de REDD+ en RENARE),NO_REDD,,"[{'fuente_relacionada_1': '{""value"":""Plantaciones Forestales""}', 'tipo_actividad_1': 746, 'descripcion_actividad_1': 'Desarrollar un proyecto de carbono agrupado mediante la implementación de plantaciones forestales utilizando especies de alto valor comercial y de captura de carbono (Acacia mangium, Eucalyptus pellita, Eucalyptus urograndis y Pinus caribaea).', 'fecha_inicial_1': '16/10/2020', 'fecha_final_1': '15/10/2050', 'acciones_redd_mas_1': '', 'depositos_carbono_1': '', 'check_co_beneficios_economicos_1': '', 'descripcion_co_beneficios_economicos_1': '', 'check_co_beneficios_sociales_1': '', 'descripcion_co_beneficios_sociales_1': '', 'check_co_beneficios_ambientales_1': True, 'descripcion_co_beneficios_ambientales_1': 'Captura de CO₂e en el desarrollo de las plantaciones forestales.', 'check_otros_co_beneficios_1': '', 'descripcion_otros_co_beneficios_1': '', 'archivo_soporte_2_2': 'files-renare/cc,79786878/6995c4dbdc90ca1cbe64d7fc/documentossolicitud/05documentodescripcionactividadmitigacion04-05-2026-08-16-10.pdf', 'archivo_soporte_2_3': '', 'geovisor_calculo_traslape_1': '[]', 'resultado_traslape': 'No se presenta traslape.', 'fecha_resultado_traslape': '04/05/2026 15:00:28', 'sector_cartera': '', 'tipo_moneda_1': 173, 'tasa_cambio_1': '', 'fecha_tasa_cambio_1': '', 'contribucion_propia_1': '$ 100.000.000', 'contribucion_propia_tasa_cambio_1': '', 'contribucion_externa_1': '$ 800.000.000', 'contribucion_externa_tasa_cambio_1': '', 'costo_total_1': 'COP $ 900.000.000', 'costo_total_tasa_cambio_1': '', 't_sector_cartera_asociado_2': '', 'tipo_actividad': 746, 'nombre_tipo_actividad': 'Plantaciones forestales'}]",,,,,,,,,,PDBC - Proyectos de Desarrollo Bajo en Carbono
renare|proyecto forestal co2cero alcaravan orinoquia,renare,Proyecto Forestal CO2CERO Alcaraván Orinoquia,,,REVISAR,tipo=PDBC - Proyectos de Desarrollo pero actividades sugiere AFOLU,,,NO_REDD,tipo: PDBC - Proyectos de Desarrollo Bajo en C (categoria distinta de REDD+ en RENARE),NO_REDD,,"[{'fuente_relacionada_1': '{""value"":""Plantaciones forestales""}', 'tipo_actividad_1': 746, 'descripcion_actividad_1': 'El área de implementación se localiza en los departamentos del Meta y Vichada, específicamente en los municipios de Puerto Lleras, Puerto Gaitán y Cumaribo. El proyecto integra plantaciones forestales ya establecidas con las especies Acacia mangium, Eucalyptus pellita y Pinus caribaea.', 'fecha_inicial_1': '01/07/2018', 'fecha_final_1': '30/06/2038', 'acciones_redd_mas_1': '', 'depositos_carbono_1': '', 'check_co_beneficios_economicos_1': '', 'descripcion_co_beneficios_economicos_1': '', 'check_co_beneficios_sociales_1': '', 'descripcion_co_beneficios_sociales_1': '', 'check_co_beneficios_ambientales_1': True, 'descripcion_co_beneficios_ambientales_1': 'Remocion de GEI de la atmosfera', 'check_otros_co_beneficios_1': '', 'descripcion_otros_co_beneficios_1': '', 'archivo_soporte_2_2': 'files-renare/cc,79786878/6973d618dc90ca1cbe64d460/documentossolicitud/05documentodescripcionactividadmitigacion23-01-2026-15-53-03.pdf', 'archivo_soporte_2_3': '', 'geovisor_calculo_traslape_1': '[]', 'resultado_traslape': 'No se presenta traslape.', 'fecha_resultado_traslape': '23/01/2026 15:56:20', 'sector_cartera': '', 'tipo_moneda_1': 173, 'tasa_cambio_1': '', 'fecha_tasa_cambio_1': '', 'contribucion_propia_1': '$ 200.000.000', 'contribucion_propia_tasa_cambio_1': '', 'contribucion_externa_1': '$ 815.067.000', 'contribucion_externa_tasa_cambio_1': '', 'costo_total_1': 'COP $ 1.015.067.000', 'costo_total_tasa_cambio_1': '', 't_sector_cartera_asociado_2': '', 'tipo_actividad': 746, 'nombre_tipo_actividad': 'Plantaciones forestales'}]",,,,,,,,,,PDBC - Proyectos de Desarrollo Bajo en Carbono
renare|proyecto redd mapiripan,renare,Proyecto REDD Mapiripan,,,AFOLU,tipo: Proyecto REDD+,AFOLU,,REDD,tipo: Proyecto REDD+,REDD,,"[{'fuente_relacionada_1': '{""value"":""Deforestacion no planeada""}', 'tipo_actividad_1': 48, 'descripcion_actividad_1': 'El área de aproximadamente 50.000 ha en su primera instancia, se ubica en las veredas de San Fernando, Unibrisas y Alto, en el municipio de Mapiripan, departamento del Meta. Promover comunidades conscientes e implicadas en la conservación forestal con MVC como capital semilla.', 'fecha_inicial_1': '01/07/2025', 'fecha_final_1': '30/06/2065', 'acciones_redd_mas_1': 'Acciones productivas cero deforestación y bajo impacto, capacitaciones y entrenamiento certificado con SENA, impactos ODS en salud, educación, manejo de residuos.', 'depositos_carbono_1': '[{""depositos_carbono_1_1"":{""label"":""Suelos"",""value"":170,""repeat"":false}},{""depositos_carbono_1_1"":{""label"":""Biomasa aérea"",""value"":131,""repeat"":false}}]', 'check_co_beneficios_economicos_1': True, 'descripcion_co_beneficios_economicos_1': 'Aumento en ingreso por mejor manejo de ganadería, cacao y piscicultura.\nManejo de finanzas e ingreso a programas de incentivos\nDesarrollo de cadenas productivas con conexión a mercados \n', 'check_co_beneficios_sociales_1': True, 'descripcion_co_beneficios_sociales_1': 'programas de formación cultural, organizacional y técnica.\nbrigadas de salud\nhuertas escolares y familiares para soberanía alimentaria\nprograma de formación ambiental con SENA y UNILLANOS\n', 'check_co_beneficios_ambientales_1': True, 'descripcion_co_beneficios_ambientales_1': 'protección habitat Danta y Armadillo\nProtección de Minquartia guianensis, Cedrelinga cateniformis,  Cedrela odorata, Goupia glabra y Tabebuia rosea\nConservación de morichales\nControl de incencendios', 'check_otros_co_beneficios_1': '', 'descripcion_otros_co_beneficios_1': '', 'archivo_soporte_2_2': 'files-renare/cc,52351770/697385e5dc90ca1cbe64d435/documentossolicitud/05documentodescripcionactividadmitigacion06-05-2026-14-01-07.pdf', 'archivo_soporte_2_3': '', 'geovisor_calculo_traslape_1': '[]', 'resultado_traslape': 'No se presenta traslape.', 'fecha_resultado_traslape': '06/05/2026 13:58:09', 'sector_cartera': '', 'tipo_moneda_1': '', 'tasa_cambio_1': '', 'fecha_tasa_cambio_1': '', 'contribucion_propia_1': '', 'contribucion_propia_tasa_cambio_1': '', 'contribucion_externa_1': '', 'contribucion_externa_tasa_cambio_1': '', 'costo_total_1': '', 'costo_total_tasa_cambio_1': '', 't_sector_cartera_asociado_2': '', 't_costos_asociados': '', 'tipo_actividad': 48, 'nombre_tipo_actividad': 'Conservación de las reservas forestales de carbono'}]",,,,,,,,,,Proyecto REDD+
renare|proyecto co2cero col la gloria - alouatta carbon forest,renare,Proyecto CO2CERO COL LA GLORIA - Alouatta Carbon Forest,,,REVISAR,tipo=PDBC - Proyectos de Desarrollo pero actividades sugiere AFOLU,AFOLU,Proyecto forestal de captura de carbono,NO_REDD,tipo: PDBC - Proyectos de Desarrollo Bajo en C (categoria distinta de REDD+ en RENARE),NO_REDD,,"[{'fuente_relacionada_1': '{""value"":""Plantaciones forestales""}', 'tipo_actividad_1': 746, 'descripcion_actividad_1': 'Plantación Forestal comercial', 'fecha_inicial_1': '30/09/2020', 'fecha_final_1': '29/09/2040', 'acciones_redd_mas_1': '', 'depositos_carbono_1': '', 'check_co_beneficios_economicos_1': False, 'descripcion_co_beneficios_economicos_1': '', 'check_co_beneficios_sociales_1': True, 'descripcion_co_beneficios_sociales_1': 'Apoyo a proyectos sociales desarrollados por los participantes de la iniciativa en las veredas área de influencia y descritos en el PDD del proyecto.', 'check_co_beneficios_ambientales_1': '', 'descripcion_co_beneficios_ambientales_1': '', 'check_otros_co_beneficios_1': '', 'descripcion_otros_co_beneficios_1': '', 'archivo_soporte_2_2': 'files-renare/cc,79786878/695d37c9dc90ca1cbe64d1fa/documentossolicitud/05documentodescripcionactividadmitigacion07-01-2026-10-22-38.pdf', 'archivo_soporte_2_3': '', 'geovisor_calculo_traslape_1': '[]', 'resultado_traslape': 'No se presenta traslape.', 'fecha_resultado_traslape': '07/01/2026 10:24:52', 'sector_cartera': '', 'tipo_moneda_1': 173, 'tasa_cambio_1': '', 'fecha_tasa_cambio_1': '', 'contribucion_propia_1': '$ 100.000.000', 'contribucion_propia_tasa_cambio_1': '', 'contribucion_externa_1': '$ 100.000.000', 'contribucion_externa_tasa_cambio_1': '', 'costo_total_1': 'COP $ 200.000.000', 'costo_total_tasa_cambio_1': '', 't_sector_cartera_asociado_2': '', 'tipo_actividad': 746, 'nombre_tipo_actividad': 'Plantaciones forestales'}]",,,,,,,,,,PDBC - Proyectos de Desarrollo Bajo en Carbono
renare|proyecto redd+ bogota region,renare,Proyecto REDD+ Bogotá Región ,,,AFOLU,tipo: Proyecto REDD+,AFOLU,,REDD,tipo: Proyecto REDD+,REDD,,"[{'fuente_relacionada_1': '{""value"":""Bosques Andinos""}', 'tipo_actividad_1': 46, 'descripcion_actividad_1': 'El proyecto busca conservar los bosques y coberturas naturales de paramo que están bajo presiones de cambio de uso del suelo y restaurar áreas degradadas asociados a los complejos de páramos de Sumapaz, Chingaza, Guacheneque y Guerrero, en departamentos del Cundinamarca, Meta y Boyacá.', 'fecha_inicial_1': '19/12/2019', 'fecha_final_1': '18/12/2059', 'acciones_redd_mas_1': 'La estrategia de intervención para reducir la pérdida de coberturas naturales se basa en cuatro componentes principales: 1) Restauración y Sistemas productivos sostenibles, 2) Inversión operacional, 3) Gobernanza territorial, 4) Monitoreo y Biodiversidad.', 'depositos_carbono_1': '[{""depositos_carbono_1_1"":{""label"":""Biomasa subterránea"",""value"":167,""repeat"":false}},{""depositos_carbono_1_1"":{""label"":""Biomasa aérea"",""value"":131,""repeat"":false}}]', 'check_co_beneficios_economicos_1': '', 'descripcion_co_beneficios_economicos_1': '', 'check_co_beneficios_sociales_1': True, 'descripcion_co_beneficios_sociales_1': 'ODS 2 Hambre Cero: fortalecer seguridad alimentaria y mejorar sistemas productivos. ODS4 Educación: mejorar acceso a educación y capacitación. ODS5 Género: promover participación mujeres', 'check_co_beneficios_ambientales_1': True, 'descripcion_co_beneficios_ambientales_1': 'ODS6 Agua Limpia y Saneamiento: aumento coberturas naturales para la regulación hídrica. ODS15 Terrestres: restauración zonas estratégicas y conservar hábitats naturales', 'check_otros_co_beneficios_1': '', 'descripcion_otros_co_beneficios_1': '', 'archivo_soporte_2_2': 'files-renare/cc,52168193/6925ca9e78306d8ed3ce75e6/documentossolicitud/05documentodescripcionactividadmitigacion30-12-2025-10-39-08.pdf', 'archivo_soporte_2_3': '', 'geovisor_calculo_traslape_1': '[{""..."":""<div title=\\""La iniciativa de mitigación de GEI que pretende inscribir en la fase de Factibilidad presenta un Traslape Informativo. \\"" style=\\""display: flex; justify-content: center; align-items: center; height: 100%;\\""> \\n              <span class=\\""esri-icon-notice-triangle\\"" \\n                    style=\\""font-size: 24px; color: orange;\\"" \\n                    title=\\""La iniciativa de mitigación de GEI que pretende inscribir en la fase de Factibilidad presenta un Traslape Informativo. \\"">\\n              </span>\\n            </div>"",""Tipo"":""Traslape Informativo"",""Nombre"":""Bosque Oriental de Bogotá"",""Capa"":""RUNAP"",""Área (M2)"":""141162304.162 m2"",""Área traslapada (%)"":""0.01%""},{""..."":""<div title=\\""La iniciativa de mitigación de GEI que pretende inscribir en la fase de Factibilidad presenta un Traslape Informativo. \\"" style=\\""display: flex; justify-content: center; align-items: center; height: 100%;\\""> \\n              <span class=\\""esri-icon-notice-triangle\\"" \\n                    style=\\""font-size: 24px; color: orange;\\"" \\n                    title=\\""La iniciativa de mitigación de GEI que pretende inscribir en la fase de Factibilidad presenta un Traslape Informativo. \\"">\\n              </span>\\n            </div>"",""Tipo"":""Traslape Informativo"",""Nombre"":""Bosque Oriental de Bogotá"",""Capa"":""RUNAP"",""Área (M2)"":""141162304.162 m2"",""Área traslapada (%)"":""0.01%""},{""..."":""<div title=\\""La iniciativa de mitigación de GEI que pretende inscribir en la fase de Factibilidad presenta un Traslape Informativo. \\"" style=\\""display: flex; justify-content: center; align-items: center; height: 100%;\\""> \\n              <span class=\\""esri-icon-notice-triangle\\"" \\n                    style=\\""font-size: 24px; color: orange;\\"" \\n                    title=\\""La iniciativa de mitigación de GEI que pretende inscribir en la fase de Factibilidad presenta un Traslape Informativo. \\"">\\n              </span>\\n            </div>"",""Tipo"":""Traslape Informativo"",""Nombre"":""Bosque Oriental de Bogotá"",""Capa"":""RUNAP"",""Área (M2)"":""141162304.162 m2"",""Área traslapada (%)"":""0%""},{""..."":""<div title=\\""La iniciativa de mitigación de GEI que pretende inscribir en la fase de Factibilidad presenta un Traslape Informativo. \\"" style=\\""display: flex; justify-content: center; align-items: center; height: 100%;\\""> \\n              <span class=\\""esri-icon-notice-triangle\\"" \\n                    style=\\""font-size: 24px; color: orange;\\"" \\n                    title=\\""La iniciativa de mitigación de GEI que pretende inscribir en la fase de Factibilidad presenta un Traslape Informativo. \\"">\\n              </span>\\n            </div>"",""Tipo"":""Traslape Informativo"",""Nombre"":""Bosque Oriental de Bogotá"",""Capa"":""RUNAP"",""Área (M2)"":""141162304.162 m2"",""Área traslapada (%)"":""0.06%""},{""..."":""<div title=\\""La iniciativa de mitigación de GEI que pretende inscribir en la fase de Factibilidad presenta un Traslape Informativo. \\"" style=\\""display: flex; justify-content: center; align-items: center; height: 100%;\\""> \\n              <span class=\\""esri-icon-notice-triangle\\"" \\n                    style=\\""font-size: 24px; color: orange;\\"" \\n                    title=\\""La iniciativa de mitigación de GEI que pretende inscribir en la fase de Factibilidad presenta un Traslape Informativo. \\"">\\n              </span>\\n            </div>"",""Tipo"":""Traslape Informativo"",""Nombre"":""Bosque Oriental de Bogotá"",""Capa"":""RUNAP"",""Área (M2)"":""141162304.162 m2"",""Área traslapada (%)"":""0.8%""},{""..."":""<div title=\\""La iniciativa de mitigación de GEI que pretende inscribir en la fase de Factibilidad presenta un Traslape Informativo. \\"" style=\\""display: flex; justify-content: center; align-items: center; height: 100%;\\""> \\n              <span class=\\""esri-icon-notice-triangle\\"" \\n                    style=\\""font-size: 24px; color: orange;\\"" \\n                    title=\\""La iniciativa de mitigación de GEI que pretende inscribir en la fase de Factibilidad presenta un Traslape Informativo. \\"">\\n              </span>\\n            </div>"",""Tipo"":""Traslape Informativo"",""Nombre"":""Bosque Oriental de Bogotá"",""Capa"":""RUNAP"",""Área (M2)"":""141162304.162 m2"",""Área traslapada (%)"":""0.1%""},{""..."":""<div title=\\""La iniciativa de mitigación de GEI que pretende inscribir en la fase de Factibilidad presenta un Traslape Informativo. \\"" style=\\""display: flex; justify-content: center; align-items: center; height: 100%;\\""> \\n              <span class=\\""esri-icon-notice-triangle\\"" \\n                    style=\\""font-size: 24px; color: orange;\\"" \\n                    title=\\""La iniciativa de mitigación de GEI que pretende inscribir en la fase de Factibilidad presenta un Traslape Informativo. \\"">\\n              </span>\\n            </div>"",""Tipo"":""Traslape Informativo"",""Nombre"":""Bosque Oriental de Bogotá"",""Capa"":""RUNAP"",""Área (M2)"":""141162304.162 m2"",""Área traslapada (%)"":""0.79%""},{""..."":""<div title=\\""La iniciativa de mitigación de GEI que pretende inscribir en la fase de Factibilidad presenta un Traslape Informativo. \\"" style=\\""display: flex; justify-content: center; align-items: center; height: 100%;\\""> \\n              <span class=\\""esri-icon-notice-triangle\\"" \\n                    style=\\""font-size: 24px; color: orange;\\"" \\n                    title=\\""La iniciativa de mitigación de GEI que pretende inscribir en la fase de Factibilidad presenta un Traslape Informativo. \\"">\\n              </span>\\n            </div>"",""Tipo"":""Traslape Informativo"",""Nombre"":""Bosque Oriental de Bogotá"",""Capa"":""RUNAP"",""Área (M2)"":""141162304.162 m2"",""Área traslapada (%)"":""0.53%""},{""..."":""<div title=\\""La iniciativa de mitigación de GEI que pretende inscribir en la fase de Factibilidad presenta un Traslape Informativo. \\"" style=\\""display: flex; justify-content: center; align-items: center; height: 100%;\\""> \\n              <span class=\\""esri-icon-notice-triangle\\"" \\n                    style=\\""font-size: 24px; color: orange;\\"" \\n                    title=\\""La iniciativa de mitigación de GEI que pretende inscribir en la fase de Factibilidad presenta un Traslape Informativo. \\"">\\n              </span>\\n            </div>"",""Tipo"":""Traslape Informativo"",""Nombre"":""Bosque Oriental de Bogotá"",""Capa"":""RUNAP"",""Área (M2)"":""141162304.162 m2"",""Área traslapada (%)"":""0%""},{""..."":""<div title=\\""La iniciativa de mitigación de GEI que pretende inscribir en la fase de Factibilidad presenta un Traslape Informativo. \\"" style=\\""display: flex; justify-content: center; align-items: center; height: 100%;\\""> \\n              <span class=\\""esri-icon-notice-triangle\\"" \\n                    style=\\""font-size: 24px; color: orange;\\"" \\n                    title=\\""La iniciativa de mitigación de GEI que pretende inscribir en la fase de Factibilidad presenta un Traslape Informativo. \\"">\\n              </span>\\n            </div>"",""Tipo"":""Traslape Informativo"",""Nombre"":""Bosque Oriental de Bogotá"",""Capa"":""RUNAP"",""Área (M2)"":""141162304.162 m2"",""Área traslapada (%)"":""0.01%""},{""..."":""<div title=\\""La iniciativa de mitigación de GEI que pretende inscribir en la fase de Factibilidad presenta un Traslape Informativo. \\"" style=\\""display: flex; justify-content: center; align-items: center; height: 100%;\\""> \\n              <span class=\\""esri-icon-notice-triangle\\"" \\n                    style=\\""font-size: 24px; color: orange;\\"" \\n                    title=\\""La iniciativa de mitigación de GEI que pretende inscribir en la fase de Factibilidad presenta un Traslape Informativo. \\"">\\n              </span>\\n            </div>"",""Tipo"":""Traslape Informativo"",""Nombre"":""Bosque Oriental de Bogotá"",""Capa"":""RUNAP"",""Área (M2)"":""141162304.162 m2"",""Área traslapada (%)"":""0.03%""},{""..."":""<div title=\\""La iniciativa de mitigación de GEI que pretende inscribir en la fase de Factibilidad presenta un Traslape Informativo. \\"" style=\\""display: flex; justify-content: center; align-items: center; height: 100%;\\""> \\n              <span class=\\""esri-icon-notice-triangle\\"" \\n                    style=\\""font-size: 24px; color: orange;\\"" \\n                    title=\\""La iniciativa de mitigación de GEI que pretende inscribir en la fase de Factibilidad presenta un Traslape Informativo. \\"">\\n              </span>\\n            </div>"",""Tipo"":""Traslape Informativo"",""Nombre"":""Bosque Oriental de Bogotá"",""Capa"":""RUNAP"",""Área (M2)"":""141162304.162 m2"",""Área traslapada (%)"":""0.03%""},{""..."":""<div title=\\""La iniciativa de mitigación de GEI que pretende inscribir en la fase de Factibilidad presenta un Traslape Informativo. \\"" style=\\""display: flex; justify-content: center; align-items: center; height: 100%;\\""> \\n              <span class=\\""esri-icon-notice-triangle\\"" \\n                    style=\\""font-size: 24px; color: orange;\\"" \\n                    title=\\""La iniciativa de mitigación de GEI que pretende inscribir en la fase de Factibilidad presenta un Traslape Informativo. \\"">\\n              </span>\\n            </div>"",""Tipo"":""Traslape Informativo"",""Nombre"":""Bosque Oriental de Bogotá"",""Capa"":""RUNAP"",""Área (M2)"":""141162304.162 m2"",""Área traslapada (%)"":""0.02%""},{""..."":""<div title=\\""La iniciativa de mitigación de GEI que pretende inscribir en la fase de Factibilidad presenta un Traslape Informativo. \\"" style=\\""display: flex; justify-content: center; align-items: center; height: 100%;\\""> \\n              <span class=\\""esri-icon-notice-triangle\\"" \\n                    style=\\""font-size: 24px; color: orange;\\"" \\n                    title=\\""La iniciativa de mitigación de GEI que pretende inscribir en la fase de Factibilidad presenta un Traslape Informativo. \\"">\\n              </span>\\n            </div>"",""Tipo"":""Traslape Informativo"",""Nombre"":""Bosque Oriental de Bogotá"",""Capa"":""RUNAP"",""Área (M2)"":""141162304.162 m2"",""Área traslapada (%)"":""0.01%""},{""..."":""<div title=\\""La iniciativa de mitigación de GEI que pretende inscribir en la fase de Factibilidad presenta un Traslape Informativo. \\"" style=\\""display: flex; justify-content: center; align-items: center; height: 100%;\\""> \\n              <span class=\\""esri-icon-notice-triangle\\"" \\n                    style=\\""font-size: 24px; color: orange;\\"" \\n                    title=\\""La iniciativa de mitigación de GEI que pretende inscribir en la fase de Factibilidad presenta un Traslape Informativo. \\"">\\n              </span>\\n            </div>"",""Tipo"":""Traslape Informativo"",""Nombre"":""Bosque Oriental de Bogotá"",""Capa"":""RUNAP"",""Área (M2)"":""141162304.162 m2"",""Área traslapada (%)"":""0.15%""},{""..."":""<div title=\\""La iniciativa de mitigación de GEI que pretende inscribir en la fase de Factibilidad presenta un Traslape Informativo. \\"" style=\\""display: flex; justify-content: center; align-items: center; height: 100%;\\""> \\n              <span class=\\""esri-icon-notice-triangle\\"" \\n                    style=\\""font-size: 24px; color: orange;\\"" \\n                    title=\\""La iniciativa de mitigación de GEI que pretende inscribir en la fase de Factibilidad presenta un Traslape Informativo. \\"">\\n              </span>\\n            </div>"",""Tipo"":""Traslape Informativo"",""Nombre"":""Bosque Oriental de Bogotá"",""Capa"":""RUNAP"",""Área (M2)"":""141162304.162 m2"",""Área traslapada (%)"":""0.27%""},{""..."":""<div title=\\""La iniciativa de mitigación de GEI que pretende inscribir en la fase de Factibilidad presenta un Traslape Informativo. \\"" style=\\""display: flex; justify-content: center; align-items: center; height: 100%;\\""> \\n              <span class=\\""esri-icon-notice-triangle\\"" \\n                    style=\\""font-size: 24px; color: orange;\\"" \\n                    title=\\""La iniciativa de mitigación de GEI que pretende inscribir en la fase de Factibilidad presenta un Traslape Informativo. \\"">\\n              </span>\\n            </div>"",""Tipo"":""Traslape Informativo"",""Nombre"":""Bosque Oriental de Bogotá"",""Capa"":""RUNAP"",""Área (M2)"":""141162304.162 m2"",""Área traslapada (%)"":""0.01%""},{""..."":""<div title=\\""La iniciativa de mitigación de GEI que pretende inscribir en la fase de Factibilidad presenta un Traslape Informativo. \\"" style=\\""display: flex; justify-content: center; align-items: center; height: 100%;\\""> \\n              <span class=\\""esri-icon-notice-triangle\\"" \\n                    style=\\""font-size: 24px; color: orange;\\"" \\n                    title=\\""La iniciativa de mitigación de GEI que pretende inscribir en la fase de Factibilidad presenta un Traslape Informativo. \\"">\\n              </span>\\n            </div>"",""Tipo"":""Traslape Informativo"",""Nombre"":""Bosque Oriental de Bogotá"",""Capa"":""RUNAP"",""Área (M2)"":""141162304.162 m2"",""Área traslapada (%)"":""0.27%""},{""..."":""<div title=\\""La iniciativa de mitigación de GEI que pretende inscribir en la fase de Factibilidad presenta un Traslape Informativo. \\"" style=\\""display: flex; justify-content: center; align-items: center; height: 100%;\\""> \\n              <span class=\\""esri-icon-notice-triangle\\"" \\n                    style=\\""font-size: 24px; color: orange;\\"" \\n                    title=\\""La iniciativa de mitigación de GEI que pretende inscribir en la fase de Factibilidad presenta un Traslape Informativo. \\"">\\n              </span>\\n            </div>"",""Tipo"":""Traslape Informativo"",""Nombre"":""Bosque Oriental de Bogotá"",""Capa"":""RUNAP"",""Área (M2)"":""141162304.162 m2"",""Área traslapada (%)"":""2.39%""},{""..."":""<div title=\\""La iniciativa de mitigación de GEI que pretende inscribir en la fase de Factibilidad presenta un Traslape Informativo. \\"" style=\\""display: flex; justify-content: center; align-items: center; height: 100%;\\""> \\n              <span class=\\""esri-icon-notice-triangle\\"" \\n                    style=\\""font-size: 24px; color: orange;\\"" \\n                    title=\\""La iniciativa de mitigación de GEI que pretende inscribir en la fase de Factibilidad presenta un Traslape Informativo. \\"">\\n              </span>\\n            </div>"",""Tipo"":""Traslape Informativo"",""Nombre"":""Bosque Oriental de Bogotá"",""Capa"":""RUNAP"",""Área (M2)"":""141162304.162 m2"",""Área traslapada (%)"":""0.14%""},{""..."":""<div title=\\""La iniciativa de mitigación de GEI que pretende inscribir en la fase de Factibilidad presenta un Traslape Informativo. \\"" style=\\""display: flex; justify-content: center; align-items: center; height: 100%;\\""> \\n              <span class=\\""esri-icon-notice-triangle\\"" \\n                    style=\\""font-size: 24px; color: orange;\\"" \\n                    title=\\""La iniciativa de mitigación de GEI que pretende inscribir en la fase de Factibilidad presenta un Traslape Informativo. \\"">\\n              </span>\\n            </div>"",""Tipo"":""Traslape Informativo"",""Nombre"":""Bosque Oriental de Bogotá"",""Capa"":""RUNAP"",""Área (M2)"":""141162304.162 m2"",""Área traslapada (%)"":""0.19%""},{""..."":""<div title=\\""La iniciativa de mitigación de GEI que pretende inscribir en la fase de Factibilidad presenta un Traslape Informativo. \\"" style=\\""display: flex; justify-content: center; align-items: center; height: 100%;\\""> \\n              <span class=\\""esri-icon-notice-triangle\\"" \\n                    style=\\""font-size: 24px; color: orange;\\"" \\n                    title=\\""La iniciativa de mitigación de GEI que pretende inscribir en la fase de Factibilidad presenta un Traslape Informativo. \\"">\\n              </span>\\n            </div>"",""Tipo"":""Traslape Informativo"",""Nombre"":""Bosque Oriental de Bogotá"",""Capa"":""RUNAP"",""Área (M2)"":""141162304.162 m2"",""Área traslapada (%)"":""0.1%""},{""..."":""<div title=\\""La iniciativa de mitigación de GEI que pretende inscribir en la fase de Factibilidad presenta un Traslape Informativo. \\"" style=\\""display: flex; justify-content: center; align-items: center; height: 100%;\\""> \\n              <span class=\\""esri-icon-notice-triangle\\"" \\n                    style=\\""font-size: 24px; color: orange;\\"" \\n                    title=\\""La iniciativa de mitigación de GEI que pretende inscribir en la fase de Factibilidad presenta un Traslape Informativo. \\"">\\n              </span>\\n            </div>"",""Tipo"":""Traslape Informativo"",""Nombre"":""Bosque Oriental de Bogotá"",""Capa"":""RUNAP"",""Área (M2)"":""141162304.162 m2"",""Área traslapada (%)"":""0.02%""},{""..."":""<div title=\\""La iniciativa de mitigación de GEI que pretende inscribir en la fase de Factibilidad presenta un Traslape Informativo. \\"" style=\\""display: flex; justify-content: center; align-items: center; height: 100%;\\""> \\n              <span class=\\""esri-icon-notice-triangle\\"" \\n                    style=\\""font-size: 24px; color: orange;\\"" \\n                    title=\\""La iniciativa de mitigación de GEI que pretende inscribir en la fase de Factibilidad presenta un Traslape Informativo. \\"">\\n              </span>\\n            </div>"",""Tipo"":""Traslape Informativo"",""Nombre"":""Bosque Oriental de Bogotá"",""Capa"":""RUNAP"",""Área (M2)"":""141162304.162 m2"",""Área traslapada (%)"":""0.65%""},{""..."":""<div title=\\""La iniciativa de mitigación de GEI que pretende inscribir en la fase de Factibilidad presenta un Traslape Informativo. \\"" style=\\""display: flex; justify-content: center; align-items: center; height: 100%;\\""> \\n              <span class=\\""esri-icon-notice-triangle\\"" \\n                    style=\\""font-size: 24px; color: orange;\\"" \\n                    title=\\""La iniciativa de mitigación de GEI que pretende inscribir en la fase de Factibilidad presenta un Traslape Informativo. \\"">\\n              </span>\\n            </div>"",""Tipo"":""Traslape Informativo"",""Nombre"":""Bosque Oriental de Bogotá"",""Capa"":""RUNAP"",""Área (M2)"":""141162304.162 m2"",""Área traslapada (%)"":""0.04%""},{""..."":""<div title=\\""La iniciativa de mitigación de GEI que pretende inscribir en la fase de Factibilidad presenta un Traslape Informativo. \\"" style=\\""display: flex; justify-content: center; align-items: center; height: 100%;\\""> \\n              <span class=\\""esri-icon-notice-triangle\\"" \\n                    style=\\""font-size: 24px; color: orange;\\"" \\n                    title=\\""La iniciativa de mitigación de GEI que pretende inscribir en la fase de Factibilidad presenta un Traslape Informativo. \\"">\\n              </span>\\n            </div>"",""Tipo"":""Traslape Informativo"",""Nombre"":""Bosque Oriental de Bogotá"",""Capa"":""RUNAP"",""Área (M2)"":""141162304.162 m2"",""Área traslapada (%)"":""0.11%""},{""..."":""<div title=\\""La iniciativa de mitigación de GEI que pretende inscribir en la fase de Factibilidad presenta un Traslape Informativo. \\"" style=\\""display: flex; justify-content: center; align-items: center; height: 100%;\\""> \\n              <span class=\\""esri-icon-notice-triangle\\"" \\n                    style=\\""font-size: 24px; color: orange;\\"" \\n                    title=\\""La iniciativa de mitigación de GEI que pretende inscribir en la fase de Factibilidad presenta un Traslape Informativo. \\"">\\n              </span>\\n            </div>"",""Tipo"":""Traslape Informativo"",""Nombre"":""Bosque Oriental de Bogotá"",""Capa"":""RUNAP"",""Área (M2)"":""141162304.162 m2"",""Área traslapada (%)"":""2.23%""},{""..."":""<div title=\\""La iniciativa de mitigación de GEI que pretende inscribir en la fase de Factibilidad presenta un Traslape Informativo. \\"" style=\\""display: flex; justify-content: center; align-items: center; height: 100%;\\""> \\n              <span class=\\""esri-icon-notice-triangle\\"" \\n                    style=\\""font-size: 24px; color: orange;\\"" \\n                    title=\\""La iniciativa de mitigación de GEI que pretende inscribir en la fase de Factibilidad presenta un Traslape Informativo. \\"">\\n              </span>\\n            </div>"",""Tipo"":""Traslape Informativo"",""Nombre"":""Bosque Oriental de Bogotá"",""Capa"":""RUNAP"",""Área (M2)"":""141162304.162 m2"",""Área traslapada (%)"":""0.03%""},{""..."":""<div title=\\""La iniciativa de mitigación de GEI que pretende inscribir en la fase de Factibilidad presenta un Traslape Informativo. \\"" style=\\""display: flex; justify-content: center; align-items: center; height: 100%;\\""> \\n              <span class=\\""esri-icon-notice-triangle\\"" \\n                    style=\\""font-size: 24px; color: orange;\\"" \\n                    title=\\""La iniciativa de mitigación de GEI que pretende inscribir en la fase de Factibilidad presenta un Traslape Informativo. \\"">\\n              </span>\\n            </div>"",""Tipo"":""Traslape Informativo"",""Nombre"":""Bosque Oriental de Bogotá"",""Capa"":""RUNAP"",""Área (M2)"":""141162304.162 m2"",""Área traslapada (%)"":""0.02%""},{""..."":""<div title=\\""La iniciativa de mitigación de GEI que pretende inscribir en la fase de Factibilidad presenta un Traslape Informativo. \\"" style=\\""display: flex; justify-content: center; align-items: center; height: 100%;\\""> \\n              <span class=\\""esri-icon-notice-triangle\\"" \\n                    style=\\""font-size: 24px; color: orange;\\"" \\n                    title=\\""La iniciativa de mitigación de GEI que pretende inscribir en la fase de Factibilidad presenta un Traslape Informativo. \\"">\\n              </span>\\n            </div>"",""Tipo"":""Traslape Informativo"",""Nombre"":""Bosque Oriental de Bogotá"",""Capa"":""RUNAP"",""Área (M2)"":""141162304.162 m2"",""Área traslapada (%)"":""2.27%""},{""..."":""<div title=\\""La iniciativa de mitigación de GEI que pretende inscribir en la fase de Factibilidad presenta un Traslape Informativo. \\"" style=\\""display: flex; justify-content: center; align-items: center; height: 100%;\\""> \\n              <span class=\\""esri-icon-notice-triangle\\"" \\n                    style=\\""font-size: 24px; color: orange;\\"" \\n                    title=\\""La iniciativa de mitigación de GEI que pretende inscribir en la fase de Factibilidad presenta un Traslape Informativo. \\"">\\n              </span>\\n            </div>"",""Tipo"":""Traslape Informativo"",""Nombre"":""Bosque Oriental de Bogotá"",""Capa"":""RUNAP"",""Área (M2)"":""141162304.162 m2"",""Área traslapada (%)"":""0.03%""},{""..."":""<div title=\\""La iniciativa de mitigación de GEI que pretende inscribir en la fase de Factibilidad presenta un Traslape Informativo. \\"" style=\\""display: flex; justify-content: center; align-items: center; height: 100%;\\""> \\n              <span class=\\""esri-icon-notice-triangle\\"" \\n                    style=\\""font-size: 24px; color: orange;\\"" \\n                    title=\\""La iniciativa de mitigación de GEI que pretende inscribir en la fase de Factibilidad presenta un Traslape Informativo. \\"">\\n              </span>\\n            </div>"",""Tipo"":""Traslape Informativo"",""Nombre"":""Bosque Oriental de Bogotá"",""Capa"":""RUNAP"",""Área (M2)"":""141162304.162 m2"",""Área traslapada (%)"":""5.18%""},{""..."":""<div title=\\""La iniciativa de mitigación de GEI que pretende inscribir en la fase de Factibilidad presenta un Traslape Informativo. \\"" style=\\""display: flex; justify-content: center; align-items: center; height: 100%;\\""> \\n              <span class=\\""esri-icon-notice-triangle\\"" \\n                    style=\\""font-size: 24px; color: orange;\\"" \\n                    title=\\""La iniciativa de mitigación de GEI que pretende inscribir en la fase de Factibilidad presenta un Traslape Informativo. \\"">\\n              </span>\\n            </div>"",""Tipo"":""Traslape Informativo"",""Nombre"":""Bosque Oriental de Bogotá"",""Capa"":""RUNAP"",""Área (M2)"":""141162304.162 m2"",""Área traslapada (%)"":""0.1%""},{""..."":""<div title=\\""La iniciativa de mitigación de GEI que pretende inscribir en la fase de Factibilidad presenta un Traslape Informativo. \\"" style=\\""display: flex; justify-content: center; align-items: center; height: 100%;\\""> \\n              <span class=\\""esri-icon-notice-triangle\\"" \\n                    style=\\""font-size: 24px; color: orange;\\"" \\n                    title=\\""La iniciativa de mitigación de GEI que pretende inscribir en la fase de Factibilidad presenta un Traslape Informativo. \\"">\\n              </span>\\n            </div>"",""Tipo"":""Traslape Informativo"",""Nombre"":""Bosque Oriental de Bogotá"",""Capa"":""RUNAP"",""Área (M2)"":""141162304.162 m2"",""Área traslapada (%)"":""2.56%""},{""..."":""<div title=\\""La iniciativa de mitigación de GEI que pretende inscribir en la fase de Factibilidad presenta un Traslape Informativo. \\"" style=\\""display: flex; justify-content: center; align-items: center; height: 100%;\\""> \\n              <span class=\\""esri-icon-notice-triangle\\"" \\n                    style=\\""font-size: 24px; color: orange;\\"" \\n                    title=\\""La iniciativa de mitigación de GEI que pretende inscribir en la fase de Factibilidad presenta un Traslape Informativo. \\"">\\n              </span>\\n            </div>"",""Tipo"":""Traslape Informativo"",""Nombre"":""Bosque Oriental de Bogotá"",""Capa"":""RUNAP"",""Área (M2)"":""141162304.162 m2"",""Área traslapada (%)"":""8.84%""},{""..."":""<div title=\\""La iniciativa de mitigación de GEI que pretende inscribir en la fase de Factibilidad presenta un Traslape Informativo. \\"" style=\\""display: flex; justify-content: center; align-items: center; height: 100%;\\""> \\n              <span class=\\""esri-icon-notice-triangle\\"" \\n                    style=\\""font-size: 24px; color: orange;\\"" \\n                    title=\\""La iniciativa de mitigación de GEI que pretende inscribir en la fase de Factibilidad presenta un Traslape Informativo. \\"">\\n              </span>\\n            </div>"",""Tipo"":""Traslape Informativo"",""Nombre"":""Bosque Oriental de Bogotá"",""Capa"":""RUNAP"",""Área (M2)"":""141162304.162 m2"",""Área traslapada (%)"":""0.39%""},{""..."":""<div title=\\""La iniciativa de mitigación de GEI que pretende inscribir en la fase de Factibilidad presenta un Traslape Informativo. \\"" style=\\""display: flex; justify-content: center; align-items: center; height: 100%;\\""> \\n              <span class=\\""esri-icon-notice-triangle\\"" \\n                    style=\\""font-size: 24px; color: orange;\\"" \\n                    title=\\""La iniciativa de mitigación de GEI que pretende inscribir en la fase de Factibilidad presenta un Traslape Informativo. \\"">\\n              </span>\\n            </div>"",""Tipo"":""Traslape Informativo"",""Nombre"":""Bosque Oriental de Bogotá"",""Capa"":""RUNAP"",""Área (M2)"":""141162304.162 m2"",""Área traslapada (%)"":""0.07%""},{""..."":""<div title=\\""La iniciativa de mitigación de GEI que pretende inscribir en la fase de Factibilidad presenta un Traslape Informativo. \\"" style=\\""display: flex; justify-content: center; align-items: center; height: 100%;\\""> \\n              <span class=\\""esri-icon-notice-triangle\\"" \\n                    style=\\""font-size: 24px; color: orange;\\"" \\n                    title=\\""La iniciativa de mitigación de GEI que pretende inscribir en la fase de Factibilidad presenta un Traslape Informativo. \\"">\\n              </span>\\n            </div>"",""Tipo"":""Traslape Informativo"",""Nombre"":""Bosque Oriental de Bogotá"",""Capa"":""RUNAP"",""Área (M2)"":""141162304.162 m2"",""Área traslapada (%)"":""1.24%""},{""..."":""<div title=\\""La iniciativa de mitigación de GEI que pretende inscribir en la fase de Factibilidad presenta un Traslape Informativo. \\"" style=\\""display: flex; justify-content: center; align-items: center; height: 100%;\\""> \\n              <span class=\\""esri-icon-notice-triangle\\"" \\n                    style=\\""font-size: 24px; color: orange;\\"" \\n                    title=\\""La iniciativa de mitigación de GEI que pretende inscribir en la fase de Factibilidad presenta un Traslape Informativo. \\"">\\n              </span>\\n            </div>"",""Tipo"":""Traslape Informativo"",""Nombre"":""Bosque Oriental de Bogotá"",""Capa"":""RUNAP"",""Área (M2)"":""141162304.162 m2"",""Área traslapada (%)"":""0%""},{""..."":""<div title=\\""La iniciativa de mitigación de GEI que pretende inscribir en la fase de Factibilidad presenta un Traslape Informativo. \\"" style=\\""display: flex; justify-content: center; align-items: center; height: 100%;\\""> \\n              <span class=\\""esri-icon-notice-triangle\\"" \\n                    style=\\""font-size: 24px; color: orange;\\"" \\n                    title=\\""La iniciativa de mitigación de GEI que pretende inscribir en la fase de Factibilidad presenta un Traslape Informativo. \\"">\\n              </span>\\n            </div>"",""Tipo"":""Traslape Informativo"",""Nombre"":""Bosque Oriental de Bogotá"",""Capa"":""RUNAP"",""Área (M2)"":""141162304.162 m2"",""Área traslapada (%)"":""0.02%""},{""..."":""<div title=\\""La iniciativa de mitigación de GEI que pretende inscribir en la fase de Factibilidad presenta un Traslape Informativo. \\"" style=\\""display: flex; justify-content: center; align-items: center; height: 100%;\\""> \\n              <span class=\\""esri-icon-notice-triangle\\"" \\n                    style=\\""font-size: 24px; color: orange;\\"" \\n                    title=\\""La iniciativa de mitigación de GEI que pretende inscribir en la fase de Factibilidad presenta un Traslape Informativo. \\"">\\n              </span>\\n            </div>"",""Tipo"":""Traslape Informativo"",""Nombre"":""Bosque Oriental de Bogotá"",""Capa"":""RUNAP"",""Área (M2)"":""141162304.162 m2"",""Área traslapada (%)"":""0%""},{""..."":""<div title=\\""La iniciativa de mitigación de GEI que pretende inscribir en la fase de Factibilidad presenta un Traslape Informativo. \\"" style=\\""display: flex; justify-content: center; align-items: center; height: 100%;\\""> \\n              <span class=\\""esri-icon-notice-triangle\\"" \\n                    style=\\""font-size: 24px; color: orange;\\"" \\n                    title=\\""La iniciativa de mitigación de GEI que pretende inscribir en la fase de Factibilidad presenta un Traslape Informativo. \\"">\\n              </span>\\n            </div>"",""Tipo"":""Traslape Informativo"",""Nombre"":""Bosque Oriental de Bogotá"",""Capa"":""RUNAP"",""Área (M2)"":""141162304.162 m2"",""Área traslapada (%)"":""0%""},{""..."":""<div title=\\""La iniciativa de mitigación de GEI que pretende inscribir en la fase de Factibilidad presenta un Traslape Informativo. \\"" style=\\""display: flex; justify-content: center; align-items: center; height: 100%;\\""> \\n              <span class=\\""esri-icon-notice-triangle\\"" \\n                    style=\\""font-size: 24px; color: orange;\\"" \\n                    title=\\""La iniciativa de mitigación de GEI que pretende inscribir en la fase de Factibilidad presenta un Traslape Informativo. \\"">\\n              </span>\\n            </div>"",""Tipo"":""Traslape Informativo"",""Nombre"":""Bosque Oriental de Bogotá"",""Capa"":""RUNAP"",""Área (M2)"":""141162304.162 m2"",""Área traslapada (%)"":""0.18%""},{""..."":""<div title=\\""La iniciativa de mitigación de GEI que pretende inscribir en la fase de Factibilidad presenta un Traslape Informativo. \\"" style=\\""display: flex; justify-content: center; align-items: center; height: 100%;\\""> \\n              <span class=\\""esri-icon-notice-triangle\\"" \\n                    style=\\""font-size: 24px; color: orange;\\"" \\n                    title=\\""La iniciativa de mitigación de GEI que pretende inscribir en la fase de Factibilidad presenta un Traslape Informativo. \\"">\\n              </span>\\n            </div>"",""Tipo"":""Traslape Informativo"",""Nombre"":""Bosque Oriental de Bogotá"",""Capa"":""RUNAP"",""Área (M2)"":""141162304.162 m2"",""Área traslapada (%)"":""0.08%""},{""..."":""<div title=\\""La iniciativa de mitigación de GEI que pretende inscribir en la fase de Factibilidad presenta un Traslape Informativo. \\"" style=\\""display: flex; justify-content: center; align-items: center; height: 100%;\\""> \\n              <span class=\\""esri-icon-notice-triangle\\"" \\n                    style=\\""font-size: 24px; color: orange;\\"" \\n                    title=\\""La iniciativa de mitigación de GEI que pretende inscribir en la fase de Factibilidad presenta un Traslape Informativo. \\"">\\n              </span>\\n            </div>"",""Tipo"":""Traslape Informativo"",""Nombre"":""Bosque Oriental de Bogotá"",""Capa"":""RUNAP"",""Área (M2)"":""141162304.162 m2"",""Área traslapada (%)"":""0.01%""},{""..."":""<div title=\\""La iniciativa de mitigación de GEI que pretende inscribir en la fase de Factibilidad presenta un Traslape Informativo. \\"" style=\\""display: flex; justify-content: center; align-items: center; height: 100%;\\""> \\n              <span class=\\""esri-icon-notice-triangle\\"" \\n                    style=\\""font-size: 24px; color: orange;\\"" \\n                    title=\\""La iniciativa de mitigación de GEI que pretende inscribir en la fase de Factibilidad presenta un Traslape Informativo. \\"">\\n              </span>\\n            </div>"",""Tipo"":""Traslape Informativo"",""Nombre"":""Bosque Oriental de Bogotá"",""Capa"":""RUNAP"",""Área (M2)"":""141162304.162 m2"",""Área traslapada (%)"":""0.01%""},{""..."":""<div title=\\""La iniciativa de mitigación de GEI que pretende inscribir en la fase de Factibilidad presenta un Traslape Informativo. \\"" style=\\""display: flex; justify-content: center; align-items: center; height: 100%;\\""> \\n              <span class=\\""esri-icon-notice-triangle\\"" \\n                    style=\\""font-size: 24px; color: orange;\\"" \\n                    title=\\""La iniciativa de mitigación de GEI que pretende inscribir en la fase de Factibilidad presenta un Traslape Informativo. \\"">\\n              </span>\\n            </div>"",""Tipo"":""Traslape Informativo"",""Nombre"":""Bosque Oriental de Bogotá"",""Capa"":""RUNAP"",""Área (M2)"":""141162304.162 m2"",""Área traslapada (%)"":""0%""},{""..."":""<div title=\\""La iniciativa de mitigación de GEI que pretende inscribir en la fase de Factibilidad presenta un Traslape Informativo. \\"" style=\\""display: flex; justify-content: center; align-items: center; height: 100%;\\""> \\n              <span class=\\""esri-icon-notice-triangle\\"" \\n                    style=\\""font-size: 24px; color: orange;\\"" \\n                    title=\\""La iniciativa de mitigación de GEI que pretende inscribir en la fase de Factibilidad presenta un Traslape Informativo. \\"">\\n              </span>\\n            </div>"",""Tipo"":""Traslape Informativo"",""Nombre"":""Bosque Oriental de Bogotá"",""Capa"":""RUNAP"",""Área (M2)"":""141162304.162 m2"",""Área traslapada (%)"":""0%""},{""..."":""<div title=\\""La iniciativa de mitigación de GEI que pretende inscribir en la fase de Factibilidad presenta un Traslape Informativo. \\"" style=\\""display: flex; justify-content: center; align-items: center; height: 100%;\\""> \\n              <span class=\\""esri-icon-notice-triangle\\"" \\n                    style=\\""font-size: 24px; color: orange;\\"" \\n                    title=\\""La iniciativa de mitigación de GEI que pretende inscribir en la fase de Factibilidad presenta un Traslape Informativo. \\"">\\n              </span>\\n            </div>"",""Tipo"":""Traslape Informativo"",""Nombre"":""Bosque Oriental de Bogotá"",""Capa"":""RUNAP"",""Área (M2)"":""141162304.162 m2"",""Área traslapada (%)"":""0%""},{""..."":""<div title=\\""La iniciativa de mitigación de GEI que pretende inscribir en la fase de Factibilidad presenta un Traslape Informativo. \\"" style=\\""display: flex; justify-content: center; align-items: center; height: 100%;\\""> \\n              <span class=\\""esri-icon-notice-triangle\\"" \\n                    style=\\""font-size: 24px; color: orange;\\"" \\n                    title=\\""La iniciativa de mitigación de GEI que pretende inscribir en la fase de Factibilidad presenta un Traslape Informativo. \\"">\\n              </span>\\n            </div>"",""Tipo"":""Traslape Informativo"",""Nombre"":""Bosque Oriental de Bogotá"",""Capa"":""RUNAP"",""Área (M2)"":""141162304.162 m2"",""Área traslapada (%)"":""0%""},{""..."":""<div title=\\""La iniciativa de mitigación de GEI que pretende inscribir en la fase de Factibilidad presenta un Traslape Informativo. \\"" style=\\""display: flex; justify-content: center; align-items: center; height: 100%;\\""> \\n              <span class=\\""esri-icon-notice-triangle\\"" \\n                    style=\\""font-size: 24px; color: orange;\\"" \\n                    title=\\""La iniciativa de mitigación de GEI que pretende inscribir en la fase de Factibilidad presenta un Traslape Informativo. \\"">\\n              </span>\\n            </div>"",""Tipo"":""Traslape Informativo"",""Nombre"":""Bosque Oriental de Bogotá"",""Capa"":""RUNAP"",""Área (M2)"":""141162304.162 m2"",""Área traslapada (%)"":""0%""},{""..."":""<div title=\\""La iniciativa de mitigación de GEI que pretende inscribir en la fase de Factibilidad presenta un Traslape Informativo. \\"" style=\\""display: flex; justify-content: center; align-items: center; height: 100%;\\""> \\n              <span class=\\""esri-icon-notice-triangle\\"" \\n                    style=\\""font-size: 24px; color: orange;\\"" \\n                    title=\\""La iniciativa de mitigación de GEI que pretende inscribir en la fase de Factibilidad presenta un Traslape Informativo. \\"">\\n              </span>\\n            </div>"",""Tipo"":""Traslape Informativo"",""Nombre"":""Bosque Oriental de Bogotá"",""Capa"":""RUNAP"",""Área (M2)"":""141162304.162 m2"",""Área traslapada (%)"":""0%""},{""..."":""<div title=\\""La iniciativa de mitigación de GEI que pretende inscribir en la fase de Factibilidad presenta un Traslape Informativo. \\"" style=\\""display: flex; justify-content: center; align-items: center; height: 100%;\\""> \\n              <span class=\\""esri-icon-notice-triangle\\"" \\n                    style=\\""font-size: 24px; color: orange;\\"" \\n                    title=\\""La iniciativa de mitigación de GEI que pretende inscribir en la fase de Factibilidad presenta un Traslape Informativo. \\"">\\n              </span>\\n            </div>"",""Tipo"":""Traslape Informativo"",""Nombre"":""Bosque Oriental de Bogotá"",""Capa"":""RUNAP"",""Área (M2)"":""141162304.162 m2"",""Área traslapada (%)"":""0%""},{""..."":""<div title=\\""La iniciativa de mitigación de GEI que pretende inscribir en la fase de Factibilidad presenta un Traslape Informativo. \\"" style=\\""display: flex; justify-content: center; align-items: center; height: 100%;\\""> \\n              <span class=\\""esri-icon-notice-triangle\\"" \\n                    style=\\""font-size: 24px; color: orange;\\"" \\n                    title=\\""La iniciativa de mitigación de GEI que pretende inscribir en la fase de Factibilidad presenta un Traslape Informativo. \\"">\\n              </span>\\n            </div>"",""Tipo"":""Traslape Informativo"",""Nombre"":""Bosque Oriental de Bogotá"",""Capa"":""RUNAP"",""Área (M2)"":""141162304.162 m2"",""Área traslapada (%)"":""0.02%""},{""..."":""<div title=\\""La iniciativa de mitigación de GEI que pretende inscribir en la fase de Factibilidad presenta un Traslape Informativo. \\"" style=\\""display: flex; justify-content: center; align-items: center; height: 100%;\\""> \\n              <span class=\\""esri-icon-notice-triangle\\"" \\n                    style=\\""font-size: 24px; color: orange;\\"" \\n                    title=\\""La iniciativa de mitigación de GEI que pretende inscribir en la fase de Factibilidad presenta un Traslape Informativo. \\"">\\n              </span>\\n            </div>"",""Tipo"":""Traslape Informativo"",""Nombre"":""Bosque Oriental de Bogotá"",""Capa"":""RUNAP"",""Área (M2)"":""141162304.162 m2"",""Área traslapada (%)"":""0.07%""},{""..."":""<div title=\\""La iniciativa de mitigación de GEI que pretende inscribir en la fase de Factibilidad presenta un Traslape Informativo. \\"" style=\\""display: flex; justify-content: center; align-items: center; height: 100%;\\""> \\n              <span class=\\""esri-icon-notice-triangle\\"" \\n                    style=\\""font-size: 24px; color: orange;\\"" \\n                    title=\\""La iniciativa de mitigación de GEI que pretende inscribir en la fase de Factibilidad presenta un Traslape Informativo. \\"">\\n              </span>\\n            </div>"",""Tipo"":""Traslape Informativo"",""Nombre"":""Bosque Oriental de Bogotá"",""Capa"":""RUNAP"",""Área (M2)"":""141162304.162 m2"",""Área traslapada (%)"":""0%""},{""..."":""<div title=\\""La iniciativa de mitigación de GEI que pretende inscribir en la fase de Factibilidad presenta un Traslape Informativo. \\"" style=\\""display: flex; justify-content: center; align-items: center; height: 100%;\\""> \\n              <span class=\\""esri-icon-notice-triangle\\"" \\n                    style=\\""font-size: 24px; color: orange;\\"" \\n                    title=\\""La iniciativa de mitigación de GEI que pretende inscribir en la fase de Factibilidad presenta un Traslape Informativo. \\"">\\n              </span>\\n            </div>"",""Tipo"":""Traslape Informativo"",""Nombre"":""Chingaza"",""Capa"":""RUNAP"",""Área (M2)"":""772696615.165 m2"",""Área traslapada (%)"":""0%""},{""..."":""<div title=\\""La iniciativa de mitigación de GEI que pretende inscribir en la fase de Factibilidad presenta un Traslape Informativo. \\"" style=\\""display: flex; justify-content: center; align-items: center; height: 100%;\\""> \\n              <span class=\\""esri-icon-notice-triangle\\"" \\n                    style=\\""font-size: 24px; color: orange;\\"" \\n                    title=\\""La iniciativa de mitigación de GEI que pretende inscribir en la fase de Factibilidad presenta un Traslape Informativo. \\"">\\n              </span>\\n            </div>"",""Tipo"":""Traslape Informativo"",""Nombre"":""Sumapaz"",""Capa"":""RUNAP"",""Área (M2)"":""2109924723.659 m2"",""Área traslapada (%)"":""0%""},{""..."":""<div title=\\""La iniciativa de mitigación de GEI que pretende inscribir en la fase de Factibilidad presenta un Traslape Informativo. \\"" style=\\""display: flex; justify-content: center; align-items: center; height: 100%;\\""> \\n              <span class=\\""esri-icon-notice-triangle\\"" \\n                    style=\\""font-size: 24px; color: orange;\\"" \\n                    title=\\""La iniciativa de mitigación de GEI que pretende inscribir en la fase de Factibilidad presenta un Traslape Informativo. \\"">\\n              </span>\\n            </div>"",""Tipo"":""Traslape Informativo"",""Nombre"":""Bosque Oriental de Bogotá"",""Capa"":""RUNAP"",""Área (M2)"":""141162304.162 m2"",""Área traslapada (%)"":""0.04%""},{""..."":""<div title=\\""La iniciativa de mitigación de GEI que pretende inscribir en la fase de Factibilidad presenta un Traslape Informativo. \\"" style=\\""display: flex; justify-content: center; align-items: center; height: 100%;\\""> \\n              <span class=\\""esri-icon-notice-triangle\\"" \\n                    style=\\""font-size: 24px; color: orange;\\"" \\n                    title=\\""La iniciativa de mitigación de GEI que pretende inscribir en la fase de Factibilidad presenta un Traslape Informativo. \\"">\\n              </span>\\n            </div>"",""Tipo"":""Traslape Informativo"",""Nombre"":""Chingaza"",""Capa"":""RUNAP"",""Área (M2)"":""772696615.165 m2"",""Área traslapada (%)"":""0%""},{""..."":""<div title=\\""La iniciativa de mitigación de GEI que pretende inscribir en la fase de Factibilidad presenta un Traslape Informativo. \\"" style=\\""display: flex; justify-content: center; align-items: center; height: 100%;\\""> \\n              <span class=\\""esri-icon-notice-triangle\\"" \\n                    style=\\""font-size: 24px; color: orange;\\"" \\n                    title=\\""La iniciativa de mitigación de GEI que pretende inscribir en la fase de Factibilidad presenta un Traslape Informativo. \\"">\\n              </span>\\n            </div>"",""Tipo"":""Traslape Informativo"",""Nombre"":""Ríos Blanco y Negro"",""Capa"":""RUNAP"",""Área (M2)"":""124041494.536 m2"",""Área traslapada (%)"":""2.14%""},{""..."":""<div title=\\""La iniciativa de mitigación de GEI que pretende inscribir en la fase de Factibilidad presenta un Traslape Informativo. \\"" style=\\""display: flex; justify-content: center; align-items: center; height: 100%;\\""> \\n              <span class=\\""esri-icon-notice-triangle\\"" \\n                    style=\\""font-size: 24px; color: orange;\\"" \\n                    title=\\""La iniciativa de mitigación de GEI que pretende inscribir en la fase de Factibilidad presenta un Traslape Informativo. \\"">\\n              </span>\\n            </div>"",""Tipo"":""Traslape Informativo"",""Nombre"":""Chingaza"",""Capa"":""RUNAP"",""Área (M2)"":""772696615.165 m2"",""Área traslapada (%)"":""0%""},{""..."":""<div title=\\""La iniciativa de mitigación de GEI que pretende inscribir en la fase de Factibilidad presenta un Traslape Informativo. \\"" style=\\""display: flex; justify-content: center; align-items: center; height: 100%;\\""> \\n              <span class=\\""esri-icon-notice-triangle\\"" \\n                    style=\\""font-size: 24px; color: orange;\\"" \\n                    title=\\""La iniciativa de mitigación de GEI que pretende inscribir en la fase de Factibilidad presenta un Traslape Informativo. \\"">\\n              </span>\\n            </div>"",""Tipo"":""Traslape Informativo"",""Nombre"":""Ríos Blanco y Negro"",""Capa"":""RUNAP"",""Área (M2)"":""124041494.536 m2"",""Área traslapada (%)"":""0.01%""},{""..."":""<div title=\\""La iniciativa de mitigación de GEI que pretende inscribir en la fase de Factibilidad presenta un Traslape Informativo. \\"" style=\\""display: flex; justify-content: center; align-items: center; height: 100%;\\""> \\n              <span class=\\""esri-icon-notice-triangle\\"" \\n                    style=\\""font-size: 24px; color: orange;\\"" \\n                    title=\\""La iniciativa de mitigación de GEI que pretende inscribir en la fase de Factibilidad presenta un Traslape Informativo. \\"">\\n              </span>\\n            </div>"",""Tipo"":""Traslape Informativo"",""Nombre"":""Bosque Oriental de Bogotá"",""Capa"":""RUNAP"",""Área (M2)"":""141162304.162 m2"",""Área traslapada (%)"":""0.13%""},{""..."":""<div title=\\""La iniciativa de mitigación de GEI que pretende inscribir en la fase de Factibilidad presenta un Traslape Informativo. \\"" style=\\""display: flex; justify-content: center; align-items: center; height: 100%;\\""> \\n              <span class=\\""esri-icon-notice-triangle\\"" \\n                    style=\\""font-size: 24px; color: orange;\\"" \\n                    title=\\""La iniciativa de mitigación de GEI que pretende inscribir en la fase de Factibilidad presenta un Traslape Informativo. \\"">\\n              </span>\\n            </div>"",""Tipo"":""Traslape Informativo"",""Nombre"":""Ríos Blanco y Negro"",""Capa"":""RUNAP"",""Área (M2)"":""124041494.536 m2"",""Área traslapada (%)"":""0.94%""},{""..."":""<div title=\\""La iniciativa de mitigación de GEI que pretende inscribir en la fase de Factibilidad presenta un Traslape Informativo. \\"" style=\\""display: flex; justify-content: center; align-items: center; height: 100%;\\""> \\n              <span class=\\""esri-icon-notice-triangle\\"" \\n                    style=\\""font-size: 24px; color: orange;\\"" \\n                    title=\\""La iniciativa de mitigación de GEI que pretende inscribir en la fase de Factibilidad presenta un Traslape Informativo. \\"">\\n              </span>\\n            </div>"",""Tipo"":""Traslape Informativo"",""Nombre"":""Chingaza"",""Capa"":""RUNAP"",""Área (M2)"":""772696615.165 m2"",""Área traslapada (%)"":""0%""},{""..."":""<div title=\\""La iniciativa de mitigación de GEI que pretende inscribir en la fase de Factibilidad presenta un Traslape Informativo. \\"" style=\\""display: flex; justify-content: center; align-items: center; height: 100%;\\""> \\n              <span class=\\""esri-icon-notice-triangle\\"" \\n                    style=\\""font-size: 24px; color: orange;\\"" \\n                    title=\\""La iniciativa de mitigación de GEI que pretende inscribir en la fase de Factibilidad presenta un Traslape Informativo. \\"">\\n              </span>\\n            </div>"",""Tipo"":""Traslape Informativo"",""Nombre"":""Ríos Blanco y Negro"",""Capa"":""RUNAP"",""Área (M2)"":""124041494.536 m2"",""Área traslapada (%)"":""2.93%""},{""..."":""<div title=\\""La iniciativa de mitigación de GEI que pretende inscribir en la fase de Factibilidad presenta un Traslape Informativo. \\"" style=\\""display: flex; justify-content: center; align-items: center; height: 100%;\\""> \\n              <span class=\\""esri-icon-notice-triangle\\"" \\n                    style=\\""font-size: 24px; color: orange;\\"" \\n                    title=\\""La iniciativa de mitigación de GEI que pretende inscribir en la fase de Factibilidad presenta un Traslape Informativo. \\"">\\n              </span>\\n            </div>"",""Tipo"":""Traslape Informativo"",""Nombre"":""Bosque Oriental de Bogotá"",""Capa"":""RUNAP"",""Área (M2)"":""141162304.162 m2"",""Área traslapada (%)"":""0%""},{""..."":""<div title=\\""La iniciativa de mitigación de GEI que pretende inscribir en la fase de Factibilidad presenta un Traslape Informativo. \\"" style=\\""display: flex; justify-content: center; align-items: center; height: 100%;\\""> \\n              <span class=\\""esri-icon-notice-triangle\\"" \\n                    style=\\""font-size: 24px; color: orange;\\"" \\n                    title=\\""La iniciativa de mitigación de GEI que pretende inscribir en la fase de Factibilidad presenta un Traslape Informativo. \\"">\\n              </span>\\n            </div>"",""Tipo"":""Traslape Informativo"",""Nombre"":""Chingaza"",""Capa"":""RUNAP"",""Área (M2)"":""772696615.165 m2"",""Área traslapada (%)"":""0%""},{""..."":""<div title=\\""La iniciativa de mitigación de GEI que pretende inscribir en la fase de Factibilidad presenta un Traslape Informativo. \\"" style=\\""display: flex; justify-content: center; align-items: center; height: 100%;\\""> \\n              <span class=\\""esri-icon-notice-triangle\\"" \\n                    style=\\""font-size: 24px; color: orange;\\"" \\n                    title=\\""La iniciativa de mitigación de GEI que pretende inscribir en la fase de Factibilidad presenta un Traslape Informativo. \\"">\\n              </span>\\n            </div>"",""Tipo"":""Traslape Informativo"",""Nombre"":""Ríos Blanco y Negro"",""Capa"":""RUNAP"",""Área (M2)"":""124041494.536 m2"",""Área traslapada (%)"":""1.02%""},{""..."":""<div title=\\""La iniciativa de mitigación de GEI que pretende inscribir en la fase de Factibilidad presenta un Traslape Informativo. \\"" style=\\""display: flex; justify-content: center; align-items: center; height: 100%;\\""> \\n              <span class=\\""esri-icon-notice-triangle\\"" \\n                    style=\\""font-size: 24px; color: orange;\\"" \\n                    title=\\""La iniciativa de mitigación de GEI que pretende inscribir en la fase de Factibilidad presenta un Traslape Informativo. \\"">\\n              </span>\\n            </div>"",""Tipo"":""Traslape Informativo"",""Nombre"":""Chingaza"",""Capa"":""RUNAP"",""Área (M2)"":""772696615.165 m2"",""Área traslapada (%)"":""0%""},{""..."":""<div title=\\""La iniciativa de mitigación de GEI que pretende inscribir en la fase de Factibilidad presenta un Traslape Informativo. \\"" style=\\""display: flex; justify-content: center; align-items: center; height: 100%;\\""> \\n              <span class=\\""esri-icon-notice-triangle\\"" \\n                    style=\\""font-size: 24px; color: orange;\\"" \\n                    title=\\""La iniciativa de mitigación de GEI que pretende inscribir en la fase de Factibilidad presenta un Traslape Informativo. \\"">\\n              </span>\\n            </div>"",""Tipo"":""Traslape Informativo"",""Nombre"":""Ríos Blanco y Negro"",""Capa"":""RUNAP"",""Área (M2)"":""124041494.536 m2"",""Área traslapada (%)"":""0%""},{""..."":""<div title=\\""La iniciativa de mitigación de GEI que pretende inscribir en la fase de Factibilidad presenta un Traslape Informativo. \\"" style=\\""display: flex; justify-content: center; align-items: center; height: 100%;\\""> \\n              <span class=\\""esri-icon-notice-triangle\\"" \\n                    style=\\""font-size: 24px; color: orange;\\"" \\n                    title=\\""La iniciativa de mitigación de GEI que pretende inscribir en la fase de Factibilidad presenta un Traslape Informativo. \\"">\\n              </span>\\n            </div>"",""Tipo"":""Traslape Informativo"",""Nombre"":""Chingaza"",""Capa"":""RUNAP"",""Área (M2)"":""772696615.165 m2"",""Área traslapada (%)"":""0%""},{""..."":""<div title=\\""La iniciativa de mitigación de GEI que pretende inscribir en la fase de Factibilidad presenta un Traslape Informativo. \\"" style=\\""display: flex; justify-content: center; align-items: center; height: 100%;\\""> \\n              <span class=\\""esri-icon-notice-triangle\\"" \\n                    style=\\""font-size: 24px; color: orange;\\"" \\n                    title=\\""La iniciativa de mitigación de GEI que pretende inscribir en la fase de Factibilidad presenta un Traslape Informativo. \\"">\\n              </span>\\n            </div>"",""Tipo"":""Traslape Informativo"",""Nombre"":""Ríos Blanco y Negro"",""Capa"":""RUNAP"",""Área (M2)"":""124041494.536 m2"",""Área traslapada (%)"":""0%""},{""..."":""<div title=\\""La iniciativa de mitigación de GEI que pretende inscribir en la fase de Factibilidad presenta un Traslape Informativo. \\"" style=\\""display: flex; justify-content: center; align-items: center; height: 100%;\\""> \\n              <span class=\\""esri-icon-notice-triangle\\"" \\n                    style=\\""font-size: 24px; color: orange;\\"" \\n                    title=\\""La iniciativa de mitigación de GEI que pretende inscribir en la fase de Factibilidad presenta un Traslape Informativo. \\"">\\n              </span>\\n            </div>"",""Tipo"":""Traslape Informativo"",""Nombre"":""Chingaza"",""Capa"":""RUNAP"",""Área (M2)"":""772696615.165 m2"",""Área traslapada (%)"":""0%""},{""..."":""<div title=\\""La iniciativa de mitigación de GEI que pretende inscribir en la fase de Factibilidad presenta un Traslape Informativo. \\"" style=\\""display: flex; justify-content: center; align-items: center; height: 100%;\\""> \\n              <span class=\\""esri-icon-notice-triangle\\"" \\n                    style=\\""font-size: 24px; color: orange;\\"" \\n                    title=\\""La iniciativa de mitigación de GEI que pretende inscribir en la fase de Factibilidad presenta un Traslape Informativo. \\"">\\n              </span>\\n            </div>"",""Tipo"":""Traslape Informativo"",""Nombre"":""Ríos Blanco y Negro"",""Capa"":""RUNAP"",""Área (M2)"":""124041494.536 m2"",""Área traslapada (%)"":""0%""},{""..."":""<div title=\\""La iniciativa de mitigación de GEI que pretende inscribir en la fase de Factibilidad presenta un Traslape Informativo. \\"" style=\\""display: flex; justify-content: center; align-items: center; height: 100%;\\""> \\n              <span class=\\""esri-icon-notice-triangle\\"" \\n                    style=\\""font-size: 24px; color: orange;\\"" \\n                    title=\\""La iniciativa de mitigación de GEI que pretende inscribir en la fase de Factibilidad presenta un Traslape Informativo. \\"">\\n              </span>\\n            </div>"",""Tipo"":""Traslape Informativo"",""Nombre"":""Chingaza"",""Capa"":""RUNAP"",""Área (M2)"":""772696615.165 m2"",""Área traslapada (%)"":""0%""},{""..."":""<div title=\\""La iniciativa de mitigación de GEI que pretende inscribir en la fase de Factibilidad presenta un Traslape Informativo. \\"" style=\\""display: flex; justify-content: center; align-items: center; height: 100%;\\""> \\n              <span class=\\""esri-icon-notice-triangle\\"" \\n                    style=\\""font-size: 24px; color: orange;\\"" \\n                    title=\\""La iniciativa de mitigación de GEI que pretende inscribir en la fase de Factibilidad presenta un Traslape Informativo. \\"">\\n              </span>\\n            </div>"",""Tipo"":""Traslape Informativo"",""Nombre"":""Ríos Blanco y Negro"",""Capa"":""RUNAP"",""Área (M2)"":""124041494.536 m2"",""Área traslapada (%)"":""0.05%""},{""..."":""<div title=\\""La iniciativa de mitigación de GEI que pretende inscribir en la fase de Factibilidad presenta un Traslape Informativo. \\"" style=\\""display: flex; justify-content: center; align-items: center; height: 100%;\\""> \\n              <span class=\\""esri-icon-notice-triangle\\"" \\n                    style=\\""font-size: 24px; color: orange;\\"" \\n                    title=\\""La iniciativa de mitigación de GEI que pretende inscribir en la fase de Factibilidad presenta un Traslape Informativo. \\"">\\n              </span>\\n            </div>"",""Tipo"":""Traslape Informativo"",""Nombre"":""Chingaza"",""Capa"":""RUNAP"",""Área (M2)"":""772696615.165 m2"",""Área traslapada (%)"":""0%""},{""..."":""<div title=\\""La iniciativa de mitigación de GEI que pretende inscribir en la fase de Factibilidad presenta un Traslape Informativo. \\"" style=\\""display: flex; justify-content: center; align-items: center; height: 100%;\\""> \\n              <span class=\\""esri-icon-notice-triangle\\"" \\n                    style=\\""font-size: 24px; color: orange;\\"" \\n                    title=\\""La iniciativa de mitigación de GEI que pretende inscribir en la fase de Factibilidad presenta un Traslape Informativo. \\"">\\n              </span>\\n            </div>"",""Tipo"":""Traslape Informativo"",""Nombre"":""Ríos Blanco y Negro"",""Capa"":""RUNAP"",""Área (M2)"":""124041494.536 m2"",""Área traslapada (%)"":""3.09%""},{""..."":""<div title=\\""La iniciativa de mitigación de GEI que pretende inscribir en la fase de Factibilidad presenta un Traslape Informativo. \\"" style=\\""display: flex; justify-content: center; align-items: center; height: 100%;\\""> \\n              <span class=\\""esri-icon-notice-triangle\\"" \\n                    style=\\""font-size: 24px; color: orange;\\"" \\n                    title=\\""La iniciativa de mitigación de GEI que pretende inscribir en la fase de Factibilidad presenta un Traslape Informativo. \\"">\\n              </span>\\n            </div>"",""Tipo"":""Traslape Informativo"",""Nombre"":""Ríos Blanco y Negro"",""Capa"":""RUNAP"",""Área (M2)"":""124041494.536 m2"",""Área traslapada (%)"":""0.04%""},{""..."":""<div title=\\""La iniciativa de mitigación de GEI que pretende inscribir en la fase de Factibilidad presenta un Traslape Informativo. \\"" style=\\""display: flex; justify-content: center; align-items: center; height: 100%;\\""> \\n              <span class=\\""esri-icon-notice-triangle\\"" \\n                    style=\\""font-size: 24px; color: orange;\\"" \\n                    title=\\""La iniciativa de mitigación de GEI que pretende inscribir en la fase de Factibilidad presenta un Traslape Informativo. \\"">\\n              </span>\\n            </div>"",""Tipo"":""Traslape Informativo"",""Nombre"":""Chingaza"",""Capa"":""RUNAP"",""Área (M2)"":""772696615.165 m2"",""Área traslapada (%)"":""0%""},{""..."":""<div title=\\""La iniciativa de mitigación de GEI que pretende inscribir en la fase de Factibilidad presenta un Traslape Informativo. \\"" style=\\""display: flex; justify-content: center; align-items: center; height: 100%;\\""> \\n              <span class=\\""esri-icon-notice-triangle\\"" \\n                    style=\\""font-size: 24px; color: orange;\\"" \\n                    title=\\""La iniciativa de mitigación de GEI que pretende inscribir en la fase de Factibilidad presenta un Traslape Informativo. \\"">\\n              </span>\\n            </div>"",""Tipo"":""Traslape Informativo"",""Nombre"":""Ríos Blanco y Negro"",""Capa"":""RUNAP"",""Área (M2)"":""124041494.536 m2"",""Área traslapada (%)"":""0%""},{""..."":""<div title=\\""La iniciativa de mitigación de GEI que pretende inscribir en la fase de Factibilidad presenta un Traslape Informativo. \\"" style=\\""display: flex; justify-content: center; align-items: center; height: 100%;\\""> \\n              <span class=\\""esri-icon-notice-triangle\\"" \\n                    style=\\""font-size: 24px; color: orange;\\"" \\n                    title=\\""La iniciativa de mitigación de GEI que pretende inscribir en la fase de Factibilidad presenta un Traslape Informativo. \\"">\\n              </span>\\n            </div>"",""Tipo"":""Traslape Informativo"",""Nombre"":""Ríos Chorrera y Concepción"",""Capa"":""RUNAP"",""Área (M2)"":""44275401.25 m2"",""Área traslapada (%)"":""11.88%""},{""..."":""<div title=\\""La iniciativa de mitigación de GEI que pretende inscribir en la fase de Factibilidad presenta un Traslape Informativo. \\"" style=\\""display: flex; justify-content: center; align-items: center; height: 100%;\\""> \\n              <span class=\\""esri-icon-notice-triangle\\"" \\n                    style=\\""font-size: 24px; color: orange;\\"" \\n                    title=\\""La iniciativa de mitigación de GEI que pretende inscribir en la fase de Factibilidad presenta un Traslape Informativo. \\"">\\n              </span>\\n            </div>"",""Tipo"":""Traslape Informativo"",""Nombre"":""Chingaza"",""Capa"":""RUNAP"",""Área (M2)"":""772696615.165 m2"",""Área traslapada (%)"":""0%""},{""..."":""<div title=\\""La iniciativa de mitigación de GEI que pretende inscribir en la fase de Factibilidad presenta un Traslape Informativo. \\"" style=\\""display: flex; justify-content: center; align-items: center; height: 100%;\\""> \\n              <span class=\\""esri-icon-notice-triangle\\"" \\n                    style=\\""font-size: 24px; color: orange;\\"" \\n                    title=\\""La iniciativa de mitigación de GEI que pretende inscribir en la fase de Factibilidad presenta un Traslape Informativo. \\"">\\n              </span>\\n            </div>"",""Tipo"":""Traslape Informativo"",""Nombre"":""Bosque Oriental de Bogotá"",""Capa"":""RUNAP"",""Área (M2)"":""141162304.162 m2"",""Área traslapada (%)"":""1.23%""},{""..."":""<div title=\\""La iniciativa de mitigación de GEI que pretende inscribir en la fase de Factibilidad presenta un Traslape Informativo. \\"" style=\\""display: flex; justify-content: center; align-items: center; height: 100%;\\""> \\n              <span class=\\""esri-icon-notice-triangle\\"" \\n                    style=\\""font-size: 24px; color: orange;\\"" \\n                    title=\\""La iniciativa de mitigación de GEI que pretende inscribir en la fase de Factibilidad presenta un Traslape Informativo. \\"">\\n              </span>\\n            </div>"",""Tipo"":""Traslape Informativo"",""Nombre"":""Ríos Chorrera y Concepción"",""Capa"":""RUNAP"",""Área (M2)"":""44275401.25 m2"",""Área traslapada (%)"":""0.15%""},{""..."":""<div title=\\""La iniciativa de mitigación de GEI que pretende inscribir en la fase de Factibilidad presenta un Traslape Informativo. \\"" style=\\""display: flex; justify-content: center; align-items: center; height: 100%;\\""> \\n              <span class=\\""esri-icon-notice-triangle\\"" \\n                    style=\\""font-size: 24px; color: orange;\\"" \\n                    title=\\""La iniciativa de mitigación de GEI que pretende inscribir en la fase de Factibilidad presenta un Traslape Informativo. \\"">\\n              </span>\\n            </div>"",""Tipo"":""Traslape Informativo"",""Nombre"":""Ríos Chorrera y Concepción"",""Capa"":""RUNAP"",""Área (M2)"":""44275401.25 m2"",""Área traslapada (%)"":""0.58%""},{""..."":""<div title=\\""La iniciativa de mitigación de GEI que pretende inscribir en la fase de Factibilidad presenta un Traslape Informativo. \\"" style=\\""display: flex; justify-content: center; align-items: center; height: 100%;\\""> \\n              <span class=\\""esri-icon-notice-triangle\\"" \\n                    style=\\""font-size: 24px; color: orange;\\"" \\n                    title=\\""La iniciativa de mitigación de GEI que pretende inscribir en la fase de Factibilidad presenta un Traslape Informativo. \\"">\\n              </span>\\n            </div>"",""Tipo"":""Traslape Informativo"",""Nombre"":""Ríos Chorrera y Concepción"",""Capa"":""RUNAP"",""Área (M2)"":""44275401.25 m2"",""Área traslapada (%)"":""0.03%""},{""..."":""<div title=\\""La iniciativa de mitigación de GEI que pretende inscribir en la fase de Factibilidad presenta un Traslape Informativo. \\"" style=\\""display: flex; justify-content: center; align-items: center; height: 100%;\\""> \\n              <span class=\\""esri-icon-notice-triangle\\"" \\n                    style=\\""font-size: 24px; color: orange;\\"" \\n                    title=\\""La iniciativa de mitigación de GEI que pretende inscribir en la fase de Factibilidad presenta un Traslape Informativo. \\"">\\n              </span>\\n            </div>"",""Tipo"":""Traslape Informativo"",""Nombre"":""El Espino Corcovado"",""Capa"":""RUNAP"",""Área (M2)"":""2333564.158 m2"",""Área traslapada (%)"":""0.54%""},{""..."":""<div title=\\""La iniciativa de mitigación de GEI que pretende inscribir en la fase de Factibilidad presenta un Traslape Informativo. \\"" style=\\""display: flex; justify-content: center; align-items: center; height: 100%;\\""> \\n              <span class=\\""esri-icon-notice-triangle\\"" \\n                    style=\\""font-size: 24px; color: orange;\\"" \\n                    title=\\""La iniciativa de mitigación de GEI que pretende inscribir en la fase de Factibilidad presenta un Traslape Informativo. \\"">\\n              </span>\\n            </div>"",""Tipo"":""Traslape Informativo"",""Nombre"":""Ríos Chorrera y Concepción"",""Capa"":""RUNAP"",""Área (M2)"":""44275401.25 m2"",""Área traslapada (%)"":""0%""},{""..."":""<div title=\\""La iniciativa de mitigación de GEI que pretende inscribir en la fase de Factibilidad presenta un Traslape Informativo. \\"" style=\\""display: flex; justify-content: center; align-items: center; height: 100%;\\""> \\n              <span class=\\""esri-icon-notice-triangle\\"" \\n                    style=\\""font-size: 24px; color: orange;\\"" \\n                    title=\\""La iniciativa de mitigación de GEI que pretende inscribir en la fase de Factibilidad presenta un Traslape Informativo. \\"">\\n              </span>\\n            </div>"",""Tipo"":""Traslape Informativo"",""Nombre"":""Ríos Chorrera y Concepción"",""Capa"":""RUNAP"",""Área (M2)"":""44275401.25 m2"",""Área traslapada (%)"":""0.07%""},{""..."":""<div title=\\""La iniciativa de mitigación de GEI que pretende inscribir en la fase de Factibilidad presenta un Traslape Informativo. \\"" style=\\""display: flex; justify-content: center; align-items: center; height: 100%;\\""> \\n              <span class=\\""esri-icon-notice-triangle\\"" \\n                    style=\\""font-size: 24px; color: orange;\\"" \\n                    title=\\""La iniciativa de mitigación de GEI que pretende inscribir en la fase de Factibilidad presenta un Traslape Informativo. \\"">\\n              </span>\\n            </div>"",""Tipo"":""Traslape Informativo"",""Nombre"":""El Espino Corcovado"",""Capa"":""RUNAP"",""Área (M2)"":""2333564.158 m2"",""Área traslapada (%)"":""0.07%""},{""..."":""<div title=\\""La iniciativa de mitigación de GEI que pretende inscribir en la fase de Factibilidad presenta un Traslape Informativo. \\"" style=\\""display: flex; justify-content: center; align-items: center; height: 100%;\\""> \\n              <span class=\\""esri-icon-notice-triangle\\"" \\n                    style=\\""font-size: 24px; color: orange;\\"" \\n                    title=\\""La iniciativa de mitigación de GEI que pretende inscribir en la fase de Factibilidad presenta un Traslape Informativo. \\"">\\n              </span>\\n            </div>"",""Tipo"":""Traslape Informativo"",""Nombre"":""Ríos Chorrera y Concepción"",""Capa"":""RUNAP"",""Área (M2)"":""44275401.25 m2"",""Área traslapada (%)"":""0.04%""},{""..."":""<div title=\\""La iniciativa de mitigación de GEI que pretende inscribir en la fase de Factibilidad presenta un Traslape Informativo. \\"" style=\\""display: flex; justify-content: center; align-items: center; height: 100%;\\""> \\n              <span class=\\""esri-icon-notice-triangle\\"" \\n                    style=\\""font-size: 24px; color: orange;\\"" \\n                    title=\\""La iniciativa de mitigación de GEI que pretende inscribir en la fase de Factibilidad presenta un Traslape Informativo. \\"">\\n              </span>\\n            </div>"",""Tipo"":""Traslape Informativo"",""Nombre"":""Ríos Chorrera y Concepción"",""Capa"":""RUNAP"",""Área (M2)"":""44275401.25 m2"",""Área traslapada (%)"":""0.74%""},{""..."":""<div title=\\""La iniciativa de mitigación de GEI que pretende inscribir en la fase de Factibilidad presenta un Traslape Informativo. \\"" style=\\""display: flex; justify-content: center; align-items: center; height: 100%;\\""> \\n              <span class=\\""esri-icon-notice-triangle\\"" \\n                    style=\\""font-size: 24px; color: orange;\\"" \\n                    title=\\""La iniciativa de mitigación de GEI que pretende inscribir en la fase de Factibilidad presenta un Traslape Informativo. \\"">\\n              </span>\\n            </div>"",""Tipo"":""Traslape Informativo"",""Nombre"":""Ríos Chorrera y Concepción"",""Capa"":""RUNAP"",""Área (M2)"":""44275401.25 m2"",""Área traslapada (%)"":""0.41%""},{""..."":""<div title=\\""La iniciativa de mitigación de GEI que pretende inscribir en la fase de Factibilidad presenta un Traslape Informativo. \\"" style=\\""display: flex; justify-content: center; align-items: center; height: 100%;\\""> \\n              <span class=\\""esri-icon-notice-triangle\\"" \\n                    style=\\""font-size: 24px; color: orange;\\"" \\n                    title=\\""La iniciativa de mitigación de GEI que pretende inscribir en la fase de Factibilidad presenta un Traslape Informativo. \\"">\\n              </span>\\n            </div>"",""Tipo"":""Traslape Informativo"",""Nombre"":""Chingaza"",""Capa"":""RUNAP"",""Área (M2)"":""772696615.165 m2"",""Área traslapada (%)"":""0%""},{""..."":""<div title=\\""La iniciativa de mitigación de GEI que pretende inscribir en la fase de Factibilidad presenta un Traslape Informativo. \\"" style=\\""display: flex; justify-content: center; align-items: center; height: 100%;\\""> \\n              <span class=\\""esri-icon-notice-triangle\\"" \\n                    style=\\""font-size: 24px; color: orange;\\"" \\n                    title=\\""La iniciativa de mitigación de GEI que pretende inscribir en la fase de Factibilidad presenta un Traslape Informativo. \\"">\\n              </span>\\n            </div>"",""Tipo"":""Traslape Informativo"",""Nombre"":""Páramo Grande"",""Capa"":""RUNAP"",""Área (M2)"":""50174417.987 m2"",""Área traslapada (%)"":""0.1%""},{""..."":""<div title=\\""La iniciativa de mitigación de GEI que pretende inscribir en la fase de Factibilidad presenta un Traslape Informativo. \\"" style=\\""display: flex; justify-content: center; align-items: center; height: 100%;\\""> \\n              <span class=\\""esri-icon-notice-triangle\\"" \\n                    style=\\""font-size: 24px; color: orange;\\"" \\n                    title=\\""La iniciativa de mitigación de GEI que pretende inscribir en la fase de Factibilidad presenta un Traslape Informativo. \\"">\\n              </span>\\n            </div>"",""Tipo"":""Traslape Informativo"",""Nombre"":""El Espino Corcovado"",""Capa"":""RUNAP"",""Área (M2)"":""2333564.158 m2"",""Área traslapada (%)"":""4.24%""},{""..."":""<div title=\\""La iniciativa de mitigación de GEI que pretende inscribir en la fase de Factibilidad presenta un Traslape Informativo. \\"" style=\\""display: flex; justify-content: center; align-items: center; height: 100%;\\""> \\n              <span class=\\""esri-icon-notice-triangle\\"" \\n                    style=\\""font-size: 24px; color: orange;\\"" \\n                    title=\\""La iniciativa de mitigación de GEI que pretende inscribir en la fase de Factibilidad presenta un Traslape Informativo. \\"">\\n              </span>\\n            </div>"",""Tipo"":""Traslape Informativo"",""Nombre"":""Chingaza"",""Capa"":""RUNAP"",""Área (M2)"":""772696615.165 m2"",""Área traslapada (%)"":""0%""},{""..."":""<div title=\\""La iniciativa de mitigación de GEI que pretende inscribir en la fase de Factibilidad presenta un Traslape Informativo. \\"" style=\\""display: flex; justify-content: center; align-items: center; height: 100%;\\""> \\n              <span class=\\""esri-icon-notice-triangle\\"" \\n                    style=\\""font-size: 24px; color: orange;\\"" \\n                    title=\\""La iniciativa de mitigación de GEI que pretende inscribir en la fase de Factibilidad presenta un Traslape Informativo. \\"">\\n              </span>\\n            </div>"",""Tipo"":""Traslape Informativo"",""Nombre"":""Ríos Chorrera y Concepción"",""Capa"":""RUNAP"",""Área (M2)"":""44275401.25 m2"",""Área traslapada (%)"":""17.69%""},{""..."":""<div title=\\""La iniciativa de mitigación de GEI que pretende inscribir en la fase de Factibilidad presenta un Traslape Informativo. \\"" style=\\""display: flex; justify-content: center; align-items: center; height: 100%;\\""> \\n              <span class=\\""esri-icon-notice-triangle\\"" \\n                    style=\\""font-size: 24px; color: orange;\\"" \\n                    title=\\""La iniciativa de mitigación de GEI que pretende inscribir en la fase de Factibilidad presenta un Traslape Informativo. \\"">\\n              </span>\\n            </div>"",""Tipo"":""Traslape Informativo"",""Nombre"":""Bosque Oriental de Bogotá"",""Capa"":""RUNAP"",""Área (M2)"":""141162304.162 m2"",""Área traslapada (%)"":""0.11%""},{""..."":""<div title=\\""La iniciativa de mitigación de GEI que pretende inscribir en la fase de Factibilidad presenta un Traslape Informativo. \\"" style=\\""display: flex; justify-content: center; align-items: center; height: 100%;\\""> \\n              <span class=\\""esri-icon-notice-triangle\\"" \\n                    style=\\""font-size: 24px; color: orange;\\"" \\n                    title=\\""La iniciativa de mitigación de GEI que pretende inscribir en la fase de Factibilidad presenta un Traslape Informativo. \\"">\\n              </span>\\n            </div>"",""Tipo"":""Traslape Informativo"",""Nombre"":""Bosque Oriental de Bogotá"",""Capa"":""RUNAP"",""Área (M2)"":""141162304.162 m2"",""Área traslapada (%)"":""0%""}]', 'resultado_traslape': 'Se presenta un traslape informativo con Registro Único de Áreas protegidas - RUNAP.', 'fecha_resultado_traslape': '30/12/2025 10:41:38', 'sector_cartera': '', 'tipo_moneda_1': '', 'tasa_cambio_1': '', 'fecha_tasa_cambio_1': '', 'contribucion_propia_1': '', 'contribucion_propia_tasa_cambio_1': '', 'contribucion_externa_1': '', 'contribucion_externa_tasa_cambio_1': '', 'costo_total_1': '', 'costo_total_tasa_cambio_1': '', 't_sector_cartera_asociado_2': '', 't_costos_asociados': '', 'tipo_actividad': 46, 'nombre_tipo_actividad': 'Reducción de las emisiones debidas a la deforestación'}, {'fuente_relacionada_1': '{""value"":""Coberturas vegetales naturales de páramo""}', 'tipo_actividad_1': 46, 'descripcion_actividad_1': 'El proyecto busca conservar los bosques y coberturas naturales de paramo que están bajo presiones de cambio de uso del suelo y restaurar áreas degradadas asociados a los complejos de páramos de Sumapaz, Chingaza, Guacheneque y Guerrero, en departamentos del Cundinamarca, Meta y Boyacá.', 'fecha_inicial_1': '19/12/2019', 'fecha_final_1': '18/12/2059', 'acciones_redd_mas_1': 'La estrategia de intervención para reducir la pérdida de coberturas naturales se basa en cuatro componentes principales: 1) Restauración y Sistemas productivos sostenibles, 2) Inversión operacional, 3) Gobernanza territorial, 4) Monitoreo y Biodiversidad.', 'depositos_carbono_1': '[{""depositos_carbono_1_1"":{""label"":""Biomasa subterránea"",""value"":167,""repeat"":false}},{""depositos_carbono_1_1"":{""label"":""Biomasa aérea"",""value"":131,""repeat"":false}}]', 'check_co_beneficios_economicos_1': '', 'descripcion_co_beneficios_economicos_1': '', 'check_co_beneficios_sociales_1': True, 'descripcion_co_beneficios_sociales_1': 'ODS 2 Hambre Cero: fortalecer seguridad alimentaria y mejorar sistemas productivos. ODS4 Educación: mejorar acceso a educación y capacitación. ODS5 Género: promover participación mujeres', 'check_co_beneficios_ambientales_1': True, 'descripcion_co_beneficios_ambientales_1': 'ODS6 Agua Limpia y Saneamiento: aumento coberturas naturales para la regulación hídrica. ODS15 Terrestres: restauración zonas estratégicas y conservar hábitats naturales', 'check_otros_co_beneficios_1': '', 'descripcion_otros_co_beneficios_1': '', 'archivo_soporte_2_2': 'files-renare/cc,52168193/6925ca9e78306d8ed3ce75e6/documentossolicitud/05documentodescripcionactividadmitigacion30-12-2025-11-48-51.pdf', 'archivo_soporte_2_3': '', 'geovisor_calculo_traslape_1': '[{""..."":""<div title=\\""La iniciativa de mitigación de GEI que pretende inscribir en la fase de Factibilidad presenta un Traslape Informativo. \\"" style=\\""display: flex; justify-content: center; align-items: center; height: 100%;\\""> \\n              <span class=\\""esri-icon-notice-triangle\\"" \\n                    style=\\""font-size: 24px; color: orange;\\"" \\n                    title=\\""La iniciativa de mitigación de GEI que pretende inscribir en la fase de Factibilidad presenta un Traslape Informativo. \\"">\\n              </span>\\n            </div>"",""Tipo"":""Traslape Informativo"",""Nombre"":""Bosque Oriental de Bogotá"",""Capa"":""RUNAP"",""Área (M2)"":""141162304.162 m2"",""Área traslapada (%)"":""0.01%""},{""..."":""<div title=\\""La iniciativa de mitigación de GEI que pretende inscribir en la fase de Factibilidad presenta un Traslape Informativo. \\"" style=\\""display: flex; justify-content: center; align-items: center; height: 100%;\\""> \\n              <span class=\\""esri-icon-notice-triangle\\"" \\n                    style=\\""font-size: 24px; color: orange;\\"" \\n                    title=\\""La iniciativa de mitigación de GEI que pretende inscribir en la fase de Factibilidad presenta un Traslape Informativo. \\"">\\n              </span>\\n            </div>"",""Tipo"":""Traslape Informativo"",""Nombre"":""Bosque Oriental de Bogotá"",""Capa"":""RUNAP"",""Área (M2)"":""141162304.162 m2"",""Área traslapada (%)"":""0.01%""},{""..."":""<div title=\\""La iniciativa de mitigación de GEI que pretende inscribir en la fase de Factibilidad presenta un Traslape Informativo. \\"" style=\\""display: flex; justify-content: center; align-items: center; height: 100%;\\""> \\n              <span class=\\""esri-icon-notice-triangle\\"" \\n                    style=\\""font-size: 24px; color: orange;\\"" \\n                    title=\\""La iniciativa de mitigación de GEI que pretende inscribir en la fase de Factibilidad presenta un Traslape Informativo. \\"">\\n              </span>\\n            </div>"",""Tipo"":""Traslape Informativo"",""Nombre"":""Bosque Oriental de Bogotá"",""Capa"":""RUNAP"",""Área (M2)"":""141162304.162 m2"",""Área traslapada (%)"":""0%""},{""..."":""<div title=\\""La iniciativa de mitigación de GEI que pretende inscribir en la fase de Factibilidad presenta un Traslape Informativo. \\"" style=\\""display: flex; justify-content: center; align-items: center; height: 100%;\\""> \\n              <span class=\\""esri-icon-notice-triangle\\"" \\n                    style=\\""font-size: 24px; color: orange;\\"" \\n                    title=\\""La iniciativa de mitigación de GEI que pretende inscribir en la fase de Factibilidad presenta un Traslape Informativo. \\"">\\n              </span>\\n            </div>"",""Tipo"":""Traslape Informativo"",""Nombre"":""Bosque Oriental de Bogotá"",""Capa"":""RUNAP"",""Área (M2)"":""141162304.162 m2"",""Área traslapada (%)"":""0.06%""},{""..."":""<div title=\\""La iniciativa de mitigación de GEI que pretende inscribir en la fase de Factibilidad presenta un Traslape Informativo. \\"" style=\\""display: flex; justify-content: center; align-items: center; height: 100%;\\""> \\n              <span class=\\""esri-icon-notice-triangle\\"" \\n                    style=\\""font-size: 24px; color: orange;\\"" \\n                    title=\\""La iniciativa de mitigación de GEI que pretende inscribir en la fase de Factibilidad presenta un Traslape Informativo. \\"">\\n              </span>\\n            </div>"",""Tipo"":""Traslape Informativo"",""Nombre"":""Bosque Oriental de Bogotá"",""Capa"":""RUNAP"",""Área (M2)"":""141162304.162 m2"",""Área traslapada (%)"":""0.8%""},{""..."":""<div title=\\""La iniciativa de mitigación de GEI que pretende inscribir en la fase de Factibilidad presenta un Traslape Informativo. \\"" style=\\""display: flex; justify-content: center; align-items: center; height: 100%;\\""> \\n              <span class=\\""esri-icon-notice-triangle\\"" \\n                    style=\\""font-size: 24px; color: orange;\\"" \\n                    title=\\""La iniciativa de mitigación de GEI que pretende inscribir en la fase de Factibilidad presenta un Traslape Informativo. \\"">\\n              </span>\\n            </div>"",""Tipo"":""Traslape Informativo"",""Nombre"":""Bosque Oriental de Bogotá"",""Capa"":""RUNAP"",""Área (M2)"":""141162304.162 m2"",""Área traslapada (%)"":""0.1%""},{""..."":""<div title=\\""La iniciativa de mitigación de GEI que pretende inscribir en la fase de Factibilidad presenta un Traslape Informativo. \\"" style=\\""display: flex; justify-content: center; align-items: center; height: 100%;\\""> \\n              <span class=\\""esri-icon-notice-triangle\\"" \\n                    style=\\""font-size: 24px; color: orange;\\"" \\n                    title=\\""La iniciativa de mitigación de GEI que pretende inscribir en la fase de Factibilidad presenta un Traslape Informativo. \\"">\\n              </span>\\n            </div>"",""Tipo"":""Traslape Informativo"",""Nombre"":""Bosque Oriental de Bogotá"",""Capa"":""RUNAP"",""Área (M2)"":""141162304.162 m2"",""Área traslapada (%)"":""0.79%""},{""..."":""<div title=\\""La iniciativa de mitigación de GEI que pretende inscribir en la fase de Factibilidad presenta un Traslape Informativo. \\"" style=\\""display: flex; justify-content: center; align-items: center; height: 100%;\\""> \\n              <span class=\\""esri-icon-notice-triangle\\"" \\n                    style=\\""font-size: 24px; color: orange;\\"" \\n                    title=\\""La iniciativa de mitigación de GEI que pretende inscribir en la fase de Factibilidad presenta un Traslape Informativo. \\"">\\n              </span>\\n            </div>"",""Tipo"":""Traslape Informativo"",""Nombre"":""Bosque Oriental de Bogotá"",""Capa"":""RUNAP"",""Área (M2)"":""141162304.162 m2"",""Área traslapada (%)"":""0.53%""},{""..."":""<div title=\\""La iniciativa de mitigación de GEI que pretende inscribir en la fase de Factibilidad presenta un Traslape Informativo. \\"" style=\\""display: flex; justify-content: center; align-items: center; height: 100%;\\""> \\n              <span class=\\""esri-icon-notice-triangle\\"" \\n                    style=\\""font-size: 24px; color: orange;\\"" \\n                    title=\\""La iniciativa de mitigación de GEI que pretende inscribir en la fase de Factibilidad presenta un Traslape Informativo. \\"">\\n              </span>\\n            </div>"",""Tipo"":""Traslape Informativo"",""Nombre"":""Bosque Oriental de Bogotá"",""Capa"":""RUNAP"",""Área (M2)"":""141162304.162 m2"",""Área traslapada (%)"":""0%""},{""..."":""<div title=\\""La iniciativa de mitigación de GEI que pretende inscribir en la fase de Factibilidad presenta un Traslape Informativo. \\"" style=\\""display: flex; justify-content: center; align-items: center; height: 100%;\\""> \\n              <span class=\\""esri-icon-notice-triangle\\"" \\n                    style=\\""font-size: 24px; color: orange;\\"" \\n                    title=\\""La iniciativa de mitigación de GEI que pretende inscribir en la fase de Factibilidad presenta un Traslape Informativo. \\"">\\n              </span>\\n            </div>"",""Tipo"":""Traslape Informativo"",""Nombre"":""Bosque Oriental de Bogotá"",""Capa"":""RUNAP"",""Área (M2)"":""141162304.162 m2"",""Área traslapada (%)"":""0.01%""},{""..."":""<div title=\\""La iniciativa de mitigación de GEI que pretende inscribir en la fase de Factibilidad presenta un Traslape Informativo. \\"" style=\\""display: flex; justify-content: center; align-items: center; height: 100%;\\""> \\n              <span class=\\""esri-icon-notice-triangle\\"" \\n                    style=\\""font-size: 24px; color: orange;\\"" \\n                    title=\\""La iniciativa de mitigación de GEI que pretende inscribir en la fase de Factibilidad presenta un Traslape Informativo. \\"">\\n              </span>\\n            </div>"",""Tipo"":""Traslape Informativo"",""Nombre"":""Bosque Oriental de Bogotá"",""Capa"":""RUNAP"",""Área (M2)"":""141162304.162 m2"",""Área traslapada (%)"":""0.03%""},{""..."":""<div title=\\""La iniciativa de mitigación de GEI que pretende inscribir en la fase de Factibilidad presenta un Traslape Informativo. \\"" style=\\""display: flex; justify-content: center; align-items: center; height: 100%;\\""> \\n              <span class=\\""esri-icon-notice-triangle\\"" \\n                    style=\\""font-size: 24px; color: orange;\\"" \\n                    title=\\""La iniciativa de mitigación de GEI que pretende inscribir en la fase de Factibilidad presenta un Traslape Informativo. \\"">\\n              </span>\\n            </div>"",""Tipo"":""Traslape Informativo"",""Nombre"":""Bosque Oriental de Bogotá"",""Capa"":""RUNAP"",""Área (M2)"":""141162304.162 m2"",""Área traslapada (%)"":""0.03%""},{""..."":""<div title=\\""La iniciativa de mitigación de GEI que pretende inscribir en la fase de Factibilidad presenta un Traslape Informativo. \\"" style=\\""display: flex; justify-content: center; align-items: center; height: 100%;\\""> \\n              <span class=\\""esri-icon-notice-triangle\\"" \\n                    style=\\""font-size: 24px; color: orange;\\"" \\n                    title=\\""La iniciativa de mitigación de GEI que pretende inscribir en la fase de Factibilidad presenta un Traslape Informativo. \\"">\\n              </span>\\n            </div>"",""Tipo"":""Traslape Informativo"",""Nombre"":""Bosque Oriental de Bogotá"",""Capa"":""RUNAP"",""Área (M2)"":""141162304.162 m2"",""Área traslapada (%)"":""0.02%""},{""..."":""<div title=\\""La iniciativa de mitigación de GEI que pretende inscribir en la fase de Factibilidad presenta un Traslape Informativo. \\"" style=\\""display: flex; justify-content: center; align-items: center; height: 100%;\\""> \\n              <span class=\\""esri-icon-notice-triangle\\"" \\n                    style=\\""font-size: 24px; color: orange;\\"" \\n                    title=\\""La iniciativa de mitigación de GEI que pretende inscribir en la fase de Factibilidad presenta un Traslape Informativo. \\"">\\n              </span>\\n            </div>"",""Tipo"":""Traslape Informativo"",""Nombre"":""Bosque Oriental de Bogotá"",""Capa"":""RUNAP"",""Área (M2)"":""141162304.162 m2"",""Área traslapada (%)"":""0.01%""},{""..."":""<div title=\\""La iniciativa de mitigación de GEI que pretende inscribir en la fase de Factibilidad presenta un Traslape Informativo. \\"" style=\\""display: flex; justify-content: center; align-items: center; height: 100%;\\""> \\n              <span class=\\""esri-icon-notice-triangle\\"" \\n                    style=\\""font-size: 24px; color: orange;\\"" \\n                    title=\\""La iniciativa de mitigación de GEI que pretende inscribir en la fase de Factibilidad presenta un Traslape Informativo. \\"">\\n              </span>\\n            </div>"",""Tipo"":""Traslape Informativo"",""Nombre"":""Bosque Oriental de Bogotá"",""Capa"":""RUNAP"",""Área (M2)"":""141162304.162 m2"",""Área traslapada (%)"":""0.15%""},{""..."":""<div title=\\""La iniciativa de mitigación de GEI que pretende inscribir en la fase de Factibilidad presenta un Traslape Informativo. \\"" style=\\""display: flex; justify-content: center; align-items: center; height: 100%;\\""> \\n              <span class=\\""esri-icon-notice-triangle\\"" \\n                    style=\\""font-size: 24px; color: orange;\\"" \\n                    title=\\""La iniciativa de mitigación de GEI que pretende inscribir en la fase de Factibilidad presenta un Traslape Informativo. \\"">\\n              </span>\\n            </div>"",""Tipo"":""Traslape Informativo"",""Nombre"":""Bosque Oriental de Bogotá"",""Capa"":""RUNAP"",""Área (M2)"":""141162304.162 m2"",""Área traslapada (%)"":""0.27%""},{""..."":""<div title=\\""La iniciativa de mitigación de GEI que pretende inscribir en la fase de Factibilidad presenta un Traslape Informativo. \\"" style=\\""display: flex; justify-content: center; align-items: center; height: 100%;\\""> \\n              <span class=\\""esri-icon-notice-triangle\\"" \\n                    style=\\""font-size: 24px; color: orange;\\"" \\n                    title=\\""La iniciativa de mitigación de GEI que pretende inscribir en la fase de Factibilidad presenta un Traslape Informativo. \\"">\\n              </span>\\n            </div>"",""Tipo"":""Traslape Informativo"",""Nombre"":""Bosque Oriental de Bogotá"",""Capa"":""RUNAP"",""Área (M2)"":""141162304.162 m2"",""Área traslapada (%)"":""0.01%""},{""..."":""<div title=\\""La iniciativa de mitigación de GEI que pretende inscribir en la fase de Factibilidad presenta un Traslape Informativo. \\"" style=\\""display: flex; justify-content: center; align-items: center; height: 100%;\\""> \\n              <span class=\\""esri-icon-notice-triangle\\"" \\n                    style=\\""font-size: 24px; color: orange;\\"" \\n                    title=\\""La iniciativa de mitigación de GEI que pretende inscribir en la fase de Factibilidad presenta un Traslape Informativo. \\"">\\n              </span>\\n            </div>"",""Tipo"":""Traslape Informativo"",""Nombre"":""Bosque Oriental de Bogotá"",""Capa"":""RUNAP"",""Área (M2)"":""141162304.162 m2"",""Área traslapada (%)"":""0.27%""},{""..."":""<div title=\\""La iniciativa de mitigación de GEI que pretende inscribir en la fase de Factibilidad presenta un Traslape Informativo. \\"" style=\\""display: flex; justify-content: center; align-items: center; height: 100%;\\""> \\n              <span class=\\""esri-icon-notice-triangle\\"" \\n                    style=\\""font-size: 24px; color: orange;\\"" \\n                    title=\\""La iniciativa de mitigación de GEI que pretende inscribir en la fase de Factibilidad presenta un Traslape Informativo. \\"">\\n              </span>\\n            </div>"",""Tipo"":""Traslape Informativo"",""Nombre"":""Bosque Oriental de Bogotá"",""Capa"":""RUNAP"",""Área (M2)"":""141162304.162 m2"",""Área traslapada (%)"":""2.39%""},{""..."":""<div title=\\""La iniciativa de mitigación de GEI que pretende inscribir en la fase de Factibilidad presenta un Traslape Informativo. \\"" style=\\""display: flex; justify-content: center; align-items: center; height: 100%;\\""> \\n              <span class=\\""esri-icon-notice-triangle\\"" \\n                    style=\\""font-size: 24px; color: orange;\\"" \\n                    title=\\""La iniciativa de mitigación de GEI que pretende inscribir en la fase de Factibilidad presenta un Traslape Informativo. \\"">\\n              </span>\\n            </div>"",""Tipo"":""Traslape Informativo"",""Nombre"":""Bosque Oriental de Bogotá"",""Capa"":""RUNAP"",""Área (M2)"":""141162304.162 m2"",""Área traslapada (%)"":""0.14%""},{""..."":""<div title=\\""La iniciativa de mitigación de GEI que pretende inscribir en la fase de Factibilidad presenta un Traslape Informativo. \\"" style=\\""display: flex; justify-content: center; align-items: center; height: 100%;\\""> \\n              <span class=\\""esri-icon-notice-triangle\\"" \\n                    style=\\""font-size: 24px; color: orange;\\"" \\n                    title=\\""La iniciativa de mitigación de GEI que pretende inscribir en la fase de Factibilidad presenta un Traslape Informativo. \\"">\\n              </span>\\n            </div>"",""Tipo"":""Traslape Informativo"",""Nombre"":""Bosque Oriental de Bogotá"",""Capa"":""RUNAP"",""Área (M2)"":""141162304.162 m2"",""Área traslapada (%)"":""0.19%""},{""..."":""<div title=\\""La iniciativa de mitigación de GEI que pretende inscribir en la fase de Factibilidad presenta un Traslape Informativo. \\"" style=\\""display: flex; justify-content: center; align-items: center; height: 100%;\\""> \\n              <span class=\\""esri-icon-notice-triangle\\"" \\n                    style=\\""font-size: 24px; color: orange;\\"" \\n                    title=\\""La iniciativa de mitigación de GEI que pretende inscribir en la fase de Factibilidad presenta un Traslape Informativo. \\"">\\n              </span>\\n            </div>"",""Tipo"":""Traslape Informativo"",""Nombre"":""Bosque Oriental de Bogotá"",""Capa"":""RUNAP"",""Área (M2)"":""141162304.162 m2"",""Área traslapada (%)"":""0.1%""},{""..."":""<div title=\\""La iniciativa de mitigación de GEI que pretende inscribir en la fase de Factibilidad presenta un Traslape Informativo. \\"" style=\\""display: flex; justify-content: center; align-items: center; height: 100%;\\""> \\n              <span class=\\""esri-icon-notice-triangle\\"" \\n                    style=\\""font-size: 24px; color: orange;\\"" \\n                    title=\\""La iniciativa de mitigación de GEI que pretende inscribir en la fase de Factibilidad presenta un Traslape Informativo. \\"">\\n              </span>\\n            </div>"",""Tipo"":""Traslape Informativo"",""Nombre"":""Bosque Oriental de Bogotá"",""Capa"":""RUNAP"",""Área (M2)"":""141162304.162 m2"",""Área traslapada (%)"":""0.02%""},{""..."":""<div title=\\""La iniciativa de mitigación de GEI que pretende inscribir en la fase de Factibilidad presenta un Traslape Informativo. \\"" style=\\""display: flex; justify-content: center; align-items: center; height: 100%;\\""> \\n              <span class=\\""esri-icon-notice-triangle\\"" \\n                    style=\\""font-size: 24px; color: orange;\\"" \\n                    title=\\""La iniciativa de mitigación de GEI que pretende inscribir en la fase de Factibilidad presenta un Traslape Informativo. \\"">\\n              </span>\\n            </div>"",""Tipo"":""Traslape Informativo"",""Nombre"":""Bosque Oriental de Bogotá"",""Capa"":""RUNAP"",""Área (M2)"":""141162304.162 m2"",""Área traslapada (%)"":""0.65%""},{""..."":""<div title=\\""La iniciativa de mitigación de GEI que pretende inscribir en la fase de Factibilidad presenta un Traslape Informativo. \\"" style=\\""display: flex; justify-content: center; align-items: center; height: 100%;\\""> \\n              <span class=\\""esri-icon-notice-triangle\\"" \\n                    style=\\""font-size: 24px; color: orange;\\"" \\n                    title=\\""La iniciativa de mitigación de GEI que pretende inscribir en la fase de Factibilidad presenta un Traslape Informativo. \\"">\\n              </span>\\n            </div>"",""Tipo"":""Traslape Informativo"",""Nombre"":""Bosque Oriental de Bogotá"",""Capa"":""RUNAP"",""Área (M2)"":""141162304.162 m2"",""Área traslapada (%)"":""0.04%""},{""..."":""<div title=\\""La iniciativa de mitigación de GEI que pretende inscribir en la fase de Factibilidad presenta un Traslape Informativo. \\"" style=\\""display: flex; justify-content: center; align-items: center; height: 100%;\\""> \\n              <span class=\\""esri-icon-notice-triangle\\"" \\n                    style=\\""font-size: 24px; color: orange;\\"" \\n                    title=\\""La iniciativa de mitigación de GEI que pretende inscribir en la fase de Factibilidad presenta un Traslape Informativo. \\"">\\n              </span>\\n            </div>"",""Tipo"":""Traslape Informativo"",""Nombre"":""Bosque Oriental de Bogotá"",""Capa"":""RUNAP"",""Área (M2)"":""141162304.162 m2"",""Área traslapada (%)"":""0.11%""},{""..."":""<div title=\\""La iniciativa de mitigación de GEI que pretende inscribir en la fase de Factibilidad presenta un Traslape Informativo. \\"" style=\\""display: flex; justify-content: center; align-items: center; height: 100%;\\""> \\n              <span class=\\""esri-icon-notice-triangle\\"" \\n                    style=\\""font-size: 24px; color: orange;\\"" \\n                    title=\\""La iniciativa de mitigación de GEI que pretende inscribir en la fase de Factibilidad presenta un Traslape Informativo. \\"">\\n              </span>\\n            </div>"",""Tipo"":""Traslape Informativo"",""Nombre"":""Bosque Oriental de Bogotá"",""Capa"":""RUNAP"",""Área (M2)"":""141162304.162 m2"",""Área traslapada (%)"":""2.23%""},{""..."":""<div title=\\""La iniciativa de mitigación de GEI que pretende inscribir en la fase de Factibilidad presenta un Traslape Informativo. \\"" style=\\""display: flex; justify-content: center; align-items: center; height: 100%;\\""> \\n              <span class=\\""esri-icon-notice-triangle\\"" \\n                    style=\\""font-size: 24px; color: orange;\\"" \\n                    title=\\""La iniciativa de mitigación de GEI que pretende inscribir en la fase de Factibilidad presenta un Traslape Informativo. \\"">\\n              </span>\\n            </div>"",""Tipo"":""Traslape Informativo"",""Nombre"":""Bosque Oriental de Bogotá"",""Capa"":""RUNAP"",""Área (M2)"":""141162304.162 m2"",""Área traslapada (%)"":""0.03%""},{""..."":""<div title=\\""La iniciativa de mitigación de GEI que pretende inscribir en la fase de Factibilidad presenta un Traslape Informativo. \\"" style=\\""display: flex; justify-content: center; align-items: center; height: 100%;\\""> \\n              <span class=\\""esri-icon-notice-triangle\\"" \\n                    style=\\""font-size: 24px; color: orange;\\"" \\n                    title=\\""La iniciativa de mitigación de GEI que pretende inscribir en la fase de Factibilidad presenta un Traslape Informativo. \\"">\\n              </span>\\n            </div>"",""Tipo"":""Traslape Informativo"",""Nombre"":""Bosque Oriental de Bogotá"",""Capa"":""RUNAP"",""Área (M2)"":""141162304.162 m2"",""Área traslapada (%)"":""0.02%""},{""..."":""<div title=\\""La iniciativa de mitigación de GEI que pretende inscribir en la fase de Factibilidad presenta un Traslape Informativo. \\"" style=\\""display: flex; justify-content: center; align-items: center; height: 100%;\\""> \\n              <span class=\\""esri-icon-notice-triangle\\"" \\n                    style=\\""font-size: 24px; color: orange;\\"" \\n                    title=\\""La iniciativa de mitigación de GEI que pretende inscribir en la fase de Factibilidad presenta un Traslape Informativo. \\"">\\n              </span>\\n            </div>"",""Tipo"":""Traslape Informativo"",""Nombre"":""Bosque Oriental de Bogotá"",""Capa"":""RUNAP"",""Área (M2)"":""141162304.162 m2"",""Área traslapada (%)"":""2.27%""},{""..."":""<div title=\\""La iniciativa de mitigación de GEI que pretende inscribir en la fase de Factibilidad presenta un Traslape Informativo. \\"" style=\\""display: flex; justify-content: center; align-items: center; height: 100%;\\""> \\n              <span class=\\""esri-icon-notice-triangle\\"" \\n                    style=\\""font-size: 24px; color: orange;\\"" \\n                    title=\\""La iniciativa de mitigación de GEI que pretende inscribir en la fase de Factibilidad presenta un Traslape Informativo. \\"">\\n              </span>\\n            </div>"",""Tipo"":""Traslape Informativo"",""Nombre"":""Bosque Oriental de Bogotá"",""Capa"":""RUNAP"",""Área (M2)"":""141162304.162 m2"",""Área traslapada (%)"":""0.03%""},{""..."":""<div title=\\""La iniciativa de mitigación de GEI que pretende inscribir en la fase de Factibilidad presenta un Traslape Informativo. \\"" style=\\""display: flex; justify-content: center; align-items: center; height: 100%;\\""> \\n              <span class=\\""esri-icon-notice-triangle\\"" \\n                    style=\\""font-size: 24px; color: orange;\\"" \\n                    title=\\""La iniciativa de mitigación de GEI que pretende inscribir en la fase de Factibilidad presenta un Traslape Informativo. \\"">\\n              </span>\\n            </div>"",""Tipo"":""Traslape Informativo"",""Nombre"":""Bosque Oriental de Bogotá"",""Capa"":""RUNAP"",""Área (M2)"":""141162304.162 m2"",""Área traslapada (%)"":""5.18%""},{""..."":""<div title=\\""La iniciativa de mitigación de GEI que pretende inscribir en la fase de Factibilidad presenta un Traslape Informativo. \\"" style=\\""display: flex; justify-content: center; align-items: center; height: 100%;\\""> \\n              <span class=\\""esri-icon-notice-triangle\\"" \\n                    style=\\""font-size: 24px; color: orange;\\"" \\n                    title=\\""La iniciativa de mitigación de GEI que pretende inscribir en la fase de Factibilidad presenta un Traslape Informativo. \\"">\\n              </span>\\n            </div>"",""Tipo"":""Traslape Informativo"",""Nombre"":""Bosque Oriental de Bogotá"",""Capa"":""RUNAP"",""Área (M2)"":""141162304.162 m2"",""Área traslapada (%)"":""0.1%""},{""..."":""<div title=\\""La iniciativa de mitigación de GEI que pretende inscribir en la fase de Factibilidad presenta un Traslape Informativo. \\"" style=\\""display: flex; justify-content: center; align-items: center; height: 100%;\\""> \\n              <span class=\\""esri-icon-notice-triangle\\"" \\n                    style=\\""font-size: 24px; color: orange;\\"" \\n                    title=\\""La iniciativa de mitigación de GEI que pretende inscribir en la fase de Factibilidad presenta un Traslape Informativo. \\"">\\n              </span>\\n            </div>"",""Tipo"":""Traslape Informativo"",""Nombre"":""Bosque Oriental de Bogotá"",""Capa"":""RUNAP"",""Área (M2)"":""141162304.162 m2"",""Área traslapada (%)"":""2.56%""},{""..."":""<div title=\\""La iniciativa de mitigación de GEI que pretende inscribir en la fase de Factibilidad presenta un Traslape Informativo. \\"" style=\\""display: flex; justify-content: center; align-items: center; height: 100%;\\""> \\n              <span class=\\""esri-icon-notice-triangle\\"" \\n                    style=\\""font-size: 24px; color: orange;\\"" \\n                    title=\\""La iniciativa de mitigación de GEI que pretende inscribir en la fase de Factibilidad presenta un Traslape Informativo. \\"">\\n              </span>\\n            </div>"",""Tipo"":""Traslape Informativo"",""Nombre"":""Bosque Oriental de Bogotá"",""Capa"":""RUNAP"",""Área (M2)"":""141162304.162 m2"",""Área traslapada (%)"":""8.84%""},{""..."":""<div title=\\""La iniciativa de mitigación de GEI que pretende inscribir en la fase de Factibilidad presenta un Traslape Informativo. \\"" style=\\""display: flex; justify-content: center; align-items: center; height: 100%;\\""> \\n              <span class=\\""esri-icon-notice-triangle\\"" \\n                    style=\\""font-size: 24px; color: orange;\\"" \\n                    title=\\""La iniciativa de mitigación de GEI que pretende inscribir en la fase de Factibilidad presenta un Traslape Informativo. \\"">\\n              </span>\\n            </div>"",""Tipo"":""Traslape Informativo"",""Nombre"":""Bosque Oriental de Bogotá"",""Capa"":""RUNAP"",""Área (M2)"":""141162304.162 m2"",""Área traslapada (%)"":""0.39%""},{""..."":""<div title=\\""La iniciativa de mitigación de GEI que pretende inscribir en la fase de Factibilidad presenta un Traslape Informativo. \\"" style=\\""display: flex; justify-content: center; align-items: center; height: 100%;\\""> \\n              <span class=\\""esri-icon-notice-triangle\\"" \\n                    style=\\""font-size: 24px; color: orange;\\"" \\n                    title=\\""La iniciativa de mitigación de GEI que pretende inscribir en la fase de Factibilidad presenta un Traslape Informativo. \\"">\\n              </span>\\n            </div>"",""Tipo"":""Traslape Informativo"",""Nombre"":""Bosque Oriental de Bogotá"",""Capa"":""RUNAP"",""Área (M2)"":""141162304.162 m2"",""Área traslapada (%)"":""0.07%""},{""..."":""<div title=\\""La iniciativa de mitigación de GEI que pretende inscribir en la fase de Factibilidad presenta un Traslape Informativo. \\"" style=\\""display: flex; justify-content: center; align-items: center; height: 100%;\\""> \\n              <span class=\\""esri-icon-notice-triangle\\"" \\n                    style=\\""font-size: 24px; color: orange;\\"" \\n                    title=\\""La iniciativa de mitigación de GEI que pretende inscribir en la fase de Factibilidad presenta un Traslape Informativo. \\"">\\n              </span>\\n            </div>"",""Tipo"":""Traslape Informativo"",""Nombre"":""Bosque Oriental de Bogotá"",""Capa"":""RUNAP"",""Área (M2)"":""141162304.162 m2"",""Área traslapada (%)"":""1.24%""},{""..."":""<div title=\\""La iniciativa de mitigación de GEI que pretende inscribir en la fase de Factibilidad presenta un Traslape Informativo. \\"" style=\\""display: flex; justify-content: center; align-items: center; height: 100%;\\""> \\n              <span class=\\""esri-icon-notice-triangle\\"" \\n                    style=\\""font-size: 24px; color: orange;\\"" \\n                    title=\\""La iniciativa de mitigación de GEI que pretende inscribir en la fase de Factibilidad presenta un Traslape Informativo. \\"">\\n              </span>\\n            </div>"",""Tipo"":""Traslape Informativo"",""Nombre"":""Bosque Oriental de Bogotá"",""Capa"":""RUNAP"",""Área (M2)"":""141162304.162 m2"",""Área traslapada (%)"":""0%""},{""..."":""<div title=\\""La iniciativa de mitigación de GEI que pretende inscribir en la fase de Factibilidad presenta un Traslape Informativo. \\"" style=\\""display: flex; justify-content: center; align-items: center; height: 100%;\\""> \\n              <span class=\\""esri-icon-notice-triangle\\"" \\n                    style=\\""font-size: 24px; color: orange;\\"" \\n                    title=\\""La iniciativa de mitigación de GEI que pretende inscribir en la fase de Factibilidad presenta un Traslape Informativo. \\"">\\n              </span>\\n            </div>"",""Tipo"":""Traslape Informativo"",""Nombre"":""Bosque Oriental de Bogotá"",""Capa"":""RUNAP"",""Área (M2)"":""141162304.162 m2"",""Área traslapada (%)"":""0.02%""},{""..."":""<div title=\\""La iniciativa de mitigación de GEI que pretende inscribir en la fase de Factibilidad presenta un Traslape Informativo. \\"" style=\\""display: flex; justify-content: center; align-items: center; height: 100%;\\""> \\n              <span class=\\""esri-icon-notice-triangle\\"" \\n                    style=\\""font-size: 24px; color: orange;\\"" \\n                    title=\\""La iniciativa de mitigación de GEI que pretende inscribir en la fase de Factibilidad presenta un Traslape Informativo. \\"">\\n              </span>\\n            </div>"",""Tipo"":""Traslape Informativo"",""Nombre"":""Bosque Oriental de Bogotá"",""Capa"":""RUNAP"",""Área (M2)"":""141162304.162 m2"",""Área traslapada (%)"":""0%""},{""..."":""<div title=\\""La iniciativa de mitigación de GEI que pretende inscribir en la fase de Factibilidad presenta un Traslape Informativo. \\"" style=\\""display: flex; justify-content: center; align-items: center; height: 100%;\\""> \\n              <span class=\\""esri-icon-notice-triangle\\"" \\n                    style=\\""font-size: 24px; color: orange;\\"" \\n                    title=\\""La iniciativa de mitigación de GEI que pretende inscribir en la fase de Factibilidad presenta un Traslape Informativo. \\"">\\n              </span>\\n            </div>"",""Tipo"":""Traslape Informativo"",""Nombre"":""Bosque Oriental de Bogotá"",""Capa"":""RUNAP"",""Área (M2)"":""141162304.162 m2"",""Área traslapada (%)"":""0%""},{""..."":""<div title=\\""La iniciativa de mitigación de GEI que pretende inscribir en la fase de Factibilidad presenta un Traslape Informativo. \\"" style=\\""display: flex; justify-content: center; align-items: center; height: 100%;\\""> \\n              <span class=\\""esri-icon-notice-triangle\\"" \\n                    style=\\""font-size: 24px; color: orange;\\"" \\n                    title=\\""La iniciativa de mitigación de GEI que pretende inscribir en la fase de Factibilidad presenta un Traslape Informativo. \\"">\\n              </span>\\n            </div>"",""Tipo"":""Traslape Informativo"",""Nombre"":""Bosque Oriental de Bogotá"",""Capa"":""RUNAP"",""Área (M2)"":""141162304.162 m2"",""Área traslapada (%)"":""0.18%""},{""..."":""<div title=\\""La iniciativa de mitigación de GEI que pretende inscribir en la fase de Factibilidad presenta un Traslape Informativo. \\"" style=\\""display: flex; justify-content: center; align-items: center; height: 100%;\\""> \\n              <span class=\\""esri-icon-notice-triangle\\"" \\n                    style=\\""font-size: 24px; color: orange;\\"" \\n                    title=\\""La iniciativa de mitigación de GEI que pretende inscribir en la fase de Factibilidad presenta un Traslape Informativo. \\"">\\n              </span>\\n            </div>"",""Tipo"":""Traslape Informativo"",""Nombre"":""Bosque Oriental de Bogotá"",""Capa"":""RUNAP"",""Área (M2)"":""141162304.162 m2"",""Área traslapada (%)"":""0.08%""},{""..."":""<div title=\\""La iniciativa de mitigación de GEI que pretende inscribir en la fase de Factibilidad presenta un Traslape Informativo. \\"" style=\\""display: flex; justify-content: center; align-items: center; height: 100%;\\""> \\n              <span class=\\""esri-icon-notice-triangle\\"" \\n                    style=\\""font-size: 24px; color: orange;\\"" \\n                    title=\\""La iniciativa de mitigación de GEI que pretende inscribir en la fase de Factibilidad presenta un Traslape Informativo. \\"">\\n              </span>\\n            </div>"",""Tipo"":""Traslape Informativo"",""Nombre"":""Bosque Oriental de Bogotá"",""Capa"":""RUNAP"",""Área (M2)"":""141162304.162 m2"",""Área traslapada (%)"":""0.01%""},{""..."":""<div title=\\""La iniciativa de mitigación de GEI que pretende inscribir en la fase de Factibilidad presenta un Traslape Informativo. \\"" style=\\""display: flex; justify-content: center; align-items: center; height: 100%;\\""> \\n              <span class=\\""esri-icon-notice-triangle\\"" \\n                    style=\\""font-size: 24px; color: orange;\\"" \\n                    title=\\""La iniciativa de mitigación de GEI que pretende inscribir en la fase de Factibilidad presenta un Traslape Informativo. \\"">\\n              </span>\\n            </div>"",""Tipo"":""Traslape Informativo"",""Nombre"":""Bosque Oriental de Bogotá"",""Capa"":""RUNAP"",""Área (M2)"":""141162304.162 m2"",""Área traslapada (%)"":""0.01%""},{""..."":""<div title=\\""La iniciativa de mitigación de GEI que pretende inscribir en la fase de Factibilidad presenta un Traslape Informativo. \\"" style=\\""display: flex; justify-content: center; align-items: center; height: 100%;\\""> \\n              <span class=\\""esri-icon-notice-triangle\\"" \\n                    style=\\""font-size: 24px; color: orange;\\"" \\n                    title=\\""La iniciativa de mitigación de GEI que pretende inscribir en la fase de Factibilidad presenta un Traslape Informativo. \\"">\\n              </span>\\n            </div>"",""Tipo"":""Traslape Informativo"",""Nombre"":""Bosque Oriental de Bogotá"",""Capa"":""RUNAP"",""Área (M2)"":""141162304.162 m2"",""Área traslapada (%)"":""0%""},{""..."":""<div title=\\""La iniciativa de mitigación de GEI que pretende inscribir en la fase de Factibilidad presenta un Traslape Informativo. \\"" style=\\""display: flex; justify-content: center; align-items: center; height: 100%;\\""> \\n              <span class=\\""esri-icon-notice-triangle\\"" \\n                    style=\\""font-size: 24px; color: orange;\\"" \\n                    title=\\""La iniciativa de mitigación de GEI que pretende inscribir en la fase de Factibilidad presenta un Traslape Informativo. \\"">\\n              </span>\\n            </div>"",""Tipo"":""Traslape Informativo"",""Nombre"":""Bosque Oriental de Bogotá"",""Capa"":""RUNAP"",""Área (M2)"":""141162304.162 m2"",""Área traslapada (%)"":""0%""},{""..."":""<div title=\\""La iniciativa de mitigación de GEI que pretende inscribir en la fase de Factibilidad presenta un Traslape Informativo. \\"" style=\\""display: flex; justify-content: center; align-items: center; height: 100%;\\""> \\n              <span class=\\""esri-icon-notice-triangle\\"" \\n                    style=\\""font-size: 24px; color: orange;\\"" \\n                    title=\\""La iniciativa de mitigación de GEI que pretende inscribir en la fase de Factibilidad presenta un Traslape Informativo. \\"">\\n              </span>\\n            </div>"",""Tipo"":""Traslape Informativo"",""Nombre"":""Bosque Oriental de Bogotá"",""Capa"":""RUNAP"",""Área (M2)"":""141162304.162 m2"",""Área traslapada (%)"":""0%""},{""..."":""<div title=\\""La iniciativa de mitigación de GEI que pretende inscribir en la fase de Factibilidad presenta un Traslape Informativo. \\"" style=\\""display: flex; justify-content: center; align-items: center; height: 100%;\\""> \\n              <span class=\\""esri-icon-notice-triangle\\"" \\n                    style=\\""font-size: 24px; color: orange;\\"" \\n                    title=\\""La iniciativa de mitigación de GEI que pretende inscribir en la fase de Factibilidad presenta un Traslape Informativo. \\"">\\n              </span>\\n            </div>"",""Tipo"":""Traslape Informativo"",""Nombre"":""Bosque Oriental de Bogotá"",""Capa"":""RUNAP"",""Área (M2)"":""141162304.162 m2"",""Área traslapada (%)"":""0%""},{""..."":""<div title=\\""La iniciativa de mitigación de GEI que pretende inscribir en la fase de Factibilidad presenta un Traslape Informativo. \\"" style=\\""display: flex; justify-content: center; align-items: center; height: 100%;\\""> \\n              <span class=\\""esri-icon-notice-triangle\\"" \\n                    style=\\""font-size: 24px; color: orange;\\"" \\n                    title=\\""La iniciativa de mitigación de GEI que pretende inscribir en la fase de Factibilidad presenta un Traslape Informativo. \\"">\\n              </span>\\n            </div>"",""Tipo"":""Traslape Informativo"",""Nombre"":""Bosque Oriental de Bogotá"",""Capa"":""RUNAP"",""Área (M2)"":""141162304.162 m2"",""Área traslapada (%)"":""0%""},{""..."":""<div title=\\""La iniciativa de mitigación de GEI que pretende inscribir en la fase de Factibilidad presenta un Traslape Informativo. \\"" style=\\""display: flex; justify-content: center; align-items: center; height: 100%;\\""> \\n              <span class=\\""esri-icon-notice-triangle\\"" \\n                    style=\\""font-size: 24px; color: orange;\\"" \\n                    title=\\""La iniciativa de mitigación de GEI que pretende inscribir en la fase de Factibilidad presenta un Traslape Informativo. \\"">\\n              </span>\\n            </div>"",""Tipo"":""Traslape Informativo"",""Nombre"":""Bosque Oriental de Bogotá"",""Capa"":""RUNAP"",""Área (M2)"":""141162304.162 m2"",""Área traslapada (%)"":""0%""},{""..."":""<div title=\\""La iniciativa de mitigación de GEI que pretende inscribir en la fase de Factibilidad presenta un Traslape Informativo. \\"" style=\\""display: flex; justify-content: center; align-items: center; height: 100%;\\""> \\n              <span class=\\""esri-icon-notice-triangle\\"" \\n                    style=\\""font-size: 24px; color: orange;\\"" \\n                    title=\\""La iniciativa de mitigación de GEI que pretende inscribir en la fase de Factibilidad presenta un Traslape Informativo. \\"">\\n              </span>\\n            </div>"",""Tipo"":""Traslape Informativo"",""Nombre"":""Bosque Oriental de Bogotá"",""Capa"":""RUNAP"",""Área (M2)"":""141162304.162 m2"",""Área traslapada (%)"":""0%""},{""..."":""<div title=\\""La iniciativa de mitigación de GEI que pretende inscribir en la fase de Factibilidad presenta un Traslape Informativo. \\"" style=\\""display: flex; justify-content: center; align-items: center; height: 100%;\\""> \\n              <span class=\\""esri-icon-notice-triangle\\"" \\n                    style=\\""font-size: 24px; color: orange;\\"" \\n                    title=\\""La iniciativa de mitigación de GEI que pretende inscribir en la fase de Factibilidad presenta un Traslape Informativo. \\"">\\n              </span>\\n            </div>"",""Tipo"":""Traslape Informativo"",""Nombre"":""Bosque Oriental de Bogotá"",""Capa"":""RUNAP"",""Área (M2)"":""141162304.162 m2"",""Área traslapada (%)"":""0.02%""},{""..."":""<div title=\\""La iniciativa de mitigación de GEI que pretende inscribir en la fase de Factibilidad presenta un Traslape Informativo. \\"" style=\\""display: flex; justify-content: center; align-items: center; height: 100%;\\""> \\n              <span class=\\""esri-icon-notice-triangle\\"" \\n                    style=\\""font-size: 24px; color: orange;\\"" \\n                    title=\\""La iniciativa de mitigación de GEI que pretende inscribir en la fase de Factibilidad presenta un Traslape Informativo. \\"">\\n              </span>\\n            </div>"",""Tipo"":""Traslape Informativo"",""Nombre"":""Bosque Oriental de Bogotá"",""Capa"":""RUNAP"",""Área (M2)"":""141162304.162 m2"",""Área traslapada (%)"":""0.07%""},{""..."":""<div title=\\""La iniciativa de mitigación de GEI que pretende inscribir en la fase de Factibilidad presenta un Traslape Informativo. \\"" style=\\""display: flex; justify-content: center; align-items: center; height: 100%;\\""> \\n              <span class=\\""esri-icon-notice-triangle\\"" \\n                    style=\\""font-size: 24px; color: orange;\\"" \\n                    title=\\""La iniciativa de mitigación de GEI que pretende inscribir en la fase de Factibilidad presenta un Traslape Informativo. \\"">\\n              </span>\\n            </div>"",""Tipo"":""Traslape Informativo"",""Nombre"":""Bosque Oriental de Bogotá"",""Capa"":""RUNAP"",""Área (M2)"":""141162304.162 m2"",""Área traslapada (%)"":""0%""},{""..."":""<div title=\\""La iniciativa de mitigación de GEI que pretende inscribir en la fase de Factibilidad presenta un Traslape Informativo. \\"" style=\\""display: flex; justify-content: center; align-items: center; height: 100%;\\""> \\n              <span class=\\""esri-icon-notice-triangle\\"" \\n                    style=\\""font-size: 24px; color: orange;\\"" \\n                    title=\\""La iniciativa de mitigación de GEI que pretende inscribir en la fase de Factibilidad presenta un Traslape Informativo. \\"">\\n              </span>\\n            </div>"",""Tipo"":""Traslape Informativo"",""Nombre"":""Chingaza"",""Capa"":""RUNAP"",""Área (M2)"":""772696615.165 m2"",""Área traslapada (%)"":""0%""},{""..."":""<div title=\\""La iniciativa de mitigación de GEI que pretende inscribir en la fase de Factibilidad presenta un Traslape Informativo. \\"" style=\\""display: flex; justify-content: center; align-items: center; height: 100%;\\""> \\n              <span class=\\""esri-icon-notice-triangle\\"" \\n                    style=\\""font-size: 24px; color: orange;\\"" \\n                    title=\\""La iniciativa de mitigación de GEI que pretende inscribir en la fase de Factibilidad presenta un Traslape Informativo. \\"">\\n              </span>\\n            </div>"",""Tipo"":""Traslape Informativo"",""Nombre"":""Sumapaz"",""Capa"":""RUNAP"",""Área (M2)"":""2109924723.659 m2"",""Área traslapada (%)"":""0%""},{""..."":""<div title=\\""La iniciativa de mitigación de GEI que pretende inscribir en la fase de Factibilidad presenta un Traslape Informativo. \\"" style=\\""display: flex; justify-content: center; align-items: center; height: 100%;\\""> \\n              <span class=\\""esri-icon-notice-triangle\\"" \\n                    style=\\""font-size: 24px; color: orange;\\"" \\n                    title=\\""La iniciativa de mitigación de GEI que pretende inscribir en la fase de Factibilidad presenta un Traslape Informativo. \\"">\\n              </span>\\n            </div>"",""Tipo"":""Traslape Informativo"",""Nombre"":""Bosque Oriental de Bogotá"",""Capa"":""RUNAP"",""Área (M2)"":""141162304.162 m2"",""Área traslapada (%)"":""0.04%""},{""..."":""<div title=\\""La iniciativa de mitigación de GEI que pretende inscribir en la fase de Factibilidad presenta un Traslape Informativo. \\"" style=\\""display: flex; justify-content: center; align-items: center; height: 100%;\\""> \\n              <span class=\\""esri-icon-notice-triangle\\"" \\n                    style=\\""font-size: 24px; color: orange;\\"" \\n                    title=\\""La iniciativa de mitigación de GEI que pretende inscribir en la fase de Factibilidad presenta un Traslape Informativo. \\"">\\n              </span>\\n            </div>"",""Tipo"":""Traslape Informativo"",""Nombre"":""Chingaza"",""Capa"":""RUNAP"",""Área (M2)"":""772696615.165 m2"",""Área traslapada (%)"":""0%""},{""..."":""<div title=\\""La iniciativa de mitigación de GEI que pretende inscribir en la fase de Factibilidad presenta un Traslape Informativo. \\"" style=\\""display: flex; justify-content: center; align-items: center; height: 100%;\\""> \\n              <span class=\\""esri-icon-notice-triangle\\"" \\n                    style=\\""font-size: 24px; color: orange;\\"" \\n                    title=\\""La iniciativa de mitigación de GEI que pretende inscribir en la fase de Factibilidad presenta un Traslape Informativo. \\"">\\n              </span>\\n            </div>"",""Tipo"":""Traslape Informativo"",""Nombre"":""Ríos Blanco y Negro"",""Capa"":""RUNAP"",""Área (M2)"":""124041494.536 m2"",""Área traslapada (%)"":""2.14%""},{""..."":""<div title=\\""La iniciativa de mitigación de GEI que pretende inscribir en la fase de Factibilidad presenta un Traslape Informativo. \\"" style=\\""display: flex; justify-content: center; align-items: center; height: 100%;\\""> \\n              <span class=\\""esri-icon-notice-triangle\\"" \\n                    style=\\""font-size: 24px; color: orange;\\"" \\n                    title=\\""La iniciativa de mitigación de GEI que pretende inscribir en la fase de Factibilidad presenta un Traslape Informativo. \\"">\\n              </span>\\n            </div>"",""Tipo"":""Traslape Informativo"",""Nombre"":""Chingaza"",""Capa"":""RUNAP"",""Área (M2)"":""772696615.165 m2"",""Área traslapada (%)"":""0%""},{""..."":""<div title=\\""La iniciativa de mitigación de GEI que pretende inscribir en la fase de Factibilidad presenta un Traslape Informativo. \\"" style=\\""display: flex; justify-content: center; align-items: center; height: 100%;\\""> \\n              <span class=\\""esri-icon-notice-triangle\\"" \\n                    style=\\""font-size: 24px; color: orange;\\"" \\n                    title=\\""La iniciativa de mitigación de GEI que pretende inscribir en la fase de Factibilidad presenta un Traslape Informativo. \\"">\\n              </span>\\n            </div>"",""Tipo"":""Traslape Informativo"",""Nombre"":""Ríos Blanco y Negro"",""Capa"":""RUNAP"",""Área (M2)"":""124041494.536 m2"",""Área traslapada (%)"":""0.01%""},{""..."":""<div title=\\""La iniciativa de mitigación de GEI que pretende inscribir en la fase de Factibilidad presenta un Traslape Informativo. \\"" style=\\""display: flex; justify-content: center; align-items: center; height: 100%;\\""> \\n              <span class=\\""esri-icon-notice-triangle\\"" \\n                    style=\\""font-size: 24px; color: orange;\\"" \\n                    title=\\""La iniciativa de mitigación de GEI que pretende inscribir en la fase de Factibilidad presenta un Traslape Informativo. \\"">\\n              </span>\\n            </div>"",""Tipo"":""Traslape Informativo"",""Nombre"":""Bosque Oriental de Bogotá"",""Capa"":""RUNAP"",""Área (M2)"":""141162304.162 m2"",""Área traslapada (%)"":""0.13%""},{""..."":""<div title=\\""La iniciativa de mitigación de GEI que pretende inscribir en la fase de Factibilidad presenta un Traslape Informativo. \\"" style=\\""display: flex; justify-content: center; align-items: center; height: 100%;\\""> \\n              <span class=\\""esri-icon-notice-triangle\\"" \\n                    style=\\""font-size: 24px; color: orange;\\"" \\n                    title=\\""La iniciativa de mitigación de GEI que pretende inscribir en la fase de Factibilidad presenta un Traslape Informativo. \\"">\\n              </span>\\n            </div>"",""Tipo"":""Traslape Informativo"",""Nombre"":""Ríos Blanco y Negro"",""Capa"":""RUNAP"",""Área (M2)"":""124041494.536 m2"",""Área traslapada (%)"":""0.94%""},{""..."":""<div title=\\""La iniciativa de mitigación de GEI que pretende inscribir en la fase de Factibilidad presenta un Traslape Informativo. \\"" style=\\""display: flex; justify-content: center; align-items: center; height: 100%;\\""> \\n              <span class=\\""esri-icon-notice-triangle\\"" \\n                    style=\\""font-size: 24px; color: orange;\\"" \\n                    title=\\""La iniciativa de mitigación de GEI que pretende inscribir en la fase de Factibilidad presenta un Traslape Informativo. \\"">\\n              </span>\\n            </div>"",""Tipo"":""Traslape Informativo"",""Nombre"":""Chingaza"",""Capa"":""RUNAP"",""Área (M2)"":""772696615.165 m2"",""Área traslapada (%)"":""0%""},{""..."":""<div title=\\""La iniciativa de mitigación de GEI que pretende inscribir en la fase de Factibilidad presenta un Traslape Informativo. \\"" style=\\""display: flex; justify-content: center; align-items: center; height: 100%;\\""> \\n              <span class=\\""esri-icon-notice-triangle\\"" \\n                    style=\\""font-size: 24px; color: orange;\\"" \\n                    title=\\""La iniciativa de mitigación de GEI que pretende inscribir en la fase de Factibilidad presenta un Traslape Informativo. \\"">\\n              </span>\\n            </div>"",""Tipo"":""Traslape Informativo"",""Nombre"":""Ríos Blanco y Negro"",""Capa"":""RUNAP"",""Área (M2)"":""124041494.536 m2"",""Área traslapada (%)"":""2.93%""},{""..."":""<div title=\\""La iniciativa de mitigación de GEI que pretende inscribir en la fase de Factibilidad presenta un Traslape Informativo. \\"" style=\\""display: flex; justify-content: center; align-items: center; height: 100%;\\""> \\n              <span class=\\""esri-icon-notice-triangle\\"" \\n                    style=\\""font-size: 24px; color: orange;\\"" \\n                    title=\\""La iniciativa de mitigación de GEI que pretende inscribir en la fase de Factibilidad presenta un Traslape Informativo. \\"">\\n              </span>\\n            </div>"",""Tipo"":""Traslape Informativo"",""Nombre"":""Bosque Oriental de Bogotá"",""Capa"":""RUNAP"",""Área (M2)"":""141162304.162 m2"",""Área traslapada (%)"":""0%""},{""..."":""<div title=\\""La iniciativa de mitigación de GEI que pretende inscribir en la fase de Factibilidad presenta un Traslape Informativo. \\"" style=\\""display: flex; justify-content: center; align-items: center; height: 100%;\\""> \\n              <span class=\\""esri-icon-notice-triangle\\"" \\n                    style=\\""font-size: 24px; color: orange;\\"" \\n                    title=\\""La iniciativa de mitigación de GEI que pretende inscribir en la fase de Factibilidad presenta un Traslape Informativo. \\"">\\n              </span>\\n            </div>"",""Tipo"":""Traslape Informativo"",""Nombre"":""Chingaza"",""Capa"":""RUNAP"",""Área (M2)"":""772696615.165 m2"",""Área traslapada (%)"":""0%""},{""..."":""<div title=\\""La iniciativa de mitigación de GEI que pretende inscribir en la fase de Factibilidad presenta un Traslape Informativo. \\"" style=\\""display: flex; justify-content: center; align-items: center; height: 100%;\\""> \\n              <span class=\\""esri-icon-notice-triangle\\"" \\n                    style=\\""font-size: 24px; color: orange;\\"" \\n                    title=\\""La iniciativa de mitigación de GEI que pretende inscribir en la fase de Factibilidad presenta un Traslape Informativo. \\"">\\n              </span>\\n            </div>"",""Tipo"":""Traslape Informativo"",""Nombre"":""Ríos Blanco y Negro"",""Capa"":""RUNAP"",""Área (M2)"":""124041494.536 m2"",""Área traslapada (%)"":""1.02%""},{""..."":""<div title=\\""La iniciativa de mitigación de GEI que pretende inscribir en la fase de Factibilidad presenta un Traslape Informativo. \\"" style=\\""display: flex; justify-content: center; align-items: center; height: 100%;\\""> \\n              <span class=\\""esri-icon-notice-triangle\\"" \\n                    style=\\""font-size: 24px; color: orange;\\"" \\n                    title=\\""La iniciativa de mitigación de GEI que pretende inscribir en la fase de Factibilidad presenta un Traslape Informativo. \\"">\\n              </span>\\n            </div>"",""Tipo"":""Traslape Informativo"",""Nombre"":""Chingaza"",""Capa"":""RUNAP"",""Área (M2)"":""772696615.165 m2"",""Área traslapada (%)"":""0%""},{""..."":""<div title=\\""La iniciativa de mitigación de GEI que pretende inscribir en la fase de Factibilidad presenta un Traslape Informativo. \\"" style=\\""display: flex; justify-content: center; align-items: center; height: 100%;\\""> \\n              <span class=\\""esri-icon-notice-triangle\\"" \\n                    style=\\""font-size: 24px; color: orange;\\"" \\n                    title=\\""La iniciativa de mitigación de GEI que pretende inscribir en la fase de Factibilidad presenta un Traslape Informativo. \\"">\\n              </span>\\n            </div>"",""Tipo"":""Traslape Informativo"",""Nombre"":""Ríos Blanco y Negro"",""Capa"":""RUNAP"",""Área (M2)"":""124041494.536 m2"",""Área traslapada (%)"":""0%""},{""..."":""<div title=\\""La iniciativa de mitigación de GEI que pretende inscribir en la fase de Factibilidad presenta un Traslape Informativo. \\"" style=\\""display: flex; justify-content: center; align-items: center; height: 100%;\\""> \\n              <span class=\\""esri-icon-notice-triangle\\"" \\n                    style=\\""font-size: 24px; color: orange;\\"" \\n                    title=\\""La iniciativa de mitigación de GEI que pretende inscribir en la fase de Factibilidad presenta un Traslape Informativo. \\"">\\n              </span>\\n            </div>"",""Tipo"":""Traslape Informativo"",""Nombre"":""Chingaza"",""Capa"":""RUNAP"",""Área (M2)"":""772696615.165 m2"",""Área traslapada (%)"":""0%""},{""..."":""<div title=\\""La iniciativa de mitigación de GEI que pretende inscribir en la fase de Factibilidad presenta un Traslape Informativo. \\"" style=\\""display: flex; justify-content: center; align-items: center; height: 100%;\\""> \\n              <span class=\\""esri-icon-notice-triangle\\"" \\n                    style=\\""font-size: 24px; color: orange;\\"" \\n                    title=\\""La iniciativa de mitigación de GEI que pretende inscribir en la fase de Factibilidad presenta un Traslape Informativo. \\"">\\n              </span>\\n            </div>"",""Tipo"":""Traslape Informativo"",""Nombre"":""Ríos Blanco y Negro"",""Capa"":""RUNAP"",""Área (M2)"":""124041494.536 m2"",""Área traslapada (%)"":""0%""},{""..."":""<div title=\\""La iniciativa de mitigación de GEI que pretende inscribir en la fase de Factibilidad presenta un Traslape Informativo. \\"" style=\\""display: flex; justify-content: center; align-items: center; height: 100%;\\""> \\n              <span class=\\""esri-icon-notice-triangle\\"" \\n                    style=\\""font-size: 24px; color: orange;\\"" \\n                    title=\\""La iniciativa de mitigación de GEI que pretende inscribir en la fase de Factibilidad presenta un Traslape Informativo. \\"">\\n              </span>\\n            </div>"",""Tipo"":""Traslape Informativo"",""Nombre"":""Chingaza"",""Capa"":""RUNAP"",""Área (M2)"":""772696615.165 m2"",""Área traslapada (%)"":""0%""},{""..."":""<div title=\\""La iniciativa de mitigación de GEI que pretende inscribir en la fase de Factibilidad presenta un Traslape Informativo. \\"" style=\\""display: flex; justify-content: center; align-items: center; height: 100%;\\""> \\n              <span class=\\""esri-icon-notice-triangle\\"" \\n                    style=\\""font-size: 24px; color: orange;\\"" \\n                    title=\\""La iniciativa de mitigación de GEI que pretende inscribir en la fase de Factibilidad presenta un Traslape Informativo. \\"">\\n              </span>\\n            </div>"",""Tipo"":""Traslape Informativo"",""Nombre"":""Ríos Blanco y Negro"",""Capa"":""RUNAP"",""Área (M2)"":""124041494.536 m2"",""Área traslapada (%)"":""0%""},{""..."":""<div title=\\""La iniciativa de mitigación de GEI que pretende inscribir en la fase de Factibilidad presenta un Traslape Informativo. \\"" style=\\""display: flex; justify-content: center; align-items: center; height: 100%;\\""> \\n              <span class=\\""esri-icon-notice-triangle\\"" \\n                    style=\\""font-size: 24px; color: orange;\\"" \\n                    title=\\""La iniciativa de mitigación de GEI que pretende inscribir en la fase de Factibilidad presenta un Traslape Informativo. \\"">\\n              </span>\\n            </div>"",""Tipo"":""Traslape Informativo"",""Nombre"":""Chingaza"",""Capa"":""RUNAP"",""Área (M2)"":""772696615.165 m2"",""Área traslapada (%)"":""0%""},{""..."":""<div title=\\""La iniciativa de mitigación de GEI que pretende inscribir en la fase de Factibilidad presenta un Traslape Informativo. \\"" style=\\""display: flex; justify-content: center; align-items: center; height: 100%;\\""> \\n              <span class=\\""esri-icon-notice-triangle\\"" \\n                    style=\\""font-size: 24px; color: orange;\\"" \\n                    title=\\""La iniciativa de mitigación de GEI que pretende inscribir en la fase de Factibilidad presenta un Traslape Informativo. \\"">\\n              </span>\\n            </div>"",""Tipo"":""Traslape Informativo"",""Nombre"":""Ríos Blanco y Negro"",""Capa"":""RUNAP"",""Área (M2)"":""124041494.536 m2"",""Área traslapada (%)"":""0.05%""},{""..."":""<div title=\\""La iniciativa de mitigación de GEI que pretende inscribir en la fase de Factibilidad presenta un Traslape Informativo. \\"" style=\\""display: flex; justify-content: center; align-items: center; height: 100%;\\""> \\n              <span class=\\""esri-icon-notice-triangle\\"" \\n                    style=\\""font-size: 24px; color: orange;\\"" \\n                    title=\\""La iniciativa de mitigación de GEI que pretende inscribir en la fase de Factibilidad presenta un Traslape Informativo. \\"">\\n              </span>\\n            </div>"",""Tipo"":""Traslape Informativo"",""Nombre"":""Chingaza"",""Capa"":""RUNAP"",""Área (M2)"":""772696615.165 m2"",""Área traslapada (%)"":""0%""},{""..."":""<div title=\\""La iniciativa de mitigación de GEI que pretende inscribir en la fase de Factibilidad presenta un Traslape Informativo. \\"" style=\\""display: flex; justify-content: center; align-items: center; height: 100%;\\""> \\n              <span class=\\""esri-icon-notice-triangle\\"" \\n                    style=\\""font-size: 24px; color: orange;\\"" \\n                    title=\\""La iniciativa de mitigación de GEI que pretende inscribir en la fase de Factibilidad presenta un Traslape Informativo. \\"">\\n              </span>\\n            </div>"",""Tipo"":""Traslape Informativo"",""Nombre"":""Ríos Blanco y Negro"",""Capa"":""RUNAP"",""Área (M2)"":""124041494.536 m2"",""Área traslapada (%)"":""3.09%""},{""..."":""<div title=\\""La iniciativa de mitigación de GEI que pretende inscribir en la fase de Factibilidad presenta un Traslape Informativo. \\"" style=\\""display: flex; justify-content: center; align-items: center; height: 100%;\\""> \\n              <span class=\\""esri-icon-notice-triangle\\"" \\n                    style=\\""font-size: 24px; color: orange;\\"" \\n                    title=\\""La iniciativa de mitigación de GEI que pretende inscribir en la fase de Factibilidad presenta un Traslape Informativo. \\"">\\n              </span>\\n            </div>"",""Tipo"":""Traslape Informativo"",""Nombre"":""Ríos Blanco y Negro"",""Capa"":""RUNAP"",""Área (M2)"":""124041494.536 m2"",""Área traslapada (%)"":""0.04%""},{""..."":""<div title=\\""La iniciativa de mitigación de GEI que pretende inscribir en la fase de Factibilidad presenta un Traslape Informativo. \\"" style=\\""display: flex; justify-content: center; align-items: center; height: 100%;\\""> \\n              <span class=\\""esri-icon-notice-triangle\\"" \\n                    style=\\""font-size: 24px; color: orange;\\"" \\n                    title=\\""La iniciativa de mitigación de GEI que pretende inscribir en la fase de Factibilidad presenta un Traslape Informativo. \\"">\\n              </span>\\n            </div>"",""Tipo"":""Traslape Informativo"",""Nombre"":""Chingaza"",""Capa"":""RUNAP"",""Área (M2)"":""772696615.165 m2"",""Área traslapada (%)"":""0%""},{""..."":""<div title=\\""La iniciativa de mitigación de GEI que pretende inscribir en la fase de Factibilidad presenta un Traslape Informativo. \\"" style=\\""display: flex; justify-content: center; align-items: center; height: 100%;\\""> \\n              <span class=\\""esri-icon-notice-triangle\\"" \\n                    style=\\""font-size: 24px; color: orange;\\"" \\n                    title=\\""La iniciativa de mitigación de GEI que pretende inscribir en la fase de Factibilidad presenta un Traslape Informativo. \\"">\\n              </span>\\n            </div>"",""Tipo"":""Traslape Informativo"",""Nombre"":""Ríos Blanco y Negro"",""Capa"":""RUNAP"",""Área (M2)"":""124041494.536 m2"",""Área traslapada (%)"":""0%""},{""..."":""<div title=\\""La iniciativa de mitigación de GEI que pretende inscribir en la fase de Factibilidad presenta un Traslape Informativo. \\"" style=\\""display: flex; justify-content: center; align-items: center; height: 100%;\\""> \\n              <span class=\\""esri-icon-notice-triangle\\"" \\n                    style=\\""font-size: 24px; color: orange;\\"" \\n                    title=\\""La iniciativa de mitigación de GEI que pretende inscribir en la fase de Factibilidad presenta un Traslape Informativo. \\"">\\n              </span>\\n            </div>"",""Tipo"":""Traslape Informativo"",""Nombre"":""Ríos Chorrera y Concepción"",""Capa"":""RUNAP"",""Área (M2)"":""44275401.25 m2"",""Área traslapada (%)"":""11.88%""},{""..."":""<div title=\\""La iniciativa de mitigación de GEI que pretende inscribir en la fase de Factibilidad presenta un Traslape Informativo. \\"" style=\\""display: flex; justify-content: center; align-items: center; height: 100%;\\""> \\n              <span class=\\""esri-icon-notice-triangle\\"" \\n                    style=\\""font-size: 24px; color: orange;\\"" \\n                    title=\\""La iniciativa de mitigación de GEI que pretende inscribir en la fase de Factibilidad presenta un Traslape Informativo. \\"">\\n              </span>\\n            </div>"",""Tipo"":""Traslape Informativo"",""Nombre"":""Chingaza"",""Capa"":""RUNAP"",""Área (M2)"":""772696615.165 m2"",""Área traslapada (%)"":""0%""},{""..."":""<div title=\\""La iniciativa de mitigación de GEI que pretende inscribir en la fase de Factibilidad presenta un Traslape Informativo. \\"" style=\\""display: flex; justify-content: center; align-items: center; height: 100%;\\""> \\n              <span class=\\""esri-icon-notice-triangle\\"" \\n                    style=\\""font-size: 24px; color: orange;\\"" \\n                    title=\\""La iniciativa de mitigación de GEI que pretende inscribir en la fase de Factibilidad presenta un Traslape Informativo. \\"">\\n              </span>\\n            </div>"",""Tipo"":""Traslape Informativo"",""Nombre"":""Bosque Oriental de Bogotá"",""Capa"":""RUNAP"",""Área (M2)"":""141162304.162 m2"",""Área traslapada (%)"":""1.23%""},{""..."":""<div title=\\""La iniciativa de mitigación de GEI que pretende inscribir en la fase de Factibilidad presenta un Traslape Informativo. \\"" style=\\""display: flex; justify-content: center; align-items: center; height: 100%;\\""> \\n              <span class=\\""esri-icon-notice-triangle\\"" \\n                    style=\\""font-size: 24px; color: orange;\\"" \\n                    title=\\""La iniciativa de mitigación de GEI que pretende inscribir en la fase de Factibilidad presenta un Traslape Informativo. \\"">\\n              </span>\\n            </div>"",""Tipo"":""Traslape Informativo"",""Nombre"":""Ríos Chorrera y Concepción"",""Capa"":""RUNAP"",""Área (M2)"":""44275401.25 m2"",""Área traslapada (%)"":""0.15%""},{""..."":""<div title=\\""La iniciativa de mitigación de GEI que pretende inscribir en la fase de Factibilidad presenta un Traslape Informativo. \\"" style=\\""display: flex; justify-content: center; align-items: center; height: 100%;\\""> \\n              <span class=\\""esri-icon-notice-triangle\\"" \\n                    style=\\""font-size: 24px; color: orange;\\"" \\n                    title=\\""La iniciativa de mitigación de GEI que pretende inscribir en la fase de Factibilidad presenta un Traslape Informativo. \\"">\\n              </span>\\n            </div>"",""Tipo"":""Traslape Informativo"",""Nombre"":""Ríos Chorrera y Concepción"",""Capa"":""RUNAP"",""Área (M2)"":""44275401.25 m2"",""Área traslapada (%)"":""0.58%""},{""..."":""<div title=\\""La iniciativa de mitigación de GEI que pretende inscribir en la fase de Factibilidad presenta un Traslape Informativo. \\"" style=\\""display: flex; justify-content: center; align-items: center; height: 100%;\\""> \\n              <span class=\\""esri-icon-notice-triangle\\"" \\n                    style=\\""font-size: 24px; color: orange;\\"" \\n                    title=\\""La iniciativa de mitigación de GEI que pretende inscribir en la fase de Factibilidad presenta un Traslape Informativo. \\"">\\n              </span>\\n            </div>"",""Tipo"":""Traslape Informativo"",""Nombre"":""Ríos Chorrera y Concepción"",""Capa"":""RUNAP"",""Área (M2)"":""44275401.25 m2"",""Área traslapada (%)"":""0.03%""},{""..."":""<div title=\\""La iniciativa de mitigación de GEI que pretende inscribir en la fase de Factibilidad presenta un Traslape Informativo. \\"" style=\\""display: flex; justify-content: center; align-items: center; height: 100%;\\""> \\n              <span class=\\""esri-icon-notice-triangle\\"" \\n                    style=\\""font-size: 24px; color: orange;\\"" \\n                    title=\\""La iniciativa de mitigación de GEI que pretende inscribir en la fase de Factibilidad presenta un Traslape Informativo. \\"">\\n              </span>\\n            </div>"",""Tipo"":""Traslape Informativo"",""Nombre"":""El Espino Corcovado"",""Capa"":""RUNAP"",""Área (M2)"":""2333564.158 m2"",""Área traslapada (%)"":""0.54%""},{""..."":""<div title=\\""La iniciativa de mitigación de GEI que pretende inscribir en la fase de Factibilidad presenta un Traslape Informativo. \\"" style=\\""display: flex; justify-content: center; align-items: center; height: 100%;\\""> \\n              <span class=\\""esri-icon-notice-triangle\\"" \\n                    style=\\""font-size: 24px; color: orange;\\"" \\n                    title=\\""La iniciativa de mitigación de GEI que pretende inscribir en la fase de Factibilidad presenta un Traslape Informativo. \\"">\\n              </span>\\n            </div>"",""Tipo"":""Traslape Informativo"",""Nombre"":""Ríos Chorrera y Concepción"",""Capa"":""RUNAP"",""Área (M2)"":""44275401.25 m2"",""Área traslapada (%)"":""0%""},{""..."":""<div title=\\""La iniciativa de mitigación de GEI que pretende inscribir en la fase de Factibilidad presenta un Traslape Informativo. \\"" style=\\""display: flex; justify-content: center; align-items: center; height: 100%;\\""> \\n              <span class=\\""esri-icon-notice-triangle\\"" \\n                    style=\\""font-size: 24px; color: orange;\\"" \\n                    title=\\""La iniciativa de mitigación de GEI que pretende inscribir en la fase de Factibilidad presenta un Traslape Informativo. \\"">\\n              </span>\\n            </div>"",""Tipo"":""Traslape Informativo"",""Nombre"":""Ríos Chorrera y Concepción"",""Capa"":""RUNAP"",""Área (M2)"":""44275401.25 m2"",""Área traslapada (%)"":""0.07%""},{""..."":""<div title=\\""La iniciativa de mitigación de GEI que pretende inscribir en la fase de Factibilidad presenta un Traslape Informativo. \\"" style=\\""display: flex; justify-content: center; align-items: center; height: 100%;\\""> \\n              <span class=\\""esri-icon-notice-triangle\\"" \\n                    style=\\""font-size: 24px; color: orange;\\"" \\n                    title=\\""La iniciativa de mitigación de GEI que pretende inscribir en la fase de Factibilidad presenta un Traslape Informativo. \\"">\\n              </span>\\n            </div>"",""Tipo"":""Traslape Informativo"",""Nombre"":""El Espino Corcovado"",""Capa"":""RUNAP"",""Área (M2)"":""2333564.158 m2"",""Área traslapada (%)"":""0.07%""},{""..."":""<div title=\\""La iniciativa de mitigación de GEI que pretende inscribir en la fase de Factibilidad presenta un Traslape Informativo. \\"" style=\\""display: flex; justify-content: center; align-items: center; height: 100%;\\""> \\n              <span class=\\""esri-icon-notice-triangle\\"" \\n                    style=\\""font-size: 24px; color: orange;\\"" \\n                    title=\\""La iniciativa de mitigación de GEI que pretende inscribir en la fase de Factibilidad presenta un Traslape Informativo. \\"">\\n              </span>\\n            </div>"",""Tipo"":""Traslape Informativo"",""Nombre"":""Ríos Chorrera y Concepción"",""Capa"":""RUNAP"",""Área (M2)"":""44275401.25 m2"",""Área traslapada (%)"":""0.04%""},{""..."":""<div title=\\""La iniciativa de mitigación de GEI que pretende inscribir en la fase de Factibilidad presenta un Traslape Informativo. \\"" style=\\""display: flex; justify-content: center; align-items: center; height: 100%;\\""> \\n              <span class=\\""esri-icon-notice-triangle\\"" \\n                    style=\\""font-size: 24px; color: orange;\\"" \\n                    title=\\""La iniciativa de mitigación de GEI que pretende inscribir en la fase de Factibilidad presenta un Traslape Informativo. \\"">\\n              </span>\\n            </div>"",""Tipo"":""Traslape Informativo"",""Nombre"":""Ríos Chorrera y Concepción"",""Capa"":""RUNAP"",""Área (M2)"":""44275401.25 m2"",""Área traslapada (%)"":""0.74%""},{""..."":""<div title=\\""La iniciativa de mitigación de GEI que pretende inscribir en la fase de Factibilidad presenta un Traslape Informativo. \\"" style=\\""display: flex; justify-content: center; align-items: center; height: 100%;\\""> \\n              <span class=\\""esri-icon-notice-triangle\\"" \\n                    style=\\""font-size: 24px; color: orange;\\"" \\n                    title=\\""La iniciativa de mitigación de GEI que pretende inscribir en la fase de Factibilidad presenta un Traslape Informativo. \\"">\\n              </span>\\n            </div>"",""Tipo"":""Traslape Informativo"",""Nombre"":""Ríos Chorrera y Concepción"",""Capa"":""RUNAP"",""Área (M2)"":""44275401.25 m2"",""Área traslapada (%)"":""0.41%""},{""..."":""<div title=\\""La iniciativa de mitigación de GEI que pretende inscribir en la fase de Factibilidad presenta un Traslape Informativo. \\"" style=\\""display: flex; justify-content: center; align-items: center; height: 100%;\\""> \\n              <span class=\\""esri-icon-notice-triangle\\"" \\n                    style=\\""font-size: 24px; color: orange;\\"" \\n                    title=\\""La iniciativa de mitigación de GEI que pretende inscribir en la fase de Factibilidad presenta un Traslape Informativo. \\"">\\n              </span>\\n            </div>"",""Tipo"":""Traslape Informativo"",""Nombre"":""Chingaza"",""Capa"":""RUNAP"",""Área (M2)"":""772696615.165 m2"",""Área traslapada (%)"":""0%""},{""..."":""<div title=\\""La iniciativa de mitigación de GEI que pretende inscribir en la fase de Factibilidad presenta un Traslape Informativo. \\"" style=\\""display: flex; justify-content: center; align-items: center; height: 100%;\\""> \\n              <span class=\\""esri-icon-notice-triangle\\"" \\n                    style=\\""font-size: 24px; color: orange;\\"" \\n                    title=\\""La iniciativa de mitigación de GEI que pretende inscribir en la fase de Factibilidad presenta un Traslape Informativo. \\"">\\n              </span>\\n            </div>"",""Tipo"":""Traslape Informativo"",""Nombre"":""Páramo Grande"",""Capa"":""RUNAP"",""Área (M2)"":""50174417.987 m2"",""Área traslapada (%)"":""0.1%""},{""..."":""<div title=\\""La iniciativa de mitigación de GEI que pretende inscribir en la fase de Factibilidad presenta un Traslape Informativo. \\"" style=\\""display: flex; justify-content: center; align-items: center; height: 100%;\\""> \\n              <span class=\\""esri-icon-notice-triangle\\"" \\n                    style=\\""font-size: 24px; color: orange;\\"" \\n                    title=\\""La iniciativa de mitigación de GEI que pretende inscribir en la fase de Factibilidad presenta un Traslape Informativo. \\"">\\n              </span>\\n            </div>"",""Tipo"":""Traslape Informativo"",""Nombre"":""El Espino Corcovado"",""Capa"":""RUNAP"",""Área (M2)"":""2333564.158 m2"",""Área traslapada (%)"":""4.24%""},{""..."":""<div title=\\""La iniciativa de mitigación de GEI que pretende inscribir en la fase de Factibilidad presenta un Traslape Informativo. \\"" style=\\""display: flex; justify-content: center; align-items: center; height: 100%;\\""> \\n              <span class=\\""esri-icon-notice-triangle\\"" \\n                    style=\\""font-size: 24px; color: orange;\\"" \\n                    title=\\""La iniciativa de mitigación de GEI que pretende inscribir en la fase de Factibilidad presenta un Traslape Informativo. \\"">\\n              </span>\\n            </div>"",""Tipo"":""Traslape Informativo"",""Nombre"":""Chingaza"",""Capa"":""RUNAP"",""Área (M2)"":""772696615.165 m2"",""Área traslapada (%)"":""0%""},{""..."":""<div title=\\""La iniciativa de mitigación de GEI que pretende inscribir en la fase de Factibilidad presenta un Traslape Informativo. \\"" style=\\""display: flex; justify-content: center; align-items: center; height: 100%;\\""> \\n              <span class=\\""esri-icon-notice-triangle\\"" \\n                    style=\\""font-size: 24px; color: orange;\\"" \\n                    title=\\""La iniciativa de mitigación de GEI que pretende inscribir en la fase de Factibilidad presenta un Traslape Informativo. \\"">\\n              </span>\\n            </div>"",""Tipo"":""Traslape Informativo"",""Nombre"":""Ríos Chorrera y Concepción"",""Capa"":""RUNAP"",""Área (M2)"":""44275401.25 m2"",""Área traslapada (%)"":""17.69%""},{""..."":""<div title=\\""La iniciativa de mitigación de GEI que pretende inscribir en la fase de Factibilidad presenta un Traslape Informativo. \\"" style=\\""display: flex; justify-content: center; align-items: center; height: 100%;\\""> \\n              <span class=\\""esri-icon-notice-triangle\\"" \\n                    style=\\""font-size: 24px; color: orange;\\"" \\n                    title=\\""La iniciativa de mitigación de GEI que pretende inscribir en la fase de Factibilidad presenta un Traslape Informativo. \\"">\\n              </span>\\n            </div>"",""Tipo"":""Traslape Informativo"",""Nombre"":""Bosque Oriental de Bogotá"",""Capa"":""RUNAP"",""Área (M2)"":""141162304.162 m2"",""Área traslapada (%)"":""0.11%""},{""..."":""<div title=\\""La iniciativa de mitigación de GEI que pretende inscribir en la fase de Factibilidad presenta un Traslape Informativo. \\"" style=\\""display: flex; justify-content: center; align-items: center; height: 100%;\\""> \\n              <span class=\\""esri-icon-notice-triangle\\"" \\n                    style=\\""font-size: 24px; color: orange;\\"" \\n                    title=\\""La iniciativa de mitigación de GEI que pretende inscribir en la fase de Factibilidad presenta un Traslape Informativo. \\"">\\n              </span>\\n            </div>"",""Tipo"":""Traslape Informativo"",""Nombre"":""Bosque Oriental de Bogotá"",""Capa"":""RUNAP"",""Área (M2)"":""141162304.162 m2"",""Área traslapada (%)"":""0%""}]', 'resultado_traslape': 'Se presenta un traslape informativo con Registro Único de Áreas protegidas - RUNAP.', 'fecha_resultado_traslape': '30/12/2025 11:50:56', 'sector_cartera': '', 'tipo_moneda_1': '', 'tasa_cambio_1': '', 'fecha_tasa_cambio_1': '', 'contribucion_propia_1': '', 'contribucion_propia_tasa_cambio_1': '', 'contribucion_externa_1': '', 'contribucion_externa_tasa_cambio_1': '', 'costo_total_1': '', 'costo_total_tasa_cambio_1': '', 't_sector_cartera_asociado_2': '', 't_costos_asociados': '', 'tipo_actividad': 46, 'nombre_tipo_actividad': 'Reducción de las emisiones debidas a la deforestación'}, {'fuente_relacionada_1': '{""value"":""Carbono orgánico en el suelo Bosques Andinos""}', 'tipo_actividad_1': 46, 'descripcion_actividad_1': 'El proyecto busca conservar los bosques y coberturas naturales de paramo que están bajo presiones de cambio de uso del suelo y restaurar áreas degradadas asociados a los complejos de páramos de Sumapaz, Chingaza, Guacheneque y Guerrero, en departamentos del Cundinamarca, Meta y Boyacá.', 'fecha_inicial_1': '19/12/2019', 'fecha_final_1': '18/12/2059', 'acciones_redd_mas_1': 'La estrategia de intervención para reducir la pérdida de coberturas naturales se basa en cuatro componentes principales: 1) Restauración y Sistemas productivos sostenibles, 2) Inversión operacional, 3) Gobernanza territorial, 4) Monitoreo y Biodiversidad.', 'depositos_carbono_1': '[{""depositos_carbono_1_1"":{""label"":""Suelos"",""value"":170,""repeat"":false}}]', 'check_co_beneficios_economicos_1': '', 'descripcion_co_beneficios_economicos_1': '', 'check_co_beneficios_sociales_1': True, 'descripcion_co_beneficios_sociales_1': 'ODS 2 Hambre Cero: fortalecer seguridad alimentaria y mejorar sistemas productivos. ODS4 Educación: mejorar acceso a educación y capacitación. ODS5 Género: promover participación mujeres', 'check_co_beneficios_ambientales_1': True, 'descripcion_co_beneficios_ambientales_1': 'ODS6 Agua Limpia y Saneamiento: aumento coberturas naturales para la regulación hídrica. ODS15 Terrestres: restauración zonas estratégicas y conservar hábitats naturales', 'check_otros_co_beneficios_1': '', 'descripcion_otros_co_beneficios_1': '', 'archivo_soporte_2_2': 'files-renare/cc,52168193/6925ca9e78306d8ed3ce75e6/documentossolicitud/05documentodescripcionactividadmitigacion30-12-2025-12-10-34.pdf', 'archivo_soporte_2_3': '', 'geovisor_calculo_traslape_1': '[{""..."":""<div title=\\""La iniciativa de mitigación de GEI que pretende inscribir en la fase de Factibilidad presenta un Traslape Informativo. \\"" style=\\""display: flex; justify-content: center; align-items: center; height: 100%;\\""> \\n              <span class=\\""esri-icon-notice-triangle\\"" \\n                    style=\\""font-size: 24px; color: orange;\\"" \\n                    title=\\""La iniciativa de mitigación de GEI que pretende inscribir en la fase de Factibilidad presenta un Traslape Informativo. \\"">\\n              </span>\\n            </div>"",""Tipo"":""Traslape Informativo"",""Nombre"":""Bosque Oriental de Bogotá"",""Capa"":""RUNAP"",""Área (M2)"":""141162304.162 m2"",""Área traslapada (%)"":""0.01%""},{""..."":""<div title=\\""La iniciativa de mitigación de GEI que pretende inscribir en la fase de Factibilidad presenta un Traslape Informativo. \\"" style=\\""display: flex; justify-content: center; align-items: center; height: 100%;\\""> \\n              <span class=\\""esri-icon-notice-triangle\\"" \\n                    style=\\""font-size: 24px; color: orange;\\"" \\n                    title=\\""La iniciativa de mitigación de GEI que pretende inscribir en la fase de Factibilidad presenta un Traslape Informativo. \\"">\\n              </span>\\n            </div>"",""Tipo"":""Traslape Informativo"",""Nombre"":""Bosque Oriental de Bogotá"",""Capa"":""RUNAP"",""Área (M2)"":""141162304.162 m2"",""Área traslapada (%)"":""0.01%""},{""..."":""<div title=\\""La iniciativa de mitigación de GEI que pretende inscribir en la fase de Factibilidad presenta un Traslape Informativo. \\"" style=\\""display: flex; justify-content: center; align-items: center; height: 100%;\\""> \\n              <span class=\\""esri-icon-notice-triangle\\"" \\n                    style=\\""font-size: 24px; color: orange;\\"" \\n                    title=\\""La iniciativa de mitigación de GEI que pretende inscribir en la fase de Factibilidad presenta un Traslape Informativo. \\"">\\n              </span>\\n            </div>"",""Tipo"":""Traslape Informativo"",""Nombre"":""Bosque Oriental de Bogotá"",""Capa"":""RUNAP"",""Área (M2)"":""141162304.162 m2"",""Área traslapada (%)"":""0%""},{""..."":""<div title=\\""La iniciativa de mitigación de GEI que pretende inscribir en la fase de Factibilidad presenta un Traslape Informativo. \\"" style=\\""display: flex; justify-content: center; align-items: center; height: 100%;\\""> \\n              <span class=\\""esri-icon-notice-triangle\\"" \\n                    style=\\""font-size: 24px; color: orange;\\"" \\n                    title=\\""La iniciativa de mitigación de GEI que pretende inscribir en la fase de Factibilidad presenta un Traslape Informativo. \\"">\\n              </span>\\n            </div>"",""Tipo"":""Traslape Informativo"",""Nombre"":""Bosque Oriental de Bogotá"",""Capa"":""RUNAP"",""Área (M2)"":""141162304.162 m2"",""Área traslapada (%)"":""0.06%""},{""..."":""<div title=\\""La iniciativa de mitigación de GEI que pretende inscribir en la fase de Factibilidad presenta un Traslape Informativo. \\"" style=\\""display: flex; justify-content: center; align-items: center; height: 100%;\\""> \\n              <span class=\\""esri-icon-notice-triangle\\"" \\n                    style=\\""font-size: 24px; color: orange;\\"" \\n                    title=\\""La iniciativa de mitigación de GEI que pretende inscribir en la fase de Factibilidad presenta un Traslape Informativo. \\"">\\n              </span>\\n            </div>"",""Tipo"":""Traslape Informativo"",""Nombre"":""Bosque Oriental de Bogotá"",""Capa"":""RUNAP"",""Área (M2)"":""141162304.162 m2"",""Área traslapada (%)"":""0.8%""},{""..."":""<div title=\\""La iniciativa de mitigación de GEI que pretende inscribir en la fase de Factibilidad presenta un Traslape Informativo. \\"" style=\\""display: flex; justify-content: center; align-items: center; height: 100%;\\""> \\n              <span class=\\""esri-icon-notice-triangle\\"" \\n                    style=\\""font-size: 24px; color: orange;\\"" \\n                    title=\\""La iniciativa de mitigación de GEI que pretende inscribir en la fase de Factibilidad presenta un Traslape Informativo. \\"">\\n              </span>\\n            </div>"",""Tipo"":""Traslape Informativo"",""Nombre"":""Bosque Oriental de Bogotá"",""Capa"":""RUNAP"",""Área (M2)"":""141162304.162 m2"",""Área traslapada (%)"":""0.1%""},{""..."":""<div title=\\""La iniciativa de mitigación de GEI que pretende inscribir en la fase de Factibilidad presenta un Traslape Informativo. \\"" style=\\""display: flex; justify-content: center; align-items: center; height: 100%;\\""> \\n              <span class=\\""esri-icon-notice-triangle\\"" \\n                    style=\\""font-size: 24px; color: orange;\\"" \\n                    title=\\""La iniciativa de mitigación de GEI que pretende inscribir en la fase de Factibilidad presenta un Traslape Informativo. \\"">\\n              </span>\\n            </div>"",""Tipo"":""Traslape Informativo"",""Nombre"":""Bosque Oriental de Bogotá"",""Capa"":""RUNAP"",""Área (M2)"":""141162304.162 m2"",""Área traslapada (%)"":""0.79%""},{""..."":""<div title=\\""La iniciativa de mitigación de GEI que pretende inscribir en la fase de Factibilidad presenta un Traslape Informativo. \\"" style=\\""display: flex; justify-content: center; align-items: center; height: 100%;\\""> \\n              <span class=\\""esri-icon-notice-triangle\\"" \\n                    style=\\""font-size: 24px; color: orange;\\"" \\n                    title=\\""La iniciativa de mitigación de GEI que pretende inscribir en la fase de Factibilidad presenta un Traslape Informativo. \\"">\\n              </span>\\n            </div>"",""Tipo"":""Traslape Informativo"",""Nombre"":""Bosque Oriental de Bogotá"",""Capa"":""RUNAP"",""Área (M2)"":""141162304.162 m2"",""Área traslapada (%)"":""0.53%""},{""..."":""<div title=\\""La iniciativa de mitigación de GEI que pretende inscribir en la fase de Factibilidad presenta un Traslape Informativo. \\"" style=\\""display: flex; justify-content: center; align-items: center; height: 100%;\\""> \\n              <span class=\\""esri-icon-notice-triangle\\"" \\n                    style=\\""font-size: 24px; color: orange;\\"" \\n                    title=\\""La iniciativa de mitigación de GEI que pretende inscribir en la fase de Factibilidad presenta un Traslape Informativo. \\"">\\n              </span>\\n            </div>"",""Tipo"":""Traslape Informativo"",""Nombre"":""Bosque Oriental de Bogotá"",""Capa"":""RUNAP"",""Área (M2)"":""141162304.162 m2"",""Área traslapada (%)"":""0%""},{""..."":""<div title=\\""La iniciativa de mitigación de GEI que pretende inscribir en la fase de Factibilidad presenta un Traslape Informativo. \\"" style=\\""display: flex; justify-content: center; align-items: center; height: 100%;\\""> \\n              <span class=\\""esri-icon-notice-triangle\\"" \\n                    style=\\""font-size: 24px; color: orange;\\"" \\n                    title=\\""La iniciativa de mitigación de GEI que pretende inscribir en la fase de Factibilidad presenta un Traslape Informativo. \\"">\\n              </span>\\n            </div>"",""Tipo"":""Traslape Informativo"",""Nombre"":""Bosque Oriental de Bogotá"",""Capa"":""RUNAP"",""Área (M2)"":""141162304.162 m2"",""Área traslapada (%)"":""0.01%""},{""..."":""<div title=\\""La iniciativa de mitigación de GEI que pretende inscribir en la fase de Factibilidad presenta un Traslape Informativo. \\"" style=\\""display: flex; justify-content: center; align-items: center; height: 100%;\\""> \\n              <span class=\\""esri-icon-notice-triangle\\"" \\n                    style=\\""font-size: 24px; color: orange;\\"" \\n                    title=\\""La iniciativa de mitigación de GEI que pretende inscribir en la fase de Factibilidad presenta un Traslape Informativo. \\"">\\n              </span>\\n            </div>"",""Tipo"":""Traslape Informativo"",""Nombre"":""Bosque Oriental de Bogotá"",""Capa"":""RUNAP"",""Área (M2)"":""141162304.162 m2"",""Área traslapada (%)"":""0.03%""},{""..."":""<div title=\\""La iniciativa de mitigación de GEI que pretende inscribir en la fase de Factibilidad presenta un Traslape Informativo. \\"" style=\\""display: flex; justify-content: center; align-items: center; height: 100%;\\""> \\n              <span class=\\""esri-icon-notice-triangle\\"" \\n                    style=\\""font-size: 24px; color: orange;\\"" \\n                    title=\\""La iniciativa de mitigación de GEI que pretende inscribir en la fase de Factibilidad presenta un Traslape Informativo. \\"">\\n              </span>\\n            </div>"",""Tipo"":""Traslape Informativo"",""Nombre"":""Bosque Oriental de Bogotá"",""Capa"":""RUNAP"",""Área (M2)"":""141162304.162 m2"",""Área traslapada (%)"":""0.03%""},{""..."":""<div title=\\""La iniciativa de mitigación de GEI que pretende inscribir en la fase de Factibilidad presenta un Traslape Informativo. \\"" style=\\""display: flex; justify-content: center; align-items: center; height: 100%;\\""> \\n              <span class=\\""esri-icon-notice-triangle\\"" \\n                    style=\\""font-size: 24px; color: orange;\\"" \\n                    title=\\""La iniciativa de mitigación de GEI que pretende inscribir en la fase de Factibilidad presenta un Traslape Informativo. \\"">\\n              </span>\\n            </div>"",""Tipo"":""Traslape Informativo"",""Nombre"":""Bosque Oriental de Bogotá"",""Capa"":""RUNAP"",""Área (M2)"":""141162304.162 m2"",""Área traslapada (%)"":""0.02%""},{""..."":""<div title=\\""La iniciativa de mitigación de GEI que pretende inscribir en la fase de Factibilidad presenta un Traslape Informativo. \\"" style=\\""display: flex; justify-content: center; align-items: center; height: 100%;\\""> \\n              <span class=\\""esri-icon-notice-triangle\\"" \\n                    style=\\""font-size: 24px; color: orange;\\"" \\n                    title=\\""La iniciativa de mitigación de GEI que pretende inscribir en la fase de Factibilidad presenta un Traslape Informativo. \\"">\\n              </span>\\n            </div>"",""Tipo"":""Traslape Informativo"",""Nombre"":""Bosque Oriental de Bogotá"",""Capa"":""RUNAP"",""Área (M2)"":""141162304.162 m2"",""Área traslapada (%)"":""0.01%""},{""..."":""<div title=\\""La iniciativa de mitigación de GEI que pretende inscribir en la fase de Factibilidad presenta un Traslape Informativo. \\"" style=\\""display: flex; justify-content: center; align-items: center; height: 100%;\\""> \\n              <span class=\\""esri-icon-notice-triangle\\"" \\n                    style=\\""font-size: 24px; color: orange;\\"" \\n                    title=\\""La iniciativa de mitigación de GEI que pretende inscribir en la fase de Factibilidad presenta un Traslape Informativo. \\"">\\n              </span>\\n            </div>"",""Tipo"":""Traslape Informativo"",""Nombre"":""Bosque Oriental de Bogotá"",""Capa"":""RUNAP"",""Área (M2)"":""141162304.162 m2"",""Área traslapada (%)"":""0.15%""},{""..."":""<div title=\\""La iniciativa de mitigación de GEI que pretende inscribir en la fase de Factibilidad presenta un Traslape Informativo. \\"" style=\\""display: flex; justify-content: center; align-items: center; height: 100%;\\""> \\n              <span class=\\""esri-icon-notice-triangle\\"" \\n                    style=\\""font-size: 24px; color: orange;\\"" \\n                    title=\\""La iniciativa de mitigación de GEI que pretende inscribir en la fase de Factibilidad presenta un Traslape Informativo. \\"">\\n              </span>\\n            </div>"",""Tipo"":""Traslape Informativo"",""Nombre"":""Bosque Oriental de Bogotá"",""Capa"":""RUNAP"",""Área (M2)"":""141162304.162 m2"",""Área traslapada (%)"":""0.27%""},{""..."":""<div title=\\""La iniciativa de mitigación de GEI que pretende inscribir en la fase de Factibilidad presenta un Traslape Informativo. \\"" style=\\""display: flex; justify-content: center; align-items: center; height: 100%;\\""> \\n              <span class=\\""esri-icon-notice-triangle\\"" \\n                    style=\\""font-size: 24px; color: orange;\\"" \\n                    title=\\""La iniciativa de mitigación de GEI que pretende inscribir en la fase de Factibilidad presenta un Traslape Informativo. \\"">\\n              </span>\\n            </div>"",""Tipo"":""Traslape Informativo"",""Nombre"":""Bosque Oriental de Bogotá"",""Capa"":""RUNAP"",""Área (M2)"":""141162304.162 m2"",""Área traslapada (%)"":""0.01%""},{""..."":""<div title=\\""La iniciativa de mitigación de GEI que pretende inscribir en la fase de Factibilidad presenta un Traslape Informativo. \\"" style=\\""display: flex; justify-content: center; align-items: center; height: 100%;\\""> \\n              <span class=\\""esri-icon-notice-triangle\\"" \\n                    style=\\""font-size: 24px; color: orange;\\"" \\n                    title=\\""La iniciativa de mitigación de GEI que pretende inscribir en la fase de Factibilidad presenta un Traslape Informativo. \\"">\\n              </span>\\n            </div>"",""Tipo"":""Traslape Informativo"",""Nombre"":""Bosque Oriental de Bogotá"",""Capa"":""RUNAP"",""Área (M2)"":""141162304.162 m2"",""Área traslapada (%)"":""0.27%""},{""..."":""<div title=\\""La iniciativa de mitigación de GEI que pretende inscribir en la fase de Factibilidad presenta un Traslape Informativo. \\"" style=\\""display: flex; justify-content: center; align-items: center; height: 100%;\\""> \\n              <span class=\\""esri-icon-notice-triangle\\"" \\n                    style=\\""font-size: 24px; color: orange;\\"" \\n                    title=\\""La iniciativa de mitigación de GEI que pretende inscribir en la fase de Factibilidad presenta un Traslape Informativo. \\"">\\n              </span>\\n            </div>"",""Tipo"":""Traslape Informativo"",""Nombre"":""Bosque Oriental de Bogotá"",""Capa"":""RUNAP"",""Área (M2)"":""141162304.162 m2"",""Área traslapada (%)"":""2.39%""},{""..."":""<div title=\\""La iniciativa de mitigación de GEI que pretende inscribir en la fase de Factibilidad presenta un Traslape Informativo. \\"" style=\\""display: flex; justify-content: center; align-items: center; height: 100%;\\""> \\n              <span class=\\""esri-icon-notice-triangle\\"" \\n                    style=\\""font-size: 24px; color: orange;\\"" \\n                    title=\\""La iniciativa de mitigación de GEI que pretende inscribir en la fase de Factibilidad presenta un Traslape Informativo. \\"">\\n              </span>\\n            </div>"",""Tipo"":""Traslape Informativo"",""Nombre"":""Bosque Oriental de Bogotá"",""Capa"":""RUNAP"",""Área (M2)"":""141162304.162 m2"",""Área traslapada (%)"":""0.14%""},{""..."":""<div title=\\""La iniciativa de mitigación de GEI que pretende inscribir en la fase de Factibilidad presenta un Traslape Informativo. \\"" style=\\""display: flex; justify-content: center; align-items: center; height: 100%;\\""> \\n              <span class=\\""esri-icon-notice-triangle\\"" \\n                    style=\\""font-size: 24px; color: orange;\\"" \\n                    title=\\""La iniciativa de mitigación de GEI que pretende inscribir en la fase de Factibilidad presenta un Traslape Informativo. \\"">\\n              </span>\\n            </div>"",""Tipo"":""Traslape Informativo"",""Nombre"":""Bosque Oriental de Bogotá"",""Capa"":""RUNAP"",""Área (M2)"":""141162304.162 m2"",""Área traslapada (%)"":""0.19%""},{""..."":""<div title=\\""La iniciativa de mitigación de GEI que pretende inscribir en la fase de Factibilidad presenta un Traslape Informativo. \\"" style=\\""display: flex; justify-content: center; align-items: center; height: 100%;\\""> \\n              <span class=\\""esri-icon-notice-triangle\\"" \\n                    style=\\""font-size: 24px; color: orange;\\"" \\n                    title=\\""La iniciativa de mitigación de GEI que pretende inscribir en la fase de Factibilidad presenta un Traslape Informativo. \\"">\\n              </span>\\n            </div>"",""Tipo"":""Traslape Informativo"",""Nombre"":""Bosque Oriental de Bogotá"",""Capa"":""RUNAP"",""Área (M2)"":""141162304.162 m2"",""Área traslapada (%)"":""0.1%""},{""..."":""<div title=\\""La iniciativa de mitigación de GEI que pretende inscribir en la fase de Factibilidad presenta un Traslape Informativo. \\"" style=\\""display: flex; justify-content: center; align-items: center; height: 100%;\\""> \\n              <span class=\\""esri-icon-notice-triangle\\"" \\n                    style=\\""font-size: 24px; color: orange;\\"" \\n                    title=\\""La iniciativa de mitigación de GEI que pretende inscribir en la fase de Factibilidad presenta un Traslape Informativo. \\"">\\n              </span>\\n            </div>"",""Tipo"":""Traslape Informativo"",""Nombre"":""Bosque Oriental de Bogotá"",""Capa"":""RUNAP"",""Área (M2)"":""141162304.162 m2"",""Área traslapada (%)"":""0.02%""},{""..."":""<div title=\\""La iniciativa de mitigación de GEI que pretende inscribir en la fase de Factibilidad presenta un Traslape Informativo. \\"" style=\\""display: flex; justify-content: center; align-items: center; height: 100%;\\""> \\n              <span class=\\""esri-icon-notice-triangle\\"" \\n                    style=\\""font-size: 24px; color: orange;\\"" \\n                    title=\\""La iniciativa de mitigación de GEI que pretende inscribir en la fase de Factibilidad presenta un Traslape Informativo. \\"">\\n              </span>\\n            </div>"",""Tipo"":""Traslape Informativo"",""Nombre"":""Bosque Oriental de Bogotá"",""Capa"":""RUNAP"",""Área (M2)"":""141162304.162 m2"",""Área traslapada (%)"":""0.65%""},{""..."":""<div title=\\""La iniciativa de mitigación de GEI que pretende inscribir en la fase de Factibilidad presenta un Traslape Informativo. \\"" style=\\""display: flex; justify-content: center; align-items: center; height: 100%;\\""> \\n              <span class=\\""esri-icon-notice-triangle\\"" \\n                    style=\\""font-size: 24px; color: orange;\\"" \\n                    title=\\""La iniciativa de mitigación de GEI que pretende inscribir en la fase de Factibilidad presenta un Traslape Informativo. \\"">\\n              </span>\\n            </div>"",""Tipo"":""Traslape Informativo"",""Nombre"":""Bosque Oriental de Bogotá"",""Capa"":""RUNAP"",""Área (M2)"":""141162304.162 m2"",""Área traslapada (%)"":""0.04%""},{""..."":""<div title=\\""La iniciativa de mitigación de GEI que pretende inscribir en la fase de Factibilidad presenta un Traslape Informativo. \\"" style=\\""display: flex; justify-content: center; align-items: center; height: 100%;\\""> \\n              <span class=\\""esri-icon-notice-triangle\\"" \\n                    style=\\""font-size: 24px; color: orange;\\"" \\n                    title=\\""La iniciativa de mitigación de GEI que pretende inscribir en la fase de Factibilidad presenta un Traslape Informativo. \\"">\\n              </span>\\n            </div>"",""Tipo"":""Traslape Informativo"",""Nombre"":""Bosque Oriental de Bogotá"",""Capa"":""RUNAP"",""Área (M2)"":""141162304.162 m2"",""Área traslapada (%)"":""0.11%""},{""..."":""<div title=\\""La iniciativa de mitigación de GEI que pretende inscribir en la fase de Factibilidad presenta un Traslape Informativo. \\"" style=\\""display: flex; justify-content: center; align-items: center; height: 100%;\\""> \\n              <span class=\\""esri-icon-notice-triangle\\"" \\n                    style=\\""font-size: 24px; color: orange;\\"" \\n                    title=\\""La iniciativa de mitigación de GEI que pretende inscribir en la fase de Factibilidad presenta un Traslape Informativo. \\"">\\n              </span>\\n            </div>"",""Tipo"":""Traslape Informativo"",""Nombre"":""Bosque Oriental de Bogotá"",""Capa"":""RUNAP"",""Área (M2)"":""141162304.162 m2"",""Área traslapada (%)"":""2.23%""},{""..."":""<div title=\\""La iniciativa de mitigación de GEI que pretende inscribir en la fase de Factibilidad presenta un Traslape Informativo. \\"" style=\\""display: flex; justify-content: center; align-items: center; height: 100%;\\""> \\n              <span class=\\""esri-icon-notice-triangle\\"" \\n                    style=\\""font-size: 24px; color: orange;\\"" \\n                    title=\\""La iniciativa de mitigación de GEI que pretende inscribir en la fase de Factibilidad presenta un Traslape Informativo. \\"">\\n              </span>\\n            </div>"",""Tipo"":""Traslape Informativo"",""Nombre"":""Bosque Oriental de Bogotá"",""Capa"":""RUNAP"",""Área (M2)"":""141162304.162 m2"",""Área traslapada (%)"":""0.03%""},{""..."":""<div title=\\""La iniciativa de mitigación de GEI que pretende inscribir en la fase de Factibilidad presenta un Traslape Informativo. \\"" style=\\""display: flex; justify-content: center; align-items: center; height: 100%;\\""> \\n              <span class=\\""esri-icon-notice-triangle\\"" \\n                    style=\\""font-size: 24px; color: orange;\\"" \\n                    title=\\""La iniciativa de mitigación de GEI que pretende inscribir en la fase de Factibilidad presenta un Traslape Informativo. \\"">\\n              </span>\\n            </div>"",""Tipo"":""Traslape Informativo"",""Nombre"":""Bosque Oriental de Bogotá"",""Capa"":""RUNAP"",""Área (M2)"":""141162304.162 m2"",""Área traslapada (%)"":""0.02%""},{""..."":""<div title=\\""La iniciativa de mitigación de GEI que pretende inscribir en la fase de Factibilidad presenta un Traslape Informativo. \\"" style=\\""display: flex; justify-content: center; align-items: center; height: 100%;\\""> \\n              <span class=\\""esri-icon-notice-triangle\\"" \\n                    style=\\""font-size: 24px; color: orange;\\"" \\n                    title=\\""La iniciativa de mitigación de GEI que pretende inscribir en la fase de Factibilidad presenta un Traslape Informativo. \\"">\\n              </span>\\n            </div>"",""Tipo"":""Traslape Informativo"",""Nombre"":""Bosque Oriental de Bogotá"",""Capa"":""RUNAP"",""Área (M2)"":""141162304.162 m2"",""Área traslapada (%)"":""2.27%""},{""..."":""<div title=\\""La iniciativa de mitigación de GEI que pretende inscribir en la fase de Factibilidad presenta un Traslape Informativo. \\"" style=\\""display: flex; justify-content: center; align-items: center; height: 100%;\\""> \\n              <span class=\\""esri-icon-notice-triangle\\"" \\n                    style=\\""font-size: 24px; color: orange;\\"" \\n                    title=\\""La iniciativa de mitigación de GEI que pretende inscribir en la fase de Factibilidad presenta un Traslape Informativo. \\"">\\n              </span>\\n            </div>"",""Tipo"":""Traslape Informativo"",""Nombre"":""Bosque Oriental de Bogotá"",""Capa"":""RUNAP"",""Área (M2)"":""141162304.162 m2"",""Área traslapada (%)"":""0.03%""},{""..."":""<div title=\\""La iniciativa de mitigación de GEI que pretende inscribir en la fase de Factibilidad presenta un Traslape Informativo. \\"" style=\\""display: flex; justify-content: center; align-items: center; height: 100%;\\""> \\n              <span class=\\""esri-icon-notice-triangle\\"" \\n                    style=\\""font-size: 24px; color: orange;\\"" \\n                    title=\\""La iniciativa de mitigación de GEI que pretende inscribir en la fase de Factibilidad presenta un Traslape Informativo. \\"">\\n              </span>\\n            </div>"",""Tipo"":""Traslape Informativo"",""Nombre"":""Bosque Oriental de Bogotá"",""Capa"":""RUNAP"",""Área (M2)"":""141162304.162 m2"",""Área traslapada (%)"":""5.18%""},{""..."":""<div title=\\""La iniciativa de mitigación de GEI que pretende inscribir en la fase de Factibilidad presenta un Traslape Informativo. \\"" style=\\""display: flex; justify-content: center; align-items: center; height: 100%;\\""> \\n              <span class=\\""esri-icon-notice-triangle\\"" \\n                    style=\\""font-size: 24px; color: orange;\\"" \\n                    title=\\""La iniciativa de mitigación de GEI que pretende inscribir en la fase de Factibilidad presenta un Traslape Informativo. \\"">\\n              </span>\\n            </div>"",""Tipo"":""Traslape Informativo"",""Nombre"":""Bosque Oriental de Bogotá"",""Capa"":""RUNAP"",""Área (M2)"":""141162304.162 m2"",""Área traslapada (%)"":""0.1%""},{""..."":""<div title=\\""La iniciativa de mitigación de GEI que pretende inscribir en la fase de Factibilidad presenta un Traslape Informativo. \\"" style=\\""display: flex; justify-content: center; align-items: center; height: 100%;\\""> \\n              <span class=\\""esri-icon-notice-triangle\\"" \\n                    style=\\""font-size: 24px; color: orange;\\"" \\n                    title=\\""La iniciativa de mitigación de GEI que pretende inscribir en la fase de Factibilidad presenta un Traslape Informativo. \\"">\\n              </span>\\n            </div>"",""Tipo"":""Traslape Informativo"",""Nombre"":""Bosque Oriental de Bogotá"",""Capa"":""RUNAP"",""Área (M2)"":""141162304.162 m2"",""Área traslapada (%)"":""2.56%""},{""..."":""<div title=\\""La iniciativa de mitigación de GEI que pretende inscribir en la fase de Factibilidad presenta un Traslape Informativo. \\"" style=\\""display: flex; justify-content: center; align-items: center; height: 100%;\\""> \\n              <span class=\\""esri-icon-notice-triangle\\"" \\n                    style=\\""font-size: 24px; color: orange;\\"" \\n                    title=\\""La iniciativa de mitigación de GEI que pretende inscribir en la fase de Factibilidad presenta un Traslape Informativo. \\"">\\n              </span>\\n            </div>"",""Tipo"":""Traslape Informativo"",""Nombre"":""Bosque Oriental de Bogotá"",""Capa"":""RUNAP"",""Área (M2)"":""141162304.162 m2"",""Área traslapada (%)"":""8.84%""},{""..."":""<div title=\\""La iniciativa de mitigación de GEI que pretende inscribir en la fase de Factibilidad presenta un Traslape Informativo. \\"" style=\\""display: flex; justify-content: center; align-items: center; height: 100%;\\""> \\n              <span class=\\""esri-icon-notice-triangle\\"" \\n                    style=\\""font-size: 24px; color: orange;\\"" \\n                    title=\\""La iniciativa de mitigación de GEI que pretende inscribir en la fase de Factibilidad presenta un Traslape Informativo. \\"">\\n              </span>\\n            </div>"",""Tipo"":""Traslape Informativo"",""Nombre"":""Bosque Oriental de Bogotá"",""Capa"":""RUNAP"",""Área (M2)"":""141162304.162 m2"",""Área traslapada (%)"":""0.39%""},{""..."":""<div title=\\""La iniciativa de mitigación de GEI que pretende inscribir en la fase de Factibilidad presenta un Traslape Informativo. \\"" style=\\""display: flex; justify-content: center; align-items: center; height: 100%;\\""> \\n              <span class=\\""esri-icon-notice-triangle\\"" \\n                    style=\\""font-size: 24px; color: orange;\\"" \\n                    title=\\""La iniciativa de mitigación de GEI que pretende inscribir en la fase de Factibilidad presenta un Traslape Informativo. \\"">\\n              </span>\\n            </div>"",""Tipo"":""Traslape Informativo"",""Nombre"":""Bosque Oriental de Bogotá"",""Capa"":""RUNAP"",""Área (M2)"":""141162304.162 m2"",""Área traslapada (%)"":""0.07%""},{""..."":""<div title=\\""La iniciativa de mitigación de GEI que pretende inscribir en la fase de Factibilidad presenta un Traslape Informativo. \\"" style=\\""display: flex; justify-content: center; align-items: center; height: 100%;\\""> \\n              <span class=\\""esri-icon-notice-triangle\\"" \\n                    style=\\""font-size: 24px; color: orange;\\"" \\n                    title=\\""La iniciativa de mitigación de GEI que pretende inscribir en la fase de Factibilidad presenta un Traslape Informativo. \\"">\\n              </span>\\n            </div>"",""Tipo"":""Traslape Informativo"",""Nombre"":""Bosque Oriental de Bogotá"",""Capa"":""RUNAP"",""Área (M2)"":""141162304.162 m2"",""Área traslapada (%)"":""1.24%""},{""..."":""<div title=\\""La iniciativa de mitigación de GEI que pretende inscribir en la fase de Factibilidad presenta un Traslape Informativo. \\"" style=\\""display: flex; justify-content: center; align-items: center; height: 100%;\\""> \\n              <span class=\\""esri-icon-notice-triangle\\"" \\n                    style=\\""font-size: 24px; color: orange;\\"" \\n                    title=\\""La iniciativa de mitigación de GEI que pretende inscribir en la fase de Factibilidad presenta un Traslape Informativo. \\"">\\n              </span>\\n            </div>"",""Tipo"":""Traslape Informativo"",""Nombre"":""Bosque Oriental de Bogotá"",""Capa"":""RUNAP"",""Área (M2)"":""141162304.162 m2"",""Área traslapada (%)"":""0%""},{""..."":""<div title=\\""La iniciativa de mitigación de GEI que pretende inscribir en la fase de Factibilidad presenta un Traslape Informativo. \\"" style=\\""display: flex; justify-content: center; align-items: center; height: 100%;\\""> \\n              <span class=\\""esri-icon-notice-triangle\\"" \\n                    style=\\""font-size: 24px; color: orange;\\"" \\n                    title=\\""La iniciativa de mitigación de GEI que pretende inscribir en la fase de Factibilidad presenta un Traslape Informativo. \\"">\\n              </span>\\n            </div>"",""Tipo"":""Traslape Informativo"",""Nombre"":""Bosque Oriental de Bogotá"",""Capa"":""RUNAP"",""Área (M2)"":""141162304.162 m2"",""Área traslapada (%)"":""0.02%""},{""..."":""<div title=\\""La iniciativa de mitigación de GEI que pretende inscribir en la fase de Factibilidad presenta un Traslape Informativo. \\"" style=\\""display: flex; justify-content: center; align-items: center; height: 100%;\\""> \\n              <span class=\\""esri-icon-notice-triangle\\"" \\n                    style=\\""font-size: 24px; color: orange;\\"" \\n                    title=\\""La iniciativa de mitigación de GEI que pretende inscribir en la fase de Factibilidad presenta un Traslape Informativo. \\"">\\n              </span>\\n            </div>"",""Tipo"":""Traslape Informativo"",""Nombre"":""Bosque Oriental de Bogotá"",""Capa"":""RUNAP"",""Área (M2)"":""141162304.162 m2"",""Área traslapada (%)"":""0%""},{""..."":""<div title=\\""La iniciativa de mitigación de GEI que pretende inscribir en la fase de Factibilidad presenta un Traslape Informativo. \\"" style=\\""display: flex; justify-content: center; align-items: center; height: 100%;\\""> \\n              <span class=\\""esri-icon-notice-triangle\\"" \\n                    style=\\""font-size: 24px; color: orange;\\"" \\n                    title=\\""La iniciativa de mitigación de GEI que pretende inscribir en la fase de Factibilidad presenta un Traslape Informativo. \\"">\\n              </span>\\n            </div>"",""Tipo"":""Traslape Informativo"",""Nombre"":""Bosque Oriental de Bogotá"",""Capa"":""RUNAP"",""Área (M2)"":""141162304.162 m2"",""Área traslapada (%)"":""0%""},{""..."":""<div title=\\""La iniciativa de mitigación de GEI que pretende inscribir en la fase de Factibilidad presenta un Traslape Informativo. \\"" style=\\""display: flex; justify-content: center; align-items: center; height: 100%;\\""> \\n              <span class=\\""esri-icon-notice-triangle\\"" \\n                    style=\\""font-size: 24px; color: orange;\\"" \\n                    title=\\""La iniciativa de mitigación de GEI que pretende inscribir en la fase de Factibilidad presenta un Traslape Informativo. \\"">\\n              </span>\\n            </div>"",""Tipo"":""Traslape Informativo"",""Nombre"":""Bosque Oriental de Bogotá"",""Capa"":""RUNAP"",""Área (M2)"":""141162304.162 m2"",""Área traslapada (%)"":""0.18%""},{""..."":""<div title=\\""La iniciativa de mitigación de GEI que pretende inscribir en la fase de Factibilidad presenta un Traslape Informativo. \\"" style=\\""display: flex; justify-content: center; align-items: center; height: 100%;\\""> \\n              <span class=\\""esri-icon-notice-triangle\\"" \\n                    style=\\""font-size: 24px; color: orange;\\"" \\n                    title=\\""La iniciativa de mitigación de GEI que pretende inscribir en la fase de Factibilidad presenta un Traslape Informativo. \\"">\\n              </span>\\n            </div>"",""Tipo"":""Traslape Informativo"",""Nombre"":""Bosque Oriental de Bogotá"",""Capa"":""RUNAP"",""Área (M2)"":""141162304.162 m2"",""Área traslapada (%)"":""0.08%""},{""..."":""<div title=\\""La iniciativa de mitigación de GEI que pretende inscribir en la fase de Factibilidad presenta un Traslape Informativo. \\"" style=\\""display: flex; justify-content: center; align-items: center; height: 100%;\\""> \\n              <span class=\\""esri-icon-notice-triangle\\"" \\n                    style=\\""font-size: 24px; color: orange;\\"" \\n                    title=\\""La iniciativa de mitigación de GEI que pretende inscribir en la fase de Factibilidad presenta un Traslape Informativo. \\"">\\n              </span>\\n            </div>"",""Tipo"":""Traslape Informativo"",""Nombre"":""Bosque Oriental de Bogotá"",""Capa"":""RUNAP"",""Área (M2)"":""141162304.162 m2"",""Área traslapada (%)"":""0.01%""},{""..."":""<div title=\\""La iniciativa de mitigación de GEI que pretende inscribir en la fase de Factibilidad presenta un Traslape Informativo. \\"" style=\\""display: flex; justify-content: center; align-items: center; height: 100%;\\""> \\n              <span class=\\""esri-icon-notice-triangle\\"" \\n                    style=\\""font-size: 24px; color: orange;\\"" \\n                    title=\\""La iniciativa de mitigación de GEI que pretende inscribir en la fase de Factibilidad presenta un Traslape Informativo. \\"">\\n              </span>\\n            </div>"",""Tipo"":""Traslape Informativo"",""Nombre"":""Bosque Oriental de Bogotá"",""Capa"":""RUNAP"",""Área (M2)"":""141162304.162 m2"",""Área traslapada (%)"":""0.01%""},{""..."":""<div title=\\""La iniciativa de mitigación de GEI que pretende inscribir en la fase de Factibilidad presenta un Traslape Informativo. \\"" style=\\""display: flex; justify-content: center; align-items: center; height: 100%;\\""> \\n              <span class=\\""esri-icon-notice-triangle\\"" \\n                    style=\\""font-size: 24px; color: orange;\\"" \\n                    title=\\""La iniciativa de mitigación de GEI que pretende inscribir en la fase de Factibilidad presenta un Traslape Informativo. \\"">\\n              </span>\\n            </div>"",""Tipo"":""Traslape Informativo"",""Nombre"":""Bosque Oriental de Bogotá"",""Capa"":""RUNAP"",""Área (M2)"":""141162304.162 m2"",""Área traslapada (%)"":""0%""},{""..."":""<div title=\\""La iniciativa de mitigación de GEI que pretende inscribir en la fase de Factibilidad presenta un Traslape Informativo. \\"" style=\\""display: flex; justify-content: center; align-items: center; height: 100%;\\""> \\n              <span class=\\""esri-icon-notice-triangle\\"" \\n                    style=\\""font-size: 24px; color: orange;\\"" \\n                    title=\\""La iniciativa de mitigación de GEI que pretende inscribir en la fase de Factibilidad presenta un Traslape Informativo. \\"">\\n              </span>\\n            </div>"",""Tipo"":""Traslape Informativo"",""Nombre"":""Bosque Oriental de Bogotá"",""Capa"":""RUNAP"",""Área (M2)"":""141162304.162 m2"",""Área traslapada (%)"":""0%""},{""..."":""<div title=\\""La iniciativa de mitigación de GEI que pretende inscribir en la fase de Factibilidad presenta un Traslape Informativo. \\"" style=\\""display: flex; justify-content: center; align-items: center; height: 100%;\\""> \\n              <span class=\\""esri-icon-notice-triangle\\"" \\n                    style=\\""font-size: 24px; color: orange;\\"" \\n                    title=\\""La iniciativa de mitigación de GEI que pretende inscribir en la fase de Factibilidad presenta un Traslape Informativo. \\"">\\n              </span>\\n            </div>"",""Tipo"":""Traslape Informativo"",""Nombre"":""Bosque Oriental de Bogotá"",""Capa"":""RUNAP"",""Área (M2)"":""141162304.162 m2"",""Área traslapada (%)"":""0%""},{""..."":""<div title=\\""La iniciativa de mitigación de GEI que pretende inscribir en la fase de Factibilidad presenta un Traslape Informativo. \\"" style=\\""display: flex; justify-content: center; align-items: center; height: 100%;\\""> \\n              <span class=\\""esri-icon-notice-triangle\\"" \\n                    style=\\""font-size: 24px; color: orange;\\"" \\n                    title=\\""La iniciativa de mitigación de GEI que pretende inscribir en la fase de Factibilidad presenta un Traslape Informativo. \\"">\\n              </span>\\n            </div>"",""Tipo"":""Traslape Informativo"",""Nombre"":""Bosque Oriental de Bogotá"",""Capa"":""RUNAP"",""Área (M2)"":""141162304.162 m2"",""Área traslapada (%)"":""0%""},{""..."":""<div title=\\""La iniciativa de mitigación de GEI que pretende inscribir en la fase de Factibilidad presenta un Traslape Informativo. \\"" style=\\""display: flex; justify-content: center; align-items: center; height: 100%;\\""> \\n              <span class=\\""esri-icon-notice-triangle\\"" \\n                    style=\\""font-size: 24px; color: orange;\\"" \\n                    title=\\""La iniciativa de mitigación de GEI que pretende inscribir en la fase de Factibilidad presenta un Traslape Informativo. \\"">\\n              </span>\\n            </div>"",""Tipo"":""Traslape Informativo"",""Nombre"":""Bosque Oriental de Bogotá"",""Capa"":""RUNAP"",""Área (M2)"":""141162304.162 m2"",""Área traslapada (%)"":""0%""},{""..."":""<div title=\\""La iniciativa de mitigación de GEI que pretende inscribir en la fase de Factibilidad presenta un Traslape Informativo. \\"" style=\\""display: flex; justify-content: center; align-items: center; height: 100%;\\""> \\n              <span class=\\""esri-icon-notice-triangle\\"" \\n                    style=\\""font-size: 24px; color: orange;\\"" \\n                    title=\\""La iniciativa de mitigación de GEI que pretende inscribir en la fase de Factibilidad presenta un Traslape Informativo. \\"">\\n              </span>\\n            </div>"",""Tipo"":""Traslape Informativo"",""Nombre"":""Bosque Oriental de Bogotá"",""Capa"":""RUNAP"",""Área (M2)"":""141162304.162 m2"",""Área traslapada (%)"":""0%""},{""..."":""<div title=\\""La iniciativa de mitigación de GEI que pretende inscribir en la fase de Factibilidad presenta un Traslape Informativo. \\"" style=\\""display: flex; justify-content: center; align-items: center; height: 100%;\\""> \\n              <span class=\\""esri-icon-notice-triangle\\"" \\n                    style=\\""font-size: 24px; color: orange;\\"" \\n                    title=\\""La iniciativa de mitigación de GEI que pretende inscribir en la fase de Factibilidad presenta un Traslape Informativo. \\"">\\n              </span>\\n            </div>"",""Tipo"":""Traslape Informativo"",""Nombre"":""Bosque Oriental de Bogotá"",""Capa"":""RUNAP"",""Área (M2)"":""141162304.162 m2"",""Área traslapada (%)"":""0%""},{""..."":""<div title=\\""La iniciativa de mitigación de GEI que pretende inscribir en la fase de Factibilidad presenta un Traslape Informativo. \\"" style=\\""display: flex; justify-content: center; align-items: center; height: 100%;\\""> \\n              <span class=\\""esri-icon-notice-triangle\\"" \\n                    style=\\""font-size: 24px; color: orange;\\"" \\n                    title=\\""La iniciativa de mitigación de GEI que pretende inscribir en la fase de Factibilidad presenta un Traslape Informativo. \\"">\\n              </span>\\n            </div>"",""Tipo"":""Traslape Informativo"",""Nombre"":""Bosque Oriental de Bogotá"",""Capa"":""RUNAP"",""Área (M2)"":""141162304.162 m2"",""Área traslapada (%)"":""0.02%""},{""..."":""<div title=\\""La iniciativa de mitigación de GEI que pretende inscribir en la fase de Factibilidad presenta un Traslape Informativo. \\"" style=\\""display: flex; justify-content: center; align-items: center; height: 100%;\\""> \\n              <span class=\\""esri-icon-notice-triangle\\"" \\n                    style=\\""font-size: 24px; color: orange;\\"" \\n                    title=\\""La iniciativa de mitigación de GEI que pretende inscribir en la fase de Factibilidad presenta un Traslape Informativo. \\"">\\n              </span>\\n            </div>"",""Tipo"":""Traslape Informativo"",""Nombre"":""Bosque Oriental de Bogotá"",""Capa"":""RUNAP"",""Área (M2)"":""141162304.162 m2"",""Área traslapada (%)"":""0.07%""},{""..."":""<div title=\\""La iniciativa de mitigación de GEI que pretende inscribir en la fase de Factibilidad presenta un Traslape Informativo. \\"" style=\\""display: flex; justify-content: center; align-items: center; height: 100%;\\""> \\n              <span class=\\""esri-icon-notice-triangle\\"" \\n                    style=\\""font-size: 24px; color: orange;\\"" \\n                    title=\\""La iniciativa de mitigación de GEI que pretende inscribir en la fase de Factibilidad presenta un Traslape Informativo. \\"">\\n              </span>\\n            </div>"",""Tipo"":""Traslape Informativo"",""Nombre"":""Bosque Oriental de Bogotá"",""Capa"":""RUNAP"",""Área (M2)"":""141162304.162 m2"",""Área traslapada (%)"":""0%""},{""..."":""<div title=\\""La iniciativa de mitigación de GEI que pretende inscribir en la fase de Factibilidad presenta un Traslape Informativo. \\"" style=\\""display: flex; justify-content: center; align-items: center; height: 100%;\\""> \\n              <span class=\\""esri-icon-notice-triangle\\"" \\n                    style=\\""font-size: 24px; color: orange;\\"" \\n                    title=\\""La iniciativa de mitigación de GEI que pretende inscribir en la fase de Factibilidad presenta un Traslape Informativo. \\"">\\n              </span>\\n            </div>"",""Tipo"":""Traslape Informativo"",""Nombre"":""Chingaza"",""Capa"":""RUNAP"",""Área (M2)"":""772696615.165 m2"",""Área traslapada (%)"":""0%""},{""..."":""<div title=\\""La iniciativa de mitigación de GEI que pretende inscribir en la fase de Factibilidad presenta un Traslape Informativo. \\"" style=\\""display: flex; justify-content: center; align-items: center; height: 100%;\\""> \\n              <span class=\\""esri-icon-notice-triangle\\"" \\n                    style=\\""font-size: 24px; color: orange;\\"" \\n                    title=\\""La iniciativa de mitigación de GEI que pretende inscribir en la fase de Factibilidad presenta un Traslape Informativo. \\"">\\n              </span>\\n            </div>"",""Tipo"":""Traslape Informativo"",""Nombre"":""Sumapaz"",""Capa"":""RUNAP"",""Área (M2)"":""2109924723.659 m2"",""Área traslapada (%)"":""0%""},{""..."":""<div title=\\""La iniciativa de mitigación de GEI que pretende inscribir en la fase de Factibilidad presenta un Traslape Informativo. \\"" style=\\""display: flex; justify-content: center; align-items: center; height: 100%;\\""> \\n              <span class=\\""esri-icon-notice-triangle\\"" \\n                    style=\\""font-size: 24px; color: orange;\\"" \\n                    title=\\""La iniciativa de mitigación de GEI que pretende inscribir en la fase de Factibilidad presenta un Traslape Informativo. \\"">\\n              </span>\\n            </div>"",""Tipo"":""Traslape Informativo"",""Nombre"":""Bosque Oriental de Bogotá"",""Capa"":""RUNAP"",""Área (M2)"":""141162304.162 m2"",""Área traslapada (%)"":""0.04%""},{""..."":""<div title=\\""La iniciativa de mitigación de GEI que pretende inscribir en la fase de Factibilidad presenta un Traslape Informativo. \\"" style=\\""display: flex; justify-content: center; align-items: center; height: 100%;\\""> \\n              <span class=\\""esri-icon-notice-triangle\\"" \\n                    style=\\""font-size: 24px; color: orange;\\"" \\n                    title=\\""La iniciativa de mitigación de GEI que pretende inscribir en la fase de Factibilidad presenta un Traslape Informativo. \\"">\\n              </span>\\n            </div>"",""Tipo"":""Traslape Informativo"",""Nombre"":""Chingaza"",""Capa"":""RUNAP"",""Área (M2)"":""772696615.165 m2"",""Área traslapada (%)"":""0%""},{""..."":""<div title=\\""La iniciativa de mitigación de GEI que pretende inscribir en la fase de Factibilidad presenta un Traslape Informativo. \\"" style=\\""display: flex; justify-content: center; align-items: center; height: 100%;\\""> \\n              <span class=\\""esri-icon-notice-triangle\\"" \\n                    style=\\""font-size: 24px; color: orange;\\"" \\n                    title=\\""La iniciativa de mitigación de GEI que pretende inscribir en la fase de Factibilidad presenta un Traslape Informativo. \\"">\\n              </span>\\n            </div>"",""Tipo"":""Traslape Informativo"",""Nombre"":""Ríos Blanco y Negro"",""Capa"":""RUNAP"",""Área (M2)"":""124041494.536 m2"",""Área traslapada (%)"":""2.14%""},{""..."":""<div title=\\""La iniciativa de mitigación de GEI que pretende inscribir en la fase de Factibilidad presenta un Traslape Informativo. \\"" style=\\""display: flex; justify-content: center; align-items: center; height: 100%;\\""> \\n              <span class=\\""esri-icon-notice-triangle\\"" \\n                    style=\\""font-size: 24px; color: orange;\\"" \\n                    title=\\""La iniciativa de mitigación de GEI que pretende inscribir en la fase de Factibilidad presenta un Traslape Informativo. \\"">\\n              </span>\\n            </div>"",""Tipo"":""Traslape Informativo"",""Nombre"":""Chingaza"",""Capa"":""RUNAP"",""Área (M2)"":""772696615.165 m2"",""Área traslapada (%)"":""0%""},{""..."":""<div title=\\""La iniciativa de mitigación de GEI que pretende inscribir en la fase de Factibilidad presenta un Traslape Informativo. \\"" style=\\""display: flex; justify-content: center; align-items: center; height: 100%;\\""> \\n              <span class=\\""esri-icon-notice-triangle\\"" \\n                    style=\\""font-size: 24px; color: orange;\\"" \\n                    title=\\""La iniciativa de mitigación de GEI que pretende inscribir en la fase de Factibilidad presenta un Traslape Informativo. \\"">\\n              </span>\\n            </div>"",""Tipo"":""Traslape Informativo"",""Nombre"":""Ríos Blanco y Negro"",""Capa"":""RUNAP"",""Área (M2)"":""124041494.536 m2"",""Área traslapada (%)"":""0.01%""},{""..."":""<div title=\\""La iniciativa de mitigación de GEI que pretende inscribir en la fase de Factibilidad presenta un Traslape Informativo. \\"" style=\\""display: flex; justify-content: center; align-items: center; height: 100%;\\""> \\n              <span class=\\""esri-icon-notice-triangle\\"" \\n                    style=\\""font-size: 24px; color: orange;\\"" \\n                    title=\\""La iniciativa de mitigación de GEI que pretende inscribir en la fase de Factibilidad presenta un Traslape Informativo. \\"">\\n              </span>\\n            </div>"",""Tipo"":""Traslape Informativo"",""Nombre"":""Bosque Oriental de Bogotá"",""Capa"":""RUNAP"",""Área (M2)"":""141162304.162 m2"",""Área traslapada (%)"":""0.13%""},{""..."":""<div title=\\""La iniciativa de mitigación de GEI que pretende inscribir en la fase de Factibilidad presenta un Traslape Informativo. \\"" style=\\""display: flex; justify-content: center; align-items: center; height: 100%;\\""> \\n              <span class=\\""esri-icon-notice-triangle\\"" \\n                    style=\\""font-size: 24px; color: orange;\\"" \\n                    title=\\""La iniciativa de mitigación de GEI que pretende inscribir en la fase de Factibilidad presenta un Traslape Informativo. \\"">\\n              </span>\\n            </div>"",""Tipo"":""Traslape Informativo"",""Nombre"":""Ríos Blanco y Negro"",""Capa"":""RUNAP"",""Área (M2)"":""124041494.536 m2"",""Área traslapada (%)"":""0.94%""},{""..."":""<div title=\\""La iniciativa de mitigación de GEI que pretende inscribir en la fase de Factibilidad presenta un Traslape Informativo. \\"" style=\\""display: flex; justify-content: center; align-items: center; height: 100%;\\""> \\n              <span class=\\""esri-icon-notice-triangle\\"" \\n                    style=\\""font-size: 24px; color: orange;\\"" \\n                    title=\\""La iniciativa de mitigación de GEI que pretende inscribir en la fase de Factibilidad presenta un Traslape Informativo. \\"">\\n              </span>\\n            </div>"",""Tipo"":""Traslape Informativo"",""Nombre"":""Chingaza"",""Capa"":""RUNAP"",""Área (M2)"":""772696615.165 m2"",""Área traslapada (%)"":""0%""},{""..."":""<div title=\\""La iniciativa de mitigación de GEI que pretende inscribir en la fase de Factibilidad presenta un Traslape Informativo. \\"" style=\\""display: flex; justify-content: center; align-items: center; height: 100%;\\""> \\n              <span class=\\""esri-icon-notice-triangle\\"" \\n                    style=\\""font-size: 24px; color: orange;\\"" \\n                    title=\\""La iniciativa de mitigación de GEI que pretende inscribir en la fase de Factibilidad presenta un Traslape Informativo. \\"">\\n              </span>\\n            </div>"",""Tipo"":""Traslape Informativo"",""Nombre"":""Ríos Blanco y Negro"",""Capa"":""RUNAP"",""Área (M2)"":""124041494.536 m2"",""Área traslapada (%)"":""2.93%""},{""..."":""<div title=\\""La iniciativa de mitigación de GEI que pretende inscribir en la fase de Factibilidad presenta un Traslape Informativo. \\"" style=\\""display: flex; justify-content: center; align-items: center; height: 100%;\\""> \\n              <span class=\\""esri-icon-notice-triangle\\"" \\n                    style=\\""font-size: 24px; color: orange;\\"" \\n                    title=\\""La iniciativa de mitigación de GEI que pretende inscribir en la fase de Factibilidad presenta un Traslape Informativo. \\"">\\n              </span>\\n            </div>"",""Tipo"":""Traslape Informativo"",""Nombre"":""Bosque Oriental de Bogotá"",""Capa"":""RUNAP"",""Área (M2)"":""141162304.162 m2"",""Área traslapada (%)"":""0%""},{""..."":""<div title=\\""La iniciativa de mitigación de GEI que pretende inscribir en la fase de Factibilidad presenta un Traslape Informativo. \\"" style=\\""display: flex; justify-content: center; align-items: center; height: 100%;\\""> \\n              <span class=\\""esri-icon-notice-triangle\\"" \\n                    style=\\""font-size: 24px; color: orange;\\"" \\n                    title=\\""La iniciativa de mitigación de GEI que pretende inscribir en la fase de Factibilidad presenta un Traslape Informativo. \\"">\\n              </span>\\n            </div>"",""Tipo"":""Traslape Informativo"",""Nombre"":""Chingaza"",""Capa"":""RUNAP"",""Área (M2)"":""772696615.165 m2"",""Área traslapada (%)"":""0%""},{""..."":""<div title=\\""La iniciativa de mitigación de GEI que pretende inscribir en la fase de Factibilidad presenta un Traslape Informativo. \\"" style=\\""display: flex; justify-content: center; align-items: center; height: 100%;\\""> \\n              <span class=\\""esri-icon-notice-triangle\\"" \\n                    style=\\""font-size: 24px; color: orange;\\"" \\n                    title=\\""La iniciativa de mitigación de GEI que pretende inscribir en la fase de Factibilidad presenta un Traslape Informativo. \\"">\\n              </span>\\n            </div>"",""Tipo"":""Traslape Informativo"",""Nombre"":""Ríos Blanco y Negro"",""Capa"":""RUNAP"",""Área (M2)"":""124041494.536 m2"",""Área traslapada (%)"":""1.02%""},{""..."":""<div title=\\""La iniciativa de mitigación de GEI que pretende inscribir en la fase de Factibilidad presenta un Traslape Informativo. \\"" style=\\""display: flex; justify-content: center; align-items: center; height: 100%;\\""> \\n              <span class=\\""esri-icon-notice-triangle\\"" \\n                    style=\\""font-size: 24px; color: orange;\\"" \\n                    title=\\""La iniciativa de mitigación de GEI que pretende inscribir en la fase de Factibilidad presenta un Traslape Informativo. \\"">\\n              </span>\\n            </div>"",""Tipo"":""Traslape Informativo"",""Nombre"":""Chingaza"",""Capa"":""RUNAP"",""Área (M2)"":""772696615.165 m2"",""Área traslapada (%)"":""0%""},{""..."":""<div title=\\""La iniciativa de mitigación de GEI que pretende inscribir en la fase de Factibilidad presenta un Traslape Informativo. \\"" style=\\""display: flex; justify-content: center; align-items: center; height: 100%;\\""> \\n              <span class=\\""esri-icon-notice-triangle\\"" \\n                    style=\\""font-size: 24px; color: orange;\\"" \\n                    title=\\""La iniciativa de mitigación de GEI que pretende inscribir en la fase de Factibilidad presenta un Traslape Informativo. \\"">\\n              </span>\\n            </div>"",""Tipo"":""Traslape Informativo"",""Nombre"":""Ríos Blanco y Negro"",""Capa"":""RUNAP"",""Área (M2)"":""124041494.536 m2"",""Área traslapada (%)"":""0%""},{""..."":""<div title=\\""La iniciativa de mitigación de GEI que pretende inscribir en la fase de Factibilidad presenta un Traslape Informativo. \\"" style=\\""display: flex; justify-content: center; align-items: center; height: 100%;\\""> \\n              <span class=\\""esri-icon-notice-triangle\\"" \\n                    style=\\""font-size: 24px; color: orange;\\"" \\n                    title=\\""La iniciativa de mitigación de GEI que pretende inscribir en la fase de Factibilidad presenta un Traslape Informativo. \\"">\\n              </span>\\n            </div>"",""Tipo"":""Traslape Informativo"",""Nombre"":""Chingaza"",""Capa"":""RUNAP"",""Área (M2)"":""772696615.165 m2"",""Área traslapada (%)"":""0%""},{""..."":""<div title=\\""La iniciativa de mitigación de GEI que pretende inscribir en la fase de Factibilidad presenta un Traslape Informativo. \\"" style=\\""display: flex; justify-content: center; align-items: center; height: 100%;\\""> \\n              <span class=\\""esri-icon-notice-triangle\\"" \\n                    style=\\""font-size: 24px; color: orange;\\"" \\n                    title=\\""La iniciativa de mitigación de GEI que pretende inscribir en la fase de Factibilidad presenta un Traslape Informativo. \\"">\\n              </span>\\n            </div>"",""Tipo"":""Traslape Informativo"",""Nombre"":""Ríos Blanco y Negro"",""Capa"":""RUNAP"",""Área (M2)"":""124041494.536 m2"",""Área traslapada (%)"":""0%""},{""..."":""<div title=\\""La iniciativa de mitigación de GEI que pretende inscribir en la fase de Factibilidad presenta un Traslape Informativo. \\"" style=\\""display: flex; justify-content: center; align-items: center; height: 100%;\\""> \\n              <span class=\\""esri-icon-notice-triangle\\"" \\n                    style=\\""font-size: 24px; color: orange;\\"" \\n                    title=\\""La iniciativa de mitigación de GEI que pretende inscribir en la fase de Factibilidad presenta un Traslape Informativo. \\"">\\n              </span>\\n            </div>"",""Tipo"":""Traslape Informativo"",""Nombre"":""Chingaza"",""Capa"":""RUNAP"",""Área (M2)"":""772696615.165 m2"",""Área traslapada (%)"":""0%""},{""..."":""<div title=\\""La iniciativa de mitigación de GEI que pretende inscribir en la fase de Factibilidad presenta un Traslape Informativo. \\"" style=\\""display: flex; justify-content: center; align-items: center; height: 100%;\\""> \\n              <span class=\\""esri-icon-notice-triangle\\"" \\n                    style=\\""font-size: 24px; color: orange;\\"" \\n                    title=\\""La iniciativa de mitigación de GEI que pretende inscribir en la fase de Factibilidad presenta un Traslape Informativo. \\"">\\n              </span>\\n            </div>"",""Tipo"":""Traslape Informativo"",""Nombre"":""Ríos Blanco y Negro"",""Capa"":""RUNAP"",""Área (M2)"":""124041494.536 m2"",""Área traslapada (%)"":""0%""},{""..."":""<div title=\\""La iniciativa de mitigación de GEI que pretende inscribir en la fase de Factibilidad presenta un Traslape Informativo. \\"" style=\\""display: flex; justify-content: center; align-items: center; height: 100%;\\""> \\n              <span class=\\""esri-icon-notice-triangle\\"" \\n                    style=\\""font-size: 24px; color: orange;\\"" \\n                    title=\\""La iniciativa de mitigación de GEI que pretende inscribir en la fase de Factibilidad presenta un Traslape Informativo. \\"">\\n              </span>\\n            </div>"",""Tipo"":""Traslape Informativo"",""Nombre"":""Chingaza"",""Capa"":""RUNAP"",""Área (M2)"":""772696615.165 m2"",""Área traslapada (%)"":""0%""},{""..."":""<div title=\\""La iniciativa de mitigación de GEI que pretende inscribir en la fase de Factibilidad presenta un Traslape Informativo. \\"" style=\\""display: flex; justify-content: center; align-items: center; height: 100%;\\""> \\n              <span class=\\""esri-icon-notice-triangle\\"" \\n                    style=\\""font-size: 24px; color: orange;\\"" \\n                    title=\\""La iniciativa de mitigación de GEI que pretende inscribir en la fase de Factibilidad presenta un Traslape Informativo. \\"">\\n              </span>\\n            </div>"",""Tipo"":""Traslape Informativo"",""Nombre"":""Ríos Blanco y Negro"",""Capa"":""RUNAP"",""Área (M2)"":""124041494.536 m2"",""Área traslapada (%)"":""0.05%""},{""..."":""<div title=\\""La iniciativa de mitigación de GEI que pretende inscribir en la fase de Factibilidad presenta un Traslape Informativo. \\"" style=\\""display: flex; justify-content: center; align-items: center; height: 100%;\\""> \\n              <span class=\\""esri-icon-notice-triangle\\"" \\n                    style=\\""font-size: 24px; color: orange;\\"" \\n                    title=\\""La iniciativa de mitigación de GEI que pretende inscribir en la fase de Factibilidad presenta un Traslape Informativo. \\"">\\n              </span>\\n            </div>"",""Tipo"":""Traslape Informativo"",""Nombre"":""Chingaza"",""Capa"":""RUNAP"",""Área (M2)"":""772696615.165 m2"",""Área traslapada (%)"":""0%""},{""..."":""<div title=\\""La iniciativa de mitigación de GEI que pretende inscribir en la fase de Factibilidad presenta un Traslape Informativo. \\"" style=\\""display: flex; justify-content: center; align-items: center; height: 100%;\\""> \\n              <span class=\\""esri-icon-notice-triangle\\"" \\n                    style=\\""font-size: 24px; color: orange;\\"" \\n                    title=\\""La iniciativa de mitigación de GEI que pretende inscribir en la fase de Factibilidad presenta un Traslape Informativo. \\"">\\n              </span>\\n            </div>"",""Tipo"":""Traslape Informativo"",""Nombre"":""Ríos Blanco y Negro"",""Capa"":""RUNAP"",""Área (M2)"":""124041494.536 m2"",""Área traslapada (%)"":""3.09%""},{""..."":""<div title=\\""La iniciativa de mitigación de GEI que pretende inscribir en la fase de Factibilidad presenta un Traslape Informativo. \\"" style=\\""display: flex; justify-content: center; align-items: center; height: 100%;\\""> \\n              <span class=\\""esri-icon-notice-triangle\\"" \\n                    style=\\""font-size: 24px; color: orange;\\"" \\n                    title=\\""La iniciativa de mitigación de GEI que pretende inscribir en la fase de Factibilidad presenta un Traslape Informativo. \\"">\\n              </span>\\n            </div>"",""Tipo"":""Traslape Informativo"",""Nombre"":""Ríos Blanco y Negro"",""Capa"":""RUNAP"",""Área (M2)"":""124041494.536 m2"",""Área traslapada (%)"":""0.04%""},{""..."":""<div title=\\""La iniciativa de mitigación de GEI que pretende inscribir en la fase de Factibilidad presenta un Traslape Informativo. \\"" style=\\""display: flex; justify-content: center; align-items: center; height: 100%;\\""> \\n              <span class=\\""esri-icon-notice-triangle\\"" \\n                    style=\\""font-size: 24px; color: orange;\\"" \\n                    title=\\""La iniciativa de mitigación de GEI que pretende inscribir en la fase de Factibilidad presenta un Traslape Informativo. \\"">\\n              </span>\\n            </div>"",""Tipo"":""Traslape Informativo"",""Nombre"":""Chingaza"",""Capa"":""RUNAP"",""Área (M2)"":""772696615.165 m2"",""Área traslapada (%)"":""0%""},{""..."":""<div title=\\""La iniciativa de mitigación de GEI que pretende inscribir en la fase de Factibilidad presenta un Traslape Informativo. \\"" style=\\""display: flex; justify-content: center; align-items: center; height: 100%;\\""> \\n              <span class=\\""esri-icon-notice-triangle\\"" \\n                    style=\\""font-size: 24px; color: orange;\\"" \\n                    title=\\""La iniciativa de mitigación de GEI que pretende inscribir en la fase de Factibilidad presenta un Traslape Informativo. \\"">\\n              </span>\\n            </div>"",""Tipo"":""Traslape Informativo"",""Nombre"":""Ríos Blanco y Negro"",""Capa"":""RUNAP"",""Área (M2)"":""124041494.536 m2"",""Área traslapada (%)"":""0%""},{""..."":""<div title=\\""La iniciativa de mitigación de GEI que pretende inscribir en la fase de Factibilidad presenta un Traslape Informativo. \\"" style=\\""display: flex; justify-content: center; align-items: center; height: 100%;\\""> \\n              <span class=\\""esri-icon-notice-triangle\\"" \\n                    style=\\""font-size: 24px; color: orange;\\"" \\n                    title=\\""La iniciativa de mitigación de GEI que pretende inscribir en la fase de Factibilidad presenta un Traslape Informativo. \\"">\\n              </span>\\n            </div>"",""Tipo"":""Traslape Informativo"",""Nombre"":""Ríos Chorrera y Concepción"",""Capa"":""RUNAP"",""Área (M2)"":""44275401.25 m2"",""Área traslapada (%)"":""11.88%""},{""..."":""<div title=\\""La iniciativa de mitigación de GEI que pretende inscribir en la fase de Factibilidad presenta un Traslape Informativo. \\"" style=\\""display: flex; justify-content: center; align-items: center; height: 100%;\\""> \\n              <span class=\\""esri-icon-notice-triangle\\"" \\n                    style=\\""font-size: 24px; color: orange;\\"" \\n                    title=\\""La iniciativa de mitigación de GEI que pretende inscribir en la fase de Factibilidad presenta un Traslape Informativo. \\"">\\n              </span>\\n            </div>"",""Tipo"":""Traslape Informativo"",""Nombre"":""Chingaza"",""Capa"":""RUNAP"",""Área (M2)"":""772696615.165 m2"",""Área traslapada (%)"":""0%""},{""..."":""<div title=\\""La iniciativa de mitigación de GEI que pretende inscribir en la fase de Factibilidad presenta un Traslape Informativo. \\"" style=\\""display: flex; justify-content: center; align-items: center; height: 100%;\\""> \\n              <span class=\\""esri-icon-notice-triangle\\"" \\n                    style=\\""font-size: 24px; color: orange;\\"" \\n                    title=\\""La iniciativa de mitigación de GEI que pretende inscribir en la fase de Factibilidad presenta un Traslape Informativo. \\"">\\n              </span>\\n            </div>"",""Tipo"":""Traslape Informativo"",""Nombre"":""Bosque Oriental de Bogotá"",""Capa"":""RUNAP"",""Área (M2)"":""141162304.162 m2"",""Área traslapada (%)"":""1.23%""},{""..."":""<div title=\\""La iniciativa de mitigación de GEI que pretende inscribir en la fase de Factibilidad presenta un Traslape Informativo. \\"" style=\\""display: flex; justify-content: center; align-items: center; height: 100%;\\""> \\n              <span class=\\""esri-icon-notice-triangle\\"" \\n                    style=\\""font-size: 24px; color: orange;\\"" \\n                    title=\\""La iniciativa de mitigación de GEI que pretende inscribir en la fase de Factibilidad presenta un Traslape Informativo. \\"">\\n              </span>\\n            </div>"",""Tipo"":""Traslape Informativo"",""Nombre"":""Ríos Chorrera y Concepción"",""Capa"":""RUNAP"",""Área (M2)"":""44275401.25 m2"",""Área traslapada (%)"":""0.15%""},{""..."":""<div title=\\""La iniciativa de mitigación de GEI que pretende inscribir en la fase de Factibilidad presenta un Traslape Informativo. \\"" style=\\""display: flex; justify-content: center; align-items: center; height: 100%;\\""> \\n              <span class=\\""esri-icon-notice-triangle\\"" \\n                    style=\\""font-size: 24px; color: orange;\\"" \\n                    title=\\""La iniciativa de mitigación de GEI que pretende inscribir en la fase de Factibilidad presenta un Traslape Informativo. \\"">\\n              </span>\\n            </div>"",""Tipo"":""Traslape Informativo"",""Nombre"":""Ríos Chorrera y Concepción"",""Capa"":""RUNAP"",""Área (M2)"":""44275401.25 m2"",""Área traslapada (%)"":""0.58%""},{""..."":""<div title=\\""La iniciativa de mitigación de GEI que pretende inscribir en la fase de Factibilidad presenta un Traslape Informativo. \\"" style=\\""display: flex; justify-content: center; align-items: center; height: 100%;\\""> \\n              <span class=\\""esri-icon-notice-triangle\\"" \\n                    style=\\""font-size: 24px; color: orange;\\"" \\n                    title=\\""La iniciativa de mitigación de GEI que pretende inscribir en la fase de Factibilidad presenta un Traslape Informativo. \\"">\\n              </span>\\n            </div>"",""Tipo"":""Traslape Informativo"",""Nombre"":""Ríos Chorrera y Concepción"",""Capa"":""RUNAP"",""Área (M2)"":""44275401.25 m2"",""Área traslapada (%)"":""0.03%""},{""..."":""<div title=\\""La iniciativa de mitigación de GEI que pretende inscribir en la fase de Factibilidad presenta un Traslape Informativo. \\"" style=\\""display: flex; justify-content: center; align-items: center; height: 100%;\\""> \\n              <span class=\\""esri-icon-notice-triangle\\"" \\n                    style=\\""font-size: 24px; color: orange;\\"" \\n                    title=\\""La iniciativa de mitigación de GEI que pretende inscribir en la fase de Factibilidad presenta un Traslape Informativo. \\"">\\n              </span>\\n            </div>"",""Tipo"":""Traslape Informativo"",""Nombre"":""El Espino Corcovado"",""Capa"":""RUNAP"",""Área (M2)"":""2333564.158 m2"",""Área traslapada (%)"":""0.54%""},{""..."":""<div title=\\""La iniciativa de mitigación de GEI que pretende inscribir en la fase de Factibilidad presenta un Traslape Informativo. \\"" style=\\""display: flex; justify-content: center; align-items: center; height: 100%;\\""> \\n              <span class=\\""esri-icon-notice-triangle\\"" \\n                    style=\\""font-size: 24px; color: orange;\\"" \\n                    title=\\""La iniciativa de mitigación de GEI que pretende inscribir en la fase de Factibilidad presenta un Traslape Informativo. \\"">\\n              </span>\\n            </div>"",""Tipo"":""Traslape Informativo"",""Nombre"":""Ríos Chorrera y Concepción"",""Capa"":""RUNAP"",""Área (M2)"":""44275401.25 m2"",""Área traslapada (%)"":""0%""},{""..."":""<div title=\\""La iniciativa de mitigación de GEI que pretende inscribir en la fase de Factibilidad presenta un Traslape Informativo. \\"" style=\\""display: flex; justify-content: center; align-items: center; height: 100%;\\""> \\n              <span class=\\""esri-icon-notice-triangle\\"" \\n                    style=\\""font-size: 24px; color: orange;\\"" \\n                    title=\\""La iniciativa de mitigación de GEI que pretende inscribir en la fase de Factibilidad presenta un Traslape Informativo. \\"">\\n              </span>\\n            </div>"",""Tipo"":""Traslape Informativo"",""Nombre"":""Ríos Chorrera y Concepción"",""Capa"":""RUNAP"",""Área (M2)"":""44275401.25 m2"",""Área traslapada (%)"":""0.07%""},{""..."":""<div title=\\""La iniciativa de mitigación de GEI que pretende inscribir en la fase de Factibilidad presenta un Traslape Informativo. \\"" style=\\""display: flex; justify-content: center; align-items: center; height: 100%;\\""> \\n              <span class=\\""esri-icon-notice-triangle\\"" \\n                    style=\\""font-size: 24px; color: orange;\\"" \\n                    title=\\""La iniciativa de mitigación de GEI que pretende inscribir en la fase de Factibilidad presenta un Traslape Informativo. \\"">\\n              </span>\\n            </div>"",""Tipo"":""Traslape Informativo"",""Nombre"":""El Espino Corcovado"",""Capa"":""RUNAP"",""Área (M2)"":""2333564.158 m2"",""Área traslapada (%)"":""0.07%""},{""..."":""<div title=\\""La iniciativa de mitigación de GEI que pretende inscribir en la fase de Factibilidad presenta un Traslape Informativo. \\"" style=\\""display: flex; justify-content: center; align-items: center; height: 100%;\\""> \\n              <span class=\\""esri-icon-notice-triangle\\"" \\n                    style=\\""font-size: 24px; color: orange;\\"" \\n                    title=\\""La iniciativa de mitigación de GEI que pretende inscribir en la fase de Factibilidad presenta un Traslape Informativo. \\"">\\n              </span>\\n            </div>"",""Tipo"":""Traslape Informativo"",""Nombre"":""Ríos Chorrera y Concepción"",""Capa"":""RUNAP"",""Área (M2)"":""44275401.25 m2"",""Área traslapada (%)"":""0.04%""},{""..."":""<div title=\\""La iniciativa de mitigación de GEI que pretende inscribir en la fase de Factibilidad presenta un Traslape Informativo. \\"" style=\\""display: flex; justify-content: center; align-items: center; height: 100%;\\""> \\n              <span class=\\""esri-icon-notice-triangle\\"" \\n                    style=\\""font-size: 24px; color: orange;\\"" \\n                    title=\\""La iniciativa de mitigación de GEI que pretende inscribir en la fase de Factibilidad presenta un Traslape Informativo. \\"">\\n              </span>\\n            </div>"",""Tipo"":""Traslape Informativo"",""Nombre"":""Ríos Chorrera y Concepción"",""Capa"":""RUNAP"",""Área (M2)"":""44275401.25 m2"",""Área traslapada (%)"":""0.74%""},{""..."":""<div title=\\""La iniciativa de mitigación de GEI que pretende inscribir en la fase de Factibilidad presenta un Traslape Informativo. \\"" style=\\""display: flex; justify-content: center; align-items: center; height: 100%;\\""> \\n              <span class=\\""esri-icon-notice-triangle\\"" \\n                    style=\\""font-size: 24px; color: orange;\\"" \\n                    title=\\""La iniciativa de mitigación de GEI que pretende inscribir en la fase de Factibilidad presenta un Traslape Informativo. \\"">\\n              </span>\\n            </div>"",""Tipo"":""Traslape Informativo"",""Nombre"":""Ríos Chorrera y Concepción"",""Capa"":""RUNAP"",""Área (M2)"":""44275401.25 m2"",""Área traslapada (%)"":""0.41%""},{""..."":""<div title=\\""La iniciativa de mitigación de GEI que pretende inscribir en la fase de Factibilidad presenta un Traslape Informativo. \\"" style=\\""display: flex; justify-content: center; align-items: center; height: 100%;\\""> \\n              <span class=\\""esri-icon-notice-triangle\\"" \\n                    style=\\""font-size: 24px; color: orange;\\"" \\n                    title=\\""La iniciativa de mitigación de GEI que pretende inscribir en la fase de Factibilidad presenta un Traslape Informativo. \\"">\\n              </span>\\n            </div>"",""Tipo"":""Traslape Informativo"",""Nombre"":""Chingaza"",""Capa"":""RUNAP"",""Área (M2)"":""772696615.165 m2"",""Área traslapada (%)"":""0%""},{""..."":""<div title=\\""La iniciativa de mitigación de GEI que pretende inscribir en la fase de Factibilidad presenta un Traslape Informativo. \\"" style=\\""display: flex; justify-content: center; align-items: center; height: 100%;\\""> \\n              <span class=\\""esri-icon-notice-triangle\\"" \\n                    style=\\""font-size: 24px; color: orange;\\"" \\n                    title=\\""La iniciativa de mitigación de GEI que pretende inscribir en la fase de Factibilidad presenta un Traslape Informativo. \\"">\\n              </span>\\n            </div>"",""Tipo"":""Traslape Informativo"",""Nombre"":""Páramo Grande"",""Capa"":""RUNAP"",""Área (M2)"":""50174417.987 m2"",""Área traslapada (%)"":""0.1%""},{""..."":""<div title=\\""La iniciativa de mitigación de GEI que pretende inscribir en la fase de Factibilidad presenta un Traslape Informativo. \\"" style=\\""display: flex; justify-content: center; align-items: center; height: 100%;\\""> \\n              <span class=\\""esri-icon-notice-triangle\\"" \\n                    style=\\""font-size: 24px; color: orange;\\"" \\n                    title=\\""La iniciativa de mitigación de GEI que pretende inscribir en la fase de Factibilidad presenta un Traslape Informativo. \\"">\\n              </span>\\n            </div>"",""Tipo"":""Traslape Informativo"",""Nombre"":""El Espino Corcovado"",""Capa"":""RUNAP"",""Área (M2)"":""2333564.158 m2"",""Área traslapada (%)"":""4.24%""},{""..."":""<div title=\\""La iniciativa de mitigación de GEI que pretende inscribir en la fase de Factibilidad presenta un Traslape Informativo. \\"" style=\\""display: flex; justify-content: center; align-items: center; height: 100%;\\""> \\n              <span class=\\""esri-icon-notice-triangle\\"" \\n                    style=\\""font-size: 24px; color: orange;\\"" \\n                    title=\\""La iniciativa de mitigación de GEI que pretende inscribir en la fase de Factibilidad presenta un Traslape Informativo. \\"">\\n              </span>\\n            </div>"",""Tipo"":""Traslape Informativo"",""Nombre"":""Chingaza"",""Capa"":""RUNAP"",""Área (M2)"":""772696615.165 m2"",""Área traslapada (%)"":""0%""},{""..."":""<div title=\\""La iniciativa de mitigación de GEI que pretende inscribir en la fase de Factibilidad presenta un Traslape Informativo. \\"" style=\\""display: flex; justify-content: center; align-items: center; height: 100%;\\""> \\n              <span class=\\""esri-icon-notice-triangle\\"" \\n                    style=\\""font-size: 24px; color: orange;\\"" \\n                    title=\\""La iniciativa de mitigación de GEI que pretende inscribir en la fase de Factibilidad presenta un Traslape Informativo. \\"">\\n              </span>\\n            </div>"",""Tipo"":""Traslape Informativo"",""Nombre"":""Ríos Chorrera y Concepción"",""Capa"":""RUNAP"",""Área (M2)"":""44275401.25 m2"",""Área traslapada (%)"":""17.69%""},{""..."":""<div title=\\""La iniciativa de mitigación de GEI que pretende inscribir en la fase de Factibilidad presenta un Traslape Informativo. \\"" style=\\""display: flex; justify-content: center; align-items: center; height: 100%;\\""> \\n              <span class=\\""esri-icon-notice-triangle\\"" \\n                    style=\\""font-size: 24px; color: orange;\\"" \\n                    title=\\""La iniciativa de mitigación de GEI que pretende inscribir en la fase de Factibilidad presenta un Traslape Informativo. \\"">\\n              </span>\\n            </div>"",""Tipo"":""Traslape Informativo"",""Nombre"":""Bosque Oriental de Bogotá"",""Capa"":""RUNAP"",""Área (M2)"":""141162304.162 m2"",""Área traslapada (%)"":""0.11%""},{""..."":""<div title=\\""La iniciativa de mitigación de GEI que pretende inscribir en la fase de Factibilidad presenta un Traslape Informativo. \\"" style=\\""display: flex; justify-content: center; align-items: center; height: 100%;\\""> \\n              <span class=\\""esri-icon-notice-triangle\\"" \\n                    style=\\""font-size: 24px; color: orange;\\"" \\n                    title=\\""La iniciativa de mitigación de GEI que pretende inscribir en la fase de Factibilidad presenta un Traslape Informativo. \\"">\\n              </span>\\n            </div>"",""Tipo"":""Traslape Informativo"",""Nombre"":""Bosque Oriental de Bogotá"",""Capa"":""RUNAP"",""Área (M2)"":""141162304.162 m2"",""Área traslapada (%)"":""0%""}]', 'resultado_traslape': 'Se presenta un traslape informativo con Registro Único de Áreas protegidas - RUNAP.', 'fecha_resultado_traslape': '30/12/2025 12:12:23', 'sector_cartera': '', 'tipo_moneda_1': '', 'tasa_cambio_1': '', 'fecha_tasa_cambio_1': '', 'contribucion_propia_1': '', 'contribucion_propia_tasa_cambio_1': '', 'contribucion_externa_1': '', 'contribucion_externa_tasa_cambio_1': '', 'costo_total_1': '', 'costo_total_tasa_cambio_1': '', 't_sector_cartera_asociado_2': '', 't_costos_asociados': '', 'tipo_actividad': 46, 'nombre_tipo_actividad': 'Reducción de las emisiones debidas a la deforestación'}, {'fuente_relacionada_1': '{""value"":""Carbono orgánico del suelo en páramos Cundinamarca""}', 'tipo_actividad_1': 46, 'descripcion_actividad_1': 'El proyecto busca conservar los bosques y coberturas naturales de paramo que están bajo presiones de cambio de uso del suelo y restaurar áreas degradadas asociados a los complejos de páramos de Sumapaz, Chingaza, Guacheneque y Guerrero, en departamentos del Cundinamarca, Meta y Boyacá.', 'fecha_inicial_1': '19/12/2019', 'fecha_final_1': '18/12/2059', 'acciones_redd_mas_1': 'La estrategia de intervención para reducir la pérdida de coberturas naturales se basa en cuatro componentes principales: 1) Restauración y Sistemas productivos sostenibles, 2) Inversión operacional, 3) Gobernanza territorial, 4) Monitoreo y Biodiversidad.', 'depositos_carbono_1': '[{""depositos_carbono_1_1"":{""label"":""Suelos"",""value"":170,""repeat"":false}}]', 'check_co_beneficios_economicos_1': '', 'descripcion_co_beneficios_economicos_1': '', 'check_co_beneficios_sociales_1': True, 'descripcion_co_beneficios_sociales_1': 'ODS 2 Hambre Cero: fortalecer seguridad alimentaria y mejorar sistemas productivos. ODS4 Educación: mejorar acceso a educación y capacitación. ODS5 Género: promover participación mujeres', 'check_co_beneficios_ambientales_1': True, 'descripcion_co_beneficios_ambientales_1': 'ODS6 Agua Limpia y Saneamiento: aumento coberturas naturales para la regulación hídrica. ODS15 Terrestres: restauración zonas estratégicas y conservar hábitats naturales', 'check_otros_co_beneficios_1': '', 'descripcion_otros_co_beneficios_1': '', 'archivo_soporte_2_2': 'files-renare/cc,52168193/6925ca9e78306d8ed3ce75e6/documentossolicitud/05documentodescripcionactividadmitigacion30-12-2025-12-17-43.pdf', 'archivo_soporte_2_3': '', 'geovisor_calculo_traslape_1': '[{""..."":""<div title=\\""La iniciativa de mitigación de GEI que pretende inscribir en la fase de Factibilidad presenta un Traslape Informativo. \\"" style=\\""display: flex; justify-content: center; align-items: center; height: 100%;\\""> \\n              <span class=\\""esri-icon-notice-triangle\\"" \\n                    style=\\""font-size: 24px; color: orange;\\"" \\n                    title=\\""La iniciativa de mitigación de GEI que pretende inscribir en la fase de Factibilidad presenta un Traslape Informativo. \\"">\\n              </span>\\n            </div>"",""Tipo"":""Traslape Informativo"",""Nombre"":""Bosque Oriental de Bogotá"",""Capa"":""RUNAP"",""Área (M2)"":""141162304.162 m2"",""Área traslapada (%)"":""0.01%""},{""..."":""<div title=\\""La iniciativa de mitigación de GEI que pretende inscribir en la fase de Factibilidad presenta un Traslape Informativo. \\"" style=\\""display: flex; justify-content: center; align-items: center; height: 100%;\\""> \\n              <span class=\\""esri-icon-notice-triangle\\"" \\n                    style=\\""font-size: 24px; color: orange;\\"" \\n                    title=\\""La iniciativa de mitigación de GEI que pretende inscribir en la fase de Factibilidad presenta un Traslape Informativo. \\"">\\n              </span>\\n            </div>"",""Tipo"":""Traslape Informativo"",""Nombre"":""Bosque Oriental de Bogotá"",""Capa"":""RUNAP"",""Área (M2)"":""141162304.162 m2"",""Área traslapada (%)"":""0.01%""},{""..."":""<div title=\\""La iniciativa de mitigación de GEI que pretende inscribir en la fase de Factibilidad presenta un Traslape Informativo. \\"" style=\\""display: flex; justify-content: center; align-items: center; height: 100%;\\""> \\n              <span class=\\""esri-icon-notice-triangle\\"" \\n                    style=\\""font-size: 24px; color: orange;\\"" \\n                    title=\\""La iniciativa de mitigación de GEI que pretende inscribir en la fase de Factibilidad presenta un Traslape Informativo. \\"">\\n              </span>\\n            </div>"",""Tipo"":""Traslape Informativo"",""Nombre"":""Bosque Oriental de Bogotá"",""Capa"":""RUNAP"",""Área (M2)"":""141162304.162 m2"",""Área traslapada (%)"":""0%""},{""..."":""<div title=\\""La iniciativa de mitigación de GEI que pretende inscribir en la fase de Factibilidad presenta un Traslape Informativo. \\"" style=\\""display: flex; justify-content: center; align-items: center; height: 100%;\\""> \\n              <span class=\\""esri-icon-notice-triangle\\"" \\n                    style=\\""font-size: 24px; color: orange;\\"" \\n                    title=\\""La iniciativa de mitigación de GEI que pretende inscribir en la fase de Factibilidad presenta un Traslape Informativo. \\"">\\n              </span>\\n            </div>"",""Tipo"":""Traslape Informativo"",""Nombre"":""Bosque Oriental de Bogotá"",""Capa"":""RUNAP"",""Área (M2)"":""141162304.162 m2"",""Área traslapada (%)"":""0.06%""},{""..."":""<div title=\\""La iniciativa de mitigación de GEI que pretende inscribir en la fase de Factibilidad presenta un Traslape Informativo. \\"" style=\\""display: flex; justify-content: center; align-items: center; height: 100%;\\""> \\n              <span class=\\""esri-icon-notice-triangle\\"" \\n                    style=\\""font-size: 24px; color: orange;\\"" \\n                    title=\\""La iniciativa de mitigación de GEI que pretende inscribir en la fase de Factibilidad presenta un Traslape Informativo. \\"">\\n              </span>\\n            </div>"",""Tipo"":""Traslape Informativo"",""Nombre"":""Bosque Oriental de Bogotá"",""Capa"":""RUNAP"",""Área (M2)"":""141162304.162 m2"",""Área traslapada (%)"":""0.8%""},{""..."":""<div title=\\""La iniciativa de mitigación de GEI que pretende inscribir en la fase de Factibilidad presenta un Traslape Informativo. \\"" style=\\""display: flex; justify-content: center; align-items: center; height: 100%;\\""> \\n              <span class=\\""esri-icon-notice-triangle\\"" \\n                    style=\\""font-size: 24px; color: orange;\\"" \\n                    title=\\""La iniciativa de mitigación de GEI que pretende inscribir en la fase de Factibilidad presenta un Traslape Informativo. \\"">\\n              </span>\\n            </div>"",""Tipo"":""Traslape Informativo"",""Nombre"":""Bosque Oriental de Bogotá"",""Capa"":""RUNAP"",""Área (M2)"":""141162304.162 m2"",""Área traslapada (%)"":""0.1%""},{""..."":""<div title=\\""La iniciativa de mitigación de GEI que pretende inscribir en la fase de Factibilidad presenta un Traslape Informativo. \\"" style=\\""display: flex; justify-content: center; align-items: center; height: 100%;\\""> \\n              <span class=\\""esri-icon-notice-triangle\\"" \\n                    style=\\""font-size: 24px; color: orange;\\"" \\n                    title=\\""La iniciativa de mitigación de GEI que pretende inscribir en la fase de Factibilidad presenta un Traslape Informativo. \\"">\\n              </span>\\n            </div>"",""Tipo"":""Traslape Informativo"",""Nombre"":""Bosque Oriental de Bogotá"",""Capa"":""RUNAP"",""Área (M2)"":""141162304.162 m2"",""Área traslapada (%)"":""0.79%""},{""..."":""<div title=\\""La iniciativa de mitigación de GEI que pretende inscribir en la fase de Factibilidad presenta un Traslape Informativo. \\"" style=\\""display: flex; justify-content: center; align-items: center; height: 100%;\\""> \\n              <span class=\\""esri-icon-notice-triangle\\"" \\n                    style=\\""font-size: 24px; color: orange;\\"" \\n                    title=\\""La iniciativa de mitigación de GEI que pretende inscribir en la fase de Factibilidad presenta un Traslape Informativo. \\"">\\n              </span>\\n            </div>"",""Tipo"":""Traslape Informativo"",""Nombre"":""Bosque Oriental de Bogotá"",""Capa"":""RUNAP"",""Área (M2)"":""141162304.162 m2"",""Área traslapada (%)"":""0.53%""},{""..."":""<div title=\\""La iniciativa de mitigación de GEI que pretende inscribir en la fase de Factibilidad presenta un Traslape Informativo. \\"" style=\\""display: flex; justify-content: center; align-items: center; height: 100%;\\""> \\n              <span class=\\""esri-icon-notice-triangle\\"" \\n                    style=\\""font-size: 24px; color: orange;\\"" \\n                    title=\\""La iniciativa de mitigación de GEI que pretende inscribir en la fase de Factibilidad presenta un Traslape Informativo. \\"">\\n              </span>\\n            </div>"",""Tipo"":""Traslape Informativo"",""Nombre"":""Bosque Oriental de Bogotá"",""Capa"":""RUNAP"",""Área (M2)"":""141162304.162 m2"",""Área traslapada (%)"":""0%""},{""..."":""<div title=\\""La iniciativa de mitigación de GEI que pretende inscribir en la fase de Factibilidad presenta un Traslape Informativo. \\"" style=\\""display: flex; justify-content: center; align-items: center; height: 100%;\\""> \\n              <span class=\\""esri-icon-notice-triangle\\"" \\n                    style=\\""font-size: 24px; color: orange;\\"" \\n                    title=\\""La iniciativa de mitigación de GEI que pretende inscribir en la fase de Factibilidad presenta un Traslape Informativo. \\"">\\n              </span>\\n            </div>"",""Tipo"":""Traslape Informativo"",""Nombre"":""Bosque Oriental de Bogotá"",""Capa"":""RUNAP"",""Área (M2)"":""141162304.162 m2"",""Área traslapada (%)"":""0.01%""},{""..."":""<div title=\\""La iniciativa de mitigación de GEI que pretende inscribir en la fase de Factibilidad presenta un Traslape Informativo. \\"" style=\\""display: flex; justify-content: center; align-items: center; height: 100%;\\""> \\n              <span class=\\""esri-icon-notice-triangle\\"" \\n                    style=\\""font-size: 24px; color: orange;\\"" \\n                    title=\\""La iniciativa de mitigación de GEI que pretende inscribir en la fase de Factibilidad presenta un Traslape Informativo. \\"">\\n              </span>\\n            </div>"",""Tipo"":""Traslape Informativo"",""Nombre"":""Bosque Oriental de Bogotá"",""Capa"":""RUNAP"",""Área (M2)"":""141162304.162 m2"",""Área traslapada (%)"":""0.03%""},{""..."":""<div title=\\""La iniciativa de mitigación de GEI que pretende inscribir en la fase de Factibilidad presenta un Traslape Informativo. \\"" style=\\""display: flex; justify-content: center; align-items: center; height: 100%;\\""> \\n              <span class=\\""esri-icon-notice-triangle\\"" \\n                    style=\\""font-size: 24px; color: orange;\\"" \\n                    title=\\""La iniciativa de mitigación de GEI que pretende inscribir en la fase de Factibilidad presenta un Traslape Informativo. \\"">\\n              </span>\\n            </div>"",""Tipo"":""Traslape Informativo"",""Nombre"":""Bosque Oriental de Bogotá"",""Capa"":""RUNAP"",""Área (M2)"":""141162304.162 m2"",""Área traslapada (%)"":""0.03%""},{""..."":""<div title=\\""La iniciativa de mitigación de GEI que pretende inscribir en la fase de Factibilidad presenta un Traslape Informativo. \\"" style=\\""display: flex; justify-content: center; align-items: center; height: 100%;\\""> \\n              <span class=\\""esri-icon-notice-triangle\\"" \\n                    style=\\""font-size: 24px; color: orange;\\"" \\n                    title=\\""La iniciativa de mitigación de GEI que pretende inscribir en la fase de Factibilidad presenta un Traslape Informativo. \\"">\\n              </span>\\n            </div>"",""Tipo"":""Traslape Informativo"",""Nombre"":""Bosque Oriental de Bogotá"",""Capa"":""RUNAP"",""Área (M2)"":""141162304.162 m2"",""Área traslapada (%)"":""0.02%""},{""..."":""<div title=\\""La iniciativa de mitigación de GEI que pretende inscribir en la fase de Factibilidad presenta un Traslape Informativo. \\"" style=\\""display: flex; justify-content: center; align-items: center; height: 100%;\\""> \\n              <span class=\\""esri-icon-notice-triangle\\"" \\n                    style=\\""font-size: 24px; color: orange;\\"" \\n                    title=\\""La iniciativa de mitigación de GEI que pretende inscribir en la fase de Factibilidad presenta un Traslape Informativo. \\"">\\n              </span>\\n            </div>"",""Tipo"":""Traslape Informativo"",""Nombre"":""Bosque Oriental de Bogotá"",""Capa"":""RUNAP"",""Área (M2)"":""141162304.162 m2"",""Área traslapada (%)"":""0.01%""},{""..."":""<div title=\\""La iniciativa de mitigación de GEI que pretende inscribir en la fase de Factibilidad presenta un Traslape Informativo. \\"" style=\\""display: flex; justify-content: center; align-items: center; height: 100%;\\""> \\n              <span class=\\""esri-icon-notice-triangle\\"" \\n                    style=\\""font-size: 24px; color: orange;\\"" \\n                    title=\\""La iniciativa de mitigación de GEI que pretende inscribir en la fase de Factibilidad presenta un Traslape Informativo. \\"">\\n              </span>\\n            </div>"",""Tipo"":""Traslape Informativo"",""Nombre"":""Bosque Oriental de Bogotá"",""Capa"":""RUNAP"",""Área (M2)"":""141162304.162 m2"",""Área traslapada (%)"":""0.15%""},{""..."":""<div title=\\""La iniciativa de mitigación de GEI que pretende inscribir en la fase de Factibilidad presenta un Traslape Informativo. \\"" style=\\""display: flex; justify-content: center; align-items: center; height: 100%;\\""> \\n              <span class=\\""esri-icon-notice-triangle\\"" \\n                    style=\\""font-size: 24px; color: orange;\\"" \\n                    title=\\""La iniciativa de mitigación de GEI que pretende inscribir en la fase de Factibilidad presenta un Traslape Informativo. \\"">\\n              </span>\\n            </div>"",""Tipo"":""Traslape Informativo"",""Nombre"":""Bosque Oriental de Bogotá"",""Capa"":""RUNAP"",""Área (M2)"":""141162304.162 m2"",""Área traslapada (%)"":""0.27%""},{""..."":""<div title=\\""La iniciativa de mitigación de GEI que pretende inscribir en la fase de Factibilidad presenta un Traslape Informativo. \\"" style=\\""display: flex; justify-content: center; align-items: center; height: 100%;\\""> \\n              <span class=\\""esri-icon-notice-triangle\\"" \\n                    style=\\""font-size: 24px; color: orange;\\"" \\n                    title=\\""La iniciativa de mitigación de GEI que pretende inscribir en la fase de Factibilidad presenta un Traslape Informativo. \\"">\\n              </span>\\n            </div>"",""Tipo"":""Traslape Informativo"",""Nombre"":""Bosque Oriental de Bogotá"",""Capa"":""RUNAP"",""Área (M2)"":""141162304.162 m2"",""Área traslapada (%)"":""0.01%""},{""..."":""<div title=\\""La iniciativa de mitigación de GEI que pretende inscribir en la fase de Factibilidad presenta un Traslape Informativo. \\"" style=\\""display: flex; justify-content: center; align-items: center; height: 100%;\\""> \\n              <span class=\\""esri-icon-notice-triangle\\"" \\n                    style=\\""font-size: 24px; color: orange;\\"" \\n                    title=\\""La iniciativa de mitigación de GEI que pretende inscribir en la fase de Factibilidad presenta un Traslape Informativo. \\"">\\n              </span>\\n            </div>"",""Tipo"":""Traslape Informativo"",""Nombre"":""Bosque Oriental de Bogotá"",""Capa"":""RUNAP"",""Área (M2)"":""141162304.162 m2"",""Área traslapada (%)"":""0.27%""},{""..."":""<div title=\\""La iniciativa de mitigación de GEI que pretende inscribir en la fase de Factibilidad presenta un Traslape Informativo. \\"" style=\\""display: flex; justify-content: center; align-items: center; height: 100%;\\""> \\n              <span class=\\""esri-icon-notice-triangle\\"" \\n                    style=\\""font-size: 24px; color: orange;\\"" \\n                    title=\\""La iniciativa de mitigación de GEI que pretende inscribir en la fase de Factibilidad presenta un Traslape Informativo. \\"">\\n              </span>\\n            </div>"",""Tipo"":""Traslape Informativo"",""Nombre"":""Bosque Oriental de Bogotá"",""Capa"":""RUNAP"",""Área (M2)"":""141162304.162 m2"",""Área traslapada (%)"":""2.39%""},{""..."":""<div title=\\""La iniciativa de mitigación de GEI que pretende inscribir en la fase de Factibilidad presenta un Traslape Informativo. \\"" style=\\""display: flex; justify-content: center; align-items: center; height: 100%;\\""> \\n              <span class=\\""esri-icon-notice-triangle\\"" \\n                    style=\\""font-size: 24px; color: orange;\\"" \\n                    title=\\""La iniciativa de mitigación de GEI que pretende inscribir en la fase de Factibilidad presenta un Traslape Informativo. \\"">\\n              </span>\\n            </div>"",""Tipo"":""Traslape Informativo"",""Nombre"":""Bosque Oriental de Bogotá"",""Capa"":""RUNAP"",""Área (M2)"":""141162304.162 m2"",""Área traslapada (%)"":""0.14%""},{""..."":""<div title=\\""La iniciativa de mitigación de GEI que pretende inscribir en la fase de Factibilidad presenta un Traslape Informativo. \\"" style=\\""display: flex; justify-content: center; align-items: center; height: 100%;\\""> \\n              <span class=\\""esri-icon-notice-triangle\\"" \\n                    style=\\""font-size: 24px; color: orange;\\"" \\n                    title=\\""La iniciativa de mitigación de GEI que pretende inscribir en la fase de Factibilidad presenta un Traslape Informativo. \\"">\\n              </span>\\n            </div>"",""Tipo"":""Traslape Informativo"",""Nombre"":""Bosque Oriental de Bogotá"",""Capa"":""RUNAP"",""Área (M2)"":""141162304.162 m2"",""Área traslapada (%)"":""0.19%""},{""..."":""<div title=\\""La iniciativa de mitigación de GEI que pretende inscribir en la fase de Factibilidad presenta un Traslape Informativo. \\"" style=\\""display: flex; justify-content: center; align-items: center; height: 100%;\\""> \\n              <span class=\\""esri-icon-notice-triangle\\"" \\n                    style=\\""font-size: 24px; color: orange;\\"" \\n                    title=\\""La iniciativa de mitigación de GEI que pretende inscribir en la fase de Factibilidad presenta un Traslape Informativo. \\"">\\n              </span>\\n            </div>"",""Tipo"":""Traslape Informativo"",""Nombre"":""Bosque Oriental de Bogotá"",""Capa"":""RUNAP"",""Área (M2)"":""141162304.162 m2"",""Área traslapada (%)"":""0.1%""},{""..."":""<div title=\\""La iniciativa de mitigación de GEI que pretende inscribir en la fase de Factibilidad presenta un Traslape Informativo. \\"" style=\\""display: flex; justify-content: center; align-items: center; height: 100%;\\""> \\n              <span class=\\""esri-icon-notice-triangle\\"" \\n                    style=\\""font-size: 24px; color: orange;\\"" \\n                    title=\\""La iniciativa de mitigación de GEI que pretende inscribir en la fase de Factibilidad presenta un Traslape Informativo. \\"">\\n              </span>\\n            </div>"",""Tipo"":""Traslape Informativo"",""Nombre"":""Bosque Oriental de Bogotá"",""Capa"":""RUNAP"",""Área (M2)"":""141162304.162 m2"",""Área traslapada (%)"":""0.02%""},{""..."":""<div title=\\""La iniciativa de mitigación de GEI que pretende inscribir en la fase de Factibilidad presenta un Traslape Informativo. \\"" style=\\""display: flex; justify-content: center; align-items: center; height: 100%;\\""> \\n              <span class=\\""esri-icon-notice-triangle\\"" \\n                    style=\\""font-size: 24px; color: orange;\\"" \\n                    title=\\""La iniciativa de mitigación de GEI que pretende inscribir en la fase de Factibilidad presenta un Traslape Informativo. \\"">\\n              </span>\\n            </div>"",""Tipo"":""Traslape Informativo"",""Nombre"":""Bosque Oriental de Bogotá"",""Capa"":""RUNAP"",""Área (M2)"":""141162304.162 m2"",""Área traslapada (%)"":""0.65%""},{""..."":""<div title=\\""La iniciativa de mitigación de GEI que pretende inscribir en la fase de Factibilidad presenta un Traslape Informativo. \\"" style=\\""display: flex; justify-content: center; align-items: center; height: 100%;\\""> \\n              <span class=\\""esri-icon-notice-triangle\\"" \\n                    style=\\""font-size: 24px; color: orange;\\"" \\n                    title=\\""La iniciativa de mitigación de GEI que pretende inscribir en la fase de Factibilidad presenta un Traslape Informativo. \\"">\\n              </span>\\n            </div>"",""Tipo"":""Traslape Informativo"",""Nombre"":""Bosque Oriental de Bogotá"",""Capa"":""RUNAP"",""Área (M2)"":""141162304.162 m2"",""Área traslapada (%)"":""0.04%""},{""..."":""<div title=\\""La iniciativa de mitigación de GEI que pretende inscribir en la fase de Factibilidad presenta un Traslape Informativo. \\"" style=\\""display: flex; justify-content: center; align-items: center; height: 100%;\\""> \\n              <span class=\\""esri-icon-notice-triangle\\"" \\n                    style=\\""font-size: 24px; color: orange;\\"" \\n                    title=\\""La iniciativa de mitigación de GEI que pretende inscribir en la fase de Factibilidad presenta un Traslape Informativo. \\"">\\n              </span>\\n            </div>"",""Tipo"":""Traslape Informativo"",""Nombre"":""Bosque Oriental de Bogotá"",""Capa"":""RUNAP"",""Área (M2)"":""141162304.162 m2"",""Área traslapada (%)"":""0.11%""},{""..."":""<div title=\\""La iniciativa de mitigación de GEI que pretende inscribir en la fase de Factibilidad presenta un Traslape Informativo. \\"" style=\\""display: flex; justify-content: center; align-items: center; height: 100%;\\""> \\n              <span class=\\""esri-icon-notice-triangle\\"" \\n                    style=\\""font-size: 24px; color: orange;\\"" \\n                    title=\\""La iniciativa de mitigación de GEI que pretende inscribir en la fase de Factibilidad presenta un Traslape Informativo. \\"">\\n              </span>\\n            </div>"",""Tipo"":""Traslape Informativo"",""Nombre"":""Bosque Oriental de Bogotá"",""Capa"":""RUNAP"",""Área (M2)"":""141162304.162 m2"",""Área traslapada (%)"":""2.23%""},{""..."":""<div title=\\""La iniciativa de mitigación de GEI que pretende inscribir en la fase de Factibilidad presenta un Traslape Informativo. \\"" style=\\""display: flex; justify-content: center; align-items: center; height: 100%;\\""> \\n              <span class=\\""esri-icon-notice-triangle\\"" \\n                    style=\\""font-size: 24px; color: orange;\\"" \\n                    title=\\""La iniciativa de mitigación de GEI que pretende inscribir en la fase de Factibilidad presenta un Traslape Informativo. \\"">\\n              </span>\\n            </div>"",""Tipo"":""Traslape Informativo"",""Nombre"":""Bosque Oriental de Bogotá"",""Capa"":""RUNAP"",""Área (M2)"":""141162304.162 m2"",""Área traslapada (%)"":""0.03%""},{""..."":""<div title=\\""La iniciativa de mitigación de GEI que pretende inscribir en la fase de Factibilidad presenta un Traslape Informativo. \\"" style=\\""display: flex; justify-content: center; align-items: center; height: 100%;\\""> \\n              <span class=\\""esri-icon-notice-triangle\\"" \\n                    style=\\""font-size: 24px; color: orange;\\"" \\n                    title=\\""La iniciativa de mitigación de GEI que pretende inscribir en la fase de Factibilidad presenta un Traslape Informativo. \\"">\\n              </span>\\n            </div>"",""Tipo"":""Traslape Informativo"",""Nombre"":""Bosque Oriental de Bogotá"",""Capa"":""RUNAP"",""Área (M2)"":""141162304.162 m2"",""Área traslapada (%)"":""0.02%""},{""..."":""<div title=\\""La iniciativa de mitigación de GEI que pretende inscribir en la fase de Factibilidad presenta un Traslape Informativo. \\"" style=\\""display: flex; justify-content: center; align-items: center; height: 100%;\\""> \\n              <span class=\\""esri-icon-notice-triangle\\"" \\n                    style=\\""font-size: 24px; color: orange;\\"" \\n                    title=\\""La iniciativa de mitigación de GEI que pretende inscribir en la fase de Factibilidad presenta un Traslape Informativo. \\"">\\n              </span>\\n            </div>"",""Tipo"":""Traslape Informativo"",""Nombre"":""Bosque Oriental de Bogotá"",""Capa"":""RUNAP"",""Área (M2)"":""141162304.162 m2"",""Área traslapada (%)"":""2.27%""},{""..."":""<div title=\\""La iniciativa de mitigación de GEI que pretende inscribir en la fase de Factibilidad presenta un Traslape Informativo. \\"" style=\\""display: flex; justify-content: center; align-items: center; height: 100%;\\""> \\n              <span class=\\""esri-icon-notice-triangle\\"" \\n                    style=\\""font-size: 24px; color: orange;\\"" \\n                    title=\\""La iniciativa de mitigación de GEI que pretende inscribir en la fase de Factibilidad presenta un Traslape Informativo. \\"">\\n              </span>\\n            </div>"",""Tipo"":""Traslape Informativo"",""Nombre"":""Bosque Oriental de Bogotá"",""Capa"":""RUNAP"",""Área (M2)"":""141162304.162 m2"",""Área traslapada (%)"":""0.03%""},{""..."":""<div title=\\""La iniciativa de mitigación de GEI que pretende inscribir en la fase de Factibilidad presenta un Traslape Informativo. \\"" style=\\""display: flex; justify-content: center; align-items: center; height: 100%;\\""> \\n              <span class=\\""esri-icon-notice-triangle\\"" \\n                    style=\\""font-size: 24px; color: orange;\\"" \\n                    title=\\""La iniciativa de mitigación de GEI que pretende inscribir en la fase de Factibilidad presenta un Traslape Informativo. \\"">\\n              </span>\\n            </div>"",""Tipo"":""Traslape Informativo"",""Nombre"":""Bosque Oriental de Bogotá"",""Capa"":""RUNAP"",""Área (M2)"":""141162304.162 m2"",""Área traslapada (%)"":""5.18%""},{""..."":""<div title=\\""La iniciativa de mitigación de GEI que pretende inscribir en la fase de Factibilidad presenta un Traslape Informativo. \\"" style=\\""display: flex; justify-content: center; align-items: center; height: 100%;\\""> \\n              <span class=\\""esri-icon-notice-triangle\\"" \\n                    style=\\""font-size: 24px; color: orange;\\"" \\n                    title=\\""La iniciativa de mitigación de GEI que pretende inscribir en la fase de Factibilidad presenta un Traslape Informativo. \\"">\\n              </span>\\n            </div>"",""Tipo"":""Traslape Informativo"",""Nombre"":""Bosque Oriental de Bogotá"",""Capa"":""RUNAP"",""Área (M2)"":""141162304.162 m2"",""Área traslapada (%)"":""0.1%""},{""..."":""<div title=\\""La iniciativa de mitigación de GEI que pretende inscribir en la fase de Factibilidad presenta un Traslape Informativo. \\"" style=\\""display: flex; justify-content: center; align-items: center; height: 100%;\\""> \\n              <span class=\\""esri-icon-notice-triangle\\"" \\n                    style=\\""font-size: 24px; color: orange;\\"" \\n                    title=\\""La iniciativa de mitigación de GEI que pretende inscribir en la fase de Factibilidad presenta un Traslape Informativo. \\"">\\n              </span>\\n            </div>"",""Tipo"":""Traslape Informativo"",""Nombre"":""Bosque Oriental de Bogotá"",""Capa"":""RUNAP"",""Área (M2)"":""141162304.162 m2"",""Área traslapada (%)"":""2.56%""},{""..."":""<div title=\\""La iniciativa de mitigación de GEI que pretende inscribir en la fase de Factibilidad presenta un Traslape Informativo. \\"" style=\\""display: flex; justify-content: center; align-items: center; height: 100%;\\""> \\n              <span class=\\""esri-icon-notice-triangle\\"" \\n                    style=\\""font-size: 24px; color: orange;\\"" \\n                    title=\\""La iniciativa de mitigación de GEI que pretende inscribir en la fase de Factibilidad presenta un Traslape Informativo. \\"">\\n              </span>\\n            </div>"",""Tipo"":""Traslape Informativo"",""Nombre"":""Bosque Oriental de Bogotá"",""Capa"":""RUNAP"",""Área (M2)"":""141162304.162 m2"",""Área traslapada (%)"":""8.84%""},{""..."":""<div title=\\""La iniciativa de mitigación de GEI que pretende inscribir en la fase de Factibilidad presenta un Traslape Informativo. \\"" style=\\""display: flex; justify-content: center; align-items: center; height: 100%;\\""> \\n              <span class=\\""esri-icon-notice-triangle\\"" \\n                    style=\\""font-size: 24px; color: orange;\\"" \\n                    title=\\""La iniciativa de mitigación de GEI que pretende inscribir en la fase de Factibilidad presenta un Traslape Informativo. \\"">\\n              </span>\\n            </div>"",""Tipo"":""Traslape Informativo"",""Nombre"":""Bosque Oriental de Bogotá"",""Capa"":""RUNAP"",""Área (M2)"":""141162304.162 m2"",""Área traslapada (%)"":""0.39%""},{""..."":""<div title=\\""La iniciativa de mitigación de GEI que pretende inscribir en la fase de Factibilidad presenta un Traslape Informativo. \\"" style=\\""display: flex; justify-content: center; align-items: center; height: 100%;\\""> \\n              <span class=\\""esri-icon-notice-triangle\\"" \\n                    style=\\""font-size: 24px; color: orange;\\"" \\n                    title=\\""La iniciativa de mitigación de GEI que pretende inscribir en la fase de Factibilidad presenta un Traslape Informativo. \\"">\\n              </span>\\n            </div>"",""Tipo"":""Traslape Informativo"",""Nombre"":""Bosque Oriental de Bogotá"",""Capa"":""RUNAP"",""Área (M2)"":""141162304.162 m2"",""Área traslapada (%)"":""0.07%""},{""..."":""<div title=\\""La iniciativa de mitigación de GEI que pretende inscribir en la fase de Factibilidad presenta un Traslape Informativo. \\"" style=\\""display: flex; justify-content: center; align-items: center; height: 100%;\\""> \\n              <span class=\\""esri-icon-notice-triangle\\"" \\n                    style=\\""font-size: 24px; color: orange;\\"" \\n                    title=\\""La iniciativa de mitigación de GEI que pretende inscribir en la fase de Factibilidad presenta un Traslape Informativo. \\"">\\n              </span>\\n            </div>"",""Tipo"":""Traslape Informativo"",""Nombre"":""Bosque Oriental de Bogotá"",""Capa"":""RUNAP"",""Área (M2)"":""141162304.162 m2"",""Área traslapada (%)"":""1.24%""},{""..."":""<div title=\\""La iniciativa de mitigación de GEI que pretende inscribir en la fase de Factibilidad presenta un Traslape Informativo. \\"" style=\\""display: flex; justify-content: center; align-items: center; height: 100%;\\""> \\n              <span class=\\""esri-icon-notice-triangle\\"" \\n                    style=\\""font-size: 24px; color: orange;\\"" \\n                    title=\\""La iniciativa de mitigación de GEI que pretende inscribir en la fase de Factibilidad presenta un Traslape Informativo. \\"">\\n              </span>\\n            </div>"",""Tipo"":""Traslape Informativo"",""Nombre"":""Bosque Oriental de Bogotá"",""Capa"":""RUNAP"",""Área (M2)"":""141162304.162 m2"",""Área traslapada (%)"":""0%""},{""..."":""<div title=\\""La iniciativa de mitigación de GEI que pretende inscribir en la fase de Factibilidad presenta un Traslape Informativo. \\"" style=\\""display: flex; justify-content: center; align-items: center; height: 100%;\\""> \\n              <span class=\\""esri-icon-notice-triangle\\"" \\n                    style=\\""font-size: 24px; color: orange;\\"" \\n                    title=\\""La iniciativa de mitigación de GEI que pretende inscribir en la fase de Factibilidad presenta un Traslape Informativo. \\"">\\n              </span>\\n            </div>"",""Tipo"":""Traslape Informativo"",""Nombre"":""Bosque Oriental de Bogotá"",""Capa"":""RUNAP"",""Área (M2)"":""141162304.162 m2"",""Área traslapada (%)"":""0.02%""},{""..."":""<div title=\\""La iniciativa de mitigación de GEI que pretende inscribir en la fase de Factibilidad presenta un Traslape Informativo. \\"" style=\\""display: flex; justify-content: center; align-items: center; height: 100%;\\""> \\n              <span class=\\""esri-icon-notice-triangle\\"" \\n                    style=\\""font-size: 24px; color: orange;\\"" \\n                    title=\\""La iniciativa de mitigación de GEI que pretende inscribir en la fase de Factibilidad presenta un Traslape Informativo. \\"">\\n              </span>\\n            </div>"",""Tipo"":""Traslape Informativo"",""Nombre"":""Bosque Oriental de Bogotá"",""Capa"":""RUNAP"",""Área (M2)"":""141162304.162 m2"",""Área traslapada (%)"":""0%""},{""..."":""<div title=\\""La iniciativa de mitigación de GEI que pretende inscribir en la fase de Factibilidad presenta un Traslape Informativo. \\"" style=\\""display: flex; justify-content: center; align-items: center; height: 100%;\\""> \\n              <span class=\\""esri-icon-notice-triangle\\"" \\n                    style=\\""font-size: 24px; color: orange;\\"" \\n                    title=\\""La iniciativa de mitigación de GEI que pretende inscribir en la fase de Factibilidad presenta un Traslape Informativo. \\"">\\n              </span>\\n            </div>"",""Tipo"":""Traslape Informativo"",""Nombre"":""Bosque Oriental de Bogotá"",""Capa"":""RUNAP"",""Área (M2)"":""141162304.162 m2"",""Área traslapada (%)"":""0%""},{""..."":""<div title=\\""La iniciativa de mitigación de GEI que pretende inscribir en la fase de Factibilidad presenta un Traslape Informativo. \\"" style=\\""display: flex; justify-content: center; align-items: center; height: 100%;\\""> \\n              <span class=\\""esri-icon-notice-triangle\\"" \\n                    style=\\""font-size: 24px; color: orange;\\"" \\n                    title=\\""La iniciativa de mitigación de GEI que pretende inscribir en la fase de Factibilidad presenta un Traslape Informativo. \\"">\\n              </span>\\n            </div>"",""Tipo"":""Traslape Informativo"",""Nombre"":""Bosque Oriental de Bogotá"",""Capa"":""RUNAP"",""Área (M2)"":""141162304.162 m2"",""Área traslapada (%)"":""0.18%""},{""..."":""<div title=\\""La iniciativa de mitigación de GEI que pretende inscribir en la fase de Factibilidad presenta un Traslape Informativo. \\"" style=\\""display: flex; justify-content: center; align-items: center; height: 100%;\\""> \\n              <span class=\\""esri-icon-notice-triangle\\"" \\n                    style=\\""font-size: 24px; color: orange;\\"" \\n                    title=\\""La iniciativa de mitigación de GEI que pretende inscribir en la fase de Factibilidad presenta un Traslape Informativo. \\"">\\n              </span>\\n            </div>"",""Tipo"":""Traslape Informativo"",""Nombre"":""Bosque Oriental de Bogotá"",""Capa"":""RUNAP"",""Área (M2)"":""141162304.162 m2"",""Área traslapada (%)"":""0.08%""},{""..."":""<div title=\\""La iniciativa de mitigación de GEI que pretende inscribir en la fase de Factibilidad presenta un Traslape Informativo. \\"" style=\\""display: flex; justify-content: center; align-items: center; height: 100%;\\""> \\n              <span class=\\""esri-icon-notice-triangle\\"" \\n                    style=\\""font-size: 24px; color: orange;\\"" \\n                    title=\\""La iniciativa de mitigación de GEI que pretende inscribir en la fase de Factibilidad presenta un Traslape Informativo. \\"">\\n              </span>\\n            </div>"",""Tipo"":""Traslape Informativo"",""Nombre"":""Bosque Oriental de Bogotá"",""Capa"":""RUNAP"",""Área (M2)"":""141162304.162 m2"",""Área traslapada (%)"":""0.01%""},{""..."":""<div title=\\""La iniciativa de mitigación de GEI que pretende inscribir en la fase de Factibilidad presenta un Traslape Informativo. \\"" style=\\""display: flex; justify-content: center; align-items: center; height: 100%;\\""> \\n              <span class=\\""esri-icon-notice-triangle\\"" \\n                    style=\\""font-size: 24px; color: orange;\\"" \\n                    title=\\""La iniciativa de mitigación de GEI que pretende inscribir en la fase de Factibilidad presenta un Traslape Informativo. \\"">\\n              </span>\\n            </div>"",""Tipo"":""Traslape Informativo"",""Nombre"":""Bosque Oriental de Bogotá"",""Capa"":""RUNAP"",""Área (M2)"":""141162304.162 m2"",""Área traslapada (%)"":""0.01%""},{""..."":""<div title=\\""La iniciativa de mitigación de GEI que pretende inscribir en la fase de Factibilidad presenta un Traslape Informativo. \\"" style=\\""display: flex; justify-content: center; align-items: center; height: 100%;\\""> \\n              <span class=\\""esri-icon-notice-triangle\\"" \\n                    style=\\""font-size: 24px; color: orange;\\"" \\n                    title=\\""La iniciativa de mitigación de GEI que pretende inscribir en la fase de Factibilidad presenta un Traslape Informativo. \\"">\\n              </span>\\n            </div>"",""Tipo"":""Traslape Informativo"",""Nombre"":""Bosque Oriental de Bogotá"",""Capa"":""RUNAP"",""Área (M2)"":""141162304.162 m2"",""Área traslapada (%)"":""0%""},{""..."":""<div title=\\""La iniciativa de mitigación de GEI que pretende inscribir en la fase de Factibilidad presenta un Traslape Informativo. \\"" style=\\""display: flex; justify-content: center; align-items: center; height: 100%;\\""> \\n              <span class=\\""esri-icon-notice-triangle\\"" \\n                    style=\\""font-size: 24px; color: orange;\\"" \\n                    title=\\""La iniciativa de mitigación de GEI que pretende inscribir en la fase de Factibilidad presenta un Traslape Informativo. \\"">\\n              </span>\\n            </div>"",""Tipo"":""Traslape Informativo"",""Nombre"":""Bosque Oriental de Bogotá"",""Capa"":""RUNAP"",""Área (M2)"":""141162304.162 m2"",""Área traslapada (%)"":""0%""},{""..."":""<div title=\\""La iniciativa de mitigación de GEI que pretende inscribir en la fase de Factibilidad presenta un Traslape Informativo. \\"" style=\\""display: flex; justify-content: center; align-items: center; height: 100%;\\""> \\n              <span class=\\""esri-icon-notice-triangle\\"" \\n                    style=\\""font-size: 24px; color: orange;\\"" \\n                    title=\\""La iniciativa de mitigación de GEI que pretende inscribir en la fase de Factibilidad presenta un Traslape Informativo. \\"">\\n              </span>\\n            </div>"",""Tipo"":""Traslape Informativo"",""Nombre"":""Bosque Oriental de Bogotá"",""Capa"":""RUNAP"",""Área (M2)"":""141162304.162 m2"",""Área traslapada (%)"":""0%""},{""..."":""<div title=\\""La iniciativa de mitigación de GEI que pretende inscribir en la fase de Factibilidad presenta un Traslape Informativo. \\"" style=\\""display: flex; justify-content: center; align-items: center; height: 100%;\\""> \\n              <span class=\\""esri-icon-notice-triangle\\"" \\n                    style=\\""font-size: 24px; color: orange;\\"" \\n                    title=\\""La iniciativa de mitigación de GEI que pretende inscribir en la fase de Factibilidad presenta un Traslape Informativo. \\"">\\n              </span>\\n            </div>"",""Tipo"":""Traslape Informativo"",""Nombre"":""Bosque Oriental de Bogotá"",""Capa"":""RUNAP"",""Área (M2)"":""141162304.162 m2"",""Área traslapada (%)"":""0%""},{""..."":""<div title=\\""La iniciativa de mitigación de GEI que pretende inscribir en la fase de Factibilidad presenta un Traslape Informativo. \\"" style=\\""display: flex; justify-content: center; align-items: center; height: 100%;\\""> \\n              <span class=\\""esri-icon-notice-triangle\\"" \\n                    style=\\""font-size: 24px; color: orange;\\"" \\n                    title=\\""La iniciativa de mitigación de GEI que pretende inscribir en la fase de Factibilidad presenta un Traslape Informativo. \\"">\\n              </span>\\n            </div>"",""Tipo"":""Traslape Informativo"",""Nombre"":""Bosque Oriental de Bogotá"",""Capa"":""RUNAP"",""Área (M2)"":""141162304.162 m2"",""Área traslapada (%)"":""0%""},{""..."":""<div title=\\""La iniciativa de mitigación de GEI que pretende inscribir en la fase de Factibilidad presenta un Traslape Informativo. \\"" style=\\""display: flex; justify-content: center; align-items: center; height: 100%;\\""> \\n              <span class=\\""esri-icon-notice-triangle\\"" \\n                    style=\\""font-size: 24px; color: orange;\\"" \\n                    title=\\""La iniciativa de mitigación de GEI que pretende inscribir en la fase de Factibilidad presenta un Traslape Informativo. \\"">\\n              </span>\\n            </div>"",""Tipo"":""Traslape Informativo"",""Nombre"":""Bosque Oriental de Bogotá"",""Capa"":""RUNAP"",""Área (M2)"":""141162304.162 m2"",""Área traslapada (%)"":""0%""},{""..."":""<div title=\\""La iniciativa de mitigación de GEI que pretende inscribir en la fase de Factibilidad presenta un Traslape Informativo. \\"" style=\\""display: flex; justify-content: center; align-items: center; height: 100%;\\""> \\n              <span class=\\""esri-icon-notice-triangle\\"" \\n                    style=\\""font-size: 24px; color: orange;\\"" \\n                    title=\\""La iniciativa de mitigación de GEI que pretende inscribir en la fase de Factibilidad presenta un Traslape Informativo. \\"">\\n              </span>\\n            </div>"",""Tipo"":""Traslape Informativo"",""Nombre"":""Bosque Oriental de Bogotá"",""Capa"":""RUNAP"",""Área (M2)"":""141162304.162 m2"",""Área traslapada (%)"":""0%""},{""..."":""<div title=\\""La iniciativa de mitigación de GEI que pretende inscribir en la fase de Factibilidad presenta un Traslape Informativo. \\"" style=\\""display: flex; justify-content: center; align-items: center; height: 100%;\\""> \\n              <span class=\\""esri-icon-notice-triangle\\"" \\n                    style=\\""font-size: 24px; color: orange;\\"" \\n                    title=\\""La iniciativa de mitigación de GEI que pretende inscribir en la fase de Factibilidad presenta un Traslape Informativo. \\"">\\n              </span>\\n            </div>"",""Tipo"":""Traslape Informativo"",""Nombre"":""Bosque Oriental de Bogotá"",""Capa"":""RUNAP"",""Área (M2)"":""141162304.162 m2"",""Área traslapada (%)"":""0.02%""},{""..."":""<div title=\\""La iniciativa de mitigación de GEI que pretende inscribir en la fase de Factibilidad presenta un Traslape Informativo. \\"" style=\\""display: flex; justify-content: center; align-items: center; height: 100%;\\""> \\n              <span class=\\""esri-icon-notice-triangle\\"" \\n                    style=\\""font-size: 24px; color: orange;\\"" \\n                    title=\\""La iniciativa de mitigación de GEI que pretende inscribir en la fase de Factibilidad presenta un Traslape Informativo. \\"">\\n              </span>\\n            </div>"",""Tipo"":""Traslape Informativo"",""Nombre"":""Bosque Oriental de Bogotá"",""Capa"":""RUNAP"",""Área (M2)"":""141162304.162 m2"",""Área traslapada (%)"":""0.07%""},{""..."":""<div title=\\""La iniciativa de mitigación de GEI que pretende inscribir en la fase de Factibilidad presenta un Traslape Informativo. \\"" style=\\""display: flex; justify-content: center; align-items: center; height: 100%;\\""> \\n              <span class=\\""esri-icon-notice-triangle\\"" \\n                    style=\\""font-size: 24px; color: orange;\\"" \\n                    title=\\""La iniciativa de mitigación de GEI que pretende inscribir en la fase de Factibilidad presenta un Traslape Informativo. \\"">\\n              </span>\\n            </div>"",""Tipo"":""Traslape Informativo"",""Nombre"":""Bosque Oriental de Bogotá"",""Capa"":""RUNAP"",""Área (M2)"":""141162304.162 m2"",""Área traslapada (%)"":""0%""},{""..."":""<div title=\\""La iniciativa de mitigación de GEI que pretende inscribir en la fase de Factibilidad presenta un Traslape Informativo. \\"" style=\\""display: flex; justify-content: center; align-items: center; height: 100%;\\""> \\n              <span class=\\""esri-icon-notice-triangle\\"" \\n                    style=\\""font-size: 24px; color: orange;\\"" \\n                    title=\\""La iniciativa de mitigación de GEI que pretende inscribir en la fase de Factibilidad presenta un Traslape Informativo. \\"">\\n              </span>\\n            </div>"",""Tipo"":""Traslape Informativo"",""Nombre"":""Chingaza"",""Capa"":""RUNAP"",""Área (M2)"":""772696615.165 m2"",""Área traslapada (%)"":""0%""},{""..."":""<div title=\\""La iniciativa de mitigación de GEI que pretende inscribir en la fase de Factibilidad presenta un Traslape Informativo. \\"" style=\\""display: flex; justify-content: center; align-items: center; height: 100%;\\""> \\n              <span class=\\""esri-icon-notice-triangle\\"" \\n                    style=\\""font-size: 24px; color: orange;\\"" \\n                    title=\\""La iniciativa de mitigación de GEI que pretende inscribir en la fase de Factibilidad presenta un Traslape Informativo. \\"">\\n              </span>\\n            </div>"",""Tipo"":""Traslape Informativo"",""Nombre"":""Sumapaz"",""Capa"":""RUNAP"",""Área (M2)"":""2109924723.659 m2"",""Área traslapada (%)"":""0%""},{""..."":""<div title=\\""La iniciativa de mitigación de GEI que pretende inscribir en la fase de Factibilidad presenta un Traslape Informativo. \\"" style=\\""display: flex; justify-content: center; align-items: center; height: 100%;\\""> \\n              <span class=\\""esri-icon-notice-triangle\\"" \\n                    style=\\""font-size: 24px; color: orange;\\"" \\n                    title=\\""La iniciativa de mitigación de GEI que pretende inscribir en la fase de Factibilidad presenta un Traslape Informativo. \\"">\\n              </span>\\n            </div>"",""Tipo"":""Traslape Informativo"",""Nombre"":""Bosque Oriental de Bogotá"",""Capa"":""RUNAP"",""Área (M2)"":""141162304.162 m2"",""Área traslapada (%)"":""0.04%""},{""..."":""<div title=\\""La iniciativa de mitigación de GEI que pretende inscribir en la fase de Factibilidad presenta un Traslape Informativo. \\"" style=\\""display: flex; justify-content: center; align-items: center; height: 100%;\\""> \\n              <span class=\\""esri-icon-notice-triangle\\"" \\n                    style=\\""font-size: 24px; color: orange;\\"" \\n                    title=\\""La iniciativa de mitigación de GEI que pretende inscribir en la fase de Factibilidad presenta un Traslape Informativo. \\"">\\n              </span>\\n            </div>"",""Tipo"":""Traslape Informativo"",""Nombre"":""Chingaza"",""Capa"":""RUNAP"",""Área (M2)"":""772696615.165 m2"",""Área traslapada (%)"":""0%""},{""..."":""<div title=\\""La iniciativa de mitigación de GEI que pretende inscribir en la fase de Factibilidad presenta un Traslape Informativo. \\"" style=\\""display: flex; justify-content: center; align-items: center; height: 100%;\\""> \\n              <span class=\\""esri-icon-notice-triangle\\"" \\n                    style=\\""font-size: 24px; color: orange;\\"" \\n                    title=\\""La iniciativa de mitigación de GEI que pretende inscribir en la fase de Factibilidad presenta un Traslape Informativo. \\"">\\n              </span>\\n            </div>"",""Tipo"":""Traslape Informativo"",""Nombre"":""Ríos Blanco y Negro"",""Capa"":""RUNAP"",""Área (M2)"":""124041494.536 m2"",""Área traslapada (%)"":""2.14%""},{""..."":""<div title=\\""La iniciativa de mitigación de GEI que pretende inscribir en la fase de Factibilidad presenta un Traslape Informativo. \\"" style=\\""display: flex; justify-content: center; align-items: center; height: 100%;\\""> \\n              <span class=\\""esri-icon-notice-triangle\\"" \\n                    style=\\""font-size: 24px; color: orange;\\"" \\n                    title=\\""La iniciativa de mitigación de GEI que pretende inscribir en la fase de Factibilidad presenta un Traslape Informativo. \\"">\\n              </span>\\n            </div>"",""Tipo"":""Traslape Informativo"",""Nombre"":""Chingaza"",""Capa"":""RUNAP"",""Área (M2)"":""772696615.165 m2"",""Área traslapada (%)"":""0%""},{""..."":""<div title=\\""La iniciativa de mitigación de GEI que pretende inscribir en la fase de Factibilidad presenta un Traslape Informativo. \\"" style=\\""display: flex; justify-content: center; align-items: center; height: 100%;\\""> \\n              <span class=\\""esri-icon-notice-triangle\\"" \\n                    style=\\""font-size: 24px; color: orange;\\"" \\n                    title=\\""La iniciativa de mitigación de GEI que pretende inscribir en la fase de Factibilidad presenta un Traslape Informativo. \\"">\\n              </span>\\n            </div>"",""Tipo"":""Traslape Informativo"",""Nombre"":""Ríos Blanco y Negro"",""Capa"":""RUNAP"",""Área (M2)"":""124041494.536 m2"",""Área traslapada (%)"":""0.01%""},{""..."":""<div title=\\""La iniciativa de mitigación de GEI que pretende inscribir en la fase de Factibilidad presenta un Traslape Informativo. \\"" style=\\""display: flex; justify-content: center; align-items: center; height: 100%;\\""> \\n              <span class=\\""esri-icon-notice-triangle\\"" \\n                    style=\\""font-size: 24px; color: orange;\\"" \\n                    title=\\""La iniciativa de mitigación de GEI que pretende inscribir en la fase de Factibilidad presenta un Traslape Informativo. \\"">\\n              </span>\\n            </div>"",""Tipo"":""Traslape Informativo"",""Nombre"":""Bosque Oriental de Bogotá"",""Capa"":""RUNAP"",""Área (M2)"":""141162304.162 m2"",""Área traslapada (%)"":""0.13%""},{""..."":""<div title=\\""La iniciativa de mitigación de GEI que pretende inscribir en la fase de Factibilidad presenta un Traslape Informativo. \\"" style=\\""display: flex; justify-content: center; align-items: center; height: 100%;\\""> \\n              <span class=\\""esri-icon-notice-triangle\\"" \\n                    style=\\""font-size: 24px; color: orange;\\"" \\n                    title=\\""La iniciativa de mitigación de GEI que pretende inscribir en la fase de Factibilidad presenta un Traslape Informativo. \\"">\\n              </span>\\n            </div>"",""Tipo"":""Traslape Informativo"",""Nombre"":""Ríos Blanco y Negro"",""Capa"":""RUNAP"",""Área (M2)"":""124041494.536 m2"",""Área traslapada (%)"":""0.94%""},{""..."":""<div title=\\""La iniciativa de mitigación de GEI que pretende inscribir en la fase de Factibilidad presenta un Traslape Informativo. \\"" style=\\""display: flex; justify-content: center; align-items: center; height: 100%;\\""> \\n              <span class=\\""esri-icon-notice-triangle\\"" \\n                    style=\\""font-size: 24px; color: orange;\\"" \\n                    title=\\""La iniciativa de mitigación de GEI que pretende inscribir en la fase de Factibilidad presenta un Traslape Informativo. \\"">\\n              </span>\\n            </div>"",""Tipo"":""Traslape Informativo"",""Nombre"":""Chingaza"",""Capa"":""RUNAP"",""Área (M2)"":""772696615.165 m2"",""Área traslapada (%)"":""0%""},{""..."":""<div title=\\""La iniciativa de mitigación de GEI que pretende inscribir en la fase de Factibilidad presenta un Traslape Informativo. \\"" style=\\""display: flex; justify-content: center; align-items: center; height: 100%;\\""> \\n              <span class=\\""esri-icon-notice-triangle\\"" \\n                    style=\\""font-size: 24px; color: orange;\\"" \\n                    title=\\""La iniciativa de mitigación de GEI que pretende inscribir en la fase de Factibilidad presenta un Traslape Informativo. \\"">\\n              </span>\\n            </div>"",""Tipo"":""Traslape Informativo"",""Nombre"":""Ríos Blanco y Negro"",""Capa"":""RUNAP"",""Área (M2)"":""124041494.536 m2"",""Área traslapada (%)"":""2.93%""},{""..."":""<div title=\\""La iniciativa de mitigación de GEI que pretende inscribir en la fase de Factibilidad presenta un Traslape Informativo. \\"" style=\\""display: flex; justify-content: center; align-items: center; height: 100%;\\""> \\n              <span class=\\""esri-icon-notice-triangle\\"" \\n                    style=\\""font-size: 24px; color: orange;\\"" \\n                    title=\\""La iniciativa de mitigación de GEI que pretende inscribir en la fase de Factibilidad presenta un Traslape Informativo. \\"">\\n              </span>\\n            </div>"",""Tipo"":""Traslape Informativo"",""Nombre"":""Bosque Oriental de Bogotá"",""Capa"":""RUNAP"",""Área (M2)"":""141162304.162 m2"",""Área traslapada (%)"":""0%""},{""..."":""<div title=\\""La iniciativa de mitigación de GEI que pretende inscribir en la fase de Factibilidad presenta un Traslape Informativo. \\"" style=\\""display: flex; justify-content: center; align-items: center; height: 100%;\\""> \\n              <span class=\\""esri-icon-notice-triangle\\"" \\n                    style=\\""font-size: 24px; color: orange;\\"" \\n                    title=\\""La iniciativa de mitigación de GEI que pretende inscribir en la fase de Factibilidad presenta un Traslape Informativo. \\"">\\n              </span>\\n            </div>"",""Tipo"":""Traslape Informativo"",""Nombre"":""Chingaza"",""Capa"":""RUNAP"",""Área (M2)"":""772696615.165 m2"",""Área traslapada (%)"":""0%""},{""..."":""<div title=\\""La iniciativa de mitigación de GEI que pretende inscribir en la fase de Factibilidad presenta un Traslape Informativo. \\"" style=\\""display: flex; justify-content: center; align-items: center; height: 100%;\\""> \\n              <span class=\\""esri-icon-notice-triangle\\"" \\n                    style=\\""font-size: 24px; color: orange;\\"" \\n                    title=\\""La iniciativa de mitigación de GEI que pretende inscribir en la fase de Factibilidad presenta un Traslape Informativo. \\"">\\n              </span>\\n            </div>"",""Tipo"":""Traslape Informativo"",""Nombre"":""Ríos Blanco y Negro"",""Capa"":""RUNAP"",""Área (M2)"":""124041494.536 m2"",""Área traslapada (%)"":""1.02%""},{""..."":""<div title=\\""La iniciativa de mitigación de GEI que pretende inscribir en la fase de Factibilidad presenta un Traslape Informativo. \\"" style=\\""display: flex; justify-content: center; align-items: center; height: 100%;\\""> \\n              <span class=\\""esri-icon-notice-triangle\\"" \\n                    style=\\""font-size: 24px; color: orange;\\"" \\n                    title=\\""La iniciativa de mitigación de GEI que pretende inscribir en la fase de Factibilidad presenta un Traslape Informativo. \\"">\\n              </span>\\n            </div>"",""Tipo"":""Traslape Informativo"",""Nombre"":""Chingaza"",""Capa"":""RUNAP"",""Área (M2)"":""772696615.165 m2"",""Área traslapada (%)"":""0%""},{""..."":""<div title=\\""La iniciativa de mitigación de GEI que pretende inscribir en la fase de Factibilidad presenta un Traslape Informativo. \\"" style=\\""display: flex; justify-content: center; align-items: center; height: 100%;\\""> \\n              <span class=\\""esri-icon-notice-triangle\\"" \\n                    style=\\""font-size: 24px; color: orange;\\"" \\n                    title=\\""La iniciativa de mitigación de GEI que pretende inscribir en la fase de Factibilidad presenta un Traslape Informativo. \\"">\\n              </span>\\n            </div>"",""Tipo"":""Traslape Informativo"",""Nombre"":""Ríos Blanco y Negro"",""Capa"":""RUNAP"",""Área (M2)"":""124041494.536 m2"",""Área traslapada (%)"":""0%""},{""..."":""<div title=\\""La iniciativa de mitigación de GEI que pretende inscribir en la fase de Factibilidad presenta un Traslape Informativo. \\"" style=\\""display: flex; justify-content: center; align-items: center; height: 100%;\\""> \\n              <span class=\\""esri-icon-notice-triangle\\"" \\n                    style=\\""font-size: 24px; color: orange;\\"" \\n                    title=\\""La iniciativa de mitigación de GEI que pretende inscribir en la fase de Factibilidad presenta un Traslape Informativo. \\"">\\n              </span>\\n            </div>"",""Tipo"":""Traslape Informativo"",""Nombre"":""Chingaza"",""Capa"":""RUNAP"",""Área (M2)"":""772696615.165 m2"",""Área traslapada (%)"":""0%""},{""..."":""<div title=\\""La iniciativa de mitigación de GEI que pretende inscribir en la fase de Factibilidad presenta un Traslape Informativo. \\"" style=\\""display: flex; justify-content: center; align-items: center; height: 100%;\\""> \\n              <span class=\\""esri-icon-notice-triangle\\"" \\n                    style=\\""font-size: 24px; color: orange;\\"" \\n                    title=\\""La iniciativa de mitigación de GEI que pretende inscribir en la fase de Factibilidad presenta un Traslape Informativo. \\"">\\n              </span>\\n            </div>"",""Tipo"":""Traslape Informativo"",""Nombre"":""Ríos Blanco y Negro"",""Capa"":""RUNAP"",""Área (M2)"":""124041494.536 m2"",""Área traslapada (%)"":""0%""},{""..."":""<div title=\\""La iniciativa de mitigación de GEI que pretende inscribir en la fase de Factibilidad presenta un Traslape Informativo. \\"" style=\\""display: flex; justify-content: center; align-items: center; height: 100%;\\""> \\n              <span class=\\""esri-icon-notice-triangle\\"" \\n                    style=\\""font-size: 24px; color: orange;\\"" \\n                    title=\\""La iniciativa de mitigación de GEI que pretende inscribir en la fase de Factibilidad presenta un Traslape Informativo. \\"">\\n              </span>\\n            </div>"",""Tipo"":""Traslape Informativo"",""Nombre"":""Chingaza"",""Capa"":""RUNAP"",""Área (M2)"":""772696615.165 m2"",""Área traslapada (%)"":""0%""},{""..."":""<div title=\\""La iniciativa de mitigación de GEI que pretende inscribir en la fase de Factibilidad presenta un Traslape Informativo. \\"" style=\\""display: flex; justify-content: center; align-items: center; height: 100%;\\""> \\n              <span class=\\""esri-icon-notice-triangle\\"" \\n                    style=\\""font-size: 24px; color: orange;\\"" \\n                    title=\\""La iniciativa de mitigación de GEI que pretende inscribir en la fase de Factibilidad presenta un Traslape Informativo. \\"">\\n              </span>\\n            </div>"",""Tipo"":""Traslape Informativo"",""Nombre"":""Ríos Blanco y Negro"",""Capa"":""RUNAP"",""Área (M2)"":""124041494.536 m2"",""Área traslapada (%)"":""0%""},{""..."":""<div title=\\""La iniciativa de mitigación de GEI que pretende inscribir en la fase de Factibilidad presenta un Traslape Informativo. \\"" style=\\""display: flex; justify-content: center; align-items: center; height: 100%;\\""> \\n              <span class=\\""esri-icon-notice-triangle\\"" \\n                    style=\\""font-size: 24px; color: orange;\\"" \\n                    title=\\""La iniciativa de mitigación de GEI que pretende inscribir en la fase de Factibilidad presenta un Traslape Informativo. \\"">\\n              </span>\\n            </div>"",""Tipo"":""Traslape Informativo"",""Nombre"":""Chingaza"",""Capa"":""RUNAP"",""Área (M2)"":""772696615.165 m2"",""Área traslapada (%)"":""0%""},{""..."":""<div title=\\""La iniciativa de mitigación de GEI que pretende inscribir en la fase de Factibilidad presenta un Traslape Informativo. \\"" style=\\""display: flex; justify-content: center; align-items: center; height: 100%;\\""> \\n              <span class=\\""esri-icon-notice-triangle\\"" \\n                    style=\\""font-size: 24px; color: orange;\\"" \\n                    title=\\""La iniciativa de mitigación de GEI que pretende inscribir en la fase de Factibilidad presenta un Traslape Informativo. \\"">\\n              </span>\\n            </div>"",""Tipo"":""Traslape Informativo"",""Nombre"":""Ríos Blanco y Negro"",""Capa"":""RUNAP"",""Área (M2)"":""124041494.536 m2"",""Área traslapada (%)"":""0.05%""},{""..."":""<div title=\\""La iniciativa de mitigación de GEI que pretende inscribir en la fase de Factibilidad presenta un Traslape Informativo. \\"" style=\\""display: flex; justify-content: center; align-items: center; height: 100%;\\""> \\n              <span class=\\""esri-icon-notice-triangle\\"" \\n                    style=\\""font-size: 24px; color: orange;\\"" \\n                    title=\\""La iniciativa de mitigación de GEI que pretende inscribir en la fase de Factibilidad presenta un Traslape Informativo. \\"">\\n              </span>\\n            </div>"",""Tipo"":""Traslape Informativo"",""Nombre"":""Chingaza"",""Capa"":""RUNAP"",""Área (M2)"":""772696615.165 m2"",""Área traslapada (%)"":""0%""},{""..."":""<div title=\\""La iniciativa de mitigación de GEI que pretende inscribir en la fase de Factibilidad presenta un Traslape Informativo. \\"" style=\\""display: flex; justify-content: center; align-items: center; height: 100%;\\""> \\n              <span class=\\""esri-icon-notice-triangle\\"" \\n                    style=\\""font-size: 24px; color: orange;\\"" \\n                    title=\\""La iniciativa de mitigación de GEI que pretende inscribir en la fase de Factibilidad presenta un Traslape Informativo. \\"">\\n              </span>\\n            </div>"",""Tipo"":""Traslape Informativo"",""Nombre"":""Ríos Blanco y Negro"",""Capa"":""RUNAP"",""Área (M2)"":""124041494.536 m2"",""Área traslapada (%)"":""3.09%""},{""..."":""<div title=\\""La iniciativa de mitigación de GEI que pretende inscribir en la fase de Factibilidad presenta un Traslape Informativo. \\"" style=\\""display: flex; justify-content: center; align-items: center; height: 100%;\\""> \\n              <span class=\\""esri-icon-notice-triangle\\"" \\n                    style=\\""font-size: 24px; color: orange;\\"" \\n                    title=\\""La iniciativa de mitigación de GEI que pretende inscribir en la fase de Factibilidad presenta un Traslape Informativo. \\"">\\n              </span>\\n            </div>"",""Tipo"":""Traslape Informativo"",""Nombre"":""Ríos Blanco y Negro"",""Capa"":""RUNAP"",""Área (M2)"":""124041494.536 m2"",""Área traslapada (%)"":""0.04%""},{""..."":""<div title=\\""La iniciativa de mitigación de GEI que pretende inscribir en la fase de Factibilidad presenta un Traslape Informativo. \\"" style=\\""display: flex; justify-content: center; align-items: center; height: 100%;\\""> \\n              <span class=\\""esri-icon-notice-triangle\\"" \\n                    style=\\""font-size: 24px; color: orange;\\"" \\n                    title=\\""La iniciativa de mitigación de GEI que pretende inscribir en la fase de Factibilidad presenta un Traslape Informativo. \\"">\\n              </span>\\n            </div>"",""Tipo"":""Traslape Informativo"",""Nombre"":""Chingaza"",""Capa"":""RUNAP"",""Área (M2)"":""772696615.165 m2"",""Área traslapada (%)"":""0%""},{""..."":""<div title=\\""La iniciativa de mitigación de GEI que pretende inscribir en la fase de Factibilidad presenta un Traslape Informativo. \\"" style=\\""display: flex; justify-content: center; align-items: center; height: 100%;\\""> \\n              <span class=\\""esri-icon-notice-triangle\\"" \\n                    style=\\""font-size: 24px; color: orange;\\"" \\n                    title=\\""La iniciativa de mitigación de GEI que pretende inscribir en la fase de Factibilidad presenta un Traslape Informativo. \\"">\\n              </span>\\n            </div>"",""Tipo"":""Traslape Informativo"",""Nombre"":""Ríos Blanco y Negro"",""Capa"":""RUNAP"",""Área (M2)"":""124041494.536 m2"",""Área traslapada (%)"":""0%""},{""..."":""<div title=\\""La iniciativa de mitigación de GEI que pretende inscribir en la fase de Factibilidad presenta un Traslape Informativo. \\"" style=\\""display: flex; justify-content: center; align-items: center; height: 100%;\\""> \\n              <span class=\\""esri-icon-notice-triangle\\"" \\n                    style=\\""font-size: 24px; color: orange;\\"" \\n                    title=\\""La iniciativa de mitigación de GEI que pretende inscribir en la fase de Factibilidad presenta un Traslape Informativo. \\"">\\n              </span>\\n            </div>"",""Tipo"":""Traslape Informativo"",""Nombre"":""Ríos Chorrera y Concepción"",""Capa"":""RUNAP"",""Área (M2)"":""44275401.25 m2"",""Área traslapada (%)"":""11.88%""},{""..."":""<div title=\\""La iniciativa de mitigación de GEI que pretende inscribir en la fase de Factibilidad presenta un Traslape Informativo. \\"" style=\\""display: flex; justify-content: center; align-items: center; height: 100%;\\""> \\n              <span class=\\""esri-icon-notice-triangle\\"" \\n                    style=\\""font-size: 24px; color: orange;\\"" \\n                    title=\\""La iniciativa de mitigación de GEI que pretende inscribir en la fase de Factibilidad presenta un Traslape Informativo. \\"">\\n              </span>\\n            </div>"",""Tipo"":""Traslape Informativo"",""Nombre"":""Chingaza"",""Capa"":""RUNAP"",""Área (M2)"":""772696615.165 m2"",""Área traslapada (%)"":""0%""},{""..."":""<div title=\\""La iniciativa de mitigación de GEI que pretende inscribir en la fase de Factibilidad presenta un Traslape Informativo. \\"" style=\\""display: flex; justify-content: center; align-items: center; height: 100%;\\""> \\n              <span class=\\""esri-icon-notice-triangle\\"" \\n                    style=\\""font-size: 24px; color: orange;\\"" \\n                    title=\\""La iniciativa de mitigación de GEI que pretende inscribir en la fase de Factibilidad presenta un Traslape Informativo. \\"">\\n              </span>\\n            </div>"",""Tipo"":""Traslape Informativo"",""Nombre"":""Bosque Oriental de Bogotá"",""Capa"":""RUNAP"",""Área (M2)"":""141162304.162 m2"",""Área traslapada (%)"":""1.23%""},{""..."":""<div title=\\""La iniciativa de mitigación de GEI que pretende inscribir en la fase de Factibilidad presenta un Traslape Informativo. \\"" style=\\""display: flex; justify-content: center; align-items: center; height: 100%;\\""> \\n              <span class=\\""esri-icon-notice-triangle\\"" \\n                    style=\\""font-size: 24px; color: orange;\\"" \\n                    title=\\""La iniciativa de mitigación de GEI que pretende inscribir en la fase de Factibilidad presenta un Traslape Informativo. \\"">\\n              </span>\\n            </div>"",""Tipo"":""Traslape Informativo"",""Nombre"":""Ríos Chorrera y Concepción"",""Capa"":""RUNAP"",""Área (M2)"":""44275401.25 m2"",""Área traslapada (%)"":""0.15%""},{""..."":""<div title=\\""La iniciativa de mitigación de GEI que pretende inscribir en la fase de Factibilidad presenta un Traslape Informativo. \\"" style=\\""display: flex; justify-content: center; align-items: center; height: 100%;\\""> \\n              <span class=\\""esri-icon-notice-triangle\\"" \\n                    style=\\""font-size: 24px; color: orange;\\"" \\n                    title=\\""La iniciativa de mitigación de GEI que pretende inscribir en la fase de Factibilidad presenta un Traslape Informativo. \\"">\\n              </span>\\n            </div>"",""Tipo"":""Traslape Informativo"",""Nombre"":""Ríos Chorrera y Concepción"",""Capa"":""RUNAP"",""Área (M2)"":""44275401.25 m2"",""Área traslapada (%)"":""0.58%""},{""..."":""<div title=\\""La iniciativa de mitigación de GEI que pretende inscribir en la fase de Factibilidad presenta un Traslape Informativo. \\"" style=\\""display: flex; justify-content: center; align-items: center; height: 100%;\\""> \\n              <span class=\\""esri-icon-notice-triangle\\"" \\n                    style=\\""font-size: 24px; color: orange;\\"" \\n                    title=\\""La iniciativa de mitigación de GEI que pretende inscribir en la fase de Factibilidad presenta un Traslape Informativo. \\"">\\n              </span>\\n            </div>"",""Tipo"":""Traslape Informativo"",""Nombre"":""Ríos Chorrera y Concepción"",""Capa"":""RUNAP"",""Área (M2)"":""44275401.25 m2"",""Área traslapada (%)"":""0.03%""},{""..."":""<div title=\\""La iniciativa de mitigación de GEI que pretende inscribir en la fase de Factibilidad presenta un Traslape Informativo. \\"" style=\\""display: flex; justify-content: center; align-items: center; height: 100%;\\""> \\n              <span class=\\""esri-icon-notice-triangle\\"" \\n                    style=\\""font-size: 24px; color: orange;\\"" \\n                    title=\\""La iniciativa de mitigación de GEI que pretende inscribir en la fase de Factibilidad presenta un Traslape Informativo. \\"">\\n              </span>\\n            </div>"",""Tipo"":""Traslape Informativo"",""Nombre"":""El Espino Corcovado"",""Capa"":""RUNAP"",""Área (M2)"":""2333564.158 m2"",""Área traslapada (%)"":""0.54%""},{""..."":""<div title=\\""La iniciativa de mitigación de GEI que pretende inscribir en la fase de Factibilidad presenta un Traslape Informativo. \\"" style=\\""display: flex; justify-content: center; align-items: center; height: 100%;\\""> \\n              <span class=\\""esri-icon-notice-triangle\\"" \\n                    style=\\""font-size: 24px; color: orange;\\"" \\n                    title=\\""La iniciativa de mitigación de GEI que pretende inscribir en la fase de Factibilidad presenta un Traslape Informativo. \\"">\\n              </span>\\n            </div>"",""Tipo"":""Traslape Informativo"",""Nombre"":""Ríos Chorrera y Concepción"",""Capa"":""RUNAP"",""Área (M2)"":""44275401.25 m2"",""Área traslapada (%)"":""0%""},{""..."":""<div title=\\""La iniciativa de mitigación de GEI que pretende inscribir en la fase de Factibilidad presenta un Traslape Informativo. \\"" style=\\""display: flex; justify-content: center; align-items: center; height: 100%;\\""> \\n              <span class=\\""esri-icon-notice-triangle\\"" \\n                    style=\\""font-size: 24px; color: orange;\\"" \\n                    title=\\""La iniciativa de mitigación de GEI que pretende inscribir en la fase de Factibilidad presenta un Traslape Informativo. \\"">\\n              </span>\\n            </div>"",""Tipo"":""Traslape Informativo"",""Nombre"":""Ríos Chorrera y Concepción"",""Capa"":""RUNAP"",""Área (M2)"":""44275401.25 m2"",""Área traslapada (%)"":""0.07%""},{""..."":""<div title=\\""La iniciativa de mitigación de GEI que pretende inscribir en la fase de Factibilidad presenta un Traslape Informativo. \\"" style=\\""display: flex; justify-content: center; align-items: center; height: 100%;\\""> \\n              <span class=\\""esri-icon-notice-triangle\\"" \\n                    style=\\""font-size: 24px; color: orange;\\"" \\n                    title=\\""La iniciativa de mitigación de GEI que pretende inscribir en la fase de Factibilidad presenta un Traslape Informativo. \\"">\\n              </span>\\n            </div>"",""Tipo"":""Traslape Informativo"",""Nombre"":""El Espino Corcovado"",""Capa"":""RUNAP"",""Área (M2)"":""2333564.158 m2"",""Área traslapada (%)"":""0.07%""},{""..."":""<div title=\\""La iniciativa de mitigación de GEI que pretende inscribir en la fase de Factibilidad presenta un Traslape Informativo. \\"" style=\\""display: flex; justify-content: center; align-items: center; height: 100%;\\""> \\n              <span class=\\""esri-icon-notice-triangle\\"" \\n                    style=\\""font-size: 24px; color: orange;\\"" \\n                    title=\\""La iniciativa de mitigación de GEI que pretende inscribir en la fase de Factibilidad presenta un Traslape Informativo. \\"">\\n              </span>\\n            </div>"",""Tipo"":""Traslape Informativo"",""Nombre"":""Ríos Chorrera y Concepción"",""Capa"":""RUNAP"",""Área (M2)"":""44275401.25 m2"",""Área traslapada (%)"":""0.04%""},{""..."":""<div title=\\""La iniciativa de mitigación de GEI que pretende inscribir en la fase de Factibilidad presenta un Traslape Informativo. \\"" style=\\""display: flex; justify-content: center; align-items: center; height: 100%;\\""> \\n              <span class=\\""esri-icon-notice-triangle\\"" \\n                    style=\\""font-size: 24px; color: orange;\\"" \\n                    title=\\""La iniciativa de mitigación de GEI que pretende inscribir en la fase de Factibilidad presenta un Traslape Informativo. \\"">\\n              </span>\\n            </div>"",""Tipo"":""Traslape Informativo"",""Nombre"":""Ríos Chorrera y Concepción"",""Capa"":""RUNAP"",""Área (M2)"":""44275401.25 m2"",""Área traslapada (%)"":""0.74%""},{""..."":""<div title=\\""La iniciativa de mitigación de GEI que pretende inscribir en la fase de Factibilidad presenta un Traslape Informativo. \\"" style=\\""display: flex; justify-content: center; align-items: center; height: 100%;\\""> \\n              <span class=\\""esri-icon-notice-triangle\\"" \\n                    style=\\""font-size: 24px; color: orange;\\"" \\n                    title=\\""La iniciativa de mitigación de GEI que pretende inscribir en la fase de Factibilidad presenta un Traslape Informativo. \\"">\\n              </span>\\n            </div>"",""Tipo"":""Traslape Informativo"",""Nombre"":""Ríos Chorrera y Concepción"",""Capa"":""RUNAP"",""Área (M2)"":""44275401.25 m2"",""Área traslapada (%)"":""0.41%""},{""..."":""<div title=\\""La iniciativa de mitigación de GEI que pretende inscribir en la fase de Factibilidad presenta un Traslape Informativo. \\"" style=\\""display: flex; justify-content: center; align-items: center; height: 100%;\\""> \\n              <span class=\\""esri-icon-notice-triangle\\"" \\n                    style=\\""font-size: 24px; color: orange;\\"" \\n                    title=\\""La iniciativa de mitigación de GEI que pretende inscribir en la fase de Factibilidad presenta un Traslape Informativo. \\"">\\n              </span>\\n            </div>"",""Tipo"":""Traslape Informativo"",""Nombre"":""Chingaza"",""Capa"":""RUNAP"",""Área (M2)"":""772696615.165 m2"",""Área traslapada (%)"":""0%""},{""..."":""<div title=\\""La iniciativa de mitigación de GEI que pretende inscribir en la fase de Factibilidad presenta un Traslape Informativo. \\"" style=\\""display: flex; justify-content: center; align-items: center; height: 100%;\\""> \\n              <span class=\\""esri-icon-notice-triangle\\"" \\n                    style=\\""font-size: 24px; color: orange;\\"" \\n                    title=\\""La iniciativa de mitigación de GEI que pretende inscribir en la fase de Factibilidad presenta un Traslape Informativo. \\"">\\n              </span>\\n            </div>"",""Tipo"":""Traslape Informativo"",""Nombre"":""Páramo Grande"",""Capa"":""RUNAP"",""Área (M2)"":""50174417.987 m2"",""Área traslapada (%)"":""0.1%""},{""..."":""<div title=\\""La iniciativa de mitigación de GEI que pretende inscribir en la fase de Factibilidad presenta un Traslape Informativo. \\"" style=\\""display: flex; justify-content: center; align-items: center; height: 100%;\\""> \\n              <span class=\\""esri-icon-notice-triangle\\"" \\n                    style=\\""font-size: 24px; color: orange;\\"" \\n                    title=\\""La iniciativa de mitigación de GEI que pretende inscribir en la fase de Factibilidad presenta un Traslape Informativo. \\"">\\n              </span>\\n            </div>"",""Tipo"":""Traslape Informativo"",""Nombre"":""El Espino Corcovado"",""Capa"":""RUNAP"",""Área (M2)"":""2333564.158 m2"",""Área traslapada (%)"":""4.24%""},{""..."":""<div title=\\""La iniciativa de mitigación de GEI que pretende inscribir en la fase de Factibilidad presenta un Traslape Informativo. \\"" style=\\""display: flex; justify-content: center; align-items: center; height: 100%;\\""> \\n              <span class=\\""esri-icon-notice-triangle\\"" \\n                    style=\\""font-size: 24px; color: orange;\\"" \\n                    title=\\""La iniciativa de mitigación de GEI que pretende inscribir en la fase de Factibilidad presenta un Traslape Informativo. \\"">\\n              </span>\\n            </div>"",""Tipo"":""Traslape Informativo"",""Nombre"":""Chingaza"",""Capa"":""RUNAP"",""Área (M2)"":""772696615.165 m2"",""Área traslapada (%)"":""0%""},{""..."":""<div title=\\""La iniciativa de mitigación de GEI que pretende inscribir en la fase de Factibilidad presenta un Traslape Informativo. \\"" style=\\""display: flex; justify-content: center; align-items: center; height: 100%;\\""> \\n              <span class=\\""esri-icon-notice-triangle\\"" \\n                    style=\\""font-size: 24px; color: orange;\\"" \\n                    title=\\""La iniciativa de mitigación de GEI que pretende inscribir en la fase de Factibilidad presenta un Traslape Informativo. \\"">\\n              </span>\\n            </div>"",""Tipo"":""Traslape Informativo"",""Nombre"":""Ríos Chorrera y Concepción"",""Capa"":""RUNAP"",""Área (M2)"":""44275401.25 m2"",""Área traslapada (%)"":""17.69%""},{""..."":""<div title=\\""La iniciativa de mitigación de GEI que pretende inscribir en la fase de Factibilidad presenta un Traslape Informativo. \\"" style=\\""display: flex; justify-content: center; align-items: center; height: 100%;\\""> \\n              <span class=\\""esri-icon-notice-triangle\\"" \\n                    style=\\""font-size: 24px; color: orange;\\"" \\n                    title=\\""La iniciativa de mitigación de GEI que pretende inscribir en la fase de Factibilidad presenta un Traslape Informativo. \\"">\\n              </span>\\n            </div>"",""Tipo"":""Traslape Informativo"",""Nombre"":""Bosque Oriental de Bogotá"",""Capa"":""RUNAP"",""Área (M2)"":""141162304.162 m2"",""Área traslapada (%)"":""0.11%""},{""..."":""<div title=\\""La iniciativa de mitigación de GEI que pretende inscribir en la fase de Factibilidad presenta un Traslape Informativo. \\"" style=\\""display: flex; justify-content: center; align-items: center; height: 100%;\\""> \\n              <span class=\\""esri-icon-notice-triangle\\"" \\n                    style=\\""font-size: 24px; color: orange;\\"" \\n                    title=\\""La iniciativa de mitigación de GEI que pretende inscribir en la fase de Factibilidad presenta un Traslape Informativo. \\"">\\n              </span>\\n            </div>"",""Tipo"":""Traslape Informativo"",""Nombre"":""Bosque Oriental de Bogotá"",""Capa"":""RUNAP"",""Área (M2)"":""141162304.162 m2"",""Área traslapada (%)"":""0%""}]', 'resultado_traslape': 'Se presenta un traslape informativo con Registro Único de Áreas protegidas - RUNAP.', 'fecha_resultado_traslape': '30/12/2025 12:19:49', 'sector_cartera': '', 'tipo_moneda_1': '', 'tasa_cambio_1': '', 'fecha_tasa_cambio_1': '', 'contribucion_propia_1': '', 'contribucion_propia_tasa_cambio_1': '', 'contribucion_externa_1': '', 'contribucion_externa_tasa_cambio_1': '', 'costo_total_1': '', 'costo_total_tasa_cambio_1': '', 't_sector_cartera_asociado_2': '', 't_costos_asociados': '', 'tipo_actividad': 46, 'nombre_tipo_actividad': 'Reducción de las emisiones debidas a la deforestación'}, {'fuente_relacionada_1': '{""value"":""Detritos de madera en Bosques Andinos""}', 'tipo_actividad_1': 46, 'descripcion_actividad_1': 'El proyecto busca conservar los bosques y coberturas naturales de paramo que están bajo presiones de cambio de uso del suelo y restaurar áreas degradadas asociados a los complejos de páramos de Sumapaz, Chingaza, Guacheneque y Guerrero, en departamentos del Cundinamarca, Meta y Boyacá.', 'fecha_inicial_1': '19/12/2019', 'fecha_final_1': '18/12/2059', 'acciones_redd_mas_1': 'La estrategia de intervención para reducir la pérdida de coberturas naturales se basa en cuatro componentes principales: 1) Restauración y Sistemas productivos sostenibles, 2) Inversión operacional, 3) Gobernanza territorial, 4) Monitoreo y Biodiversidad.', 'depositos_carbono_1': '[{""depositos_carbono_1_1"":{""label"":""Detritos"",""value"":168,""repeat"":false}}]', 'check_co_beneficios_economicos_1': '', 'descripcion_co_beneficios_economicos_1': '', 'check_co_beneficios_sociales_1': True, 'descripcion_co_beneficios_sociales_1': 'ODS 2 Hambre Cero: fortalecer seguridad alimentaria y mejorar sistemas productivos. ODS4 Educación: mejorar acceso a educación y capacitación. ODS5 Género: promover participación mujeres', 'check_co_beneficios_ambientales_1': True, 'descripcion_co_beneficios_ambientales_1': 'ODS6 Agua Limpia y Saneamiento: aumento coberturas naturales para la regulación hídrica. ODS15 Terrestres: restauración zonas estratégicas y conservar hábitats naturales', 'check_otros_co_beneficios_1': '', 'descripcion_otros_co_beneficios_1': '', 'archivo_soporte_2_2': 'files-renare/cc,52168193/6925ca9e78306d8ed3ce75e6/documentossolicitud/05documentodescripcionactividadmitigacion30-12-2025-12-27-12.pdf', 'archivo_soporte_2_3': '', 'geovisor_calculo_traslape_1': '[{""..."":""<div title=\\""La iniciativa de mitigación de GEI que pretende inscribir en la fase de Factibilidad presenta un Traslape Informativo. \\"" style=\\""display: flex; justify-content: center; align-items: center; height: 100%;\\""> \\n              <span class=\\""esri-icon-notice-triangle\\"" \\n                    style=\\""font-size: 24px; color: orange;\\"" \\n                    title=\\""La iniciativa de mitigación de GEI que pretende inscribir en la fase de Factibilidad presenta un Traslape Informativo. \\"">\\n              </span>\\n            </div>"",""Tipo"":""Traslape Informativo"",""Nombre"":""Bosque Oriental de Bogotá"",""Capa"":""RUNAP"",""Área (M2)"":""141162304.162 m2"",""Área traslapada (%)"":""0.01%""},{""..."":""<div title=\\""La iniciativa de mitigación de GEI que pretende inscribir en la fase de Factibilidad presenta un Traslape Informativo. \\"" style=\\""display: flex; justify-content: center; align-items: center; height: 100%;\\""> \\n              <span class=\\""esri-icon-notice-triangle\\"" \\n                    style=\\""font-size: 24px; color: orange;\\"" \\n                    title=\\""La iniciativa de mitigación de GEI que pretende inscribir en la fase de Factibilidad presenta un Traslape Informativo. \\"">\\n              </span>\\n            </div>"",""Tipo"":""Traslape Informativo"",""Nombre"":""Bosque Oriental de Bogotá"",""Capa"":""RUNAP"",""Área (M2)"":""141162304.162 m2"",""Área traslapada (%)"":""0.01%""},{""..."":""<div title=\\""La iniciativa de mitigación de GEI que pretende inscribir en la fase de Factibilidad presenta un Traslape Informativo. \\"" style=\\""display: flex; justify-content: center; align-items: center; height: 100%;\\""> \\n              <span class=\\""esri-icon-notice-triangle\\"" \\n                    style=\\""font-size: 24px; color: orange;\\"" \\n                    title=\\""La iniciativa de mitigación de GEI que pretende inscribir en la fase de Factibilidad presenta un Traslape Informativo. \\"">\\n              </span>\\n            </div>"",""Tipo"":""Traslape Informativo"",""Nombre"":""Bosque Oriental de Bogotá"",""Capa"":""RUNAP"",""Área (M2)"":""141162304.162 m2"",""Área traslapada (%)"":""0%""},{""..."":""<div title=\\""La iniciativa de mitigación de GEI que pretende inscribir en la fase de Factibilidad presenta un Traslape Informativo. \\"" style=\\""display: flex; justify-content: center; align-items: center; height: 100%;\\""> \\n              <span class=\\""esri-icon-notice-triangle\\"" \\n                    style=\\""font-size: 24px; color: orange;\\"" \\n                    title=\\""La iniciativa de mitigación de GEI que pretende inscribir en la fase de Factibilidad presenta un Traslape Informativo. \\"">\\n              </span>\\n            </div>"",""Tipo"":""Traslape Informativo"",""Nombre"":""Bosque Oriental de Bogotá"",""Capa"":""RUNAP"",""Área (M2)"":""141162304.162 m2"",""Área traslapada (%)"":""0.06%""},{""..."":""<div title=\\""La iniciativa de mitigación de GEI que pretende inscribir en la fase de Factibilidad presenta un Traslape Informativo. \\"" style=\\""display: flex; justify-content: center; align-items: center; height: 100%;\\""> \\n              <span class=\\""esri-icon-notice-triangle\\"" \\n                    style=\\""font-size: 24px; color: orange;\\"" \\n                    title=\\""La iniciativa de mitigación de GEI que pretende inscribir en la fase de Factibilidad presenta un Traslape Informativo. \\"">\\n              </span>\\n            </div>"",""Tipo"":""Traslape Informativo"",""Nombre"":""Bosque Oriental de Bogotá"",""Capa"":""RUNAP"",""Área (M2)"":""141162304.162 m2"",""Área traslapada (%)"":""0.8%""},{""..."":""<div title=\\""La iniciativa de mitigación de GEI que pretende inscribir en la fase de Factibilidad presenta un Traslape Informativo. \\"" style=\\""display: flex; justify-content: center; align-items: center; height: 100%;\\""> \\n              <span class=\\""esri-icon-notice-triangle\\"" \\n                    style=\\""font-size: 24px; color: orange;\\"" \\n                    title=\\""La iniciativa de mitigación de GEI que pretende inscribir en la fase de Factibilidad presenta un Traslape Informativo. \\"">\\n              </span>\\n            </div>"",""Tipo"":""Traslape Informativo"",""Nombre"":""Bosque Oriental de Bogotá"",""Capa"":""RUNAP"",""Área (M2)"":""141162304.162 m2"",""Área traslapada (%)"":""0.1%""},{""..."":""<div title=\\""La iniciativa de mitigación de GEI que pretende inscribir en la fase de Factibilidad presenta un Traslape Informativo. \\"" style=\\""display: flex; justify-content: center; align-items: center; height: 100%;\\""> \\n              <span class=\\""esri-icon-notice-triangle\\"" \\n                    style=\\""font-size: 24px; color: orange;\\"" \\n                    title=\\""La iniciativa de mitigación de GEI que pretende inscribir en la fase de Factibilidad presenta un Traslape Informativo. \\"">\\n              </span>\\n            </div>"",""Tipo"":""Traslape Informativo"",""Nombre"":""Bosque Oriental de Bogotá"",""Capa"":""RUNAP"",""Área (M2)"":""141162304.162 m2"",""Área traslapada (%)"":""0.79%""},{""..."":""<div title=\\""La iniciativa de mitigación de GEI que pretende inscribir en la fase de Factibilidad presenta un Traslape Informativo. \\"" style=\\""display: flex; justify-content: center; align-items: center; height: 100%;\\""> \\n              <span class=\\""esri-icon-notice-triangle\\"" \\n                    style=\\""font-size: 24px; color: orange;\\"" \\n                    title=\\""La iniciativa de mitigación de GEI que pretende inscribir en la fase de Factibilidad presenta un Traslape Informativo. \\"">\\n              </span>\\n            </div>"",""Tipo"":""Traslape Informativo"",""Nombre"":""Bosque Oriental de Bogotá"",""Capa"":""RUNAP"",""Área (M2)"":""141162304.162 m2"",""Área traslapada (%)"":""0.53%""},{""..."":""<div title=\\""La iniciativa de mitigación de GEI que pretende inscribir en la fase de Factibilidad presenta un Traslape Informativo. \\"" style=\\""display: flex; justify-content: center; align-items: center; height: 100%;\\""> \\n              <span class=\\""esri-icon-notice-triangle\\"" \\n                    style=\\""font-size: 24px; color: orange;\\"" \\n                    title=\\""La iniciativa de mitigación de GEI que pretende inscribir en la fase de Factibilidad presenta un Traslape Informativo. \\"">\\n              </span>\\n            </div>"",""Tipo"":""Traslape Informativo"",""Nombre"":""Bosque Oriental de Bogotá"",""Capa"":""RUNAP"",""Área (M2)"":""141162304.162 m2"",""Área traslapada (%)"":""0%""},{""..."":""<div title=\\""La iniciativa de mitigación de GEI que pretende inscribir en la fase de Factibilidad presenta un Traslape Informativo. \\"" style=\\""display: flex; justify-content: center; align-items: center; height: 100%;\\""> \\n              <span class=\\""esri-icon-notice-triangle\\"" \\n                    style=\\""font-size: 24px; color: orange;\\"" \\n                    title=\\""La iniciativa de mitigación de GEI que pretende inscribir en la fase de Factibilidad presenta un Traslape Informativo. \\"">\\n              </span>\\n            </div>"",""Tipo"":""Traslape Informativo"",""Nombre"":""Bosque Oriental de Bogotá"",""Capa"":""RUNAP"",""Área (M2)"":""141162304.162 m2"",""Área traslapada (%)"":""0.01%""},{""..."":""<div title=\\""La iniciativa de mitigación de GEI que pretende inscribir en la fase de Factibilidad presenta un Traslape Informativo. \\"" style=\\""display: flex; justify-content: center; align-items: center; height: 100%;\\""> \\n              <span class=\\""esri-icon-notice-triangle\\"" \\n                    style=\\""font-size: 24px; color: orange;\\"" \\n                    title=\\""La iniciativa de mitigación de GEI que pretende inscribir en la fase de Factibilidad presenta un Traslape Informativo. \\"">\\n              </span>\\n            </div>"",""Tipo"":""Traslape Informativo"",""Nombre"":""Bosque Oriental de Bogotá"",""Capa"":""RUNAP"",""Área (M2)"":""141162304.162 m2"",""Área traslapada (%)"":""0.03%""},{""..."":""<div title=\\""La iniciativa de mitigación de GEI que pretende inscribir en la fase de Factibilidad presenta un Traslape Informativo. \\"" style=\\""display: flex; justify-content: center; align-items: center; height: 100%;\\""> \\n              <span class=\\""esri-icon-notice-triangle\\"" \\n                    style=\\""font-size: 24px; color: orange;\\"" \\n                    title=\\""La iniciativa de mitigación de GEI que pretende inscribir en la fase de Factibilidad presenta un Traslape Informativo. \\"">\\n              </span>\\n            </div>"",""Tipo"":""Traslape Informativo"",""Nombre"":""Bosque Oriental de Bogotá"",""Capa"":""RUNAP"",""Área (M2)"":""141162304.162 m2"",""Área traslapada (%)"":""0.03%""},{""..."":""<div title=\\""La iniciativa de mitigación de GEI que pretende inscribir en la fase de Factibilidad presenta un Traslape Informativo. \\"" style=\\""display: flex; justify-content: center; align-items: center; height: 100%;\\""> \\n              <span class=\\""esri-icon-notice-triangle\\"" \\n                    style=\\""font-size: 24px; color: orange;\\"" \\n                    title=\\""La iniciativa de mitigación de GEI que pretende inscribir en la fase de Factibilidad presenta un Traslape Informativo. \\"">\\n              </span>\\n            </div>"",""Tipo"":""Traslape Informativo"",""Nombre"":""Bosque Oriental de Bogotá"",""Capa"":""RUNAP"",""Área (M2)"":""141162304.162 m2"",""Área traslapada (%)"":""0.02%""},{""..."":""<div title=\\""La iniciativa de mitigación de GEI que pretende inscribir en la fase de Factibilidad presenta un Traslape Informativo. \\"" style=\\""display: flex; justify-content: center; align-items: center; height: 100%;\\""> \\n              <span class=\\""esri-icon-notice-triangle\\"" \\n                    style=\\""font-size: 24px; color: orange;\\"" \\n                    title=\\""La iniciativa de mitigación de GEI que pretende inscribir en la fase de Factibilidad presenta un Traslape Informativo. \\"">\\n              </span>\\n            </div>"",""Tipo"":""Traslape Informativo"",""Nombre"":""Bosque Oriental de Bogotá"",""Capa"":""RUNAP"",""Área (M2)"":""141162304.162 m2"",""Área traslapada (%)"":""0.01%""},{""..."":""<div title=\\""La iniciativa de mitigación de GEI que pretende inscribir en la fase de Factibilidad presenta un Traslape Informativo. \\"" style=\\""display: flex; justify-content: center; align-items: center; height: 100%;\\""> \\n              <span class=\\""esri-icon-notice-triangle\\"" \\n                    style=\\""font-size: 24px; color: orange;\\"" \\n                    title=\\""La iniciativa de mitigación de GEI que pretende inscribir en la fase de Factibilidad presenta un Traslape Informativo. \\"">\\n              </span>\\n            </div>"",""Tipo"":""Traslape Informativo"",""Nombre"":""Bosque Oriental de Bogotá"",""Capa"":""RUNAP"",""Área (M2)"":""141162304.162 m2"",""Área traslapada (%)"":""0.15%""},{""..."":""<div title=\\""La iniciativa de mitigación de GEI que pretende inscribir en la fase de Factibilidad presenta un Traslape Informativo. \\"" style=\\""display: flex; justify-content: center; align-items: center; height: 100%;\\""> \\n              <span class=\\""esri-icon-notice-triangle\\"" \\n                    style=\\""font-size: 24px; color: orange;\\"" \\n                    title=\\""La iniciativa de mitigación de GEI que pretende inscribir en la fase de Factibilidad presenta un Traslape Informativo. \\"">\\n              </span>\\n            </div>"",""Tipo"":""Traslape Informativo"",""Nombre"":""Bosque Oriental de Bogotá"",""Capa"":""RUNAP"",""Área (M2)"":""141162304.162 m2"",""Área traslapada (%)"":""0.27%""},{""..."":""<div title=\\""La iniciativa de mitigación de GEI que pretende inscribir en la fase de Factibilidad presenta un Traslape Informativo. \\"" style=\\""display: flex; justify-content: center; align-items: center; height: 100%;\\""> \\n              <span class=\\""esri-icon-notice-triangle\\"" \\n                    style=\\""font-size: 24px; color: orange;\\"" \\n                    title=\\""La iniciativa de mitigación de GEI que pretende inscribir en la fase de Factibilidad presenta un Traslape Informativo. \\"">\\n              </span>\\n            </div>"",""Tipo"":""Traslape Informativo"",""Nombre"":""Bosque Oriental de Bogotá"",""Capa"":""RUNAP"",""Área (M2)"":""141162304.162 m2"",""Área traslapada (%)"":""0.01%""},{""..."":""<div title=\\""La iniciativa de mitigación de GEI que pretende inscribir en la fase de Factibilidad presenta un Traslape Informativo. \\"" style=\\""display: flex; justify-content: center; align-items: center; height: 100%;\\""> \\n              <span class=\\""esri-icon-notice-triangle\\"" \\n                    style=\\""font-size: 24px; color: orange;\\"" \\n                    title=\\""La iniciativa de mitigación de GEI que pretende inscribir en la fase de Factibilidad presenta un Traslape Informativo. \\"">\\n              </span>\\n            </div>"",""Tipo"":""Traslape Informativo"",""Nombre"":""Bosque Oriental de Bogotá"",""Capa"":""RUNAP"",""Área (M2)"":""141162304.162 m2"",""Área traslapada (%)"":""0.27%""},{""..."":""<div title=\\""La iniciativa de mitigación de GEI que pretende inscribir en la fase de Factibilidad presenta un Traslape Informativo. \\"" style=\\""display: flex; justify-content: center; align-items: center; height: 100%;\\""> \\n              <span class=\\""esri-icon-notice-triangle\\"" \\n                    style=\\""font-size: 24px; color: orange;\\"" \\n                    title=\\""La iniciativa de mitigación de GEI que pretende inscribir en la fase de Factibilidad presenta un Traslape Informativo. \\"">\\n              </span>\\n            </div>"",""Tipo"":""Traslape Informativo"",""Nombre"":""Bosque Oriental de Bogotá"",""Capa"":""RUNAP"",""Área (M2)"":""141162304.162 m2"",""Área traslapada (%)"":""2.39%""},{""..."":""<div title=\\""La iniciativa de mitigación de GEI que pretende inscribir en la fase de Factibilidad presenta un Traslape Informativo. \\"" style=\\""display: flex; justify-content: center; align-items: center; height: 100%;\\""> \\n              <span class=\\""esri-icon-notice-triangle\\"" \\n                    style=\\""font-size: 24px; color: orange;\\"" \\n                    title=\\""La iniciativa de mitigación de GEI que pretende inscribir en la fase de Factibilidad presenta un Traslape Informativo. \\"">\\n              </span>\\n            </div>"",""Tipo"":""Traslape Informativo"",""Nombre"":""Bosque Oriental de Bogotá"",""Capa"":""RUNAP"",""Área (M2)"":""141162304.162 m2"",""Área traslapada (%)"":""0.14%""},{""..."":""<div title=\\""La iniciativa de mitigación de GEI que pretende inscribir en la fase de Factibilidad presenta un Traslape Informativo. \\"" style=\\""display: flex; justify-content: center; align-items: center; height: 100%;\\""> \\n              <span class=\\""esri-icon-notice-triangle\\"" \\n                    style=\\""font-size: 24px; color: orange;\\"" \\n                    title=\\""La iniciativa de mitigación de GEI que pretende inscribir en la fase de Factibilidad presenta un Traslape Informativo. \\"">\\n              </span>\\n            </div>"",""Tipo"":""Traslape Informativo"",""Nombre"":""Bosque Oriental de Bogotá"",""Capa"":""RUNAP"",""Área (M2)"":""141162304.162 m2"",""Área traslapada (%)"":""0.19%""},{""..."":""<div title=\\""La iniciativa de mitigación de GEI que pretende inscribir en la fase de Factibilidad presenta un Traslape Informativo. \\"" style=\\""display: flex; justify-content: center; align-items: center; height: 100%;\\""> \\n              <span class=\\""esri-icon-notice-triangle\\"" \\n                    style=\\""font-size: 24px; color: orange;\\"" \\n                    title=\\""La iniciativa de mitigación de GEI que pretende inscribir en la fase de Factibilidad presenta un Traslape Informativo. \\"">\\n              </span>\\n            </div>"",""Tipo"":""Traslape Informativo"",""Nombre"":""Bosque Oriental de Bogotá"",""Capa"":""RUNAP"",""Área (M2)"":""141162304.162 m2"",""Área traslapada (%)"":""0.1%""},{""..."":""<div title=\\""La iniciativa de mitigación de GEI que pretende inscribir en la fase de Factibilidad presenta un Traslape Informativo. \\"" style=\\""display: flex; justify-content: center; align-items: center; height: 100%;\\""> \\n              <span class=\\""esri-icon-notice-triangle\\"" \\n                    style=\\""font-size: 24px; color: orange;\\"" \\n                    title=\\""La iniciativa de mitigación de GEI que pretende inscribir en la fase de Factibilidad presenta un Traslape Informativo. \\"">\\n              </span>\\n            </div>"",""Tipo"":""Traslape Informativo"",""Nombre"":""Bosque Oriental de Bogotá"",""Capa"":""RUNAP"",""Área (M2)"":""141162304.162 m2"",""Área traslapada (%)"":""0.02%""},{""..."":""<div title=\\""La iniciativa de mitigación de GEI que pretende inscribir en la fase de Factibilidad presenta un Traslape Informativo. \\"" style=\\""display: flex; justify-content: center; align-items: center; height: 100%;\\""> \\n              <span class=\\""esri-icon-notice-triangle\\"" \\n                    style=\\""font-size: 24px; color: orange;\\"" \\n                    title=\\""La iniciativa de mitigación de GEI que pretende inscribir en la fase de Factibilidad presenta un Traslape Informativo. \\"">\\n              </span>\\n            </div>"",""Tipo"":""Traslape Informativo"",""Nombre"":""Bosque Oriental de Bogotá"",""Capa"":""RUNAP"",""Área (M2)"":""141162304.162 m2"",""Área traslapada (%)"":""0.65%""},{""..."":""<div title=\\""La iniciativa de mitigación de GEI que pretende inscribir en la fase de Factibilidad presenta un Traslape Informativo. \\"" style=\\""display: flex; justify-content: center; align-items: center; height: 100%;\\""> \\n              <span class=\\""esri-icon-notice-triangle\\"" \\n                    style=\\""font-size: 24px; color: orange;\\"" \\n                    title=\\""La iniciativa de mitigación de GEI que pretende inscribir en la fase de Factibilidad presenta un Traslape Informativo. \\"">\\n              </span>\\n            </div>"",""Tipo"":""Traslape Informativo"",""Nombre"":""Bosque Oriental de Bogotá"",""Capa"":""RUNAP"",""Área (M2)"":""141162304.162 m2"",""Área traslapada (%)"":""0.04%""},{""..."":""<div title=\\""La iniciativa de mitigación de GEI que pretende inscribir en la fase de Factibilidad presenta un Traslape Informativo. \\"" style=\\""display: flex; justify-content: center; align-items: center; height: 100%;\\""> \\n              <span class=\\""esri-icon-notice-triangle\\"" \\n                    style=\\""font-size: 24px; color: orange;\\"" \\n                    title=\\""La iniciativa de mitigación de GEI que pretende inscribir en la fase de Factibilidad presenta un Traslape Informativo. \\"">\\n              </span>\\n            </div>"",""Tipo"":""Traslape Informativo"",""Nombre"":""Bosque Oriental de Bogotá"",""Capa"":""RUNAP"",""Área (M2)"":""141162304.162 m2"",""Área traslapada (%)"":""0.11%""},{""..."":""<div title=\\""La iniciativa de mitigación de GEI que pretende inscribir en la fase de Factibilidad presenta un Traslape Informativo. \\"" style=\\""display: flex; justify-content: center; align-items: center; height: 100%;\\""> \\n              <span class=\\""esri-icon-notice-triangle\\"" \\n                    style=\\""font-size: 24px; color: orange;\\"" \\n                    title=\\""La iniciativa de mitigación de GEI que pretende inscribir en la fase de Factibilidad presenta un Traslape Informativo. \\"">\\n              </span>\\n            </div>"",""Tipo"":""Traslape Informativo"",""Nombre"":""Bosque Oriental de Bogotá"",""Capa"":""RUNAP"",""Área (M2)"":""141162304.162 m2"",""Área traslapada (%)"":""2.23%""},{""..."":""<div title=\\""La iniciativa de mitigación de GEI que pretende inscribir en la fase de Factibilidad presenta un Traslape Informativo. \\"" style=\\""display: flex; justify-content: center; align-items: center; height: 100%;\\""> \\n              <span class=\\""esri-icon-notice-triangle\\"" \\n                    style=\\""font-size: 24px; color: orange;\\"" \\n                    title=\\""La iniciativa de mitigación de GEI que pretende inscribir en la fase de Factibilidad presenta un Traslape Informativo. \\"">\\n              </span>\\n            </div>"",""Tipo"":""Traslape Informativo"",""Nombre"":""Bosque Oriental de Bogotá"",""Capa"":""RUNAP"",""Área (M2)"":""141162304.162 m2"",""Área traslapada (%)"":""0.03%""},{""..."":""<div title=\\""La iniciativa de mitigación de GEI que pretende inscribir en la fase de Factibilidad presenta un Traslape Informativo. \\"" style=\\""display: flex; justify-content: center; align-items: center; height: 100%;\\""> \\n              <span class=\\""esri-icon-notice-triangle\\"" \\n                    style=\\""font-size: 24px; color: orange;\\"" \\n                    title=\\""La iniciativa de mitigación de GEI que pretende inscribir en la fase de Factibilidad presenta un Traslape Informativo. \\"">\\n              </span>\\n            </div>"",""Tipo"":""Traslape Informativo"",""Nombre"":""Bosque Oriental de Bogotá"",""Capa"":""RUNAP"",""Área (M2)"":""141162304.162 m2"",""Área traslapada (%)"":""0.02%""},{""..."":""<div title=\\""La iniciativa de mitigación de GEI que pretende inscribir en la fase de Factibilidad presenta un Traslape Informativo. \\"" style=\\""display: flex; justify-content: center; align-items: center; height: 100%;\\""> \\n              <span class=\\""esri-icon-notice-triangle\\"" \\n                    style=\\""font-size: 24px; color: orange;\\"" \\n                    title=\\""La iniciativa de mitigación de GEI que pretende inscribir en la fase de Factibilidad presenta un Traslape Informativo. \\"">\\n              </span>\\n            </div>"",""Tipo"":""Traslape Informativo"",""Nombre"":""Bosque Oriental de Bogotá"",""Capa"":""RUNAP"",""Área (M2)"":""141162304.162 m2"",""Área traslapada (%)"":""2.27%""},{""..."":""<div title=\\""La iniciativa de mitigación de GEI que pretende inscribir en la fase de Factibilidad presenta un Traslape Informativo. \\"" style=\\""display: flex; justify-content: center; align-items: center; height: 100%;\\""> \\n              <span class=\\""esri-icon-notice-triangle\\"" \\n                    style=\\""font-size: 24px; color: orange;\\"" \\n                    title=\\""La iniciativa de mitigación de GEI que pretende inscribir en la fase de Factibilidad presenta un Traslape Informativo. \\"">\\n              </span>\\n            </div>"",""Tipo"":""Traslape Informativo"",""Nombre"":""Bosque Oriental de Bogotá"",""Capa"":""RUNAP"",""Área (M2)"":""141162304.162 m2"",""Área traslapada (%)"":""0.03%""},{""..."":""<div title=\\""La iniciativa de mitigación de GEI que pretende inscribir en la fase de Factibilidad presenta un Traslape Informativo. \\"" style=\\""display: flex; justify-content: center; align-items: center; height: 100%;\\""> \\n              <span class=\\""esri-icon-notice-triangle\\"" \\n                    style=\\""font-size: 24px; color: orange;\\"" \\n                    title=\\""La iniciativa de mitigación de GEI que pretende inscribir en la fase de Factibilidad presenta un Traslape Informativo. \\"">\\n              </span>\\n            </div>"",""Tipo"":""Traslape Informativo"",""Nombre"":""Bosque Oriental de Bogotá"",""Capa"":""RUNAP"",""Área (M2)"":""141162304.162 m2"",""Área traslapada (%)"":""5.18%""},{""..."":""<div title=\\""La iniciativa de mitigación de GEI que pretende inscribir en la fase de Factibilidad presenta un Traslape Informativo. \\"" style=\\""display: flex; justify-content: center; align-items: center; height: 100%;\\""> \\n              <span class=\\""esri-icon-notice-triangle\\"" \\n                    style=\\""font-size: 24px; color: orange;\\"" \\n                    title=\\""La iniciativa de mitigación de GEI que pretende inscribir en la fase de Factibilidad presenta un Traslape Informativo. \\"">\\n              </span>\\n            </div>"",""Tipo"":""Traslape Informativo"",""Nombre"":""Bosque Oriental de Bogotá"",""Capa"":""RUNAP"",""Área (M2)"":""141162304.162 m2"",""Área traslapada (%)"":""0.1%""},{""..."":""<div title=\\""La iniciativa de mitigación de GEI que pretende inscribir en la fase de Factibilidad presenta un Traslape Informativo. \\"" style=\\""display: flex; justify-content: center; align-items: center; height: 100%;\\""> \\n              <span class=\\""esri-icon-notice-triangle\\"" \\n                    style=\\""font-size: 24px; color: orange;\\"" \\n                    title=\\""La iniciativa de mitigación de GEI que pretende inscribir en la fase de Factibilidad presenta un Traslape Informativo. \\"">\\n              </span>\\n            </div>"",""Tipo"":""Traslape Informativo"",""Nombre"":""Bosque Oriental de Bogotá"",""Capa"":""RUNAP"",""Área (M2)"":""141162304.162 m2"",""Área traslapada (%)"":""2.56%""},{""..."":""<div title=\\""La iniciativa de mitigación de GEI que pretende inscribir en la fase de Factibilidad presenta un Traslape Informativo. \\"" style=\\""display: flex; justify-content: center; align-items: center; height: 100%;\\""> \\n              <span class=\\""esri-icon-notice-triangle\\"" \\n                    style=\\""font-size: 24px; color: orange;\\"" \\n                    title=\\""La iniciativa de mitigación de GEI que pretende inscribir en la fase de Factibilidad presenta un Traslape Informativo. \\"">\\n              </span>\\n            </div>"",""Tipo"":""Traslape Informativo"",""Nombre"":""Bosque Oriental de Bogotá"",""Capa"":""RUNAP"",""Área (M2)"":""141162304.162 m2"",""Área traslapada (%)"":""8.84%""},{""..."":""<div title=\\""La iniciativa de mitigación de GEI que pretende inscribir en la fase de Factibilidad presenta un Traslape Informativo. \\"" style=\\""display: flex; justify-content: center; align-items: center; height: 100%;\\""> \\n              <span class=\\""esri-icon-notice-triangle\\"" \\n                    style=\\""font-size: 24px; color: orange;\\"" \\n                    title=\\""La iniciativa de mitigación de GEI que pretende inscribir en la fase de Factibilidad presenta un Traslape Informativo. \\"">\\n              </span>\\n            </div>"",""Tipo"":""Traslape Informativo"",""Nombre"":""Bosque Oriental de Bogotá"",""Capa"":""RUNAP"",""Área (M2)"":""141162304.162 m2"",""Área traslapada (%)"":""0.39%""},{""..."":""<div title=\\""La iniciativa de mitigación de GEI que pretende inscribir en la fase de Factibilidad presenta un Traslape Informativo. \\"" style=\\""display: flex; justify-content: center; align-items: center; height: 100%;\\""> \\n              <span class=\\""esri-icon-notice-triangle\\"" \\n                    style=\\""font-size: 24px; color: orange;\\"" \\n                    title=\\""La iniciativa de mitigación de GEI que pretende inscribir en la fase de Factibilidad presenta un Traslape Informativo. \\"">\\n              </span>\\n            </div>"",""Tipo"":""Traslape Informativo"",""Nombre"":""Bosque Oriental de Bogotá"",""Capa"":""RUNAP"",""Área (M2)"":""141162304.162 m2"",""Área traslapada (%)"":""0.07%""},{""..."":""<div title=\\""La iniciativa de mitigación de GEI que pretende inscribir en la fase de Factibilidad presenta un Traslape Informativo. \\"" style=\\""display: flex; justify-content: center; align-items: center; height: 100%;\\""> \\n              <span class=\\""esri-icon-notice-triangle\\"" \\n                    style=\\""font-size: 24px; color: orange;\\"" \\n                    title=\\""La iniciativa de mitigación de GEI que pretende inscribir en la fase de Factibilidad presenta un Traslape Informativo. \\"">\\n              </span>\\n            </div>"",""Tipo"":""Traslape Informativo"",""Nombre"":""Bosque Oriental de Bogotá"",""Capa"":""RUNAP"",""Área (M2)"":""141162304.162 m2"",""Área traslapada (%)"":""1.24%""},{""..."":""<div title=\\""La iniciativa de mitigación de GEI que pretende inscribir en la fase de Factibilidad presenta un Traslape Informativo. \\"" style=\\""display: flex; justify-content: center; align-items: center; height: 100%;\\""> \\n              <span class=\\""esri-icon-notice-triangle\\"" \\n                    style=\\""font-size: 24px; color: orange;\\"" \\n                    title=\\""La iniciativa de mitigación de GEI que pretende inscribir en la fase de Factibilidad presenta un Traslape Informativo. \\"">\\n              </span>\\n            </div>"",""Tipo"":""Traslape Informativo"",""Nombre"":""Bosque Oriental de Bogotá"",""Capa"":""RUNAP"",""Área (M2)"":""141162304.162 m2"",""Área traslapada (%)"":""0%""},{""..."":""<div title=\\""La iniciativa de mitigación de GEI que pretende inscribir en la fase de Factibilidad presenta un Traslape Informativo. \\"" style=\\""display: flex; justify-content: center; align-items: center; height: 100%;\\""> \\n              <span class=\\""esri-icon-notice-triangle\\"" \\n                    style=\\""font-size: 24px; color: orange;\\"" \\n                    title=\\""La iniciativa de mitigación de GEI que pretende inscribir en la fase de Factibilidad presenta un Traslape Informativo. \\"">\\n              </span>\\n            </div>"",""Tipo"":""Traslape Informativo"",""Nombre"":""Bosque Oriental de Bogotá"",""Capa"":""RUNAP"",""Área (M2)"":""141162304.162 m2"",""Área traslapada (%)"":""0.02%""},{""..."":""<div title=\\""La iniciativa de mitigación de GEI que pretende inscribir en la fase de Factibilidad presenta un Traslape Informativo. \\"" style=\\""display: flex; justify-content: center; align-items: center; height: 100%;\\""> \\n              <span class=\\""esri-icon-notice-triangle\\"" \\n                    style=\\""font-size: 24px; color: orange;\\"" \\n                    title=\\""La iniciativa de mitigación de GEI que pretende inscribir en la fase de Factibilidad presenta un Traslape Informativo. \\"">\\n              </span>\\n            </div>"",""Tipo"":""Traslape Informativo"",""Nombre"":""Bosque Oriental de Bogotá"",""Capa"":""RUNAP"",""Área (M2)"":""141162304.162 m2"",""Área traslapada (%)"":""0%""},{""..."":""<div title=\\""La iniciativa de mitigación de GEI que pretende inscribir en la fase de Factibilidad presenta un Traslape Informativo. \\"" style=\\""display: flex; justify-content: center; align-items: center; height: 100%;\\""> \\n              <span class=\\""esri-icon-notice-triangle\\"" \\n                    style=\\""font-size: 24px; color: orange;\\"" \\n                    title=\\""La iniciativa de mitigación de GEI que pretende inscribir en la fase de Factibilidad presenta un Traslape Informativo. \\"">\\n              </span>\\n            </div>"",""Tipo"":""Traslape Informativo"",""Nombre"":""Bosque Oriental de Bogotá"",""Capa"":""RUNAP"",""Área (M2)"":""141162304.162 m2"",""Área traslapada (%)"":""0%""},{""..."":""<div title=\\""La iniciativa de mitigación de GEI que pretende inscribir en la fase de Factibilidad presenta un Traslape Informativo. \\"" style=\\""display: flex; justify-content: center; align-items: center; height: 100%;\\""> \\n              <span class=\\""esri-icon-notice-triangle\\"" \\n                    style=\\""font-size: 24px; color: orange;\\"" \\n                    title=\\""La iniciativa de mitigación de GEI que pretende inscribir en la fase de Factibilidad presenta un Traslape Informativo. \\"">\\n              </span>\\n            </div>"",""Tipo"":""Traslape Informativo"",""Nombre"":""Bosque Oriental de Bogotá"",""Capa"":""RUNAP"",""Área (M2)"":""141162304.162 m2"",""Área traslapada (%)"":""0.18%""},{""..."":""<div title=\\""La iniciativa de mitigación de GEI que pretende inscribir en la fase de Factibilidad presenta un Traslape Informativo. \\"" style=\\""display: flex; justify-content: center; align-items: center; height: 100%;\\""> \\n              <span class=\\""esri-icon-notice-triangle\\"" \\n                    style=\\""font-size: 24px; color: orange;\\"" \\n                    title=\\""La iniciativa de mitigación de GEI que pretende inscribir en la fase de Factibilidad presenta un Traslape Informativo. \\"">\\n              </span>\\n            </div>"",""Tipo"":""Traslape Informativo"",""Nombre"":""Bosque Oriental de Bogotá"",""Capa"":""RUNAP"",""Área (M2)"":""141162304.162 m2"",""Área traslapada (%)"":""0.08%""},{""..."":""<div title=\\""La iniciativa de mitigación de GEI que pretende inscribir en la fase de Factibilidad presenta un Traslape Informativo. \\"" style=\\""display: flex; justify-content: center; align-items: center; height: 100%;\\""> \\n              <span class=\\""esri-icon-notice-triangle\\"" \\n                    style=\\""font-size: 24px; color: orange;\\"" \\n                    title=\\""La iniciativa de mitigación de GEI que pretende inscribir en la fase de Factibilidad presenta un Traslape Informativo. \\"">\\n              </span>\\n            </div>"",""Tipo"":""Traslape Informativo"",""Nombre"":""Bosque Oriental de Bogotá"",""Capa"":""RUNAP"",""Área (M2)"":""141162304.162 m2"",""Área traslapada (%)"":""0.01%""},{""..."":""<div title=\\""La iniciativa de mitigación de GEI que pretende inscribir en la fase de Factibilidad presenta un Traslape Informativo. \\"" style=\\""display: flex; justify-content: center; align-items: center; height: 100%;\\""> \\n              <span class=\\""esri-icon-notice-triangle\\"" \\n                    style=\\""font-size: 24px; color: orange;\\"" \\n                    title=\\""La iniciativa de mitigación de GEI que pretende inscribir en la fase de Factibilidad presenta un Traslape Informativo. \\"">\\n              </span>\\n            </div>"",""Tipo"":""Traslape Informativo"",""Nombre"":""Bosque Oriental de Bogotá"",""Capa"":""RUNAP"",""Área (M2)"":""141162304.162 m2"",""Área traslapada (%)"":""0.01%""},{""..."":""<div title=\\""La iniciativa de mitigación de GEI que pretende inscribir en la fase de Factibilidad presenta un Traslape Informativo. \\"" style=\\""display: flex; justify-content: center; align-items: center; height: 100%;\\""> \\n              <span class=\\""esri-icon-notice-triangle\\"" \\n                    style=\\""font-size: 24px; color: orange;\\"" \\n                    title=\\""La iniciativa de mitigación de GEI que pretende inscribir en la fase de Factibilidad presenta un Traslape Informativo. \\"">\\n              </span>\\n            </div>"",""Tipo"":""Traslape Informativo"",""Nombre"":""Bosque Oriental de Bogotá"",""Capa"":""RUNAP"",""Área (M2)"":""141162304.162 m2"",""Área traslapada (%)"":""0%""},{""..."":""<div title=\\""La iniciativa de mitigación de GEI que pretende inscribir en la fase de Factibilidad presenta un Traslape Informativo. \\"" style=\\""display: flex; justify-content: center; align-items: center; height: 100%;\\""> \\n              <span class=\\""esri-icon-notice-triangle\\"" \\n                    style=\\""font-size: 24px; color: orange;\\"" \\n                    title=\\""La iniciativa de mitigación de GEI que pretende inscribir en la fase de Factibilidad presenta un Traslape Informativo. \\"">\\n              </span>\\n            </div>"",""Tipo"":""Traslape Informativo"",""Nombre"":""Bosque Oriental de Bogotá"",""Capa"":""RUNAP"",""Área (M2)"":""141162304.162 m2"",""Área traslapada (%)"":""0%""},{""..."":""<div title=\\""La iniciativa de mitigación de GEI que pretende inscribir en la fase de Factibilidad presenta un Traslape Informativo. \\"" style=\\""display: flex; justify-content: center; align-items: center; height: 100%;\\""> \\n              <span class=\\""esri-icon-notice-triangle\\"" \\n                    style=\\""font-size: 24px; color: orange;\\"" \\n                    title=\\""La iniciativa de mitigación de GEI que pretende inscribir en la fase de Factibilidad presenta un Traslape Informativo. \\"">\\n              </span>\\n            </div>"",""Tipo"":""Traslape Informativo"",""Nombre"":""Bosque Oriental de Bogotá"",""Capa"":""RUNAP"",""Área (M2)"":""141162304.162 m2"",""Área traslapada (%)"":""0%""},{""..."":""<div title=\\""La iniciativa de mitigación de GEI que pretende inscribir en la fase de Factibilidad presenta un Traslape Informativo. \\"" style=\\""display: flex; justify-content: center; align-items: center; height: 100%;\\""> \\n              <span class=\\""esri-icon-notice-triangle\\"" \\n                    style=\\""font-size: 24px; color: orange;\\"" \\n                    title=\\""La iniciativa de mitigación de GEI que pretende inscribir en la fase de Factibilidad presenta un Traslape Informativo. \\"">\\n              </span>\\n            </div>"",""Tipo"":""Traslape Informativo"",""Nombre"":""Bosque Oriental de Bogotá"",""Capa"":""RUNAP"",""Área (M2)"":""141162304.162 m2"",""Área traslapada (%)"":""0%""},{""..."":""<div title=\\""La iniciativa de mitigación de GEI que pretende inscribir en la fase de Factibilidad presenta un Traslape Informativo. \\"" style=\\""display: flex; justify-content: center; align-items: center; height: 100%;\\""> \\n              <span class=\\""esri-icon-notice-triangle\\"" \\n                    style=\\""font-size: 24px; color: orange;\\"" \\n                    title=\\""La iniciativa de mitigación de GEI que pretende inscribir en la fase de Factibilidad presenta un Traslape Informativo. \\"">\\n              </span>\\n            </div>"",""Tipo"":""Traslape Informativo"",""Nombre"":""Bosque Oriental de Bogotá"",""Capa"":""RUNAP"",""Área (M2)"":""141162304.162 m2"",""Área traslapada (%)"":""0%""},{""..."":""<div title=\\""La iniciativa de mitigación de GEI que pretende inscribir en la fase de Factibilidad presenta un Traslape Informativo. \\"" style=\\""display: flex; justify-content: center; align-items: center; height: 100%;\\""> \\n              <span class=\\""esri-icon-notice-triangle\\"" \\n                    style=\\""font-size: 24px; color: orange;\\"" \\n                    title=\\""La iniciativa de mitigación de GEI que pretende inscribir en la fase de Factibilidad presenta un Traslape Informativo. \\"">\\n              </span>\\n            </div>"",""Tipo"":""Traslape Informativo"",""Nombre"":""Bosque Oriental de Bogotá"",""Capa"":""RUNAP"",""Área (M2)"":""141162304.162 m2"",""Área traslapada (%)"":""0%""},{""..."":""<div title=\\""La iniciativa de mitigación de GEI que pretende inscribir en la fase de Factibilidad presenta un Traslape Informativo. \\"" style=\\""display: flex; justify-content: center; align-items: center; height: 100%;\\""> \\n              <span class=\\""esri-icon-notice-triangle\\"" \\n                    style=\\""font-size: 24px; color: orange;\\"" \\n                    title=\\""La iniciativa de mitigación de GEI que pretende inscribir en la fase de Factibilidad presenta un Traslape Informativo. \\"">\\n              </span>\\n            </div>"",""Tipo"":""Traslape Informativo"",""Nombre"":""Bosque Oriental de Bogotá"",""Capa"":""RUNAP"",""Área (M2)"":""141162304.162 m2"",""Área traslapada (%)"":""0%""},{""..."":""<div title=\\""La iniciativa de mitigación de GEI que pretende inscribir en la fase de Factibilidad presenta un Traslape Informativo. \\"" style=\\""display: flex; justify-content: center; align-items: center; height: 100%;\\""> \\n              <span class=\\""esri-icon-notice-triangle\\"" \\n                    style=\\""font-size: 24px; color: orange;\\"" \\n                    title=\\""La iniciativa de mitigación de GEI que pretende inscribir en la fase de Factibilidad presenta un Traslape Informativo. \\"">\\n              </span>\\n            </div>"",""Tipo"":""Traslape Informativo"",""Nombre"":""Bosque Oriental de Bogotá"",""Capa"":""RUNAP"",""Área (M2)"":""141162304.162 m2"",""Área traslapada (%)"":""0.02%""},{""..."":""<div title=\\""La iniciativa de mitigación de GEI que pretende inscribir en la fase de Factibilidad presenta un Traslape Informativo. \\"" style=\\""display: flex; justify-content: center; align-items: center; height: 100%;\\""> \\n              <span class=\\""esri-icon-notice-triangle\\"" \\n                    style=\\""font-size: 24px; color: orange;\\"" \\n                    title=\\""La iniciativa de mitigación de GEI que pretende inscribir en la fase de Factibilidad presenta un Traslape Informativo. \\"">\\n              </span>\\n            </div>"",""Tipo"":""Traslape Informativo"",""Nombre"":""Bosque Oriental de Bogotá"",""Capa"":""RUNAP"",""Área (M2)"":""141162304.162 m2"",""Área traslapada (%)"":""0.07%""},{""..."":""<div title=\\""La iniciativa de mitigación de GEI que pretende inscribir en la fase de Factibilidad presenta un Traslape Informativo. \\"" style=\\""display: flex; justify-content: center; align-items: center; height: 100%;\\""> \\n              <span class=\\""esri-icon-notice-triangle\\"" \\n                    style=\\""font-size: 24px; color: orange;\\"" \\n                    title=\\""La iniciativa de mitigación de GEI que pretende inscribir en la fase de Factibilidad presenta un Traslape Informativo. \\"">\\n              </span>\\n            </div>"",""Tipo"":""Traslape Informativo"",""Nombre"":""Bosque Oriental de Bogotá"",""Capa"":""RUNAP"",""Área (M2)"":""141162304.162 m2"",""Área traslapada (%)"":""0%""},{""..."":""<div title=\\""La iniciativa de mitigación de GEI que pretende inscribir en la fase de Factibilidad presenta un Traslape Informativo. \\"" style=\\""display: flex; justify-content: center; align-items: center; height: 100%;\\""> \\n              <span class=\\""esri-icon-notice-triangle\\"" \\n                    style=\\""font-size: 24px; color: orange;\\"" \\n                    title=\\""La iniciativa de mitigación de GEI que pretende inscribir en la fase de Factibilidad presenta un Traslape Informativo. \\"">\\n              </span>\\n            </div>"",""Tipo"":""Traslape Informativo"",""Nombre"":""Chingaza"",""Capa"":""RUNAP"",""Área (M2)"":""772696615.165 m2"",""Área traslapada (%)"":""0%""},{""..."":""<div title=\\""La iniciativa de mitigación de GEI que pretende inscribir en la fase de Factibilidad presenta un Traslape Informativo. \\"" style=\\""display: flex; justify-content: center; align-items: center; height: 100%;\\""> \\n              <span class=\\""esri-icon-notice-triangle\\"" \\n                    style=\\""font-size: 24px; color: orange;\\"" \\n                    title=\\""La iniciativa de mitigación de GEI que pretende inscribir en la fase de Factibilidad presenta un Traslape Informativo. \\"">\\n              </span>\\n            </div>"",""Tipo"":""Traslape Informativo"",""Nombre"":""Sumapaz"",""Capa"":""RUNAP"",""Área (M2)"":""2109924723.659 m2"",""Área traslapada (%)"":""0%""},{""..."":""<div title=\\""La iniciativa de mitigación de GEI que pretende inscribir en la fase de Factibilidad presenta un Traslape Informativo. \\"" style=\\""display: flex; justify-content: center; align-items: center; height: 100%;\\""> \\n              <span class=\\""esri-icon-notice-triangle\\"" \\n                    style=\\""font-size: 24px; color: orange;\\"" \\n                    title=\\""La iniciativa de mitigación de GEI que pretende inscribir en la fase de Factibilidad presenta un Traslape Informativo. \\"">\\n              </span>\\n            </div>"",""Tipo"":""Traslape Informativo"",""Nombre"":""Bosque Oriental de Bogotá"",""Capa"":""RUNAP"",""Área (M2)"":""141162304.162 m2"",""Área traslapada (%)"":""0.04%""},{""..."":""<div title=\\""La iniciativa de mitigación de GEI que pretende inscribir en la fase de Factibilidad presenta un Traslape Informativo. \\"" style=\\""display: flex; justify-content: center; align-items: center; height: 100%;\\""> \\n              <span class=\\""esri-icon-notice-triangle\\"" \\n                    style=\\""font-size: 24px; color: orange;\\"" \\n                    title=\\""La iniciativa de mitigación de GEI que pretende inscribir en la fase de Factibilidad presenta un Traslape Informativo. \\"">\\n              </span>\\n            </div>"",""Tipo"":""Traslape Informativo"",""Nombre"":""Chingaza"",""Capa"":""RUNAP"",""Área (M2)"":""772696615.165 m2"",""Área traslapada (%)"":""0%""},{""..."":""<div title=\\""La iniciativa de mitigación de GEI que pretende inscribir en la fase de Factibilidad presenta un Traslape Informativo. \\"" style=\\""display: flex; justify-content: center; align-items: center; height: 100%;\\""> \\n              <span class=\\""esri-icon-notice-triangle\\"" \\n                    style=\\""font-size: 24px; color: orange;\\"" \\n                    title=\\""La iniciativa de mitigación de GEI que pretende inscribir en la fase de Factibilidad presenta un Traslape Informativo. \\"">\\n              </span>\\n            </div>"",""Tipo"":""Traslape Informativo"",""Nombre"":""Ríos Blanco y Negro"",""Capa"":""RUNAP"",""Área (M2)"":""124041494.536 m2"",""Área traslapada (%)"":""2.14%""},{""..."":""<div title=\\""La iniciativa de mitigación de GEI que pretende inscribir en la fase de Factibilidad presenta un Traslape Informativo. \\"" style=\\""display: flex; justify-content: center; align-items: center; height: 100%;\\""> \\n              <span class=\\""esri-icon-notice-triangle\\"" \\n                    style=\\""font-size: 24px; color: orange;\\"" \\n                    title=\\""La iniciativa de mitigación de GEI que pretende inscribir en la fase de Factibilidad presenta un Traslape Informativo. \\"">\\n              </span>\\n            </div>"",""Tipo"":""Traslape Informativo"",""Nombre"":""Chingaza"",""Capa"":""RUNAP"",""Área (M2)"":""772696615.165 m2"",""Área traslapada (%)"":""0%""},{""..."":""<div title=\\""La iniciativa de mitigación de GEI que pretende inscribir en la fase de Factibilidad presenta un Traslape Informativo. \\"" style=\\""display: flex; justify-content: center; align-items: center; height: 100%;\\""> \\n              <span class=\\""esri-icon-notice-triangle\\"" \\n                    style=\\""font-size: 24px; color: orange;\\"" \\n                    title=\\""La iniciativa de mitigación de GEI que pretende inscribir en la fase de Factibilidad presenta un Traslape Informativo. \\"">\\n              </span>\\n            </div>"",""Tipo"":""Traslape Informativo"",""Nombre"":""Ríos Blanco y Negro"",""Capa"":""RUNAP"",""Área (M2)"":""124041494.536 m2"",""Área traslapada (%)"":""0.01%""},{""..."":""<div title=\\""La iniciativa de mitigación de GEI que pretende inscribir en la fase de Factibilidad presenta un Traslape Informativo. \\"" style=\\""display: flex; justify-content: center; align-items: center; height: 100%;\\""> \\n              <span class=\\""esri-icon-notice-triangle\\"" \\n                    style=\\""font-size: 24px; color: orange;\\"" \\n                    title=\\""La iniciativa de mitigación de GEI que pretende inscribir en la fase de Factibilidad presenta un Traslape Informativo. \\"">\\n              </span>\\n            </div>"",""Tipo"":""Traslape Informativo"",""Nombre"":""Bosque Oriental de Bogotá"",""Capa"":""RUNAP"",""Área (M2)"":""141162304.162 m2"",""Área traslapada (%)"":""0.13%""},{""..."":""<div title=\\""La iniciativa de mitigación de GEI que pretende inscribir en la fase de Factibilidad presenta un Traslape Informativo. \\"" style=\\""display: flex; justify-content: center; align-items: center; height: 100%;\\""> \\n              <span class=\\""esri-icon-notice-triangle\\"" \\n                    style=\\""font-size: 24px; color: orange;\\"" \\n                    title=\\""La iniciativa de mitigación de GEI que pretende inscribir en la fase de Factibilidad presenta un Traslape Informativo. \\"">\\n              </span>\\n            </div>"",""Tipo"":""Traslape Informativo"",""Nombre"":""Ríos Blanco y Negro"",""Capa"":""RUNAP"",""Área (M2)"":""124041494.536 m2"",""Área traslapada (%)"":""0.94%""},{""..."":""<div title=\\""La iniciativa de mitigación de GEI que pretende inscribir en la fase de Factibilidad presenta un Traslape Informativo. \\"" style=\\""display: flex; justify-content: center; align-items: center; height: 100%;\\""> \\n              <span class=\\""esri-icon-notice-triangle\\"" \\n                    style=\\""font-size: 24px; color: orange;\\"" \\n                    title=\\""La iniciativa de mitigación de GEI que pretende inscribir en la fase de Factibilidad presenta un Traslape Informativo. \\"">\\n              </span>\\n            </div>"",""Tipo"":""Traslape Informativo"",""Nombre"":""Chingaza"",""Capa"":""RUNAP"",""Área (M2)"":""772696615.165 m2"",""Área traslapada (%)"":""0%""},{""..."":""<div title=\\""La iniciativa de mitigación de GEI que pretende inscribir en la fase de Factibilidad presenta un Traslape Informativo. \\"" style=\\""display: flex; justify-content: center; align-items: center; height: 100%;\\""> \\n              <span class=\\""esri-icon-notice-triangle\\"" \\n                    style=\\""font-size: 24px; color: orange;\\"" \\n                    title=\\""La iniciativa de mitigación de GEI que pretende inscribir en la fase de Factibilidad presenta un Traslape Informativo. \\"">\\n              </span>\\n            </div>"",""Tipo"":""Traslape Informativo"",""Nombre"":""Ríos Blanco y Negro"",""Capa"":""RUNAP"",""Área (M2)"":""124041494.536 m2"",""Área traslapada (%)"":""2.93%""},{""..."":""<div title=\\""La iniciativa de mitigación de GEI que pretende inscribir en la fase de Factibilidad presenta un Traslape Informativo. \\"" style=\\""display: flex; justify-content: center; align-items: center; height: 100%;\\""> \\n              <span class=\\""esri-icon-notice-triangle\\"" \\n                    style=\\""font-size: 24px; color: orange;\\"" \\n                    title=\\""La iniciativa de mitigación de GEI que pretende inscribir en la fase de Factibilidad presenta un Traslape Informativo. \\"">\\n              </span>\\n            </div>"",""Tipo"":""Traslape Informativo"",""Nombre"":""Bosque Oriental de Bogotá"",""Capa"":""RUNAP"",""Área (M2)"":""141162304.162 m2"",""Área traslapada (%)"":""0%""},{""..."":""<div title=\\""La iniciativa de mitigación de GEI que pretende inscribir en la fase de Factibilidad presenta un Traslape Informativo. \\"" style=\\""display: flex; justify-content: center; align-items: center; height: 100%;\\""> \\n              <span class=\\""esri-icon-notice-triangle\\"" \\n                    style=\\""font-size: 24px; color: orange;\\"" \\n                    title=\\""La iniciativa de mitigación de GEI que pretende inscribir en la fase de Factibilidad presenta un Traslape Informativo. \\"">\\n              </span>\\n            </div>"",""Tipo"":""Traslape Informativo"",""Nombre"":""Chingaza"",""Capa"":""RUNAP"",""Área (M2)"":""772696615.165 m2"",""Área traslapada (%)"":""0%""},{""..."":""<div title=\\""La iniciativa de mitigación de GEI que pretende inscribir en la fase de Factibilidad presenta un Traslape Informativo. \\"" style=\\""display: flex; justify-content: center; align-items: center; height: 100%;\\""> \\n              <span class=\\""esri-icon-notice-triangle\\"" \\n                    style=\\""font-size: 24px; color: orange;\\"" \\n                    title=\\""La iniciativa de mitigación de GEI que pretende inscribir en la fase de Factibilidad presenta un Traslape Informativo. \\"">\\n              </span>\\n            </div>"",""Tipo"":""Traslape Informativo"",""Nombre"":""Ríos Blanco y Negro"",""Capa"":""RUNAP"",""Área (M2)"":""124041494.536 m2"",""Área traslapada (%)"":""1.02%""},{""..."":""<div title=\\""La iniciativa de mitigación de GEI que pretende inscribir en la fase de Factibilidad presenta un Traslape Informativo. \\"" style=\\""display: flex; justify-content: center; align-items: center; height: 100%;\\""> \\n              <span class=\\""esri-icon-notice-triangle\\"" \\n                    style=\\""font-size: 24px; color: orange;\\"" \\n                    title=\\""La iniciativa de mitigación de GEI que pretende inscribir en la fase de Factibilidad presenta un Traslape Informativo. \\"">\\n              </span>\\n            </div>"",""Tipo"":""Traslape Informativo"",""Nombre"":""Chingaza"",""Capa"":""RUNAP"",""Área (M2)"":""772696615.165 m2"",""Área traslapada (%)"":""0%""},{""..."":""<div title=\\""La iniciativa de mitigación de GEI que pretende inscribir en la fase de Factibilidad presenta un Traslape Informativo. \\"" style=\\""display: flex; justify-content: center; align-items: center; height: 100%;\\""> \\n              <span class=\\""esri-icon-notice-triangle\\"" \\n                    style=\\""font-size: 24px; color: orange;\\"" \\n                    title=\\""La iniciativa de mitigación de GEI que pretende inscribir en la fase de Factibilidad presenta un Traslape Informativo. \\"">\\n              </span>\\n            </div>"",""Tipo"":""Traslape Informativo"",""Nombre"":""Ríos Blanco y Negro"",""Capa"":""RUNAP"",""Área (M2)"":""124041494.536 m2"",""Área traslapada (%)"":""0%""},{""..."":""<div title=\\""La iniciativa de mitigación de GEI que pretende inscribir en la fase de Factibilidad presenta un Traslape Informativo. \\"" style=\\""display: flex; justify-content: center; align-items: center; height: 100%;\\""> \\n              <span class=\\""esri-icon-notice-triangle\\"" \\n                    style=\\""font-size: 24px; color: orange;\\"" \\n                    title=\\""La iniciativa de mitigación de GEI que pretende inscribir en la fase de Factibilidad presenta un Traslape Informativo. \\"">\\n              </span>\\n            </div>"",""Tipo"":""Traslape Informativo"",""Nombre"":""Chingaza"",""Capa"":""RUNAP"",""Área (M2)"":""772696615.165 m2"",""Área traslapada (%)"":""0%""},{""..."":""<div title=\\""La iniciativa de mitigación de GEI que pretende inscribir en la fase de Factibilidad presenta un Traslape Informativo. \\"" style=\\""display: flex; justify-content: center; align-items: center; height: 100%;\\""> \\n              <span class=\\""esri-icon-notice-triangle\\"" \\n                    style=\\""font-size: 24px; color: orange;\\"" \\n                    title=\\""La iniciativa de mitigación de GEI que pretende inscribir en la fase de Factibilidad presenta un Traslape Informativo. \\"">\\n              </span>\\n            </div>"",""Tipo"":""Traslape Informativo"",""Nombre"":""Ríos Blanco y Negro"",""Capa"":""RUNAP"",""Área (M2)"":""124041494.536 m2"",""Área traslapada (%)"":""0%""},{""..."":""<div title=\\""La iniciativa de mitigación de GEI que pretende inscribir en la fase de Factibilidad presenta un Traslape Informativo. \\"" style=\\""display: flex; justify-content: center; align-items: center; height: 100%;\\""> \\n              <span class=\\""esri-icon-notice-triangle\\"" \\n                    style=\\""font-size: 24px; color: orange;\\"" \\n                    title=\\""La iniciativa de mitigación de GEI que pretende inscribir en la fase de Factibilidad presenta un Traslape Informativo. \\"">\\n              </span>\\n            </div>"",""Tipo"":""Traslape Informativo"",""Nombre"":""Chingaza"",""Capa"":""RUNAP"",""Área (M2)"":""772696615.165 m2"",""Área traslapada (%)"":""0%""},{""..."":""<div title=\\""La iniciativa de mitigación de GEI que pretende inscribir en la fase de Factibilidad presenta un Traslape Informativo. \\"" style=\\""display: flex; justify-content: center; align-items: center; height: 100%;\\""> \\n              <span class=\\""esri-icon-notice-triangle\\"" \\n                    style=\\""font-size: 24px; color: orange;\\"" \\n                    title=\\""La iniciativa de mitigación de GEI que pretende inscribir en la fase de Factibilidad presenta un Traslape Informativo. \\"">\\n              </span>\\n            </div>"",""Tipo"":""Traslape Informativo"",""Nombre"":""Ríos Blanco y Negro"",""Capa"":""RUNAP"",""Área (M2)"":""124041494.536 m2"",""Área traslapada (%)"":""0%""},{""..."":""<div title=\\""La iniciativa de mitigación de GEI que pretende inscribir en la fase de Factibilidad presenta un Traslape Informativo. \\"" style=\\""display: flex; justify-content: center; align-items: center; height: 100%;\\""> \\n              <span class=\\""esri-icon-notice-triangle\\"" \\n                    style=\\""font-size: 24px; color: orange;\\"" \\n                    title=\\""La iniciativa de mitigación de GEI que pretende inscribir en la fase de Factibilidad presenta un Traslape Informativo. \\"">\\n              </span>\\n            </div>"",""Tipo"":""Traslape Informativo"",""Nombre"":""Chingaza"",""Capa"":""RUNAP"",""Área (M2)"":""772696615.165 m2"",""Área traslapada (%)"":""0%""},{""..."":""<div title=\\""La iniciativa de mitigación de GEI que pretende inscribir en la fase de Factibilidad presenta un Traslape Informativo. \\"" style=\\""display: flex; justify-content: center; align-items: center; height: 100%;\\""> \\n              <span class=\\""esri-icon-notice-triangle\\"" \\n                    style=\\""font-size: 24px; color: orange;\\"" \\n                    title=\\""La iniciativa de mitigación de GEI que pretende inscribir en la fase de Factibilidad presenta un Traslape Informativo. \\"">\\n              </span>\\n            </div>"",""Tipo"":""Traslape Informativo"",""Nombre"":""Ríos Blanco y Negro"",""Capa"":""RUNAP"",""Área (M2)"":""124041494.536 m2"",""Área traslapada (%)"":""0.05%""},{""..."":""<div title=\\""La iniciativa de mitigación de GEI que pretende inscribir en la fase de Factibilidad presenta un Traslape Informativo. \\"" style=\\""display: flex; justify-content: center; align-items: center; height: 100%;\\""> \\n              <span class=\\""esri-icon-notice-triangle\\"" \\n                    style=\\""font-size: 24px; color: orange;\\"" \\n                    title=\\""La iniciativa de mitigación de GEI que pretende inscribir en la fase de Factibilidad presenta un Traslape Informativo. \\"">\\n              </span>\\n            </div>"",""Tipo"":""Traslape Informativo"",""Nombre"":""Chingaza"",""Capa"":""RUNAP"",""Área (M2)"":""772696615.165 m2"",""Área traslapada (%)"":""0%""},{""..."":""<div title=\\""La iniciativa de mitigación de GEI que pretende inscribir en la fase de Factibilidad presenta un Traslape Informativo. \\"" style=\\""display: flex; justify-content: center; align-items: center; height: 100%;\\""> \\n              <span class=\\""esri-icon-notice-triangle\\"" \\n                    style=\\""font-size: 24px; color: orange;\\"" \\n                    title=\\""La iniciativa de mitigación de GEI que pretende inscribir en la fase de Factibilidad presenta un Traslape Informativo. \\"">\\n              </span>\\n            </div>"",""Tipo"":""Traslape Informativo"",""Nombre"":""Ríos Blanco y Negro"",""Capa"":""RUNAP"",""Área (M2)"":""124041494.536 m2"",""Área traslapada (%)"":""3.09%""},{""..."":""<div title=\\""La iniciativa de mitigación de GEI que pretende inscribir en la fase de Factibilidad presenta un Traslape Informativo. \\"" style=\\""display: flex; justify-content: center; align-items: center; height: 100%;\\""> \\n              <span class=\\""esri-icon-notice-triangle\\"" \\n                    style=\\""font-size: 24px; color: orange;\\"" \\n                    title=\\""La iniciativa de mitigación de GEI que pretende inscribir en la fase de Factibilidad presenta un Traslape Informativo. \\"">\\n              </span>\\n            </div>"",""Tipo"":""Traslape Informativo"",""Nombre"":""Ríos Blanco y Negro"",""Capa"":""RUNAP"",""Área (M2)"":""124041494.536 m2"",""Área traslapada (%)"":""0.04%""},{""..."":""<div title=\\""La iniciativa de mitigación de GEI que pretende inscribir en la fase de Factibilidad presenta un Traslape Informativo. \\"" style=\\""display: flex; justify-content: center; align-items: center; height: 100%;\\""> \\n              <span class=\\""esri-icon-notice-triangle\\"" \\n                    style=\\""font-size: 24px; color: orange;\\"" \\n                    title=\\""La iniciativa de mitigación de GEI que pretende inscribir en la fase de Factibilidad presenta un Traslape Informativo. \\"">\\n              </span>\\n            </div>"",""Tipo"":""Traslape Informativo"",""Nombre"":""Chingaza"",""Capa"":""RUNAP"",""Área (M2)"":""772696615.165 m2"",""Área traslapada (%)"":""0%""},{""..."":""<div title=\\""La iniciativa de mitigación de GEI que pretende inscribir en la fase de Factibilidad presenta un Traslape Informativo. \\"" style=\\""display: flex; justify-content: center; align-items: center; height: 100%;\\""> \\n              <span class=\\""esri-icon-notice-triangle\\"" \\n                    style=\\""font-size: 24px; color: orange;\\"" \\n                    title=\\""La iniciativa de mitigación de GEI que pretende inscribir en la fase de Factibilidad presenta un Traslape Informativo. \\"">\\n              </span>\\n            </div>"",""Tipo"":""Traslape Informativo"",""Nombre"":""Ríos Blanco y Negro"",""Capa"":""RUNAP"",""Área (M2)"":""124041494.536 m2"",""Área traslapada (%)"":""0%""},{""..."":""<div title=\\""La iniciativa de mitigación de GEI que pretende inscribir en la fase de Factibilidad presenta un Traslape Informativo. \\"" style=\\""display: flex; justify-content: center; align-items: center; height: 100%;\\""> \\n              <span class=\\""esri-icon-notice-triangle\\"" \\n                    style=\\""font-size: 24px; color: orange;\\"" \\n                    title=\\""La iniciativa de mitigación de GEI que pretende inscribir en la fase de Factibilidad presenta un Traslape Informativo. \\"">\\n              </span>\\n            </div>"",""Tipo"":""Traslape Informativo"",""Nombre"":""Ríos Chorrera y Concepción"",""Capa"":""RUNAP"",""Área (M2)"":""44275401.25 m2"",""Área traslapada (%)"":""11.88%""},{""..."":""<div title=\\""La iniciativa de mitigación de GEI que pretende inscribir en la fase de Factibilidad presenta un Traslape Informativo. \\"" style=\\""display: flex; justify-content: center; align-items: center; height: 100%;\\""> \\n              <span class=\\""esri-icon-notice-triangle\\"" \\n                    style=\\""font-size: 24px; color: orange;\\"" \\n                    title=\\""La iniciativa de mitigación de GEI que pretende inscribir en la fase de Factibilidad presenta un Traslape Informativo. \\"">\\n              </span>\\n            </div>"",""Tipo"":""Traslape Informativo"",""Nombre"":""Chingaza"",""Capa"":""RUNAP"",""Área (M2)"":""772696615.165 m2"",""Área traslapada (%)"":""0%""},{""..."":""<div title=\\""La iniciativa de mitigación de GEI que pretende inscribir en la fase de Factibilidad presenta un Traslape Informativo. \\"" style=\\""display: flex; justify-content: center; align-items: center; height: 100%;\\""> \\n              <span class=\\""esri-icon-notice-triangle\\"" \\n                    style=\\""font-size: 24px; color: orange;\\"" \\n                    title=\\""La iniciativa de mitigación de GEI que pretende inscribir en la fase de Factibilidad presenta un Traslape Informativo. \\"">\\n              </span>\\n            </div>"",""Tipo"":""Traslape Informativo"",""Nombre"":""Bosque Oriental de Bogotá"",""Capa"":""RUNAP"",""Área (M2)"":""141162304.162 m2"",""Área traslapada (%)"":""1.23%""},{""..."":""<div title=\\""La iniciativa de mitigación de GEI que pretende inscribir en la fase de Factibilidad presenta un Traslape Informativo. \\"" style=\\""display: flex; justify-content: center; align-items: center; height: 100%;\\""> \\n              <span class=\\""esri-icon-notice-triangle\\"" \\n                    style=\\""font-size: 24px; color: orange;\\"" \\n                    title=\\""La iniciativa de mitigación de GEI que pretende inscribir en la fase de Factibilidad presenta un Traslape Informativo. \\"">\\n              </span>\\n            </div>"",""Tipo"":""Traslape Informativo"",""Nombre"":""Ríos Chorrera y Concepción"",""Capa"":""RUNAP"",""Área (M2)"":""44275401.25 m2"",""Área traslapada (%)"":""0.15%""},{""..."":""<div title=\\""La iniciativa de mitigación de GEI que pretende inscribir en la fase de Factibilidad presenta un Traslape Informativo. \\"" style=\\""display: flex; justify-content: center; align-items: center; height: 100%;\\""> \\n              <span class=\\""esri-icon-notice-triangle\\"" \\n                    style=\\""font-size: 24px; color: orange;\\"" \\n                    title=\\""La iniciativa de mitigación de GEI que pretende inscribir en la fase de Factibilidad presenta un Traslape Informativo. \\"">\\n              </span>\\n            </div>"",""Tipo"":""Traslape Informativo"",""Nombre"":""Ríos Chorrera y Concepción"",""Capa"":""RUNAP"",""Área (M2)"":""44275401.25 m2"",""Área traslapada (%)"":""0.58%""},{""..."":""<div title=\\""La iniciativa de mitigación de GEI que pretende inscribir en la fase de Factibilidad presenta un Traslape Informativo. \\"" style=\\""display: flex; justify-content: center; align-items: center; height: 100%;\\""> \\n              <span class=\\""esri-icon-notice-triangle\\"" \\n                    style=\\""font-size: 24px; color: orange;\\"" \\n                    title=\\""La iniciativa de mitigación de GEI que pretende inscribir en la fase de Factibilidad presenta un Traslape Informativo. \\"">\\n              </span>\\n            </div>"",""Tipo"":""Traslape Informativo"",""Nombre"":""Ríos Chorrera y Concepción"",""Capa"":""RUNAP"",""Área (M2)"":""44275401.25 m2"",""Área traslapada (%)"":""0.03%""},{""..."":""<div title=\\""La iniciativa de mitigación de GEI que pretende inscribir en la fase de Factibilidad presenta un Traslape Informativo. \\"" style=\\""display: flex; justify-content: center; align-items: center; height: 100%;\\""> \\n              <span class=\\""esri-icon-notice-triangle\\"" \\n                    style=\\""font-size: 24px; color: orange;\\"" \\n                    title=\\""La iniciativa de mitigación de GEI que pretende inscribir en la fase de Factibilidad presenta un Traslape Informativo. \\"">\\n              </span>\\n            </div>"",""Tipo"":""Traslape Informativo"",""Nombre"":""El Espino Corcovado"",""Capa"":""RUNAP"",""Área (M2)"":""2333564.158 m2"",""Área traslapada (%)"":""0.54%""},{""..."":""<div title=\\""La iniciativa de mitigación de GEI que pretende inscribir en la fase de Factibilidad presenta un Traslape Informativo. \\"" style=\\""display: flex; justify-content: center; align-items: center; height: 100%;\\""> \\n              <span class=\\""esri-icon-notice-triangle\\"" \\n                    style=\\""font-size: 24px; color: orange;\\"" \\n                    title=\\""La iniciativa de mitigación de GEI que pretende inscribir en la fase de Factibilidad presenta un Traslape Informativo. \\"">\\n              </span>\\n            </div>"",""Tipo"":""Traslape Informativo"",""Nombre"":""Ríos Chorrera y Concepción"",""Capa"":""RUNAP"",""Área (M2)"":""44275401.25 m2"",""Área traslapada (%)"":""0%""},{""..."":""<div title=\\""La iniciativa de mitigación de GEI que pretende inscribir en la fase de Factibilidad presenta un Traslape Informativo. \\"" style=\\""display: flex; justify-content: center; align-items: center; height: 100%;\\""> \\n              <span class=\\""esri-icon-notice-triangle\\"" \\n                    style=\\""font-size: 24px; color: orange;\\"" \\n                    title=\\""La iniciativa de mitigación de GEI que pretende inscribir en la fase de Factibilidad presenta un Traslape Informativo. \\"">\\n              </span>\\n            </div>"",""Tipo"":""Traslape Informativo"",""Nombre"":""Ríos Chorrera y Concepción"",""Capa"":""RUNAP"",""Área (M2)"":""44275401.25 m2"",""Área traslapada (%)"":""0.07%""},{""..."":""<div title=\\""La iniciativa de mitigación de GEI que pretende inscribir en la fase de Factibilidad presenta un Traslape Informativo. \\"" style=\\""display: flex; justify-content: center; align-items: center; height: 100%;\\""> \\n              <span class=\\""esri-icon-notice-triangle\\"" \\n                    style=\\""font-size: 24px; color: orange;\\"" \\n                    title=\\""La iniciativa de mitigación de GEI que pretende inscribir en la fase de Factibilidad presenta un Traslape Informativo. \\"">\\n              </span>\\n            </div>"",""Tipo"":""Traslape Informativo"",""Nombre"":""El Espino Corcovado"",""Capa"":""RUNAP"",""Área (M2)"":""2333564.158 m2"",""Área traslapada (%)"":""0.07%""},{""..."":""<div title=\\""La iniciativa de mitigación de GEI que pretende inscribir en la fase de Factibilidad presenta un Traslape Informativo. \\"" style=\\""display: flex; justify-content: center; align-items: center; height: 100%;\\""> \\n              <span class=\\""esri-icon-notice-triangle\\"" \\n                    style=\\""font-size: 24px; color: orange;\\"" \\n                    title=\\""La iniciativa de mitigación de GEI que pretende inscribir en la fase de Factibilidad presenta un Traslape Informativo. \\"">\\n              </span>\\n            </div>"",""Tipo"":""Traslape Informativo"",""Nombre"":""Ríos Chorrera y Concepción"",""Capa"":""RUNAP"",""Área (M2)"":""44275401.25 m2"",""Área traslapada (%)"":""0.04%""},{""..."":""<div title=\\""La iniciativa de mitigación de GEI que pretende inscribir en la fase de Factibilidad presenta un Traslape Informativo. \\"" style=\\""display: flex; justify-content: center; align-items: center; height: 100%;\\""> \\n              <span class=\\""esri-icon-notice-triangle\\"" \\n                    style=\\""font-size: 24px; color: orange;\\"" \\n                    title=\\""La iniciativa de mitigación de GEI que pretende inscribir en la fase de Factibilidad presenta un Traslape Informativo. \\"">\\n              </span>\\n            </div>"",""Tipo"":""Traslape Informativo"",""Nombre"":""Ríos Chorrera y Concepción"",""Capa"":""RUNAP"",""Área (M2)"":""44275401.25 m2"",""Área traslapada (%)"":""0.74%""},{""..."":""<div title=\\""La iniciativa de mitigación de GEI que pretende inscribir en la fase de Factibilidad presenta un Traslape Informativo. \\"" style=\\""display: flex; justify-content: center; align-items: center; height: 100%;\\""> \\n              <span class=\\""esri-icon-notice-triangle\\"" \\n                    style=\\""font-size: 24px; color: orange;\\"" \\n                    title=\\""La iniciativa de mitigación de GEI que pretende inscribir en la fase de Factibilidad presenta un Traslape Informativo. \\"">\\n              </span>\\n            </div>"",""Tipo"":""Traslape Informativo"",""Nombre"":""Ríos Chorrera y Concepción"",""Capa"":""RUNAP"",""Área (M2)"":""44275401.25 m2"",""Área traslapada (%)"":""0.41%""},{""..."":""<div title=\\""La iniciativa de mitigación de GEI que pretende inscribir en la fase de Factibilidad presenta un Traslape Informativo. \\"" style=\\""display: flex; justify-content: center; align-items: center; height: 100%;\\""> \\n              <span class=\\""esri-icon-notice-triangle\\"" \\n                    style=\\""font-size: 24px; color: orange;\\"" \\n                    title=\\""La iniciativa de mitigación de GEI que pretende inscribir en la fase de Factibilidad presenta un Traslape Informativo. \\"">\\n              </span>\\n            </div>"",""Tipo"":""Traslape Informativo"",""Nombre"":""Chingaza"",""Capa"":""RUNAP"",""Área (M2)"":""772696615.165 m2"",""Área traslapada (%)"":""0%""},{""..."":""<div title=\\""La iniciativa de mitigación de GEI que pretende inscribir en la fase de Factibilidad presenta un Traslape Informativo. \\"" style=\\""display: flex; justify-content: center; align-items: center; height: 100%;\\""> \\n              <span class=\\""esri-icon-notice-triangle\\"" \\n                    style=\\""font-size: 24px; color: orange;\\"" \\n                    title=\\""La iniciativa de mitigación de GEI que pretende inscribir en la fase de Factibilidad presenta un Traslape Informativo. \\"">\\n              </span>\\n            </div>"",""Tipo"":""Traslape Informativo"",""Nombre"":""Páramo Grande"",""Capa"":""RUNAP"",""Área (M2)"":""50174417.987 m2"",""Área traslapada (%)"":""0.1%""},{""..."":""<div title=\\""La iniciativa de mitigación de GEI que pretende inscribir en la fase de Factibilidad presenta un Traslape Informativo. \\"" style=\\""display: flex; justify-content: center; align-items: center; height: 100%;\\""> \\n              <span class=\\""esri-icon-notice-triangle\\"" \\n                    style=\\""font-size: 24px; color: orange;\\"" \\n                    title=\\""La iniciativa de mitigación de GEI que pretende inscribir en la fase de Factibilidad presenta un Traslape Informativo. \\"">\\n              </span>\\n            </div>"",""Tipo"":""Traslape Informativo"",""Nombre"":""El Espino Corcovado"",""Capa"":""RUNAP"",""Área (M2)"":""2333564.158 m2"",""Área traslapada (%)"":""4.24%""},{""..."":""<div title=\\""La iniciativa de mitigación de GEI que pretende inscribir en la fase de Factibilidad presenta un Traslape Informativo. \\"" style=\\""display: flex; justify-content: center; align-items: center; height: 100%;\\""> \\n              <span class=\\""esri-icon-notice-triangle\\"" \\n                    style=\\""font-size: 24px; color: orange;\\"" \\n                    title=\\""La iniciativa de mitigación de GEI que pretende inscribir en la fase de Factibilidad presenta un Traslape Informativo. \\"">\\n              </span>\\n            </div>"",""Tipo"":""Traslape Informativo"",""Nombre"":""Chingaza"",""Capa"":""RUNAP"",""Área (M2)"":""772696615.165 m2"",""Área traslapada (%)"":""0%""},{""..."":""<div title=\\""La iniciativa de mitigación de GEI que pretende inscribir en la fase de Factibilidad presenta un Traslape Informativo. \\"" style=\\""display: flex; justify-content: center; align-items: center; height: 100%;\\""> \\n              <span class=\\""esri-icon-notice-triangle\\"" \\n                    style=\\""font-size: 24px; color: orange;\\"" \\n                    title=\\""La iniciativa de mitigación de GEI que pretende inscribir en la fase de Factibilidad presenta un Traslape Informativo. \\"">\\n              </span>\\n            </div>"",""Tipo"":""Traslape Informativo"",""Nombre"":""Ríos Chorrera y Concepción"",""Capa"":""RUNAP"",""Área (M2)"":""44275401.25 m2"",""Área traslapada (%)"":""17.69%""},{""..."":""<div title=\\""La iniciativa de mitigación de GEI que pretende inscribir en la fase de Factibilidad presenta un Traslape Informativo. \\"" style=\\""display: flex; justify-content: center; align-items: center; height: 100%;\\""> \\n              <span class=\\""esri-icon-notice-triangle\\"" \\n                    style=\\""font-size: 24px; color: orange;\\"" \\n                    title=\\""La iniciativa de mitigación de GEI que pretende inscribir en la fase de Factibilidad presenta un Traslape Informativo. \\"">\\n              </span>\\n            </div>"",""Tipo"":""Traslape Informativo"",""Nombre"":""Bosque Oriental de Bogotá"",""Capa"":""RUNAP"",""Área (M2)"":""141162304.162 m2"",""Área traslapada (%)"":""0.11%""},{""..."":""<div title=\\""La iniciativa de mitigación de GEI que pretende inscribir en la fase de Factibilidad presenta un Traslape Informativo. \\"" style=\\""display: flex; justify-content: center; align-items: center; height: 100%;\\""> \\n              <span class=\\""esri-icon-notice-triangle\\"" \\n                    style=\\""font-size: 24px; color: orange;\\"" \\n                    title=\\""La iniciativa de mitigación de GEI que pretende inscribir en la fase de Factibilidad presenta un Traslape Informativo. \\"">\\n              </span>\\n            </div>"",""Tipo"":""Traslape Informativo"",""Nombre"":""Bosque Oriental de Bogotá"",""Capa"":""RUNAP"",""Área (M2)"":""141162304.162 m2"",""Área traslapada (%)"":""0%""}]', 'resultado_traslape': 'Se presenta un traslape informativo con Registro Único de Áreas protegidas - RUNAP.', 'fecha_resultado_traslape': '30/12/2025 12:29:26', 'sector_cartera': '', 'tipo_moneda_1': '', 'tasa_cambio_1': '', 'fecha_tasa_cambio_1': '', 'contribucion_propia_1': '', 'contribucion_propia_tasa_cambio_1': '', 'contribucion_externa_1': '', 'contribucion_externa_tasa_cambio_1': '', 'costo_total_1': '', 'costo_total_tasa_cambio_1': '', 't_sector_cartera_asociado_2': '', 't_costos_asociados': '', 'tipo_actividad': 46, 'nombre_tipo_actividad': 'Reducción de las emisiones debidas a la deforestación'}, {'fuente_relacionada_1': '{""value"":""Árboles sembrados""}', 'tipo_actividad_1': 50, 'descripcion_actividad_1': 'El proyecto busca conservar los bosques y coberturas naturales de paramo que están bajo presiones de cambio de uso del suelo y restaurar áreas degradadas asociados a los complejos de páramos de Sumapaz, Chingaza, Guacheneque y Guerrero, en departamentos del Cundinamarca, Meta y Boyacá.', 'fecha_inicial_1': '19/12/2019', 'fecha_final_1': '18/12/2059', 'acciones_redd_mas_1': 'La estrategia de intervención para reducir la pérdida de coberturas naturales se basa en cuatro componentes principales: 1) Restauración y Sistemas productivos sostenibles, 2) Inversión operacional, 3) Gobernanza territorial, 4) Monitoreo y Biodiversidad.', 'depositos_carbono_1': '[{""depositos_carbono_1_1"":{""label"":""Biomasa subterránea"",""value"":167,""repeat"":false}},{""depositos_carbono_1_1"":{""label"":""Biomasa aérea"",""value"":131,""repeat"":false}}]', 'check_co_beneficios_economicos_1': '', 'descripcion_co_beneficios_economicos_1': '', 'check_co_beneficios_sociales_1': True, 'descripcion_co_beneficios_sociales_1': 'ODS 2 Hambre Cero: fortalecer seguridad alimentaria y mejorar sistemas productivos. ODS4 Educación: mejorar acceso a educación y capacitación. ODS5 Género: promover participación mujeres', 'check_co_beneficios_ambientales_1': True, 'descripcion_co_beneficios_ambientales_1': 'ODS6 Agua Limpia y Saneamiento: aumento coberturas naturales para la regulación hídrica. ODS15 Terrestres: restauración zonas estratégicas y conservar hábitats naturales', 'check_otros_co_beneficios_1': '', 'descripcion_otros_co_beneficios_1': '', 'archivo_soporte_2_2': 'files-renare/cc,52168193/6925ca9e78306d8ed3ce75e6/documentossolicitud/05documentodescripcionactividadmitigacion30-12-2025-12-34-15.pdf', 'archivo_soporte_2_3': '', 'geovisor_calculo_traslape_1': '[{""..."":""<div title=\\""La iniciativa de mitigación de GEI que pretende inscribir en la fase de Factibilidad presenta un Traslape Informativo. \\"" style=\\""display: flex; justify-content: center; align-items: center; height: 100%;\\""> \\n              <span class=\\""esri-icon-notice-triangle\\"" \\n                    style=\\""font-size: 24px; color: orange;\\"" \\n                    title=\\""La iniciativa de mitigación de GEI que pretende inscribir en la fase de Factibilidad presenta un Traslape Informativo. \\"">\\n              </span>\\n            </div>"",""Tipo"":""Traslape Informativo"",""Nombre"":""Bosque Oriental de Bogotá"",""Capa"":""RUNAP"",""Área (M2)"":""141162304.162 m2"",""Área traslapada (%)"":""0.01%""},{""..."":""<div title=\\""La iniciativa de mitigación de GEI que pretende inscribir en la fase de Factibilidad presenta un Traslape Informativo. \\"" style=\\""display: flex; justify-content: center; align-items: center; height: 100%;\\""> \\n              <span class=\\""esri-icon-notice-triangle\\"" \\n                    style=\\""font-size: 24px; color: orange;\\"" \\n                    title=\\""La iniciativa de mitigación de GEI que pretende inscribir en la fase de Factibilidad presenta un Traslape Informativo. \\"">\\n              </span>\\n            </div>"",""Tipo"":""Traslape Informativo"",""Nombre"":""Bosque Oriental de Bogotá"",""Capa"":""RUNAP"",""Área (M2)"":""141162304.162 m2"",""Área traslapada (%)"":""0.01%""},{""..."":""<div title=\\""La iniciativa de mitigación de GEI que pretende inscribir en la fase de Factibilidad presenta un Traslape Informativo. \\"" style=\\""display: flex; justify-content: center; align-items: center; height: 100%;\\""> \\n              <span class=\\""esri-icon-notice-triangle\\"" \\n                    style=\\""font-size: 24px; color: orange;\\"" \\n                    title=\\""La iniciativa de mitigación de GEI que pretende inscribir en la fase de Factibilidad presenta un Traslape Informativo. \\"">\\n              </span>\\n            </div>"",""Tipo"":""Traslape Informativo"",""Nombre"":""Bosque Oriental de Bogotá"",""Capa"":""RUNAP"",""Área (M2)"":""141162304.162 m2"",""Área traslapada (%)"":""0%""},{""..."":""<div title=\\""La iniciativa de mitigación de GEI que pretende inscribir en la fase de Factibilidad presenta un Traslape Informativo. \\"" style=\\""display: flex; justify-content: center; align-items: center; height: 100%;\\""> \\n              <span class=\\""esri-icon-notice-triangle\\"" \\n                    style=\\""font-size: 24px; color: orange;\\"" \\n                    title=\\""La iniciativa de mitigación de GEI que pretende inscribir en la fase de Factibilidad presenta un Traslape Informativo. \\"">\\n              </span>\\n            </div>"",""Tipo"":""Traslape Informativo"",""Nombre"":""Bosque Oriental de Bogotá"",""Capa"":""RUNAP"",""Área (M2)"":""141162304.162 m2"",""Área traslapada (%)"":""0.06%""},{""..."":""<div title=\\""La iniciativa de mitigación de GEI que pretende inscribir en la fase de Factibilidad presenta un Traslape Informativo. \\"" style=\\""display: flex; justify-content: center; align-items: center; height: 100%;\\""> \\n              <span class=\\""esri-icon-notice-triangle\\"" \\n                    style=\\""font-size: 24px; color: orange;\\"" \\n                    title=\\""La iniciativa de mitigación de GEI que pretende inscribir en la fase de Factibilidad presenta un Traslape Informativo. \\"">\\n              </span>\\n            </div>"",""Tipo"":""Traslape Informativo"",""Nombre"":""Bosque Oriental de Bogotá"",""Capa"":""RUNAP"",""Área (M2)"":""141162304.162 m2"",""Área traslapada (%)"":""0.8%""},{""..."":""<div title=\\""La iniciativa de mitigación de GEI que pretende inscribir en la fase de Factibilidad presenta un Traslape Informativo. \\"" style=\\""display: flex; justify-content: center; align-items: center; height: 100%;\\""> \\n              <span class=\\""esri-icon-notice-triangle\\"" \\n                    style=\\""font-size: 24px; color: orange;\\"" \\n                    title=\\""La iniciativa de mitigación de GEI que pretende inscribir en la fase de Factibilidad presenta un Traslape Informativo. \\"">\\n              </span>\\n            </div>"",""Tipo"":""Traslape Informativo"",""Nombre"":""Bosque Oriental de Bogotá"",""Capa"":""RUNAP"",""Área (M2)"":""141162304.162 m2"",""Área traslapada (%)"":""0.1%""},{""..."":""<div title=\\""La iniciativa de mitigación de GEI que pretende inscribir en la fase de Factibilidad presenta un Traslape Informativo. \\"" style=\\""display: flex; justify-content: center; align-items: center; height: 100%;\\""> \\n              <span class=\\""esri-icon-notice-triangle\\"" \\n                    style=\\""font-size: 24px; color: orange;\\"" \\n                    title=\\""La iniciativa de mitigación de GEI que pretende inscribir en la fase de Factibilidad presenta un Traslape Informativo. \\"">\\n              </span>\\n            </div>"",""Tipo"":""Traslape Informativo"",""Nombre"":""Bosque Oriental de Bogotá"",""Capa"":""RUNAP"",""Área (M2)"":""141162304.162 m2"",""Área traslapada (%)"":""0.79%""},{""..."":""<div title=\\""La iniciativa de mitigación de GEI que pretende inscribir en la fase de Factibilidad presenta un Traslape Informativo. \\"" style=\\""display: flex; justify-content: center; align-items: center; height: 100%;\\""> \\n              <span class=\\""esri-icon-notice-triangle\\"" \\n                    style=\\""font-size: 24px; color: orange;\\"" \\n                    title=\\""La iniciativa de mitigación de GEI que pretende inscribir en la fase de Factibilidad presenta un Traslape Informativo. \\"">\\n              </span>\\n            </div>"",""Tipo"":""Traslape Informativo"",""Nombre"":""Bosque Oriental de Bogotá"",""Capa"":""RUNAP"",""Área (M2)"":""141162304.162 m2"",""Área traslapada (%)"":""0.53%""},{""..."":""<div title=\\""La iniciativa de mitigación de GEI que pretende inscribir en la fase de Factibilidad presenta un Traslape Informativo. \\"" style=\\""display: flex; justify-content: center; align-items: center; height: 100%;\\""> \\n              <span class=\\""esri-icon-notice-triangle\\"" \\n                    style=\\""font-size: 24px; color: orange;\\"" \\n                    title=\\""La iniciativa de mitigación de GEI que pretende inscribir en la fase de Factibilidad presenta un Traslape Informativo. \\"">\\n              </span>\\n            </div>"",""Tipo"":""Traslape Informativo"",""Nombre"":""Bosque Oriental de Bogotá"",""Capa"":""RUNAP"",""Área (M2)"":""141162304.162 m2"",""Área traslapada (%)"":""0%""},{""..."":""<div title=\\""La iniciativa de mitigación de GEI que pretende inscribir en la fase de Factibilidad presenta un Traslape Informativo. \\"" style=\\""display: flex; justify-content: center; align-items: center; height: 100%;\\""> \\n              <span class=\\""esri-icon-notice-triangle\\"" \\n                    style=\\""font-size: 24px; color: orange;\\"" \\n                    title=\\""La iniciativa de mitigación de GEI que pretende inscribir en la fase de Factibilidad presenta un Traslape Informativo. \\"">\\n              </span>\\n            </div>"",""Tipo"":""Traslape Informativo"",""Nombre"":""Bosque Oriental de Bogotá"",""Capa"":""RUNAP"",""Área (M2)"":""141162304.162 m2"",""Área traslapada (%)"":""0.01%""},{""..."":""<div title=\\""La iniciativa de mitigación de GEI que pretende inscribir en la fase de Factibilidad presenta un Traslape Informativo. \\"" style=\\""display: flex; justify-content: center; align-items: center; height: 100%;\\""> \\n              <span class=\\""esri-icon-notice-triangle\\"" \\n                    style=\\""font-size: 24px; color: orange;\\"" \\n                    title=\\""La iniciativa de mitigación de GEI que pretende inscribir en la fase de Factibilidad presenta un Traslape Informativo. \\"">\\n              </span>\\n            </div>"",""Tipo"":""Traslape Informativo"",""Nombre"":""Bosque Oriental de Bogotá"",""Capa"":""RUNAP"",""Área (M2)"":""141162304.162 m2"",""Área traslapada (%)"":""0.03%""},{""..."":""<div title=\\""La iniciativa de mitigación de GEI que pretende inscribir en la fase de Factibilidad presenta un Traslape Informativo. \\"" style=\\""display: flex; justify-content: center; align-items: center; height: 100%;\\""> \\n              <span class=\\""esri-icon-notice-triangle\\"" \\n                    style=\\""font-size: 24px; color: orange;\\"" \\n                    title=\\""La iniciativa de mitigación de GEI que pretende inscribir en la fase de Factibilidad presenta un Traslape Informativo. \\"">\\n              </span>\\n            </div>"",""Tipo"":""Traslape Informativo"",""Nombre"":""Bosque Oriental de Bogotá"",""Capa"":""RUNAP"",""Área (M2)"":""141162304.162 m2"",""Área traslapada (%)"":""0.03%""},{""..."":""<div title=\\""La iniciativa de mitigación de GEI que pretende inscribir en la fase de Factibilidad presenta un Traslape Informativo. \\"" style=\\""display: flex; justify-content: center; align-items: center; height: 100%;\\""> \\n              <span class=\\""esri-icon-notice-triangle\\"" \\n                    style=\\""font-size: 24px; color: orange;\\"" \\n                    title=\\""La iniciativa de mitigación de GEI que pretende inscribir en la fase de Factibilidad presenta un Traslape Informativo. \\"">\\n              </span>\\n            </div>"",""Tipo"":""Traslape Informativo"",""Nombre"":""Bosque Oriental de Bogotá"",""Capa"":""RUNAP"",""Área (M2)"":""141162304.162 m2"",""Área traslapada (%)"":""0.02%""},{""..."":""<div title=\\""La iniciativa de mitigación de GEI que pretende inscribir en la fase de Factibilidad presenta un Traslape Informativo. \\"" style=\\""display: flex; justify-content: center; align-items: center; height: 100%;\\""> \\n              <span class=\\""esri-icon-notice-triangle\\"" \\n                    style=\\""font-size: 24px; color: orange;\\"" \\n                    title=\\""La iniciativa de mitigación de GEI que pretende inscribir en la fase de Factibilidad presenta un Traslape Informativo. \\"">\\n              </span>\\n            </div>"",""Tipo"":""Traslape Informativo"",""Nombre"":""Bosque Oriental de Bogotá"",""Capa"":""RUNAP"",""Área (M2)"":""141162304.162 m2"",""Área traslapada (%)"":""0.01%""},{""..."":""<div title=\\""La iniciativa de mitigación de GEI que pretende inscribir en la fase de Factibilidad presenta un Traslape Informativo. \\"" style=\\""display: flex; justify-content: center; align-items: center; height: 100%;\\""> \\n              <span class=\\""esri-icon-notice-triangle\\"" \\n                    style=\\""font-size: 24px; color: orange;\\"" \\n                    title=\\""La iniciativa de mitigación de GEI que pretende inscribir en la fase de Factibilidad presenta un Traslape Informativo. \\"">\\n              </span>\\n            </div>"",""Tipo"":""Traslape Informativo"",""Nombre"":""Bosque Oriental de Bogotá"",""Capa"":""RUNAP"",""Área (M2)"":""141162304.162 m2"",""Área traslapada (%)"":""0.15%""},{""..."":""<div title=\\""La iniciativa de mitigación de GEI que pretende inscribir en la fase de Factibilidad presenta un Traslape Informativo. \\"" style=\\""display: flex; justify-content: center; align-items: center; height: 100%;\\""> \\n              <span class=\\""esri-icon-notice-triangle\\"" \\n                    style=\\""font-size: 24px; color: orange;\\"" \\n                    title=\\""La iniciativa de mitigación de GEI que pretende inscribir en la fase de Factibilidad presenta un Traslape Informativo. \\"">\\n              </span>\\n            </div>"",""Tipo"":""Traslape Informativo"",""Nombre"":""Bosque Oriental de Bogotá"",""Capa"":""RUNAP"",""Área (M2)"":""141162304.162 m2"",""Área traslapada (%)"":""0.27%""},{""..."":""<div title=\\""La iniciativa de mitigación de GEI que pretende inscribir en la fase de Factibilidad presenta un Traslape Informativo. \\"" style=\\""display: flex; justify-content: center; align-items: center; height: 100%;\\""> \\n              <span class=\\""esri-icon-notice-triangle\\"" \\n                    style=\\""font-size: 24px; color: orange;\\"" \\n                    title=\\""La iniciativa de mitigación de GEI que pretende inscribir en la fase de Factibilidad presenta un Traslape Informativo. \\"">\\n              </span>\\n            </div>"",""Tipo"":""Traslape Informativo"",""Nombre"":""Bosque Oriental de Bogotá"",""Capa"":""RUNAP"",""Área (M2)"":""141162304.162 m2"",""Área traslapada (%)"":""0.01%""},{""..."":""<div title=\\""La iniciativa de mitigación de GEI que pretende inscribir en la fase de Factibilidad presenta un Traslape Informativo. \\"" style=\\""display: flex; justify-content: center; align-items: center; height: 100%;\\""> \\n              <span class=\\""esri-icon-notice-triangle\\"" \\n                    style=\\""font-size: 24px; color: orange;\\"" \\n                    title=\\""La iniciativa de mitigación de GEI que pretende inscribir en la fase de Factibilidad presenta un Traslape Informativo. \\"">\\n              </span>\\n            </div>"",""Tipo"":""Traslape Informativo"",""Nombre"":""Bosque Oriental de Bogotá"",""Capa"":""RUNAP"",""Área (M2)"":""141162304.162 m2"",""Área traslapada (%)"":""0.27%""},{""..."":""<div title=\\""La iniciativa de mitigación de GEI que pretende inscribir en la fase de Factibilidad presenta un Traslape Informativo. \\"" style=\\""display: flex; justify-content: center; align-items: center; height: 100%;\\""> \\n              <span class=\\""esri-icon-notice-triangle\\"" \\n                    style=\\""font-size: 24px; color: orange;\\"" \\n                    title=\\""La iniciativa de mitigación de GEI que pretende inscribir en la fase de Factibilidad presenta un Traslape Informativo. \\"">\\n              </span>\\n            </div>"",""Tipo"":""Traslape Informativo"",""Nombre"":""Bosque Oriental de Bogotá"",""Capa"":""RUNAP"",""Área (M2)"":""141162304.162 m2"",""Área traslapada (%)"":""2.39%""},{""..."":""<div title=\\""La iniciativa de mitigación de GEI que pretende inscribir en la fase de Factibilidad presenta un Traslape Informativo. \\"" style=\\""display: flex; justify-content: center; align-items: center; height: 100%;\\""> \\n              <span class=\\""esri-icon-notice-triangle\\"" \\n                    style=\\""font-size: 24px; color: orange;\\"" \\n                    title=\\""La iniciativa de mitigación de GEI que pretende inscribir en la fase de Factibilidad presenta un Traslape Informativo. \\"">\\n              </span>\\n            </div>"",""Tipo"":""Traslape Informativo"",""Nombre"":""Bosque Oriental de Bogotá"",""Capa"":""RUNAP"",""Área (M2)"":""141162304.162 m2"",""Área traslapada (%)"":""0.14%""},{""..."":""<div title=\\""La iniciativa de mitigación de GEI que pretende inscribir en la fase de Factibilidad presenta un Traslape Informativo. \\"" style=\\""display: flex; justify-content: center; align-items: center; height: 100%;\\""> \\n              <span class=\\""esri-icon-notice-triangle\\"" \\n                    style=\\""font-size: 24px; color: orange;\\"" \\n                    title=\\""La iniciativa de mitigación de GEI que pretende inscribir en la fase de Factibilidad presenta un Traslape Informativo. \\"">\\n              </span>\\n            </div>"",""Tipo"":""Traslape Informativo"",""Nombre"":""Bosque Oriental de Bogotá"",""Capa"":""RUNAP"",""Área (M2)"":""141162304.162 m2"",""Área traslapada (%)"":""0.19%""},{""..."":""<div title=\\""La iniciativa de mitigación de GEI que pretende inscribir en la fase de Factibilidad presenta un Traslape Informativo. \\"" style=\\""display: flex; justify-content: center; align-items: center; height: 100%;\\""> \\n              <span class=\\""esri-icon-notice-triangle\\"" \\n                    style=\\""font-size: 24px; color: orange;\\"" \\n                    title=\\""La iniciativa de mitigación de GEI que pretende inscribir en la fase de Factibilidad presenta un Traslape Informativo. \\"">\\n              </span>\\n            </div>"",""Tipo"":""Traslape Informativo"",""Nombre"":""Bosque Oriental de Bogotá"",""Capa"":""RUNAP"",""Área (M2)"":""141162304.162 m2"",""Área traslapada (%)"":""0.1%""},{""..."":""<div title=\\""La iniciativa de mitigación de GEI que pretende inscribir en la fase de Factibilidad presenta un Traslape Informativo. \\"" style=\\""display: flex; justify-content: center; align-items: center; height: 100%;\\""> \\n              <span class=\\""esri-icon-notice-triangle\\"" \\n                    style=\\""font-size: 24px; color: orange;\\"" \\n                    title=\\""La iniciativa de mitigación de GEI que pretende inscribir en la fase de Factibilidad presenta un Traslape Informativo. \\"">\\n              </span>\\n            </div>"",""Tipo"":""Traslape Informativo"",""Nombre"":""Bosque Oriental de Bogotá"",""Capa"":""RUNAP"",""Área (M2)"":""141162304.162 m2"",""Área traslapada (%)"":""0.02%""},{""..."":""<div title=\\""La iniciativa de mitigación de GEI que pretende inscribir en la fase de Factibilidad presenta un Traslape Informativo. \\"" style=\\""display: flex; justify-content: center; align-items: center; height: 100%;\\""> \\n              <span class=\\""esri-icon-notice-triangle\\"" \\n                    style=\\""font-size: 24px; color: orange;\\"" \\n                    title=\\""La iniciativa de mitigación de GEI que pretende inscribir en la fase de Factibilidad presenta un Traslape Informativo. \\"">\\n              </span>\\n            </div>"",""Tipo"":""Traslape Informativo"",""Nombre"":""Bosque Oriental de Bogotá"",""Capa"":""RUNAP"",""Área (M2)"":""141162304.162 m2"",""Área traslapada (%)"":""0.65%""},{""..."":""<div title=\\""La iniciativa de mitigación de GEI que pretende inscribir en la fase de Factibilidad presenta un Traslape Informativo. \\"" style=\\""display: flex; justify-content: center; align-items: center; height: 100%;\\""> \\n              <span class=\\""esri-icon-notice-triangle\\"" \\n                    style=\\""font-size: 24px; color: orange;\\"" \\n                    title=\\""La iniciativa de mitigación de GEI que pretende inscribir en la fase de Factibilidad presenta un Traslape Informativo. \\"">\\n              </span>\\n            </div>"",""Tipo"":""Traslape Informativo"",""Nombre"":""Bosque Oriental de Bogotá"",""Capa"":""RUNAP"",""Área (M2)"":""141162304.162 m2"",""Área traslapada (%)"":""0.04%""},{""..."":""<div title=\\""La iniciativa de mitigación de GEI que pretende inscribir en la fase de Factibilidad presenta un Traslape Informativo. \\"" style=\\""display: flex; justify-content: center; align-items: center; height: 100%;\\""> \\n              <span class=\\""esri-icon-notice-triangle\\"" \\n                    style=\\""font-size: 24px; color: orange;\\"" \\n                    title=\\""La iniciativa de mitigación de GEI que pretende inscribir en la fase de Factibilidad presenta un Traslape Informativo. \\"">\\n              </span>\\n            </div>"",""Tipo"":""Traslape Informativo"",""Nombre"":""Bosque Oriental de Bogotá"",""Capa"":""RUNAP"",""Área (M2)"":""141162304.162 m2"",""Área traslapada (%)"":""0.11%""},{""..."":""<div title=\\""La iniciativa de mitigación de GEI que pretende inscribir en la fase de Factibilidad presenta un Traslape Informativo. \\"" style=\\""display: flex; justify-content: center; align-items: center; height: 100%;\\""> \\n              <span class=\\""esri-icon-notice-triangle\\"" \\n                    style=\\""font-size: 24px; color: orange;\\"" \\n                    title=\\""La iniciativa de mitigación de GEI que pretende inscribir en la fase de Factibilidad presenta un Traslape Informativo. \\"">\\n              </span>\\n            </div>"",""Tipo"":""Traslape Informativo"",""Nombre"":""Bosque Oriental de Bogotá"",""Capa"":""RUNAP"",""Área (M2)"":""141162304.162 m2"",""Área traslapada (%)"":""2.23%""},{""..."":""<div title=\\""La iniciativa de mitigación de GEI que pretende inscribir en la fase de Factibilidad presenta un Traslape Informativo. \\"" style=\\""display: flex; justify-content: center; align-items: center; height: 100%;\\""> \\n              <span class=\\""esri-icon-notice-triangle\\"" \\n                    style=\\""font-size: 24px; color: orange;\\"" \\n                    title=\\""La iniciativa de mitigación de GEI que pretende inscribir en la fase de Factibilidad presenta un Traslape Informativo. \\"">\\n              </span>\\n            </div>"",""Tipo"":""Traslape Informativo"",""Nombre"":""Bosque Oriental de Bogotá"",""Capa"":""RUNAP"",""Área (M2)"":""141162304.162 m2"",""Área traslapada (%)"":""0.03%""},{""..."":""<div title=\\""La iniciativa de mitigación de GEI que pretende inscribir en la fase de Factibilidad presenta un Traslape Informativo. \\"" style=\\""display: flex; justify-content: center; align-items: center; height: 100%;\\""> \\n              <span class=\\""esri-icon-notice-triangle\\"" \\n                    style=\\""font-size: 24px; color: orange;\\"" \\n                    title=\\""La iniciativa de mitigación de GEI que pretende inscribir en la fase de Factibilidad presenta un Traslape Informativo. \\"">\\n              </span>\\n            </div>"",""Tipo"":""Traslape Informativo"",""Nombre"":""Bosque Oriental de Bogotá"",""Capa"":""RUNAP"",""Área (M2)"":""141162304.162 m2"",""Área traslapada (%)"":""0.02%""},{""..."":""<div title=\\""La iniciativa de mitigación de GEI que pretende inscribir en la fase de Factibilidad presenta un Traslape Informativo. \\"" style=\\""display: flex; justify-content: center; align-items: center; height: 100%;\\""> \\n              <span class=\\""esri-icon-notice-triangle\\"" \\n                    style=\\""font-size: 24px; color: orange;\\"" \\n                    title=\\""La iniciativa de mitigación de GEI que pretende inscribir en la fase de Factibilidad presenta un Traslape Informativo. \\"">\\n              </span>\\n            </div>"",""Tipo"":""Traslape Informativo"",""Nombre"":""Bosque Oriental de Bogotá"",""Capa"":""RUNAP"",""Área (M2)"":""141162304.162 m2"",""Área traslapada (%)"":""2.27%""},{""..."":""<div title=\\""La iniciativa de mitigación de GEI que pretende inscribir en la fase de Factibilidad presenta un Traslape Informativo. \\"" style=\\""display: flex; justify-content: center; align-items: center; height: 100%;\\""> \\n              <span class=\\""esri-icon-notice-triangle\\"" \\n                    style=\\""font-size: 24px; color: orange;\\"" \\n                    title=\\""La iniciativa de mitigación de GEI que pretende inscribir en la fase de Factibilidad presenta un Traslape Informativo. \\"">\\n              </span>\\n            </div>"",""Tipo"":""Traslape Informativo"",""Nombre"":""Bosque Oriental de Bogotá"",""Capa"":""RUNAP"",""Área (M2)"":""141162304.162 m2"",""Área traslapada (%)"":""0.03%""},{""..."":""<div title=\\""La iniciativa de mitigación de GEI que pretende inscribir en la fase de Factibilidad presenta un Traslape Informativo. \\"" style=\\""display: flex; justify-content: center; align-items: center; height: 100%;\\""> \\n              <span class=\\""esri-icon-notice-triangle\\"" \\n                    style=\\""font-size: 24px; color: orange;\\"" \\n                    title=\\""La iniciativa de mitigación de GEI que pretende inscribir en la fase de Factibilidad presenta un Traslape Informativo. \\"">\\n              </span>\\n            </div>"",""Tipo"":""Traslape Informativo"",""Nombre"":""Bosque Oriental de Bogotá"",""Capa"":""RUNAP"",""Área (M2)"":""141162304.162 m2"",""Área traslapada (%)"":""5.18%""},{""..."":""<div title=\\""La iniciativa de mitigación de GEI que pretende inscribir en la fase de Factibilidad presenta un Traslape Informativo. \\"" style=\\""display: flex; justify-content: center; align-items: center; height: 100%;\\""> \\n              <span class=\\""esri-icon-notice-triangle\\"" \\n                    style=\\""font-size: 24px; color: orange;\\"" \\n                    title=\\""La iniciativa de mitigación de GEI que pretende inscribir en la fase de Factibilidad presenta un Traslape Informativo. \\"">\\n              </span>\\n            </div>"",""Tipo"":""Traslape Informativo"",""Nombre"":""Bosque Oriental de Bogotá"",""Capa"":""RUNAP"",""Área (M2)"":""141162304.162 m2"",""Área traslapada (%)"":""0.1%""},{""..."":""<div title=\\""La iniciativa de mitigación de GEI que pretende inscribir en la fase de Factibilidad presenta un Traslape Informativo. \\"" style=\\""display: flex; justify-content: center; align-items: center; height: 100%;\\""> \\n              <span class=\\""esri-icon-notice-triangle\\"" \\n                    style=\\""font-size: 24px; color: orange;\\"" \\n                    title=\\""La iniciativa de mitigación de GEI que pretende inscribir en la fase de Factibilidad presenta un Traslape Informativo. \\"">\\n              </span>\\n            </div>"",""Tipo"":""Traslape Informativo"",""Nombre"":""Bosque Oriental de Bogotá"",""Capa"":""RUNAP"",""Área (M2)"":""141162304.162 m2"",""Área traslapada (%)"":""2.56%""},{""..."":""<div title=\\""La iniciativa de mitigación de GEI que pretende inscribir en la fase de Factibilidad presenta un Traslape Informativo. \\"" style=\\""display: flex; justify-content: center; align-items: center; height: 100%;\\""> \\n              <span class=\\""esri-icon-notice-triangle\\"" \\n                    style=\\""font-size: 24px; color: orange;\\"" \\n                    title=\\""La iniciativa de mitigación de GEI que pretende inscribir en la fase de Factibilidad presenta un Traslape Informativo. \\"">\\n              </span>\\n            </div>"",""Tipo"":""Traslape Informativo"",""Nombre"":""Bosque Oriental de Bogotá"",""Capa"":""RUNAP"",""Área (M2)"":""141162304.162 m2"",""Área traslapada (%)"":""8.84%""},{""..."":""<div title=\\""La iniciativa de mitigación de GEI que pretende inscribir en la fase de Factibilidad presenta un Traslape Informativo. \\"" style=\\""display: flex; justify-content: center; align-items: center; height: 100%;\\""> \\n              <span class=\\""esri-icon-notice-triangle\\"" \\n                    style=\\""font-size: 24px; color: orange;\\"" \\n                    title=\\""La iniciativa de mitigación de GEI que pretende inscribir en la fase de Factibilidad presenta un Traslape Informativo. \\"">\\n              </span>\\n            </div>"",""Tipo"":""Traslape Informativo"",""Nombre"":""Bosque Oriental de Bogotá"",""Capa"":""RUNAP"",""Área (M2)"":""141162304.162 m2"",""Área traslapada (%)"":""0.39%""},{""..."":""<div title=\\""La iniciativa de mitigación de GEI que pretende inscribir en la fase de Factibilidad presenta un Traslape Informativo. \\"" style=\\""display: flex; justify-content: center; align-items: center; height: 100%;\\""> \\n              <span class=\\""esri-icon-notice-triangle\\"" \\n                    style=\\""font-size: 24px; color: orange;\\"" \\n                    title=\\""La iniciativa de mitigación de GEI que pretende inscribir en la fase de Factibilidad presenta un Traslape Informativo. \\"">\\n              </span>\\n            </div>"",""Tipo"":""Traslape Informativo"",""Nombre"":""Bosque Oriental de Bogotá"",""Capa"":""RUNAP"",""Área (M2)"":""141162304.162 m2"",""Área traslapada (%)"":""0.07%""},{""..."":""<div title=\\""La iniciativa de mitigación de GEI que pretende inscribir en la fase de Factibilidad presenta un Traslape Informativo. \\"" style=\\""display: flex; justify-content: center; align-items: center; height: 100%;\\""> \\n              <span class=\\""esri-icon-notice-triangle\\"" \\n                    style=\\""font-size: 24px; color: orange;\\"" \\n                    title=\\""La iniciativa de mitigación de GEI que pretende inscribir en la fase de Factibilidad presenta un Traslape Informativo. \\"">\\n              </span>\\n            </div>"",""Tipo"":""Traslape Informativo"",""Nombre"":""Bosque Oriental de Bogotá"",""Capa"":""RUNAP"",""Área (M2)"":""141162304.162 m2"",""Área traslapada (%)"":""1.24%""},{""..."":""<div title=\\""La iniciativa de mitigación de GEI que pretende inscribir en la fase de Factibilidad presenta un Traslape Informativo. \\"" style=\\""display: flex; justify-content: center; align-items: center; height: 100%;\\""> \\n              <span class=\\""esri-icon-notice-triangle\\"" \\n                    style=\\""font-size: 24px; color: orange;\\"" \\n                    title=\\""La iniciativa de mitigación de GEI que pretende inscribir en la fase de Factibilidad presenta un Traslape Informativo. \\"">\\n              </span>\\n            </div>"",""Tipo"":""Traslape Informativo"",""Nombre"":""Bosque Oriental de Bogotá"",""Capa"":""RUNAP"",""Área (M2)"":""141162304.162 m2"",""Área traslapada (%)"":""0%""},{""..."":""<div title=\\""La iniciativa de mitigación de GEI que pretende inscribir en la fase de Factibilidad presenta un Traslape Informativo. \\"" style=\\""display: flex; justify-content: center; align-items: center; height: 100%;\\""> \\n              <span class=\\""esri-icon-notice-triangle\\"" \\n                    style=\\""font-size: 24px; color: orange;\\"" \\n                    title=\\""La iniciativa de mitigación de GEI que pretende inscribir en la fase de Factibilidad presenta un Traslape Informativo. \\"">\\n              </span>\\n            </div>"",""Tipo"":""Traslape Informativo"",""Nombre"":""Bosque Oriental de Bogotá"",""Capa"":""RUNAP"",""Área (M2)"":""141162304.162 m2"",""Área traslapada (%)"":""0.02%""},{""..."":""<div title=\\""La iniciativa de mitigación de GEI que pretende inscribir en la fase de Factibilidad presenta un Traslape Informativo. \\"" style=\\""display: flex; justify-content: center; align-items: center; height: 100%;\\""> \\n              <span class=\\""esri-icon-notice-triangle\\"" \\n                    style=\\""font-size: 24px; color: orange;\\"" \\n                    title=\\""La iniciativa de mitigación de GEI que pretende inscribir en la fase de Factibilidad presenta un Traslape Informativo. \\"">\\n              </span>\\n            </div>"",""Tipo"":""Traslape Informativo"",""Nombre"":""Bosque Oriental de Bogotá"",""Capa"":""RUNAP"",""Área (M2)"":""141162304.162 m2"",""Área traslapada (%)"":""0%""},{""..."":""<div title=\\""La iniciativa de mitigación de GEI que pretende inscribir en la fase de Factibilidad presenta un Traslape Informativo. \\"" style=\\""display: flex; justify-content: center; align-items: center; height: 100%;\\""> \\n              <span class=\\""esri-icon-notice-triangle\\"" \\n                    style=\\""font-size: 24px; color: orange;\\"" \\n                    title=\\""La iniciativa de mitigación de GEI que pretende inscribir en la fase de Factibilidad presenta un Traslape Informativo. \\"">\\n              </span>\\n            </div>"",""Tipo"":""Traslape Informativo"",""Nombre"":""Bosque Oriental de Bogotá"",""Capa"":""RUNAP"",""Área (M2)"":""141162304.162 m2"",""Área traslapada (%)"":""0%""},{""..."":""<div title=\\""La iniciativa de mitigación de GEI que pretende inscribir en la fase de Factibilidad presenta un Traslape Informativo. \\"" style=\\""display: flex; justify-content: center; align-items: center; height: 100%;\\""> \\n              <span class=\\""esri-icon-notice-triangle\\"" \\n                    style=\\""font-size: 24px; color: orange;\\"" \\n                    title=\\""La iniciativa de mitigación de GEI que pretende inscribir en la fase de Factibilidad presenta un Traslape Informativo. \\"">\\n              </span>\\n            </div>"",""Tipo"":""Traslape Informativo"",""Nombre"":""Bosque Oriental de Bogotá"",""Capa"":""RUNAP"",""Área (M2)"":""141162304.162 m2"",""Área traslapada (%)"":""0.18%""},{""..."":""<div title=\\""La iniciativa de mitigación de GEI que pretende inscribir en la fase de Factibilidad presenta un Traslape Informativo. \\"" style=\\""display: flex; justify-content: center; align-items: center; height: 100%;\\""> \\n              <span class=\\""esri-icon-notice-triangle\\"" \\n                    style=\\""font-size: 24px; color: orange;\\"" \\n                    title=\\""La iniciativa de mitigación de GEI que pretende inscribir en la fase de Factibilidad presenta un Traslape Informativo. \\"">\\n              </span>\\n            </div>"",""Tipo"":""Traslape Informativo"",""Nombre"":""Bosque Oriental de Bogotá"",""Capa"":""RUNAP"",""Área (M2)"":""141162304.162 m2"",""Área traslapada (%)"":""0.08%""},{""..."":""<div title=\\""La iniciativa de mitigación de GEI que pretende inscribir en la fase de Factibilidad presenta un Traslape Informativo. \\"" style=\\""display: flex; justify-content: center; align-items: center; height: 100%;\\""> \\n              <span class=\\""esri-icon-notice-triangle\\"" \\n                    style=\\""font-size: 24px; color: orange;\\"" \\n                    title=\\""La iniciativa de mitigación de GEI que pretende inscribir en la fase de Factibilidad presenta un Traslape Informativo. \\"">\\n              </span>\\n            </div>"",""Tipo"":""Traslape Informativo"",""Nombre"":""Bosque Oriental de Bogotá"",""Capa"":""RUNAP"",""Área (M2)"":""141162304.162 m2"",""Área traslapada (%)"":""0.01%""},{""..."":""<div title=\\""La iniciativa de mitigación de GEI que pretende inscribir en la fase de Factibilidad presenta un Traslape Informativo. \\"" style=\\""display: flex; justify-content: center; align-items: center; height: 100%;\\""> \\n              <span class=\\""esri-icon-notice-triangle\\"" \\n                    style=\\""font-size: 24px; color: orange;\\"" \\n                    title=\\""La iniciativa de mitigación de GEI que pretende inscribir en la fase de Factibilidad presenta un Traslape Informativo. \\"">\\n              </span>\\n            </div>"",""Tipo"":""Traslape Informativo"",""Nombre"":""Bosque Oriental de Bogotá"",""Capa"":""RUNAP"",""Área (M2)"":""141162304.162 m2"",""Área traslapada (%)"":""0.01%""},{""..."":""<div title=\\""La iniciativa de mitigación de GEI que pretende inscribir en la fase de Factibilidad presenta un Traslape Informativo. \\"" style=\\""display: flex; justify-content: center; align-items: center; height: 100%;\\""> \\n              <span class=\\""esri-icon-notice-triangle\\"" \\n                    style=\\""font-size: 24px; color: orange;\\"" \\n                    title=\\""La iniciativa de mitigación de GEI que pretende inscribir en la fase de Factibilidad presenta un Traslape Informativo. \\"">\\n              </span>\\n            </div>"",""Tipo"":""Traslape Informativo"",""Nombre"":""Bosque Oriental de Bogotá"",""Capa"":""RUNAP"",""Área (M2)"":""141162304.162 m2"",""Área traslapada (%)"":""0%""},{""..."":""<div title=\\""La iniciativa de mitigación de GEI que pretende inscribir en la fase de Factibilidad presenta un Traslape Informativo. \\"" style=\\""display: flex; justify-content: center; align-items: center; height: 100%;\\""> \\n              <span class=\\""esri-icon-notice-triangle\\"" \\n                    style=\\""font-size: 24px; color: orange;\\"" \\n                    title=\\""La iniciativa de mitigación de GEI que pretende inscribir en la fase de Factibilidad presenta un Traslape Informativo. \\"">\\n              </span>\\n            </div>"",""Tipo"":""Traslape Informativo"",""Nombre"":""Bosque Oriental de Bogotá"",""Capa"":""RUNAP"",""Área (M2)"":""141162304.162 m2"",""Área traslapada (%)"":""0%""},{""..."":""<div title=\\""La iniciativa de mitigación de GEI que pretende inscribir en la fase de Factibilidad presenta un Traslape Informativo. \\"" style=\\""display: flex; justify-content: center; align-items: center; height: 100%;\\""> \\n              <span class=\\""esri-icon-notice-triangle\\"" \\n                    style=\\""font-size: 24px; color: orange;\\"" \\n                    title=\\""La iniciativa de mitigación de GEI que pretende inscribir en la fase de Factibilidad presenta un Traslape Informativo. \\"">\\n              </span>\\n            </div>"",""Tipo"":""Traslape Informativo"",""Nombre"":""Bosque Oriental de Bogotá"",""Capa"":""RUNAP"",""Área (M2)"":""141162304.162 m2"",""Área traslapada (%)"":""0%""},{""..."":""<div title=\\""La iniciativa de mitigación de GEI que pretende inscribir en la fase de Factibilidad presenta un Traslape Informativo. \\"" style=\\""display: flex; justify-content: center; align-items: center; height: 100%;\\""> \\n              <span class=\\""esri-icon-notice-triangle\\"" \\n                    style=\\""font-size: 24px; color: orange;\\"" \\n                    title=\\""La iniciativa de mitigación de GEI que pretende inscribir en la fase de Factibilidad presenta un Traslape Informativo. \\"">\\n              </span>\\n            </div>"",""Tipo"":""Traslape Informativo"",""Nombre"":""Bosque Oriental de Bogotá"",""Capa"":""RUNAP"",""Área (M2)"":""141162304.162 m2"",""Área traslapada (%)"":""0%""},{""..."":""<div title=\\""La iniciativa de mitigación de GEI que pretende inscribir en la fase de Factibilidad presenta un Traslape Informativo. \\"" style=\\""display: flex; justify-content: center; align-items: center; height: 100%;\\""> \\n              <span class=\\""esri-icon-notice-triangle\\"" \\n                    style=\\""font-size: 24px; color: orange;\\"" \\n                    title=\\""La iniciativa de mitigación de GEI que pretende inscribir en la fase de Factibilidad presenta un Traslape Informativo. \\"">\\n              </span>\\n            </div>"",""Tipo"":""Traslape Informativo"",""Nombre"":""Bosque Oriental de Bogotá"",""Capa"":""RUNAP"",""Área (M2)"":""141162304.162 m2"",""Área traslapada (%)"":""0%""},{""..."":""<div title=\\""La iniciativa de mitigación de GEI que pretende inscribir en la fase de Factibilidad presenta un Traslape Informativo. \\"" style=\\""display: flex; justify-content: center; align-items: center; height: 100%;\\""> \\n              <span class=\\""esri-icon-notice-triangle\\"" \\n                    style=\\""font-size: 24px; color: orange;\\"" \\n                    title=\\""La iniciativa de mitigación de GEI que pretende inscribir en la fase de Factibilidad presenta un Traslape Informativo. \\"">\\n              </span>\\n            </div>"",""Tipo"":""Traslape Informativo"",""Nombre"":""Bosque Oriental de Bogotá"",""Capa"":""RUNAP"",""Área (M2)"":""141162304.162 m2"",""Área traslapada (%)"":""0%""},{""..."":""<div title=\\""La iniciativa de mitigación de GEI que pretende inscribir en la fase de Factibilidad presenta un Traslape Informativo. \\"" style=\\""display: flex; justify-content: center; align-items: center; height: 100%;\\""> \\n              <span class=\\""esri-icon-notice-triangle\\"" \\n                    style=\\""font-size: 24px; color: orange;\\"" \\n                    title=\\""La iniciativa de mitigación de GEI que pretende inscribir en la fase de Factibilidad presenta un Traslape Informativo. \\"">\\n              </span>\\n            </div>"",""Tipo"":""Traslape Informativo"",""Nombre"":""Bosque Oriental de Bogotá"",""Capa"":""RUNAP"",""Área (M2)"":""141162304.162 m2"",""Área traslapada (%)"":""0%""},{""..."":""<div title=\\""La iniciativa de mitigación de GEI que pretende inscribir en la fase de Factibilidad presenta un Traslape Informativo. \\"" style=\\""display: flex; justify-content: center; align-items: center; height: 100%;\\""> \\n              <span class=\\""esri-icon-notice-triangle\\"" \\n                    style=\\""font-size: 24px; color: orange;\\"" \\n                    title=\\""La iniciativa de mitigación de GEI que pretende inscribir en la fase de Factibilidad presenta un Traslape Informativo. \\"">\\n              </span>\\n            </div>"",""Tipo"":""Traslape Informativo"",""Nombre"":""Bosque Oriental de Bogotá"",""Capa"":""RUNAP"",""Área (M2)"":""141162304.162 m2"",""Área traslapada (%)"":""0.02%""},{""..."":""<div title=\\""La iniciativa de mitigación de GEI que pretende inscribir en la fase de Factibilidad presenta un Traslape Informativo. \\"" style=\\""display: flex; justify-content: center; align-items: center; height: 100%;\\""> \\n              <span class=\\""esri-icon-notice-triangle\\"" \\n                    style=\\""font-size: 24px; color: orange;\\"" \\n                    title=\\""La iniciativa de mitigación de GEI que pretende inscribir en la fase de Factibilidad presenta un Traslape Informativo. \\"">\\n              </span>\\n            </div>"",""Tipo"":""Traslape Informativo"",""Nombre"":""Bosque Oriental de Bogotá"",""Capa"":""RUNAP"",""Área (M2)"":""141162304.162 m2"",""Área traslapada (%)"":""0.07%""},{""..."":""<div title=\\""La iniciativa de mitigación de GEI que pretende inscribir en la fase de Factibilidad presenta un Traslape Informativo. \\"" style=\\""display: flex; justify-content: center; align-items: center; height: 100%;\\""> \\n              <span class=\\""esri-icon-notice-triangle\\"" \\n                    style=\\""font-size: 24px; color: orange;\\"" \\n                    title=\\""La iniciativa de mitigación de GEI que pretende inscribir en la fase de Factibilidad presenta un Traslape Informativo. \\"">\\n              </span>\\n            </div>"",""Tipo"":""Traslape Informativo"",""Nombre"":""Bosque Oriental de Bogotá"",""Capa"":""RUNAP"",""Área (M2)"":""141162304.162 m2"",""Área traslapada (%)"":""0%""},{""..."":""<div title=\\""La iniciativa de mitigación de GEI que pretende inscribir en la fase de Factibilidad presenta un Traslape Informativo. \\"" style=\\""display: flex; justify-content: center; align-items: center; height: 100%;\\""> \\n              <span class=\\""esri-icon-notice-triangle\\"" \\n                    style=\\""font-size: 24px; color: orange;\\"" \\n                    title=\\""La iniciativa de mitigación de GEI que pretende inscribir en la fase de Factibilidad presenta un Traslape Informativo. \\"">\\n              </span>\\n            </div>"",""Tipo"":""Traslape Informativo"",""Nombre"":""Chingaza"",""Capa"":""RUNAP"",""Área (M2)"":""772696615.165 m2"",""Área traslapada (%)"":""0%""},{""..."":""<div title=\\""La iniciativa de mitigación de GEI que pretende inscribir en la fase de Factibilidad presenta un Traslape Informativo. \\"" style=\\""display: flex; justify-content: center; align-items: center; height: 100%;\\""> \\n              <span class=\\""esri-icon-notice-triangle\\"" \\n                    style=\\""font-size: 24px; color: orange;\\"" \\n                    title=\\""La iniciativa de mitigación de GEI que pretende inscribir en la fase de Factibilidad presenta un Traslape Informativo. \\"">\\n              </span>\\n            </div>"",""Tipo"":""Traslape Informativo"",""Nombre"":""Sumapaz"",""Capa"":""RUNAP"",""Área (M2)"":""2109924723.659 m2"",""Área traslapada (%)"":""0%""},{""..."":""<div title=\\""La iniciativa de mitigación de GEI que pretende inscribir en la fase de Factibilidad presenta un Traslape Informativo. \\"" style=\\""display: flex; justify-content: center; align-items: center; height: 100%;\\""> \\n              <span class=\\""esri-icon-notice-triangle\\"" \\n                    style=\\""font-size: 24px; color: orange;\\"" \\n                    title=\\""La iniciativa de mitigación de GEI que pretende inscribir en la fase de Factibilidad presenta un Traslape Informativo. \\"">\\n              </span>\\n            </div>"",""Tipo"":""Traslape Informativo"",""Nombre"":""Bosque Oriental de Bogotá"",""Capa"":""RUNAP"",""Área (M2)"":""141162304.162 m2"",""Área traslapada (%)"":""0.04%""},{""..."":""<div title=\\""La iniciativa de mitigación de GEI que pretende inscribir en la fase de Factibilidad presenta un Traslape Informativo. \\"" style=\\""display: flex; justify-content: center; align-items: center; height: 100%;\\""> \\n              <span class=\\""esri-icon-notice-triangle\\"" \\n                    style=\\""font-size: 24px; color: orange;\\"" \\n                    title=\\""La iniciativa de mitigación de GEI que pretende inscribir en la fase de Factibilidad presenta un Traslape Informativo. \\"">\\n              </span>\\n            </div>"",""Tipo"":""Traslape Informativo"",""Nombre"":""Chingaza"",""Capa"":""RUNAP"",""Área (M2)"":""772696615.165 m2"",""Área traslapada (%)"":""0%""},{""..."":""<div title=\\""La iniciativa de mitigación de GEI que pretende inscribir en la fase de Factibilidad presenta un Traslape Informativo. \\"" style=\\""display: flex; justify-content: center; align-items: center; height: 100%;\\""> \\n              <span class=\\""esri-icon-notice-triangle\\"" \\n                    style=\\""font-size: 24px; color: orange;\\"" \\n                    title=\\""La iniciativa de mitigación de GEI que pretende inscribir en la fase de Factibilidad presenta un Traslape Informativo. \\"">\\n              </span>\\n            </div>"",""Tipo"":""Traslape Informativo"",""Nombre"":""Ríos Blanco y Negro"",""Capa"":""RUNAP"",""Área (M2)"":""124041494.536 m2"",""Área traslapada (%)"":""2.14%""},{""..."":""<div title=\\""La iniciativa de mitigación de GEI que pretende inscribir en la fase de Factibilidad presenta un Traslape Informativo. \\"" style=\\""display: flex; justify-content: center; align-items: center; height: 100%;\\""> \\n              <span class=\\""esri-icon-notice-triangle\\"" \\n                    style=\\""font-size: 24px; color: orange;\\"" \\n                    title=\\""La iniciativa de mitigación de GEI que pretende inscribir en la fase de Factibilidad presenta un Traslape Informativo. \\"">\\n              </span>\\n            </div>"",""Tipo"":""Traslape Informativo"",""Nombre"":""Chingaza"",""Capa"":""RUNAP"",""Área (M2)"":""772696615.165 m2"",""Área traslapada (%)"":""0%""},{""..."":""<div title=\\""La iniciativa de mitigación de GEI que pretende inscribir en la fase de Factibilidad presenta un Traslape Informativo. \\"" style=\\""display: flex; justify-content: center; align-items: center; height: 100%;\\""> \\n              <span class=\\""esri-icon-notice-triangle\\"" \\n                    style=\\""font-size: 24px; color: orange;\\"" \\n                    title=\\""La iniciativa de mitigación de GEI que pretende inscribir en la fase de Factibilidad presenta un Traslape Informativo. \\"">\\n              </span>\\n            </div>"",""Tipo"":""Traslape Informativo"",""Nombre"":""Ríos Blanco y Negro"",""Capa"":""RUNAP"",""Área (M2)"":""124041494.536 m2"",""Área traslapada (%)"":""0.01%""},{""..."":""<div title=\\""La iniciativa de mitigación de GEI que pretende inscribir en la fase de Factibilidad presenta un Traslape Informativo. \\"" style=\\""display: flex; justify-content: center; align-items: center; height: 100%;\\""> \\n              <span class=\\""esri-icon-notice-triangle\\"" \\n                    style=\\""font-size: 24px; color: orange;\\"" \\n                    title=\\""La iniciativa de mitigación de GEI que pretende inscribir en la fase de Factibilidad presenta un Traslape Informativo. \\"">\\n              </span>\\n            </div>"",""Tipo"":""Traslape Informativo"",""Nombre"":""Bosque Oriental de Bogotá"",""Capa"":""RUNAP"",""Área (M2)"":""141162304.162 m2"",""Área traslapada (%)"":""0.13%""},{""..."":""<div title=\\""La iniciativa de mitigación de GEI que pretende inscribir en la fase de Factibilidad presenta un Traslape Informativo. \\"" style=\\""display: flex; justify-content: center; align-items: center; height: 100%;\\""> \\n              <span class=\\""esri-icon-notice-triangle\\"" \\n                    style=\\""font-size: 24px; color: orange;\\"" \\n                    title=\\""La iniciativa de mitigación de GEI que pretende inscribir en la fase de Factibilidad presenta un Traslape Informativo. \\"">\\n              </span>\\n            </div>"",""Tipo"":""Traslape Informativo"",""Nombre"":""Ríos Blanco y Negro"",""Capa"":""RUNAP"",""Área (M2)"":""124041494.536 m2"",""Área traslapada (%)"":""0.94%""},{""..."":""<div title=\\""La iniciativa de mitigación de GEI que pretende inscribir en la fase de Factibilidad presenta un Traslape Informativo. \\"" style=\\""display: flex; justify-content: center; align-items: center; height: 100%;\\""> \\n              <span class=\\""esri-icon-notice-triangle\\"" \\n                    style=\\""font-size: 24px; color: orange;\\"" \\n                    title=\\""La iniciativa de mitigación de GEI que pretende inscribir en la fase de Factibilidad presenta un Traslape Informativo. \\"">\\n              </span>\\n            </div>"",""Tipo"":""Traslape Informativo"",""Nombre"":""Chingaza"",""Capa"":""RUNAP"",""Área (M2)"":""772696615.165 m2"",""Área traslapada (%)"":""0%""},{""..."":""<div title=\\""La iniciativa de mitigación de GEI que pretende inscribir en la fase de Factibilidad presenta un Traslape Informativo. \\"" style=\\""display: flex; justify-content: center; align-items: center; height: 100%;\\""> \\n              <span class=\\""esri-icon-notice-triangle\\"" \\n                    style=\\""font-size: 24px; color: orange;\\"" \\n                    title=\\""La iniciativa de mitigación de GEI que pretende inscribir en la fase de Factibilidad presenta un Traslape Informativo. \\"">\\n              </span>\\n            </div>"",""Tipo"":""Traslape Informativo"",""Nombre"":""Ríos Blanco y Negro"",""Capa"":""RUNAP"",""Área (M2)"":""124041494.536 m2"",""Área traslapada (%)"":""2.93%""},{""..."":""<div title=\\""La iniciativa de mitigación de GEI que pretende inscribir en la fase de Factibilidad presenta un Traslape Informativo. \\"" style=\\""display: flex; justify-content: center; align-items: center; height: 100%;\\""> \\n              <span class=\\""esri-icon-notice-triangle\\"" \\n                    style=\\""font-size: 24px; color: orange;\\"" \\n                    title=\\""La iniciativa de mitigación de GEI que pretende inscribir en la fase de Factibilidad presenta un Traslape Informativo. \\"">\\n              </span>\\n            </div>"",""Tipo"":""Traslape Informativo"",""Nombre"":""Bosque Oriental de Bogotá"",""Capa"":""RUNAP"",""Área (M2)"":""141162304.162 m2"",""Área traslapada (%)"":""0%""},{""..."":""<div title=\\""La iniciativa de mitigación de GEI que pretende inscribir en la fase de Factibilidad presenta un Traslape Informativo. \\"" style=\\""display: flex; justify-content: center; align-items: center; height: 100%;\\""> \\n              <span class=\\""esri-icon-notice-triangle\\"" \\n                    style=\\""font-size: 24px; color: orange;\\"" \\n                    title=\\""La iniciativa de mitigación de GEI que pretende inscribir en la fase de Factibilidad presenta un Traslape Informativo. \\"">\\n              </span>\\n            </div>"",""Tipo"":""Traslape Informativo"",""Nombre"":""Chingaza"",""Capa"":""RUNAP"",""Área (M2)"":""772696615.165 m2"",""Área traslapada (%)"":""0%""},{""..."":""<div title=\\""La iniciativa de mitigación de GEI que pretende inscribir en la fase de Factibilidad presenta un Traslape Informativo. \\"" style=\\""display: flex; justify-content: center; align-items: center; height: 100%;\\""> \\n              <span class=\\""esri-icon-notice-triangle\\"" \\n                    style=\\""font-size: 24px; color: orange;\\"" \\n                    title=\\""La iniciativa de mitigación de GEI que pretende inscribir en la fase de Factibilidad presenta un Traslape Informativo. \\"">\\n              </span>\\n            </div>"",""Tipo"":""Traslape Informativo"",""Nombre"":""Ríos Blanco y Negro"",""Capa"":""RUNAP"",""Área (M2)"":""124041494.536 m2"",""Área traslapada (%)"":""1.02%""},{""..."":""<div title=\\""La iniciativa de mitigación de GEI que pretende inscribir en la fase de Factibilidad presenta un Traslape Informativo. \\"" style=\\""display: flex; justify-content: center; align-items: center; height: 100%;\\""> \\n              <span class=\\""esri-icon-notice-triangle\\"" \\n                    style=\\""font-size: 24px; color: orange;\\"" \\n                    title=\\""La iniciativa de mitigación de GEI que pretende inscribir en la fase de Factibilidad presenta un Traslape Informativo. \\"">\\n              </span>\\n            </div>"",""Tipo"":""Traslape Informativo"",""Nombre"":""Chingaza"",""Capa"":""RUNAP"",""Área (M2)"":""772696615.165 m2"",""Área traslapada (%)"":""0%""},{""..."":""<div title=\\""La iniciativa de mitigación de GEI que pretende inscribir en la fase de Factibilidad presenta un Traslape Informativo. \\"" style=\\""display: flex; justify-content: center; align-items: center; height: 100%;\\""> \\n              <span class=\\""esri-icon-notice-triangle\\"" \\n                    style=\\""font-size: 24px; color: orange;\\"" \\n                    title=\\""La iniciativa de mitigación de GEI que pretende inscribir en la fase de Factibilidad presenta un Traslape Informativo. \\"">\\n              </span>\\n            </div>"",""Tipo"":""Traslape Informativo"",""Nombre"":""Ríos Blanco y Negro"",""Capa"":""RUNAP"",""Área (M2)"":""124041494.536 m2"",""Área traslapada (%)"":""0%""},{""..."":""<div title=\\""La iniciativa de mitigación de GEI que pretende inscribir en la fase de Factibilidad presenta un Traslape Informativo. \\"" style=\\""display: flex; justify-content: center; align-items: center; height: 100%;\\""> \\n              <span class=\\""esri-icon-notice-triangle\\"" \\n                    style=\\""font-size: 24px; color: orange;\\"" \\n                    title=\\""La iniciativa de mitigación de GEI que pretende inscribir en la fase de Factibilidad presenta un Traslape Informativo. \\"">\\n              </span>\\n            </div>"",""Tipo"":""Traslape Informativo"",""Nombre"":""Chingaza"",""Capa"":""RUNAP"",""Área (M2)"":""772696615.165 m2"",""Área traslapada (%)"":""0%""},{""..."":""<div title=\\""La iniciativa de mitigación de GEI que pretende inscribir en la fase de Factibilidad presenta un Traslape Informativo. \\"" style=\\""display: flex; justify-content: center; align-items: center; height: 100%;\\""> \\n              <span class=\\""esri-icon-notice-triangle\\"" \\n                    style=\\""font-size: 24px; color: orange;\\"" \\n                    title=\\""La iniciativa de mitigación de GEI que pretende inscribir en la fase de Factibilidad presenta un Traslape Informativo. \\"">\\n              </span>\\n            </div>"",""Tipo"":""Traslape Informativo"",""Nombre"":""Ríos Blanco y Negro"",""Capa"":""RUNAP"",""Área (M2)"":""124041494.536 m2"",""Área traslapada (%)"":""0%""},{""..."":""<div title=\\""La iniciativa de mitigación de GEI que pretende inscribir en la fase de Factibilidad presenta un Traslape Informativo. \\"" style=\\""display: flex; justify-content: center; align-items: center; height: 100%;\\""> \\n              <span class=\\""esri-icon-notice-triangle\\"" \\n                    style=\\""font-size: 24px; color: orange;\\"" \\n                    title=\\""La iniciativa de mitigación de GEI que pretende inscribir en la fase de Factibilidad presenta un Traslape Informativo. \\"">\\n              </span>\\n            </div>"",""Tipo"":""Traslape Informativo"",""Nombre"":""Chingaza"",""Capa"":""RUNAP"",""Área (M2)"":""772696615.165 m2"",""Área traslapada (%)"":""0%""},{""..."":""<div title=\\""La iniciativa de mitigación de GEI que pretende inscribir en la fase de Factibilidad presenta un Traslape Informativo. \\"" style=\\""display: flex; justify-content: center; align-items: center; height: 100%;\\""> \\n              <span class=\\""esri-icon-notice-triangle\\"" \\n                    style=\\""font-size: 24px; color: orange;\\"" \\n                    title=\\""La iniciativa de mitigación de GEI que pretende inscribir en la fase de Factibilidad presenta un Traslape Informativo. \\"">\\n              </span>\\n            </div>"",""Tipo"":""Traslape Informativo"",""Nombre"":""Ríos Blanco y Negro"",""Capa"":""RUNAP"",""Área (M2)"":""124041494.536 m2"",""Área traslapada (%)"":""0%""},{""..."":""<div title=\\""La iniciativa de mitigación de GEI que pretende inscribir en la fase de Factibilidad presenta un Traslape Informativo. \\"" style=\\""display: flex; justify-content: center; align-items: center; height: 100%;\\""> \\n              <span class=\\""esri-icon-notice-triangle\\"" \\n                    style=\\""font-size: 24px; color: orange;\\"" \\n                    title=\\""La iniciativa de mitigación de GEI que pretende inscribir en la fase de Factibilidad presenta un Traslape Informativo. \\"">\\n              </span>\\n            </div>"",""Tipo"":""Traslape Informativo"",""Nombre"":""Chingaza"",""Capa"":""RUNAP"",""Área (M2)"":""772696615.165 m2"",""Área traslapada (%)"":""0%""},{""..."":""<div title=\\""La iniciativa de mitigación de GEI que pretende inscribir en la fase de Factibilidad presenta un Traslape Informativo. \\"" style=\\""display: flex; justify-content: center; align-items: center; height: 100%;\\""> \\n              <span class=\\""esri-icon-notice-triangle\\"" \\n                    style=\\""font-size: 24px; color: orange;\\"" \\n                    title=\\""La iniciativa de mitigación de GEI que pretende inscribir en la fase de Factibilidad presenta un Traslape Informativo. \\"">\\n              </span>\\n            </div>"",""Tipo"":""Traslape Informativo"",""Nombre"":""Ríos Blanco y Negro"",""Capa"":""RUNAP"",""Área (M2)"":""124041494.536 m2"",""Área traslapada (%)"":""0.05%""},{""..."":""<div title=\\""La iniciativa de mitigación de GEI que pretende inscribir en la fase de Factibilidad presenta un Traslape Informativo. \\"" style=\\""display: flex; justify-content: center; align-items: center; height: 100%;\\""> \\n              <span class=\\""esri-icon-notice-triangle\\"" \\n                    style=\\""font-size: 24px; color: orange;\\"" \\n                    title=\\""La iniciativa de mitigación de GEI que pretende inscribir en la fase de Factibilidad presenta un Traslape Informativo. \\"">\\n              </span>\\n            </div>"",""Tipo"":""Traslape Informativo"",""Nombre"":""Chingaza"",""Capa"":""RUNAP"",""Área (M2)"":""772696615.165 m2"",""Área traslapada (%)"":""0%""},{""..."":""<div title=\\""La iniciativa de mitigación de GEI que pretende inscribir en la fase de Factibilidad presenta un Traslape Informativo. \\"" style=\\""display: flex; justify-content: center; align-items: center; height: 100%;\\""> \\n              <span class=\\""esri-icon-notice-triangle\\"" \\n                    style=\\""font-size: 24px; color: orange;\\"" \\n                    title=\\""La iniciativa de mitigación de GEI que pretende inscribir en la fase de Factibilidad presenta un Traslape Informativo. \\"">\\n              </span>\\n            </div>"",""Tipo"":""Traslape Informativo"",""Nombre"":""Ríos Blanco y Negro"",""Capa"":""RUNAP"",""Área (M2)"":""124041494.536 m2"",""Área traslapada (%)"":""3.09%""},{""..."":""<div title=\\""La iniciativa de mitigación de GEI que pretende inscribir en la fase de Factibilidad presenta un Traslape Informativo. \\"" style=\\""display: flex; justify-content: center; align-items: center; height: 100%;\\""> \\n              <span class=\\""esri-icon-notice-triangle\\"" \\n                    style=\\""font-size: 24px; color: orange;\\"" \\n                    title=\\""La iniciativa de mitigación de GEI que pretende inscribir en la fase de Factibilidad presenta un Traslape Informativo. \\"">\\n              </span>\\n            </div>"",""Tipo"":""Traslape Informativo"",""Nombre"":""Ríos Blanco y Negro"",""Capa"":""RUNAP"",""Área (M2)"":""124041494.536 m2"",""Área traslapada (%)"":""0.04%""},{""..."":""<div title=\\""La iniciativa de mitigación de GEI que pretende inscribir en la fase de Factibilidad presenta un Traslape Informativo. \\"" style=\\""display: flex; justify-content: center; align-items: center; height: 100%;\\""> \\n              <span class=\\""esri-icon-notice-triangle\\"" \\n                    style=\\""font-size: 24px; color: orange;\\"" \\n                    title=\\""La iniciativa de mitigación de GEI que pretende inscribir en la fase de Factibilidad presenta un Traslape Informativo. \\"">\\n              </span>\\n            </div>"",""Tipo"":""Traslape Informativo"",""Nombre"":""Chingaza"",""Capa"":""RUNAP"",""Área (M2)"":""772696615.165 m2"",""Área traslapada (%)"":""0%""},{""..."":""<div title=\\""La iniciativa de mitigación de GEI que pretende inscribir en la fase de Factibilidad presenta un Traslape Informativo. \\"" style=\\""display: flex; justify-content: center; align-items: center; height: 100%;\\""> \\n              <span class=\\""esri-icon-notice-triangle\\"" \\n                    style=\\""font-size: 24px; color: orange;\\"" \\n                    title=\\""La iniciativa de mitigación de GEI que pretende inscribir en la fase de Factibilidad presenta un Traslape Informativo. \\"">\\n              </span>\\n            </div>"",""Tipo"":""Traslape Informativo"",""Nombre"":""Ríos Blanco y Negro"",""Capa"":""RUNAP"",""Área (M2)"":""124041494.536 m2"",""Área traslapada (%)"":""0%""},{""..."":""<div title=\\""La iniciativa de mitigación de GEI que pretende inscribir en la fase de Factibilidad presenta un Traslape Informativo. \\"" style=\\""display: flex; justify-content: center; align-items: center; height: 100%;\\""> \\n              <span class=\\""esri-icon-notice-triangle\\"" \\n                    style=\\""font-size: 24px; color: orange;\\"" \\n                    title=\\""La iniciativa de mitigación de GEI que pretende inscribir en la fase de Factibilidad presenta un Traslape Informativo. \\"">\\n              </span>\\n            </div>"",""Tipo"":""Traslape Informativo"",""Nombre"":""Ríos Chorrera y Concepción"",""Capa"":""RUNAP"",""Área (M2)"":""44275401.25 m2"",""Área traslapada (%)"":""11.88%""},{""..."":""<div title=\\""La iniciativa de mitigación de GEI que pretende inscribir en la fase de Factibilidad presenta un Traslape Informativo. \\"" style=\\""display: flex; justify-content: center; align-items: center; height: 100%;\\""> \\n              <span class=\\""esri-icon-notice-triangle\\"" \\n                    style=\\""font-size: 24px; color: orange;\\"" \\n                    title=\\""La iniciativa de mitigación de GEI que pretende inscribir en la fase de Factibilidad presenta un Traslape Informativo. \\"">\\n              </span>\\n            </div>"",""Tipo"":""Traslape Informativo"",""Nombre"":""Chingaza"",""Capa"":""RUNAP"",""Área (M2)"":""772696615.165 m2"",""Área traslapada (%)"":""0%""},{""..."":""<div title=\\""La iniciativa de mitigación de GEI que pretende inscribir en la fase de Factibilidad presenta un Traslape Informativo. \\"" style=\\""display: flex; justify-content: center; align-items: center; height: 100%;\\""> \\n              <span class=\\""esri-icon-notice-triangle\\"" \\n                    style=\\""font-size: 24px; color: orange;\\"" \\n                    title=\\""La iniciativa de mitigación de GEI que pretende inscribir en la fase de Factibilidad presenta un Traslape Informativo. \\"">\\n              </span>\\n            </div>"",""Tipo"":""Traslape Informativo"",""Nombre"":""Bosque Oriental de Bogotá"",""Capa"":""RUNAP"",""Área (M2)"":""141162304.162 m2"",""Área traslapada (%)"":""1.23%""},{""..."":""<div title=\\""La iniciativa de mitigación de GEI que pretende inscribir en la fase de Factibilidad presenta un Traslape Informativo. \\"" style=\\""display: flex; justify-content: center; align-items: center; height: 100%;\\""> \\n              <span class=\\""esri-icon-notice-triangle\\"" \\n                    style=\\""font-size: 24px; color: orange;\\"" \\n                    title=\\""La iniciativa de mitigación de GEI que pretende inscribir en la fase de Factibilidad presenta un Traslape Informativo. \\"">\\n              </span>\\n            </div>"",""Tipo"":""Traslape Informativo"",""Nombre"":""Ríos Chorrera y Concepción"",""Capa"":""RUNAP"",""Área (M2)"":""44275401.25 m2"",""Área traslapada (%)"":""0.15%""},{""..."":""<div title=\\""La iniciativa de mitigación de GEI que pretende inscribir en la fase de Factibilidad presenta un Traslape Informativo. \\"" style=\\""display: flex; justify-content: center; align-items: center; height: 100%;\\""> \\n              <span class=\\""esri-icon-notice-triangle\\"" \\n                    style=\\""font-size: 24px; color: orange;\\"" \\n                    title=\\""La iniciativa de mitigación de GEI que pretende inscribir en la fase de Factibilidad presenta un Traslape Informativo. \\"">\\n              </span>\\n            </div>"",""Tipo"":""Traslape Informativo"",""Nombre"":""Ríos Chorrera y Concepción"",""Capa"":""RUNAP"",""Área (M2)"":""44275401.25 m2"",""Área traslapada (%)"":""0.58%""},{""..."":""<div title=\\""La iniciativa de mitigación de GEI que pretende inscribir en la fase de Factibilidad presenta un Traslape Informativo. \\"" style=\\""display: flex; justify-content: center; align-items: center; height: 100%;\\""> \\n              <span class=\\""esri-icon-notice-triangle\\"" \\n                    style=\\""font-size: 24px; color: orange;\\"" \\n                    title=\\""La iniciativa de mitigación de GEI que pretende inscribir en la fase de Factibilidad presenta un Traslape Informativo. \\"">\\n              </span>\\n            </div>"",""Tipo"":""Traslape Informativo"",""Nombre"":""Ríos Chorrera y Concepción"",""Capa"":""RUNAP"",""Área (M2)"":""44275401.25 m2"",""Área traslapada (%)"":""0.03%""},{""..."":""<div title=\\""La iniciativa de mitigación de GEI que pretende inscribir en la fase de Factibilidad presenta un Traslape Informativo. \\"" style=\\""display: flex; justify-content: center; align-items: center; height: 100%;\\""> \\n              <span class=\\""esri-icon-notice-triangle\\"" \\n                    style=\\""font-size: 24px; color: orange;\\"" \\n                    title=\\""La iniciativa de mitigación de GEI que pretende inscribir en la fase de Factibilidad presenta un Traslape Informativo. \\"">\\n              </span>\\n            </div>"",""Tipo"":""Traslape Informativo"",""Nombre"":""El Espino Corcovado"",""Capa"":""RUNAP"",""Área (M2)"":""2333564.158 m2"",""Área traslapada (%)"":""0.54%""},{""..."":""<div title=\\""La iniciativa de mitigación de GEI que pretende inscribir en la fase de Factibilidad presenta un Traslape Informativo. \\"" style=\\""display: flex; justify-content: center; align-items: center; height: 100%;\\""> \\n              <span class=\\""esri-icon-notice-triangle\\"" \\n                    style=\\""font-size: 24px; color: orange;\\"" \\n                    title=\\""La iniciativa de mitigación de GEI que pretende inscribir en la fase de Factibilidad presenta un Traslape Informativo. \\"">\\n              </span>\\n            </div>"",""Tipo"":""Traslape Informativo"",""Nombre"":""Ríos Chorrera y Concepción"",""Capa"":""RUNAP"",""Área (M2)"":""44275401.25 m2"",""Área traslapada (%)"":""0%""},{""..."":""<div title=\\""La iniciativa de mitigación de GEI que pretende inscribir en la fase de Factibilidad presenta un Traslape Informativo. \\"" style=\\""display: flex; justify-content: center; align-items: center; height: 100%;\\""> \\n              <span class=\\""esri-icon-notice-triangle\\"" \\n                    style=\\""font-size: 24px; color: orange;\\"" \\n                    title=\\""La iniciativa de mitigación de GEI que pretende inscribir en la fase de Factibilidad presenta un Traslape Informativo. \\"">\\n              </span>\\n            </div>"",""Tipo"":""Traslape Informativo"",""Nombre"":""Ríos Chorrera y Concepción"",""Capa"":""RUNAP"",""Área (M2)"":""44275401.25 m2"",""Área traslapada (%)"":""0.07%""},{""..."":""<div title=\\""La iniciativa de mitigación de GEI que pretende inscribir en la fase de Factibilidad presenta un Traslape Informativo. \\"" style=\\""display: flex; justify-content: center; align-items: center; height: 100%;\\""> \\n              <span class=\\""esri-icon-notice-triangle\\"" \\n                    style=\\""font-size: 24px; color: orange;\\"" \\n                    title=\\""La iniciativa de mitigación de GEI que pretende inscribir en la fase de Factibilidad presenta un Traslape Informativo. \\"">\\n              </span>\\n            </div>"",""Tipo"":""Traslape Informativo"",""Nombre"":""El Espino Corcovado"",""Capa"":""RUNAP"",""Área (M2)"":""2333564.158 m2"",""Área traslapada (%)"":""0.07%""},{""..."":""<div title=\\""La iniciativa de mitigación de GEI que pretende inscribir en la fase de Factibilidad presenta un Traslape Informativo. \\"" style=\\""display: flex; justify-content: center; align-items: center; height: 100%;\\""> \\n              <span class=\\""esri-icon-notice-triangle\\"" \\n                    style=\\""font-size: 24px; color: orange;\\"" \\n                    title=\\""La iniciativa de mitigación de GEI que pretende inscribir en la fase de Factibilidad presenta un Traslape Informativo. \\"">\\n              </span>\\n            </div>"",""Tipo"":""Traslape Informativo"",""Nombre"":""Ríos Chorrera y Concepción"",""Capa"":""RUNAP"",""Área (M2)"":""44275401.25 m2"",""Área traslapada (%)"":""0.04%""},{""..."":""<div title=\\""La iniciativa de mitigación de GEI que pretende inscribir en la fase de Factibilidad presenta un Traslape Informativo. \\"" style=\\""display: flex; justify-content: center; align-items: center; height: 100%;\\""> \\n              <span class=\\""esri-icon-notice-triangle\\"" \\n                    style=\\""font-size: 24px; color: orange;\\"" \\n                    title=\\""La iniciativa de mitigación de GEI que pretende inscribir en la fase de Factibilidad presenta un Traslape Informativo. \\"">\\n              </span>\\n            </div>"",""Tipo"":""Traslape Informativo"",""Nombre"":""Ríos Chorrera y Concepción"",""Capa"":""RUNAP"",""Área (M2)"":""44275401.25 m2"",""Área traslapada (%)"":""0.74%""},{""..."":""<div title=\\""La iniciativa de mitigación de GEI que pretende inscribir en la fase de Factibilidad presenta un Traslape Informativo. \\"" style=\\""display: flex; justify-content: center; align-items: center; height: 100%;\\""> \\n              <span class=\\""esri-icon-notice-triangle\\"" \\n                    style=\\""font-size: 24px; color: orange;\\"" \\n                    title=\\""La iniciativa de mitigación de GEI que pretende inscribir en la fase de Factibilidad presenta un Traslape Informativo. \\"">\\n              </span>\\n            </div>"",""Tipo"":""Traslape Informativo"",""Nombre"":""Ríos Chorrera y Concepción"",""Capa"":""RUNAP"",""Área (M2)"":""44275401.25 m2"",""Área traslapada (%)"":""0.41%""},{""..."":""<div title=\\""La iniciativa de mitigación de GEI que pretende inscribir en la fase de Factibilidad presenta un Traslape Informativo. \\"" style=\\""display: flex; justify-content: center; align-items: center; height: 100%;\\""> \\n              <span class=\\""esri-icon-notice-triangle\\"" \\n                    style=\\""font-size: 24px; color: orange;\\"" \\n                    title=\\""La iniciativa de mitigación de GEI que pretende inscribir en la fase de Factibilidad presenta un Traslape Informativo. \\"">\\n              </span>\\n            </div>"",""Tipo"":""Traslape Informativo"",""Nombre"":""Chingaza"",""Capa"":""RUNAP"",""Área (M2)"":""772696615.165 m2"",""Área traslapada (%)"":""0%""},{""..."":""<div title=\\""La iniciativa de mitigación de GEI que pretende inscribir en la fase de Factibilidad presenta un Traslape Informativo. \\"" style=\\""display: flex; justify-content: center; align-items: center; height: 100%;\\""> \\n              <span class=\\""esri-icon-notice-triangle\\"" \\n                    style=\\""font-size: 24px; color: orange;\\"" \\n                    title=\\""La iniciativa de mitigación de GEI que pretende inscribir en la fase de Factibilidad presenta un Traslape Informativo. \\"">\\n              </span>\\n            </div>"",""Tipo"":""Traslape Informativo"",""Nombre"":""Páramo Grande"",""Capa"":""RUNAP"",""Área (M2)"":""50174417.987 m2"",""Área traslapada (%)"":""0.1%""},{""..."":""<div title=\\""La iniciativa de mitigación de GEI que pretende inscribir en la fase de Factibilidad presenta un Traslape Informativo. \\"" style=\\""display: flex; justify-content: center; align-items: center; height: 100%;\\""> \\n              <span class=\\""esri-icon-notice-triangle\\"" \\n                    style=\\""font-size: 24px; color: orange;\\"" \\n                    title=\\""La iniciativa de mitigación de GEI que pretende inscribir en la fase de Factibilidad presenta un Traslape Informativo. \\"">\\n              </span>\\n            </div>"",""Tipo"":""Traslape Informativo"",""Nombre"":""El Espino Corcovado"",""Capa"":""RUNAP"",""Área (M2)"":""2333564.158 m2"",""Área traslapada (%)"":""4.24%""},{""..."":""<div title=\\""La iniciativa de mitigación de GEI que pretende inscribir en la fase de Factibilidad presenta un Traslape Informativo. \\"" style=\\""display: flex; justify-content: center; align-items: center; height: 100%;\\""> \\n              <span class=\\""esri-icon-notice-triangle\\"" \\n                    style=\\""font-size: 24px; color: orange;\\"" \\n                    title=\\""La iniciativa de mitigación de GEI que pretende inscribir en la fase de Factibilidad presenta un Traslape Informativo. \\"">\\n              </span>\\n            </div>"",""Tipo"":""Traslape Informativo"",""Nombre"":""Chingaza"",""Capa"":""RUNAP"",""Área (M2)"":""772696615.165 m2"",""Área traslapada (%)"":""0%""},{""..."":""<div title=\\""La iniciativa de mitigación de GEI que pretende inscribir en la fase de Factibilidad presenta un Traslape Informativo. \\"" style=\\""display: flex; justify-content: center; align-items: center; height: 100%;\\""> \\n              <span class=\\""esri-icon-notice-triangle\\"" \\n                    style=\\""font-size: 24px; color: orange;\\"" \\n                    title=\\""La iniciativa de mitigación de GEI que pretende inscribir en la fase de Factibilidad presenta un Traslape Informativo. \\"">\\n              </span>\\n            </div>"",""Tipo"":""Traslape Informativo"",""Nombre"":""Ríos Chorrera y Concepción"",""Capa"":""RUNAP"",""Área (M2)"":""44275401.25 m2"",""Área traslapada (%)"":""17.69%""},{""..."":""<div title=\\""La iniciativa de mitigación de GEI que pretende inscribir en la fase de Factibilidad presenta un Traslape Informativo. \\"" style=\\""display: flex; justify-content: center; align-items: center; height: 100%;\\""> \\n              <span class=\\""esri-icon-notice-triangle\\"" \\n                    style=\\""font-size: 24px; color: orange;\\"" \\n                    title=\\""La iniciativa de mitigación de GEI que pretende inscribir en la fase de Factibilidad presenta un Traslape Informativo. \\"">\\n              </span>\\n            </div>"",""Tipo"":""Traslape Informativo"",""Nombre"":""Bosque Oriental de Bogotá"",""Capa"":""RUNAP"",""Área (M2)"":""141162304.162 m2"",""Área traslapada (%)"":""0.11%""},{""..."":""<div title=\\""La iniciativa de mitigación de GEI que pretende inscribir en la fase de Factibilidad presenta un Traslape Informativo. \\"" style=\\""display: flex; justify-content: center; align-items: center; height: 100%;\\""> \\n              <span class=\\""esri-icon-notice-triangle\\"" \\n                    style=\\""font-size: 24px; color: orange;\\"" \\n                    title=\\""La iniciativa de mitigación de GEI que pretende inscribir en la fase de Factibilidad presenta un Traslape Informativo. \\"">\\n              </span>\\n            </div>"",""Tipo"":""Traslape Informativo"",""Nombre"":""Bosque Oriental de Bogotá"",""Capa"":""RUNAP"",""Área (M2)"":""141162304.162 m2"",""Área traslapada (%)"":""0%""}]', 'resultado_traslape': 'Se presenta un traslape informativo con Registro Único de Áreas protegidas - RUNAP.', 'fecha_resultado_traslape': '30/12/2025 12:36:10', 'sector_cartera': '', 'tipo_moneda_1': '', 'tasa_cambio_1': '', 'fecha_tasa_cambio_1': '', 'contribucion_propia_1': '', 'contribucion_propia_tasa_cambio_1': '', 'contribucion_externa_1': '', 'contribucion_externa_tasa_cambio_1': '', 'costo_total_1': '', 'costo_total_tasa_cambio_1': '', 't_sector_cartera_asociado_2': '', 't_costos_asociados': '', 'tipo_actividad': 50, 'nombre_tipo_actividad': 'Incremento de las reservas forestales de carbono'}]",,,,,,,,,,Proyecto REDD+
renare|mdl poa mundo verde,renare,MDL PoA Mundo verde,,,REVISAR,tipo=MDL PoA - Programas de Activid pero actividades sugiere AFOLU,,,NO_REDD,tipo: MDL PoA - Programas de Actividades del M (categoria distinta de REDD+ en RENARE),NO_REDD,,"[{'fuente_relacionada_1': '{""value"":""Fuente 1""}', 'tipo_actividad_1': 859, 'descripcion_actividad_1': 'Prueba', 'fecha_inicial_1': '05/11/2025', 'fecha_final_1': '16/01/2026', 'acciones_redd_mas_1': '', 'depositos_carbono_1': '', 'check_co_beneficios_economicos_1': True, 'descripcion_co_beneficios_economicos_1': 'Prueba', 'check_co_beneficios_sociales_1': '', 'descripcion_co_beneficios_sociales_1': '', 'check_co_beneficios_ambientales_1': '', 'descripcion_co_beneficios_ambientales_1': '', 'check_otros_co_beneficios_1': '', 'descripcion_otros_co_beneficios_1': '', 'archivo_soporte_2_2': 'files-renare/cc,47440081/691726b38903bc9c31018518/documentossolicitud/05documentodescripcionactividadmitigacion14-11-2025-08-39-35.pdf', 'archivo_soporte_2_3': '', 'geovisor_calculo_traslape_1': '[]', 'resultado_traslape': 'No se presenta traslape.', 'fecha_resultado_traslape': '14/11/2025 08:40:01', 'sector_cartera': '', 'tipo_moneda_1': 171, 'tasa_cambio_1': '$ 3.400', 'fecha_tasa_cambio_1': '08/11/2025', 'contribucion_propia_1': '$ 340.000.000', 'contribucion_propia_tasa_cambio_1': 'COP $ 1.156.000.000.000', 'contribucion_externa_1': '$ 450.000.000', 'contribucion_externa_tasa_cambio_1': 'COP $ 1.530.000.000.000', 'costo_total_1': 'COP $ 790.000.000', 'costo_total_tasa_cambio_1': 'COP $ 2.686.000.000.000', 't_sector_cartera_asociado_2': '', 'tipo_actividad': 859, 'nombre_tipo_actividad': 'Nuevas tecnologías en industria de los minerales - Producción de cemento'}]",,,,,,,,,,MDL PoA - Programas de Actividades del Mecanismo de Desarrollo Limpio
renare|hkjhkh,renare,hkjhkh,,,REVISAR,tipo=MDL - Proyectos del Mecanismo  pero actividades sugiere AFOLU,,,NO_REDD,tipo: MDL - Proyectos del Mecanismo de Desarro (categoria distinta de REDD+ en RENARE),NO_REDD,,"[{'fuente_relacionada_1': '{""value"":""Fuente 1""}', 'tipo_actividad_1': 558, 'descripcion_actividad_1': 'dfsfs', 'fecha_inicial_1': '01/01/2025', 'fecha_final_1': '06/11/2025', 'acciones_redd_mas_1': '', 'depositos_carbono_1': '', 'check_co_beneficios_economicos_1': True, 'descripcion_co_beneficios_economicos_1': 'fgfgfg', 'check_co_beneficios_sociales_1': True, 'descripcion_co_beneficios_sociales_1': 'gfgfgf', 'check_co_beneficios_ambientales_1': True, 'descripcion_co_beneficios_ambientales_1': 'gfdgfdfgd', 'check_otros_co_beneficios_1': True, 'descripcion_otros_co_beneficios_1': 'gfdgfdfgd', 'archivo_soporte_2_2': 'files-renare/cc,1143335908/69133b64471be180c8ed9831/documentossolicitud/05documentodescripcionactividadmitigacion14-11-2025-10-01-28.pdf', 'archivo_soporte_2_3': '', 'geovisor_calculo_traslape_1': '[]', 'resultado_traslape': 'No se presenta traslape.', 'fecha_resultado_traslape': '14/11/2025 10:02:05', 'sector_cartera': '', 'tipo_moneda_1': 297, 'tasa_cambio_1': '$ 5', 'fecha_tasa_cambio_1': '01/11/2025', 'contribucion_propia_1': '$ 1.000.000', 'contribucion_propia_tasa_cambio_1': 'COP $ 5.000.000', 'contribucion_externa_1': '$ 5.000.000', 'contribucion_externa_tasa_cambio_1': 'COP $ 25.000.000', 'costo_total_1': 'COP $ 6.000.000', 'costo_total_tasa_cambio_1': 'COP $ 30.000.000', 't_sector_cartera_asociado_2': '', 'tipo_actividad': 558, 'nombre_tipo_actividad': 'Generación renovable / No convencional'}]",,,,,,,,,,MDL - Proyectos del Mecanismo de Desarrollo Limpio
"renare|proyecto de captura de carbono, y conservacion hidrica del bosque altoandino-humedo en la finca la giovanna, pamplona (norte de santander).",renare,"Proyecto de Captura de Carbono, y Conservación Hídrica del Bosque Altoandino-Húmedo en la Finca La Giovanna, Pamplona (Norte de Santander). 
",,,REVISAR,tipo=PDBC - Proyectos de Desarrollo pero actividades sugiere AFOLU,AFOLU,Conservacion de bosque altoandino,NO_REDD,tipo: PDBC - Proyectos de Desarrollo Bajo en C (categoria distinta de REDD+ en RENARE),NO_REDD,,"[{'fuente_relacionada_1': '{""value"":""Remoción de CO₂ por biomasa aérea y subterránea en bosque natural altoandino""}', 'tipo_actividad_1': 246, 'descripcion_actividad_1': 'Protección, conservación y restauración de 32 ha de bosque altoandino-húmedo en Finca La Giovanna, Pamplona (N. de Santander), mediante aislamiento, restauración ecológica y conservación de cobertura vegetal para la remoción natural de CO₂, sin uso energético (IPCC–AFOLU) y conservación hídrica. \n', 'fecha_inicial_1': '30/12/2025', 'fecha_final_1': '30/12/2040', 'acciones_redd_mas_1': '', 'depositos_carbono_1': '', 'check_co_beneficios_economicos_1': True, 'descripcion_co_beneficios_economicos_1': 'Generación de empleo local en labores de restauración, monitoreo y control de erosión.', 'check_co_beneficios_sociales_1': True, 'descripcion_co_beneficios_sociales_1': 'Fortalecimiento de capacidades locales en conservación ambiental y participación comunitaria. Mejora del bienestar social al proteger fuentes de agua y suelos.', 'check_co_beneficios_ambientales_1': True, 'descripcion_co_beneficios_ambientales_1': 'Mejora la regulación hídrica, conservación de la biodiversidad, protección del suelo, conectividad ecológica y resiliencia del ecosistema altoandino frente al cambio climático.', 'check_otros_co_beneficios_1': True, 'descripcion_otros_co_beneficios_1': 'La iniciativa contribuye a la conservación de servicios ecosistémicos, regulación hídrica, protección del suelo y biodiversidad del bosque altoandino, fortaleciendo la gestión ambiental del territorio', 'archivo_soporte_2_2': 'files-renare/cc,80098491/690caa31471be180c8ed9765/documentossolicitud/05documentodescripcionactividadmitigacion13-12-2025-18-35-39.pdf', 'archivo_soporte_2_3': '', 'geovisor_calculo_traslape_1': '[]', 'resultado_traslape': 'No se presenta traslape.', 'fecha_resultado_traslape': '13/12/2025 19:52:19', 'sector_cartera': '', 'tipo_moneda_1': 173, 'tasa_cambio_1': '', 'fecha_tasa_cambio_1': '', 'contribucion_propia_1': '$ 150.000.000', 'contribucion_propia_tasa_cambio_1': '', 'contribucion_externa_1': '$ 0', 'contribucion_externa_tasa_cambio_1': '', 'costo_total_1': 'COP $ 150.000.000', 'costo_total_tasa_cambio_1': '', 't_sector_cartera_asociado_2': '', 'tipo_actividad': 246, 'nombre_tipo_actividad': 'Uso energético de la biomasa forestal (uso asociado a degradación forestal)'}]",,,,,,,,,,PDBC - Proyectos de Desarrollo Bajo en Carbono
renare|proyecto hidroelectrico el eden,renare,Proyecto Hidroeléctrico El Edén,,,REVISAR,tipo=PDBC - Proyectos de Desarrollo pero actividades sugiere AFOLU,,,NO_REDD,tipo: PDBC - Proyectos de Desarrollo Bajo en C (categoria distinta de REDD+ en RENARE),NO_REDD,,"[{'fuente_relacionada_1': '{""value"":""Generacion de energia renovable""}', 'tipo_actividad_1': 558, 'descripcion_actividad_1': 'Proyecto hidroeléctrico en el río La Miel, Caldas (Colombia), cerca de Pensilvania, Marquetalia y Manzanares. Genera 111 GWh/año para el SIN, reduce la generación termoeléctrica y las emisiones de GEI al aumentar la energía renovable.', 'fecha_inicial_1': '16/02/2017', 'fecha_final_1': '15/02/2027', 'acciones_redd_mas_1': '', 'depositos_carbono_1': '', 'check_co_beneficios_economicos_1': True, 'descripcion_co_beneficios_economicos_1': 'Creación de fuentes de empleo', 'check_co_beneficios_sociales_1': '', 'descripcion_co_beneficios_sociales_1': '', 'check_co_beneficios_ambientales_1': True, 'descripcion_co_beneficios_ambientales_1': 'Reducción de CO2', 'check_otros_co_beneficios_1': True, 'descripcion_otros_co_beneficios_1': 'Creación de fuentes de energía renovable', 'archivo_soporte_2_2': 'files-renare/cc,1075256467/690c8ec7471be180c8ed973d/documentossolicitud/05documentodescripcionactividadmitigacion28-01-2026-09-30-37.pdf', 'archivo_soporte_2_3': '', 'geovisor_calculo_traslape_1': '[]', 'resultado_traslape': 'No se presenta traslape.', 'fecha_resultado_traslape': '28/01/2026 13:38:52', 'sector_cartera': '', 'tipo_moneda_1': 171, 'tasa_cambio_1': '$ 1.807', 'fecha_tasa_cambio_1': '16/05/2012', 'contribucion_propia_1': '$ 48.284.307', 'contribucion_propia_tasa_cambio_1': 'COP $ 87.249.742.749', 'contribucion_externa_1': '$ 0', 'contribucion_externa_tasa_cambio_1': 'COP $ 0', 'costo_total_1': 'COP $ 48.284.307', 'costo_total_tasa_cambio_1': 'COP $ 87.249.742.749', 't_sector_cartera_asociado_2': '', 'tipo_actividad': 558, 'nombre_tipo_actividad': 'Generación renovable / No convencional'}]",,,,,,,,,,PDBC - Proyectos de Desarrollo Bajo en Carbono
renare|prueba,renare,Prueba,,,REVISAR,tipo=PDBC - Proyectos de Desarrollo pero actividades sugiere AFOLU,,,NO_REDD,tipo: PDBC - Proyectos de Desarrollo Bajo en C (categoria distinta de REDD+ en RENARE),NO_REDD,,"[{'fuente_relacionada_1': '{""value"":""Prueba Fuente 1""}', 'tipo_actividad_1': 400, 'descripcion_actividad_1': 'Prueba', 'fecha_inicial_1': '01/01/2025', 'fecha_final_1': '31/10/2025', 'acciones_redd_mas_1': '', 'depositos_carbono_1': '', 'check_co_beneficios_economicos_1': True, 'descripcion_co_beneficios_economicos_1': 'Prueba', 'check_co_beneficios_sociales_1': '', 'descripcion_co_beneficios_sociales_1': '', 'check_co_beneficios_ambientales_1': '', 'descripcion_co_beneficios_ambientales_1': '', 'check_otros_co_beneficios_1': '', 'descripcion_otros_co_beneficios_1': '', 'archivo_soporte_2_2': 'files-renare/cc,1121860663/68ddf2adf7447e0f93dcb125/documentossolicitud/05documentodescripcionactividadmitigacion01-10-2025-22-39-56.pdf', 'archivo_soporte_2_3': '', 'geovisor_calculo_traslape_1': '[{""..."":""<div title=\\""La iniciativa de mitigación de GEI que pretende inscribir en la fase de Factibilidad presenta un Traslape Informativo. \\"" style=\\""display: flex; justify-content: center; align-items: center; height: 100%;\\""> \\n              <span class=\\""esri-icon-notice-triangle\\"" \\n                    style=\\""font-size: 24px; color: orange;\\"" \\n                    title=\\""La iniciativa de mitigación de GEI que pretende inscribir en la fase de Factibilidad presenta un Traslape Informativo. \\"">\\n              </span>\\n            </div>"",""Tipo"":""Traslape Informativo"",""Nombre"":""Complejo Cenagoso de Zapatosa"",""Capa"":""RUNAP"",""Área (M2)"":""1397269203.367 m2"",""Área traslapada (%)"":""4.68%""}]', 'resultado_traslape': 'Se presenta un traslape informativo con Registro Único de Áreas protegidas - RUNAP.', 'fecha_resultado_traslape': '01/10/2025 22:40:48', 'sector_cartera': '', 'tipo_moneda_1': 171, 'tasa_cambio_1': '$ 3.800', 'fecha_tasa_cambio_1': '01/10/2025', 'contribucion_propia_1': '$ 100.000.000', 'contribucion_propia_tasa_cambio_1': 'COP $ 380.000.000.000', 'contribucion_externa_1': '$ 10.000.000', 'contribucion_externa_tasa_cambio_1': 'COP $ 38.000.000.000', 'costo_total_1': 'COP $ 110.000.000', 'costo_total_tasa_cambio_1': 'COP $ 418.000.000.000', 't_sector_cartera_asociado_2': '', 'tipo_actividad': 400, 'nombre_tipo_actividad': 'Nuevas tecnologías en industria de los minerales - Producción de cemento'}]",,,,,,,,,,PDBC - Proyectos de Desarrollo Bajo en Carbono
renare|afsdfsa,renare,afsdfsa,,,AFOLU,tipo: Proyecto REDD+,AFOLU,,REDD,tipo: Proyecto REDD+,REDD,,"[{'fuente_relacionada_1': '{""value"":""Fuente1""}', 'tipo_actividad_1': 50, 'descripcion_actividad_1': 'nsljdvnds', 'fecha_inicial_1': '01/01/2025', 'fecha_final_1': '01/12/2028', 'acciones_redd_mas_1': 'fsdfhfds', 'depositos_carbono_1': '', 'check_co_beneficios_economicos_1': True, 'descripcion_co_beneficios_economicos_1': 'ghjk.', 'check_co_beneficios_sociales_1': '', 'descripcion_co_beneficios_sociales_1': '', 'check_co_beneficios_ambientales_1': '', 'descripcion_co_beneficios_ambientales_1': '', 'check_otros_co_beneficios_1': '', 'descripcion_otros_co_beneficios_1': '', 'archivo_soporte_2_2': 'files-renare/cc,1121860663/68d9689ff7447e0f93dcb039/documentossolicitud/05documentodescripcionactividadmitigacion28-09-2025-12-00-37.pdf', 'archivo_soporte_2_3': '', 'geovisor_calculo_traslape_1': '[{""..."":""<div title=\\""La iniciativa de mitigación de GEI que pretende inscribir en la fase de Factibilidad presenta un Traslape Informativo. \\"" style=\\""display: flex; justify-content: center; align-items: center; height: 100%;\\""> \\n              <span class=\\""esri-icon-notice-triangle\\"" \\n                    style=\\""font-size: 24px; color: orange;\\"" \\n                    title=\\""La iniciativa de mitigación de GEI que pretende inscribir en la fase de Factibilidad presenta un Traslape Informativo. \\"">\\n              </span>\\n            </div>"",""Tipo"":""Traslape Informativo"",""Nombre"":""Complejo Cenagoso de Zapatosa"",""Capa"":""RUNAP"",""Área (M2)"":""1397269203.367 m2"",""Área traslapada (%)"":""4.68%""}]', 'resultado_traslape': 'Se presenta un traslape informativo con Registro Único de Áreas protegidas - RUNAP.', 'fecha_resultado_traslape': '28/09/2025 12:01:23', 'sector_cartera': '', 'tipo_moneda_1': '', 'tasa_cambio_1': '', 'fecha_tasa_cambio_1': '', 'contribucion_propia_1': '', 'contribucion_propia_tasa_cambio_1': '', 'contribucion_externa_1': '', 'contribucion_externa_tasa_cambio_1': '', 'costo_total_1': '', 'costo_total_tasa_cambio_1': '', 't_sector_cartera_asociado_2': '', 't_costos_asociados': '', 'tipo_actividad': 50, 'nombre_tipo_actividad': 'Incremento de las reservas forestales de carbono'}]",,,,,,,,,,Proyecto REDD+
renare|abclnlkvn,renare,abclnlkvn,,,REVISAR,tipo=PDBC - Programas de Desarrollo pero actividades sugiere AFOLU,,,NO_REDD,tipo: PDBC - Programas de Desarrollo Bajo en C (categoria distinta de REDD+ en RENARE),NO_REDD,,"[{'fuente_relacionada_1': '{""value"":""jdvbjsdkvbsd""}', 'tipo_actividad_1': 503, 'descripcion_actividad_1': 'dfafadfa', 'fecha_inicial_1': '01/01/2025', 'fecha_final_1': '31/01/2026', 'acciones_redd_mas_1': '', 'depositos_carbono_1': '', 'check_co_beneficios_economicos_1': True, 'descripcion_co_beneficios_economicos_1': 'vxcbf', 'check_co_beneficios_sociales_1': '', 'descripcion_co_beneficios_sociales_1': '', 'check_co_beneficios_ambientales_1': '', 'descripcion_co_beneficios_ambientales_1': '', 'check_otros_co_beneficios_1': '', 'descripcion_otros_co_beneficios_1': '', 'archivo_soporte_2_2': 'files-renare/cc,1121860663/68d9647bf7447e0f93dcb01e/documentossolicitud/05documentodescripcionactividadmitigacion28-09-2025-11-49-41.pdf', 'archivo_soporte_2_3': 'files-renare/cc,1121860663/68d9647bf7447e0f93dcb01e/documentossolicitud/06soportenegociaciondistribucionescarteras28-09-2025-11-49-46.pdf', 'geovisor_calculo_traslape_1': '[{""..."":""<div title=\\""La iniciativa de mitigación de GEI que pretende inscribir en la fase de Factibilidad presenta un Traslape Informativo. \\"" style=\\""display: flex; justify-content: center; align-items: center; height: 100%;\\""> \\n              <span class=\\""esri-icon-notice-triangle\\"" \\n                    style=\\""font-size: 24px; color: orange;\\"" \\n                    title=\\""La iniciativa de mitigación de GEI que pretende inscribir en la fase de Factibilidad presenta un Traslape Informativo. \\"">\\n              </span>\\n            </div>"",""Tipo"":""Traslape Informativo"",""Nombre"":""Complejo Cenagoso de Zapatosa"",""Capa"":""RUNAP"",""Área (M2)"":""1397269203.367 m2"",""Área traslapada (%)"":""4.68%""}]', 'resultado_traslape': 'Se presenta un traslape informativo con Registro Único de Áreas protegidas - RUNAP.', 'fecha_resultado_traslape': '28/09/2025 11:50:20', 'sector_cartera': '[{""sector_cartera_2"":{""label"":""Ministerio del Interior"",""value"":411,""repeat"":false}}]', 'tipo_moneda_1': 171, 'tasa_cambio_1': '$ 4.200', 'fecha_tasa_cambio_1': '28/09/2025', 'contribucion_propia_1': '$ 100.000.000', 'contribucion_propia_tasa_cambio_1': 'COP $ 420.000.000.000', 'contribucion_externa_1': '$ 10.000.000', 'contribucion_externa_tasa_cambio_1': 'COP $ 42.000.000.000', 'costo_total_1': 'COP $ 110.000.000', 'costo_total_tasa_cambio_1': 'COP $ 462.000.000.000', 'tipo_actividad': 503, 'nombre_tipo_actividad': 'AMTEC'}]",,,,,,,,,,PDBC - Programas de Desarrollo Bajo en Carbono
renare|knfknl,renare,knfknl,,,REVISAR,tipo=MDL PoA - Programas de Activid pero actividades sugiere AFOLU,,,NO_REDD,tipo: MDL PoA - Programas de Actividades del M (categoria distinta de REDD+ en RENARE),NO_REDD,,"[{'fuente_relacionada_1': '{""value"":""Fuente1""}', 'tipo_actividad_1': 859, 'descripcion_actividad_1': 'Descripción de la actividad del proyecto', 'fecha_inicial_1': '01/01/2025', 'fecha_final_1': '31/01/2026', 'acciones_redd_mas_1': '', 'depositos_carbono_1': '', 'check_co_beneficios_economicos_1': '', 'descripcion_co_beneficios_economicos_1': '', 'check_co_beneficios_sociales_1': '', 'descripcion_co_beneficios_sociales_1': '', 'check_co_beneficios_ambientales_1': '', 'descripcion_co_beneficios_ambientales_1': '', 'check_otros_co_beneficios_1': True, 'descripcion_otros_co_beneficios_1': 'dfasdg', 'archivo_soporte_2_2': 'files-renare/cc,1121860663/68d952ddf7447e0f93dcafe2/documentossolicitud/05documentodescripcionactividadmitigacion28-09-2025-11-25-39.pdf', 'archivo_soporte_2_3': '', 'geovisor_calculo_traslape_1': '[{""..."":""<div title=\\""La iniciativa de mitigación de GEI que pretende inscribir en la fase de Factibilidad presenta un Traslape Informativo. \\"" style=\\""display: flex; justify-content: center; align-items: center; height: 100%;\\""> \\n              <span class=\\""esri-icon-notice-triangle\\"" \\n                    style=\\""font-size: 24px; color: orange;\\"" \\n                    title=\\""La iniciativa de mitigación de GEI que pretende inscribir en la fase de Factibilidad presenta un Traslape Informativo. \\"">\\n              </span>\\n            </div>"",""Tipo"":""Traslape Informativo"",""Nombre"":""Complejo Cenagoso de Zapatosa"",""Capa"":""RUNAP"",""Área (M2)"":""1397269203.367 m2"",""Área traslapada (%)"":""4.68%""}]', 'resultado_traslape': 'Se presenta un traslape informativo con Registro Único de Áreas protegidas - RUNAP.', 'fecha_resultado_traslape': '28/09/2025 11:26:14', 'sector_cartera': '', 'tipo_moneda_1': 171, 'tasa_cambio_1': '$ 4.200', 'fecha_tasa_cambio_1': '28/09/2025', 'contribucion_propia_1': '$ 100.000.000', 'contribucion_propia_tasa_cambio_1': 'COP $ 420.000.000.000', 'contribucion_externa_1': '$ 10.000.000', 'contribucion_externa_tasa_cambio_1': 'COP $ 42.000.000.000', 'costo_total_1': 'COP $ 110.000.000', 'costo_total_tasa_cambio_1': 'COP $ 462.000.000.000', 't_sector_cartera_asociado_2': '', 'tipo_actividad': 859, 'nombre_tipo_actividad': 'Nuevas tecnologías en industria de los minerales - Producción de cemento'}]",,,,,,,,,,MDL PoA - Programas de Actividades del Mecanismo de Desarrollo Limpio
renare|nombre iniciativa prueba,renare,Nombre Iniciativa prueba,,,REVISAR,tipo=MDL - Proyectos del Mecanismo  pero actividades sugiere AFOLU,,,NO_REDD,tipo: MDL - Proyectos del Mecanismo de Desarro (categoria distinta de REDD+ en RENARE),NO_REDD,,"[{'fuente_relacionada_1': '{""value"":""Nombre fuente1""}', 'tipo_actividad_1': 710, 'descripcion_actividad_1': 'Descripción de la actividad del proyecto', 'fecha_inicial_1': '28/01/2023', 'fecha_final_1': '24/12/2025', 'acciones_redd_mas_1': '', 'depositos_carbono_1': '', 'check_co_beneficios_economicos_1': '', 'descripcion_co_beneficios_economicos_1': '', 'check_co_beneficios_sociales_1': '', 'descripcion_co_beneficios_sociales_1': '', 'check_co_beneficios_ambientales_1': '', 'descripcion_co_beneficios_ambientales_1': '', 'check_otros_co_beneficios_1': True, 'descripcion_otros_co_beneficios_1': 'Otros ', 'archivo_soporte_2_2': 'files-renare/cc,1121860663/68d94d2bf7447e0f93dcafb8/documentossolicitud/05documentodescripcionactividadmitigacion28-09-2025-10-15-37.pdf', 'archivo_soporte_2_3': '', 'geovisor_calculo_traslape_1': '[{""..."":""<div title=\\""La iniciativa de mitigación de GEI que pretende inscribir en la fase de Factibilidad presenta un Traslape Informativo. \\"" style=\\""display: flex; justify-content: center; align-items: center; height: 100%;\\""> \\n              <span class=\\""esri-icon-notice-triangle\\"" \\n                    style=\\""font-size: 24px; color: orange;\\"" \\n                    title=\\""La iniciativa de mitigación de GEI que pretende inscribir en la fase de Factibilidad presenta un Traslape Informativo. \\"">\\n              </span>\\n            </div>"",""Tipo"":""Traslape Informativo"",""Nombre"":""Complejo Cenagoso de Zapatosa"",""Capa"":""RUNAP"",""Área (M2)"":""1397269203.367 m2"",""Área traslapada (%)"":""4.68%""}]', 'resultado_traslape': 'Se presenta un traslape informativo con Registro Único de Áreas protegidas - RUNAP.', 'fecha_resultado_traslape': '28/09/2025 10:16:10', 'sector_cartera': '', 'tipo_moneda_1': 171, 'tasa_cambio_1': '$ 4.200', 'fecha_tasa_cambio_1': '26/09/2025', 'contribucion_propia_1': '$ 100.000.000', 'contribucion_propia_tasa_cambio_1': 'COP $ 420.000.000.000', 'contribucion_externa_1': '$ 10.000.000', 'contribucion_externa_tasa_cambio_1': 'COP $ 42.000.000.000', 'costo_total_1': 'COP $ 110.000.000', 'costo_total_tasa_cambio_1': 'COP $ 462.000.000.000', 't_sector_cartera_asociado_2': '', 'tipo_actividad': 710, 'nombre_tipo_actividad': 'Implementación o mejoramiento de sistemas con árboles para producción agropecuaria'}]",,,,,,,,,,MDL - Proyectos del Mecanismo de Desarrollo Limpio
renare|nombre prueba,renare,nombre prueba,,,REVISAR,tipo=PDBC - Proyectos de Desarrollo pero actividades sugiere AFOLU,,,NO_REDD,tipo: PDBC - Proyectos de Desarrollo Bajo en C (categoria distinta de REDD+ en RENARE),NO_REDD,,"[{'fuente_relacionada_1': '{""value"":""Fuente Prueba1""}', 'tipo_actividad_1': 643, 'descripcion_actividad_1': 'Desc de la actividad', 'fecha_inicial_1': '01/01/2025', 'fecha_final_1': '31/12/2025', 'acciones_redd_mas_1': '', 'depositos_carbono_1': '', 'check_co_beneficios_economicos_1': True, 'descripcion_co_beneficios_economicos_1': 'Co-Beneficios económicos', 'check_co_beneficios_sociales_1': '', 'descripcion_co_beneficios_sociales_1': '', 'check_co_beneficios_ambientales_1': '', 'descripcion_co_beneficios_ambientales_1': '', 'check_otros_co_beneficios_1': '', 'descripcion_otros_co_beneficios_1': '', 'archivo_soporte_2_2': 'files-renare/cc,1121860663/68d9465cf7447e0f93dcaf56/documentossolicitud/05documentodescripcionactividadmitigacion28-09-2025-09-46-31.pdf', 'archivo_soporte_2_3': '', 'geovisor_calculo_traslape_1': '[{""..."":""<div title=\\""La iniciativa de mitigación de GEI que pretende inscribir en la fase de Factibilidad presenta un Traslape Informativo. \\"" style=\\""display: flex; justify-content: center; align-items: center; height: 100%;\\""> \\n              <span class=\\""esri-icon-notice-triangle\\"" \\n                    style=\\""font-size: 24px; color: orange;\\"" \\n                    title=\\""La iniciativa de mitigación de GEI que pretende inscribir en la fase de Factibilidad presenta un Traslape Informativo. \\"">\\n              </span>\\n            </div>"",""Tipo"":""Traslape Informativo"",""Nombre"":""Complejo Cenagoso de Zapatosa"",""Capa"":""RUNAP"",""Área (M2)"":""1397269203.367 m2"",""Área traslapada (%)"":""4.68%""}]', 'resultado_traslape': 'Se presenta un traslape informativo con Registro Único de Áreas protegidas - RUNAP.', 'fecha_resultado_traslape': '28/09/2025 09:47:08', 'sector_cartera': '', 'tipo_moneda_1': 171, 'tasa_cambio_1': '$ 4.200', 'fecha_tasa_cambio_1': '28/09/2025', 'contribucion_propia_1': '$ 100.000.000', 'contribucion_propia_tasa_cambio_1': 'COP $ 420.000.000.000', 'contribucion_externa_1': '$ 10.000.000', 'contribucion_externa_tasa_cambio_1': 'COP $ 42.000.000.000', 'costo_total_1': 'COP $ 110.000.000', 'costo_total_tasa_cambio_1': 'COP $ 462.000.000.000', 't_sector_cartera_asociado_2': '', 'tipo_actividad': 643, 'nombre_tipo_actividad': 'Sistema de rotación de potreros'}, {'fuente_relacionada_1': '{""value"":""Fuente Prueba1""}', 'tipo_actividad_1': 636, 'descripcion_actividad_1': 'Descripción de la actividad del proyecto', 'fecha_inicial_1': '01/01/2026', 'fecha_final_1': '31/12/2030', 'acciones_redd_mas_1': '', 'depositos_carbono_1': '', 'check_co_beneficios_economicos_1': '', 'descripcion_co_beneficios_economicos_1': '', 'check_co_beneficios_sociales_1': True, 'descripcion_co_beneficios_sociales_1': 'xghjhgmghm', 'check_co_beneficios_ambientales_1': '', 'descripcion_co_beneficios_ambientales_1': '', 'check_otros_co_beneficios_1': '', 'descripcion_otros_co_beneficios_1': '', 'archivo_soporte_2_2': 'files-renare/cc,1121860663/68d9465cf7447e0f93dcaf56/documentossolicitud/05documentodescripcionactividadmitigacion28-09-2025-09-49-26.pdf', 'archivo_soporte_2_3': '', 'geovisor_calculo_traslape_1': '[{""..."":""<div title=\\""La iniciativa de mitigación de GEI que pretende inscribir en la fase de Factibilidad presenta un Traslape Informativo. \\"" style=\\""display: flex; justify-content: center; align-items: center; height: 100%;\\""> \\n              <span class=\\""esri-icon-notice-triangle\\"" \\n                    style=\\""font-size: 24px; color: orange;\\"" \\n                    title=\\""La iniciativa de mitigación de GEI que pretende inscribir en la fase de Factibilidad presenta un Traslape Informativo. \\"">\\n              </span>\\n            </div>"",""Tipo"":""Traslape Informativo"",""Nombre"":""Complejo Cenagoso de Zapatosa"",""Capa"":""RUNAP"",""Área (M2)"":""1397269203.367 m2"",""Área traslapada (%)"":""4.68%""}]', 'resultado_traslape': 'Se presenta un traslape informativo con Registro Único de Áreas protegidas - RUNAP.', 'fecha_resultado_traslape': '28/09/2025 09:49:57', 'sector_cartera': '', 'tipo_moneda_1': 173, 'tasa_cambio_1': '', 'fecha_tasa_cambio_1': '', 'contribucion_propia_1': '$ 100.000.000', 'contribucion_propia_tasa_cambio_1': '', 'contribucion_externa_1': '$ 10.000.000', 'contribucion_externa_tasa_cambio_1': '', 'costo_total_1': 'COP $ 110.000.000', 'costo_total_tasa_cambio_1': '', 't_sector_cartera_asociado_2': '', 'tipo_actividad': 636, 'nombre_tipo_actividad': 'Permacultura'}, {'fuente_relacionada_1': '{""value"":""Fuente prueba2""}', 'tipo_actividad_1': 341, 'descripcion_actividad_1': 'Descripción de la actividad del proyecto', 'fecha_inicial_1': '27/01/2028', 'fecha_final_1': '23/12/2030', 'acciones_redd_mas_1': '', 'depositos_carbono_1': '', 'check_co_beneficios_economicos_1': False, 'descripcion_co_beneficios_economicos_1': '', 'check_co_beneficios_sociales_1': '', 'descripcion_co_beneficios_sociales_1': '', 'check_co_beneficios_ambientales_1': True, 'descripcion_co_beneficios_ambientales_1': 'Co-Beneficios Ambientales', 'check_otros_co_beneficios_1': '', 'descripcion_otros_co_beneficios_1': '', 'archivo_soporte_2_2': 'files-renare/cc,1121860663/68d9465cf7447e0f93dcaf56/documentossolicitud/05documentodescripcionactividadmitigacion28-09-2025-09-52-44.pdf', 'archivo_soporte_2_3': '', 'geovisor_calculo_traslape_1': '[{""..."":""<div title=\\""La iniciativa de mitigación de GEI que pretende inscribir en la fase de Factibilidad presenta un Traslape Informativo. \\"" style=\\""display: flex; justify-content: center; align-items: center; height: 100%;\\""> \\n              <span class=\\""esri-icon-notice-triangle\\"" \\n                    style=\\""font-size: 24px; color: orange;\\"" \\n                    title=\\""La iniciativa de mitigación de GEI que pretende inscribir en la fase de Factibilidad presenta un Traslape Informativo. \\"">\\n              </span>\\n            </div>"",""Tipo"":""Traslape Informativo"",""Nombre"":""Complejo Cenagoso de Zapatosa"",""Capa"":""RUNAP"",""Área (M2)"":""1397269203.367 m2"",""Área traslapada (%)"":""4.68%""}]', 'resultado_traslape': 'Se presenta un traslape informativo con Registro Único de Áreas protegidas - RUNAP.', 'fecha_resultado_traslape': '28/09/2025 09:53:10', 'sector_cartera': '', 'tipo_moneda_1': 171, 'tasa_cambio_1': '$ 4.200', 'fecha_tasa_cambio_1': '28/09/2025', 'contribucion_propia_1': '$ 100.000.000', 'contribucion_propia_tasa_cambio_1': 'COP $ 420.000.000.000', 'contribucion_externa_1': '$ 10.000.000', 'contribucion_externa_tasa_cambio_1': 'COP $ 42.000.000.000', 'costo_total_1': 'COP $ 110.000.000', 'costo_total_tasa_cambio_1': 'COP $ 462.000.000.000', 't_sector_cartera_asociado_2': '', 'tipo_actividad': 341, 'nombre_tipo_actividad': 'Sustitución de energéticos en producción de electricidad y calor'}]",,,,,,,,,,PDBC - Proyectos de Desarrollo Bajo en Carbono
renare|ecoaccion mdl,renare,EcoAcción MDL,,,REVISAR,tipo=MDL PoA - Programas de Activid pero actividades sugiere AFOLU,,,NO_REDD,tipo: MDL PoA - Programas de Actividades del M (categoria distinta de REDD+ en RENARE),NO_REDD,,"[{'fuente_relacionada_1': 'Residuos sólidos urbanos', 'tipo_actividad_1': 772, 'descripcion_actividad_1': 'Promover y coordinar actividades de mitigación de gases de efecto invernadero derivadas del consumo de biomasa no renovable en la cocción doméstica, mediante la implementación de tecnologías limpias bajo el esquema del Mecanismo de Desarrollo Limpio (MDL) a través de un Programa de Actividades (PoA)', 'fecha_inicial_1': '11/06/2025', 'fecha_final_1': '06/01/2026', 'acciones_redd_mas_1': '', 'depositos_carbono_1': '', 'check_co_beneficios_economicos_1': True, 'descripcion_co_beneficios_economicos_1': 'Promover y coordinar actividades de mitigación de gases de efecto invernadero derivadas del consumo de biomasa no renovable en la cocción doméstica, mediante la implementación de tecnologías limpias ', 'check_co_beneficios_sociales_1': '', 'descripcion_co_beneficios_sociales_1': '', 'check_co_beneficios_ambientales_1': '', 'descripcion_co_beneficios_ambientales_1': '', 'check_otros_co_beneficios_1': '', 'descripcion_otros_co_beneficios_1': '', 'archivo_soporte_2_2': 'files-renare/cc,47440081/68adb94df3a7ebd20ba55c52/documentossolicitud/05documentodescripcionactividadmitigacion26-08-2025-08-57-36.pdf', 'archivo_soporte_2_3': '', 'geovisor_calculo_traslape_1': '[]', 'resultado_traslape': 'No se presenta traslape.', 'fecha_resultado_traslape': '26/09/2025 08:58:11', 'sector_cartera': '', 'tipo_moneda_1': 171, 'tasa_cambio_1': '$ 1.000', 'fecha_tasa_cambio_1': '07/08/2025', 'contribucion_propia_1': '$ 10.000.000', 'contribucion_propia_tasa_cambio_1': 'COP $ 10.000.000.000', 'contribucion_externa_1': '$ 100.000.000', 'contribucion_externa_tasa_cambio_1': 'COP $ 100.000.000.000', 'costo_total_1': 'COP $ 110.000.000', 'costo_total_tasa_cambio_1': 'COP $ 110.000.000.000', 't_sector_cartera_asociado_2': '', 'tipo_actividad': 772, 'nombre_tipo_actividad': 'Mejora de procesos en refinación de petróleo'}]",,,,,,,,,,MDL PoA - Programas de Actividades del Mecanismo de Desarrollo Limpio
"renare|proyecto redd+ pacifico norte-sur, la voz de los negros",renare,"Proyecto REDD+ Pacifico Norte-Sur, La Voz de los Negros",,,AFOLU,tipo: Proyecto REDD+,AFOLU,,REDD,tipo: Proyecto REDD+,REDD,,"[{'fuente_relacionada_1': '{""value"":""CO2""}', 'tipo_actividad_1': 46, 'descripcion_actividad_1': 'El Proyecto REDD+ plantea la realización de acciones sociales y productivas, enfocadas en detener la perdida de los ecosistemas forestales, y la biodiversidad en fauna y flora que está presente en el territorio cultural de La Voz de los Negros.', 'fecha_inicial_1': '18/08/2023', 'fecha_final_1': '18/08/2053', 'acciones_redd_mas_1': 'Dentro de las acciones que desarrollará el proyecto está: el fortalecimiento de la gobernanza, los sistemas productivos sostenibles y la transición de actividades ilícitas a licitas', 'depositos_carbono_1': '[{""depositos_carbono_1_1"":{""label"":""Biomasa aérea"",""value"":131,""repeat"":false}},{""depositos_carbono_1_1"":{""label"":""Biomasa subterránea"",""value"":167,""repeat"":false}}]', 'check_co_beneficios_economicos_1': '', 'descripcion_co_beneficios_economicos_1': '', 'check_co_beneficios_sociales_1': True, 'descripcion_co_beneficios_sociales_1': 'Alcanzar el fortalecimiento de la gobernanza del territorio por parte de las comunidades, mediante la creación de iniciativas productivas que soporten las necesidades de la población.', 'check_co_beneficios_ambientales_1': True, 'descripcion_co_beneficios_ambientales_1': 'La implementación de las acciones del proyecto, fomentarán la restauración de los ecosistemas y por tanto la recuperación de servicios ambientales que ellos proveen.', 'check_otros_co_beneficios_1': '', 'descripcion_otros_co_beneficios_1': '', 'archivo_soporte_2_2': 'files-renare/cc,11936405/68caf93b2d88c288b51cf254/documentossolicitud/05documentodescripcionactividadmitigacion17-09-2025-16-25-38.pdf', 'archivo_soporte_2_3': '', 'geovisor_calculo_traslape_1': '[]', 'resultado_traslape': 'No se presenta traslape.', 'fecha_resultado_traslape': '17/09/2025 16:26:40', 'sector_cartera': '', 'tipo_moneda_1': '', 'tasa_cambio_1': '', 'fecha_tasa_cambio_1': '', 'contribucion_propia_1': '', 'contribucion_propia_tasa_cambio_1': '', 'contribucion_externa_1': '', 'contribucion_externa_tasa_cambio_1': '', 'costo_total_1': '', 'costo_total_tasa_cambio_1': '', 't_sector_cartera_asociado_2': '', 't_costos_asociados': '', 'tipo_actividad': 46, 'nombre_tipo_actividad': 'Reducción de las emisiones debidas a la deforestación'}]",,,,,,,,,,Proyecto REDD+
renare|proyecto redd+ “futuro verde”,renare,Proyecto REDD+ “Futuro Verde”,,,AFOLU,tipo: Proyecto REDD+,AFOLU,,REDD,tipo: Proyecto REDD+,REDD,,"[{'fuente_relacionada_1': '{""value"":""Fuente indirecta 1""}', 'tipo_actividad_1': 3772, 'descripcion_actividad_1': 'El programa articula acciones con pueblos indígenas, comunidades campesinas y gobiernos locales, fomentando prácticas productivas sostenibles, restauración de áreas degradadas y monitoreo del carbono forestal. Se alinea con los lineamientos de la Convención Marco de las Naciones Unidas sobre el Camb', 'fecha_inicial_1': '10/09/2025', 'fecha_final_1': '14/11/2025', 'acciones_redd_mas_1': 'El programa articula acciones con pueblos indígenas, comunidades campesinas y gobiernos locales, fomentando prácticas productivas sostenibles, restauración de áreas degradadas y monitoreo del carbono forestal. Se alinea con los lineamientos de la Convención Marco de las Naciones Unidas sobre el Camb', 'depositos_carbono_1': '[{""depositos_carbono_1_1"":{""label"":""Detritos"",""value"":168,""repeat"":false}}]', 'check_co_beneficios_economicos_1': True, 'descripcion_co_beneficios_economicos_1': 'El programa articula acciones con pueblos indígenas, comunidades campesinas y gobiernos locales, fomentando prácticas productivas sostenibles, restauración de áreas degradadas y monitoreo del carbono ', 'check_co_beneficios_sociales_1': '', 'descripcion_co_beneficios_sociales_1': '', 'check_co_beneficios_ambientales_1': '', 'descripcion_co_beneficios_ambientales_1': '', 'check_otros_co_beneficios_1': '', 'descripcion_otros_co_beneficios_1': '', 'archivo_soporte_2_2': 'files-renare/cc,47440081/68cadc2c2d88c288b51cf19e/documentossolicitud/05documentodescripcionactividadmitigacion17-09-2025-11-10-04.pdf', 'archivo_soporte_2_3': '', 'geovisor_calculo_traslape_1': '[]', 'resultado_traslape': 'No se presenta traslape.', 'fecha_resultado_traslape': '17/09/2025 11:10:23', 'sector_cartera': '', 'tipo_moneda_1': '', 'tasa_cambio_1': '', 'fecha_tasa_cambio_1': '', 'contribucion_propia_1': '', 'contribucion_propia_tasa_cambio_1': '', 'contribucion_externa_1': '', 'contribucion_externa_tasa_cambio_1': '', 'costo_total_1': '', 'costo_total_tasa_cambio_1': '', 't_sector_cartera_asociado_2': '', 't_costos_asociados': '', 'tipo_actividad': 3772, 'nombre_tipo_actividad': 'Autogeneración'}]",,,,,,,,,,Proyecto REDD+
renare|proy redd+ respira futuro: programa de actividades para un aire limpio,renare,Proy REDD+ Respira Futuro: Programa de Actividades para un Aire Limpio,,,AFOLU,tipo: Proyecto REDD+,AFOLU,,REDD,tipo: Proyecto REDD+,REDD,,"[{'fuente_relacionada_1': '{""value"":""Fuente directa""}', 'tipo_actividad_1': 48, 'descripcion_actividad_1': 'Prueba', 'fecha_inicial_1': '17/09/2025', 'fecha_final_1': '09/01/2026', 'acciones_redd_mas_1': 'Prueba', 'depositos_carbono_1': '[{""depositos_carbono_1_1"":{""label"":""Detritos"",""value"":168,""repeat"":false}},{""depositos_carbono_1_1"":{""label"":""Biomasa subterránea"",""value"":167,""repeat"":false}}]', 'check_co_beneficios_economicos_1': True, 'descripcion_co_beneficios_economicos_1': 'Prueba', 'check_co_beneficios_sociales_1': '', 'descripcion_co_beneficios_sociales_1': '', 'check_co_beneficios_ambientales_1': '', 'descripcion_co_beneficios_ambientales_1': '', 'check_otros_co_beneficios_1': '', 'descripcion_otros_co_beneficios_1': '', 'archivo_soporte_2_2': 'files-renare/cc,47440081/68ca07b82d88c288b51cf109/documentossolicitud/05documentodescripcionactividadmitigacion17-09-2025-10-45-12.pdf', 'archivo_soporte_2_3': '', 'geovisor_calculo_traslape_1': '[]', 'resultado_traslape': 'No se presenta traslape.', 'fecha_resultado_traslape': '17/09/2025 10:45:32', 'sector_cartera': '', 'tipo_moneda_1': '', 'tasa_cambio_1': '', 'fecha_tasa_cambio_1': '', 'contribucion_propia_1': '', 'contribucion_propia_tasa_cambio_1': '', 'contribucion_externa_1': '', 'contribucion_externa_tasa_cambio_1': '', 'costo_total_1': '', 'costo_total_tasa_cambio_1': '', 't_sector_cartera_asociado_2': '', 't_costos_asociados': '', 'tipo_actividad': 48, 'nombre_tipo_actividad': 'Conservación de las reservas forestales de carbono'}]",,,,,,,,,,Proyecto REDD+
"renare|proyecto redd+ pacifico norte-sur, chanzara y rio sequihonda",renare,"Proyecto REDD+ Pacifico Norte-Sur, Chanzará y Río Sequihonda",,,AFOLU,tipo: Proyecto REDD+,AFOLU,,REDD,tipo: Proyecto REDD+,REDD,,"[{'fuente_relacionada_1': '{""value"":""CO2""}', 'tipo_actividad_1': 46, 'descripcion_actividad_1': 'Los ingresos generados por esta venta de bonos, permitirá invertir recursos en acciones que permitan fortalecer la Gobernanza de las comunidades afrodescendientes, y  la implementación de sistemas productivos sostenibles que mejoren los indicadores de bienestar de la población.', 'fecha_inicial_1': '18/08/2023', 'fecha_final_1': '18/08/2053', 'acciones_redd_mas_1': 'Dentro de las acciones que desarrollará el proyecto está: el fortalecimiento de la gobernanza, los sistemas productivos sostenibles', 'depositos_carbono_1': '[{""depositos_carbono_1_1"":{""label"":""Biomasa aérea"",""value"":131,""repeat"":false}},{""depositos_carbono_1_1"":{""label"":""Biomasa subterránea"",""value"":167,""repeat"":false}}]', 'check_co_beneficios_economicos_1': '', 'descripcion_co_beneficios_economicos_1': '', 'check_co_beneficios_sociales_1': True, 'descripcion_co_beneficios_sociales_1': 'Se direccionarán a financiar estrategias que implementen actividades productivas sostenibles, que ayuden a reducir el impacto de los cultivos ilícitos y otros motores de deforestación', 'check_co_beneficios_ambientales_1': True, 'descripcion_co_beneficios_ambientales_1': 'La implementación de las acciones del proyecto, fomentarán la restauración de los ecosistemas y por tanto la recuperación de servicios ambientales que ellos proveen.', 'check_otros_co_beneficios_1': '', 'descripcion_otros_co_beneficios_1': '', 'archivo_soporte_2_2': 'files-renare/cc,11936405/68c9ec082d88c288b51cf0d1/documentossolicitud/05documentodescripcionactividadmitigacion17-09-2025-13-01-45.pdf', 'archivo_soporte_2_3': '', 'geovisor_calculo_traslape_1': '[]', 'resultado_traslape': 'No se presenta traslape.', 'fecha_resultado_traslape': '17/09/2025 13:01:19', 'sector_cartera': '', 'tipo_moneda_1': '', 'tasa_cambio_1': '', 'fecha_tasa_cambio_1': '', 'contribucion_propia_1': '', 'contribucion_propia_tasa_cambio_1': '', 'contribucion_externa_1': '', 'contribucion_externa_tasa_cambio_1': '', 'costo_total_1': '', 'costo_total_tasa_cambio_1': '', 't_sector_cartera_asociado_2': '', 't_costos_asociados': '', 'tipo_actividad': 46, 'nombre_tipo_actividad': 'Reducción de las emisiones debidas a la deforestación'}]",,,,,,,,,,Proyecto REDD+
"renare|project redd+ pacifico norte-sur, acadesan.",renare,"Project REDD+ Pacifico Norte-Sur, ACADESAN.",,,AFOLU,tipo: Proyecto REDD+,AFOLU,,REDD,tipo: Proyecto REDD+,REDD,,"[{'fuente_relacionada_1': '{""value"":""CO2""}', 'tipo_actividad_1': 46, 'descripcion_actividad_1': 'La conservación de los bosques de la región pacífica colombiana mediante el mecanismo REDD+, y con la participación del Consejo Comunitario General del San Juan – ACADESAN es de gran importancia para la preservación de este importante ecosistema en la biodiversidad del país.', 'fecha_inicial_1': '16/12/2024', 'fecha_final_1': '16/12/2044', 'acciones_redd_mas_1': 'Dentro de las actividades que se contemplan se encuentra: el fortalecimiento de la gobernanza, actividades productivas que eviten la deforestación en el área del proyecto y la reducción de la deforestación', 'depositos_carbono_1': '[{""depositos_carbono_1_1"":{""label"":""Biomasa aérea"",""value"":131,""repeat"":false}},{""depositos_carbono_1_1"":{""label"":""Biomasa subterránea"",""value"":167,""repeat"":false}}]', 'check_co_beneficios_economicos_1': '', 'descripcion_co_beneficios_economicos_1': '', 'check_co_beneficios_sociales_1': True, 'descripcion_co_beneficios_sociales_1': 'Permitirá llevar a cabo actividades para el establecimiento de sistemas productivos de subsistencia que favorezcan subsanar las necesidades básicas de alimentación', 'check_co_beneficios_ambientales_1': True, 'descripcion_co_beneficios_ambientales_1': 'La implementación de las acciones del proyecto, fomentarán la restauración de los ecosistemas y por tanto la recuperación de servicios ambientales que ellos proveen.', 'check_otros_co_beneficios_1': '', 'descripcion_otros_co_beneficios_1': '', 'archivo_soporte_2_2': 'files-renare/cc,11936405/68c9d4fe2d88c288b51cf05c/documentossolicitud/05documentodescripcionactividadmitigacion16-09-2025-17-27-27.pdf', 'archivo_soporte_2_3': '', 'geovisor_calculo_traslape_1': '[{""..."":""<div title=\\""La iniciativa de mitigación de GEI que pretende inscribir en la fase de Factibilidad presenta un Traslape Informativo. \\"" style=\\""display: flex; justify-content: center; align-items: center; height: 100%;\\""> \\n              <span class=\\""esri-icon-notice-triangle\\"" \\n                    style=\\""font-size: 24px; color: orange;\\"" \\n                    title=\\""La iniciativa de mitigación de GEI que pretende inscribir en la fase de Factibilidad presenta un Traslape Informativo. \\"">\\n              </span>\\n            </div>"",""Tipo"":""Traslape Informativo"",""Nombre"":""Páramo del Duende"",""Capa"":""RUNAP"",""Área (M2)"":""180881922.258 m2"",""Área traslapada (%)"":""0.69%""},{""..."":""<div title=\\""La iniciativa de mitigación de GEI que pretende inscribir en la fase de Factibilidad presenta un Traslape Informativo. \\"" style=\\""display: flex; justify-content: center; align-items: center; height: 100%;\\""> \\n              <span class=\\""esri-icon-notice-triangle\\"" \\n                    style=\\""font-size: 24px; color: orange;\\"" \\n                    title=\\""La iniciativa de mitigación de GEI que pretende inscribir en la fase de Factibilidad presenta un Traslape Informativo. \\"">\\n              </span>\\n            </div>"",""Tipo"":""Traslape Informativo"",""Nombre"":""Encanto de los Manglares del Bajo Baudó"",""Capa"":""RUNAP"",""Área (M2)"":""3145625561.967 m2"",""Área traslapada (%)"":""0.07%""},{""..."":""<div title=\\""La iniciativa de mitigación de GEI que pretende inscribir en la fase de Factibilidad presenta un Traslape Informativo. \\"" style=\\""display: flex; justify-content: center; align-items: center; height: 100%;\\""> \\n              <span class=\\""esri-icon-notice-triangle\\"" \\n                    style=\\""font-size: 24px; color: orange;\\"" \\n                    title=\\""La iniciativa de mitigación de GEI que pretende inscribir en la fase de Factibilidad presenta un Traslape Informativo. \\"">\\n              </span>\\n            </div>"",""Tipo"":""Traslape Informativo"",""Nombre"":""Río Bravo"",""Capa"":""RUNAP"",""Área (M2)"":""242773181.523 m2"",""Área traslapada (%)"":""0.19%""},{""..."":""<div title=\\""La iniciativa de mitigación de GEI que pretende inscribir en la fase de Factibilidad presenta un Traslape Informativo. \\"" style=\\""display: flex; justify-content: center; align-items: center; height: 100%;\\""> \\n              <span class=\\""esri-icon-notice-triangle\\"" \\n                    style=\\""font-size: 24px; color: orange;\\"" \\n                    title=\\""La iniciativa de mitigación de GEI que pretende inscribir en la fase de Factibilidad presenta un Traslape Informativo. \\"">\\n              </span>\\n            </div>"",""Tipo"":""Traslape Informativo"",""Nombre"":""Serranía de Los Paraguas"",""Capa"":""RUNAP"",""Área (M2)"":""397722918.889 m2"",""Área traslapada (%)"":""0.22%""}]', 'resultado_traslape': 'Se presenta un traslape informativo con Registro Único de Áreas protegidas - RUNAP.', 'fecha_resultado_traslape': '16/09/2025 17:40:50', 'sector_cartera': '', 'tipo_moneda_1': '', 'tasa_cambio_1': '', 'fecha_tasa_cambio_1': '', 'contribucion_propia_1': '', 'contribucion_propia_tasa_cambio_1': '', 'contribucion_externa_1': '', 'contribucion_externa_tasa_cambio_1': '', 'costo_total_1': '', 'costo_total_tasa_cambio_1': '', 't_sector_cartera_asociado_2': '', 't_costos_asociados': '', 'tipo_actividad': 46, 'nombre_tipo_actividad': 'Reducción de las emisiones debidas a la deforestación'}]",,,,,,,,,,Proyecto REDD+
renare|bosques vitales: programa redd+ para la conservacion y el clima,renare,Bosques Vitales: Programa REDD+ para la Conservación y el Clima,,,AFOLU,tipo: Programa REDD+,AFOLU,,REDD,tipo: Programa REDD+,REDD,,"[{'fuente_relacionada_1': '{""value"":""ABC""}', 'tipo_actividad_1': 3771, 'descripcion_actividad_1': 'asfafa', 'fecha_inicial_1': '01/01/2024', 'fecha_final_1': '31/07/2026', 'acciones_redd_mas_1': 'sddsagsdagdgdsa', 'depositos_carbono_1': '[{""depositos_carbono_1_1"":{""label"":""Biomasa subterránea"",""value"":167,""repeat"":false}}]', 'check_co_beneficios_economicos_1': '', 'descripcion_co_beneficios_economicos_1': '', 'check_co_beneficios_sociales_1': True, 'descripcion_co_beneficios_sociales_1': 'sddssdgsd', 'check_co_beneficios_ambientales_1': '', 'descripcion_co_beneficios_ambientales_1': '', 'check_otros_co_beneficios_1': '', 'descripcion_otros_co_beneficios_1': '', 'archivo_soporte_2_2': 'files-renare/cc,1121860663/68c99d6f2d88c288b51cefd6/documentossolicitud/05documentodescripcionactividadmitigacion27-09-2025-12-57-14.pdf', 'archivo_soporte_2_3': 'files-renare/cc,1121860663/68c99d6f2d88c288b51cefd6/documentossolicitud/06soportenegociaciondistribucionescarteras27-09-2025-12-58-35.pdf', 'geovisor_calculo_traslape_1': '[{""..."":""<div title=\\""La iniciativa de mitigación de GEI que pretende inscribir en la fase de Factibilidad presenta un Traslape Informativo. \\"" style=\\""display: flex; justify-content: center; align-items: center; height: 100%;\\""> \\n              <span class=\\""esri-icon-notice-triangle\\"" \\n                    style=\\""font-size: 24px; color: orange;\\"" \\n                    title=\\""La iniciativa de mitigación de GEI que pretende inscribir en la fase de Factibilidad presenta un Traslape Informativo. \\"">\\n              </span>\\n            </div>"",""Tipo"":""Traslape Informativo"",""Nombre"":""Complejo Cenagoso de Zapatosa"",""Capa"":""RUNAP"",""Área (M2)"":""1397269203.367 m2"",""Área traslapada (%)"":""4.68%""}]', 'resultado_traslape': 'Se presenta un traslape informativo con Registro Único de Áreas protegidas - RUNAP.', 'fecha_resultado_traslape': '27/09/2025 12:59:06', 'sector_cartera': '[{""sector_cartera_2"":{""label"":""Ministerio de Ambiente y Desarrollo Sostenible"",""value"":422,""repeat"":false}}]', 'tipo_moneda_1': '', 'tasa_cambio_1': '', 'fecha_tasa_cambio_1': '', 'contribucion_propia_1': '', 'contribucion_propia_tasa_cambio_1': '', 'contribucion_externa_1': '', 'contribucion_externa_tasa_cambio_1': '', 'costo_total_1': '', 'costo_total_tasa_cambio_1': '', 't_costos_asociados': '', 'tipo_actividad': 3771, 'nombre_tipo_actividad': 'Aire comprimido'}]",,,,,,,,,,Programa REDD+
renare|plan verde: valoracion de energias renovables y disminucion de emisiones,renare,Plan VERDE: Valoración de Energías Renovables y Disminución de Emisiones,,,REVISAR,tipo=MDL PoA - Programas de Activid pero actividades sugiere AFOLU,NO_AFOLU,Energias renovables; no opera sobre cobertura,NO_REDD,tipo: MDL PoA - Programas de Actividades del M (categoria distinta de REDD+ en RENARE),NO_REDD,,"[{'fuente_relacionada_1': '{""value"":""Disminución del consumo energético total mediante eficiencia energética""}', 'tipo_actividad_1': 858, 'descripcion_actividad_1': 'Uso de sistemas híbridos y almacenamiento energético para reducir el uso de generadores a diésel.', 'fecha_inicial_1': '17/09/2025', 'fecha_final_1': '01/11/2030', 'acciones_redd_mas_1': '', 'depositos_carbono_1': '', 'check_co_beneficios_economicos_1': True, 'descripcion_co_beneficios_economicos_1': 'Mejoramiento de la eficiencia energética en procesos industriales o edificios públicos.', 'check_co_beneficios_sociales_1': '', 'descripcion_co_beneficios_sociales_1': '', 'check_co_beneficios_ambientales_1': True, 'descripcion_co_beneficios_ambientales_1': 'Mejoramiento de la eficiencia energética en procesos industriales o edificios públicos.', 'check_otros_co_beneficios_1': '', 'descripcion_otros_co_beneficios_1': '', 'archivo_soporte_2_2': 'files-renare/cc,1121860663/68c991302d88c288b51cef65/documentossolicitud/05documentodescripcionactividadmitigacion16-09-2025-11-49-50.pdf', 'archivo_soporte_2_3': '', 'geovisor_calculo_traslape_1': '[{""..."":""<div title=\\""La iniciativa de mitigación de GEI que pretende inscribir en la fase de Factibilidad presenta un Traslape Informativo. \\"" style=\\""display: flex; justify-content: center; align-items: center; height: 100%;\\""> \\n              <span class=\\""esri-icon-notice-triangle\\"" \\n                    style=\\""font-size: 24px; color: orange;\\"" \\n                    title=\\""La iniciativa de mitigación de GEI que pretende inscribir en la fase de Factibilidad presenta un Traslape Informativo. \\"">\\n              </span>\\n            </div>"",""Tipo"":""Traslape Informativo"",""Nombre"":""Ciénagas El Sapo y Hoyo Grande"",""Capa"":""RUNAP"",""Área (M2)"":""122248370.293 m2"",""Área traslapada (%)"":""8.87%""}]', 'resultado_traslape': 'Se presenta un traslape informativo con Registro Único de Áreas protegidas - RUNAP.', 'fecha_resultado_traslape': '16/09/2025 11:51:29', 'sector_cartera': '', 'tipo_moneda_1': 171, 'tasa_cambio_1': '$ 1.000', 'fecha_tasa_cambio_1': '16/09/2025', 'contribucion_propia_1': '$ 45.000', 'contribucion_propia_tasa_cambio_1': 'COP $ 45.000.000', 'contribucion_externa_1': '$ 70.000', 'contribucion_externa_tasa_cambio_1': 'COP $ 70.000.000', 'costo_total_1': 'COP $ 115.000', 'costo_total_tasa_cambio_1': 'COP $ 115.000.000', 't_sector_cartera_asociado_2': '', 'tipo_actividad': 858, 'nombre_tipo_actividad': 'Nuevas tecnologías en industria de los minerales - Producción de cal'}, {'fuente_relacionada_1': '{""value"":""Fuente remoción Uso de biomasa renovable en reemplazo de combustibles fósiles""}', 'tipo_actividad_1': 702, 'descripcion_actividad_1': 'Uso de sistemas híbridos y almacenamiento energético para reducir el uso de generadores a diésel.', 'fecha_inicial_1': '07/01/2025', 'fecha_final_1': '28/03/2026', 'acciones_redd_mas_1': '', 'depositos_carbono_1': '', 'check_co_beneficios_economicos_1': '', 'descripcion_co_beneficios_economicos_1': '', 'check_co_beneficios_sociales_1': '', 'descripcion_co_beneficios_sociales_1': '', 'check_co_beneficios_ambientales_1': True, 'descripcion_co_beneficios_ambientales_1': 'Sustitución de fuentes energéticas fósiles por biomasa sostenible.', 'check_otros_co_beneficios_1': '', 'descripcion_otros_co_beneficios_1': '', 'archivo_soporte_2_2': 'files-renare/cc,1121860663/68c991302d88c288b51cef65/documentossolicitud/05documentodescripcionactividadmitigacion16-09-2025-11-53-13.pdf', 'archivo_soporte_2_3': '', 'geovisor_calculo_traslape_1': '[]', 'resultado_traslape': 'No se presenta traslape.', 'fecha_resultado_traslape': '16/09/2025 11:53:30', 'sector_cartera': '', 'tipo_moneda_1': 173, 'tasa_cambio_1': '', 'fecha_tasa_cambio_1': '', 'contribucion_propia_1': '$ 115.000.000', 'contribucion_propia_tasa_cambio_1': '', 'contribucion_externa_1': '$ 300.000', 'contribucion_externa_tasa_cambio_1': '', 'costo_total_1': 'COP $ 115.300.000', 'costo_total_tasa_cambio_1': '', 't_sector_cartera_asociado_2': '', 'tipo_actividad': 702, 'nombre_tipo_actividad': 'Uso de concentrados comerciales'}]",,,,,,,,,,MDL PoA - Programas de Actividades del Mecanismo de Desarrollo Limpio
renare|los tities de san juan,renare,Los Titíes de San Juan,,,REVISAR,tipo=PDBC - Proyectos de Desarrollo pero actividades sugiere AFOLU,,,NO_REDD,tipo: PDBC - Proyectos de Desarrollo Bajo en C (categoria distinta de REDD+ en RENARE),NO_REDD,,"[{'acciones_redd_mas_1': None, 'tasa_cambio_1': '$ 4.249', 'tipo_actividad_1': 747, 'contribucion_propia_1': '$ 0', 'costo_total_1': '$ 1.416.518', 'sector_cartera': '[]', 'fecha_tasa_cambio_1': '2025/05/05 00:00:00.000', 'fuente_relacionada_1': '{""value"":""Restauración""}', 'archivo_soporte_2_2': 'files-renare/cc,1018420586/68b22d062cb375c800b83dfb/documentossolicitud/05documentodescripcionactividadmitigacion08-05-2025-13-49-42.pdf', 'fecha_final_1': '31/07/2051', 'archivo_soporte_2_3': None, 'fecha_inicial_1': '01/08/2021', 'descripcion_actividad_1': 'Implementación de diferentes estrategias de restauración ecológica a través de germinación, propagación, manejo y siembra de especies nativas del bosque seco tropical en áreas usadas previamente para actividades agropecuarias.', 'id_actividad': 4881, 'tipo_moneda_1': 171, 'contribucion_externa_1': '$ 1.416.518', 'resultado_traslape': 'No se presenta traslape.', 'fecha_resultado_traslape': '08/05/2025 13:49:38', 'tipo_actividad': 747, 'nombre_tipo_actividad': 'Restauración forestal'}]",,,,,,,,,,PDBC - Proyectos de Desarrollo Bajo en Carbono
renare|proyecto de generacion de energia solar fotovoltaica la loma,renare,Proyecto de Generación de Energía Solar Fotovoltaica La Loma ,,,REVISAR,tipo: PDBC - Proyectos de Desarrollo Bajo en Carbono (no concluyente),,,NO_REDD,tipo: PDBC - Proyectos de Desarrollo Bajo en C (categoria distinta de REDD+ en RENARE),NO_REDD,,[],,,,,,,,,,PDBC - Proyectos de Desarrollo Bajo en Carbono
renare|bauminvest flor morado reforestation project veraneo,renare,BaumInvest Flor Morado Reforestation Project Veraneo,,,REVISAR,tipo: PDBC - Proyectos de Desarrollo Bajo en Carbono (no concluyente),,,NO_REDD,tipo: PDBC - Proyectos de Desarrollo Bajo en C (categoria distinta de REDD+ en RENARE),NO_REDD,,[],,,,,,,,,,PDBC - Proyectos de Desarrollo Bajo en Carbono
renare|proyecto de mitigacion en el sector del uso del suelo cambio en el uso del suelo y silvicultura por remociones debidas al establecimiento de sistemas forestales de hevea brasiliensis en el municipio d,renare,Proyecto de mitigación en el sector del uso del suelo cambio en el uso del suelo y silvicultura por remociones debidas al establecimiento de sistemas forestales de Hevea brasiliensis en el municipio d,,,REVISAR,tipo=PDBC - Proyectos de Desarrollo pero actividades sugiere AFOLU,AFOLU,USCUSS: establecimiento de sistemas forestales,NO_REDD,tipo: PDBC - Proyectos de Desarrollo Bajo en C (categoria distinta de REDD+ en RENARE),NO_REDD,,"[{'acciones_redd_mas_1': None, 'tasa_cambio_1': '', 'tipo_actividad_1': 708, 'contribucion_propia_1': '$ 1.086.636.600', 'costo_total_1': '$ 1.086.636.600', 'sector_cartera': '[]', 'fecha_tasa_cambio_1': None, 'fuente_relacionada_1': '{""value"":""Caucho""}', 'archivo_soporte_2_2': 'files-renare/cc,1018420586/68b22cff2cb375c800b83df1/documentossolicitud/05documentodescripcionactividadmitigacion10-12-2024-11-59-07.pdf', 'fecha_final_1': '12/12/2042', 'archivo_soporte_2_3': None, 'fecha_inicial_1': '05/01/2013', 'descripcion_actividad_1': 'La implementación de actividades productivas de látex en reemplazo de la ganadería genera una alternativa económica en un municipio dominado por la producción de hidrocarburos, lo que representa oportunidades de empleo para la comunidad, así mismo el establecimiento del cultivo ', 'id_actividad': 4333, 'tipo_moneda_1': 173, 'contribucion_externa_1': '$ 0', 'resultado_traslape': 'No se presenta traslape.', 'fecha_resultado_traslape': '10/12/2024 11:59:05', 'tipo_actividad': 708, 'nombre_tipo_actividad': 'Incremento de las reservas forestales de carbono'}]",,,,,,,,,,PDBC - Proyectos de Desarrollo Bajo en Carbono
renare|prueba_py_pdbc,renare,prueba_py_pdbc,,,REVISAR,tipo=PDBC - Proyectos de Desarrollo pero actividades sugiere AFOLU,,,NO_REDD,tipo: PDBC - Proyectos de Desarrollo Bajo en C (categoria distinta de REDD+ en RENARE),NO_REDD,,"[{'acciones_redd_mas_1': None, 'tasa_cambio_1': '$ 4.000', 'tipo_actividad_1': 746, 'contribucion_propia_1': '$ 1.111', 'costo_total_1': '$ 2.222', 'sector_cartera': '[]', 'fecha_tasa_cambio_1': '2024/12/11 00:00:00.000', 'fuente_relacionada_1': '{""value"":""Plantación forestal""}', 'archivo_soporte_2_2': 'files-renare/cc,1018420586/68b22cfa2cb375c800b83ded/documentossolicitud/05documentodescripcionactividadmitigacion11-12-2024-17-26-40.pdf', 'fecha_final_1': '23/04/2039', 'archivo_soporte_2_3': None, 'fecha_inicial_1': '24/04/2009', 'descripcion_actividad_1': 'prueba_py_pdbc (PY PDBC) para verificación de funcionamiento de calculadora de traslape', 'id_actividad': 4341, 'tipo_moneda_1': 171, 'contribucion_externa_1': '$ 1.111', 'tipo_actividad': 746, 'nombre_tipo_actividad': 'Plantaciones forestales'}]",,,,,,,,,,PDBC - Proyectos de Desarrollo Bajo en Carbono
renare|central hidroelectrica menor amaime,renare,Central Hidroeléctrica Menor Amaime,,,REVISAR,tipo=MDL - Proyectos del Mecanismo  pero actividades sugiere AFOLU,,,NO_REDD,tipo: MDL - Proyectos del Mecanismo de Desarro (categoria distinta de REDD+ en RENARE),NO_REDD,,"[{'acciones_redd_mas_1': None, 'tasa_cambio_1': '', 'tipo_actividad_1': 558, 'contribucion_propia_1': '$ 160.000.000.000', 'costo_total_1': '$ 160.000.000.000', 'sector_cartera': '[{""sector_cartera_2"": {""value"":414}}]', 'fecha_tasa_cambio_1': None, 'fuente_relacionada_1': '{""value"":""Producción de energía con combustibles fósiles ""}', 'archivo_soporte_2_2': 'files-renare/cc,1018420586/68b22cf42cb375c800b83de9/documentossolicitud/05documentodescripcionactividadmitigacion19-02-2025-15-15-32.pdf', 'fecha_final_1': '17/11/2017', 'archivo_soporte_2_3': 'files-renare/cc,1018420586/68b22cf42cb375c800b83de9/documentossolicitud/06soportenegociaciondistribucionescarteras19-02-2025-15-15-32.pdf', 'fecha_inicial_1': '18/11/2010', 'descripcion_actividad_1': 'Generar energía eléctrica de origen hidráulico que sustituye la energía que, en ausencia de la central, sería parcialmente producida por plantas consumidoras de combustibles fósiles y emisoras de gases de efecto invernadero.', 'id_actividad': 4425, 'tipo_moneda_1': 173, 'contribucion_externa_1': '$ 0', 'check_co_beneficios_ambientales_1': True, 'descripcion_co_beneficios_ambientales_1': 'Reducción del consumo de combustibles fósiles.\nAumento del uso de fuentes de energía renovables.', 'resultado_traslape': 'No se presenta traslape.', 'fecha_resultado_traslape': '19/02/2025 15:15:30', 'tipo_actividad': 558, 'nombre_tipo_actividad': 'Generación renovable / No convencional'}]",,,,,,,,,,MDL - Proyectos del Mecanismo de Desarrollo Limpio
renare|agrotrace,renare,AgroTrace,,,REVISAR,tipo: PDBC - Programas de Desarrollo Bajo en Carbono (no concluyente),,,NO_REDD,tipo: PDBC - Programas de Desarrollo Bajo en C (categoria distinta de REDD+ en RENARE),NO_REDD,,[],,,,,,,,,,PDBC - Programas de Desarrollo Bajo en Carbono
renare|carvida duratex,renare,CARVIDA DURATEX,,,REVISAR,tipo: PDBC - Proyectos de Desarrollo Bajo en Carbono (no concluyente),,,NO_REDD,tipo: PDBC - Proyectos de Desarrollo Bajo en C (categoria distinta de REDD+ en RENARE),NO_REDD,,[],,,,,,,,,,PDBC - Proyectos de Desarrollo Bajo en Carbono
renare|acaba redd+ project,renare,ACABA REDD+ Project,,,AFOLU,tipo: Proyecto REDD+,AFOLU,,REDD,tipo: Proyecto REDD+,REDD,,[],,,,,,,,,,Proyecto REDD+
renare|bauminvest flor saphira reforestation project el capricho & la catorce,renare,BaumInvest Flor Saphira Reforestation Project El Capricho & La Catorce,,,REVISAR,tipo: PDBC - Programas de Desarrollo Bajo en Carbono (no concluyente),,,NO_REDD,tipo: PDBC - Programas de Desarrollo Bajo en C (categoria distinta de REDD+ en RENARE),NO_REDD,,[],,,,,,,,,,PDBC - Programas de Desarrollo Bajo en Carbono
renare|bauminvest flor morado reforestation project punta hermosa & moriche solo,renare,BaumInvest Flor Morado Reforestation Project Punta Hermosa & Moriche Solo,,,REVISAR,tipo: PDBC - Programas de Desarrollo Bajo en Carbono (no concluyente),,,NO_REDD,tipo: PDBC - Programas de Desarrollo Bajo en C (categoria distinta de REDD+ en RENARE),NO_REDD,,[],,,,,,,,,,PDBC - Programas de Desarrollo Bajo en Carbono
renare|marena ichena - nag+ma enoye rafue,renare,MARENA ICHENA - NAG+MA ENOYE RAFUE,,,AFOLU,tipo: Proyecto REDD+,AFOLU,,REDD,tipo: Proyecto REDD+,REDD,,[],,,,,,,,,,Proyecto REDD+
renare|a,renare,A,,,REVISAR,tipo: PDBC - Proyectos de Desarrollo Bajo en Carbono (no concluyente),,,NO_REDD,tipo: PDBC - Proyectos de Desarrollo Bajo en C (categoria distinta de REDD+ en RENARE),NO_REDD,,[],,,,,,,,,,PDBC - Proyectos de Desarrollo Bajo en Carbono
renare|entrepalmas s.a.s,renare,ENTREPALMAS S.A.S,,,REVISAR,tipo=MDL - Proyectos del Mecanismo  pero actividades sugiere AFOLU,,,NO_REDD,tipo: MDL - Proyectos del Mecanismo de Desarro (categoria distinta de REDD+ en RENARE),NO_REDD,,"[{'acciones_redd_mas_1': None, 'tasa_cambio_1': '', 'tipo_actividad_1': 666, 'contribucion_propia_1': '$ 2.000.000.000', 'costo_total_1': '$ 2.000.000.000', 'sector_cartera': '[{""sector_cartera_2"": {""value"":413}}]', 'fecha_tasa_cambio_1': None, 'fuente_relacionada_1': '{""value"":""Generación Energía""}', 'archivo_soporte_2_2': 'files-renare/cc,1018420586/68b22ced2cb375c800b83dce/documentossolicitud/05documentodescripcionactividadmitigacion31-03-2025-14-46-34.pdf', 'fecha_final_1': '25/05/2037', 'archivo_soporte_2_3': 'files-renare/cc,1018420586/68b22ced2cb375c800b83dce/documentossolicitud/06soportenegociaciondistribucionescarteras31-03-2025-14-46-33.pdf', 'fecha_inicial_1': '25/05/2017', 'descripcion_actividad_1': 'Generación de energía a partir del biogás, por metano capturado en las lagunas de oxidación (proyecto registrado bajo el MDL), para alimentar algunos procesos de la planta.\nAprovechamiento de biomasa para la cogeneración de energía', 'id_actividad': 4701, 'tipo_moneda_1': 173, 'contribucion_externa_1': '$ 0', 'check_otros_co_beneficios_1': True, 'descripcion_otros_co_beneficios_1': 'Reconocimientos/certificaciones', 'resultado_traslape': 'No se presenta traslape.', 'fecha_resultado_traslape': '31/03/2025 15:34:25', 'tipo_actividad': 666, 'nombre_tipo_actividad': 'Sustitución de energéticos en sector agropecuario'}, {'acciones_redd_mas_1': None, 'tasa_cambio_1': '', 'tipo_actividad_1': 698, 'contribucion_propia_1': '$ 4.000.000.000', 'costo_total_1': '$ 4.000.000.000', 'sector_cartera': '[{""sector_cartera_2"": {""value"":413}}]', 'fecha_tasa_cambio_1': None, 'fuente_relacionada_1': '{""value"":""Tratamiento Vertimiento Proceso Industrial""}', 'archivo_soporte_2_2': 'files-renare/cc,1018420586/68b22ced2cb375c800b83dce/documentossolicitud/05documentodescripcionactividadmitigacion31-03-2025-14-57-39.pdf', 'fecha_final_1': '25/05/2037', 'archivo_soporte_2_3': 'files-renare/cc,1018420586/68b22ced2cb375c800b83dce/documentossolicitud/06soportenegociaciondistribucionescarteras31-03-2025-14-57-39.pdf', 'fecha_inicial_1': '25/05/2017', 'descripcion_actividad_1': 'Reducir directamente las emisiones de metano mediante el compostaje de los residuos provenientes de la extracción del aceite, que de otro modo sería eliminado en vertederos de residuos sólidos ubicados en las plantaciones.', 'id_actividad': 4702, 'tipo_moneda_1': 173, 'contribucion_externa_1': '$ 0', 'check_otros_co_beneficios_1': True, 'descripcion_otros_co_beneficios_1': 'Reconocimiento / Certificaciones ', 'resultado_traslape': 'No se presenta traslape.', 'fecha_resultado_traslape': '31/03/2025 15:34:11', 'tipo_actividad': 698, 'nombre_tipo_actividad': 'Tratamiento biológico de residuos sólidos con gestión de biogás'}]",,,,,,,,,,MDL - Proyectos del Mecanismo de Desarrollo Limpio
renare|proyecto redd+ macroterritorio jaguares de yurupari,renare,PROYECTO REDD+ MACROTERRITORIO JAGUARES DE YURUPARÍ,,,AFOLU,tipo: Proyecto REDD+,AFOLU,,REDD,tipo: Proyecto REDD+,REDD,,[],,,,,,,,,,Proyecto REDD+
renare|cim2,renare,CIM2,,,REVISAR,tipo: PDBC - Proyectos de Desarrollo Bajo en Carbono (no concluyente),,,NO_REDD,tipo: PDBC - Proyectos de Desarrollo Bajo en C (categoria distinta de REDD+ en RENARE),NO_REDD,,[],,,,,,,,,,PDBC - Proyectos de Desarrollo Bajo en Carbono
renare|central hidroelectrica escuela de minas,renare,Central Hidroeléctrica Escuela de Minas,,,REVISAR,tipo: PDBC - Proyectos de Desarrollo Bajo en Carbono (no concluyente),,,NO_REDD,tipo: PDBC - Proyectos de Desarrollo Bajo en C (categoria distinta de REDD+ en RENARE),NO_REDD,,[],,,,,,,,,,PDBC - Proyectos de Desarrollo Bajo en Carbono
renare|central hidroelectrica carlos lleras restrepo,renare,Central Hidroeléctrica Carlos Lleras Restrepo,,,REVISAR,tipo: PDBC - Proyectos de Desarrollo Bajo en Carbono (no concluyente),,,NO_REDD,tipo: PDBC - Proyectos de Desarrollo Bajo en C (categoria distinta de REDD+ en RENARE),NO_REDD,,[],,,,,,,,,,PDBC - Proyectos de Desarrollo Bajo en Carbono
renare|central hidroelectrica menor bajo tulua,renare,Central Hidroeléctrica Menor Bajo Tuluá,,,REVISAR,tipo=PDBC - Proyectos de Desarrollo pero actividades sugiere AFOLU,,,NO_REDD,tipo: PDBC - Proyectos de Desarrollo Bajo en C (categoria distinta de REDD+ en RENARE),NO_REDD,,"[{'acciones_redd_mas_1': None, 'tasa_cambio_1': '', 'tipo_actividad_1': 558, 'contribucion_propia_1': '$ 160.000.000.000', 'costo_total_1': '$ 160.000.000.000', 'sector_cartera': '[]', 'fecha_tasa_cambio_1': None, 'fuente_relacionada_1': '{""value"":""Producción de energía con combustibles fósiles""}', 'archivo_soporte_2_2': 'files-renare/cc,1018420586/68b22ce42cb375c800b83dbe/documentossolicitud/05documentodescripcionactividadmitigacion19-02-2025-09-01-07.pdf', 'fecha_final_1': '28/11/2025', 'archivo_soporte_2_3': None, 'fecha_inicial_1': '29/11/2018', 'descripcion_actividad_1': 'Generar energía eléctrica de origen hidráulico que sustituye la energía que, en ausencia de la central, sería parcialmente producida por plantas consumidoras de combustibles fósiles y emisoras de gases de efecto invernadero.', 'id_actividad': 4422, 'tipo_moneda_1': 173, 'contribucion_externa_1': '$ 0', 'resultado_traslape': 'No se presenta traslape.', 'fecha_resultado_traslape': '19/02/2025 09:01:06', 'tipo_actividad': 558, 'nombre_tipo_actividad': 'Generación renovable / No convencional'}]",,,,,,,,,,PDBC - Proyectos de Desarrollo Bajo en Carbono
renare|carbono bagatela,renare,Carbono Bagatela,,,REVISAR,tipo=PDBC - Proyectos de Desarrollo pero actividades sugiere AFOLU,,,NO_REDD,tipo: PDBC - Proyectos de Desarrollo Bajo en C (categoria distinta de REDD+ en RENARE),NO_REDD,,"[{'acciones_redd_mas_1': None, 'tasa_cambio_1': '', 'tipo_actividad_1': 746, 'contribucion_propia_1': '$ 100.000.000', 'costo_total_1': '$ 100.000.000', 'sector_cartera': '[]', 'fecha_tasa_cambio_1': None, 'fuente_relacionada_1': '{""value"":""Pasto limpio""}', 'archivo_soporte_2_2': 'files-renare/cc,1018420586/68b22cdf2cb375c800b83dba/documentossolicitud/05documentodescripcionactividadmitigacion06-12-2024-08-59-21.pdf', 'fecha_final_1': '02/02/2031', 'archivo_soporte_2_3': None, 'fecha_inicial_1': '03/02/2011', 'descripcion_actividad_1': 'Establecer 1,000 hectáreas de plantaciones forestales comerciales con Tectona grandis en el municipio de Arboletes (Antioquia) o Los Córdobas (Córdoba).', 'id_actividad': 4281, 'tipo_moneda_1': 173, 'contribucion_externa_1': '$ 0', 'resultado_traslape': 'No se presenta traslape.', 'fecha_resultado_traslape': '06/12/2024 08:59:19', 'tipo_actividad': 746, 'nombre_tipo_actividad': 'Plantaciones forestales'}]",,,,,,,,,,PDBC - Proyectos de Desarrollo Bajo en Carbono
renare|proyecto hidroelectrico caruquia,renare,Proyecto hidroeléctrico Caruquia,,,REVISAR,tipo: PDBC - Programas de Desarrollo Bajo en Carbono (no concluyente),,,NO_REDD,tipo: PDBC - Programas de Desarrollo Bajo en C (categoria distinta de REDD+ en RENARE),NO_REDD,,[],,,,,,,,,,PDBC - Programas de Desarrollo Bajo en Carbono
renare|brujula verde project,renare,Brújula Verde Project,,,REVISAR,tipo=PDBC - Proyectos de Desarrollo pero actividades sugiere AFOLU,,,NO_REDD,tipo: PDBC - Proyectos de Desarrollo Bajo en C (categoria distinta de REDD+ en RENARE),NO_REDD,,"[{'fuente_relacionada_1': '{""value"":""Aforestación, Reforestación y Revegetación en sabanas degradadas""}', 'tipo_actividad_1': 746, 'descripcion_actividad_1': 'Brújula Verde, desarrollado por InverBosques, es un proyecto de reforestación que promueve el Manejo Forestal Sostenible en Vichada, Colombia con el objetivo de conservar la biodiversidad y reforestar sabanas degradadas.', 'fecha_inicial_1': '15/05/2023', 'fecha_final_1': '14/05/2053', 'acciones_redd_mas_1': '', 'depositos_carbono_1': '', 'check_co_beneficios_economicos_1': True, 'descripcion_co_beneficios_economicos_1': 'ODS 8 Trabajo decente y crecimiento económico: Mayores oportunidades para la generación de ingresos', 'check_co_beneficios_sociales_1': True, 'descripcion_co_beneficios_sociales_1': 'ODS 5 Igualdad de género: Empoderamiento de la mujer e igualdad de género', 'check_co_beneficios_ambientales_1': True, 'descripcion_co_beneficios_ambientales_1': 'ODS 13 Acción climática: Eliminación de emisiones\nODS 15 Vida en la Tierra: Mejorar la Biodiversidad', 'check_otros_co_beneficios_1': '', 'descripcion_otros_co_beneficios_1': '', 'archivo_soporte_2_2': 'files-renare/cc,43626068/68b22cdd2cb375c800b83db4/documentossolicitud/05documentodescripcionactividadmitigacion11-12-2025-12-11-46.pdf', 'archivo_soporte_2_3': '', 'geovisor_calculo_traslape_1': '[]', 'resultado_traslape': 'No se presenta traslape.', 'fecha_resultado_traslape': '11/12/2025 12:20:58', 'sector_cartera': '', 'tipo_moneda_1': 171, 'tasa_cambio_1': '$ 4.000', 'fecha_tasa_cambio_1': '18/07/2022', 'contribucion_propia_1': '$ 0', 'contribucion_propia_tasa_cambio_1': 'COP $ 0', 'contribucion_externa_1': '$ 269.923.841', 'contribucion_externa_tasa_cambio_1': 'COP $ 1.079.695.364.000', 'costo_total_1': 'COP $ 269.923.841', 'costo_total_tasa_cambio_1': 'COP $ 1.079.695.364.000', 't_sector_cartera_asociado_2': '', 'tipo_actividad': 746, 'nombre_tipo_actividad': 'Plantaciones forestales'}]",,,,,,,,,,PDBC - Proyectos de Desarrollo Bajo en Carbono
renare|solario,renare,Solario,,,REVISAR,tipo: MDL - Proyectos del Mecanismo de Desarrollo Limpio (no concluyente),,,NO_REDD,tipo: MDL - Proyectos del Mecanismo de Desarro (categoria distinta de REDD+ en RENARE),NO_REDD,,[],,,,,,,,,,MDL - Proyectos del Mecanismo de Desarrollo Limpio
renare|proyecto solar fotovoltaico greenyellow,renare,Proyecto Solar Fotovoltaico Greenyellow,,,REVISAR,tipo: PDBC - Proyectos de Desarrollo Bajo en Carbono (no concluyente),,,NO_REDD,tipo: PDBC - Proyectos de Desarrollo Bajo en C (categoria distinta de REDD+ en RENARE),NO_REDD,,[],,,,,,,,,,PDBC - Proyectos de Desarrollo Bajo en Carbono
renare|agua fresca multipurpose and environmental services project,renare,Agua Fresca Multipurpose and Environmental Services Project,,,REVISAR,tipo: PDBC - Proyectos de Desarrollo Bajo en Carbono (no concluyente),,,NO_REDD,tipo: PDBC - Proyectos de Desarrollo Bajo en C (categoria distinta de REDD+ en RENARE),NO_REDD,,[],,,,,,,,,,PDBC - Proyectos de Desarrollo Bajo en Carbono
renare|carbono verde ii,renare,Carbono Verde II,,,REVISAR,tipo: PDBC - Proyectos de Desarrollo Bajo en Carbono (no concluyente),,,NO_REDD,tipo: PDBC - Proyectos de Desarrollo Bajo en C (categoria distinta de REDD+ en RENARE),NO_REDD,,[],,,,,,,,,,PDBC - Proyectos de Desarrollo Bajo en Carbono
renare|proyecto hidroelectrico guanaquitas 9.74 mw,renare,Proyecto Hidroeléctrico Guanaquitas 9.74 MW,,,REVISAR,tipo: MDL - Proyectos del Mecanismo de Desarrollo Limpio (no concluyente),,,NO_REDD,tipo: MDL - Proyectos del Mecanismo de Desarro (categoria distinta de REDD+ en RENARE),NO_REDD,,[],,,,,,,,,,MDL - Proyectos del Mecanismo de Desarrollo Limpio
renare|ruta andina,renare,RUTA ANDINA ,,,REVISAR,tipo: PDBC - Proyectos de Desarrollo Bajo en Carbono (no concluyente),,,NO_REDD,tipo: PDBC - Proyectos de Desarrollo Bajo en C (categoria distinta de REDD+ en RENARE),NO_REDD,,[],,,,,,,,,,PDBC - Proyectos de Desarrollo Bajo en Carbono
renare|asatiq vaupes maloca redd+ project,renare,ASATIQ VAUPÉS MALOCA REDD+ PROJECT,,,AFOLU,tipo: Proyecto REDD+,AFOLU,,REDD,tipo: Proyecto REDD+,REDD,,"[{'acciones_redd_mas_1': '1) Mejorar los sistemas de producción tradicionales asociados a la gestión de la chagra y los huertos familiares. \nEsta actividad del AQRP busca el desarrollo de actividades productivas compatibles con los componentes de desarrollo del Plan de Vida de ASATIQ, el bienestar de la comunidad y la conservación de los bosques. En este marco, esta actividad busca diseñar e implementar una estrategia para el mejoramiento del sistema productivo de la chagra, y la inclusión de huertos familiares.', 'tasa_cambio_1': '', 'tipo_actividad_1': 706, 'contribucion_propia_1': '', 'costo_total_1': '', 'sector_cartera': '[{""sector_cartera_2"": {""value"":418}}]', 'fecha_tasa_cambio_1': None, 'fuente_relacionada_1': '{""value"":""Deforestación""}', 'archivo_soporte_2_2': 'files-renare/cc,1018420586/68b22cd22cb375c800b83d9e/documentossolicitud/05documentodescripcionactividadmitigacion26-11-2024-05-05-00.pdf', 'fecha_final_1': '07/11/2049', 'archivo_soporte_2_3': None, 'fecha_inicial_1': '08/11/2019', 'descripcion_actividad_1': 'Esta iniciativa busca evitar la conversión de terrenos forestales a otros usos (PNUMA, 2018). Este tipo de iniciativa se expresa en reducciones de CO2e.', 'id_actividad': 4265, 'tipo_moneda_1': None, 'contribucion_externa_1': '', 'depositos_carbono_1': '[{""depositos_carbono_1_1"": {""value"": 131}}, {""depositos_carbono_1_1"": {""value"": 167}}, {""depositos_carbono_1_1"": {""value"": 168}}, {""depositos_carbono_1_1"": {""value"": 169}}, {""depositos_carbono_1_1"": {""value"": 170}}]', 'resultado_traslape': 'No se presenta traslape.', 'fecha_resultado_traslape': '26/11/2024 05:04:57', 'tipo_actividad': 706, 'nombre_tipo_actividad': 'Reducción de las emisiones debidas a la deforestación'}]",,,,,,,,,,Proyecto REDD+
renare|planta solar fotovoltaica fundacion,renare,Planta Solar Fotovoltaica Fundación ,,,REVISAR,tipo: PDBC - Proyectos de Desarrollo Bajo en Carbono (no concluyente),,,NO_REDD,tipo: PDBC - Proyectos de Desarrollo Bajo en C (categoria distinta de REDD+ en RENARE),NO_REDD,,[],,,,,,,,,,PDBC - Proyectos de Desarrollo Bajo en Carbono
renare|cim 1,renare,CIM 1,,,REVISAR,tipo: PDBC - Proyectos de Desarrollo Bajo en Carbono (no concluyente),,,NO_REDD,tipo: PDBC - Proyectos de Desarrollo Bajo en C (categoria distinta de REDD+ en RENARE),NO_REDD,,[],,,,,,,,,,PDBC - Proyectos de Desarrollo Bajo en Carbono
renare|grouped project for reducing emissions from deforestation and forest degradation redd - in the regional natural park: biological corridor pnn purace pnn cueva de los guacharos,renare,GROUPED PROJECT FOR REDUCING EMISSIONS FROM DEFORESTATION AND FOREST DEGRADATION REDD - IN THE REGIONAL NATURAL PARK: BIOLOGICAL CORRIDOR PNN PURACÉ PNN CUEVA DE LOS GUÁCHAROS,,,AFOLU,tipo: Proyecto REDD+,AFOLU,,REDD,tipo: Proyecto REDD+,REDD,,"[{'acciones_redd_mas_1': 'Implementación de actividades para la disminución de la deforestación en la zona del proyecto, como sistemas de producción sostenible a través de reconversión productiva (silvopastoriles, producción de panela, cadena apícola, frutales de clima frio, turismo de naturaleza), establecimiento de cercas vivas, estufas ecoeficientes, fondos rotatorios de microcrédito rural autogestionados por las asociaciones comunitarias, fortalecimiento de la gobernanza, entre otros.', 'tasa_cambio_1': '', 'tipo_actividad_1': 706, 'contribucion_propia_1': '', 'costo_total_1': '', 'sector_cartera': '[{""sector_cartera_2"": {""value"":411}}]', 'fecha_tasa_cambio_1': None, 'fuente_relacionada_1': '{""value"":""Deforestación""}', 'archivo_soporte_2_2': 'files-renare/cc,1018420586/68b22ccb2cb375c800b83d94/documentossolicitud/05documentodescripcionactividadmitigacion25-02-2025-16-04-36.pdf', 'fecha_final_1': '08/03/2044', 'archivo_soporte_2_3': None, 'fecha_inicial_1': '08/03/2014', 'descripcion_actividad_1': 'Implementación de actividades para la disminución de la deforestación en la zona del proyecto, causada principalmente por la ampliación de la frontera agropecuaria.', 'id_actividad': 4462, 'tipo_moneda_1': None, 'contribucion_externa_1': '', 'depositos_carbono_1': '[{""depositos_carbono_1_1"": {""value"": 131}}, {""depositos_carbono_1_1"": {""value"": 167}}, {""depositos_carbono_1_1"": {""value"": 168}}]', 'resultado_traslape': 'No se presenta traslape.', 'fecha_resultado_traslape': '25/02/2025 16:04:26', 'tipo_actividad': 706, 'nombre_tipo_actividad': 'Reducción de las emisiones debidas a la deforestación'}]",,,,,,,,,,Proyecto REDD+
renare|carbono la tabaca - agi,renare,CARBONO LA TABACA - AGI,,,REVISAR,tipo=PDBC - Proyectos de Desarrollo pero actividades sugiere AFOLU,,,NO_REDD,tipo: PDBC - Proyectos de Desarrollo Bajo en C (categoria distinta de REDD+ en RENARE),NO_REDD,,"[{'acciones_redd_mas_1': None, 'tasa_cambio_1': '', 'tipo_actividad_1': 708, 'contribucion_propia_1': '$ 1.302.070.000', 'costo_total_1': '$ 1.302.070.000', 'sector_cartera': '[]', 'fecha_tasa_cambio_1': None, 'fuente_relacionada_1': '{""value"":""Caucho""}', 'archivo_soporte_2_2': 'files-renare/cc,1018420586/68b22cc62cb375c800b83d90/documentossolicitud/05documentodescripcionactividadmitigacion10-12-2024-11-43-14.pdf', 'fecha_final_1': '31/12/2044', 'archivo_soporte_2_3': None, 'fecha_inicial_1': '01/09/2015', 'descripcion_actividad_1': 'Reemplazo de ganadería por actividades de producción de látex  como respuesta a  la diversificación y adaptación a los cambios climáticos y de economía definidos por la aptitud alta de la Unidad de Planeación Rural Agropecuaria ', 'id_actividad': 4331, 'tipo_moneda_1': 173, 'contribucion_externa_1': '$ 0', 'resultado_traslape': 'No se presenta traslape.', 'fecha_resultado_traslape': '10/12/2024 11:43:12', 'tipo_actividad': 708, 'nombre_tipo_actividad': 'Incremento de las reservas forestales de carbono'}]",,,,,,,,,,PDBC - Proyectos de Desarrollo Bajo en Carbono
renare|proyecto hidroelectrico popal 20 mw,renare,Proyecto hidroeléctrico Popal 20 MW,,,REVISAR,tipo: PDBC - Programas de Desarrollo Bajo en Carbono (no concluyente),,,NO_REDD,tipo: PDBC - Programas de Desarrollo Bajo en C (categoria distinta de REDD+ en RENARE),NO_REDD,,[],,,,,,,,,,PDBC - Programas de Desarrollo Bajo en Carbono
renare|proyecto hidroelectrico san miguel 42 mw,renare,Proyecto Hidroeléctrico San Miguel 42 MW,,,REVISAR,tipo: PDBC - Programas de Desarrollo Bajo en Carbono (no concluyente),,,NO_REDD,tipo: PDBC - Programas de Desarrollo Bajo en C (categoria distinta de REDD+ en RENARE),NO_REDD,,[],,,,,,,,,,PDBC - Programas de Desarrollo Bajo en Carbono
renare|proyecto hidroelectrico a filo de agua rio amoya,renare,Proyecto hidroeléctrico a filo de agua Río Amoyá,,,REVISAR,tipo: PDBC - Programas de Desarrollo Bajo en Carbono (no concluyente),,,NO_REDD,tipo: PDBC - Programas de Desarrollo Bajo en C (categoria distinta de REDD+ en RENARE),NO_REDD,,[],,,,,,,,,,PDBC - Programas de Desarrollo Bajo en Carbono
renare|proyecto carbono en ganaderia regenerativa en colombia vcs id 3927 verra,renare,PROYECTO CARBONO  EN GANADERIA REGENERATIVA EN COLOMBIA VCS ID 3927 VERRA,,,REVISAR,tipo=PDBC - Proyectos de Desarrollo pero actividades sugiere AFOLU,,,NO_REDD,tipo: PDBC - Proyectos de Desarrollo Bajo en C (categoria distinta de REDD+ en RENARE),NO_REDD,,"[{'acciones_redd_mas_1': None, 'tasa_cambio_1': '', 'tipo_actividad_1': 712, 'contribucion_propia_1': '$ 1.400.000.000', 'costo_total_1': '$ 4.400.000.000', 'sector_cartera': '[]', 'fecha_tasa_cambio_1': None, 'fuente_relacionada_1': '{""value"":""CARBONO EN SUELO Y BIOMASA AEREA POR REGENERACION""}', 'archivo_soporte_2_2': None, 'fecha_final_1': '31/10/2023', 'archivo_soporte_2_3': None, 'fecha_inicial_1': '01/01/2020', 'descripcion_actividad_1': 'Participantes del proyecto campaña 2020 - 2023', 'id_actividad': 4201, 'tipo_moneda_1': 173, 'contribucion_externa_1': '$ 3.000.000.000', 'tipo_actividad': 712, 'nombre_tipo_actividad': 'Implementación o mejoramiento de sistemas con árboles para producción agropecuaria'}]",,,,,,,,,,PDBC - Proyectos de Desarrollo Bajo en Carbono
"renare|proyecto redd+ pacifico norte-sur, chanzara y rio sequihonda",renare,"Proyecto REDD+ Pacifico Norte-Sur,  Chanzará y Río Sequihonda",,,AFOLU,tipo: Proyecto REDD+,AFOLU,,REDD,tipo: Proyecto REDD+,REDD,,[],,,,,,,,,,Proyecto REDD+
renare|captura de co2 a partir de biorreactores con microalgas chlorella vulgaris,renare,Captura de CO2 a partir de biorreactores con microalgas chlorella vulgaris,,,REVISAR,tipo: PDBC - Programas de Desarrollo Bajo en Carbono (no concluyente),,,NO_REDD,tipo: PDBC - Programas de Desarrollo Bajo en C (categoria distinta de REDD+ en RENARE),NO_REDD,,[],,,,,,,,,,PDBC - Programas de Desarrollo Bajo en Carbono
renare|primer proyecto agrupado de helios s.a. e.s.p para la energizacion de hogares en zonas no interconectadas en colombia,renare,Primer Proyecto Agrupado de Helios S.A. E.S.P para la energización de hogares en Zonas No Interconectadas en Colombia,,,REVISAR,tipo: PDBC - Proyectos de Desarrollo Bajo en Carbono (no concluyente),,,NO_REDD,tipo: PDBC - Proyectos de Desarrollo Bajo en C (categoria distinta de REDD+ en RENARE),NO_REDD,,[],,,,,,,,,,PDBC - Proyectos de Desarrollo Bajo en Carbono
renare|central hidroelectrica menor alto tulua,renare,Central Hidroeléctrica Menor Alto Tuluá,,,REVISAR,tipo=PDBC - Proyectos de Desarrollo pero actividades sugiere AFOLU,,,NO_REDD,tipo: PDBC - Proyectos de Desarrollo Bajo en C (categoria distinta de REDD+ en RENARE),NO_REDD,,"[{'acciones_redd_mas_1': None, 'tasa_cambio_1': '', 'tipo_actividad_1': 558, 'contribucion_propia_1': '$ 160.000.000.000', 'costo_total_1': '$ 160.000.000.000', 'sector_cartera': '[]', 'fecha_tasa_cambio_1': None, 'fuente_relacionada_1': '{""value"":""Producción de energía con combustibles fósiles ""}', 'archivo_soporte_2_2': 'files-renare/cc,1018420586/68b22cb02cb375c800b83d72/documentossolicitud/05documentodescripcionactividadmitigacion19-02-2025-14-33-11.pdf', 'fecha_final_1': '31/12/2025', 'archivo_soporte_2_3': None, 'fecha_inicial_1': '01/01/2019', 'descripcion_actividad_1': 'Generar energía eléctrica de origen hidráulico que sustituye la energía que, en ausencia de la central, sería parcialmente producida por plantas consumidoras de combustibles fósiles y emisoras de gases de efecto invernadero.', 'id_actividad': 4424, 'tipo_moneda_1': 173, 'contribucion_externa_1': '$ 0', 'resultado_traslape': 'No se presenta traslape.', 'fecha_resultado_traslape': '19/02/2025 14:33:09', 'tipo_actividad': 558, 'nombre_tipo_actividad': 'Generación renovable / No convencional'}]",,,,,,,,,,PDBC - Proyectos de Desarrollo Bajo en Carbono
renare|generacion de electricidad a partir de biomasa forestal para la zona no interconectada de puerto carreno - vichada,renare,Generación de electricidad a partir de biomasa forestal para la Zona No Interconectada de Puerto Carreño - Vichada,,,REVISAR,tipo: PDBC - Proyectos de Desarrollo Bajo en Carbono (no concluyente),NO_AFOLU,Generacion electrica por sustitucion de combustible en ZNI,NO_REDD,tipo: PDBC - Proyectos de Desarrollo Bajo en C (categoria distinta de REDD+ en RENARE),NO_REDD,,[],,,,,,,,,,PDBC - Proyectos de Desarrollo Bajo en Carbono
renare|central hidroelectrica cucuana,renare,Central Hidroeléctrica Cucuana,,,REVISAR,tipo=PDBC - Proyectos de Desarrollo pero actividades sugiere AFOLU,,,NO_REDD,tipo: PDBC - Proyectos de Desarrollo Bajo en C (categoria distinta de REDD+ en RENARE),NO_REDD,,"[{'acciones_redd_mas_1': None, 'tasa_cambio_1': '', 'tipo_actividad_1': 558, 'contribucion_propia_1': '$ 200.000.000.000', 'costo_total_1': '$ 200.000.000.000', 'sector_cartera': '[]', 'fecha_tasa_cambio_1': None, 'fuente_relacionada_1': '{""value"":""Producción de energía con combustibles fósiles ""}', 'archivo_soporte_2_2': 'files-renare/cc,1018420586/68b22caa2cb375c800b83d6b/documentossolicitud/05documentodescripcionactividadmitigacion20-02-2025-09-33-56.pdf', 'fecha_final_1': '31/10/2031', 'archivo_soporte_2_3': None, 'fecha_inicial_1': '01/11/2021', 'descripcion_actividad_1': 'Generar energía eléctrica de origen hidráulico que sustituye la energía que, en ausencia de la central, sería parcialmente producida por plantas consumidoras de combustibles fósiles y emisoras de gases de efecto invernadero.', 'id_actividad': 4442, 'tipo_moneda_1': 173, 'contribucion_externa_1': '$ 0', 'resultado_traslape': 'No se presenta traslape.', 'fecha_resultado_traslape': '20/02/2025 09:33:55', 'tipo_actividad': 558, 'nombre_tipo_actividad': 'Generación renovable / No convencional'}]",,,,,,,,,,PDBC - Proyectos de Desarrollo Bajo en Carbono
renare|pids planes integrales de descarbonnizacion,renare,PIDs Planes Integrales de Descarbonnizacion,,,REVISAR,tipo: PDBC - Proyectos de Desarrollo Bajo en Carbono (no concluyente),,,NO_REDD,tipo: PDBC - Proyectos de Desarrollo Bajo en C (categoria distinta de REDD+ en RENARE),NO_REDD,,[],,,,,,,,,,PDBC - Proyectos de Desarrollo Bajo en Carbono
"renare|finca la paz ii la vichada, colombia",renare,"FINCA LA PAZ II LA VICHADA, COLOMBIA",,,REVISAR,tipo=PDBC - Proyectos de Desarrollo pero actividades sugiere AFOLU,,,NO_REDD,tipo: PDBC - Proyectos de Desarrollo Bajo en C (categoria distinta de REDD+ en RENARE),NO_REDD,,"[{'acciones_redd_mas_1': None, 'tasa_cambio_1': '$ 4.400', 'tipo_actividad_1': 746, 'contribucion_propia_1': '$ 10.188.646', 'costo_total_1': '$ 10.188.646', 'sector_cartera': '[]', 'fecha_tasa_cambio_1': '2024/11/19 00:00:00.000', 'fuente_relacionada_1': '{""value"":""Captura de carbono por reforestacion ""}', 'archivo_soporte_2_2': 'files-renare/cc,1018420586/68b22c9a2cb375c800b83d5c/documentossolicitud/05documentodescripcionactividadmitigacion19-02-2025-08-23-28.pdf', 'fecha_final_1': '31/12/2071', 'archivo_soporte_2_3': None, 'fecha_inicial_1': '29/05/2018', 'descripcion_actividad_1': 'Regenerar los suelos degradados a causa de diferentes prácticas que han afectado su calidad, por medio de la reforestación con especies como la Acacia mangium.\nEste proyecto generará productos de madera para materiales de construcción y carbón vegetal.', 'id_actividad': 4421, 'tipo_moneda_1': 171, 'contribucion_externa_1': '$ 0', 'resultado_traslape': 'No se presenta traslape.', 'fecha_resultado_traslape': '25/02/2025 19:00:26', 'tipo_actividad': 746, 'nombre_tipo_actividad': 'Plantaciones forestales'}]",,,,,,,,,,PDBC - Proyectos de Desarrollo Bajo en Carbono
renare|origen atrato-baudo redd+ project,renare,ORIGEN ATRATO-BAUDÓ REDD+ PROJECT,,,AFOLU,tipo: Proyecto REDD+,AFOLU,,REDD,tipo: Proyecto REDD+,REDD,,"[{'acciones_redd_mas_1': '1: Protección, conservación y recuperación de los bosques y la biodiversidad.\n2: Economías sostenibles\n3: Autonomía territorial\n4: Adaptación al cambio climático\n', 'tasa_cambio_1': '', 'tipo_actividad_1': 706, 'contribucion_propia_1': '', 'costo_total_1': '', 'sector_cartera': '[{""sector_cartera_2"": {""value"":418}}]', 'fecha_tasa_cambio_1': None, 'fuente_relacionada_1': '{""value"":""Deforestación""}', 'archivo_soporte_2_2': 'files-renare/cc,1018420586/68b22c952cb375c800b83d58/documentossolicitud/05documentodescripcionactividadmitigacion06-12-2024-17-56-07.pdf', 'fecha_final_1': '12/12/2049', 'archivo_soporte_2_3': None, 'fecha_inicial_1': '13/12/2019', 'descripcion_actividad_1': 'Esta actividad esta enfocada en reducir las emisiones por deforestación mediante el diseño e implementación de instrumentos, metodologías y estrategias para el manejo, uso y restauración de bosques.', 'id_actividad': 4284, 'tipo_moneda_1': None, 'contribucion_externa_1': '', 'depositos_carbono_1': '[{""depositos_carbono_1_1"": {""value"": 131}}, {""depositos_carbono_1_1"": {""value"": 167}}]', 'resultado_traslape': 'No se presenta traslape.', 'fecha_resultado_traslape': '06/12/2024 17:56:04', 'tipo_actividad': 706, 'nombre_tipo_actividad': 'Reducción de las emisiones debidas a la deforestación'}]",,,,,,,,,,Proyecto REDD+
renare|bajo atrato redd+ project,renare,BAJO ATRATO REDD+ PROJECT,,,AFOLU,tipo: Proyecto REDD+,AFOLU,,REDD,tipo: Proyecto REDD+,REDD,,"[{'acciones_redd_mas_1': '1) Gestión comunitaria del bosque.\n', 'tasa_cambio_1': '', 'tipo_actividad_1': 713, 'contribucion_propia_1': '', 'costo_total_1': '', 'sector_cartera': '[{""sector_cartera_2"": {""value"":418}}]', 'fecha_tasa_cambio_1': None, 'fuente_relacionada_1': '{""value"":""Deforestación""}', 'archivo_soporte_2_2': 'files-renare/cc,1018420586/68b22c902cb375c800b83d54/documentossolicitud/05documentodescripcionactividadmitigacion06-12-2024-17-26-29.pdf', 'fecha_final_1': '16/10/2049', 'archivo_soporte_2_3': None, 'fecha_inicial_1': '17/10/2019', 'descripcion_actividad_1': 'Consiste en equiparar la tasa de extracción con la del crecimiento natural, para garantizar emisiones cercanas a cero a lo largo del tiempo (PNUMA, 2018).', 'id_actividad': 4282, 'tipo_moneda_1': None, 'contribucion_externa_1': '', 'depositos_carbono_1': '[{""depositos_carbono_1_1"": {""value"": 131}}, {""depositos_carbono_1_1"": {""value"": 167}}]', 'resultado_traslape': 'No se presenta traslape.', 'fecha_resultado_traslape': '06/12/2024 17:26:26', 'tipo_actividad': 713, 'nombre_tipo_actividad': 'Gestión sostenible de los bosques'}, {'acciones_redd_mas_1': '1) Gestión comunitaria del bosque.\n2) Fortalecimiento del gobierno propio y de la gobernanza.\n3) Sistemas productivos sostenibles.', 'tasa_cambio_1': '', 'tipo_actividad_1': 706, 'contribucion_propia_1': '', 'costo_total_1': '', 'sector_cartera': '[{""sector_cartera_2"": {""value"":418}}]', 'fecha_tasa_cambio_1': None, 'fuente_relacionada_1': '{""value"":""Deforestación""}', 'archivo_soporte_2_2': 'files-renare/cc,1018420586/68b22c902cb375c800b83d54/documentossolicitud/05documentodescripcionactividadmitigacion26-11-2024-06-34-05.pdf', 'fecha_final_1': '16/10/2049', 'archivo_soporte_2_3': None, 'fecha_inicial_1': '17/10/2019', 'descripcion_actividad_1': 'Busca evitar la conversión de tierras con uso forestal a otros usos del suelo (PNUMA, 2018). Este tipo de iniciativas se expresan en reducciones de CO2e .', 'id_actividad': 4266, 'tipo_moneda_1': None, 'contribucion_externa_1': '', 'depositos_carbono_1': '[{""depositos_carbono_1_1"": {""value"": 131}}, {""depositos_carbono_1_1"": {""value"": 167}}, {""depositos_carbono_1_1"": {""value"": 168}}, {""depositos_carbono_1_1"": {""value"": 169}}, {""depositos_carbono_1_1"": {""value"": 170}}]', 'resultado_traslape': 'No se presenta traslape.', 'fecha_resultado_traslape': '06/12/2024 17:09:23', 'tipo_actividad': 706, 'nombre_tipo_actividad': 'Reducción de las emisiones debidas a la deforestación'}, {'acciones_redd_mas_1': '1) Gestión comunitaria del bosque.\n2) Fortalecimiento del gobierno propio y de la gobernanza.\n3) Adaptación al cambio climático.', 'tasa_cambio_1': '', 'tipo_actividad_1': 704, 'contribucion_propia_1': '', 'costo_total_1': '', 'sector_cartera': '[{""sector_cartera_2"": {""value"":418}}]', 'fecha_tasa_cambio_1': None, 'fuente_relacionada_1': '{""value"":""Deforestación""}', 'archivo_soporte_2_2': 'files-renare/cc,1018420586/68b22c902cb375c800b83d54/documentossolicitud/05documentodescripcionactividadmitigacion06-12-2024-17-32-36.pdf', 'fecha_final_1': '16/10/2049', 'archivo_soporte_2_3': None, 'fecha_inicial_1': '17/10/2019', 'descripcion_actividad_1': 'Esta iniciativa se entiende como cualquier esfuerzo por conservar los bosques (PNUMA, 2018). Este tipo de iniciativas se expresan en reducciones de CO2e.', 'id_actividad': 4283, 'tipo_moneda_1': None, 'contribucion_externa_1': '', 'depositos_carbono_1': '[{""depositos_carbono_1_1"": {""value"": 131}}, {""depositos_carbono_1_1"": {""value"": 167}}]', 'resultado_traslape': 'No se presenta traslape.', 'fecha_resultado_traslape': '06/12/2024 17:32:33', 'tipo_actividad': 704, 'nombre_tipo_actividad': 'Conservación de las reservas forestales de carbono'}]",,,,,,,,,,Proyecto REDD+
renare|pch cantayus,renare,PCH Cantayús,,,REVISAR,tipo: MDL PoA - Programas de Actividades del Mecanismo de Desarrol (no concluyente),,,NO_REDD,tipo: MDL PoA - Programas de Actividades del M (categoria distinta de REDD+ en RENARE),NO_REDD,,[],,,,,,,,,,MDL PoA - Programas de Actividades del Mecanismo de Desarrollo Limpio
renare|proyecto forestal de mitigacion carbono sombrilla zona cafetera fcg-co2cero,renare,Proyecto Forestal de Mitigación Carbono SOMBRILLA ZONA CAFETERA FCG-CO2CERO,,,REVISAR,tipo=PDBC - Proyectos de Desarrollo pero actividades sugiere AFOLU,,,NO_REDD,tipo: PDBC - Proyectos de Desarrollo Bajo en C (categoria distinta de REDD+ en RENARE),NO_REDD,,"[{'acciones_redd_mas_1': None, 'tasa_cambio_1': '', 'tipo_actividad_1': 746, 'contribucion_propia_1': '$ 1.000.000', 'costo_total_1': '$ 3.000.000', 'sector_cartera': '[]', 'fecha_tasa_cambio_1': None, 'fuente_relacionada_1': '{""value"":""Plantación Forestal""}', 'archivo_soporte_2_2': 'files-renare/cc,1018420586/68b22c892cb375c800b83d4d/documentossolicitud/05documentodescripcionactividadmitigacion01-04-2025-12-57-11.pdf', 'fecha_final_1': '10/05/2029', 'archivo_soporte_2_3': None, 'fecha_inicial_1': '10/05/2009', 'descripcion_actividad_1': 'Aumento de la cobertura boscosa a través del establecimiento de plantaciones forestales de especies comerciales.', 'id_actividad': 4721, 'tipo_moneda_1': 173, 'contribucion_externa_1': '$ 2.000.000', 'resultado_traslape': 'No se presenta traslape.', 'fecha_resultado_traslape': '01/04/2025 12:57:02', 'tipo_actividad': 746, 'nombre_tipo_actividad': 'Plantaciones forestales'}]",,,,,,,,,,PDBC - Proyectos de Desarrollo Bajo en Carbono
renare|proyecto forestal nucleo vichada - meta co2cero,renare,Proyecto Forestal Núcleo Vichada - Meta CO2CERO,,,REVISAR,tipo=PDBC - Proyectos de Desarrollo pero actividades sugiere AFOLU,,,NO_REDD,tipo: PDBC - Proyectos de Desarrollo Bajo en C (categoria distinta de REDD+ en RENARE),NO_REDD,,"[{'acciones_redd_mas_1': None, 'tasa_cambio_1': '', 'tipo_actividad_1': 746, 'contribucion_propia_1': '$ 346.056.871', 'costo_total_1': '$ 346.056.871', 'sector_cartera': '[]', 'fecha_tasa_cambio_1': None, 'fuente_relacionada_1': '{""value"":""Plantación forestal""}', 'archivo_soporte_2_2': 'files-renare/cc,1018420586/68b22c842cb375c800b83d49/documentossolicitud/05documentodescripcionactividadmitigacion30-08-2024-11-37-59.pdf', 'fecha_final_1': '31/05/2038', 'archivo_soporte_2_3': None, 'fecha_inicial_1': '01/06/2008', 'descripcion_actividad_1': 'El Proyecto, se desarrolla bajo la actividad de reforestación comercial en la Orinoquía colombiana, que utiliza especies arbóreas introducidas, bien adaptadas al área del proyecto, es el caso de Acacia mangium, Hevea brasiliensis, Eucalyptus pellita y Pinus caribaea.', 'id_actividad': 4002, 'tipo_moneda_1': 173, 'contribucion_externa_1': '$ 0', 'resultado_traslape': 'No se presenta traslape.', 'fecha_resultado_traslape': '07/10/2024 09:29:41', 'tipo_actividad': 746, 'nombre_tipo_actividad': 'Plantaciones forestales'}]",,,,,,,,,,PDBC - Proyectos de Desarrollo Bajo en Carbono
renare|proyecto forestal coserveco sas - 24,renare,PROYECTO FORESTAL COSERVECO SAS - 24,,,REVISAR,tipo: PDBC - Proyectos de Desarrollo Bajo en Carbono (no concluyente),,,NO_REDD,tipo: PDBC - Proyectos de Desarrollo Bajo en C (categoria distinta de REDD+ en RENARE),NO_REDD,,[],,,,,,,,,,PDBC - Proyectos de Desarrollo Bajo en Carbono
renare|parque eolico guajira i,renare,Parque eólico Guajira I,,,REVISAR,tipo: PDBC - Proyectos de Desarrollo Bajo en Carbono (no concluyente),,,NO_REDD,tipo: PDBC - Proyectos de Desarrollo Bajo en C (categoria distinta de REDD+ en RENARE),NO_REDD,,[],,,,,,,,,,PDBC - Proyectos de Desarrollo Bajo en Carbono
renare|proyecto hidroelectrico sogamoso,renare,Proyecto hidroeléctrico Sogamoso,,,REVISAR,tipo: PDBC - Proyectos de Desarrollo Bajo en Carbono (no concluyente),NO_AFOLU,Hidroelectrica,NO_REDD,tipo: PDBC - Proyectos de Desarrollo Bajo en C (categoria distinta de REDD+ en RENARE),NO_REDD,,[],,,,,,,,,,PDBC - Proyectos de Desarrollo Bajo en Carbono
renare|pch cantayus,renare,PCH CANTAYUS,,,REVISAR,tipo: PDBC - Proyectos de Desarrollo Bajo en Carbono (no concluyente),,,NO_REDD,tipo: PDBC - Proyectos de Desarrollo Bajo en C (categoria distinta de REDD+ en RENARE),NO_REDD,,[],,,,,,,,,,PDBC - Proyectos de Desarrollo Bajo en Carbono
renare|sahbio carbono,renare,SAHBIO CARBONO,,,REVISAR,tipo=NAMA - Acciones Nacionalmente  pero actividades sugiere AFOLU,,,NO_REDD,tipo: NAMA - Acciones Nacionalmente Apropiadas (categoria distinta de REDD+ en RENARE),NO_REDD,,"[{'acciones_redd_mas_1': None, 'tasa_cambio_1': '', 'tipo_actividad_1': 709, 'contribucion_propia_1': '$ 46.800.000.000', 'costo_total_1': '$ 46.800.000.000', 'sector_cartera': '[{""sector_cartera_2"": {""value"":418}}]', 'fecha_tasa_cambio_1': None, 'fuente_relacionada_1': '{""value"":""Carbono Orgánico Suelo Bosques Naturales""}', 'archivo_soporte_2_2': 'files-renare/cc,1018420586/68b22c7b2cb375c800b83d39/documentossolicitud/05documentodescripcionactividadmitigacion22-10-2024-15-13-47.pdf', 'fecha_final_1': '01/01/2068', 'archivo_soporte_2_3': None, 'fecha_inicial_1': '01/01/2018', 'descripcion_actividad_1': 'Áreas para restauración, pueden ser bosques naturales, sabanas  y humedales\nÁreas para conservación de suelos, vegetación nativa y cuerpos de agua', 'id_actividad': 4181, 'tipo_moneda_1': 173, 'contribucion_externa_1': '$ 0', 'resultado_traslape': 'No se presenta traslape.', 'fecha_resultado_traslape': '22/10/2024 15:13:47', 'tipo_actividad': 709, 'nombre_tipo_actividad': 'Repoblamiento forestal'}]",,,,,,,,,,NAMA - Acciones Nacionalmente Apropiadas de Mitigación
renare|proyecto forestal carbono sombrilla abejorral,renare,Proyecto Forestal Carbono Sombrilla Abejorral,,,REVISAR,tipo=PDBC - Proyectos de Desarrollo pero actividades sugiere AFOLU,AFOLU,Proyecto forestal,NO_REDD,tipo: PDBC - Proyectos de Desarrollo Bajo en C (categoria distinta de REDD+ en RENARE),NO_REDD,,"[{'acciones_redd_mas_1': None, 'tasa_cambio_1': '', 'tipo_actividad_1': 746, 'contribucion_propia_1': '$ 169.407.874', 'costo_total_1': '$ 169.407.874', 'sector_cartera': '[]', 'fecha_tasa_cambio_1': None, 'fuente_relacionada_1': '{""value"":""Plantación Forestal""}', 'archivo_soporte_2_2': 'files-renare/cc,1018420586/68b22c752cb375c800b83d35/documentossolicitud/05documentodescripcionactividadmitigacion30-08-2024-13-03-11.pdf', 'fecha_final_1': '14/02/2028', 'archivo_soporte_2_3': None, 'fecha_inicial_1': '15/02/2009', 'descripcion_actividad_1': 'Retribuir a los campesinos las acciones de reducción de emisiones de GEI con el establecimiento de plantaciones forestales de Pinus patula en el municipio de Abejorral (Antioquia).', 'id_actividad': 4005, 'tipo_moneda_1': 173, 'contribucion_externa_1': '$ 0', 'resultado_traslape': 'No se presenta traslape.', 'fecha_resultado_traslape': '30/08/2024 13:03:10', 'tipo_actividad': 746, 'nombre_tipo_actividad': 'Plantaciones forestales'}]",,,,,,,,,,PDBC - Proyectos de Desarrollo Bajo en Carbono
renare|sombrilla bajo cauca y costa norte co2cero-fcg,renare,SOMBRILLA BAJO CAUCA Y COSTA NORTE CO2CERO-FCG,,,REVISAR,tipo=PDBC - Proyectos de Desarrollo pero actividades sugiere AFOLU,,,NO_REDD,tipo: PDBC - Proyectos de Desarrollo Bajo en C (categoria distinta de REDD+ en RENARE),NO_REDD,,"[{'acciones_redd_mas_1': None, 'tasa_cambio_1': '', 'tipo_actividad_1': 746, 'contribucion_propia_1': '$ 259.517.383', 'costo_total_1': '$ 259.517.383', 'sector_cartera': '[]', 'fecha_tasa_cambio_1': None, 'fuente_relacionada_1': '{""value"":""Pendiente""}', 'archivo_soporte_2_2': 'files-renare/cc,1018420586/68b22c6f2cb375c800b83d31/documentossolicitud/05documentodescripcionactividadmitigacion23-08-2024-11-36-39.pdf', 'fecha_final_1': '08/06/2029', 'archivo_soporte_2_3': None, 'fecha_inicial_1': '08/06/2009', 'descripcion_actividad_1': 'Establecimiento de Plantaciones forestales', 'id_actividad': 3881, 'tipo_moneda_1': 173, 'contribucion_externa_1': '$ 0', 'resultado_traslape': 'No se presenta traslape.', 'fecha_resultado_traslape': '28/08/2024 11:35:36', 'tipo_actividad': 746, 'nombre_tipo_actividad': 'Plantaciones forestales'}]",,,,,,,,,,PDBC - Proyectos de Desarrollo Bajo en Carbono
renare|bajo tulua minor hydroelectric power plant - cdm,renare,Bajo Tuluá Minor Hydroelectric Power Plant - CDM,,,REVISAR,tipo=MDL - Proyectos del Mecanismo  pero actividades sugiere AFOLU,,,NO_REDD,tipo: MDL - Proyectos del Mecanismo de Desarro (categoria distinta de REDD+ en RENARE),NO_REDD,,"[{'acciones_redd_mas_1': None, 'tasa_cambio_1': '', 'tipo_actividad_1': 558, 'contribucion_propia_1': '$ 160.000.000.000', 'costo_total_1': '$ 160.000.000.000', 'sector_cartera': '[{""sector_cartera_2"": {""value"":414}}]', 'fecha_tasa_cambio_1': None, 'fuente_relacionada_1': '{""value"":""Producción de energía con combustibles fósiles ""}', 'archivo_soporte_2_2': 'files-renare/cc,1018420586/68b22c6a2cb375c800b83d2d/documentossolicitud/05documentodescripcionactividadmitigacion13-02-2025-15-55-13.pdf', 'fecha_final_1': '28/11/2018', 'archivo_soporte_2_3': 'files-renare/cc,1018420586/68b22c6a2cb375c800b83d2d/documentossolicitud/06soportenegociaciondistribucionescarteras13-02-2025-15-55-13.pdf', 'fecha_inicial_1': '29/11/2011', 'descripcion_actividad_1': 'Generar energía eléctrica de origen hidráulico que sustituye la energía que, en ausencia de la central, sería parcialmente producida por plantas consumidoras de combustibles fósiles y emisoras de gases de efecto invernadero.', 'id_actividad': 4401, 'tipo_moneda_1': 173, 'contribucion_externa_1': '$ 0', 'check_co_beneficios_ambientales_1': True, 'descripcion_co_beneficios_ambientales_1': 'Reducción del consumo de combustibles fósiles.\nAumento del uso de fuentes de energía renovables.', 'resultado_traslape': 'No se presenta traslape.', 'fecha_resultado_traslape': '18/02/2025 15:12:14', 'tipo_actividad': 558, 'nombre_tipo_actividad': 'Generación renovable / No convencional'}]",,,,,,,,,,MDL - Proyectos del Mecanismo de Desarrollo Limpio
"renare|conservacion redd+ sur del meta ""bosques de paz, sustento de vida",renare,"Conservación REDD+ Sur del Meta ""Bosques de paz, Sustento de vida",,,AFOLU,tipo: Proyecto REDD+,AFOLU,,REDD,tipo: Proyecto REDD+,REDD,,[],,,,,,,,,,Proyecto REDD+
renare|redd+ jigrantu,renare,REDD+ JIGRANTU,,,AFOLU,tipo: Proyecto REDD+,AFOLU,,REDD,tipo: Proyecto REDD+,REDD,,"[{'acciones_redd_mas_1': '¿\tFormular y ejecutar el plan de etnodesarrollo fomentado la gobernanza y rescate de las prácticas culturales dentro de los Consejos Comunitarios.\n¿\tMejorar la infraestructura social, cultural y productiva para el desarrollo sostenible de las comunidades que habitan en el área del proyecto.\n¿\tFortalecer las capacidades técnicas de los líderes, jóvenes y mujeres para dar sostenibilidad a largo plazo a las acciones del proyecto.\n¿\tDiseñar e implementar la estrategia de restauración, conservación ', 'tasa_cambio_1': '', 'tipo_actividad_1': 706, 'contribucion_propia_1': '', 'costo_total_1': '', 'sector_cartera': '[{""sector_cartera_2"": {""value"":418}}]', 'fecha_tasa_cambio_1': None, 'fuente_relacionada_1': '{""value"":""Deforestacion""}', 'archivo_soporte_2_2': 'files-renare/cc,1018420586/68b22c642cb375c800b83d26/documentossolicitud/05documentodescripcionactividadmitigacion12-04-2025-13-19-59.pdf', 'fecha_final_1': '01/01/2049', 'archivo_soporte_2_3': None, 'fecha_inicial_1': '02/01/2019', 'descripcion_actividad_1': 'El proyecto busca revertir esta situación social y ambiental a partir de la implementación de cuatro líneas estratégicas: i) fortalecimiento de la gobernanza y cultura, ii) fortalecimiento de capacidades, iii) acciones para el desarrollo sostenible del territorio, y iv) monitoreo y control', 'id_actividad': 3661, 'tipo_moneda_1': None, 'contribucion_externa_1': '', 'depositos_carbono_1': '[{""depositos_carbono_1_1"": {""value"": 131}}, {""depositos_carbono_1_1"": {""value"": 167}}, {""depositos_carbono_1_1"": {""value"": 170}}]', 'resultado_traslape': 'No se presenta traslape.', 'fecha_resultado_traslape': '12/04/2025 13:19:39', 'tipo_actividad': 706, 'nombre_tipo_actividad': 'Reducción de las emisiones debidas a la deforestación'}]",,,,,,,,,,Proyecto REDD+
renare|proyecto forestal co2cero vichada,renare,Proyecto Forestal CO2CERO VICHADA,,,REVISAR,tipo=PDBC - Proyectos de Desarrollo pero actividades sugiere AFOLU,,,NO_REDD,tipo: PDBC - Proyectos de Desarrollo Bajo en C (categoria distinta de REDD+ en RENARE),NO_REDD,,"[{'acciones_redd_mas_1': None, 'tasa_cambio_1': '', 'tipo_actividad_1': 708, 'contribucion_propia_1': '$ 3.242.935.118', 'costo_total_1': '$ 3.242.935.118', 'sector_cartera': '[]', 'fecha_tasa_cambio_1': None, 'fuente_relacionada_1': '{""value"":""Plantaciones Forestales""}', 'archivo_soporte_2_2': 'files-renare/cc,1018420586/68b22c5d2cb375c800b83d1f/documentossolicitud/05documentodescripcionactividadmitigacion30-08-2024-13-56-06.pdf', 'fecha_final_1': '13/05/2030', 'archivo_soporte_2_3': None, 'fecha_inicial_1': '14/05/2010', 'descripcion_actividad_1': 'La implementación de plantaciones forestales comerciales utilizando especies como Acacia, Eucalipto, Caucho y Pino.', 'id_actividad': 4008, 'tipo_moneda_1': 173, 'contribucion_externa_1': '$ 0', 'resultado_traslape': 'No se presenta traslape.', 'fecha_resultado_traslape': '30/08/2024 15:02:07', 'tipo_actividad': 708, 'nombre_tipo_actividad': 'Incremento de las reservas forestales de carbono'}]",,,,,,,,,,PDBC - Proyectos de Desarrollo Bajo en Carbono
renare|proyecto forestal sombrilla urrao fcg,renare,Proyecto Forestal Sombrilla Urrao FCG,,,REVISAR,tipo=PDBC - Proyectos de Desarrollo pero actividades sugiere AFOLU,,,NO_REDD,tipo: PDBC - Proyectos de Desarrollo Bajo en C (categoria distinta de REDD+ en RENARE),NO_REDD,,"[{'acciones_redd_mas_1': None, 'tasa_cambio_1': '', 'tipo_actividad_1': 746, 'contribucion_propia_1': '$ 399.528.388', 'costo_total_1': '$ 399.528.388', 'sector_cartera': '[]', 'fecha_tasa_cambio_1': None, 'fuente_relacionada_1': '{""value"":""Plantación Forestal""}', 'archivo_soporte_2_2': 'files-renare/cc,1018420586/68b22c582cb375c800b83d1b/documentossolicitud/05documentodescripcionactividadmitigacion30-08-2024-12-18-31.pdf', 'fecha_final_1': '30/06/2028', 'archivo_soporte_2_3': None, 'fecha_inicial_1': '01/07/2008', 'descripcion_actividad_1': 'Retribuir a los campesinos las acciones de reducción de emisiones de GEI con el establecimiento de plantaciones forestales de Pinus patula, Pinus maximinoi, Pinus tecunumanii y Cupressus lusitanica en el municipio de Urrao (Antioquia).', 'id_actividad': 4003, 'tipo_moneda_1': 173, 'contribucion_externa_1': '$ 0', 'resultado_traslape': 'No se presenta traslape.', 'fecha_resultado_traslape': '30/08/2024 12:18:30', 'tipo_actividad': 746, 'nombre_tipo_actividad': 'Plantaciones forestales'}]",,,,,,,,,,PDBC - Proyectos de Desarrollo Bajo en Carbono
renare|proyecto forestal co2cero caucho pl uno,renare,PROYECTO FORESTAL CO2CERO CAUCHO PL UNO,,,REVISAR,tipo=PDBC - Proyectos de Desarrollo pero actividades sugiere AFOLU,,,NO_REDD,tipo: PDBC - Proyectos de Desarrollo Bajo en C (categoria distinta de REDD+ en RENARE),NO_REDD,,"[{'acciones_redd_mas_1': None, 'tasa_cambio_1': '', 'tipo_actividad_1': 746, 'contribucion_propia_1': '$ 344.808.808', 'costo_total_1': '$ 344.808.808', 'sector_cartera': '[]', 'fecha_tasa_cambio_1': None, 'fuente_relacionada_1': '{""value"":""PLANTACIONES FORESTALES COMERCIALES""}', 'archivo_soporte_2_2': 'files-renare/cc,1018420586/68b22c532cb375c800b83d17/documentossolicitud/05documentodescripcionactividadmitigacion29-08-2024-15-53-44.pdf', 'fecha_final_1': '11/05/2038', 'archivo_soporte_2_3': None, 'fecha_inicial_1': '12/05/2008', 'descripcion_actividad_1': 'El PROYECTO FORESTAL CO2CERO PL UNO está constituido, por cultivos de Caucho (Hevea brasiliensis). Se encuentra localizado en los municipios de Puerto López y Puerto Gaitán en el departamento de Meta, y los municipios de Monterrey y Sabanalarga en el departamento de Casanare', 'id_actividad': 3988, 'tipo_moneda_1': 173, 'contribucion_externa_1': '$ 0', 'resultado_traslape': 'No se presenta traslape.', 'fecha_resultado_traslape': '29/08/2024 15:56:02', 'tipo_actividad': 746, 'nombre_tipo_actividad': 'Plantaciones forestales'}]",,,,,,,,,,PDBC - Proyectos de Desarrollo Bajo en Carbono
renare|proyecto forestal carbono ig farms,renare,PROYECTO FORESTAL CARBONO IG FARMS ,,,REVISAR,tipo=PDBC - Proyectos de Desarrollo pero actividades sugiere AFOLU,,,NO_REDD,tipo: PDBC - Proyectos de Desarrollo Bajo en C (categoria distinta de REDD+ en RENARE),NO_REDD,,"[{'acciones_redd_mas_1': None, 'tasa_cambio_1': '', 'tipo_actividad_1': 746, 'contribucion_propia_1': '$ 144.394.554', 'costo_total_1': '$ 144.394.554', 'sector_cartera': '[]', 'fecha_tasa_cambio_1': None, 'fuente_relacionada_1': '{""value"":""Plantación Forestal""}', 'archivo_soporte_2_2': 'files-renare/cc,1018420586/68b22c4e2cb375c800b83d13/documentossolicitud/05documentodescripcionactividadmitigacion30-08-2024-11-28-43.pdf', 'fecha_final_1': '24/05/2030', 'archivo_soporte_2_3': None, 'fecha_inicial_1': '25/05/2011', 'descripcion_actividad_1': 'Establecer 1,000 hectáreas de plantaciones forestales comerciales con Eucalyptus pellita y Acacia mangium en el municipio de la Apartada (Córdoba), en La Hacienda El Diamante propiedade IG FARMS S.A.S.', 'id_actividad': 4001, 'tipo_moneda_1': 173, 'contribucion_externa_1': '$ 0', 'resultado_traslape': 'No se presenta traslape.', 'fecha_resultado_traslape': '07/10/2024 09:25:14', 'tipo_actividad': 746, 'nombre_tipo_actividad': 'Plantaciones forestales'}]",,,,,,,,,,PDBC - Proyectos de Desarrollo Bajo en Carbono
renare|redd++ manglares del bajo baudo,renare,REDD++ Manglares del Bajo Baudó,,,AFOLU,tipo: Proyecto REDD+,AFOLU,,REDD,tipo: Proyecto REDD+,REDD,,"[{'acciones_redd_mas_1': '1. Desarrollo sostenible \n2. Fortalecimeinto de capacidades \n3. Fortalecimiento de Gobernanza y cultura \n4. Conservacion y monitoreo \n', 'tasa_cambio_1': '', 'tipo_actividad_1': 706, 'contribucion_propia_1': '', 'costo_total_1': '', 'sector_cartera': '[{""sector_cartera_2"": {""value"":411}}]', 'fecha_tasa_cambio_1': None, 'fuente_relacionada_1': '{""value"":""Deforestacion ""}', 'archivo_soporte_2_2': 'files-renare/cc,1018420586/68b22c482cb375c800b83d0f/documentossolicitud/05documentodescripcionactividadmitigacion07-04-2025-15-22-20.pdf', 'fecha_final_1': '31/12/2023', 'archivo_soporte_2_3': None, 'fecha_inicial_1': '01/01/2021', 'descripcion_actividad_1': 'REDD++Manglares del bajo baudo', 'id_actividad': 4781, 'tipo_moneda_1': None, 'contribucion_externa_1': '', 'depositos_carbono_1': '[{""depositos_carbono_1_1"": {""value"": 131}}, {""depositos_carbono_1_1"": {""value"": 167}}, {""depositos_carbono_1_1"": {""value"": 168}}, {""depositos_carbono_1_1"": {""value"": 170}}]', 'resultado_traslape': 'No se presenta traslape.', 'fecha_resultado_traslape': '07/04/2025 15:22:02', 'tipo_actividad': 706, 'nombre_tipo_actividad': 'Reducción de las emisiones debidas a la deforestación'}]",,,,,,,,,,Proyecto REDD+
renare|proyecto forestal co2cero caucho el viento,renare,PROYECTO FORESTAL CO2CERO CAUCHO EL VIENTO,,,REVISAR,tipo=PDBC - Proyectos de Desarrollo pero actividades sugiere AFOLU,,,NO_REDD,tipo: PDBC - Proyectos de Desarrollo Bajo en C (categoria distinta de REDD+ en RENARE),NO_REDD,,"[{'acciones_redd_mas_1': None, 'tasa_cambio_1': '', 'tipo_actividad_1': 746, 'contribucion_propia_1': '$ 68.424.448', 'costo_total_1': '$ 68.424.448', 'sector_cartera': '[]', 'fecha_tasa_cambio_1': None, 'fuente_relacionada_1': '{""value"":""PLANTACIÓN FORESTAL COMERCIAL""}', 'archivo_soporte_2_2': 'files-renare/cc,1018420586/68b22c432cb375c800b83d0b/documentossolicitud/05documentodescripcionactividadmitigacion29-08-2024-15-28-18.pdf', 'fecha_final_1': '03/06/2018', 'archivo_soporte_2_3': None, 'fecha_inicial_1': '04/06/2008', 'descripcion_actividad_1': 'El proyecto de remoción de emisiones de GEI Proyecto Forestal CO2CERO Caucho El Viento, reúne 3.497,66 hectáreas elegibles involucradas en la reforestación comercial de la Orinoquía colombiana con Caucho Natural.', 'id_actividad': 3987, 'tipo_moneda_1': 173, 'contribucion_externa_1': '$ 0', 'resultado_traslape': 'No se presenta traslape.', 'fecha_resultado_traslape': '29/08/2024 15:28:16', 'tipo_actividad': 746, 'nombre_tipo_actividad': 'Plantaciones forestales'}]",,,,,,,,,,PDBC - Proyectos de Desarrollo Bajo en Carbono
renare|proyecto forestal co2cero meta,renare,PROYECTO FORESTAL CO2CERO META,,,REVISAR,tipo=PDBC - Proyectos de Desarrollo pero actividades sugiere AFOLU,,,NO_REDD,tipo: PDBC - Proyectos de Desarrollo Bajo en C (categoria distinta de REDD+ en RENARE),NO_REDD,,"[{'acciones_redd_mas_1': None, 'tasa_cambio_1': '', 'tipo_actividad_1': 746, 'contribucion_propia_1': '$ 1.000.000.000', 'costo_total_1': '$ 1.000.000.000', 'sector_cartera': '[]', 'fecha_tasa_cambio_1': None, 'fuente_relacionada_1': '{""value"":""Plantación forestal""}', 'archivo_soporte_2_2': 'files-renare/cc,1018420586/68b22c3d2cb375c800b83d07/documentossolicitud/05documentodescripcionactividadmitigacion30-08-2024-20-15-45.pdf', 'fecha_final_1': '15/01/2030', 'archivo_soporte_2_3': None, 'fecha_inicial_1': '16/01/2010', 'descripcion_actividad_1': 'Reforestación de áreas mediante la siembra de árboles para la mitigación del cambio climático. Estas actividades incluyen la preparación del terreno, selección de especies, siembra, mantenimiento y monitoreo del crecimiento, promoviendo así la sostenibilidad ambiental.', 'id_actividad': 4010, 'tipo_moneda_1': 173, 'contribucion_externa_1': '$ 0', 'resultado_traslape': 'No se presenta traslape.', 'fecha_resultado_traslape': '30/08/2024 20:15:43', 'tipo_actividad': 746, 'nombre_tipo_actividad': 'Plantaciones forestales'}]",,,,,,,,,,PDBC - Proyectos de Desarrollo Bajo en Carbono
renare|proyecto forestal co2cero cordillera central,renare,PROYECTO FORESTAL CO2CERO CORDILLERA CENTRAL,,,REVISAR,tipo=PDBC - Proyectos de Desarrollo pero actividades sugiere AFOLU,,,NO_REDD,tipo: PDBC - Proyectos de Desarrollo Bajo en C (categoria distinta de REDD+ en RENARE),NO_REDD,,"[{'acciones_redd_mas_1': None, 'tasa_cambio_1': '', 'tipo_actividad_1': 746, 'contribucion_propia_1': '$ 1.000.000.000', 'costo_total_1': '$ 1.000.000.000', 'sector_cartera': '[]', 'fecha_tasa_cambio_1': None, 'fuente_relacionada_1': '{""value"":""Plantación Forestal""}', 'archivo_soporte_2_2': 'files-renare/cc,1018420586/68b22c372cb375c800b83d03/documentossolicitud/05documentodescripcionactividadmitigacion26-07-2024-10-25-56.pdf', 'fecha_final_1': '01/11/2030', 'archivo_soporte_2_3': None, 'fecha_inicial_1': '02/11/2009', 'descripcion_actividad_1': 'Establecimiento de plantaciones forestales', 'id_actividad': 3862, 'tipo_moneda_1': 173, 'contribucion_externa_1': '$ 0', 'resultado_traslape': 'No se presenta traslape.', 'fecha_resultado_traslape': '27/08/2024 15:42:31', 'tipo_actividad': 746, 'nombre_tipo_actividad': 'Plantaciones forestales'}]",,,,,,,,,,PDBC - Proyectos de Desarrollo Bajo en Carbono
renare|proyecto redd+ cabildo mayor indigena de vigia del fuerte,renare,Proyecto REDD+ Cabildo Mayor Indígena de Vigía del Fuerte,,,AFOLU,tipo: Proyecto REDD+,AFOLU,,REDD,tipo: Proyecto REDD+,REDD,,[],,,,,,,,,,Proyecto REDD+
renare|asatrizy vaupes maloca redd+ project,renare,ASATRIZY VAUPÉS MALOCA REDD+ PROJECT,,,AFOLU,tipo: Proyecto REDD+,AFOLU,,REDD,tipo: Proyecto REDD+,REDD,,"[{'acciones_redd_mas_1': 'Esta actividad del AVMRP busca el desarrollo de actividades productivas compatibles con los componentes de desarrollo del Plan de Vida ASATRIZY, el bienestar comunitario y la conservación del bosque. En este marco, esta actividad pretende diseñar e implementar una estrategia para la mejora del sistema productivo de la chagra, incluyendo los huertos familiares.', 'tasa_cambio_1': '', 'tipo_actividad_1': 706, 'contribucion_propia_1': '', 'costo_total_1': '', 'sector_cartera': '[{""sector_cartera_2"": {""value"":418}}]', 'fecha_tasa_cambio_1': None, 'fuente_relacionada_1': '{""value"":""Deforestación""}', 'archivo_soporte_2_2': 'files-renare/cc,1018420586/68b22c312cb375c800b83cfc/documentossolicitud/05documentodescripcionactividadmitigacion16-10-2024-18-00-48.pdf', 'fecha_final_1': '29/05/2034', 'archivo_soporte_2_3': None, 'fecha_inicial_1': '30/05/2019', 'descripcion_actividad_1': 'Esta iniciativa busca evitar la conversión de tierras forestales a otros usos (PNUMA, 2018). Este tipo de iniciativa se expresa en reducciones de CO2e.', 'id_actividad': 4161, 'tipo_moneda_1': None, 'contribucion_externa_1': '', 'depositos_carbono_1': '[{""depositos_carbono_1_1"": {""value"": 131}}, {""depositos_carbono_1_1"": {""value"": 167}}, {""depositos_carbono_1_1"": {""value"": 168}}, {""depositos_carbono_1_1"": {""value"": 169}}, {""depositos_carbono_1_1"": {""value"": 170}}]', 'resultado_traslape': 'No se presenta traslape.', 'fecha_resultado_traslape': '16/10/2024 18:06:09', 'tipo_actividad': 706, 'nombre_tipo_actividad': 'Reducción de las emisiones debidas a la deforestación'}, {'acciones_redd_mas_1': 'Implantar un sistema sostenible de cría de especies animales menores, que complemente la dieta de las comunidades.\nInsertar productos locales en mercados de valor añadido, para la generación de ingresos en los hogares de ASATRIZY.\nFortalecer la gobernanza comunitaria y ancestral del territorio.', 'tasa_cambio_1': '', 'tipo_actividad_1': 704, 'contribucion_propia_1': '', 'costo_total_1': '', 'sector_cartera': '[{""sector_cartera_2"": {""value"":418}}]', 'fecha_tasa_cambio_1': None, 'fuente_relacionada_1': '{""value"":""Deforestación""}', 'archivo_soporte_2_2': 'files-renare/cc,1018420586/68b22c312cb375c800b83cfc/documentossolicitud/05documentodescripcionactividadmitigacion16-10-2024-18-05-53.pdf', 'fecha_final_1': '29/05/2049', 'archivo_soporte_2_3': None, 'fecha_inicial_1': '30/05/2019', 'descripcion_actividad_1': 'Esta iniciativa se entiende como cualquier esfuerzo para conservar los bosques (PNUMA, 2018). Esta categoría está alineada con tres (3) actividades REDD+ de este proyecto. Este tipo de iniciativa se expresa en reducciones de CO2e.', 'id_actividad': 4162, 'tipo_moneda_1': None, 'contribucion_externa_1': '', 'depositos_carbono_1': '[{""depositos_carbono_1_1"": {""value"": 131}}, {""depositos_carbono_1_1"": {""value"": 167}}, {""depositos_carbono_1_1"": {""value"": 168}}, {""depositos_carbono_1_1"": {""value"": 169}}, {""depositos_carbono_1_1"": {""value"": 170}}]', 'resultado_traslape': 'No se presenta traslape.', 'fecha_resultado_traslape': '16/10/2024 18:05:49', 'tipo_actividad': 704, 'nombre_tipo_actividad': 'Conservación de las reservas forestales de carbono'}]",,,,,,,,,,Proyecto REDD+
renare|proyecto forestal co2cero santander,renare,PROYECTO FORESTAL CO2CERO SANTANDER,,,REVISAR,tipo=PDBC - Proyectos de Desarrollo pero actividades sugiere AFOLU,,,NO_REDD,tipo: PDBC - Proyectos de Desarrollo Bajo en C (categoria distinta de REDD+ en RENARE),NO_REDD,,"[{'acciones_redd_mas_1': None, 'tasa_cambio_1': '', 'tipo_actividad_1': 746, 'contribucion_propia_1': '$ 1.000.000', 'costo_total_1': '$ 1.000.000', 'sector_cartera': '[]', 'fecha_tasa_cambio_1': None, 'fuente_relacionada_1': '{""value"":""Plantación forestal""}', 'archivo_soporte_2_2': 'files-renare/cc,1018420586/68b22c2b2cb375c800b83cf5/documentossolicitud/05documentodescripcionactividadmitigacion01-09-2024-22-29-09.pdf', 'fecha_final_1': '23/04/2039', 'archivo_soporte_2_3': None, 'fecha_inicial_1': '24/04/2009', 'descripcion_actividad_1': 'Reforestación de áreas mediante la siembra de árboles para la mitigación del cambio climático. Esta actividad incluye la preparación del terreno, selección de especies, siembra, mantenimiento y monitoreo del crecimiento, promoviendo así la sostenibilidad ambiental.', 'id_actividad': 4011, 'tipo_moneda_1': 173, 'contribucion_externa_1': '$ 0', 'resultado_traslape': 'No se presenta traslape.', 'fecha_resultado_traslape': '01/09/2024 22:29:05', 'tipo_actividad': 746, 'nombre_tipo_actividad': 'Plantaciones forestales'}]",,,,,,,,,,PDBC - Proyectos de Desarrollo Bajo en Carbono
renare|proyecto forestal co2cero casanare,renare,PROYECTO FORESTAL CO2CERO CASANARE,,,REVISAR,tipo=PDBC - Proyectos de Desarrollo pero actividades sugiere AFOLU,,,NO_REDD,tipo: PDBC - Proyectos de Desarrollo Bajo en C (categoria distinta de REDD+ en RENARE),NO_REDD,,"[{'acciones_redd_mas_1': None, 'tasa_cambio_1': '', 'tipo_actividad_1': 746, 'contribucion_propia_1': '$ 1.000.000.000', 'costo_total_1': '$ 1.000.000.000', 'sector_cartera': '[]', 'fecha_tasa_cambio_1': None, 'fuente_relacionada_1': '{""value"":""Plantación forestal""}', 'archivo_soporte_2_2': 'files-renare/cc,1018420586/68b22c252cb375c800b83cf1/documentossolicitud/05documentodescripcionactividadmitigacion30-08-2024-16-44-49.pdf', 'fecha_final_1': '21/03/2039', 'archivo_soporte_2_3': None, 'fecha_inicial_1': '22/03/2010', 'descripcion_actividad_1': 'Reforestación de áreas mediante la siembra de árboles para la mitigación del cambio climático. Esta actividad incluye la preparación del terreno, selección de especies, siembra, mantenimiento y monitoreo del crecimiento, promoviendo así la sostenibilidad ambiental.', 'id_actividad': 4009, 'tipo_moneda_1': 173, 'contribucion_externa_1': '$ 0', 'resultado_traslape': 'No se presenta traslape.', 'fecha_resultado_traslape': '30/08/2024 16:47:26', 'tipo_actividad': 746, 'nombre_tipo_actividad': 'Plantaciones forestales'}]",,,,,,,,,,PDBC - Proyectos de Desarrollo Bajo en Carbono
renare|proyecto forestal co2cero caribe,renare,Proyecto Forestal CO2CERO CARIBE,,,REVISAR,tipo=PDBC - Proyectos de Desarrollo pero actividades sugiere AFOLU,,,NO_REDD,tipo: PDBC - Proyectos de Desarrollo Bajo en C (categoria distinta de REDD+ en RENARE),NO_REDD,,"[{'acciones_redd_mas_1': None, 'tasa_cambio_1': '', 'tipo_actividad_1': 746, 'contribucion_propia_1': '$ 171.998.681', 'costo_total_1': '$ 171.998.681', 'sector_cartera': '[]', 'fecha_tasa_cambio_1': None, 'fuente_relacionada_1': '{""value"":""Plantaciones forestales""}', 'archivo_soporte_2_2': 'files-renare/cc,1018420586/68b22c202cb375c800b83ced/documentossolicitud/05documentodescripcionactividadmitigacion27-08-2024-14-14-55.pdf', 'fecha_final_1': '07/06/2028', 'archivo_soporte_2_3': None, 'fecha_inicial_1': '08/06/2009', 'descripcion_actividad_1': 'Plantaciones', 'id_actividad': 3901, 'tipo_moneda_1': 173, 'contribucion_externa_1': '$ 0', 'resultado_traslape': 'No se presenta traslape.', 'fecha_resultado_traslape': '29/08/2024 13:31:19', 'tipo_actividad': 746, 'nombre_tipo_actividad': 'Plantaciones forestales'}]",,,,,,,,,,PDBC - Proyectos de Desarrollo Bajo en Carbono
renare|proyecto forestal co2cero refocosta la gloria,renare,PROYECTO FORESTAL CO2CERO REFOCOSTA LA GLORIA,,,REVISAR,tipo=PDBC - Proyectos de Desarrollo pero actividades sugiere AFOLU,AFOLU,Proyecto forestal,NO_REDD,tipo: PDBC - Proyectos de Desarrollo Bajo en C (categoria distinta de REDD+ en RENARE),NO_REDD,,"[{'acciones_redd_mas_1': None, 'tasa_cambio_1': '', 'tipo_actividad_1': 746, 'contribucion_propia_1': '$ 53.421.686', 'costo_total_1': '$ 53.421.686', 'sector_cartera': '[]', 'fecha_tasa_cambio_1': None, 'fuente_relacionada_1': '{""value"":""Plantación forestal""}', 'archivo_soporte_2_2': 'files-renare/cc,1018420586/68b22c1a2cb375c800b83ce6/documentossolicitud/05documentodescripcionactividadmitigacion26-07-2024-08-21-39.pdf', 'fecha_final_1': '31/12/2030', 'archivo_soporte_2_3': None, 'fecha_inicial_1': '13/04/2010', 'descripcion_actividad_1': 'Establecer plantaciones forestales comerciales con fines productivos', 'id_actividad': 3861, 'tipo_moneda_1': 173, 'contribucion_externa_1': '$ 0', 'resultado_traslape': 'No se presenta traslape.', 'fecha_resultado_traslape': '27/08/2024 14:36:54', 'tipo_actividad': 746, 'nombre_tipo_actividad': 'Plantaciones forestales'}]",,,,,,,,,,PDBC - Proyectos de Desarrollo Bajo en Carbono
renare|nucleos timberlife,renare,Núcleos Timberlife,,,REVISAR,tipo: PDBC - Proyectos de Desarrollo Bajo en Carbono (no concluyente),,,NO_REDD,tipo: PDBC - Proyectos de Desarrollo Bajo en C (categoria distinta de REDD+ en RENARE),NO_REDD,,[],,,,,,,,,,PDBC - Proyectos de Desarrollo Bajo en Carbono
renare|redd+ awia tuparro+9,renare,REDD+ Awia Tuparro+9,,,AFOLU,tipo: Proyecto REDD+,AFOLU,,REDD,tipo: Proyecto REDD+,REDD,,"[{'acciones_redd_mas_1': '1. Capacitación sobre los efectos de deforestación y degradación\n2. Recuperación de ecosistemas terrestres y acuáticos\nlíneas de inversión 4.4 Educación ambiental, actividad:\nCapacitación en manejo de residuo \nCapacitación en cambio climático', 'tasa_cambio_1': '', 'tipo_actividad_1': 706, 'contribucion_propia_1': '', 'costo_total_1': '', 'sector_cartera': '[{""sector_cartera_2"": {""value"":411}}]', 'fecha_tasa_cambio_1': None, 'fuente_relacionada_1': '{""value"":""Factores de Emisión del bosque inundable""}', 'archivo_soporte_2_2': None, 'fecha_final_1': '31/01/2048', 'archivo_soporte_2_3': None, 'fecha_inicial_1': '01/02/2019', 'descripcion_actividad_1': 'Se tiene presente las cuatro (4) líneas estratégicas gobernanza y sentido de pertenencia, cultura y sociedad, desarrollo económico sostenible, conservación y medio ambiente enfocado en la línea estratégica medio ambiente.', 'id_actividad': 4082, 'tipo_moneda_1': None, 'contribucion_externa_1': '', 'tipo_actividad': 706, 'nombre_tipo_actividad': 'Reducción de las emisiones debidas a la deforestación'}, {'acciones_redd_mas_1': '1.Capacitación sobre los efectos de deforestación y degradación\n2. Recuperación de ecosistemas terrestres y acuáticos\nlíneas de inversión 4.4 Educación ambiental, actividad:\nCapacitación en manejo de residuo \nCapacitación en cambio climático', 'tasa_cambio_1': '', 'tipo_actividad_1': 706, 'contribucion_propia_1': '', 'costo_total_1': '', 'sector_cartera': '[{""sector_cartera_2"": {""value"":411}}]', 'fecha_tasa_cambio_1': None, 'fuente_relacionada_1': '{""value"":""Factores de Emisión del bosque inundable""}', 'archivo_soporte_2_2': None, 'fecha_final_1': '31/01/2048', 'archivo_soporte_2_3': None, 'fecha_inicial_1': '01/02/2019', 'descripcion_actividad_1': 'Se tiene presente las cuatro (4) líneas estratégicas gobernanza y sentido de pertenencia, cultura y sociedad, desarrollo económico sostenible, conservación y medio ambiente)enfocado en la línea estratégica medio ambiente, dentro de su líneas de inversión 4.1 Gestión del riesgo.', 'id_actividad': 4081, 'tipo_moneda_1': None, 'contribucion_externa_1': '', 'tipo_actividad': 706, 'nombre_tipo_actividad': 'Reducción de las emisiones debidas a la deforestación'}]",,,,,,,,,,Proyecto REDD+
renare|proyecto redd+ consejo comunitario del rio guajui redd,renare,Proyecto REDD+ Consejo Comunitario del Río Guajuí REDD,,,AFOLU,tipo: Proyecto REDD+,AFOLU,,REDD,tipo: Proyecto REDD+,REDD,,[],,,,,,,,,,Proyecto REDD+
renare|conservacion de la selva de guainia,renare,Conservación de la Selva de Guainía,,,REVISAR,tipo: PDBC - Proyectos de Desarrollo Bajo en Carbono (no concluyente),,,NO_REDD,tipo: PDBC - Proyectos de Desarrollo Bajo en C (categoria distinta de REDD+ en RENARE),NO_REDD,,[],,,,,,,,,,PDBC - Proyectos de Desarrollo Bajo en Carbono
renare|proyectos hidroelectricos el molino - san matias,renare,Proyectos hidroeléctricos El Molino - San Matías,,,REVISAR,tipo: PDBC - Proyectos de Desarrollo Bajo en Carbono (no concluyente),NO_AFOLU,Hidroelectricas,NO_REDD,tipo: PDBC - Proyectos de Desarrollo Bajo en C (categoria distinta de REDD+ en RENARE),NO_REDD,,[],,,,,,,,,,PDBC - Proyectos de Desarrollo Bajo en Carbono
renare|proyecto hidroelectrico pch luzma,renare,Proyecto hidroeléctrico PCH Luzma,,,REVISAR,tipo: PDBC - Proyectos de Desarrollo Bajo en Carbono (no concluyente),,,NO_REDD,tipo: PDBC - Proyectos de Desarrollo Bajo en C (categoria distinta de REDD+ en RENARE),NO_REDD,,[],,,,,,,,,,PDBC - Proyectos de Desarrollo Bajo en Carbono
renare|parque eolico wesp 01,renare,Parque eólico WESP 01,,,REVISAR,tipo: PDBC - Proyectos de Desarrollo Bajo en Carbono (no concluyente),,,NO_REDD,tipo: PDBC - Proyectos de Desarrollo Bajo en C (categoria distinta de REDD+ en RENARE),NO_REDD,,[],,,,,,,,,,PDBC - Proyectos de Desarrollo Bajo en Carbono
renare|unu-mai redd+,renare,UNU-MAI REDD+,,,AFOLU,tipo: Proyecto REDD+,AFOLU,,REDD,tipo: Proyecto REDD+,REDD,,"[{'acciones_redd_mas_1': 'Fortalecimiento de gobernanza, fortalecimiento en educación, atención en salud, reforestación participativa, monitoreo y control de la deforestación, fortalecimiento productivo: agrícola, pecuaria, forestales no maderables, fortalecimiento en infraestructura dotacional y empoderamiento de la mujer.', 'tasa_cambio_1': '', 'tipo_actividad_1': 706, 'contribucion_propia_1': '', 'costo_total_1': '', 'sector_cartera': '[{""sector_cartera_2"": {""value"":411}}]', 'fecha_tasa_cambio_1': None, 'fuente_relacionada_1': '{""value"":""Deforestación""}', 'archivo_soporte_2_2': 'files-renare/cc,1018420586/68b22c052cb375c800b83cc8/documentossolicitud/05documentodescripcionactividadmitigacion19-03-2025-15-41-06.pdf', 'fecha_final_1': '31/12/2046', 'archivo_soporte_2_3': None, 'fecha_inicial_1': '01/01/2017', 'descripcion_actividad_1': 'Priorizar las actividades de empoderamiento de las comunidades indígenas, además de aquellas actividades productivas cuyo enfoque pretende reducir los niveles de deforestación, garantizando la reducción de emisiones de GEI y además, solventando las necesidades de las comunidades.', 'id_actividad': 4663, 'tipo_moneda_1': None, 'contribucion_externa_1': '', 'depositos_carbono_1': '[{""depositos_carbono_1_1"": {""value"": 131}}, {""depositos_carbono_1_1"": {""value"": 167}}, {""depositos_carbono_1_1"": {""value"": 170}}]', 'resultado_traslape': 'No se presenta traslape.', 'fecha_resultado_traslape': '19/03/2025 15:40:49', 'tipo_actividad': 706, 'nombre_tipo_actividad': 'Reducción de las emisiones debidas a la deforestación'}]",,,,,,,,,,Proyecto REDD+
renare|proyecto redd+ fundacion biodiversa en tierras bajas del magdalena,renare,Proyecto REDD+ Fundación Biodiversa en tierras bajas del Magdalena,,,AFOLU,tipo: Proyecto REDD+,AFOLU,,REDD,tipo: Proyecto REDD+,REDD,,[],,,,,,,,,,Proyecto REDD+
renare|proyecto peliwaisi redd+ unuma vichada,renare,Proyecto PELIWAISI REDD+ UNUMA VICHADA,,,AFOLU,tipo: Proyecto REDD+,AFOLU,,REDD,tipo: Proyecto REDD+,REDD,,"[{'acciones_redd_mas_1': 'Se basa en tres líneas: 1) Gestión de recursos naturales: reforestación con especies nativas, restauración de áreas perturbadas y etnoeducación. 2) Fortalecimiento de la gobernanza: mejora del Gobierno Propio y capacitación en REDD+. 3) Etnodesarrollo sostenible: prácticas agrícolas sostenibles y uso de energías renovables.', 'tasa_cambio_1': '', 'tipo_actividad_1': 706, 'contribucion_propia_1': '', 'costo_total_1': '', 'sector_cartera': '[{""sector_cartera_2"": {""value"":411}}]', 'fecha_tasa_cambio_1': None, 'fuente_relacionada_1': '{""value"":""Fuente de emisión GEI de bosque en bioma Amazónico""}', 'archivo_soporte_2_2': 'files-renare/cc,1018420586/68b22bff2cb375c800b83cc1/documentossolicitud/05documentodescripcionactividadmitigacion03-10-2024-14-37-13.pdf', 'fecha_final_1': '31/12/2044', 'archivo_soporte_2_3': None, 'fecha_inicial_1': '01/01/2015', 'descripcion_actividad_1': 'Las actividades definidas por el proyecto REDD se agrupan en tres líneas estratégicas, las cuales se presentan a continuación: 1 Generar acciones para la gestión de recursos naturales, 2 Fomentar la autonomía y gobernanza y 3 Etnodesarrollo sostenible.', 'id_actividad': 4125, 'tipo_moneda_1': None, 'contribucion_externa_1': '', 'depositos_carbono_1': '[{""depositos_carbono_1_1"": {""value"": 131}}, {""depositos_carbono_1_1"": {""value"": 167}}, {""depositos_carbono_1_1"": {""value"": 170}}]', 'resultado_traslape': 'No se presenta traslape.', 'fecha_resultado_traslape': '09/10/2024 12:29:43', 'tipo_actividad': 706, 'nombre_tipo_actividad': 'Reducción de las emisiones debidas a la deforestación'}]",,,,,,,,,,Proyecto REDD+
renare|paisajes productivos restaurados en la cuenca media del rio magdalena en colombia,renare,PAISAJES PRODUCTIVOS RESTAURADOS EN LA CUENCA MEDIA DEL RÍO MAGDALENA EN COLOMBIA,,,REVISAR,tipo=PDBC - Programas de Desarrollo pero actividades sugiere AFOLU,,,NO_REDD,tipo: PDBC - Programas de Desarrollo Bajo en C (categoria distinta de REDD+ en RENARE),NO_REDD,,"[{'acciones_redd_mas_1': None, 'tasa_cambio_1': '', 'tipo_actividad_1': 747, 'contribucion_propia_1': '$ 880.000.000', 'costo_total_1': '$ 880.000.000', 'sector_cartera': '[{""sector_cartera_2"": {""value"":418}}]', 'fecha_tasa_cambio_1': None, 'fuente_relacionada_1': '{""value"":""Actividades de Restauración""}', 'archivo_soporte_2_2': 'files-renare/cc,1018420586/68b22bfe2cb375c800b83cbe/documentossolicitud/05documentodescripcionactividadmitigacion05-09-2024-13-18-17.pdf', 'fecha_final_1': '31/01/2053', 'archivo_soporte_2_3': 'files-renare/cc,1018420586/68b22bfe2cb375c800b83cbe/documentossolicitud/06soportenegociaciondistribucionescarteras05-09-2024-13-18-17.pdf', 'fecha_inicial_1': '01/02/2023', 'descripcion_actividad_1': 'Recuperar la conectividad forestal a través de la restauración ecológica', 'id_actividad': 4061, 'tipo_moneda_1': 173, 'contribucion_externa_1': '$ 0', 'resultado_traslape': 'No se presenta traslape.', 'fecha_resultado_traslape': '05/09/2024 13:18:16', 'tipo_actividad': 747, 'nombre_tipo_actividad': 'Restauración forestal'}]",,,,,,,,,,PDBC - Programas de Desarrollo Bajo en Carbono
renare|pch cantayus,renare,PCH Cantayus,,,REVISAR,tipo: MDL - Proyectos del Mecanismo de Desarrollo Limpio (no concluyente),,,NO_REDD,tipo: MDL - Proyectos del Mecanismo de Desarro (categoria distinta de REDD+ en RENARE),NO_REDD,,[],,,,,,,,,,MDL - Proyectos del Mecanismo de Desarrollo Limpio
renare|sustainable agroforestry cacao meta,renare,Sustainable Agroforestry Cacao Meta,,,REVISAR,tipo=PDBC - Proyectos de Desarrollo pero actividades sugiere AFOLU,AFOLU,Sistema agroforestal,NO_REDD,tipo: PDBC - Proyectos de Desarrollo Bajo en C (categoria distinta de REDD+ en RENARE),NO_REDD,,"[{'acciones_redd_mas_1': None, 'tasa_cambio_1': '$ 4.147', 'tipo_actividad_1': 712, 'contribucion_propia_1': '$ 289.750.957', 'costo_total_1': '$ 289.750.957', 'sector_cartera': '[]', 'fecha_tasa_cambio_1': '2024/09/06 00:00:00.000', 'fuente_relacionada_1': '{""value"":""CO2 e""}', 'archivo_soporte_2_2': 'files-renare/cc,1018420586/68b22bfc2cb375c800b83cb8/documentossolicitud/05documentodescripcionactividadmitigacion16-04-2025-14-55-08.pdf', 'fecha_final_1': '05/07/2057', 'archivo_soporte_2_3': None, 'fecha_inicial_1': '06/07/2017', 'descripcion_actividad_1': 'Proyecto agroforestal de cacao, en el municipio de Cabuyaro, Meta. ', 'id_actividad': 4843, 'tipo_moneda_1': 171, 'contribucion_externa_1': '$ 0', 'resultado_traslape': 'No se presenta traslape.', 'fecha_resultado_traslape': '16/04/2025 14:53:18', 'tipo_actividad': 712, 'nombre_tipo_actividad': 'Implementación o mejoramiento de sistemas con árboles para producción agropecuaria'}]",,,,,,,,,,PDBC - Proyectos de Desarrollo Bajo en Carbono
renare|proyecto forestal co2cero meta_09,renare,PROYECTO FORESTAL CO2CERO META_09,,,REVISAR,tipo=PDBC - Proyectos de Desarrollo pero actividades sugiere AFOLU,,,NO_REDD,tipo: PDBC - Proyectos de Desarrollo Bajo en C (categoria distinta de REDD+ en RENARE),NO_REDD,,"[{'acciones_redd_mas_1': None, 'tasa_cambio_1': '', 'tipo_actividad_1': 746, 'contribucion_propia_1': '$ 1.000.000.000', 'costo_total_1': '$ 1.000.000.000', 'sector_cartera': '[]', 'fecha_tasa_cambio_1': None, 'fuente_relacionada_1': '{""value"":""Plantaciones forestales""}', 'archivo_soporte_2_2': 'files-renare/cc,1018420586/68b22bf72cb375c800b83cb4/documentossolicitud/05documentodescripcionactividadmitigacion26-07-2024-10-50-04.pdf', 'fecha_final_1': '12/07/2039', 'archivo_soporte_2_3': None, 'fecha_inicial_1': '13/07/2009', 'descripcion_actividad_1': 'Establecimiento de plantaciones forestales', 'id_actividad': 3863, 'tipo_moneda_1': 173, 'contribucion_externa_1': '$ 0', 'resultado_traslape': 'No se presenta traslape.', 'fecha_resultado_traslape': '27/08/2024 15:44:56', 'tipo_actividad': 746, 'nombre_tipo_actividad': 'Plantaciones forestales'}]",,,,,,,,,,PDBC - Proyectos de Desarrollo Bajo en Carbono
renare|bella bosque afforestation project - colombia,renare,Bella Bosque Afforestation Project - Colombia,,,REVISAR,tipo=PDBC - Proyectos de Desarrollo pero actividades sugiere AFOLU,,,NO_REDD,tipo: PDBC - Proyectos de Desarrollo Bajo en C (categoria distinta de REDD+ en RENARE),NO_REDD,,"[{'acciones_redd_mas_1': None, 'tasa_cambio_1': '$ 4.239', 'tipo_actividad_1': 708, 'contribucion_propia_1': '$ 21.000.000', 'costo_total_1': '$ 21.000.000', 'sector_cartera': '[]', 'fecha_tasa_cambio_1': '2025/05/12 00:00:00.000', 'fuente_relacionada_1': '{""value"":""Plantaciones forestales""}', 'archivo_soporte_2_2': 'files-renare/cc,1018420586/68b22bf22cb375c800b83cb0/documentossolicitud/05documentodescripcionactividadmitigacion12-05-2025-18-41-47.pdf', 'fecha_final_1': '16/06/2054', 'archivo_soporte_2_3': None, 'fecha_inicial_1': '17/06/2024', 'descripcion_actividad_1': 'The project will afforest 11,452 ha of degraded grasslands in Vichada, Colombia, previously used for cattle grazing', 'id_actividad': 4902, 'tipo_moneda_1': 171, 'contribucion_externa_1': '$ 0', 'resultado_traslape': 'No se presenta traslape.', 'fecha_resultado_traslape': '12/05/2025 18:47:49', 'tipo_actividad': 708, 'nombre_tipo_actividad': 'Incremento de las reservas forestales de carbono'}, {'acciones_redd_mas_1': None, 'tasa_cambio_1': '$ 4.239', 'tipo_actividad_1': 708, 'contribucion_propia_1': '$ 1.300.000', 'costo_total_1': '$ 1.300.000', 'sector_cartera': '[]', 'fecha_tasa_cambio_1': '2025/05/12 00:00:00.000', 'fuente_relacionada_1': '{""value"":""Línea base""}', 'archivo_soporte_2_2': 'files-renare/cc,1018420586/68b22bf22cb375c800b83cb0/documentossolicitud/05documentodescripcionactividadmitigacion12-05-2025-18-48-03.pdf', 'fecha_final_1': '16/06/2054', 'archivo_soporte_2_3': None, 'fecha_inicial_1': '17/06/2024', 'descripcion_actividad_1': 'The project will afforest 11,452 ha of degraded grasslands in Vichada, Colombia, previously used for cattle grazing. ', 'id_actividad': 4904, 'tipo_moneda_1': 171, 'contribucion_externa_1': '$ 0', 'resultado_traslape': 'No se presenta traslape.', 'fecha_resultado_traslape': '12/05/2025 18:47:49', 'tipo_actividad': 708, 'nombre_tipo_actividad': 'Incremento de las reservas forestales de carbono'}]",,,,,,,,,,PDBC - Proyectos de Desarrollo Bajo en Carbono
renare|guainia iii,renare,Guainia III,,,AFOLU,tipo: Proyecto REDD+,AFOLU,,REDD,tipo: Proyecto REDD+,REDD,,"[{'acciones_redd_mas_1': 'Protección de los Bosques y Conservación Ambiental, Gobernanza Forestal y Autonomía Indígena, Buen Vivir y producción sostenible, Protección de los conocimientos ancestrales y medicina indígena y Mujeres y familia indígena\n', 'tasa_cambio_1': '', 'tipo_actividad_1': 706, 'contribucion_propia_1': '', 'costo_total_1': '', 'sector_cartera': '[{""sector_cartera_2"": {""value"":418}}]', 'fecha_tasa_cambio_1': None, 'fuente_relacionada_1': '{""value"":""BA (Ton CO2/ha)""}', 'archivo_soporte_2_2': 'files-renare/cc,1018420586/68b22bf12cb375c800b83cad/documentossolicitud/05documentodescripcionactividadmitigacion28-06-2024-09-53-21.pdf', 'fecha_final_1': '31/12/2048', 'archivo_soporte_2_3': None, 'fecha_inicial_1': '01/01/2019', 'descripcion_actividad_1': 'Protección de los Bosques y Conservación Ambiental, Gobernanza Forestal y Autonomía Indígena, Buen Vivir y producción sostenible, Protección de los conocimientos ancestrales y medicina indígena y Mujeres y familia indígena\n', 'id_actividad': 3725, 'tipo_moneda_1': None, 'contribucion_externa_1': '', 'depositos_carbono_1': '[{""depositos_carbono_1_1"": {""value"": 131}}]', 'resultado_traslape': 'No se presenta traslape.', 'fecha_resultado_traslape': '28/06/2024 09:53:21', 'tipo_actividad': 706, 'nombre_tipo_actividad': 'Reducción de las emisiones debidas a la deforestación'}, {'acciones_redd_mas_1': 'Protección de los Bosques y Conservación Ambiental, Gobernanza Forestal y Autonomía Indígena, Buen Vivir y producción sostenible, Protección de los conocimientos ancestrales y medicina indígena y Mujeres y familia indígena\n', 'tasa_cambio_1': '', 'tipo_actividad_1': 706, 'contribucion_propia_1': '', 'costo_total_1': '', 'sector_cartera': '[{""sector_cartera_2"": {""value"":418}}]', 'fecha_tasa_cambio_1': None, 'fuente_relacionada_1': '{""value"":""BS (Ton CO2/ha)""}', 'archivo_soporte_2_2': 'files-renare/cc,1018420586/68b22bf12cb375c800b83cad/documentossolicitud/05documentodescripcionactividadmitigacion28-06-2024-10-04-24.pdf', 'fecha_final_1': '31/12/2048', 'archivo_soporte_2_3': None, 'fecha_inicial_1': '01/01/2019', 'descripcion_actividad_1': 'Protección de los Bosques y Conservación Ambiental, Gobernanza Forestal y Autonomía Indígena, Buen Vivir y producción sostenible, Protección de los conocimientos ancestrales y medicina indígena y Mujeres y familia indígena\n', 'id_actividad': 3726, 'tipo_moneda_1': None, 'contribucion_externa_1': '', 'depositos_carbono_1': '[{""depositos_carbono_1_1"": {""value"": 167}}]', 'resultado_traslape': 'No se presenta traslape.', 'fecha_resultado_traslape': '28/06/2024 09:53:21', 'tipo_actividad': 706, 'nombre_tipo_actividad': 'Reducción de las emisiones debidas a la deforestación'}, {'acciones_redd_mas_1': 'Protección de los Bosques y Conservación Ambiental, Gobernanza Forestal y Autonomía Indígena, Buen Vivir y producción sostenible, Protección de los conocimientos ancestrales y medicina indígena y Mujeres y familia indígena\n', 'tasa_cambio_1': '', 'tipo_actividad_1': 706, 'contribucion_propia_1': '', 'costo_total_1': '', 'sector_cartera': '[{""sector_cartera_2"": {""value"":418}}]', 'fecha_tasa_cambio_1': None, 'fuente_relacionada_1': '{""value"":""COS20años (Ton CO2/ha)""}', 'archivo_soporte_2_2': 'files-renare/cc,1018420586/68b22bf12cb375c800b83cad/documentossolicitud/05documentodescripcionactividadmitigacion28-06-2024-10-05-30.pdf', 'fecha_final_1': '31/12/2048', 'archivo_soporte_2_3': None, 'fecha_inicial_1': '01/01/2019', 'descripcion_actividad_1': 'Protección de los Bosques y Conservación Ambiental, Gobernanza Forestal y Autonomía Indígena, Buen Vivir y producción sostenible, Protección de los conocimientos ancestrales y medicina indígena y Mujeres y familia indígena\n', 'id_actividad': 3727, 'tipo_moneda_1': None, 'contribucion_externa_1': '', 'depositos_carbono_1': '[{""depositos_carbono_1_1"": {""value"": 170}}]', 'resultado_traslape': 'No se presenta traslape.', 'fecha_resultado_traslape': '28/06/2024 09:53:21', 'tipo_actividad': 706, 'nombre_tipo_actividad': 'Reducción de las emisiones debidas a la deforestación'}]",,,,,,,,,,Proyecto REDD+
renare|proyecto redd+ cuenca alto baudo,renare,PROYECTO REDD+ CUENCA ALTO BAUDO,,,AFOLU,tipo: Proyecto REDD+,AFOLU,,REDD,tipo: Proyecto REDD+,REDD,,"[{'acciones_redd_mas_1': 'Etno desarrollo foresal sostenible, Monitoreo forestal comunitario', 'tasa_cambio_1': '', 'tipo_actividad_1': 714, 'contribucion_propia_1': '', 'costo_total_1': '', 'sector_cartera': '[{""sector_cartera_2"": {""value"":418}}]', 'fecha_tasa_cambio_1': None, 'fuente_relacionada_1': '{""value"":""Emisión debida al cambio de bosque Borde-Parche""}', 'archivo_soporte_2_2': 'files-renare/cc,1018420586/68b22bec2cb375c800b83ca9/documentossolicitud/05documentodescripcionactividadmitigacion14-06-2024-13-03-04.pdf', 'fecha_final_1': '08/02/2048', 'archivo_soporte_2_3': None, 'fecha_inicial_1': '08/02/2018', 'descripcion_actividad_1': 'Evitar la degradación forestal no planeada', 'id_actividad': 3597, 'tipo_moneda_1': None, 'contribucion_externa_1': '', 'depositos_carbono_1': '[{""depositos_carbono_1_1"": {""value"": 131}}, {""depositos_carbono_1_1"": {""value"": 167}}, {""depositos_carbono_1_1"": {""value"": 169}}, {""depositos_carbono_1_1"": {""value"": 170}}]', 'resultado_traslape': 'No se presenta traslape.', 'fecha_resultado_traslape': '03/08/2024 14:57:59', 'tipo_actividad': 714, 'nombre_tipo_actividad': 'Reducción de las emisiones debidas a la degradación forestal'}, {'acciones_redd_mas_1': 'Monitoreo forestal sostenible comunitario, fortalecimiento de la gobernanza forestal, Etnodesarrollo sostenible y manejo sostenible de recursos natuarles', 'tasa_cambio_1': '', 'tipo_actividad_1': 706, 'contribucion_propia_1': '', 'costo_total_1': '', 'sector_cartera': '[{""sector_cartera_2"": {""value"":418}}]', 'fecha_tasa_cambio_1': None, 'fuente_relacionada_1': '{""value"":""Emisiones debidas a la deforestación""}', 'archivo_soporte_2_2': 'files-renare/cc,1018420586/68b22bec2cb375c800b83ca9/documentossolicitud/05documentodescripcionactividadmitigacion14-06-2024-13-01-14.pdf', 'fecha_final_1': '08/02/2048', 'archivo_soporte_2_3': None, 'fecha_inicial_1': '08/02/2018', 'descripcion_actividad_1': 'Evitar las emisiones debidas a la deforestación no planeada', 'id_actividad': 3596, 'tipo_moneda_1': None, 'contribucion_externa_1': '', 'depositos_carbono_1': '[{""depositos_carbono_1_1"": {""value"": 131}}, {""depositos_carbono_1_1"": {""value"": 167}}, {""depositos_carbono_1_1"": {""value"": 169}}, {""depositos_carbono_1_1"": {""value"": 170}}]', 'resultado_traslape': 'No se presenta traslape.', 'fecha_resultado_traslape': '03/08/2024 14:58:32', 'tipo_actividad': 706, 'nombre_tipo_actividad': 'Reducción de las emisiones debidas a la deforestación'}]",,,,,,,,,,Proyecto REDD+
renare|paramuno p2,renare,Paramuno P2 ,,,REVISAR,tipo: PDBC - Proyectos de Desarrollo Bajo en Carbono (no concluyente),,,NO_REDD,tipo: PDBC - Proyectos de Desarrollo Bajo en C (categoria distinta de REDD+ en RENARE),NO_REDD,,[],,,,,,,,,,PDBC - Proyectos de Desarrollo Bajo en Carbono
renare|paramuno proyecto 2,renare,Paramuno Proyecto 2 ,,,AFOLU,tipo: Proyecto REDD+,AFOLU,,REDD,tipo: Proyecto REDD+,REDD,,[],,,,,,,,,,Proyecto REDD+
renare|co2rozo p1,renare,CO2rozo P1,,,AFOLU,tipo: Proyecto REDD+,AFOLU,,REDD,tipo: Proyecto REDD+,REDD,,[],,,,,,,,,,Proyecto REDD+
renare|co2bio p4,renare,CO2Bio P4 ,,,AFOLU,tipo: Proyecto REDD+,AFOLU,,REDD,tipo: Proyecto REDD+,REDD,,[],,,,,,,,,,Proyecto REDD+
renare|co2bio p4,renare,CO2Bio P4,,,REVISAR,tipo: PDBC - Proyectos de Desarrollo Bajo en Carbono (no concluyente),AFOLU,,NO_REDD,tipo: PDBC - Proyectos de Desarrollo Bajo en C (categoria distinta de REDD+ en RENARE),NO_REDD,,[],,,,,,,,,,PDBC - Proyectos de Desarrollo Bajo en Carbono
renare|guania redd+ project,renare,GUANIA REDD+ PROJECT,,,AFOLU,tipo: Proyecto REDD+,AFOLU,,REDD,tipo: Proyecto REDD+,REDD,,"[{'acciones_redd_mas_1': 'Gobernanza ambiental y gobernabilidad delos pueblos indígenas; Seguridad y soberanía alimentaria; Bioeconomía sostenible; Salud; Promoción y fortalecimientos de los conocimientos ancestrales; Etnoeducación; Entornos saludables; Empoderamiento de mujeres indígenas', 'tasa_cambio_1': '', 'tipo_actividad_1': 706, 'contribucion_propia_1': '', 'costo_total_1': '', 'sector_cartera': '[{""sector_cartera_2"": {""value"":411}}]', 'fecha_tasa_cambio_1': None, 'fuente_relacionada_1': '{""value"":""Evitación de emisiones de GEI (EvE)""}', 'archivo_soporte_2_2': 'files-renare/cc,1018420586/68b22bd12cb375c800b83c92/documentossolicitud/05documentodescripcionactividadmitigacion12-03-2025-08-47-03.pdf', 'fecha_final_1': '01/01/2053', 'archivo_soporte_2_3': None, 'fecha_inicial_1': '01/01/2018', 'descripcion_actividad_1': 'metodología REDDV1.3.1 de Cercarbono la actividad que aplica para el proyecto es la de reducción de emisiones de GEI debidas a la deforestación. Teniendo en cuenta que en el área del proyecto se identificó motores de deforestación que ponen en riesgo la integridad de los distintos ecosistemas', 'id_actividad': 4581, 'tipo_moneda_1': None, 'contribucion_externa_1': '', 'depositos_carbono_1': '[{""depositos_carbono_1_1"": {""value"": 131}}, {""depositos_carbono_1_1"": {""value"": 167}}, {""depositos_carbono_1_1"": {""value"": 170}}]', 'resultado_traslape': 'No se presenta traslape.', 'fecha_resultado_traslape': '19/03/2025 11:16:49', 'tipo_actividad': 706, 'nombre_tipo_actividad': 'Reducción de las emisiones debidas a la deforestación'}]",,,,,,,,,,Proyecto REDD+
renare|orinoco2 p2,renare,Orinoco2 P2 ,,,AFOLU,tipo: Proyecto REDD+,AFOLU,,REDD,tipo: Proyecto REDD+,REDD,,"[{'acciones_redd_mas_1': 'Evitar cambio de uso del suelo en sabana natural a partir de prácticas productivas sostenibles', 'tasa_cambio_1': '', 'tipo_actividad_1': 704, 'contribucion_propia_1': '', 'costo_total_1': '', 'sector_cartera': '[{""sector_cartera_2"": {""value"":411}}]', 'fecha_tasa_cambio_1': None, 'fuente_relacionada_1': '{""value"":""Pastizales""}', 'archivo_soporte_2_2': 'files-renare/cc,1018420586/68b22bd02cb375c800b83c8f/documentossolicitud/05documentodescripcionactividadmitigacion06-06-2025-16-43-19.pdf', 'fecha_final_1': '31/01/2060', 'archivo_soporte_2_3': None, 'fecha_inicial_1': '01/02/2020', 'descripcion_actividad_1': 'Conservar las reservas de carbono de herbazales y arbustales naturales', 'id_actividad': 4964, 'tipo_moneda_1': None, 'contribucion_externa_1': '', 'depositos_carbono_1': '[{""depositos_carbono_1_1"": {""value"": 131}}, {""depositos_carbono_1_1"": {""value"": 167}}, {""depositos_carbono_1_1"": {""value"": 168}}, {""depositos_carbono_1_1"": {""value"": 170}}]', 'tipo_actividad': 704, 'nombre_tipo_actividad': 'Conservación de las reservas forestales de carbono'}, {'acciones_redd_mas_1': 'mejorar los ingresos de los propietarios mediante incentivos económicos provenientes de la venta de créditos de carbono generados por actividades REDD+, al tiempo que promueve prácticas forestales sostenibles y acciones de conservación para reducir la deforestación, la degradación forestal y mantener las reservas de carbono. Además, se realiza un monitoreo continuo de la cobertura boscosa, incluyendo la detección temprana de amenazas como incendios mediante herramientas de vigilancia', 'tasa_cambio_1': '', 'tipo_actividad_1': 706, 'contribucion_propia_1': '', 'costo_total_1': '', 'sector_cartera': '[{""sector_cartera_2"": {""value"":411}}]', 'fecha_tasa_cambio_1': None, 'fuente_relacionada_1': '{""value"":""Deforestación""}', 'archivo_soporte_2_2': 'files-renare/cc,1018420586/68b22bd02cb375c800b83c8f/documentossolicitud/05documentodescripcionactividadmitigacion06-06-2025-16-34-31.pdf', 'fecha_final_1': '31/01/2060', 'archivo_soporte_2_3': None, 'fecha_inicial_1': '01/02/2020', 'descripcion_actividad_1': 'Esto incluye fomentar energías alternativas, formar en el uso de productos no maderables, promover sistemas productivos sostenibles y acceder a mercados de servicios ecosistémicos.', 'id_actividad': 4962, 'tipo_moneda_1': None, 'contribucion_externa_1': '', 'depositos_carbono_1': '[{""depositos_carbono_1_1"": {""value"": 131}}, {""depositos_carbono_1_1"": {""value"": 167}}, {""depositos_carbono_1_1"": {""value"": 168}}, {""depositos_carbono_1_1"": {""value"": 170}}]', 'tipo_actividad': 706, 'nombre_tipo_actividad': 'Reducción de las emisiones debidas a la deforestación'}, {'acciones_redd_mas_1': 'mejorar los ingresos de los propietarios mediante incentivos económicos provenientes de la venta de créditos de carbono generados por actividades REDD+, al tiempo que promueve prácticas forestales sostenibles y acciones de conservación para reducir la deforestación, la degradación forestal y mantener las reservas de carbono. Además, se realiza un monitoreo continuo de la cobertura boscosa, incluyendo la detección temprana de amenazas como incendios mediante herramientas de vigilancia', 'tasa_cambio_1': '', 'tipo_actividad_1': 706, 'contribucion_propia_1': '', 'costo_total_1': '', 'sector_cartera': '[{""sector_cartera_2"": {""value"":411}}]', 'fecha_tasa_cambio_1': None, 'fuente_relacionada_1': '{""value"":""Deforestación""}', 'archivo_soporte_2_2': 'files-renare/cc,1018420586/68b22bd02cb375c800b83c8f/documentossolicitud/05documentodescripcionactividadmitigacion06-06-2025-16-34-34.pdf', 'fecha_final_1': '31/01/2060', 'archivo_soporte_2_3': None, 'fecha_inicial_1': '01/02/2020', 'descripcion_actividad_1': 'Esto incluye fomentar energías alternativas, formar en el uso de productos no maderables, promover sistemas productivos sostenibles y acceder a mercados de servicios ecosistémicos.', 'id_actividad': 4961, 'tipo_moneda_1': None, 'contribucion_externa_1': '', 'depositos_carbono_1': '[{""depositos_carbono_1_1"": {""value"": 131}}, {""depositos_carbono_1_1"": {""value"": 167}}, {""depositos_carbono_1_1"": {""value"": 168}}, {""depositos_carbono_1_1"": {""value"": 170}}]', 'tipo_actividad': 706, 'nombre_tipo_actividad': 'Reducción de las emisiones debidas a la deforestación'}]",,,,,,,,,,Proyecto REDD+
renare|pitugucajude,renare,PITUGUCAJUDE,,,AFOLU,tipo: Proyecto REDD+,AFOLU,,REDD,tipo: Proyecto REDD+,REDD,,"[{'acciones_redd_mas_1': 'Protección de los Bosques y Conservación Ambiental, Gobernanza Forestal y Autonomía Indígena, Buen Vivir y producción sostenible, Protección de los conocimientos ancestrales y medicina indígena y Mujeres y familia indígena\n', 'tasa_cambio_1': '', 'tipo_actividad_1': 706, 'contribucion_propia_1': '', 'costo_total_1': '', 'sector_cartera': '[{""sector_cartera_2"": {""value"":418}}]', 'fecha_tasa_cambio_1': None, 'fuente_relacionada_1': '{""value"":""BA (Ton CO2/ha)""}', 'archivo_soporte_2_2': 'files-renare/cc,1018420586/68b22bcb2cb375c800b83c8b/documentossolicitud/05documentodescripcionactividadmitigacion28-06-2024-11-30-26.pdf', 'fecha_final_1': '31/12/2047', 'archivo_soporte_2_3': None, 'fecha_inicial_1': '01/01/2018', 'descripcion_actividad_1': 'Protección de los Bosques y Conservación Ambiental, Gobernanza Forestal y Autonomía Indígena, Buen Vivir y producción sostenible, Protección de los conocimientos ancestrales y medicina indígena y Mujeres y familia indígena\n', 'id_actividad': 3737, 'tipo_moneda_1': None, 'contribucion_externa_1': '', 'depositos_carbono_1': '[{""depositos_carbono_1_1"": {""value"": 131}}]', 'resultado_traslape': 'No se presenta traslape.', 'fecha_resultado_traslape': '28/06/2024 11:31:42', 'tipo_actividad': 706, 'nombre_tipo_actividad': 'Reducción de las emisiones debidas a la deforestación'}, {'acciones_redd_mas_1': 'Protección de los Bosques y Conservación Ambiental, Gobernanza Forestal y Autonomía Indígena, Buen Vivir y producción sostenible, Protección de los conocimientos ancestrales y medicina indígena y Mujeres y familia indígena\n', 'tasa_cambio_1': '', 'tipo_actividad_1': 706, 'contribucion_propia_1': '', 'costo_total_1': '', 'sector_cartera': '[{""sector_cartera_2"": {""value"":418}}]', 'fecha_tasa_cambio_1': None, 'fuente_relacionada_1': '{""value"":""BS (Ton CO2/ha)""}', 'archivo_soporte_2_2': 'files-renare/cc,1018420586/68b22bcb2cb375c800b83c8b/documentossolicitud/05documentodescripcionactividadmitigacion28-06-2024-11-31-11.pdf', 'fecha_final_1': '31/12/2047', 'archivo_soporte_2_3': None, 'fecha_inicial_1': '01/01/2018', 'descripcion_actividad_1': 'Protección de los Bosques y Conservación Ambiental, Gobernanza Forestal y Autonomía Indígena, Buen Vivir y producción sostenible, Protección de los conocimientos ancestrales y medicina indígena y Mujeres y familia indígena\n', 'id_actividad': 3738, 'tipo_moneda_1': None, 'contribucion_externa_1': '', 'depositos_carbono_1': '[{""depositos_carbono_1_1"": {""value"": 167}}]', 'resultado_traslape': 'No se presenta traslape.', 'fecha_resultado_traslape': '28/06/2024 11:31:42', 'tipo_actividad': 706, 'nombre_tipo_actividad': 'Reducción de las emisiones debidas a la deforestación'}, {'acciones_redd_mas_1': 'Protección de los Bosques y Conservación Ambiental, Gobernanza Forestal y Autonomía Indígena, Buen Vivir y producción sostenible, Protección de los conocimientos ancestrales y medicina indígena y Mujeres y familia indígena\n', 'tasa_cambio_1': '', 'tipo_actividad_1': 706, 'contribucion_propia_1': '', 'costo_total_1': '', 'sector_cartera': '[{""sector_cartera_2"": {""value"":418}}]', 'fecha_tasa_cambio_1': None, 'fuente_relacionada_1': '{""value"":""COS20años (Ton CO2/ha)""}', 'archivo_soporte_2_2': 'files-renare/cc,1018420586/68b22bcb2cb375c800b83c8b/documentossolicitud/05documentodescripcionactividadmitigacion28-06-2024-11-31-44.pdf', 'fecha_final_1': '31/12/2047', 'archivo_soporte_2_3': None, 'fecha_inicial_1': '01/01/2018', 'descripcion_actividad_1': 'Protección de los Bosques y Conservación Ambiental, Gobernanza Forestal y Autonomía Indígena, Buen Vivir y producción sostenible, Protección de los conocimientos ancestrales y medicina indígena y Mujeres y familia indígena\n', 'id_actividad': 3739, 'tipo_moneda_1': None, 'contribucion_externa_1': '', 'depositos_carbono_1': '[{""depositos_carbono_1_1"": {""value"": 170}}]', 'resultado_traslape': 'No se presenta traslape.', 'fecha_resultado_traslape': '28/06/2024 11:31:42', 'tipo_actividad': 706, 'nombre_tipo_actividad': 'Reducción de las emisiones debidas a la deforestación'}]",,,,,,,,,,Proyecto REDD+
renare|co2rozo proyecto 1,renare,CO2rozo Proyecto 1,,,REVISAR,tipo: PDBC - Proyectos de Desarrollo Bajo en Carbono (no concluyente),,,NO_REDD,tipo: PDBC - Proyectos de Desarrollo Bajo en C (categoria distinta de REDD+ en RENARE),NO_REDD,,[],,,,,,,,,,PDBC - Proyectos de Desarrollo Bajo en Carbono
renare|pmcc carbono hass,renare,PMCC Carbono Hass,,,REVISAR,tipo=PDBC - Proyectos de Desarrollo pero actividades sugiere AFOLU,,,NO_REDD,tipo: PDBC - Proyectos de Desarrollo Bajo en C (categoria distinta de REDD+ en RENARE),NO_REDD,,"[{'acciones_redd_mas_1': None, 'tasa_cambio_1': '', 'tipo_actividad_1': 712, 'contribucion_propia_1': '$ 357.586.066', 'costo_total_1': '$ 357.586.066', 'sector_cartera': '[]', 'fecha_tasa_cambio_1': None, 'fuente_relacionada_1': '{""value"":""Biomasa arbórea arriba del suelo (Baa)""}', 'archivo_soporte_2_2': 'files-renare/cc,1018420586/68b22bc32cb375c800b83c84/documentossolicitud/05documentodescripcionactividadmitigacion16-07-2024-08-20-33.pdf', 'fecha_final_1': '30/06/2048', 'archivo_soporte_2_3': None, 'fecha_inicial_1': '01/07/2018', 'descripcion_actividad_1': 'Materia total viva de las raíces de las plantas en un área determinada. Incluye raíces vivas. La biomasa subterránea se incluye aplicando factores de proporción de raíz a parte aérea; se espera que la biomasa subterránea aumente por la actividad del proyecto.', 'id_actividad': 3782, 'tipo_moneda_1': 173, 'contribucion_externa_1': '$ 0', 'resultado_traslape': 'No se presenta traslape.', 'fecha_resultado_traslape': '16/07/2024 08:18:04', 'tipo_actividad': 712, 'nombre_tipo_actividad': 'Implementación o mejoramiento de sistemas con árboles para producción agropecuaria'}, {'acciones_redd_mas_1': None, 'tasa_cambio_1': '', 'tipo_actividad_1': 712, 'contribucion_propia_1': '$ 0', 'costo_total_1': '$ 0', 'sector_cartera': '[]', 'fecha_tasa_cambio_1': None, 'fuente_relacionada_1': '{""value"":""Biomasa arbórea arriba del suelo (Baa)""}', 'archivo_soporte_2_2': 'files-renare/cc,1018420586/68b22bc32cb375c800b83c84/documentossolicitud/05documentodescripcionactividadmitigacion16-07-2024-08-20-34.pdf', 'fecha_final_1': None, 'archivo_soporte_2_3': None, 'fecha_inicial_1': None, 'descripcion_actividad_1': 'Materia total viva de las raíces de las plantas en un área determinada. Incluye raíces vivas. La biomasa subterránea se incluye aplicando factores de proporción de raíz a parte aérea; se espera que la biomasa subterránea aumente por la actividad del proyecto.', 'id_actividad': 3783, 'tipo_moneda_1': 173, 'contribucion_externa_1': '$ 0', 'resultado_traslape': 'No se presenta traslape.', 'fecha_resultado_traslape': '16/07/2024 08:18:04', 'tipo_actividad': 712, 'nombre_tipo_actividad': 'Implementación o mejoramiento de sistemas con árboles para producción agropecuaria'}, {'acciones_redd_mas_1': None, 'tasa_cambio_1': '', 'tipo_actividad_1': 712, 'contribucion_propia_1': '$ 0', 'costo_total_1': '$ 0', 'sector_cartera': '[]', 'fecha_tasa_cambio_1': None, 'fuente_relacionada_1': '{""value"":""Biomasa arbórea subterránea (Bas)""}', 'archivo_soporte_2_2': 'files-renare/cc,1018420586/68b22bc32cb375c800b83c84/documentossolicitud/05documentodescripcionactividadmitigacion16-07-2024-08-18-05.pdf', 'fecha_final_1': '30/06/2048', 'archivo_soporte_2_3': None, 'fecha_inicial_1': '01/07/2018', 'descripcion_actividad_1': 'Principal reservorio de carbono del proyecto. Materia total viva de las plantas, localizada por encima del nivel del suelo en un área determinada. Incluye tallos, ramas, corteza, semillas y follaje.', 'id_actividad': 3781, 'tipo_moneda_1': 173, 'contribucion_externa_1': '$ 0', 'resultado_traslape': 'No se presenta traslape.', 'fecha_resultado_traslape': '16/07/2024 08:18:04', 'tipo_actividad': 712, 'nombre_tipo_actividad': 'Implementación o mejoramiento de sistemas con árboles para producción agropecuaria'}]",,,,,,,,,,PDBC - Proyectos de Desarrollo Bajo en Carbono
renare|cultivo2,renare,CultivO2,,,REVISAR,tipo: PDBC - Proyectos de Desarrollo Bajo en Carbono (no concluyente),,,NO_REDD,tipo: PDBC - Proyectos de Desarrollo Bajo en C (categoria distinta de REDD+ en RENARE),NO_REDD,,[],,,,,,,,,,PDBC - Proyectos de Desarrollo Bajo en Carbono
renare|redd+ pazcifico sur,renare,REDD+ PAZcífico sur,,,AFOLU,tipo: Proyecto REDD+,AFOLU,,REDD,tipo: Proyecto REDD+,REDD,,"[{'acciones_redd_mas_1': 'Identificar las actividades que mitigan y evitan el crecimiento de los factores de deforestación y degradación a nivel local por un periodo de 20 años', 'tasa_cambio_1': '', 'tipo_actividad_1': 706, 'contribucion_propia_1': '', 'costo_total_1': '', 'sector_cartera': '[{""sector_cartera_2"": {""value"":411}}]', 'fecha_tasa_cambio_1': None, 'fuente_relacionada_1': '{""value"":""Factor de emisión deforestación ""}', 'archivo_soporte_2_2': 'files-renare/cc,1018420586/68b22bbc2cb375c800b83c7d/documentossolicitud/05documentodescripcionactividadmitigacion11-09-2024-08-32-54.pdf', 'fecha_final_1': '31/12/2036', 'archivo_soporte_2_3': None, 'fecha_inicial_1': '01/01/2017', 'descripcion_actividad_1': 'Actividades que reducen o evitan emisiones de GEI al remover o mantener el contenido de carbono en reservorios de carbono.', 'id_actividad': 4101, 'tipo_moneda_1': None, 'contribucion_externa_1': '', 'depositos_carbono_1': '[{""depositos_carbono_1_1"": {""value"": 131}}, {""depositos_carbono_1_1"": {""value"": 167}}, {""depositos_carbono_1_1"": {""value"": 168}}, {""depositos_carbono_1_1"": {""value"": 169}}, {""depositos_carbono_1_1"": {""value"": 170}}]', 'resultado_traslape': 'No se presenta traslape.', 'fecha_resultado_traslape': '11/09/2024 15:36:12', 'tipo_actividad': 706, 'nombre_tipo_actividad': 'Reducción de las emisiones debidas a la deforestación'}]",,,,,,,,,,Proyecto REDD+
renare|redd+ conservation of ethno sustainable afro-colombian community in the tropical rain forest of colombia,renare,REDD+ conservation of Ethno sustainable Afro-Colombian community in the Tropical Rain Forest of Colombia,,,AFOLU,tipo: Proyecto REDD+,AFOLU,,REDD,tipo: Proyecto REDD+,REDD,,[],,,,,,,,,,Proyecto REDD+
renare|mas bosques para medellin,renare,Más Bosques para Medellín,,,REVISAR,tipo=PDBC - Proyectos de Desarrollo pero actividades sugiere AFOLU,AFOLU,Restauracion forestal urbana/periurbana,NO_REDD,tipo: PDBC - Proyectos de Desarrollo Bajo en C (categoria distinta de REDD+ en RENARE),NO_REDD,,"[{'acciones_redd_mas_1': None, 'tasa_cambio_1': '', 'tipo_actividad_1': 500, 'contribucion_propia_1': '$ 64.416.028.121', 'costo_total_1': '$ 64.416.028.121', 'sector_cartera': '[]', 'fecha_tasa_cambio_1': None, 'fuente_relacionada_1': '', 'archivo_soporte_2_2': 'files-renare/cc,1018420586/68b22bb62cb375c800b83c76/documentossolicitud/05documentodescripcionactividadmitigacion03-03-2022-16-15-02.pdf', 'fecha_final_1': '14/02/2040', 'archivo_soporte_2_3': None, 'fecha_inicial_1': '15/02/2010', 'descripcion_actividad_1': 'El proyecto cuenta con tres actividades en el sector forestal, las cuales incluyen varios modelos: reforestación comercial, sistemas silvopastoriles, y sistemas de regeneración natural asistida, en un área de 239,79 hectáreas. Dichas actividades  se desarrollan en zonas rurales de Medellín', 'id_actividad': 3201, 'tipo_moneda_1': None, 'contribucion_externa_1': '$ 0', 'resultado_traslape': 'No se presenta traslape.', 'fecha_resultado_traslape': '08/06/2022 09:47:59', 'tipo_actividad': 500, 'nombre_tipo_actividad': 'Plantaciones comerciales'}]",,,,,,,,,,PDBC - Proyectos de Desarrollo Bajo en Carbono
renare|alma solar & bayunca,renare,Alma Solar & Bayunca,,,REVISAR,tipo=MDL PoA - Programas de Activid pero actividades sugiere AFOLU,,,NO_REDD,tipo: MDL PoA - Programas de Actividades del M (categoria distinta de REDD+ en RENARE),NO_REDD,,"[{'acciones_redd_mas_1': None, 'tasa_cambio_1': '', 'tipo_actividad_1': 970, 'contribucion_propia_1': '$ 90.000.000', 'costo_total_1': '$ 100.000.000', 'sector_cartera': '[]', 'fecha_tasa_cambio_1': None, 'fuente_relacionada_1': '', 'archivo_soporte_2_2': 'files-renare/cc,1018420586/68b22bb12cb375c800b83c72/documentossolicitud/05documentodescripcionactividadmitigacion25-05-2022-10-28-49.pdf', 'fecha_final_1': '10/11/2042', 'archivo_soporte_2_3': None, 'fecha_inicial_1': '08/11/2021', 'descripcion_actividad_1': 'El propósito del CPA de las plantas fotovoltaicas ""Alma Solar, Bayunca, Plaza de Américas, Obelisco,Minipet, Colvac"" es la generación de energía renovable, y la reducción de emisiones que en ausencia del CPA podría ser causada por plantas eléctricas conectadas al Sistema Interconectado Nacional-SIN.', 'id_actividad': 3361, 'tipo_moneda_1': None, 'contribucion_externa_1': '$ 0', 'resultado_traslape': 'No se presenta traslape.', 'fecha_resultado_traslape': '28/05/2022 09:04:07', 'tipo_actividad': 970, 'nombre_tipo_actividad': 'Generación de electricidad renovable - no convencional'}]",,,,,,,,,,MDL PoA - Programas de Actividades del Mecanismo de Desarrollo Limpio
renare|pequena central hidroelectrica montanitas,renare,Pequeña central hidroeléctrica Montañitas,,,REVISAR,tipo: PDBC - Proyectos de Desarrollo Bajo en Carbono (no concluyente),,,NO_REDD,tipo: PDBC - Proyectos de Desarrollo Bajo en C (categoria distinta de REDD+ en RENARE),NO_REDD,,[],,,,,,,,,,PDBC - Proyectos de Desarrollo Bajo en Carbono
renare|paramuno proyecto 1,renare,PARAMUNO Proyecto 1 ,,,AFOLU,tipo: Proyecto REDD+,AFOLU,,REDD,tipo: Proyecto REDD+,REDD,,"[{'acciones_redd_mas_1': 'Acciones de conservación, eco turismo y gestión del conocimiento', 'tasa_cambio_1': '', 'tipo_actividad_1': 704, 'contribucion_propia_1': '', 'costo_total_1': '', 'sector_cartera': '[{""sector_cartera_2"": {""value"":418}}]', 'fecha_tasa_cambio_1': None, 'fuente_relacionada_1': '{""value"":""Biomasa Total paramo""}', 'archivo_soporte_2_2': 'files-renare/cc,1018420586/68b22baa2cb375c800b83c6b/documentossolicitud/05documentodescripcionactividadmitigacion29-05-2025-14-54-44.pdf', 'fecha_final_1': '31/07/2037', 'archivo_soporte_2_3': None, 'fecha_inicial_1': '01/08/2017', 'descripcion_actividad_1': 'Actividades que evitan el cambio del suelo en ecosistemas de alta Montaña', 'id_actividad': 4941, 'tipo_moneda_1': None, 'contribucion_externa_1': '', 'depositos_carbono_1': '[{""depositos_carbono_1_1"": {""value"": 131}}, {""depositos_carbono_1_1"": {""value"": 167}}, {""depositos_carbono_1_1"": {""value"": 170}}]', 'resultado_traslape': 'No se presenta traslape.', 'fecha_resultado_traslape': '29/05/2025 16:23:43', 'tipo_actividad': 704, 'nombre_tipo_actividad': 'Conservación de las reservas forestales de carbono'}, {'acciones_redd_mas_1': 'Monitorear de manera satelital los cambios por deforestación y degradación\nRealizar ciclo de capacitaciones para fortalecer conocimientos en conservación de ecosistema estratégicos\nRealizar monitoreo de puntos de calor terrestres\nImplementar medidas de prevención y mitigación para reducir la deforestación y degradación de bosques naturales\nImplementar medidas de conservación y protección del recurso hídrico', 'tasa_cambio_1': '', 'tipo_actividad_1': 706, 'contribucion_propia_1': '', 'costo_total_1': '', 'sector_cartera': '[{""sector_cartera_2"": {""value"":418}}]', 'fecha_tasa_cambio_1': None, 'fuente_relacionada_1': '{""value"":""Deforestación de Bosques ""}', 'archivo_soporte_2_2': 'files-renare/cc,1018420586/68b22baa2cb375c800b83c6b/documentossolicitud/05documentodescripcionactividadmitigacion29-05-2025-16-25-06.pdf', 'fecha_final_1': '31/07/2037', 'archivo_soporte_2_3': None, 'fecha_inicial_1': '01/08/2017', 'descripcion_actividad_1': 'Reducción de emisiones de GEI por deforestación evitada ', 'id_actividad': 3516, 'tipo_moneda_1': None, 'contribucion_externa_1': '', 'depositos_carbono_1': '[{""depositos_carbono_1_1"": {""value"": 131}}, {""depositos_carbono_1_1"": {""value"": 167}}, {""depositos_carbono_1_1"": {""value"": 170}}]', 'resultado_traslape': 'No se presenta traslape.', 'fecha_resultado_traslape': '29/05/2025 16:25:04', 'tipo_actividad': 706, 'nombre_tipo_actividad': 'Reducción de las emisiones debidas a la deforestación'}]",,,,,,,,,,Proyecto REDD+
renare|orinoco2 p1,renare,Orinoco2 P1,,,AFOLU,tipo: Proyecto REDD+,AFOLU,,REDD,tipo: Proyecto REDD+,REDD,,"[{'acciones_redd_mas_1': 'Evitar cambio de uso del suelo en sabana natural a partir de prácticas productivas sostenibles', 'tasa_cambio_1': '', 'tipo_actividad_1': 704, 'contribucion_propia_1': '', 'costo_total_1': '', 'sector_cartera': '[{""sector_cartera_2"": {""value"":411}}]', 'fecha_tasa_cambio_1': None, 'fuente_relacionada_1': '{""value"":""Pastizales""}', 'archivo_soporte_2_2': 'files-renare/cc,1018420586/68b22ba52cb375c800b83c67/documentossolicitud/05documentodescripcionactividadmitigacion28-05-2025-09-14-43.pdf', 'fecha_final_1': '30/09/2058', 'archivo_soporte_2_3': None, 'fecha_inicial_1': '01/10/2018', 'descripcion_actividad_1': 'Conservar las reservas de carbono de herbazales y arbustales naturales', 'id_actividad': 4921, 'tipo_moneda_1': None, 'contribucion_externa_1': '', 'depositos_carbono_1': '[{""depositos_carbono_1_1"": {""value"": 131}}, {""depositos_carbono_1_1"": {""value"": 167}}, {""depositos_carbono_1_1"": {""value"": 170}}]', 'resultado_traslape': 'No se presenta traslape.', 'fecha_resultado_traslape': '29/05/2025 15:59:32', 'tipo_actividad': 704, 'nombre_tipo_actividad': 'Conservación de las reservas forestales de carbono'}, {'acciones_redd_mas_1': 'Gestion de beneficios económicos\nAcuerdo de cero degradación deforestacion\nPrevencion de incendios forestales \n', 'tasa_cambio_1': '', 'tipo_actividad_1': 714, 'contribucion_propia_1': '', 'costo_total_1': '', 'sector_cartera': '[{""sector_cartera_2"": {""value"":411}}]', 'fecha_tasa_cambio_1': None, 'fuente_relacionada_1': '{""value"":""Degradación  Forestal""}', 'archivo_soporte_2_2': 'files-renare/cc,1018420586/68b22ba52cb375c800b83c67/documentossolicitud/05documentodescripcionactividadmitigacion29-05-2025-16-26-09.pdf', 'fecha_final_1': '30/09/2058', 'archivo_soporte_2_3': None, 'fecha_inicial_1': '01/10/2018', 'descripcion_actividad_1': ' generar recursos económicos y promover prácticas sostenibles. Esto incluye fomentar energías alternativas, formar en el uso de productos no maderables, promover sistemas productivos sostenibles y acceder a mercados de servicios ecosistémicos.', 'id_actividad': 3463, 'tipo_moneda_1': None, 'contribucion_externa_1': '', 'depositos_carbono_1': '[{""depositos_carbono_1_1"": {""value"": 131}}, {""depositos_carbono_1_1"": {""value"": 167}}, {""depositos_carbono_1_1"": {""value"": 170}}]', 'resultado_traslape': 'No se presenta traslape.', 'fecha_resultado_traslape': '29/05/2025 16:26:02', 'tipo_actividad': 714, 'nombre_tipo_actividad': 'Reducción de las emisiones debidas a la degradación forestal'}, {'acciones_redd_mas_1': 'Gobernanza\nGestion de conocimientos\n', 'tasa_cambio_1': '', 'tipo_actividad_1': 706, 'contribucion_propia_1': '', 'costo_total_1': '', 'sector_cartera': '[{""sector_cartera_2"": {""value"":411}}]', 'fecha_tasa_cambio_1': None, 'fuente_relacionada_1': '{""value"":""Deforestación""}', 'archivo_soporte_2_2': 'files-renare/cc,1018420586/68b22ba52cb375c800b83c67/documentossolicitud/05documentodescripcionactividadmitigacion28-05-2025-08-50-39.pdf', 'fecha_final_1': '30/09/2058', 'archivo_soporte_2_3': None, 'fecha_inicial_1': '01/10/2018', 'descripcion_actividad_1': ' Esto incluye fomentar energías alternativas, formar en el uso de productos no maderables, promover sistemas productivos sostenibles y acceder a mercados de servicios ecosistémicos.', 'id_actividad': 3457, 'tipo_moneda_1': None, 'contribucion_externa_1': '', 'depositos_carbono_1': '[{""depositos_carbono_1_1"": {""value"": 131}}, {""depositos_carbono_1_1"": {""value"": 167}}, {""depositos_carbono_1_1"": {""value"": 170}}]', 'resultado_traslape': 'No se presenta traslape.', 'fecha_resultado_traslape': '29/05/2025 16:36:38', 'tipo_actividad': 706, 'nombre_tipo_actividad': 'Reducción de las emisiones debidas a la deforestación'}]",,,,,,,,,,Proyecto REDD+
renare|liberacion de refrigerantes al final de la vida util de los refrigeradores domesticos-sustitucion,renare,Liberación de refrigerantes al final de la vida útil de los refrigeradores domésticos-Sustitución,,,REVISAR,tipo: NAMA - Acciones Nacionalmente Apropiadas de Mitigación (no concluyente),,,NO_REDD,tipo: NAMA - Acciones Nacionalmente Apropiadas (categoria distinta de REDD+ en RENARE),NO_REDD,,[],,,,,,,,,,NAMA - Acciones Nacionalmente Apropiadas de Mitigación
renare|proyecto cultivo2,renare,Proyecto CultivO2,,,REVISAR,tipo=MDL - Proyectos del Mecanismo  pero actividades sugiere AFOLU,,,NO_REDD,tipo: MDL - Proyectos del Mecanismo de Desarro (categoria distinta de REDD+ en RENARE),NO_REDD,,"[{'acciones_redd_mas_1': None, 'tasa_cambio_1': '', 'tipo_actividad_1': 704, 'contribucion_propia_1': '$ 0', 'costo_total_1': '$ 0', 'sector_cartera': '[]', 'fecha_tasa_cambio_1': None, 'fuente_relacionada_1': '', 'archivo_soporte_2_2': 'files-renare/cc,1018420586/68b22b9a2cb375c800b83c5f/documentossolicitud/05documentodescripcionactividadmitigacion21-12-2021-11-35-59.pdf', 'fecha_final_1': '03/01/2031', 'archivo_soporte_2_3': None, 'fecha_inicial_1': '03/01/2011', 'descripcion_actividad_1': 'Medición de carbono en áreas de cultivo de cacao en 6 municipios del país distribuidos en 4 departamentos', 'id_actividad': 3061, 'tipo_moneda_1': None, 'contribucion_externa_1': '$ 0', 'resultado_traslape': 'No se presenta traslape.', 'fecha_resultado_traslape': '21/12/2021 11:35:58', 'tipo_actividad': 704, 'nombre_tipo_actividad': 'Conservación de las reservas forestales de carbono'}]",,,,,,,,,,MDL - Proyectos del Mecanismo de Desarrollo Limpio
renare|proyecto de optimizacion nodo llanos,renare,Proyecto de optimización Nodo Llanos,,,REVISAR,tipo: MDL - Proyectos del Mecanismo de Desarrollo Limpio (no concluyente),,,NO_REDD,tipo: MDL - Proyectos del Mecanismo de Desarro (categoria distinta de REDD+ en RENARE),NO_REDD,,[],,,,,,,,,,MDL - Proyectos del Mecanismo de Desarrollo Limpio
renare|proyecto de mitigacion de cambio climatico region caribe+,renare,Proyecto de Mitigación de Cambio Climático Región Caribe+,,,REVISAR,tipo: PDBC - Proyectos de Desarrollo Bajo en Carbono (no concluyente),,,NO_REDD,tipo: PDBC - Proyectos de Desarrollo Bajo en C (categoria distinta de REDD+ en RENARE),NO_REDD,,[],,,,,,,,,,PDBC - Proyectos de Desarrollo Bajo en Carbono
renare|proyecto de reduccion de emisiones de la comercializadora global grupo garcia,renare,Proyecto de reducción de emisiones de la Comercializadora Global Grupo García,,,REVISAR,tipo: PDBC - Proyectos de Desarrollo Bajo en Carbono (no concluyente),,,NO_REDD,tipo: PDBC - Proyectos de Desarrollo Bajo en C (categoria distinta de REDD+ en RENARE),NO_REDD,,[],,,,,,,,,,PDBC - Proyectos de Desarrollo Bajo en Carbono
"renare|proyecto forestal para la cuenca del rio chinchina, una alternativa ambiental para la ciudad y la region¿",renare,"Proyecto Forestal Para La Cuenca del Rio Chinchiná, una alternativa ambiental para la ciudad y La Región¿",,,REVISAR,tipo=PDBC - Proyectos de Desarrollo pero actividades sugiere AFOLU,AFOLU,Proyecto forestal de cuenca,NO_REDD,tipo: PDBC - Proyectos de Desarrollo Bajo en C (categoria distinta de REDD+ en RENARE),NO_REDD,,"[{'acciones_redd_mas_1': None, 'tasa_cambio_1': '', 'tipo_actividad_1': 500, 'contribucion_propia_1': '$ 0', 'costo_total_1': '$ 0', 'sector_cartera': '[]', 'fecha_tasa_cambio_1': None, 'fuente_relacionada_1': '', 'archivo_soporte_2_2': 'files-renare/cc,1018420586/68b22b922cb375c800b83c52/documentossolicitud/05documentodescripcionactividadmitigacion03-03-2022-11-03-26.pdf', 'fecha_final_1': '03/06/2041', 'archivo_soporte_2_3': None, 'fecha_inicial_1': '04/06/2002', 'descripcion_actividad_1': 'El proyecto promueve el uso y la gestión sostenible del bosque plantado mediante un esquema de participación comunitaria que mejora las condiciones de vida, promueve la conservación del medio ambiente y el desarrollo sostenible de las comunidades locales a través de la generación de empleo.', 'id_actividad': 3181, 'tipo_moneda_1': None, 'contribucion_externa_1': '$ 0', 'resultado_traslape': 'No se presenta traslape.', 'fecha_resultado_traslape': '03/03/2022 11:03:25', 'tipo_actividad': 500, 'nombre_tipo_actividad': 'Plantaciones comerciales'}]",,,,,,,,,,PDBC - Proyectos de Desarrollo Bajo en Carbono
renare|proyecto carbono santa ines,renare,proyecto Carbono Santa Inés,,,REVISAR,tipo: PDBC - Proyectos de Desarrollo Bajo en Carbono (no concluyente),,,NO_REDD,tipo: PDBC - Proyectos de Desarrollo Bajo en C (categoria distinta de REDD+ en RENARE),NO_REDD,,[],,,,,,,,,,PDBC - Proyectos de Desarrollo Bajo en Carbono
renare|celsia solar agrupado verra,renare,Celsia Solar Agrupado VERRA,,,REVISAR,tipo: PDBC - Proyectos de Desarrollo Bajo en Carbono (no concluyente),,,NO_REDD,tipo: PDBC - Proyectos de Desarrollo Bajo en C (categoria distinta de REDD+ en RENARE),NO_REDD,,[],,,,,,,,,,PDBC - Proyectos de Desarrollo Bajo en Carbono
renare|putumayo redd+,renare,Putumayo REDD+,,,AFOLU,tipo: Proyecto REDD+,AFOLU,,REDD,tipo: Proyecto REDD+,REDD,,[],,,,,,,,,,Proyecto REDD+
renare|commercial reforestation on lands dedicated to extensive cattle grazing activities in the region of magdalena bajo seco,renare,Commercial reforestation on lands dedicated to extensive cattle grazing activities in the region of Magdalena Bajo Seco,,,REVISAR,tipo: MDL - Proyectos del Mecanismo de Desarrollo Limpio (no concluyente),,,NO_REDD,tipo: MDL - Proyectos del Mecanismo de Desarro (categoria distinta de REDD+ en RENARE),NO_REDD,,[],,,,,,,,,,MDL - Proyectos del Mecanismo de Desarrollo Limpio
renare|proyecto chonta corozo redd+,renare,Proyecto CHONTA COROZO REDD+,,,AFOLU,tipo: Proyecto REDD+,AFOLU,,REDD,tipo: Proyecto REDD+,REDD,,"[{'acciones_redd_mas_1': 'Fortalecimiento de la gobernanza, reforestación participativa, monitoreo y control de la deforestación, fortalecimiento en educación, atención en salud, fortalecimiento productivo: agrícola, pecuario, productos forestales y forestales no maderables y fortalecimiento en infraestructura dotacional.', 'tasa_cambio_1': '', 'tipo_actividad_1': 706, 'contribucion_propia_1': '', 'costo_total_1': '', 'sector_cartera': '[{""sector_cartera_2"": {""value"":411}}]', 'fecha_tasa_cambio_1': None, 'fuente_relacionada_1': '{""value"":""Deforestación""}', 'archivo_soporte_2_2': 'files-renare/cc,1018420586/68b22b8a2cb375c800b83c42/documentossolicitud/05documentodescripcionactividadmitigacion19-03-2025-15-15-54.pdf', 'fecha_final_1': '31/12/2056', 'archivo_soporte_2_3': None, 'fecha_inicial_1': '01/01/2017', 'descripcion_actividad_1': 'Desarrollar un proceso participativo para establecer un sistema de manejo sostenible del bosque natural, garantizando la sostenibilidad ambiental, la reducción de emisiones de GEI y solventando las necesidades de las comunidades.', 'id_actividad': 4662, 'tipo_moneda_1': None, 'contribucion_externa_1': '', 'depositos_carbono_1': '[{""depositos_carbono_1_1"": {""value"": 131}}, {""depositos_carbono_1_1"": {""value"": 167}}, {""depositos_carbono_1_1"": {""value"": 170}}]', 'resultado_traslape': 'No se presenta traslape.', 'fecha_resultado_traslape': '19/03/2025 15:15:35', 'tipo_actividad': 706, 'nombre_tipo_actividad': 'Reducción de las emisiones debidas a la deforestación'}]",,,,,,,,,,Proyecto REDD+
renare|sistema de generacion fotovoltaico pintuco,renare,Sistema de generación fotovoltaíco Pintuco,,,REVISAR,tipo: PDBC - Proyectos de Desarrollo Bajo en Carbono (no concluyente),,,NO_REDD,tipo: PDBC - Proyectos de Desarrollo Bajo en C (categoria distinta de REDD+ en RENARE),NO_REDD,,[],,,,,,,,,,PDBC - Proyectos de Desarrollo Bajo en Carbono
renare|protection of mangroves and community developmental activities in the biodiversity hotspot of colombia,renare,Protection of Mangroves and community developmental activities in the biodiversity hotspot of Colombia,,,AFOLU,tipo: Proyecto REDD+,AFOLU,,REDD,tipo: Proyecto REDD+,REDD,,[],,,,,,,,,,Proyecto REDD+
renare|pedeguita y mancilla redd+,renare,Pedeguita y Mancilla REDD+,,,AFOLU,tipo: Proyecto REDD+,AFOLU,,REDD,tipo: Proyecto REDD+,REDD,,"[{'acciones_redd_mas_1': 'Acciones enmarcadas en cuatro componentes:\n- Actividades productivas\n- Inversiones sociales\n- Gobernanza\n- Monitoreo territorial', 'tasa_cambio_1': '', 'tipo_actividad_1': 706, 'contribucion_propia_1': '', 'costo_total_1': '', 'sector_cartera': '[{""sector_cartera_2"": {""value"":418}}]', 'fecha_tasa_cambio_1': None, 'fuente_relacionada_1': '{""value"":""Deforestación""}', 'archivo_soporte_2_2': 'files-renare/cc,1018420586/68b22b7e2cb375c800b83c34/documentossolicitud/05documentodescripcionactividadmitigacion25-11-2024-19-03-08.pdf', 'fecha_final_1': '06/01/2060', 'archivo_soporte_2_3': None, 'fecha_inicial_1': '06/01/2020', 'descripcion_actividad_1': 'Reducción de las emisiones por deforestación en el área de proyecto.', 'id_actividad': 4261, 'tipo_moneda_1': None, 'contribucion_externa_1': '', 'depositos_carbono_1': '[{""depositos_carbono_1_1"": {""value"": 131}}, {""depositos_carbono_1_1"": {""value"": 167}}, {""depositos_carbono_1_1"": {""value"": 170}}]', 'resultado_traslape': 'No se presenta traslape.', 'fecha_resultado_traslape': '25/11/2024 19:03:07', 'tipo_actividad': 706, 'nombre_tipo_actividad': 'Reducción de las emisiones debidas a la deforestación'}]",,,,,,,,,,Proyecto REDD+
renare|implementacion de buses electricos para el transporte de empleados de cerro matoso s.a.,renare,Implementación de buses eléctricos para el transporte de empleados de Cerro Matoso S.A.,,,REVISAR,tipo: PDBC - Proyectos de Desarrollo Bajo en Carbono (no concluyente),,,NO_REDD,tipo: PDBC - Proyectos de Desarrollo Bajo en C (categoria distinta de REDD+ en RENARE),NO_REDD,,[],,,,,,,,,,PDBC - Proyectos de Desarrollo Bajo en Carbono
renare|proyecto redd++ pani,renare,Proyecto REDD++ PANI,,,AFOLU,tipo: Proyecto REDD+,AFOLU,,REDD,tipo: Proyecto REDD+,REDD,,"[{'fuente_relacionada_1': '{""value"":""Bosque Region Amazonia""}', 'tipo_actividad_1': 46, 'descripcion_actividad_1': 'Constituye una iniciativa única por integrar la conservación ambiental de 798.352 ha de bosque con la protección cultural y el fortalecimiento de la gobernanza indígena', 'fecha_inicial_1': '01/01/2022', 'fecha_final_1': '31/12/2061', 'acciones_redd_mas_1': '1. Consolidación del gobierno propio\n2. Fortalecimiento del conocimiento tradicional\n3.Acciones para el desarrollo sostenible del territorio del PANI\n4.Monitoreo y Control', 'depositos_carbono_1': '[{""depositos_carbono_1_1"":{""label"":""Biomasa aérea"",""value"":131,""repeat"":false}},{""depositos_carbono_1_1"":{""label"":""Biomasa subterránea"",""value"":167,""repeat"":false}}]', 'check_co_beneficios_economicos_1': True, 'descripcion_co_beneficios_economicos_1': 'Beneficios economicos derivados del monitoreo y control de las areas de bosque y el desarrollo de proyectos productivos sostenibles.', 'check_co_beneficios_sociales_1': True, 'descripcion_co_beneficios_sociales_1': 'Consolidación del gobierno propio y la revitalización del conocimiento ancestral como pilares de la gestión territorial sostenible', 'check_co_beneficios_ambientales_1': True, 'descripcion_co_beneficios_ambientales_1': 'Protección y manejo sostenible de los bosques del área del proyecto para la reduccion de la deforestación', 'check_otros_co_beneficios_1': '', 'descripcion_otros_co_beneficios_1': '', 'archivo_soporte_2_2': 'files-renare/cc,52387861/68b22b7c2cb375c800b83c2e/documentossolicitud/05documentodescripcionactividadmitigacion17-09-2025-10-41-52.pdf', 'archivo_soporte_2_3': '', 'geovisor_calculo_traslape_1': '[{""..."":""<div title=\\""La iniciativa de mitigación de GEI que pretende inscribir en la fase de Factibilidad presenta un Traslape Informativo. \\"" style=\\""display: flex; justify-content: center; align-items: center; height: 100%;\\""> \\n              <span class=\\""esri-icon-notice-triangle\\"" \\n                    style=\\""font-size: 24px; color: orange;\\"" \\n                    title=\\""La iniciativa de mitigación de GEI que pretende inscribir en la fase de Factibilidad presenta un Traslape Informativo. \\"">\\n              </span>\\n            </div>"",""Tipo"":""Traslape Informativo"",""Nombre"":""Cahuinarí"",""Capa"":""RUNAP"",""Área (M2)"":""5587722350.355 m2"",""Área traslapada (%)"":""0.01%""},{""..."":""<div title=\\""La iniciativa de mitigación de GEI que pretende inscribir en la fase de Factibilidad presenta un Traslape Informativo. \\"" style=\\""display: flex; justify-content: center; align-items: center; height: 100%;\\""> \\n              <span class=\\""esri-icon-notice-triangle\\"" \\n                    style=\\""font-size: 24px; color: orange;\\"" \\n                    title=\\""La iniciativa de mitigación de GEI que pretende inscribir en la fase de Factibilidad presenta un Traslape Informativo. \\"">\\n              </span>\\n            </div>"",""Tipo"":""Traslape Informativo"",""Nombre"":""Río Puré"",""Capa"":""RUNAP"",""Área (M2)"":""9697057047.74 m2"",""Área traslapada (%)"":""0%""}]', 'resultado_traslape': 'Se presenta un traslape informativo con Registro Único de Áreas protegidas - RUNAP.', 'fecha_resultado_traslape': '17/09/2025 10:42:48', 'sector_cartera': '', 'tipo_moneda_1': '', 'tasa_cambio_1': '', 'fecha_tasa_cambio_1': '', 'contribucion_propia_1': '', 'contribucion_propia_tasa_cambio_1': '', 'contribucion_externa_1': '', 'contribucion_externa_tasa_cambio_1': '', 'costo_total_1': '', 'costo_total_tasa_cambio_1': '', 't_sector_cartera_asociado_2': '', 't_costos_asociados': '', 'tipo_actividad': 46, 'nombre_tipo_actividad': 'Reducción de las emisiones debidas a la deforestación'}]",,,,,,,,,,Proyecto REDD+
renare|isagen,renare,ISAGEN,,,REVISAR,tipo=MDL PoA - Programas de Activid pero actividades sugiere AFOLU,,,NO_REDD,tipo: MDL PoA - Programas de Actividades del M (categoria distinta de REDD+ en RENARE),NO_REDD,,"[{'acciones_redd_mas_1': None, 'tasa_cambio_1': '', 'tipo_actividad_1': 970, 'contribucion_propia_1': '$ 100.000.000', 'costo_total_1': '$ 100.000.000', 'sector_cartera': '[]', 'fecha_tasa_cambio_1': None, 'fuente_relacionada_1': '', 'archivo_soporte_2_2': 'files-renare/cc,1018420586/68b22b762cb375c800b83c27/documentossolicitud/05documentodescripcionactividadmitigacion30-12-2021-20-07-29.pdf', 'fecha_final_1': '30/01/2043', 'archivo_soporte_2_3': None, 'fecha_inicial_1': '15/01/2022', 'descripcion_actividad_1': 'El propósito del CPA correspondiente a las plantas solares fotovoltaicas ""Llanos 4 y Llanos 5"" es la generación de energía renovable, y la reducción de emisiones que en ausencia del CPA podría ser causada por plantas eléctricas conectadas al Sistema Interconectado Nacional-SIN.', 'id_actividad': 3101, 'tipo_moneda_1': None, 'contribucion_externa_1': '$ 0', 'resultado_traslape': 'No se presenta traslape.', 'fecha_resultado_traslape': '30/12/2021 20:35:43', 'tipo_actividad': 970, 'nombre_tipo_actividad': 'Generación de electricidad renovable - no convencional'}]",,,,,,,,,,MDL PoA - Programas de Actividades del Mecanismo de Desarrollo Limpio
renare|planta de energia solar - awarala,renare,Planta De Energía Solar - Awarala,,,REVISAR,tipo: PDBC - Proyectos de Desarrollo Bajo en Carbono (no concluyente),,,NO_REDD,tipo: PDBC - Proyectos de Desarrollo Bajo en C (categoria distinta de REDD+ en RENARE),NO_REDD,,[],,,,,,,,,,PDBC - Proyectos de Desarrollo Bajo en Carbono
renare|proyecto de conservacion palameku kuwei redd+,renare,Proyecto de Conservación PALAMEKU KUWEI REDD+,,,AFOLU,tipo: Proyecto REDD+,AFOLU,,REDD,tipo: Proyecto REDD+,REDD,,"[{'acciones_redd_mas_1': 'Fortalecimiento de la gobernanza territorial, reforestación participativa, procesos productivos sostenibles con productos como cacao, yuca brava, ají, caña dulce, piña, alinderamiento territorial y programa de monitoreo y control de la deforestación', 'tasa_cambio_1': '', 'tipo_actividad_1': 46, 'contribucion_propia_1': '$ 0', 'costo_total_1': '$ 0', 'sector_cartera': '[]', 'fecha_tasa_cambio_1': None, 'fuente_relacionada_1': '', 'archivo_soporte_2_2': 'files-renare/cc,1018420586/68b22b702cb375c800b83c20/documentossolicitud/05documentodescripcionactividadmitigacion10-12-2021-10-59-06.pdf', 'fecha_final_1': '31/12/2039', 'archivo_soporte_2_3': None, 'fecha_inicial_1': '01/01/2010', 'descripcion_actividad_1': 'Prevenir la deforestación directa o inducida de la cobertura de bosque a otro tipo de cobertura de la tierra para el periodo de duración del proyecto dentro de las áreas elegibles del mismo, por medio de acciones que transformen el comportamiento de actores y motores de deforestación', 'id_actividad': 3041, 'tipo_moneda_1': None, 'contribucion_externa_1': '$ 0', 'depositos_carbono_1': '[{""depositos_carbono_1_1"": {""value"": 167}}, {""depositos_carbono_1_1"": {""value"": 131}}]', 'resultado_traslape': 'No se presenta traslape.', 'fecha_resultado_traslape': '10/12/2021 11:10:12', 'tipo_actividad': 46, 'nombre_tipo_actividad': 'Reducción de las emisiones debidas a la deforestación'}, {'acciones_redd_mas_1': 'Fortalecimiento de la gobernanza territorial, reforestación participativa, aprovechamiento sostenible de caucho nativo, moriche, seje y silvopastoril, mejoramiento de vivienda y programa de monitoreo y control de la degradación forestal', 'tasa_cambio_1': '', 'tipo_actividad_1': 47, 'contribucion_propia_1': '$ 0', 'costo_total_1': '$ 0', 'sector_cartera': '[]', 'fecha_tasa_cambio_1': None, 'fuente_relacionada_1': '', 'archivo_soporte_2_2': 'files-renare/cc,1018420586/68b22b702cb375c800b83c20/documentossolicitud/05documentodescripcionactividadmitigacion10-12-2021-11-00-37.pdf', 'fecha_final_1': '31/12/2039', 'archivo_soporte_2_3': None, 'fecha_inicial_1': '01/01/2010', 'descripcion_actividad_1': 'Prevenir la reducción persistente de las reservas de carbono almacenados en bosques que pueden estar asociados con un decrecimiento sostenido y medible del dosel del bosque y del número de árboles por hectárea', 'id_actividad': 3042, 'tipo_moneda_1': None, 'contribucion_externa_1': '$ 0', 'depositos_carbono_1': '[{""depositos_carbono_1_1"": {""value"": 167}}, {""depositos_carbono_1_1"": {""value"": 131}}]', 'resultado_traslape': 'No se presenta traslape.', 'fecha_resultado_traslape': '10/12/2021 11:00:37', 'tipo_actividad': 47, 'nombre_tipo_actividad': 'Reducción de las emisiones debidas a la degradación forestal'}]",,,,,,,,,,Proyecto REDD+
renare|fazni-ggc-109-615-17,renare,FAZNI-GGC-109-615-17,,,REVISAR,tipo=PDBC - Proyectos de Desarrollo pero actividades sugiere AFOLU,,,NO_REDD,tipo: PDBC - Proyectos de Desarrollo Bajo en C (categoria distinta de REDD+ en RENARE),NO_REDD,,"[{'acciones_redd_mas_1': None, 'tasa_cambio_1': '', 'tipo_actividad_1': 308, 'contribucion_propia_1': '$ 0', 'costo_total_1': '$ 0', 'sector_cartera': '[]', 'fecha_tasa_cambio_1': None, 'fuente_relacionada_1': '', 'archivo_soporte_2_2': 'files-renare/cc,1018420586/68b22b6a2cb375c800b83c1c/documentossolicitud/05documentodescripcionactividadmitigacion29-06-2022-07-23-30.pdf', 'fecha_final_1': '30/07/2028', 'archivo_soporte_2_3': None, 'fecha_inicial_1': '31/07/2018', 'descripcion_actividad_1': 'Diseño, construcción y operación de sistemas de energía solar fotovoltaica para comunidades en Zonas No Interconectadas de Colombia', 'id_actividad': 3381, 'tipo_moneda_1': None, 'contribucion_externa_1': '$ 0', 'resultado_traslape': 'No se presenta traslape.', 'fecha_resultado_traslape': '29/06/2022 07:24:45', 'tipo_actividad': 308, 'nombre_tipo_actividad': 'Generación de electricidad renovable - no convencional'}]",,,,,,,,,,PDBC - Proyectos de Desarrollo Bajo en Carbono
renare|planta para la generacion de energia electrica proceso por grupo electrogeno con motor de encendido por chispa y generador ¿ planta de energia modular- termomechero,renare,PLANTA PARA LA GENERACION DE ENERGIA ELECTRICA PROCESO POR GRUPO ELECTROGENO CON MOTOR DE ENCENDIDO POR CHISPA Y GENERADOR ¿ PLANTA DE ENERGIA MODULAR- TermoMechero,,,REVISAR,tipo: PDBC - Proyectos de Desarrollo Bajo en Carbono (no concluyente),,,NO_REDD,tipo: PDBC - Proyectos de Desarrollo Bajo en C (categoria distinta de REDD+ en RENARE),NO_REDD,,[],,,,,,,,,,PDBC - Proyectos de Desarrollo Bajo en Carbono
renare|proyecto de certificacion copey,renare,Proyecto de Certificación COPEY,,,REVISAR,tipo: MDL - Proyectos del Mecanismo de Desarrollo Limpio (no concluyente),,,NO_REDD,tipo: MDL - Proyectos del Mecanismo de Desarro (categoria distinta de REDD+ en RENARE),NO_REDD,,[],,,,,,,,,,MDL - Proyectos del Mecanismo de Desarrollo Limpio
renare|fazni-ggc-107-613-17,renare,FAZNI-GGC-107-613-17,,,REVISAR,tipo=PDBC - Proyectos de Desarrollo pero actividades sugiere AFOLU,,,NO_REDD,tipo: PDBC - Proyectos de Desarrollo Bajo en C (categoria distinta de REDD+ en RENARE),NO_REDD,,"[{'acciones_redd_mas_1': None, 'tasa_cambio_1': '', 'tipo_actividad_1': 308, 'contribucion_propia_1': '$ 0', 'costo_total_1': '$ 0', 'sector_cartera': '[]', 'fecha_tasa_cambio_1': None, 'fuente_relacionada_1': '', 'archivo_soporte_2_2': 'files-renare/cc,1018420586/68b22b642cb375c800b83c12/documentossolicitud/05documentodescripcionactividadmitigacion17-03-2022-09-19-28.pdf', 'fecha_final_1': '30/07/2038', 'archivo_soporte_2_3': None, 'fecha_inicial_1': '31/07/2018', 'descripcion_actividad_1': 'Diseño, construcción y operación de sistemas de energía solar fotovoltaica para comunidades en Zonas No Interconectadas de Colombia', 'id_actividad': 3305, 'tipo_moneda_1': None, 'contribucion_externa_1': '$ 0', 'resultado_traslape': 'No se presenta traslape.', 'fecha_resultado_traslape': '30/06/2022 07:50:22', 'tipo_actividad': 308, 'nombre_tipo_actividad': 'Generación de electricidad renovable - no convencional'}]",,,,,,,,,,PDBC - Proyectos de Desarrollo Bajo en Carbono
renare|fazni-ggc-403-16,renare,FAZNI-GGC-403-16,,,REVISAR,tipo=PDBC - Proyectos de Desarrollo pero actividades sugiere AFOLU,,,NO_REDD,tipo: PDBC - Proyectos de Desarrollo Bajo en C (categoria distinta de REDD+ en RENARE),NO_REDD,,"[{'acciones_redd_mas_1': None, 'tasa_cambio_1': '', 'tipo_actividad_1': 308, 'contribucion_propia_1': '$ 0', 'costo_total_1': '$ 0', 'sector_cartera': '[]', 'fecha_tasa_cambio_1': None, 'fuente_relacionada_1': '', 'archivo_soporte_2_2': 'files-renare/cc,1018420586/68b22b5f2cb375c800b83c0e/documentossolicitud/05documentodescripcionactividadmitigacion17-03-2022-09-45-07.pdf', 'fecha_final_1': '30/07/2037', 'archivo_soporte_2_3': None, 'fecha_inicial_1': '31/07/2017', 'descripcion_actividad_1': 'Diseño, construcción y operación de sistemas de energía solar fotovoltaica para comunidades en Zonas No Interconectadas de Colombia', 'id_actividad': 3307, 'tipo_moneda_1': None, 'contribucion_externa_1': '$ 0', 'resultado_traslape': 'No se presenta traslape.', 'fecha_resultado_traslape': '30/06/2022 08:17:44', 'tipo_actividad': 308, 'nombre_tipo_actividad': 'Generación de electricidad renovable - no convencional'}]",,,,,,,,,,PDBC - Proyectos de Desarrollo Bajo en Carbono
renare|fazni-ggc-076-523-17,renare,FAZNI-GGC-076-523-17,,,REVISAR,tipo=PDBC - Proyectos de Desarrollo pero actividades sugiere AFOLU,,,NO_REDD,tipo: PDBC - Proyectos de Desarrollo Bajo en C (categoria distinta de REDD+ en RENARE),NO_REDD,,"[{'acciones_redd_mas_1': None, 'tasa_cambio_1': '', 'tipo_actividad_1': 308, 'contribucion_propia_1': '$ 0', 'costo_total_1': '$ 0', 'sector_cartera': '[]', 'fecha_tasa_cambio_1': None, 'fuente_relacionada_1': '', 'archivo_soporte_2_2': 'files-renare/cc,1018420586/68b22b592cb375c800b83c0a/documentossolicitud/05documentodescripcionactividadmitigacion17-03-2022-15-42-24.pdf', 'fecha_final_1': '30/07/2038', 'archivo_soporte_2_3': None, 'fecha_inicial_1': '31/07/2018', 'descripcion_actividad_1': 'Diseño, construcción y operación de sistemas de energía solar fotovoltaica para comunidades en Zonas No Interconectadas de Colombia', 'id_actividad': 3321, 'tipo_moneda_1': None, 'contribucion_externa_1': '$ 0', 'resultado_traslape': 'No se presenta traslape.', 'fecha_resultado_traslape': '30/06/2022 09:10:58', 'tipo_actividad': 308, 'nombre_tipo_actividad': 'Generación de electricidad renovable - no convencional'}]",,,,,,,,,,PDBC - Proyectos de Desarrollo Bajo en Carbono
renare|fazni-ggc-114-622-17,renare,FAZNI-GGC-114-622-17,,,REVISAR,tipo=PDBC - Proyectos de Desarrollo pero actividades sugiere AFOLU,,,NO_REDD,tipo: PDBC - Proyectos de Desarrollo Bajo en C (categoria distinta de REDD+ en RENARE),NO_REDD,,"[{'acciones_redd_mas_1': None, 'tasa_cambio_1': '', 'tipo_actividad_1': 308, 'contribucion_propia_1': '$ 0', 'costo_total_1': '$ 0', 'sector_cartera': '[]', 'fecha_tasa_cambio_1': None, 'fuente_relacionada_1': '', 'archivo_soporte_2_2': 'files-renare/cc,1018420586/68b22b542cb375c800b83c06/documentossolicitud/05documentodescripcionactividadmitigacion17-03-2022-21-31-50.pdf', 'fecha_final_1': '30/07/2038', 'archivo_soporte_2_3': None, 'fecha_inicial_1': '31/07/2018', 'descripcion_actividad_1': 'Diseño, construcción y operación de sistemas de energía solar fotovoltaica para comunidades en Zonas No Interconectadas de Colombia', 'id_actividad': 3342, 'tipo_moneda_1': None, 'contribucion_externa_1': '$ 0', 'resultado_traslape': 'No se presenta traslape.', 'fecha_resultado_traslape': '30/06/2022 09:44:17', 'tipo_actividad': 308, 'nombre_tipo_actividad': 'Generación de electricidad renovable - no convencional'}]",,,,,,,,,,PDBC - Proyectos de Desarrollo Bajo en Carbono
renare|fazni-ggc-093-570-17,renare,FAZNI-GGC-093-570-17,,,REVISAR,tipo=PDBC - Proyectos de Desarrollo pero actividades sugiere AFOLU,,,NO_REDD,tipo: PDBC - Proyectos de Desarrollo Bajo en C (categoria distinta de REDD+ en RENARE),NO_REDD,,"[{'acciones_redd_mas_1': None, 'tasa_cambio_1': '', 'tipo_actividad_1': 308, 'contribucion_propia_1': '$ 0', 'costo_total_1': '$ 0', 'sector_cartera': '[]', 'fecha_tasa_cambio_1': None, 'fuente_relacionada_1': '', 'archivo_soporte_2_2': 'files-renare/cc,1018420586/68b22b4f2cb375c800b83c02/documentossolicitud/05documentodescripcionactividadmitigacion17-03-2022-21-44-59.pdf', 'fecha_final_1': '30/07/2038', 'archivo_soporte_2_3': None, 'fecha_inicial_1': '31/07/2018', 'descripcion_actividad_1': 'Diseño, construcción y operación de sistemas de energía solar fotovoltaica para comunidades en Zonas No Interconectadas de Colombia', 'id_actividad': 3343, 'tipo_moneda_1': None, 'contribucion_externa_1': '$ 0', 'resultado_traslape': 'No se presenta traslape.', 'fecha_resultado_traslape': '30/06/2022 10:27:42', 'tipo_actividad': 308, 'nombre_tipo_actividad': 'Generación de electricidad renovable - no convencional'}]",,,,,,,,,,PDBC - Proyectos de Desarrollo Bajo en Carbono
renare|fazni-ggc-105-611-17,renare,FAZNI-GGC-105-611-17,,,REVISAR,tipo=PDBC - Proyectos de Desarrollo pero actividades sugiere AFOLU,,,NO_REDD,tipo: PDBC - Proyectos de Desarrollo Bajo en C (categoria distinta de REDD+ en RENARE),NO_REDD,,"[{'acciones_redd_mas_1': None, 'tasa_cambio_1': '', 'tipo_actividad_1': 308, 'contribucion_propia_1': '$ 0', 'costo_total_1': '$ 0', 'sector_cartera': '[]', 'fecha_tasa_cambio_1': None, 'fuente_relacionada_1': '', 'archivo_soporte_2_2': 'files-renare/cc,1018420586/68b22b4a2cb375c800b83bfe/documentossolicitud/05documentodescripcionactividadmitigacion17-03-2022-21-57-13.pdf', 'fecha_final_1': '30/07/2038', 'archivo_soporte_2_3': None, 'fecha_inicial_1': '31/07/2018', 'descripcion_actividad_1': 'Diseño, construcción y operación de sistemas de energía solar fotovoltaica para comunidades en Zonas No Interconectadas de Colombia', 'id_actividad': 3344, 'tipo_moneda_1': None, 'contribucion_externa_1': '$ 0', 'resultado_traslape': 'No se presenta traslape.', 'fecha_resultado_traslape': '30/06/2022 11:00:03', 'tipo_actividad': 308, 'nombre_tipo_actividad': 'Generación de electricidad renovable - no convencional'}]",,,,,,,,,,PDBC - Proyectos de Desarrollo Bajo en Carbono
renare|fazni-ggc-074-521-17,renare,FAZNI-GGC-074-521-17,,,REVISAR,tipo=PDBC - Proyectos de Desarrollo pero actividades sugiere AFOLU,,,NO_REDD,tipo: PDBC - Proyectos de Desarrollo Bajo en C (categoria distinta de REDD+ en RENARE),NO_REDD,,"[{'acciones_redd_mas_1': None, 'tasa_cambio_1': '', 'tipo_actividad_1': 308, 'contribucion_propia_1': '$ 0', 'costo_total_1': '$ 0', 'sector_cartera': '[]', 'fecha_tasa_cambio_1': None, 'fuente_relacionada_1': '', 'archivo_soporte_2_2': 'files-renare/cc,1018420586/68b22b452cb375c800b83bfa/documentossolicitud/05documentodescripcionactividadmitigacion17-03-2022-22-30-52.pdf', 'fecha_final_1': '30/07/2038', 'archivo_soporte_2_3': None, 'fecha_inicial_1': '31/07/2018', 'descripcion_actividad_1': 'Diseño, construcción y operación de sistemas de energía solar fotovoltaica para comunidades en Zonas No Interconectadas de Colombia', 'id_actividad': 3346, 'tipo_moneda_1': None, 'contribucion_externa_1': '$ 0', 'resultado_traslape': 'No se presenta traslape.', 'fecha_resultado_traslape': '06/07/2022 08:27:14', 'tipo_actividad': 308, 'nombre_tipo_actividad': 'Generación de electricidad renovable - no convencional'}]",,,,,,,,,,PDBC - Proyectos de Desarrollo Bajo en Carbono
renare|fazni-ggc-094-572-17,renare,FAZNI-GGC-094-572-17,,,REVISAR,tipo=PDBC - Proyectos de Desarrollo pero actividades sugiere AFOLU,,,NO_REDD,tipo: PDBC - Proyectos de Desarrollo Bajo en C (categoria distinta de REDD+ en RENARE),NO_REDD,,"[{'acciones_redd_mas_1': None, 'tasa_cambio_1': '', 'tipo_actividad_1': 308, 'contribucion_propia_1': '$ 0', 'costo_total_1': '$ 0', 'sector_cartera': '[]', 'fecha_tasa_cambio_1': None, 'fuente_relacionada_1': '', 'archivo_soporte_2_2': 'files-renare/cc,1018420586/68b22b402cb375c800b83bf6/documentossolicitud/05documentodescripcionactividadmitigacion17-03-2022-16-10-25.pdf', 'fecha_final_1': '30/07/2038', 'archivo_soporte_2_3': None, 'fecha_inicial_1': '31/07/2018', 'descripcion_actividad_1': 'Diseño, construcción y operación de sistemas de energía solar fotovoltaica para comunidades en Zonas No Interconectadas de Colombia', 'id_actividad': 3324, 'tipo_moneda_1': None, 'contribucion_externa_1': '$ 0', 'resultado_traslape': 'No se presenta traslape.', 'fecha_resultado_traslape': '06/07/2022 09:49:53', 'tipo_actividad': 308, 'nombre_tipo_actividad': 'Generación de electricidad renovable - no convencional'}]",,,,,,,,,,PDBC - Proyectos de Desarrollo Bajo en Carbono
renare|fazni-ggc-075-520-17,renare,FAZNI-GGC-075-520-17,,,REVISAR,tipo=PDBC - Proyectos de Desarrollo pero actividades sugiere AFOLU,,,NO_REDD,tipo: PDBC - Proyectos de Desarrollo Bajo en C (categoria distinta de REDD+ en RENARE),NO_REDD,,"[{'acciones_redd_mas_1': None, 'tasa_cambio_1': '', 'tipo_actividad_1': 308, 'contribucion_propia_1': '$ 0', 'costo_total_1': '$ 0', 'sector_cartera': '[]', 'fecha_tasa_cambio_1': None, 'fuente_relacionada_1': '', 'archivo_soporte_2_2': 'files-renare/cc,1018420586/68b22b3b2cb375c800b83bf2/documentossolicitud/05documentodescripcionactividadmitigacion17-03-2022-16-19-46.pdf', 'fecha_final_1': '30/07/2038', 'archivo_soporte_2_3': None, 'fecha_inicial_1': '31/07/2018', 'descripcion_actividad_1': 'Diseño, construcción y operación de sistemas de energía solar fotovoltaica para comunidades en Zonas No Interconectadas de Colombia', 'id_actividad': 3325, 'tipo_moneda_1': None, 'contribucion_externa_1': '$ 0', 'resultado_traslape': 'No se presenta traslape.', 'fecha_resultado_traslape': '06/07/2022 10:49:05', 'tipo_actividad': 308, 'nombre_tipo_actividad': 'Generación de electricidad renovable - no convencional'}]",,,,,,,,,,PDBC - Proyectos de Desarrollo Bajo en Carbono
renare|fazni-ggc-120-631-17,renare,FAZNI-GGC-120-631-17,,,REVISAR,tipo=PDBC - Proyectos de Desarrollo pero actividades sugiere AFOLU,,,NO_REDD,tipo: PDBC - Proyectos de Desarrollo Bajo en C (categoria distinta de REDD+ en RENARE),NO_REDD,,"[{'acciones_redd_mas_1': None, 'tasa_cambio_1': '', 'tipo_actividad_1': 308, 'contribucion_propia_1': '$ 0', 'costo_total_1': '$ 0', 'sector_cartera': '[]', 'fecha_tasa_cambio_1': None, 'fuente_relacionada_1': '', 'archivo_soporte_2_2': 'files-renare/cc,1018420586/68b22b362cb375c800b83bee/documentossolicitud/05documentodescripcionactividadmitigacion17-03-2022-16-37-48.pdf', 'fecha_final_1': '30/07/2038', 'archivo_soporte_2_3': None, 'fecha_inicial_1': '31/07/2018', 'descripcion_actividad_1': 'Diseño, construcción y operación de sistemas de energía solar fotovoltaica para comunidades en Zonas No Interconectadas de Colombia', 'id_actividad': 3327, 'tipo_moneda_1': None, 'contribucion_externa_1': '$ 0', 'resultado_traslape': 'No se presenta traslape.', 'fecha_resultado_traslape': '06/07/2022 11:30:50', 'tipo_actividad': 308, 'nombre_tipo_actividad': 'Generación de electricidad renovable - no convencional'}]",,,,,,,,,,PDBC - Proyectos de Desarrollo Bajo en Carbono
renare|fazni-ggc-096-593-17,renare,FAZNI-GGC-096-593-17,,,REVISAR,tipo=PDBC - Proyectos de Desarrollo pero actividades sugiere AFOLU,,,NO_REDD,tipo: PDBC - Proyectos de Desarrollo Bajo en C (categoria distinta de REDD+ en RENARE),NO_REDD,,"[{'acciones_redd_mas_1': None, 'tasa_cambio_1': '', 'tipo_actividad_1': 308, 'contribucion_propia_1': '$ 0', 'costo_total_1': '$ 0', 'sector_cartera': '[]', 'fecha_tasa_cambio_1': None, 'fuente_relacionada_1': '', 'archivo_soporte_2_2': 'files-renare/cc,1018420586/68b22b302cb375c800b83bea/documentossolicitud/05documentodescripcionactividadmitigacion15-03-2022-00-37-15.pdf', 'fecha_final_1': '30/07/2038', 'archivo_soporte_2_3': None, 'fecha_inicial_1': '31/07/2018', 'descripcion_actividad_1': 'Diseño, construcción y operación de sistemas de energía solar fotovoltaica para comunidades en Zonas No Interconectadas de Colombia', 'id_actividad': 3263, 'tipo_moneda_1': None, 'contribucion_externa_1': '$ 0', 'resultado_traslape': 'No se presenta traslape.', 'fecha_resultado_traslape': '07/07/2022 07:04:40', 'tipo_actividad': 308, 'nombre_tipo_actividad': 'Generación de electricidad renovable - no convencional'}]",,,,,,,,,,PDBC - Proyectos de Desarrollo Bajo en Carbono
renare|proyecto redd+ origen atrato - baudo_,renare,Proyecto REDD+ Origen Atrato - Baudó_,,,AFOLU,tipo: Proyecto REDD+,AFOLU,,REDD,tipo: Proyecto REDD+,REDD,,"[{'acciones_redd_mas_1': 'Fortalecimiento de la gobernanza y el control territorial\nfomento de actividades productivas basadas en el uso y conservación de la biodiversidad y sus servicios ecosistemicos\nFortalecimiento de sistemas productivos tradicionales y culturales del pacifico', 'tasa_cambio_1': '', 'tipo_actividad_1': 46, 'contribucion_propia_1': '$ 0', 'costo_total_1': '$ 0', 'sector_cartera': '[]', 'fecha_tasa_cambio_1': None, 'fuente_relacionada_1': '', 'archivo_soporte_2_2': 'files-renare/cc,1018420586/68b22b302cb375c800b83be7/documentossolicitud/05documentodescripcionactividadmitigacion30-10-2021-08-30-38.pdf', 'fecha_final_1': '31/12/2047', 'archivo_soporte_2_3': None, 'fecha_inicial_1': '01/01/2018', 'descripcion_actividad_1': 'Reducir la pérdida del bosque natural por su cambio de uso del suelo hacia otras coberturas y usos no forestales.\nMotores de deforestación asociados a expansión de la frontera agropecuaria, comercio ilegal de madera, minería y cultivos de uso ilícito.', 'id_actividad': 2843, 'tipo_moneda_1': None, 'contribucion_externa_1': '$ 0', 'depositos_carbono_1': '[{""depositos_carbono_1_1"": {""value"": 170}}, {""depositos_carbono_1_1"": {""value"": 167}}, {""depositos_carbono_1_1"": {""value"": 131}}]', 'resultado_traslape': 'No se presenta traslape.', 'fecha_resultado_traslape': '30/10/2021 08:30:36', 'tipo_actividad': 46, 'nombre_tipo_actividad': 'Reducción de las emisiones debidas a la deforestación'}, {'acciones_redd_mas_1': 'Fortalecimiento de la gobernanza y el control territorial\nfomento de actividades productivas basadas en el uso y conservación de la biodiversidad y sus servicios ecosistémicos\nFortalecimiento de sistemas productivos tradicionales y culturales del pacifico', 'tasa_cambio_1': '', 'tipo_actividad_1': 47, 'contribucion_propia_1': '$ 0', 'costo_total_1': '$ 0', 'sector_cartera': '[]', 'fecha_tasa_cambio_1': None, 'fuente_relacionada_1': '', 'archivo_soporte_2_2': 'files-renare/cc,1018420586/68b22b302cb375c800b83be7/documentossolicitud/05documentodescripcionactividadmitigacion30-10-2021-08-51-02.pdf', 'fecha_final_1': '31/12/2047', 'archivo_soporte_2_3': None, 'fecha_inicial_1': '01/01/2018', 'descripcion_actividad_1': 'Reducir la degradación del bosque natural por el aprovechamiento selectivo de especies vegetales de interés comercial.\nMotores de degradación asociados al comercio ilegal e informal de productos forestales maderables.', 'id_actividad': 2844, 'tipo_moneda_1': None, 'contribucion_externa_1': '$ 0', 'depositos_carbono_1': '[{""depositos_carbono_1_1"": {""value"": 170}}, {""depositos_carbono_1_1"": {""value"": 167}}, {""depositos_carbono_1_1"": {""value"": 131}}]', 'resultado_traslape': 'No se presenta traslape.', 'fecha_resultado_traslape': '30/10/2021 08:51:00', 'tipo_actividad': 47, 'nombre_tipo_actividad': 'Reducción de las emisiones debidas a la degradación forestal'}]",,,,,,,,,,Proyecto REDD+
renare|pequena central hidroelectrica san andres de cuerquia,renare,Pequeña central hidroeléctrica San Andrés de Cuerquia,,,REVISAR,tipo: PDBC - Programas de Desarrollo Bajo en Carbono (no concluyente),,,NO_REDD,tipo: PDBC - Programas de Desarrollo Bajo en C (categoria distinta de REDD+ en RENARE),NO_REDD,,[],,,,,,,,,,PDBC - Programas de Desarrollo Bajo en Carbono
renare|fazni-ggc-082-545-17,renare,FAZNI-GGC-082-545-17,,,REVISAR,tipo=PDBC - Proyectos de Desarrollo pero actividades sugiere AFOLU,,,NO_REDD,tipo: PDBC - Proyectos de Desarrollo Bajo en C (categoria distinta de REDD+ en RENARE),NO_REDD,,"[{'acciones_redd_mas_1': None, 'tasa_cambio_1': '', 'tipo_actividad_1': 308, 'contribucion_propia_1': '$ 0', 'costo_total_1': '$ 0', 'sector_cartera': '[]', 'fecha_tasa_cambio_1': None, 'fuente_relacionada_1': '', 'archivo_soporte_2_2': 'files-renare/cc,1018420586/68b22b292cb375c800b83be0/documentossolicitud/05documentodescripcionactividadmitigacion17-03-2022-16-29-09.pdf', 'fecha_final_1': '30/07/2038', 'archivo_soporte_2_3': None, 'fecha_inicial_1': '31/07/2018', 'descripcion_actividad_1': 'Diseño, construcción y operación de sistemas de energía solar fotovoltaica para comunidades en Zonas No Interconectadas de Colombia', 'id_actividad': 3326, 'tipo_moneda_1': None, 'contribucion_externa_1': '$ 0', 'resultado_traslape': 'No se presenta traslape.', 'fecha_resultado_traslape': '06/07/2022 11:10:10', 'tipo_actividad': 308, 'nombre_tipo_actividad': 'Generación de electricidad renovable - no convencional'}]",,,,,,,,,,PDBC - Proyectos de Desarrollo Bajo en Carbono
renare|crima predio putumayo-andoque de aduche redd+,renare,Crima Predio Putumayo-Andoque de Aduche REDD+,,,AFOLU,tipo: Proyecto REDD+,AFOLU,,REDD,tipo: Proyecto REDD+,REDD,,"[{'acciones_redd_mas_1': 'Fortalecimiento de la gobernanza territorial; procesos productivos agrícolas sostenibles; delimitación de bosques y áreas de protección forestal; monitoreo; inversión social', 'tasa_cambio_1': '', 'tipo_actividad_1': 47, 'contribucion_propia_1': '$ 0', 'costo_total_1': '$ 0', 'sector_cartera': '[]', 'fecha_tasa_cambio_1': None, 'fuente_relacionada_1': '', 'archivo_soporte_2_2': 'files-renare/cc,1018420586/68b22b242cb375c800b83bdc/documentossolicitud/05documentodescripcionactividadmitigacion17-01-2022-16-39-14.pdf', 'fecha_final_1': '10/01/2048', 'archivo_soporte_2_3': None, 'fecha_inicial_1': '11/01/2018', 'descripcion_actividad_1': 'Prevenir la degradación de la cobertura boscosa presente en el área del proyecto para el período de duración de este', 'id_actividad': 3141, 'tipo_moneda_1': None, 'contribucion_externa_1': '$ 0', 'depositos_carbono_1': '[{""depositos_carbono_1_1"": {""value"": 167}}, {""depositos_carbono_1_1"": {""value"": 131}}]', 'resultado_traslape': 'No se presenta traslape.', 'fecha_resultado_traslape': '17/01/2022 16:39:14', 'tipo_actividad': 47, 'nombre_tipo_actividad': 'Reducción de las emisiones debidas a la degradación forestal'}, {'acciones_redd_mas_1': 'Fortalecimiento de la gobernanza territorial; procesos productivos agrícolas sostenibles; delimitación de bosques y áreas de protección forestal; monitoreo; inversión social', 'tasa_cambio_1': '', 'tipo_actividad_1': 46, 'contribucion_propia_1': '$ 0', 'costo_total_1': '$ 0', 'sector_cartera': '[]', 'fecha_tasa_cambio_1': None, 'fuente_relacionada_1': '', 'archivo_soporte_2_2': 'files-renare/cc,1018420586/68b22b242cb375c800b83bdc/documentossolicitud/05documentodescripcionactividadmitigacion17-01-2022-16-41-44.pdf', 'fecha_final_1': '10/01/2048', 'archivo_soporte_2_3': None, 'fecha_inicial_1': '11/01/2018', 'descripcion_actividad_1': 'Prevenir la deforestación directa o inducida de la cobertura boscosa presente en el área del proyecto durante el periodo de implementación de este', 'id_actividad': 3142, 'tipo_moneda_1': None, 'contribucion_externa_1': '$ 0', 'depositos_carbono_1': '[{""depositos_carbono_1_1"": {""value"": 167}}, {""depositos_carbono_1_1"": {""value"": 131}}]', 'resultado_traslape': 'No se presenta traslape.', 'fecha_resultado_traslape': '17/01/2022 16:41:44', 'tipo_actividad': 46, 'nombre_tipo_actividad': 'Reducción de las emisiones debidas a la deforestación'}]",,,,,,,,,,Proyecto REDD+
renare|pedeguita-jiguamando redd+,renare,Pedeguita-Jiguamandó REDD+,,,AFOLU,tipo: Proyecto REDD+,AFOLU,,REDD,tipo: Proyecto REDD+,REDD,,"[{'acciones_redd_mas_1': 'Fortalecimiento de la gobernanza territorial; procesos productivos agrícolas sostenibles; delimitación de bosques y áreas de protección forestal; monitoreo; inversión social', 'tasa_cambio_1': '', 'tipo_actividad_1': 46, 'contribucion_propia_1': '$ 0', 'costo_total_1': '$ 0', 'sector_cartera': '[]', 'fecha_tasa_cambio_1': None, 'fuente_relacionada_1': '', 'archivo_soporte_2_2': 'files-renare/cc,1018420586/68b22b1f2cb375c800b83bd8/documentossolicitud/05documentodescripcionactividadmitigacion17-01-2022-14-10-49.pdf', 'fecha_final_1': '05/01/2060', 'archivo_soporte_2_3': None, 'fecha_inicial_1': '06/01/2020', 'descripcion_actividad_1': 'Prevenir la deforestación directa o inducida de la cobertura boscosa presente en el área del proyecto durante el periodo de implementación de este', 'id_actividad': 3127, 'tipo_moneda_1': None, 'contribucion_externa_1': '$ 0', 'depositos_carbono_1': '[{""depositos_carbono_1_1"": {""value"": 167}}, {""depositos_carbono_1_1"": {""value"": 131}}]', 'resultado_traslape': 'No se presenta traslape.', 'fecha_resultado_traslape': '09/08/2022 17:20:29', 'tipo_actividad': 46, 'nombre_tipo_actividad': 'Reducción de las emisiones debidas a la deforestación'}]",,,,,,,,,,Proyecto REDD+
renare|redd+ corpoguavio,renare,REDD+ Corpoguavio,,,AFOLU,tipo: Proyecto REDD+,AFOLU,,REDD,tipo: Proyecto REDD+,REDD,,[],,,,,,,,,,Proyecto REDD+
renare|redd+ pazcifico,renare,REDD+ PAZcífico,,,AFOLU,tipo: Proyecto REDD+,AFOLU,,REDD,tipo: Proyecto REDD+,REDD,,"[{'acciones_redd_mas_1': 'Mejoramiento de las actividades de aprovechamiento forestal, reducción de cultivos ilícitos y protección de manglar.', 'tasa_cambio_1': '', 'tipo_actividad_1': 47, 'contribucion_propia_1': '$ 0', 'costo_total_1': '$ 0', 'sector_cartera': '[]', 'fecha_tasa_cambio_1': None, 'fuente_relacionada_1': '', 'archivo_soporte_2_2': 'files-renare/cc,1018420586/68b22b192cb375c800b83bd1/documentossolicitud/05documentodescripcionactividadmitigacion08-09-2021-11-29-31.pdf', 'fecha_final_1': '31/12/2045', 'archivo_soporte_2_3': None, 'fecha_inicial_1': '01/01/2016', 'descripcion_actividad_1': 'Reducción de la degradación por aprovechamiento selectivo de las especies maderables y Manejo Forestal Sostenible del bosques', 'id_actividad': 2782, 'tipo_moneda_1': None, 'contribucion_externa_1': '$ 0', 'depositos_carbono_1': '[{""depositos_carbono_1_1"": {""value"": 131}}]', 'resultado_traslape': 'No se presenta traslape.', 'fecha_resultado_traslape': '28/01/2022 09:36:35', 'tipo_actividad': 47, 'nombre_tipo_actividad': 'Reducción de las emisiones debidas a la degradación forestal'}, {'acciones_redd_mas_1': 'Mejoramiento de las actividades de aprovechamiento forestal, reducción de cultivos ilícitos y protección de manglar.', 'tasa_cambio_1': '', 'tipo_actividad_1': 46, 'contribucion_propia_1': '$ 0', 'costo_total_1': '$ 0', 'sector_cartera': '[]', 'fecha_tasa_cambio_1': None, 'fuente_relacionada_1': '', 'archivo_soporte_2_2': 'files-renare/cc,1018420586/68b22b192cb375c800b83bd1/documentossolicitud/05documentodescripcionactividadmitigacion08-09-2021-11-23-52.pdf', 'fecha_final_1': '31/12/2045', 'archivo_soporte_2_3': None, 'fecha_inicial_1': '01/01/2016', 'descripcion_actividad_1': 'Reducción de la degradación y deforestación en bosque nativo y manglar, gestión sostenible de los ecosistemas y mejoramiento del bienestar comunitario.', 'id_actividad': 2781, 'tipo_moneda_1': None, 'contribucion_externa_1': '$ 0', 'depositos_carbono_1': '[{""depositos_carbono_1_1"": {""value"": 131}}, {""depositos_carbono_1_1"": {""value"": 167}}]', 'resultado_traslape': 'No se presenta traslape.', 'fecha_resultado_traslape': '28/01/2022 09:27:18', 'tipo_actividad': 46, 'nombre_tipo_actividad': 'Reducción de las emisiones debidas a la deforestación'}]",,,,,,,,,,Proyecto REDD+
renare|multimodal transport on the magdalena river by impala terminals.,renare,Multimodal transport on the Magdalena River by Impala Terminals.,,,REVISAR,tipo: PDBC - Proyectos de Desarrollo Bajo en Carbono (no concluyente),,,NO_REDD,tipo: PDBC - Proyectos de Desarrollo Bajo en C (categoria distinta de REDD+ en RENARE),NO_REDD,,[],,,,,,,,,,PDBC - Proyectos de Desarrollo Bajo en Carbono
renare|proyecto forestal co2cero,renare,Proyecto Forestal CO2CERO,,,REVISAR,tipo=PDBC - Proyectos de Desarrollo pero actividades sugiere AFOLU,,,NO_REDD,tipo: PDBC - Proyectos de Desarrollo Bajo en C (categoria distinta de REDD+ en RENARE),NO_REDD,,"[{'acciones_redd_mas_1': None, 'tasa_cambio_1': '', 'tipo_actividad_1': 500, 'contribucion_propia_1': '$ 0', 'costo_total_1': '$ 63.130.091.992', 'sector_cartera': '[]', 'fecha_tasa_cambio_1': None, 'fuente_relacionada_1': '', 'archivo_soporte_2_2': 'files-renare/cc,1018420586/68b22b132cb375c800b83bca/documentossolicitud/05documentodescripcionactividadmitigacion28-07-2021-12-03-37.pdf', 'fecha_final_1': '31/12/2017', 'archivo_soporte_2_3': None, 'fecha_inicial_1': '16/01/2010', 'descripcion_actividad_1': 'El Proyecto Forestal CO2CERO Meta está constituido por  actividades en el sector forestal (plantaciones forestales comerciales y conservación de áreas cubiertas por bosque natural),  en el departamento del Meta.', 'id_actividad': 2561, 'tipo_moneda_1': None, 'contribucion_externa_1': '$ 0', 'resultado_traslape': 'No se presenta traslape.', 'fecha_resultado_traslape': '24/09/2021 19:08:32', 'tipo_actividad': 500, 'nombre_tipo_actividad': 'Plantaciones comerciales'}]",,,,,,,,,,PDBC - Proyectos de Desarrollo Bajo en Carbono
renare|parque solar cano limon phase 2 20 mw,renare,Parque Solar Caño Limón Phase 2 20 MW,,,REVISAR,tipo=PDBC - Proyectos de Desarrollo pero actividades sugiere AFOLU,,,NO_REDD,tipo: PDBC - Proyectos de Desarrollo Bajo en C (categoria distinta de REDD+ en RENARE),NO_REDD,,"[{'acciones_redd_mas_1': None, 'tasa_cambio_1': '', 'tipo_actividad_1': 308, 'contribucion_propia_1': '$ 0', 'costo_total_1': '$ 0', 'sector_cartera': '[]', 'fecha_tasa_cambio_1': None, 'fuente_relacionada_1': '', 'archivo_soporte_2_2': 'files-renare/cc,1018420586/68b22b0e2cb375c800b83bc6/documentossolicitud/05documentodescripcionactividadmitigacion26-07-2021-17-29-42.pdf', 'fecha_final_1': '30/06/2023', 'archivo_soporte_2_3': None, 'fecha_inicial_1': '01/07/2022', 'descripcion_actividad_1': 'El propósito del proyecto es reemplazar la generación de combustibles fósiles a base de crudo por una fuente de energía renovable como la tecnología fotovoltaica.', 'id_actividad': 2541, 'tipo_moneda_1': None, 'contribucion_externa_1': '$ 0', 'resultado_traslape': 'No se presenta traslape.', 'fecha_resultado_traslape': '26/07/2021 17:32:10', 'tipo_actividad': 308, 'nombre_tipo_actividad': 'Generación de electricidad renovable - no convencional'}]",,,,,,,,,,PDBC - Proyectos de Desarrollo Bajo en Carbono
"renare|proyecto de mitigacion forestal resguardo indigena tikuna, cocama y yagua (ticoya)",renare,"Proyecto de Mitigación Forestal Resguardo Indígena Tikuna, Cocama y Yagua (TICOYA)",,,AFOLU,tipo: Proyecto REDD+,AFOLU,,REDD,tipo: Proyecto REDD+,REDD,,"[{'acciones_redd_mas_1': 'Cinco líneas estratégicas: Recuperación y rehabilitación de bosques, Proyectos productivos y empresariales agropecuarios sostenibles, Fortalecimiento de la seguridad alimentaria, Monitoreo, Fortalecimiento de la gobernanza.', 'tasa_cambio_1': '', 'tipo_actividad_1': 46, 'contribucion_propia_1': '$ 0', 'costo_total_1': '$ 0', 'sector_cartera': '[]', 'fecha_tasa_cambio_1': None, 'fuente_relacionada_1': '', 'archivo_soporte_2_2': 'files-renare/cc,1018420586/68b22b082cb375c800b83bbf/documentossolicitud/05documentodescripcionactividadmitigacion09-12-2021-12-29-20.pdf', 'fecha_final_1': '31/12/2030', 'archivo_soporte_2_3': None, 'fecha_inicial_1': '01/01/2018', 'descripcion_actividad_1': 'Reducción de emisiones por deforestación', 'id_actividad': 3021, 'tipo_moneda_1': None, 'contribucion_externa_1': '$ 0', 'depositos_carbono_1': '[{""depositos_carbono_1_1"": {""value"": 167}}, {""depositos_carbono_1_1"": {""value"": 131}}]', 'resultado_traslape': 'No se presenta traslape.', 'fecha_resultado_traslape': '09/12/2021 15:36:08', 'tipo_actividad': 46, 'nombre_tipo_actividad': 'Reducción de las emisiones debidas a la deforestación'}]",,,,,,,,,,Proyecto REDD+
renare|fazni-ggc-118-629-17,renare,FAZNI-GGC-118-629-17,,,REVISAR,tipo=PDBC - Proyectos de Desarrollo pero actividades sugiere AFOLU,,,NO_REDD,tipo: PDBC - Proyectos de Desarrollo Bajo en C (categoria distinta de REDD+ en RENARE),NO_REDD,,"[{'acciones_redd_mas_1': None, 'tasa_cambio_1': '', 'tipo_actividad_1': 308, 'contribucion_propia_1': '$ 0', 'costo_total_1': '$ 0', 'sector_cartera': '[]', 'fecha_tasa_cambio_1': None, 'fuente_relacionada_1': '', 'archivo_soporte_2_2': 'files-renare/cc,1018420586/68b22b032cb375c800b83bbb/documentossolicitud/05documentodescripcionactividadmitigacion16-03-2022-14-43-56.pdf', 'fecha_final_1': '30/07/2038', 'archivo_soporte_2_3': None, 'fecha_inicial_1': '31/07/2018', 'descripcion_actividad_1': 'Diseño, construcción y operación de sistemas de energía solar fotovoltaica para comunidades en Zonas No Interconectadas de Colombia.', 'id_actividad': 3281, 'tipo_moneda_1': None, 'contribucion_externa_1': '$ 0', 'resultado_traslape': 'No se presenta traslape.', 'fecha_resultado_traslape': '29/06/2022 07:54:33', 'tipo_actividad': 308, 'nombre_tipo_actividad': 'Generación de electricidad renovable - no convencional'}]",,,,,,,,,,PDBC - Proyectos de Desarrollo Bajo en Carbono
renare|fazni-ggc-115-626-17,renare,FAZNI-GGC-115-626-17,,,REVISAR,tipo=PDBC - Proyectos de Desarrollo pero actividades sugiere AFOLU,,,NO_REDD,tipo: PDBC - Proyectos de Desarrollo Bajo en C (categoria distinta de REDD+ en RENARE),NO_REDD,,"[{'acciones_redd_mas_1': None, 'tasa_cambio_1': '', 'tipo_actividad_1': 308, 'contribucion_propia_1': '$ 0', 'costo_total_1': '$ 0', 'sector_cartera': '[]', 'fecha_tasa_cambio_1': None, 'fuente_relacionada_1': '', 'archivo_soporte_2_2': 'files-renare/cc,1018420586/68b22afe2cb375c800b83bb7/documentossolicitud/05documentodescripcionactividadmitigacion17-03-2022-08-35-54.pdf', 'fecha_final_1': '30/07/2038', 'archivo_soporte_2_3': None, 'fecha_inicial_1': '31/07/2018', 'descripcion_actividad_1': 'Diseño, construcción y operación de sistemas de energía solar fotovoltaica para comunidades en Zonas No Interconectadas de Colombia', 'id_actividad': 3301, 'tipo_moneda_1': None, 'contribucion_externa_1': '$ 0', 'resultado_traslape': 'No se presenta traslape.', 'fecha_resultado_traslape': '29/06/2022 07:56:02', 'tipo_actividad': 308, 'nombre_tipo_actividad': 'Generación de electricidad renovable - no convencional'}]",,,,,,,,,,PDBC - Proyectos de Desarrollo Bajo en Carbono
renare|fazni-ggc-121-625-17,renare,FAZNI-GGC-121-625-17,,,REVISAR,tipo=PDBC - Proyectos de Desarrollo pero actividades sugiere AFOLU,,,NO_REDD,tipo: PDBC - Proyectos de Desarrollo Bajo en C (categoria distinta de REDD+ en RENARE),NO_REDD,,"[{'acciones_redd_mas_1': None, 'tasa_cambio_1': '', 'tipo_actividad_1': 308, 'contribucion_propia_1': '$ 0', 'costo_total_1': '$ 0', 'sector_cartera': '[]', 'fecha_tasa_cambio_1': None, 'fuente_relacionada_1': '', 'archivo_soporte_2_2': 'files-renare/cc,1018420586/68b22af92cb375c800b83bb3/documentossolicitud/05documentodescripcionactividadmitigacion17-03-2022-08-46-26.pdf', 'fecha_final_1': '30/07/2038', 'archivo_soporte_2_3': None, 'fecha_inicial_1': '31/07/2018', 'descripcion_actividad_1': 'Diseño, construcción y operación de sistemas de energía solar fotovoltaica para comunidades en Zonas No Interconectadas de Colombia', 'id_actividad': 3302, 'tipo_moneda_1': None, 'contribucion_externa_1': '$ 0', 'resultado_traslape': 'No se presenta traslape.', 'fecha_resultado_traslape': '29/06/2022 08:00:44', 'tipo_actividad': 308, 'nombre_tipo_actividad': 'Generación de electricidad renovable - no convencional'}]",,,,,,,,,,PDBC - Proyectos de Desarrollo Bajo en Carbono
renare|fazni-ggc-113-620-17,renare,FAZNI-GGC-113-620-17,,,REVISAR,tipo=PDBC - Proyectos de Desarrollo pero actividades sugiere AFOLU,,,NO_REDD,tipo: PDBC - Proyectos de Desarrollo Bajo en C (categoria distinta de REDD+ en RENARE),NO_REDD,,"[{'acciones_redd_mas_1': None, 'tasa_cambio_1': '', 'tipo_actividad_1': 308, 'contribucion_propia_1': '$ 0', 'costo_total_1': '$ 0', 'sector_cartera': '[]', 'fecha_tasa_cambio_1': None, 'fuente_relacionada_1': '', 'archivo_soporte_2_2': 'files-renare/cc,1018420586/68b22af42cb375c800b83baf/documentossolicitud/05documentodescripcionactividadmitigacion17-03-2022-08-56-53.pdf', 'fecha_final_1': '30/07/2038', 'archivo_soporte_2_3': None, 'fecha_inicial_1': '31/07/2018', 'descripcion_actividad_1': 'Diseño, construcción y operación de sistemas de energía solar fotovoltaica para comunidades en Zonas No Interconectadas de Colombia', 'id_actividad': 3303, 'tipo_moneda_1': None, 'contribucion_externa_1': '$ 0', 'resultado_traslape': 'No se presenta traslape.', 'fecha_resultado_traslape': '30/06/2022 07:29:55', 'tipo_actividad': 308, 'nombre_tipo_actividad': 'Generación de electricidad renovable - no convencional'}]",,,,,,,,,,PDBC - Proyectos de Desarrollo Bajo en Carbono
renare|fazni-ggc-106-612-17,renare,FAZNI-GGC-106-612-17,,,REVISAR,tipo=PDBC - Proyectos de Desarrollo pero actividades sugiere AFOLU,,,NO_REDD,tipo: PDBC - Proyectos de Desarrollo Bajo en C (categoria distinta de REDD+ en RENARE),NO_REDD,,"[{'acciones_redd_mas_1': None, 'tasa_cambio_1': '', 'tipo_actividad_1': 437, 'contribucion_propia_1': '$ 0', 'costo_total_1': '$ 0', 'sector_cartera': '[]', 'fecha_tasa_cambio_1': None, 'fuente_relacionada_1': '', 'archivo_soporte_2_2': 'files-renare/cc,1018420586/68b22aee2cb375c800b83bab/documentossolicitud/05documentodescripcionactividadmitigacion17-03-2022-10-38-34.pdf', 'fecha_final_1': '30/07/2038', 'archivo_soporte_2_3': None, 'fecha_inicial_1': '31/07/2018', 'descripcion_actividad_1': 'Diseño, construcción y operación de sistemas de energía solar fotovoltaica para comunidades en Zonas No Interconectadas de Colombia', 'id_actividad': 3310, 'tipo_moneda_1': None, 'contribucion_externa_1': '$ 0', 'resultado_traslape': 'No se presenta traslape.', 'fecha_resultado_traslape': '06/07/2022 12:01:07', 'tipo_actividad': 437, 'nombre_tipo_actividad': 'Cambio de modelos productivos en cultivos - Cultivo de arroz Riego'}]",,,,,,,,,,PDBC - Proyectos de Desarrollo Bajo en Carbono
renare|fazni-ggc-083-546-17,renare,FAZNI-GGC-083-546-17,,,REVISAR,tipo=PDBC - Proyectos de Desarrollo pero actividades sugiere AFOLU,,,NO_REDD,tipo: PDBC - Proyectos de Desarrollo Bajo en C (categoria distinta de REDD+ en RENARE),NO_REDD,,"[{'acciones_redd_mas_1': None, 'tasa_cambio_1': '', 'tipo_actividad_1': 308, 'contribucion_propia_1': '$ 0', 'costo_total_1': '$ 0', 'sector_cartera': '[]', 'fecha_tasa_cambio_1': None, 'fuente_relacionada_1': '', 'archivo_soporte_2_2': 'files-renare/cc,1018420586/68b22ae92cb375c800b83ba7/documentossolicitud/05documentodescripcionactividadmitigacion17-03-2022-10-08-39.pdf', 'fecha_final_1': '30/07/2038', 'archivo_soporte_2_3': None, 'fecha_inicial_1': '31/07/2018', 'descripcion_actividad_1': 'Diseño, construcción y operación de sistemas de energía solar fotovoltaica para comunidades en Zonas No Interconectadas de Colombia', 'id_actividad': 3308, 'tipo_moneda_1': None, 'contribucion_externa_1': '$ 0', 'resultado_traslape': 'No se presenta traslape.', 'fecha_resultado_traslape': '07/07/2022 07:03:52', 'tipo_actividad': 308, 'nombre_tipo_actividad': 'Generación de electricidad renovable - no convencional'}]",,,,,,,,,,PDBC - Proyectos de Desarrollo Bajo en Carbono
renare|fazni-ggc-110-616-17,renare,FAZNI-GGC-110-616-17,,,REVISAR,tipo=PDBC - Proyectos de Desarrollo pero actividades sugiere AFOLU,,,NO_REDD,tipo: PDBC - Proyectos de Desarrollo Bajo en C (categoria distinta de REDD+ en RENARE),NO_REDD,,"[{'acciones_redd_mas_1': None, 'tasa_cambio_1': '', 'tipo_actividad_1': 308, 'contribucion_propia_1': '$ 0', 'costo_total_1': '$ 0', 'sector_cartera': '[]', 'fecha_tasa_cambio_1': None, 'fuente_relacionada_1': '', 'archivo_soporte_2_2': 'files-renare/cc,1018420586/68b22ae42cb375c800b83ba3/documentossolicitud/05documentodescripcionactividadmitigacion14-03-2022-23-33-27.pdf', 'fecha_final_1': '30/07/2038', 'archivo_soporte_2_3': None, 'fecha_inicial_1': '31/07/2018', 'descripcion_actividad_1': 'Diseño, construcción y operación de sistemas de energía solar fotovoltaica para comunidades en Zonas No Interconectadas de Colombia', 'id_actividad': 3261, 'tipo_moneda_1': None, 'contribucion_externa_1': '$ 0', 'resultado_traslape': 'No se presenta traslape.', 'fecha_resultado_traslape': '07/07/2022 07:06:50', 'tipo_actividad': 308, 'nombre_tipo_actividad': 'Generación de electricidad renovable - no convencional'}]",,,,,,,,,,PDBC - Proyectos de Desarrollo Bajo en Carbono
"renare|introduction of the recovery and combustion of methane in the existing sludge treatment system of the wastewater treatment plant of canaveralejo emcali in cali, colombia",renare,"Introduction of the recovery and combustion of methane in the existing sludge treatment system of the Wastewater Treatment Plant of Cañaveralejo EMCALI in Cali, Colombia",,,REVISAR,tipo=MDL - Proyectos del Mecanismo  pero actividades sugiere AFOLU,,,NO_REDD,tipo: MDL - Proyectos del Mecanismo de Desarro (categoria distinta de REDD+ en RENARE),NO_REDD,,"[{'acciones_redd_mas_1': None, 'tasa_cambio_1': '', 'tipo_actividad_1': 715, 'contribucion_propia_1': '$ 94.107.013.948', 'costo_total_1': '$ 94.107.013.948', 'sector_cartera': '[]', 'fecha_tasa_cambio_1': None, 'fuente_relacionada_1': '', 'archivo_soporte_2_2': 'files-renare/cc,1018420586/68b22adf2cb375c800b83b9f/documentossolicitud/05documentodescripcionactividadmitigacion02-08-2021-08-55-14.pdf', 'fecha_final_1': '13/09/2020', 'archivo_soporte_2_3': None, 'fecha_inicial_1': '14/09/2010', 'descripcion_actividad_1': 'Este proyecto  Comprende medidas que reducen las emisiones de GEI a la atmósfera mediante la captura  del metano de la materia orgánica biógena obtenida a través del tratamiento de lodos existente en las aguas residuales. el biogás obtenido se utilizará en generación de energía  y calentar agua;', 'id_actividad': 2581, 'tipo_moneda_1': None, 'contribucion_externa_1': '$ 0', 'resultado_traslape': 'No se presenta traslape.', 'fecha_resultado_traslape': '07/07/2022 09:56:50', 'tipo_actividad': 715, 'nombre_tipo_actividad': 'Nuevas tecnologías en sector agropecuario - Quema de biomasa de tierras forestales'}]",,,,,,,,,,MDL - Proyectos del Mecanismo de Desarrollo Limpio
renare|fazni-ggc-111-617-17,renare,FAZNI-GGC-111-617-17,,,REVISAR,tipo=PDBC - Proyectos de Desarrollo pero actividades sugiere AFOLU,,,NO_REDD,tipo: PDBC - Proyectos de Desarrollo Bajo en C (categoria distinta de REDD+ en RENARE),NO_REDD,,"[{'acciones_redd_mas_1': None, 'tasa_cambio_1': '', 'tipo_actividad_1': 308, 'contribucion_propia_1': '$ 0', 'costo_total_1': '$ 0', 'sector_cartera': '[]', 'fecha_tasa_cambio_1': None, 'fuente_relacionada_1': '', 'archivo_soporte_2_2': 'files-renare/cc,1018420586/68b22ad92cb375c800b83b98/documentossolicitud/05documentodescripcionactividadmitigacion17-03-2022-09-03-30.pdf', 'fecha_final_1': '30/07/2038', 'archivo_soporte_2_3': None, 'fecha_inicial_1': '31/07/2018', 'descripcion_actividad_1': 'Diseño, construcción y operación de sistemas de energía solar fotovoltaica para comunidades en Zonas No Interconectadas de Colombia', 'id_actividad': 3304, 'tipo_moneda_1': None, 'contribucion_externa_1': '$ 0', 'resultado_traslape': 'No se presenta traslape.', 'fecha_resultado_traslape': '30/06/2022 07:30:42', 'tipo_actividad': 308, 'nombre_tipo_actividad': 'Generación de electricidad renovable - no convencional'}]",,,,,,,,,,PDBC - Proyectos de Desarrollo Bajo en Carbono
renare|fazni-ggc-083-604-17,renare,FAZNI-GGC-083-604-17,,,REVISAR,tipo=PDBC - Proyectos de Desarrollo pero actividades sugiere AFOLU,,,NO_REDD,tipo: PDBC - Proyectos de Desarrollo Bajo en C (categoria distinta de REDD+ en RENARE),NO_REDD,,"[{'acciones_redd_mas_1': None, 'tasa_cambio_1': '', 'tipo_actividad_1': 308, 'contribucion_propia_1': '$ 0', 'costo_total_1': '$ 0', 'sector_cartera': '[]', 'fecha_tasa_cambio_1': None, 'fuente_relacionada_1': '', 'archivo_soporte_2_2': 'files-renare/cc,1018420586/68b22ad42cb375c800b83b94/documentossolicitud/05documentodescripcionactividadmitigacion17-03-2022-19-49-26.pdf', 'fecha_final_1': '30/07/2038', 'archivo_soporte_2_3': None, 'fecha_inicial_1': '31/07/2018', 'descripcion_actividad_1': 'Diseño, construcción y operación de sistemas de energía solar fotovoltaica para comunidades en Zonas No Interconectadas de Colombia', 'id_actividad': 3341, 'tipo_moneda_1': None, 'contribucion_externa_1': '$ 0', 'resultado_traslape': 'No se presenta traslape.', 'fecha_resultado_traslape': '30/06/2022 08:34:04', 'tipo_actividad': 308, 'nombre_tipo_actividad': 'Generación de electricidad renovable - no convencional'}]",,,,,,,,,,PDBC - Proyectos de Desarrollo Bajo en Carbono
renare|fazni-ggc-119-630-17,renare,FAZNI-GGC-119-630-17,,,REVISAR,tipo=PDBC - Proyectos de Desarrollo pero actividades sugiere AFOLU,,,NO_REDD,tipo: PDBC - Proyectos de Desarrollo Bajo en C (categoria distinta de REDD+ en RENARE),NO_REDD,,"[{'acciones_redd_mas_1': None, 'tasa_cambio_1': '', 'tipo_actividad_1': 308, 'contribucion_propia_1': '$ 0', 'costo_total_1': '$ 0', 'sector_cartera': '[]', 'fecha_tasa_cambio_1': None, 'fuente_relacionada_1': '', 'archivo_soporte_2_2': 'files-renare/cc,1018420586/68b22acf2cb375c800b83b90/documentossolicitud/05documentodescripcionactividadmitigacion17-03-2022-22-19-45.pdf', 'fecha_final_1': '30/07/2038', 'archivo_soporte_2_3': None, 'fecha_inicial_1': '31/07/2018', 'descripcion_actividad_1': 'Diseño, construcción y operación de sistemas de energía solar fotovoltaica para comunidades en Zonas No Interconectadas de Colombia', 'id_actividad': 3345, 'tipo_moneda_1': None, 'contribucion_externa_1': '$ 0', 'resultado_traslape': 'No se presenta traslape.', 'fecha_resultado_traslape': '06/07/2022 08:26:39', 'tipo_actividad': 308, 'nombre_tipo_actividad': 'Generación de electricidad renovable - no convencional'}]",,,,,,,,,,PDBC - Proyectos de Desarrollo Bajo en Carbono
renare|fazni-ggc-081-544-17,renare,FAZNI-GGC-081-544-17,,,REVISAR,tipo=PDBC - Proyectos de Desarrollo pero actividades sugiere AFOLU,,,NO_REDD,tipo: PDBC - Proyectos de Desarrollo Bajo en C (categoria distinta de REDD+ en RENARE),NO_REDD,,"[{'acciones_redd_mas_1': None, 'tasa_cambio_1': '', 'tipo_actividad_1': 308, 'contribucion_propia_1': '$ 0', 'costo_total_1': '$ 0', 'sector_cartera': '[]', 'fecha_tasa_cambio_1': None, 'fuente_relacionada_1': '', 'archivo_soporte_2_2': 'files-renare/cc,1018420586/68b22aca2cb375c800b83b8c/documentossolicitud/05documentodescripcionactividadmitigacion17-03-2022-22-54-10.pdf', 'fecha_final_1': '30/07/2038', 'archivo_soporte_2_3': None, 'fecha_inicial_1': '31/07/2018', 'descripcion_actividad_1': 'Diseño, construcción y operación de sistemas de energía solar fotovoltaica para comunidades en Zonas No Interconectadas de Colombia', 'id_actividad': 3348, 'tipo_moneda_1': None, 'contribucion_externa_1': '$ 0', 'resultado_traslape': 'No se presenta traslape.', 'fecha_resultado_traslape': '06/07/2022 08:30:06', 'tipo_actividad': 308, 'nombre_tipo_actividad': 'Generación de electricidad renovable - no convencional'}]",,,,,,,,,,PDBC - Proyectos de Desarrollo Bajo en Carbono
renare|fazni-ggc-116-627-17,renare,FAZNI-GGC-116-627-17,,,REVISAR,tipo=PDBC - Proyectos de Desarrollo pero actividades sugiere AFOLU,,,NO_REDD,tipo: PDBC - Proyectos de Desarrollo Bajo en C (categoria distinta de REDD+ en RENARE),NO_REDD,,"[{'acciones_redd_mas_1': None, 'tasa_cambio_1': '', 'tipo_actividad_1': 308, 'contribucion_propia_1': '$ 0', 'costo_total_1': '$ 0', 'sector_cartera': '[]', 'fecha_tasa_cambio_1': None, 'fuente_relacionada_1': '', 'archivo_soporte_2_2': 'files-renare/cc,1018420586/68b22ac52cb375c800b83b88/documentossolicitud/05documentodescripcionactividadmitigacion17-03-2022-16-01-35.pdf', 'fecha_final_1': '30/07/2038', 'archivo_soporte_2_3': None, 'fecha_inicial_1': '31/07/2018', 'descripcion_actividad_1': 'Diseño, construcción y operación de sistemas de energía solar fotovoltaica para comunidades en Zonas No Interconectadas de Colombia', 'id_actividad': 3323, 'tipo_moneda_1': None, 'contribucion_externa_1': '$ 0', 'resultado_traslape': 'No se presenta traslape.', 'fecha_resultado_traslape': '06/07/2022 09:40:06', 'tipo_actividad': 308, 'nombre_tipo_actividad': 'Generación de electricidad renovable - no convencional'}]",,,,,,,,,,PDBC - Proyectos de Desarrollo Bajo en Carbono
renare|fazni-ggc-112-619-17,renare,FAZNI-GGC-112-619-17,,,REVISAR,tipo=PDBC - Proyectos de Desarrollo pero actividades sugiere AFOLU,,,NO_REDD,tipo: PDBC - Proyectos de Desarrollo Bajo en C (categoria distinta de REDD+ en RENARE),NO_REDD,,"[{'acciones_redd_mas_1': None, 'tasa_cambio_1': '', 'tipo_actividad_1': 308, 'contribucion_propia_1': '$ 0', 'costo_total_1': '$ 0', 'sector_cartera': '[]', 'fecha_tasa_cambio_1': None, 'fuente_relacionada_1': '', 'archivo_soporte_2_2': 'files-renare/cc,1018420586/68b22ac02cb375c800b83b84/documentossolicitud/05documentodescripcionactividadmitigacion17-03-2022-16-48-39.pdf', 'fecha_final_1': '30/07/2038', 'archivo_soporte_2_3': None, 'fecha_inicial_1': '31/07/2018', 'descripcion_actividad_1': 'Diseño, construcción y operación de sistemas de energía solar fotovoltaica para comunidades en Zonas No Interconectadas de Colombia', 'id_actividad': 3328, 'tipo_moneda_1': None, 'contribucion_externa_1': '$ 0', 'resultado_traslape': 'No se presenta traslape.', 'fecha_resultado_traslape': '06/07/2022 11:42:13', 'tipo_actividad': 308, 'nombre_tipo_actividad': 'Generación de electricidad renovable - no convencional'}]",,,,,,,,,,PDBC - Proyectos de Desarrollo Bajo en Carbono
renare|fazni-ggc-098-597-17,renare,FAZNI-GGC-098-597-17,,,REVISAR,tipo=PDBC - Proyectos de Desarrollo pero actividades sugiere AFOLU,,,NO_REDD,tipo: PDBC - Proyectos de Desarrollo Bajo en C (categoria distinta de REDD+ en RENARE),NO_REDD,,"[{'acciones_redd_mas_1': None, 'tasa_cambio_1': '', 'tipo_actividad_1': 308, 'contribucion_propia_1': '$ 0', 'costo_total_1': '$ 0', 'sector_cartera': '[]', 'fecha_tasa_cambio_1': None, 'fuente_relacionada_1': '', 'archivo_soporte_2_2': 'files-renare/cc,1018420586/68b22abb2cb375c800b83b80/documentossolicitud/05documentodescripcionactividadmitigacion17-03-2022-10-28-09.pdf', 'fecha_final_1': '30/07/2038', 'archivo_soporte_2_3': None, 'fecha_inicial_1': '31/07/2018', 'descripcion_actividad_1': 'Diseño, construcción y operación de sistemas de energía solar fotovoltaica para comunidades en Zonas No Interconectadas de Colombia', 'id_actividad': 3309, 'tipo_moneda_1': None, 'contribucion_externa_1': '$ 0', 'resultado_traslape': 'No se presenta traslape.', 'fecha_resultado_traslape': '06/07/2022 12:13:10', 'tipo_actividad': 308, 'nombre_tipo_actividad': 'Generación de electricidad renovable - no convencional'}]",,,,,,,,,,PDBC - Proyectos de Desarrollo Bajo en Carbono
renare|fazni-ggc-108-614-17,renare,FAZNI-GGC-108-614-17,,,REVISAR,tipo=PDBC - Proyectos de Desarrollo pero actividades sugiere AFOLU,,,NO_REDD,tipo: PDBC - Proyectos de Desarrollo Bajo en C (categoria distinta de REDD+ en RENARE),NO_REDD,,"[{'acciones_redd_mas_1': None, 'tasa_cambio_1': '', 'tipo_actividad_1': 308, 'contribucion_propia_1': '$ 0', 'costo_total_1': '$ 0', 'sector_cartera': '[]', 'fecha_tasa_cambio_1': None, 'fuente_relacionada_1': '', 'archivo_soporte_2_2': 'files-renare/cc,1018420586/68b22ab52cb375c800b83b7c/documentossolicitud/05documentodescripcionactividadmitigacion15-03-2022-00-17-33.pdf', 'fecha_final_1': '30/07/2038', 'archivo_soporte_2_3': None, 'fecha_inicial_1': '31/07/2018', 'descripcion_actividad_1': 'Diseño, construcción y operación de sistemas de energía solar fotovoltaica para comunidades en Zonas No Interconectadas de Colombia', 'id_actividad': 3262, 'tipo_moneda_1': None, 'contribucion_externa_1': '$ 0', 'resultado_traslape': 'No se presenta traslape.', 'fecha_resultado_traslape': '07/07/2022 07:05:24', 'tipo_actividad': 308, 'nombre_tipo_actividad': 'Generación de electricidad renovable - no convencional'}]",,,,,,,,,,PDBC - Proyectos de Desarrollo Bajo en Carbono
renare|co2bio proyecto 2,renare,CO2Bio Proyecto 2,,,AFOLU,tipo: Proyecto REDD+,AFOLU,,REDD,tipo: Proyecto REDD+,REDD,,"[{'acciones_redd_mas_1': 'Capacitaciones y/o talleres impartidos fundamentados en la conservación y manejo sostenible de los ecosistemas  y su biodiversidad', 'tasa_cambio_1': '', 'tipo_actividad_1': 46, 'contribucion_propia_1': '$ 0', 'costo_total_1': '$ 0', 'sector_cartera': '[]', 'fecha_tasa_cambio_1': None, 'fuente_relacionada_1': '', 'archivo_soporte_2_2': 'files-renare/cc,1018420586/68b22ab02cb375c800b83b78/documentossolicitud/05documentodescripcionactividadmitigacion03-11-2021-11-26-15.pdf', 'fecha_final_1': '31/12/2045', 'archivo_soporte_2_3': None, 'fecha_inicial_1': '06/05/2016', 'descripcion_actividad_1': 'Aplicar procesos de formación y acompañamiento mediante ciclos de capacitaciones que fortalezcan la gestión sostenible de los ecosistemas y conservación de la biodiversidad.', 'id_actividad': 2861, 'tipo_moneda_1': None, 'contribucion_externa_1': '$ 0', 'depositos_carbono_1': '[{""depositos_carbono_1_1"": {""value"": 167}}]', 'resultado_traslape': 'No se presenta traslape.', 'fecha_resultado_traslape': '28/01/2022 10:44:27', 'tipo_actividad': 46, 'nombre_tipo_actividad': 'Reducción de las emisiones debidas a la deforestación'}, {'acciones_redd_mas_1': 'Reconocimiento socio ambiental de los predios.\nSeguimiento a la implementación de actividades que fortalezcan las estructuras de gobernanza.', 'tasa_cambio_1': '', 'tipo_actividad_1': 47, 'contribucion_propia_1': '$ 0', 'costo_total_1': '$ 0', 'sector_cartera': '[]', 'fecha_tasa_cambio_1': None, 'fuente_relacionada_1': '', 'archivo_soporte_2_2': 'files-renare/cc,1018420586/68b22ab02cb375c800b83b78/documentossolicitud/05documentodescripcionactividadmitigacion03-11-2021-11-36-48.pdf', 'fecha_final_1': '31/12/2045', 'archivo_soporte_2_3': None, 'fecha_inicial_1': '06/05/2016', 'descripcion_actividad_1': 'Consolidar y adaptar los principios de la gobernanza para el manejo sostenible de los ecosistemas', 'id_actividad': 2862, 'tipo_moneda_1': None, 'contribucion_externa_1': '$ 0', 'depositos_carbono_1': '[{""depositos_carbono_1_1"": {""value"": 170}}]', 'resultado_traslape': 'No se presenta traslape.', 'fecha_resultado_traslape': '28/01/2022 10:51:48', 'tipo_actividad': 47, 'nombre_tipo_actividad': 'Reducción de las emisiones debidas a la degradación forestal'}, {'acciones_redd_mas_1': 'Realizar seguimiento a cambios por deforestación, degradación y/o transformación de las áreas elegibles', 'tasa_cambio_1': '', 'tipo_actividad_1': 49, 'contribucion_propia_1': '$ 0', 'costo_total_1': '$ 0', 'sector_cartera': '[]', 'fecha_tasa_cambio_1': None, 'fuente_relacionada_1': '', 'archivo_soporte_2_2': 'files-renare/cc,1018420586/68b22ab02cb375c800b83b78/documentossolicitud/05documentodescripcionactividadmitigacion03-11-2021-11-40-14.pdf', 'fecha_final_1': '31/12/2045', 'archivo_soporte_2_3': None, 'fecha_inicial_1': '06/05/2016', 'descripcion_actividad_1': 'Generar alertas de cambios por deforestación, degradación y/o transformación de los ecosistemas en el área del proyecto y sus alrededores', 'id_actividad': 2863, 'tipo_moneda_1': None, 'contribucion_externa_1': '$ 0', 'depositos_carbono_1': '[{""depositos_carbono_1_1"": {""value"": 170}}]', 'resultado_traslape': 'No se presenta traslape.', 'fecha_resultado_traslape': '28/01/2022 10:53:50', 'tipo_actividad': 49, 'nombre_tipo_actividad': 'Gestión sostenible de los bosques'}, {'acciones_redd_mas_1': '1 .Reconocimiento productivo de los predios\n2. Seguimiento a las actividades realizadas para mejorar la productividad del predio', 'tasa_cambio_1': '', 'tipo_actividad_1': 48, 'contribucion_propia_1': '$ 0', 'costo_total_1': '$ 0', 'sector_cartera': '[]', 'fecha_tasa_cambio_1': None, 'fuente_relacionada_1': '', 'archivo_soporte_2_2': 'files-renare/cc,1018420586/68b22ab02cb375c800b83b78/documentossolicitud/05documentodescripcionactividadmitigacion03-11-2021-11-53-47.pdf', 'fecha_final_1': '31/12/2045', 'archivo_soporte_2_3': None, 'fecha_inicial_1': '06/05/2016', 'descripcion_actividad_1': 'Promover y mejorar la producción agrícola, pecuaria (en tierras existentes) y turismo, mediante la implementación de buenas prácticas sostenibles', 'id_actividad': 2864, 'tipo_moneda_1': None, 'contribucion_externa_1': '$ 0', 'depositos_carbono_1': '[{""depositos_carbono_1_1"": {""value"": 168}}]', 'resultado_traslape': 'No se presenta traslape.', 'fecha_resultado_traslape': '28/01/2022 10:56:38', 'tipo_actividad': 48, 'nombre_tipo_actividad': 'Conservación de las reservas forestales de carbono'}, {'acciones_redd_mas_1': 'Apoyo en el diligenciamiento del permiso de aprovechamiento forestal por parte del propietario', 'tasa_cambio_1': '', 'tipo_actividad_1': 50, 'contribucion_propia_1': '$ 0', 'costo_total_1': '$ 0', 'sector_cartera': '[]', 'fecha_tasa_cambio_1': None, 'fuente_relacionada_1': '', 'archivo_soporte_2_2': 'files-renare/cc,1018420586/68b22ab02cb375c800b83b78/documentossolicitud/05documentodescripcionactividadmitigacion03-11-2021-11-57-16.pdf', 'fecha_final_1': '31/12/2045', 'archivo_soporte_2_3': None, 'fecha_inicial_1': '06/05/2016', 'descripcion_actividad_1': 'Promover la legalidad forestal.', 'id_actividad': 2865, 'tipo_moneda_1': None, 'contribucion_externa_1': '$ 0', 'depositos_carbono_1': '[{""depositos_carbono_1_1"": {""value"": 168}}]', 'resultado_traslape': 'No se presenta traslape.', 'fecha_resultado_traslape': '28/01/2022 10:59:12', 'tipo_actividad': 50, 'nombre_tipo_actividad': 'Incremento de las reservas forestales de carbono'}]",,,,,,,,,,Proyecto REDD+
renare|cumare carbon proyect,renare,Cumare Carbon Proyect,,,REVISAR,tipo=PDBC - Proyectos de Desarrollo pero actividades sugiere AFOLU,,,NO_REDD,tipo: PDBC - Proyectos de Desarrollo Bajo en C (categoria distinta de REDD+ en RENARE),NO_REDD,,"[{'acciones_redd_mas_1': None, 'tasa_cambio_1': '', 'tipo_actividad_1': 500, 'contribucion_propia_1': '$ 0', 'costo_total_1': '$ 0', 'sector_cartera': '[]', 'fecha_tasa_cambio_1': None, 'fuente_relacionada_1': '', 'archivo_soporte_2_2': 'files-renare/cc,1018420586/68b22aaf2cb375c800b83b75/documentossolicitud/05documentodescripcionactividadmitigacion03-11-2021-14-10-27.pdf', 'fecha_final_1': '01/11/2020', 'archivo_soporte_2_3': None, 'fecha_inicial_1': '01/11/2016', 'descripcion_actividad_1': 'plantación de especies forestales', 'id_actividad': 2881, 'tipo_moneda_1': None, 'contribucion_externa_1': '$ 0', 'resultado_traslape': 'No se presenta traslape.', 'fecha_resultado_traslape': '03/11/2021 14:11:18', 'tipo_actividad': 500, 'nombre_tipo_actividad': 'Plantaciones comerciales'}]",,,,,,,,,,PDBC - Proyectos de Desarrollo Bajo en Carbono
renare|fazni-ggc-087-585-17,renare,FAZNI-GGC-087-585-17,,,REVISAR,tipo=PDBC - Proyectos de Desarrollo pero actividades sugiere AFOLU,,,NO_REDD,tipo: PDBC - Proyectos de Desarrollo Bajo en C (categoria distinta de REDD+ en RENARE),NO_REDD,,"[{'acciones_redd_mas_1': None, 'tasa_cambio_1': '', 'tipo_actividad_1': 308, 'contribucion_propia_1': '$ 0', 'costo_total_1': '$ 0', 'sector_cartera': '[]', 'fecha_tasa_cambio_1': None, 'fuente_relacionada_1': '', 'archivo_soporte_2_2': 'files-renare/cc,1018420586/68b22aaa2cb375c800b83b71/documentossolicitud/05documentodescripcionactividadmitigacion14-03-2022-17-07-00.pdf', 'fecha_final_1': '30/07/2038', 'archivo_soporte_2_3': None, 'fecha_inicial_1': '31/07/2018', 'descripcion_actividad_1': 'Diseño, construcción y operación de sistemas de energía solar fotovoltaica para comunidades en Zonas No Interconectadas en Colombia', 'id_actividad': 3242, 'tipo_moneda_1': None, 'contribucion_externa_1': '$ 0', 'resultado_traslape': 'No se presenta traslape.', 'fecha_resultado_traslape': '07/07/2022 07:07:48', 'tipo_actividad': 308, 'nombre_tipo_actividad': 'Generación de electricidad renovable - no convencional'}]",,,,,,,,,,PDBC - Proyectos de Desarrollo Bajo en Carbono
renare|deiyiabena redd+ nukak,renare,DEIYIABENA REDD+ NUKAK,,,AFOLU,tipo: Proyecto REDD+,AFOLU,,REDD,tipo: Proyecto REDD+,REDD,,"[{'acciones_redd_mas_1': 'Fomento de capacidades, etnodesarrollo sostenible, gestión de recursos naturales, gobernanza y monitoreo, reporte y verificación comunitario', 'tasa_cambio_1': '', 'tipo_actividad_1': 47, 'contribucion_propia_1': '$ 0', 'costo_total_1': '$ 0', 'sector_cartera': '[]', 'fecha_tasa_cambio_1': None, 'fuente_relacionada_1': '', 'archivo_soporte_2_2': 'files-renare/cc,1018420586/68b22aa92cb375c800b83b6e/documentossolicitud/05documentodescripcionactividadmitigacion25-11-2021-12-32-58.pdf', 'fecha_final_1': '31/12/2035', 'archivo_soporte_2_3': None, 'fecha_inicial_1': '01/01/2016', 'descripcion_actividad_1': 'La reducción de emisiones debidas a la degradación forestal se basa en el uso sostenible de los bosques y su gestión adecuada.', 'id_actividad': 2981, 'tipo_moneda_1': None, 'contribucion_externa_1': '$ 0', 'depositos_carbono_1': '[{""depositos_carbono_1_1"": {""value"": 131}}]', 'resultado_traslape': 'No se presenta traslape.', 'fecha_resultado_traslape': '02/08/2022 13:50:52', 'tipo_actividad': 47, 'nombre_tipo_actividad': 'Reducción de las emisiones debidas a la degradación forestal'}, {'acciones_redd_mas_1': 'Líneas estratégicas: gestión de recursos naturales; fomento de capacidades; Gobernanza; Monitoreo, Seguimiento, Control y Evaluación y Etnodesarrollo', 'tasa_cambio_1': '', 'tipo_actividad_1': 46, 'contribucion_propia_1': '$ 0', 'costo_total_1': '$ 0', 'sector_cartera': '[]', 'fecha_tasa_cambio_1': None, 'fuente_relacionada_1': '', 'archivo_soporte_2_2': 'files-renare/cc,1018420586/68b22aa92cb375c800b83b6e/documentossolicitud/05documentodescripcionactividadmitigacion25-11-2021-12-37-09.pdf', 'fecha_final_1': '31/12/2035', 'archivo_soporte_2_3': None, 'fecha_inicial_1': '01/01/2016', 'descripcion_actividad_1': 'Consiste en el fomento de la gestión de recurso naturales para que la comunidad evite el cambio de cobertura forestal a otros usos.', 'id_actividad': 2982, 'tipo_moneda_1': None, 'contribucion_externa_1': '$ 0', 'depositos_carbono_1': '[{""depositos_carbono_1_1"": {""value"": 170}}, {""depositos_carbono_1_1"": {""value"": 167}}, {""depositos_carbono_1_1"": {""value"": 131}}]', 'resultado_traslape': 'Se presenta un traslape de tipo NO compatible.', 'fecha_resultado_traslape': '02/08/2022 13:44:57', 'tipo_actividad': 46, 'nombre_tipo_actividad': 'Reducción de las emisiones debidas a la deforestación'}]",,,,,,,,,,Proyecto REDD+
renare|pch la naveta,renare,PCH LA NAVETA,,,REVISAR,tipo=PDBC - Proyectos de Desarrollo pero actividades sugiere AFOLU,,,NO_REDD,tipo: PDBC - Proyectos de Desarrollo Bajo en C (categoria distinta de REDD+ en RENARE),NO_REDD,,"[{'acciones_redd_mas_1': None, 'tasa_cambio_1': '', 'tipo_actividad_1': 544, 'contribucion_propia_1': '$ 165.000.000', 'costo_total_1': '$ 165.000.000', 'sector_cartera': '[]', 'fecha_tasa_cambio_1': None, 'fuente_relacionada_1': '{""value"":""CO2""}', 'archivo_soporte_2_2': 'files-renare/cc,1018420586/68b22aa42cb375c800b83b6a/documentossolicitud/05documentodescripcionactividadmitigacion15-10-2024-18-05-45.pdf', 'fecha_final_1': '27/11/2064', 'archivo_soporte_2_3': None, 'fecha_inicial_1': '27/11/2014', 'descripcion_actividad_1': 'IAC Energy tiene como objetivo desarrollar la construcción, rehabilitación y la operación de la hidroeléctrica conocida como PCH La Naveta. Esta planta cuenta con una capacidad máxima de generación de 5,04 MW.', 'id_actividad': 4142, 'tipo_moneda_1': 173, 'contribucion_externa_1': '$ 0', 'resultado_traslape': 'No se presenta traslape.', 'fecha_resultado_traslape': '15/10/2024 18:05:45', 'tipo_actividad': 544, 'nombre_tipo_actividad': 'Eficiencia energética en producción de electricidad y calor'}]",,,,,,,,,,PDBC - Proyectos de Desarrollo Bajo en Carbono
renare|proyecto comunitario cocomacia redd+ choco / antioquia colombia,renare,PROYECTO COMUNITARIO COCOMACIA REDD+ CHOCO / ANTIOQUIA COLOMBIA,,,AFOLU,tipo: Proyecto REDD+,AFOLU,,REDD,tipo: Proyecto REDD+,REDD,,"[{'acciones_redd_mas_1': 'a) reducción de las emisiones debidas a la deforestación;\nb) reducción de las emisiones debidas a la degradación forestal;\nc) conservación de las reservas forestales de carbono;\nd) gestión sostenible de los bosques; e\ne) incremento de las reservas forestales de carbono.', 'tasa_cambio_1': '', 'tipo_actividad_1': 46, 'contribucion_propia_1': '$ 0', 'costo_total_1': '$ 0', 'sector_cartera': '[]', 'fecha_tasa_cambio_1': None, 'fuente_relacionada_1': '', 'archivo_soporte_2_2': 'files-renare/cc,1018420586/68b22a9e2cb375c800b83b66/documentossolicitud/05documentodescripcionactividadmitigacion25-10-2021-16-59-43.pdf', 'fecha_final_1': '14/04/2117', 'archivo_soporte_2_3': None, 'fecha_inicial_1': '01/02/2021', 'descripcion_actividad_1': 'Manejo forestal sostenible, además de la reducción de la degradación y las actividades incluidas bajo el CCB', 'id_actividad': 2821, 'tipo_moneda_1': None, 'contribucion_externa_1': '$ 0', 'depositos_carbono_1': '[{""depositos_carbono_1_1"": {""value"": 170}}, {""depositos_carbono_1_1"": {""value"": 169}}, {""depositos_carbono_1_1"": {""value"": 168}}, {""depositos_carbono_1_1"": {""value"": 167}}, {""depositos_carbono_1_1"": {""value"": 131}}]', 'resultado_traslape': 'No se presenta traslape.', 'fecha_resultado_traslape': '02/11/2021 13:42:08', 'tipo_actividad': 46, 'nombre_tipo_actividad': 'Reducción de las emisiones debidas a la deforestación'}]",,,,,,,,,,Proyecto REDD+
renare|maloca vaupes,renare,Maloca Vaupes,,,AFOLU,tipo: Proyecto REDD+,AFOLU,,REDD,tipo: Proyecto REDD+,REDD,,"[{'acciones_redd_mas_1': 'Fortalecimiento de la gobernanza y control territorial; fortalecimiento de actividades tradicionales de producción amazónica basada en productos no maderables; uso sostenible de la biodiversidad.', 'tasa_cambio_1': '', 'tipo_actividad_1': 47, 'contribucion_propia_1': '$ 0', 'costo_total_1': '$ 0', 'sector_cartera': '[]', 'fecha_tasa_cambio_1': None, 'fuente_relacionada_1': '', 'archivo_soporte_2_2': 'files-renare/cc,1018420586/68b22a9d2cb375c800b83b63/documentossolicitud/05documentodescripcionactividadmitigacion19-09-2021-07-27-26.pdf', 'fecha_final_1': '31/12/2037', 'archivo_soporte_2_3': None, 'fecha_inicial_1': '01/01/2018', 'descripcion_actividad_1': 'Reducción de las emisiones de GEI, debido a la reducción de la degradación de los bosques naturales', 'id_actividad': 2802, 'tipo_moneda_1': None, 'contribucion_externa_1': '$ 0', 'depositos_carbono_1': '[{""depositos_carbono_1_1"": {""value"": 170}}, {""depositos_carbono_1_1"": {""value"": 167}}, {""depositos_carbono_1_1"": {""value"": 131}}]', 'resultado_traslape': 'No se presenta traslape.', 'fecha_resultado_traslape': '19/09/2021 07:27:23', 'tipo_actividad': 47, 'nombre_tipo_actividad': 'Reducción de las emisiones debidas a la degradación forestal'}, {'acciones_redd_mas_1': 'Gobernanza y control territorial\nFortalecimiento de actividades productivas tradicionales de la cultura amazónica.\nPromoción de usos sostenibles del bosque enfocados en productos no maderables\nConservación de la biodiversidad\nFortalecimiento de capacidades en cambio climático.', 'tasa_cambio_1': '', 'tipo_actividad_1': 46, 'contribucion_propia_1': '$ 0', 'costo_total_1': '$ 0', 'sector_cartera': '[]', 'fecha_tasa_cambio_1': None, 'fuente_relacionada_1': '', 'archivo_soporte_2_2': 'files-renare/cc,1018420586/68b22a9d2cb375c800b83b63/documentossolicitud/05documentodescripcionactividadmitigacion19-09-2021-07-21-18.pdf', 'fecha_final_1': '31/12/2047', 'archivo_soporte_2_3': None, 'fecha_inicial_1': '01/01/2018', 'descripcion_actividad_1': 'Reducción de las emisiones de GEI por reducción de la deforestación: incluye actividades de control y gobernanza territorial; promoción de medios de vida y producción tradicionales de la cultura amazónica y la conservación de la biodiversidad', 'id_actividad': 2801, 'tipo_moneda_1': None, 'contribucion_externa_1': '$ 0', 'depositos_carbono_1': '[{""depositos_carbono_1_1"": {""value"": 170}}, {""depositos_carbono_1_1"": {""value"": 167}}, {""depositos_carbono_1_1"": {""value"": 131}}]', 'resultado_traslape': 'No se presenta traslape.', 'fecha_resultado_traslape': '19/09/2021 07:21:15', 'tipo_actividad': 46, 'nombre_tipo_actividad': 'Reducción de las emisiones debidas a la deforestación'}]",,,,,,,,,,Proyecto REDD+
renare|proyecto forestal co2cero casanare _3_2021,renare,PROYECTO FORESTAL CO2CERO CASANARE _3_2021,,,REVISAR,tipo=PDBC - Proyectos de Desarrollo pero actividades sugiere AFOLU,,,NO_REDD,tipo: PDBC - Proyectos de Desarrollo Bajo en C (categoria distinta de REDD+ en RENARE),NO_REDD,,"[{'acciones_redd_mas_1': None, 'tasa_cambio_1': '', 'tipo_actividad_1': 500, 'contribucion_propia_1': '$ 0', 'costo_total_1': '$ 2.893.957.568', 'sector_cartera': '[]', 'fecha_tasa_cambio_1': None, 'fuente_relacionada_1': '', 'archivo_soporte_2_2': 'files-renare/cc,1018420586/68b22a982cb375c800b83b5f/documentossolicitud/05documentodescripcionactividadmitigacion11-08-2021-08-52-31.pdf', 'fecha_final_1': '21/03/2093', 'archivo_soporte_2_3': None, 'fecha_inicial_1': '22/03/2010', 'descripcion_actividad_1': 'Establecimiento de plantaciones comerciales de Pino y Eucalipto, en la Orinoquía colombiana', 'id_actividad': 2621, 'tipo_moneda_1': None, 'contribucion_externa_1': '$ 0', 'resultado_traslape': 'No se presenta traslape.', 'fecha_resultado_traslape': '20/09/2021 17:36:52', 'tipo_actividad': 500, 'nombre_tipo_actividad': 'Plantaciones comerciales'}]",,,,,,,,,,PDBC - Proyectos de Desarrollo Bajo en Carbono
renare|carbono agroporvanda,renare,CARBONO AGROPORVANDA,,,REVISAR,tipo=PDBC - Proyectos de Desarrollo pero actividades sugiere AFOLU,,,NO_REDD,tipo: PDBC - Proyectos de Desarrollo Bajo en C (categoria distinta de REDD+ en RENARE),NO_REDD,,"[{'acciones_redd_mas_1': None, 'tasa_cambio_1': '', 'tipo_actividad_1': 500, 'contribucion_propia_1': '$ 0', 'costo_total_1': '$ 0', 'sector_cartera': '[]', 'fecha_tasa_cambio_1': None, 'fuente_relacionada_1': '', 'archivo_soporte_2_2': None, 'fecha_final_1': '31/12/2031', 'archivo_soporte_2_3': None, 'fecha_inicial_1': '01/01/2008', 'descripcion_actividad_1': 'siembra de especies forestales', 'id_actividad': 2721, 'tipo_moneda_1': None, 'contribucion_externa_1': '$ 0', 'resultado_traslape': 'No se presenta traslape.', 'fecha_resultado_traslape': '25/08/2021 19:17:21', 'tipo_actividad': 500, 'nombre_tipo_actividad': 'Plantaciones comerciales'}]",,,,,,,,,,PDBC - Proyectos de Desarrollo Bajo en Carbono
renare|kuvay macaro vidi redd+ caruru,renare,KÚVAY MACÄRÖ VIDI REDD+ CARURÚ,,,AFOLU,tipo: Proyecto REDD+,AFOLU,,REDD,tipo: Proyecto REDD+,REDD,,"[{'acciones_redd_mas_1': 'Reducción de las emisiones de GEI a causa de la degradación forestal no planeada', 'tasa_cambio_1': '', 'tipo_actividad_1': 714, 'contribucion_propia_1': '', 'costo_total_1': '', 'sector_cartera': '[{""sector_cartera_2"": {""value"":418}}]', 'fecha_tasa_cambio_1': None, 'fuente_relacionada_1': '{""value"":""Degradación forestal Núcleo-Borde""}', 'archivo_soporte_2_2': 'files-renare/cc,1018420586/68b22a882cb375c800b83b53/documentossolicitud/05documentodescripcionactividadmitigacion16-12-2024-10-47-37.pdf', 'fecha_final_1': '31/12/2048', 'archivo_soporte_2_3': None, 'fecha_inicial_1': '01/01/2019', 'descripcion_actividad_1': 'Reducción de las emisiones de GEI a causa de la degradación forestal, con base en el mejoramiento de las practicas economicas propias y guardia indigena.', 'id_actividad': 4363, 'tipo_moneda_1': None, 'contribucion_externa_1': '', 'depositos_carbono_1': '[{""depositos_carbono_1_1"": {""value"": 131}}, {""depositos_carbono_1_1"": {""value"": 167}}, {""depositos_carbono_1_1"": {""value"": 170}}]', 'resultado_traslape': 'No se presenta traslape.', 'fecha_resultado_traslape': '16/12/2024 10:49:33', 'tipo_actividad': 714, 'nombre_tipo_actividad': 'Reducción de las emisiones debidas a la degradación forestal'}, {'acciones_redd_mas_1': 'Reducción de las emisiones de GEI por deforestación no planeadas', 'tasa_cambio_1': '', 'tipo_actividad_1': 706, 'contribucion_propia_1': '', 'costo_total_1': '', 'sector_cartera': '[{""sector_cartera_2"": {""value"":418}}]', 'fecha_tasa_cambio_1': None, 'fuente_relacionada_1': '{""value"":""Deforestación""}', 'archivo_soporte_2_2': 'files-renare/cc,1018420586/68b22a882cb375c800b83b53/documentossolicitud/05documentodescripcionactividadmitigacion16-12-2024-10-43-48.pdf', 'fecha_final_1': '31/12/2048', 'archivo_soporte_2_3': None, 'fecha_inicial_1': '01/01/2019', 'descripcion_actividad_1': 'Reducción de las emisiones debidas a la deforestación con base en el fortalecimineto de la gorbernanza indigena ', 'id_actividad': 4361, 'tipo_moneda_1': None, 'contribucion_externa_1': '', 'depositos_carbono_1': '[{""depositos_carbono_1_1"": {""value"": 131}}, {""depositos_carbono_1_1"": {""value"": 167}}, {""depositos_carbono_1_1"": {""value"": 170}}]', 'resultado_traslape': 'No se presenta traslape.', 'fecha_resultado_traslape': '16/12/2024 10:43:45', 'tipo_actividad': 706, 'nombre_tipo_actividad': 'Reducción de las emisiones debidas a la deforestación'}, {'acciones_redd_mas_1': 'Reducción de la emisiones de GEI por la degradación forestal', 'tasa_cambio_1': '', 'tipo_actividad_1': 714, 'contribucion_propia_1': '', 'costo_total_1': '', 'sector_cartera': '[{""sector_cartera_2"": {""value"":418}}]', 'fecha_tasa_cambio_1': None, 'fuente_relacionada_1': '{""value"":""Degradación Forestal Núcleo-Parche""}', 'archivo_soporte_2_2': 'files-renare/cc,1018420586/68b22a882cb375c800b83b53/documentossolicitud/05documentodescripcionactividadmitigacion16-12-2024-10-48-41.pdf', 'fecha_final_1': '31/12/2048', 'archivo_soporte_2_3': None, 'fecha_inicial_1': '01/01/2019', 'descripcion_actividad_1': 'Reducción de las emisiones de GEI a causa de la degradación forestal, con base en el mejoramiento de las practicas economicas propias y guardia indigena.', 'id_actividad': 4364, 'tipo_moneda_1': None, 'contribucion_externa_1': '', 'depositos_carbono_1': '[{""depositos_carbono_1_1"": {""value"": 131}}, {""depositos_carbono_1_1"": {""value"": 167}}, {""depositos_carbono_1_1"": {""value"": 170}}]', 'resultado_traslape': 'No se presenta traslape.', 'fecha_resultado_traslape': '16/12/2024 10:49:33', 'tipo_actividad': 714, 'nombre_tipo_actividad': 'Reducción de las emisiones debidas a la degradación forestal'}, {'acciones_redd_mas_1': 'Reducción de la degradación forestal no planeada', 'tasa_cambio_1': '', 'tipo_actividad_1': 714, 'contribucion_propia_1': '', 'costo_total_1': '', 'sector_cartera': '[{""sector_cartera_2"": {""value"":418}}]', 'fecha_tasa_cambio_1': None, 'fuente_relacionada_1': '{""value"":""Degradación Forestal Núcleo-Perforado""}', 'archivo_soporte_2_2': 'files-renare/cc,1018420586/68b22a882cb375c800b83b53/documentossolicitud/05documentodescripcionactividadmitigacion16-12-2024-10-46-22.pdf', 'fecha_final_1': '31/12/2048', 'archivo_soporte_2_3': None, 'fecha_inicial_1': '01/01/2019', 'descripcion_actividad_1': 'Reducción de las emisiones de GEI a causa de la degradación forestal, con base en el mejoramiento de las practicas economicas propias y guardia indigena.', 'id_actividad': 4362, 'tipo_moneda_1': None, 'contribucion_externa_1': '', 'depositos_carbono_1': '[{""depositos_carbono_1_1"": {""value"": 131}}, {""depositos_carbono_1_1"": {""value"": 167}}, {""depositos_carbono_1_1"": {""value"": 170}}]', 'resultado_traslape': 'No se presenta traslape.', 'fecha_resultado_traslape': '16/12/2024 10:49:33', 'tipo_actividad': 714, 'nombre_tipo_actividad': 'Reducción de las emisiones debidas a la degradación forestal'}]",,,,,,,,,,Proyecto REDD+
renare|femawa redd+ parte alta del rio guainia,renare,FEMAWA REDD+ Parte Alta del Río Guainia,,,AFOLU,tipo: Proyecto REDD+,AFOLU,,REDD,tipo: Proyecto REDD+,REDD,,[],,,,,,,,,,Proyecto REDD+
renare|fazni-ggc-122-643-17,renare,FAZNI-GGC-122-643-17,,,REVISAR,tipo=PDBC - Proyectos de Desarrollo pero actividades sugiere AFOLU,,,NO_REDD,tipo: PDBC - Proyectos de Desarrollo Bajo en C (categoria distinta de REDD+ en RENARE),NO_REDD,,"[{'acciones_redd_mas_1': None, 'tasa_cambio_1': '', 'tipo_actividad_1': 308, 'contribucion_propia_1': '$ 0', 'costo_total_1': '$ 0', 'sector_cartera': '[]', 'fecha_tasa_cambio_1': None, 'fuente_relacionada_1': '', 'archivo_soporte_2_2': 'files-renare/cc,1018420586/68b22a822cb375c800b83b4c/documentossolicitud/05documentodescripcionactividadmitigacion17-03-2022-09-30-42.pdf', 'fecha_final_1': '30/07/2038', 'archivo_soporte_2_3': None, 'fecha_inicial_1': '31/07/2018', 'descripcion_actividad_1': 'Diseño, construcción y operación de sistemas de energía solar fotovoltaica para comunidades en Zonas No Interconectadas de Colombia', 'id_actividad': 3306, 'tipo_moneda_1': None, 'contribucion_externa_1': '$ 0', 'resultado_traslape': 'No se presenta traslape.', 'fecha_resultado_traslape': '30/06/2022 07:58:55', 'tipo_actividad': 308, 'nombre_tipo_actividad': 'Generación de electricidad renovable - no convencional'}]",,,,,,,,,,PDBC - Proyectos de Desarrollo Bajo en Carbono
renare|fazni-ggc-095-573-17,renare,FAZNI-GGC-095-573-17,,,REVISAR,tipo=PDBC - Proyectos de Desarrollo pero actividades sugiere AFOLU,,,NO_REDD,tipo: PDBC - Proyectos de Desarrollo Bajo en C (categoria distinta de REDD+ en RENARE),NO_REDD,,"[{'acciones_redd_mas_1': None, 'tasa_cambio_1': '', 'tipo_actividad_1': 308, 'contribucion_propia_1': '$ 0', 'costo_total_1': '$ 0', 'sector_cartera': '[]', 'fecha_tasa_cambio_1': None, 'fuente_relacionada_1': '', 'archivo_soporte_2_2': 'files-renare/cc,1018420586/68b22a7d2cb375c800b83b48/documentossolicitud/05documentodescripcionactividadmitigacion17-03-2022-22-41-23.pdf', 'fecha_final_1': '30/07/2038', 'archivo_soporte_2_3': None, 'fecha_inicial_1': '31/07/2018', 'descripcion_actividad_1': 'Diseño, construcción y operación de sistemas de energía solar fotovoltaica para comunidades en Zonas No Interconectadas de Colombia', 'id_actividad': 3347, 'tipo_moneda_1': None, 'contribucion_externa_1': '$ 0', 'resultado_traslape': 'No se presenta traslape.', 'fecha_resultado_traslape': '06/07/2022 08:29:23', 'tipo_actividad': 308, 'nombre_tipo_actividad': 'Generación de electricidad renovable - no convencional'}]",,,,,,,,,,PDBC - Proyectos de Desarrollo Bajo en Carbono
renare|fazni-ggc-397-16,renare,FAZNI-GGC-397-16,,,REVISAR,tipo=PDBC - Proyectos de Desarrollo pero actividades sugiere AFOLU,,,NO_REDD,tipo: PDBC - Proyectos de Desarrollo Bajo en C (categoria distinta de REDD+ en RENARE),NO_REDD,,"[{'acciones_redd_mas_1': None, 'tasa_cambio_1': '', 'tipo_actividad_1': 308, 'contribucion_propia_1': '$ 0', 'costo_total_1': '$ 0', 'sector_cartera': '[]', 'fecha_tasa_cambio_1': None, 'fuente_relacionada_1': '', 'archivo_soporte_2_2': 'files-renare/cc,1018420586/68b22a782cb375c800b83b44/documentossolicitud/05documentodescripcionactividadmitigacion17-03-2022-23-00-51.pdf', 'fecha_final_1': '14/12/2037', 'archivo_soporte_2_3': None, 'fecha_inicial_1': '15/12/2017', 'descripcion_actividad_1': 'Diseño, construcción y operación de sistemas de energía solar fotovoltaica para comunidades en Zonas No Interconectadas de Colombia', 'id_actividad': 3349, 'tipo_moneda_1': None, 'contribucion_externa_1': '$ 0', 'resultado_traslape': 'No se presenta traslape.', 'fecha_resultado_traslape': '06/07/2022 09:15:10', 'tipo_actividad': 308, 'nombre_tipo_actividad': 'Generación de electricidad renovable - no convencional'}]",,,,,,,,,,PDBC - Proyectos de Desarrollo Bajo en Carbono
renare|proyecto carbono verde,renare,Proyecto Carbono Verde,,,REVISAR,tipo=PDBC - Proyectos de Desarrollo pero actividades sugiere AFOLU,,,NO_REDD,tipo: PDBC - Proyectos de Desarrollo Bajo en C (categoria distinta de REDD+ en RENARE),NO_REDD,,"[{'acciones_redd_mas_1': None, 'tasa_cambio_1': '', 'tipo_actividad_1': 500, 'contribucion_propia_1': '$ 0', 'costo_total_1': '$ 0', 'sector_cartera': '[]', 'fecha_tasa_cambio_1': None, 'fuente_relacionada_1': '', 'archivo_soporte_2_2': 'files-renare/cc,1018420586/68b22a722cb375c800b83b40/documentossolicitud/05documentodescripcionactividadmitigacion17-11-2021-00-29-11.pdf', 'fecha_final_1': '10/04/2021', 'archivo_soporte_2_3': None, 'fecha_inicial_1': '23/05/2011', 'descripcion_actividad_1': 'El proyecto carbono verde incluye la certificación de la remoción de emisiones de GEI realizadas a partir del establecimiento de plantaciones forestales con las especies Teca y Gmelina. Los lineamientos de las actividades forestales se describen en detalle en el PDD del Proyecto Carbono Verde', 'id_actividad': 2901, 'tipo_moneda_1': None, 'contribucion_externa_1': '$ 0', 'resultado_traslape': 'No se presenta traslape.', 'fecha_resultado_traslape': '17/11/2021 00:29:01', 'tipo_actividad': 500, 'nombre_tipo_actividad': 'Plantaciones comerciales'}]",,,,,,,,,,PDBC - Proyectos de Desarrollo Bajo en Carbono
renare|proyecto de carbono en bosques de sabor y aroma,renare,Proyecto de Carbono en Bosques de Sabor y Aroma,,,REVISAR,tipo=PDBC - Proyectos de Desarrollo pero actividades sugiere AFOLU,,,NO_REDD,tipo: PDBC - Proyectos de Desarrollo Bajo en C (categoria distinta de REDD+ en RENARE),NO_REDD,,"[{'acciones_redd_mas_1': None, 'tasa_cambio_1': '', 'tipo_actividad_1': 500, 'contribucion_propia_1': '$ 0', 'costo_total_1': '$ 0', 'sector_cartera': '[]', 'fecha_tasa_cambio_1': None, 'fuente_relacionada_1': '', 'archivo_soporte_2_2': 'files-renare/cc,1018420586/68b22a722cb375c800b83b3d/documentossolicitud/05documentodescripcionactividadmitigacion17-11-2021-11-32-54.pdf', 'fecha_final_1': '04/04/2072', 'archivo_soporte_2_3': None, 'fecha_inicial_1': '04/04/2022', 'descripcion_actividad_1': 'El proyecto de secuestro de carbono ¿Carbono en Bosques de Sabor y Aroma (C-BOSAR)¿, es un proyecto agrupado ARR, basado en la mejora de las técnicas agrícolas incluyendo sistemas agroforestales de café cacao y miel. Tiene como objetivo transformar el uso del suelo a actividades más sostenibles.', 'id_actividad': 2921, 'tipo_moneda_1': None, 'contribucion_externa_1': '$ 0', 'resultado_traslape': 'No se presenta traslape.', 'fecha_resultado_traslape': '17/11/2021 11:33:21', 'tipo_actividad': 500, 'nombre_tipo_actividad': 'Plantaciones comerciales'}]",,,,,,,,,,PDBC - Proyectos de Desarrollo Bajo en Carbono
renare|redd+ puerto zabalo-los monos,renare,REDD+ Puerto Zábalo-Los Monos,,,AFOLU,tipo: Proyecto REDD+,AFOLU,,REDD,tipo: Proyecto REDD+,REDD,,"[{'acciones_redd_mas_1': 'Fortalecimiento de la gobernanza territorial, planificación y ordenamiento del territorio', 'tasa_cambio_1': '', 'tipo_actividad_1': 50, 'contribucion_propia_1': '$ 0', 'costo_total_1': '$ 0', 'sector_cartera': '[]', 'fecha_tasa_cambio_1': None, 'fuente_relacionada_1': '', 'archivo_soporte_2_2': 'files-renare/cc,1018420586/68b22a6c2cb375c800b83b39/documentossolicitud/05documentodescripcionactividadmitigacion17-01-2022-12-30-33.pdf', 'fecha_final_1': '16/01/2048', 'archivo_soporte_2_3': None, 'fecha_inicial_1': '17/01/2018', 'descripcion_actividad_1': 'Aumentar las reservas de carbono mediante el desarrollo de actividades de restauración activa y la producción de material vegetal en viveros', 'id_actividad': 3123, 'tipo_moneda_1': None, 'contribucion_externa_1': '$ 0', 'depositos_carbono_1': '[{""depositos_carbono_1_1"": {""value"": 167}}, {""depositos_carbono_1_1"": {""value"": 131}}]', 'resultado_traslape': 'No se presenta traslape.', 'fecha_resultado_traslape': '17/01/2022 12:41:49', 'tipo_actividad': 50, 'nombre_tipo_actividad': 'Incremento de las reservas forestales de carbono'}, {'acciones_redd_mas_1': 'Fortalecimiento de la gobernanza territorial; procesos productivos agrícolas sostenibles; delimitación de bosques y áreas de protección forestal; monitoreo; inversión social', 'tasa_cambio_1': '', 'tipo_actividad_1': 47, 'contribucion_propia_1': '$ 0', 'costo_total_1': '$ 0', 'sector_cartera': '[]', 'fecha_tasa_cambio_1': None, 'fuente_relacionada_1': '', 'archivo_soporte_2_2': 'files-renare/cc,1018420586/68b22a6c2cb375c800b83b39/documentossolicitud/05documentodescripcionactividadmitigacion17-01-2022-12-32-50.pdf', 'fecha_final_1': '16/01/2048', 'archivo_soporte_2_3': None, 'fecha_inicial_1': '17/01/2018', 'descripcion_actividad_1': 'Prevenir la degradación de la cobertura boscosa presente en el área del proyecto para el período de duración de este', 'id_actividad': 3124, 'tipo_moneda_1': None, 'contribucion_externa_1': '$ 0', 'depositos_carbono_1': '[{""depositos_carbono_1_1"": {""value"": 167}}, {""depositos_carbono_1_1"": {""value"": 131}}]', 'resultado_traslape': 'No se presenta traslape.', 'fecha_resultado_traslape': '17/01/2022 12:32:46', 'tipo_actividad': 47, 'nombre_tipo_actividad': 'Reducción de las emisiones debidas a la degradación forestal'}, {'acciones_redd_mas_1': 'Fortalecimiento de la gobernanza territorial; procesos productivos agrícolas sostenibles; delimitación de bosques y áreas de protección forestal; monitoreo; inversión social', 'tasa_cambio_1': '', 'tipo_actividad_1': 46, 'contribucion_propia_1': '$ 0', 'costo_total_1': '$ 0', 'sector_cartera': '[]', 'fecha_tasa_cambio_1': None, 'fuente_relacionada_1': '', 'archivo_soporte_2_2': 'files-renare/cc,1018420586/68b22a6c2cb375c800b83b39/documentossolicitud/05documentodescripcionactividadmitigacion17-01-2022-12-36-59.pdf', 'fecha_final_1': '16/01/2048', 'archivo_soporte_2_3': None, 'fecha_inicial_1': '17/01/2018', 'descripcion_actividad_1': 'Prevenir la deforestación directa o inducida de la cobertura boscosa presente en el área del proyecto durante el periodo de implementación de este', 'id_actividad': 3125, 'tipo_moneda_1': None, 'contribucion_externa_1': '$ 0', 'depositos_carbono_1': '[{""depositos_carbono_1_1"": {""value"": 167}}, {""depositos_carbono_1_1"": {""value"": 131}}]', 'resultado_traslape': 'No se presenta traslape.', 'fecha_resultado_traslape': '17/01/2022 12:36:57', 'tipo_actividad': 46, 'nombre_tipo_actividad': 'Reducción de las emisiones debidas a la deforestación'}]",,,,,,,,,,Proyecto REDD+
renare|redd+ monochoa,renare,REDD+ Monochoa,,,AFOLU,tipo: Proyecto REDD+,AFOLU,,REDD,tipo: Proyecto REDD+,REDD,,"[{'acciones_redd_mas_1': 'Fortalecimiento de la gobernanza territorial y forestal; desarrollo de actividades productivas sostenibles y compatibles con la naturaleza; inversión social; monitoreo forestal y a la biodiversidad', 'tasa_cambio_1': '', 'tipo_actividad_1': 47, 'contribucion_propia_1': '$ 0', 'costo_total_1': '$ 0', 'sector_cartera': '[]', 'fecha_tasa_cambio_1': None, 'fuente_relacionada_1': '', 'archivo_soporte_2_2': 'files-renare/cc,1018420586/68b22a672cb375c800b83b35/documentossolicitud/05documentodescripcionactividadmitigacion17-01-2022-10-42-16.pdf', 'fecha_final_1': '04/01/2048', 'archivo_soporte_2_3': None, 'fecha_inicial_1': '05/01/2018', 'descripcion_actividad_1': 'Prevenir la degradación de la cobertura boscosa presente en el área del proyecto para el período de duración de este', 'id_actividad': 3121, 'tipo_moneda_1': None, 'contribucion_externa_1': '$ 0', 'depositos_carbono_1': '[{""depositos_carbono_1_1"": {""value"": 167}}, {""depositos_carbono_1_1"": {""value"": 131}}]', 'resultado_traslape': 'No se presenta traslape.', 'fecha_resultado_traslape': '17/01/2022 11:46:32', 'tipo_actividad': 47, 'nombre_tipo_actividad': 'Reducción de las emisiones debidas a la degradación forestal'}, {'acciones_redd_mas_1': 'Fortalecimiento de la gobernanza territorial; procesos productivos agrícolas sostenibles; ordenamiento territorial; inversión social; monitoreo del bosque y la biodiversidad en el área del proyecto', 'tasa_cambio_1': '', 'tipo_actividad_1': 46, 'contribucion_propia_1': '$ 0', 'costo_total_1': '$ 0', 'sector_cartera': '[]', 'fecha_tasa_cambio_1': None, 'fuente_relacionada_1': '', 'archivo_soporte_2_2': 'files-renare/cc,1018420586/68b22a672cb375c800b83b35/documentossolicitud/05documentodescripcionactividadmitigacion17-01-2022-10-50-01.pdf', 'fecha_final_1': '04/01/2048', 'archivo_soporte_2_3': None, 'fecha_inicial_1': '05/01/2018', 'descripcion_actividad_1': 'Prevenir la deforestación directa o inducida de la cobertura boscosa presente en el área del proyecto durante el periodo de implementación de este', 'id_actividad': 3122, 'tipo_moneda_1': None, 'contribucion_externa_1': '$ 0', 'depositos_carbono_1': '[{""depositos_carbono_1_1"": {""value"": 167}}, {""depositos_carbono_1_1"": {""value"": 131}}]', 'resultado_traslape': 'No se presenta traslape.', 'fecha_resultado_traslape': '17/01/2022 11:46:50', 'tipo_actividad': 46, 'nombre_tipo_actividad': 'Reducción de las emisiones debidas a la deforestación'}]",,,,,,,,,,Proyecto REDD+
renare|proyecto solar fotovoltaico agrupado urra s.a. e.s.p.,renare,Proyecto Solar Fotovoltaico Agrupado URRÁ S.A. E.S.P.,,,REVISAR,tipo=PDBC - Proyectos de Desarrollo pero actividades sugiere AFOLU,,,NO_REDD,tipo: PDBC - Proyectos de Desarrollo Bajo en C (categoria distinta de REDD+ en RENARE),NO_REDD,,"[{'acciones_redd_mas_1': None, 'tasa_cambio_1': '', 'tipo_actividad_1': 308, 'contribucion_propia_1': '$ 0', 'costo_total_1': '$ 0', 'sector_cartera': '[]', 'fecha_tasa_cambio_1': None, 'fuente_relacionada_1': '', 'archivo_soporte_2_2': 'files-renare/cc,1018420586/68b22a612cb375c800b83b2e/documentossolicitud/05documentodescripcionactividadmitigacion06-12-2021-17-43-04.pdf', 'fecha_final_1': '25/11/2044', 'archivo_soporte_2_3': None, 'fecha_inicial_1': '18/10/2022', 'descripcion_actividad_1': 'Construcción y operación de tres centrales de generación fotovoltaica, que en total sumaran 111MW de energía renovable entregados al SIN.', 'id_actividad': 3002, 'tipo_moneda_1': None, 'contribucion_externa_1': '$ 0', 'resultado_traslape': 'No se presenta traslape.', 'fecha_resultado_traslape': '09/12/2021 11:54:54', 'tipo_actividad': 308, 'nombre_tipo_actividad': 'Generación de electricidad renovable - no convencional'}]",,,,,,,,,,PDBC - Proyectos de Desarrollo Bajo en Carbono
renare|ciclo combinado termoflores iv,renare,Ciclo Combinado Termoflores IV,,,REVISAR,tipo=PDBC - Proyectos de Desarrollo pero actividades sugiere AFOLU,,,NO_REDD,tipo: PDBC - Proyectos de Desarrollo Bajo en C (categoria distinta de REDD+ en RENARE),NO_REDD,,"[{'acciones_redd_mas_1': None, 'tasa_cambio_1': '', 'tipo_actividad_1': 294, 'contribucion_propia_1': '$ 0', 'costo_total_1': '$ 0', 'sector_cartera': '[]', 'fecha_tasa_cambio_1': None, 'fuente_relacionada_1': '', 'archivo_soporte_2_2': 'files-renare/cc,1018420586/68b22a5c2cb375c800b83b2a/documentossolicitud/05documentodescripcionactividadmitigacion24-11-2021-08-10-12.pdf', 'fecha_final_1': '31/12/2035', 'archivo_soporte_2_3': None, 'fecha_inicial_1': '01/01/2016', 'descripcion_actividad_1': 'El proyecto consistió en la expansión de la planta en 169 MW, al cerrar los dos ciclos simples Flores II y Flores III con 112MW y 169MW respectivamente en un solo ciclo combinado de 450 MW , en configuración de dos turbinas de combustión, dos calderas de recuperación de calor y una turbina de vapor.', 'id_actividad': 2941, 'tipo_moneda_1': None, 'contribucion_externa_1': '$ 0', 'resultado_traslape': 'No se presenta traslape.', 'fecha_resultado_traslape': '24/11/2021 08:10:03', 'tipo_actividad': 294, 'nombre_tipo_actividad': 'Eficiencia energética en producción de electricidad y calor'}]",,,,,,,,,,PDBC - Proyectos de Desarrollo Bajo en Carbono
renare|fazni-ggc-077-525-17,renare,FAZNI-GGC-077-525-17,,,REVISAR,tipo=PDBC - Proyectos de Desarrollo pero actividades sugiere AFOLU,,,NO_REDD,tipo: PDBC - Proyectos de Desarrollo Bajo en C (categoria distinta de REDD+ en RENARE),NO_REDD,,"[{'acciones_redd_mas_1': None, 'tasa_cambio_1': '', 'tipo_actividad_1': 308, 'contribucion_propia_1': '$ 0', 'costo_total_1': '$ 0', 'sector_cartera': '[]', 'fecha_tasa_cambio_1': None, 'fuente_relacionada_1': '', 'archivo_soporte_2_2': 'files-renare/cc,1018420586/68b22a572cb375c800b83b26/documentossolicitud/05documentodescripcionactividadmitigacion17-03-2022-15-50-57.pdf', 'fecha_final_1': '30/07/2038', 'archivo_soporte_2_3': None, 'fecha_inicial_1': '31/07/2018', 'descripcion_actividad_1': 'Diseño, construcción y operación de sistemas de energía solar fotovoltaica para comunidades en Zonas No Interconectadas de Colombia', 'id_actividad': 3322, 'tipo_moneda_1': None, 'contribucion_externa_1': '$ 0', 'resultado_traslape': 'No se presenta traslape.', 'fecha_resultado_traslape': '30/06/2022 09:30:38', 'tipo_actividad': 308, 'nombre_tipo_actividad': 'Generación de electricidad renovable - no convencional'}]",,,,,,,,,,PDBC - Proyectos de Desarrollo Bajo en Carbono
renare|fazni-ggc-117-628-17,renare,FAZNI-GGC-117-628-17,,,REVISAR,tipo=PDBC - Proyectos de Desarrollo pero actividades sugiere AFOLU,,,NO_REDD,tipo: PDBC - Proyectos de Desarrollo Bajo en C (categoria distinta de REDD+ en RENARE),NO_REDD,,"[{'acciones_redd_mas_1': None, 'tasa_cambio_1': '', 'tipo_actividad_1': 308, 'contribucion_propia_1': '$ 0', 'costo_total_1': '$ 0', 'sector_cartera': '[]', 'fecha_tasa_cambio_1': None, 'fuente_relacionada_1': '', 'archivo_soporte_2_2': 'files-renare/cc,1018420586/68b22a522cb375c800b83b22/documentossolicitud/05documentodescripcionactividadmitigacion17-03-2022-10-50-30.pdf', 'fecha_final_1': '30/07/2038', 'archivo_soporte_2_3': None, 'fecha_inicial_1': '31/07/2018', 'descripcion_actividad_1': 'Diseño, construcción y operación de sistemas de energía solar fotovoltaica para comunidades en Zonas No Interconectadas de Colombia', 'id_actividad': 3311, 'tipo_moneda_1': None, 'contribucion_externa_1': '$ 0', 'resultado_traslape': 'No se presenta traslape.', 'fecha_resultado_traslape': '06/07/2022 11:54:33', 'tipo_actividad': 308, 'nombre_tipo_actividad': 'Generación de electricidad renovable - no convencional'}]",,,,,,,,,,PDBC - Proyectos de Desarrollo Bajo en Carbono
renare|proyecto redd+ del bajo atrato,renare,Proyecto REDD+ del Bajo Atrato,,,AFOLU,tipo: Proyecto REDD+,AFOLU,,REDD,tipo: Proyecto REDD+,REDD,,"[{'acciones_redd_mas_1': 'Fortalecimiento de la gobernanza y el control territorial\nfomento de actividades productivas basadas en el uso y conservación de la biodiversidad y sus servicios ecosistemicos\nFortalecimiento de sistemas productivos tradicionales y culturales del pacifico', 'tasa_cambio_1': '', 'tipo_actividad_1': 46, 'contribucion_propia_1': '$ 0', 'costo_total_1': '$ 0', 'sector_cartera': '[]', 'fecha_tasa_cambio_1': None, 'fuente_relacionada_1': '', 'archivo_soporte_2_2': 'files-renare/cc,1018420586/68b22a512cb375c800b83b1f/documentossolicitud/05documentodescripcionactividadmitigacion29-10-2021-18-09-45.pdf', 'fecha_final_1': '31/12/2047', 'archivo_soporte_2_3': None, 'fecha_inicial_1': '01/01/2018', 'descripcion_actividad_1': 'Reducir la pérdida del bosque natural por su cambio de uso del suelo hacia otras coberturas y usos no forestales.\nMotores de deforestación asociados a expansión de la frontera agropecuaria, comercio ilegal de madera y cultivos de uso ilícito.', 'id_actividad': 2841, 'tipo_moneda_1': None, 'contribucion_externa_1': '$ 0', 'depositos_carbono_1': '[{""depositos_carbono_1_1"": {""value"": 170}}, {""depositos_carbono_1_1"": {""value"": 167}}, {""depositos_carbono_1_1"": {""value"": 131}}]', 'resultado_traslape': 'No se presenta traslape.', 'fecha_resultado_traslape': '29/10/2021 18:09:41', 'tipo_actividad': 46, 'nombre_tipo_actividad': 'Reducción de las emisiones debidas a la deforestación'}, {'acciones_redd_mas_1': 'Fortalecimiento de la gobernanza y el control territorial\nfomento de actividades productivas basadas en el uso y conservación de la biodiversidad y sus servicios ecosistémicos\nFortalecimiento de sistemas productivos tradicionales y culturales del pacifico', 'tasa_cambio_1': '', 'tipo_actividad_1': 47, 'contribucion_propia_1': '$ 0', 'costo_total_1': '$ 0', 'sector_cartera': '[]', 'fecha_tasa_cambio_1': None, 'fuente_relacionada_1': '', 'archivo_soporte_2_2': 'files-renare/cc,1018420586/68b22a512cb375c800b83b1f/documentossolicitud/05documentodescripcionactividadmitigacion29-10-2021-18-14-19.pdf', 'fecha_final_1': '31/12/2047', 'archivo_soporte_2_3': None, 'fecha_inicial_1': '01/01/2018', 'descripcion_actividad_1': 'Reducir la degradación del bosque natural por el aprovechamiento selectivo de especies vegetales de interés comercial.\nMotores de degradación asociados al comercio ilegal e informal de productos forestales maderables.', 'id_actividad': 2842, 'tipo_moneda_1': None, 'contribucion_externa_1': '$ 0', 'depositos_carbono_1': '[{""depositos_carbono_1_1"": {""value"": 170}}, {""depositos_carbono_1_1"": {""value"": 167}}, {""depositos_carbono_1_1"": {""value"": 131}}]', 'resultado_traslape': 'No se presenta traslape.', 'fecha_resultado_traslape': '29/10/2021 18:14:16', 'tipo_actividad': 47, 'nombre_tipo_actividad': 'Reducción de las emisiones debidas a la degradación forestal'}]",,,,,,,,,,Proyecto REDD+
renare|nucleos carbono,renare,Nucleos Carbono,,,REVISAR,tipo: PDBC - Proyectos de Desarrollo Bajo en Carbono (no concluyente),,,NO_REDD,tipo: PDBC - Proyectos de Desarrollo Bajo en C (categoria distinta de REDD+ en RENARE),NO_REDD,,[],,,,,,,,,,PDBC - Proyectos de Desarrollo Bajo en Carbono
renare|parque solar cano limon phase 1 20 mw,renare,Parque Solar Caño Limón Phase 1 20 MW,,,REVISAR,tipo=PDBC - Proyectos de Desarrollo pero actividades sugiere AFOLU,,,NO_REDD,tipo: PDBC - Proyectos de Desarrollo Bajo en C (categoria distinta de REDD+ en RENARE),NO_REDD,,"[{'acciones_redd_mas_1': None, 'tasa_cambio_1': '', 'tipo_actividad_1': 308, 'contribucion_propia_1': '$ 0', 'costo_total_1': '$ 0', 'sector_cartera': '[]', 'fecha_tasa_cambio_1': None, 'fuente_relacionada_1': '', 'archivo_soporte_2_2': 'files-renare/cc,1018420586/68b22a4b2cb375c800b83b18/documentossolicitud/05documentodescripcionactividadmitigacion19-07-2021-10-48-29.pdf', 'fecha_final_1': '14/03/2023', 'archivo_soporte_2_3': None, 'fecha_inicial_1': '15/03/2022', 'descripcion_actividad_1': 'El propósito del proyecto es reemplazar la generación de combustibles fósiles a base de crudo por una fuente de energía renovable como la tecnología fotovoltaica.', 'id_actividad': 2522, 'tipo_moneda_1': None, 'contribucion_externa_1': '$ 0', 'resultado_traslape': 'No se presenta traslape.', 'fecha_resultado_traslape': '26/07/2021 17:18:34', 'tipo_actividad': 308, 'nombre_tipo_actividad': 'Generación de electricidad renovable - no convencional'}]",,,,,,,,,,PDBC - Proyectos de Desarrollo Bajo en Carbono
renare|awakadaa jiduaa,renare,Awakadaa Jiduaa,,,AFOLU,tipo: Proyecto REDD+,AFOLU,,REDD,tipo: Proyecto REDD+,REDD,,"[{'acciones_redd_mas_1': 'Protección de los Bosques y Conservación Ambiental, Gobernanza Forestal y Autonomía Indígena, Buen Vivir y producción sostenible, Protección de los conocimientos ancestrales y medicina indígena y Mujeres y familia indígena\n', 'tasa_cambio_1': '', 'tipo_actividad_1': 706, 'contribucion_propia_1': '', 'costo_total_1': '', 'sector_cartera': '[{""sector_cartera_2"": {""value"":418}}]', 'fecha_tasa_cambio_1': None, 'fuente_relacionada_1': '{""value"":""COS20años (Ton CO2/ha)""}', 'archivo_soporte_2_2': 'files-renare/cc,1018420586/68b22a452cb375c800b83b11/documentossolicitud/05documentodescripcionactividadmitigacion28-06-2024-09-43-39.pdf', 'fecha_final_1': '31/12/2048', 'archivo_soporte_2_3': None, 'fecha_inicial_1': '01/01/2019', 'descripcion_actividad_1': 'Protección de los Bosques y Conservación Ambiental, Gobernanza Forestal y Autonomía Indígena, Buen Vivir y producción sostenible, Protección de los conocimientos ancestrales y medicina indígena y Mujeres y familia indígena\n', 'id_actividad': 3724, 'tipo_moneda_1': None, 'contribucion_externa_1': '', 'depositos_carbono_1': '[{""depositos_carbono_1_1"": {""value"": 170}}]', 'resultado_traslape': 'No se presenta traslape.', 'fecha_resultado_traslape': '28/06/2024 09:43:37', 'tipo_actividad': 706, 'nombre_tipo_actividad': 'Reducción de las emisiones debidas a la deforestación'}, {'acciones_redd_mas_1': 'Actividades de reducción de emisiones', 'tasa_cambio_1': '', 'tipo_actividad_1': 706, 'contribucion_propia_1': '', 'costo_total_1': '', 'sector_cartera': '[{""sector_cartera_2"": {""value"":418}}]', 'fecha_tasa_cambio_1': None, 'fuente_relacionada_1': '{""value"":""BA (Ton CO2/ha)""}', 'archivo_soporte_2_2': 'files-renare/cc,1018420586/68b22a452cb375c800b83b11/documentossolicitud/05documentodescripcionactividadmitigacion28-06-2024-09-37-00.pdf', 'fecha_final_1': '31/12/2048', 'archivo_soporte_2_3': None, 'fecha_inicial_1': '01/01/2019', 'descripcion_actividad_1': 'Actividades de reducción de emisiones', 'id_actividad': 3722, 'tipo_moneda_1': None, 'contribucion_externa_1': '', 'depositos_carbono_1': '[{""depositos_carbono_1_1"": {""value"": 131}}]', 'resultado_traslape': 'No se presenta traslape.', 'fecha_resultado_traslape': '28/06/2024 09:43:37', 'tipo_actividad': 706, 'nombre_tipo_actividad': 'Reducción de las emisiones debidas a la deforestación'}, {'acciones_redd_mas_1': 'Protección de los Bosques y Conservación Ambiental, Gobernanza Forestal y Autonomía Indígena, Buen Vivir y producción sostenible, Protección de los conocimientos ancestrales y medicina indígena y Mujeres y familia indígena\n', 'tasa_cambio_1': '', 'tipo_actividad_1': 706, 'contribucion_propia_1': '', 'costo_total_1': '', 'sector_cartera': '[{""sector_cartera_2"": {""value"":418}}]', 'fecha_tasa_cambio_1': None, 'fuente_relacionada_1': '{""value"":""BS (Ton CO2/ha)""}', 'archivo_soporte_2_2': 'files-renare/cc,1018420586/68b22a452cb375c800b83b11/documentossolicitud/05documentodescripcionactividadmitigacion28-06-2024-09-42-33.pdf', 'fecha_final_1': '31/12/2048', 'archivo_soporte_2_3': None, 'fecha_inicial_1': '01/01/2019', 'descripcion_actividad_1': 'Protección de los Bosques y Conservación Ambiental, Gobernanza Forestal y Autonomía Indígena, Buen Vivir y producción sostenible, Protección de los conocimientos ancestrales y medicina indígena y Mujeres y familia indígena\n', 'id_actividad': 3723, 'tipo_moneda_1': None, 'contribucion_externa_1': '', 'depositos_carbono_1': '[{""depositos_carbono_1_1"": {""value"": 167}}]', 'resultado_traslape': 'No se presenta traslape.', 'fecha_resultado_traslape': '28/06/2024 09:43:37', 'tipo_actividad': 706, 'nombre_tipo_actividad': 'Reducción de las emisiones debidas a la deforestación'}]",,,,,,,,,,Proyecto REDD+
renare|dona juana landfill gas to energy project,renare,Doña Juana Landfill Gas to Energy Project,,,REVISAR,tipo=PDBC - Programas de Desarrollo pero actividades sugiere AFOLU,,,NO_REDD,tipo: PDBC - Programas de Desarrollo Bajo en C (categoria distinta de REDD+ en RENARE),NO_REDD,,"[{'acciones_redd_mas_1': None, 'tasa_cambio_1': '$ 4.120', 'tipo_actividad_1': 575, 'contribucion_propia_1': '$ 20.500.000', 'costo_total_1': '$ 26.300.000', 'sector_cartera': '[{""sector_cartera_2"": {""value"":415}}]', 'fecha_tasa_cambio_1': '2025/05/30 00:00:00.000', 'fuente_relacionada_1': '{""value"":""Descomposición residuos solidos urbanos""}', 'archivo_soporte_2_2': 'files-renare/cc,1018420586/68b22a3f2cb375c800b83b0d/documentossolicitud/05documentodescripcionactividadmitigacion30-05-2025-10-57-25.pdf', 'fecha_final_1': '03/11/2041', 'archivo_soporte_2_3': None, 'fecha_inicial_1': '22/09/2009', 'descripcion_actividad_1': 'Captura y aprovechamiento del Biogás de relleno sanitario', 'id_actividad': 2741, 'tipo_moneda_1': 171, 'contribucion_externa_1': '$ 5.800.000', 'resultado_traslape': 'No se presenta traslape.', 'fecha_resultado_traslape': '30/05/2025 10:57:21', 'tipo_actividad': 575, 'nombre_tipo_actividad': 'Gestión de biogás en rellenos sanitarios regionales'}]",,,,,,,,,,PDBC - Programas de Desarrollo Bajo en Carbono
renare|proyecto hidroelectrico del rio amoya,renare,Proyecto Hidroeléctrico del río Amoyá,,,REVISAR,tipo=MDL - Proyectos del Mecanismo  pero actividades sugiere AFOLU,,,NO_REDD,tipo: MDL - Proyectos del Mecanismo de Desarro (categoria distinta de REDD+ en RENARE),NO_REDD,,"[{'acciones_redd_mas_1': None, 'tasa_cambio_1': '', 'tipo_actividad_1': 564, 'contribucion_propia_1': '$ 288.691.000.000', 'costo_total_1': '$ 288.691.000.000', 'sector_cartera': '[]', 'fecha_tasa_cambio_1': None, 'fuente_relacionada_1': '', 'archivo_soporte_2_2': 'files-renare/cc,1018420586/68b22a392cb375c800b83b06/documentossolicitud/05documentodescripcionactividadmitigacion17-02-2021-11-33-55.pdf', 'fecha_final_1': '30/06/2019', 'archivo_soporte_2_3': None, 'fecha_inicial_1': '01/07/2012', 'descripcion_actividad_1': 'Generar energía renovable a partir de la operación de una central hidroeléctrica', 'id_actividad': 2102, 'tipo_moneda_1': None, 'contribucion_externa_1': '$ 0', 'resultado_traslape': 'No se presenta traslape.', 'fecha_resultado_traslape': '11/10/2021 13:31:00', 'tipo_actividad': 564, 'nombre_tipo_actividad': 'Gestión adecuada de equipos que contienen SF6 y PFC al final de su vida útil - Aceleradores'}]",,,,,,,,,,MDL - Proyectos del Mecanismo de Desarrollo Limpio
renare|proyecto redd+ baka rokarire ~ia tir+~dito,renare,Proyecto REDD+ Baka Rokarire ~ia tir+~dito,,,AFOLU,tipo: Proyecto REDD+,AFOLU,,REDD,tipo: Proyecto REDD+,REDD,,"[{'acciones_redd_mas_1': 'Protección de los Bosques y Conservación Ambiental, Gobernanza Forestal y Autonomía Indígena, Buen Vivir y producción sostenible, Protección de los conocimientos ancestrales y medicina indígena y Mujeres y familia indígena\n', 'tasa_cambio_1': '', 'tipo_actividad_1': 706, 'contribucion_propia_1': '', 'costo_total_1': '', 'sector_cartera': '[{""sector_cartera_2"": {""value"":418}}]', 'fecha_tasa_cambio_1': None, 'fuente_relacionada_1': '{""value"":""BA (Ton CO2/ha)""}', 'archivo_soporte_2_2': 'files-renare/cc,1018420586/68b22a322cb375c800b83af9/documentossolicitud/05documentodescripcionactividadmitigacion28-06-2024-10-13-33.pdf', 'fecha_final_1': '31/12/2047', 'archivo_soporte_2_3': None, 'fecha_inicial_1': '01/01/2018', 'descripcion_actividad_1': 'Protección de los Bosques y Conservación Ambiental, Gobernanza Forestal y Autonomía Indígena, Buen Vivir y producción sostenible, Protección de los conocimientos ancestrales y medicina indígena y Mujeres y familia indígena\n', 'id_actividad': 3731, 'tipo_moneda_1': None, 'contribucion_externa_1': '', 'depositos_carbono_1': '[{""depositos_carbono_1_1"": {""value"": 131}}]', 'tipo_actividad': 706, 'nombre_tipo_actividad': 'Reducción de las emisiones debidas a la deforestación'}, {'acciones_redd_mas_1': 'Protección de los Bosques y Conservación Ambiental, Gobernanza Forestal y Autonomía Indígena, Buen Vivir y producción sostenible, Protección de los conocimientos ancestrales y medicina indígena y Mujeres y familia indígena\n', 'tasa_cambio_1': '', 'tipo_actividad_1': 706, 'contribucion_propia_1': '', 'costo_total_1': '', 'sector_cartera': '[{""sector_cartera_2"": {""value"":418}}]', 'fecha_tasa_cambio_1': None, 'fuente_relacionada_1': '{""value"":""BS (Ton CO2/ha)""}', 'archivo_soporte_2_2': 'files-renare/cc,1018420586/68b22a322cb375c800b83af9/documentossolicitud/05documentodescripcionactividadmitigacion28-06-2024-10-14-57.pdf', 'fecha_final_1': '31/12/2047', 'archivo_soporte_2_3': None, 'fecha_inicial_1': '01/01/2018', 'descripcion_actividad_1': 'Protección de los Bosques y Conservación Ambiental, Gobernanza Forestal y Autonomía Indígena, Buen Vivir y producción sostenible, Protección de los conocimientos ancestrales y medicina indígena y Mujeres y familia indígena\n', 'id_actividad': 3732, 'tipo_moneda_1': None, 'contribucion_externa_1': '', 'depositos_carbono_1': '[{""depositos_carbono_1_1"": {""value"": 167}}]', 'tipo_actividad': 706, 'nombre_tipo_actividad': 'Reducción de las emisiones debidas a la deforestación'}, {'acciones_redd_mas_1': 'Protección de los Bosques y Conservación Ambiental, Gobernanza Forestal y Autonomía Indígena, Buen Vivir y producción sostenible, Protección de los conocimientos ancestrales y medicina indígena y Mujeres y familia indígena\n', 'tasa_cambio_1': '', 'tipo_actividad_1': 706, 'contribucion_propia_1': '', 'costo_total_1': '', 'sector_cartera': '[{""sector_cartera_2"": {""value"":418}}]', 'fecha_tasa_cambio_1': None, 'fuente_relacionada_1': '{""value"":""COS20años (Ton CO2/ha)""}', 'archivo_soporte_2_2': 'files-renare/cc,1018420586/68b22a322cb375c800b83af9/documentossolicitud/05documentodescripcionactividadmitigacion28-06-2024-10-15-36.pdf', 'fecha_final_1': '31/12/2047', 'archivo_soporte_2_3': None, 'fecha_inicial_1': '01/01/2018', 'descripcion_actividad_1': 'Protección de los Bosques y Conservación Ambiental, Gobernanza Forestal y Autonomía Indígena, Buen Vivir y producción sostenible, Protección de los conocimientos ancestrales y medicina indígena y Mujeres y familia indígena\n', 'id_actividad': 3733, 'tipo_moneda_1': None, 'contribucion_externa_1': '', 'depositos_carbono_1': '[{""depositos_carbono_1_1"": {""value"": 170}}]', 'tipo_actividad': 706, 'nombre_tipo_actividad': 'Reducción de las emisiones debidas a la deforestación'}]",,,,,,,,,,Proyecto REDD+
renare|parque eolico guajira i,renare,Parque Eólico Guajira I,,,REVISAR,tipo=MDL - Proyectos del Mecanismo  pero actividades sugiere AFOLU,,,NO_REDD,tipo: MDL - Proyectos del Mecanismo de Desarro (categoria distinta de REDD+ en RENARE),NO_REDD,,"[{'acciones_redd_mas_1': None, 'tasa_cambio_1': '', 'tipo_actividad_1': 564, 'contribucion_propia_1': '$ 134.497.709.191', 'costo_total_1': '$ 134.497.709.191', 'sector_cartera': '[]', 'fecha_tasa_cambio_1': None, 'fuente_relacionada_1': '', 'archivo_soporte_2_2': 'files-renare/cc,1018420586/68b22a2c2cb375c800b83af2/documentossolicitud/05documentodescripcionactividadmitigacion19-05-2021-08-51-53.pdf', 'fecha_final_1': '25/09/2028', 'archivo_soporte_2_3': None, 'fecha_inicial_1': '26/09/2021', 'descripcion_actividad_1': 'Generar energía renovable a partir de la operación de un parque eólico', 'id_actividad': 2321, 'tipo_moneda_1': None, 'contribucion_externa_1': '$ 0', 'resultado_traslape': 'No se presenta traslape.', 'fecha_resultado_traslape': '11/10/2021 13:37:06', 'tipo_actividad': 564, 'nombre_tipo_actividad': 'Gestión adecuada de equipos que contienen SF6 y PFC al final de su vida útil - Aceleradores'}]",,,,,,,,,,MDL - Proyectos del Mecanismo de Desarrollo Limpio
renare|proyecto redd+ jocu bucuro apuro,renare,Proyecto REDD+ Jocu Bucuro Apuro,,,AFOLU,tipo: Proyecto REDD+,AFOLU,,REDD,tipo: Proyecto REDD+,REDD,,"[{'acciones_redd_mas_1': 'Reducción de la deforestación.', 'tasa_cambio_1': '', 'tipo_actividad_1': 706, 'contribucion_propia_1': '$ 0', 'costo_total_1': '$ 0', 'sector_cartera': '[{""sector_cartera_2"": {""value"":418}}]', 'fecha_tasa_cambio_1': None, 'fuente_relacionada_1': '{""value"":""BA (Ton CO2/ha)""}', 'archivo_soporte_2_2': 'files-renare/cc,1018420586/68b22a1b2cb375c800b83ae3/documentossolicitud/05documentodescripcionactividadmitigacion28-02-2022-15-58-41.pdf', 'fecha_final_1': '31/12/2047', 'archivo_soporte_2_3': None, 'fecha_inicial_1': '01/01/2018', 'descripcion_actividad_1': 'Reducción de la deforestación.', 'id_actividad': 3161, 'tipo_moneda_1': None, 'contribucion_externa_1': '$ 0', 'depositos_carbono_1': '[{""depositos_carbono_1_1"": {""value"": 131}}]', 'resultado_traslape': 'No se presenta traslape.', 'fecha_resultado_traslape': '11/06/2024 10:32:34', 'tipo_actividad': 706, 'nombre_tipo_actividad': 'Reducción de las emisiones debidas a la deforestación'}]",,,,,,,,,,Proyecto REDD+
renare|proyecto redd+ awakadaa matsiadali,renare,Proyecto REDD+ Awakadaa Matsiadali,,,AFOLU,tipo: Proyecto REDD+,AFOLU,,REDD,tipo: Proyecto REDD+,REDD,,"[{'acciones_redd_mas_1': 'Protección de los Bosques y Conservación Ambiental, Gobernanza Forestal y Autonomía Indígena, Buen Vivir y producción sostenible, Protección de los conocimientos ancestrales y medicina indígena y Mujeres y familia indígena\n El proyecto aporta a los ODS 13 y 15.', 'tasa_cambio_1': '', 'tipo_actividad_1': 706, 'contribucion_propia_1': '', 'costo_total_1': '', 'sector_cartera': '[{""sector_cartera_2"": {""value"":418}}]', 'fecha_tasa_cambio_1': None, 'fuente_relacionada_1': '{""value"":""BA (Ton CO2/ha)""}', 'archivo_soporte_2_2': 'files-renare/cc,1018420586/68b22a162cb375c800b83adf/documentossolicitud/05documentodescripcionactividadmitigacion28-06-2024-10-17-03.pdf', 'fecha_final_1': '31/12/2027', 'archivo_soporte_2_3': None, 'fecha_inicial_1': '01/01/2018', 'descripcion_actividad_1': 'Protección de los Bosques y Conservación Ambiental, Gobernanza Forestal y Autonomía Indígena, Buen Vivir y producción sostenible, Protección de los conocimientos ancestrales y medicina indígena y Mujeres y familia indígena\n', 'id_actividad': 3734, 'tipo_moneda_1': None, 'contribucion_externa_1': '', 'depositos_carbono_1': '[{""depositos_carbono_1_1"": {""value"": 131}}]', 'resultado_traslape': 'No se presenta traslape.', 'fecha_resultado_traslape': '05/05/2025 12:52:17', 'tipo_actividad': 706, 'nombre_tipo_actividad': 'Reducción de las emisiones debidas a la deforestación'}, {'acciones_redd_mas_1': 'Protección de los Bosques y Conservación Ambiental, Gobernanza Forestal y Autonomía Indígena, Buen Vivir y producción sostenible, Protección de los conocimientos ancestrales y medicina indígena y Mujeres y familia indígena\n El proyecto aporta a los ODS 13 y 15.', 'tasa_cambio_1': '', 'tipo_actividad_1': 706, 'contribucion_propia_1': '', 'costo_total_1': '', 'sector_cartera': '[{""sector_cartera_2"": {""value"":418}}]', 'fecha_tasa_cambio_1': None, 'fuente_relacionada_1': '{""value"":""COS20años (Ton CO2/ha)""}', 'archivo_soporte_2_2': 'files-renare/cc,1018420586/68b22a162cb375c800b83adf/documentossolicitud/05documentodescripcionactividadmitigacion05-05-2025-12-53-28.pdf', 'fecha_final_1': '31/12/2027', 'archivo_soporte_2_3': None, 'fecha_inicial_1': '01/01/2018', 'descripcion_actividad_1': 'Protección de los Bosques y Conservación Ambiental, Gobernanza Forestal y Autonomía Indígena, Buen Vivir y producción sostenible, Protección de los conocimientos ancestrales y medicina indígena y Mujeres y familia indígena\n', 'id_actividad': 4862, 'tipo_moneda_1': None, 'contribucion_externa_1': '', 'depositos_carbono_1': '[{""depositos_carbono_1_1"": {""value"": 170}}]', 'resultado_traslape': 'No se presenta traslape.', 'fecha_resultado_traslape': '05/05/2025 12:52:17', 'tipo_actividad': 706, 'nombre_tipo_actividad': 'Reducción de las emisiones debidas a la deforestación'}, {'acciones_redd_mas_1': 'Protección de los Bosques y Conservación Ambiental, Gobernanza Forestal y Autonomía Indígena, Buen Vivir y producción sostenible, Protección de los conocimientos ancestrales y medicina indígena y Mujeres y familia indígena\n El proyecto aporta a los ODS 13 y 15.', 'tasa_cambio_1': '', 'tipo_actividad_1': 706, 'contribucion_propia_1': '', 'costo_total_1': '', 'sector_cartera': '[{""sector_cartera_2"": {""value"":418}}]', 'fecha_tasa_cambio_1': None, 'fuente_relacionada_1': '{""value"":""BS (Ton CO2/ha)""}', 'archivo_soporte_2_2': 'files-renare/cc,1018420586/68b22a162cb375c800b83adf/documentossolicitud/05documentodescripcionactividadmitigacion05-05-2025-12-52-02.pdf', 'fecha_final_1': '31/12/2027', 'archivo_soporte_2_3': None, 'fecha_inicial_1': '01/01/2018', 'descripcion_actividad_1': 'Protección de los Bosques y Conservación Ambiental, Gobernanza Forestal y Autonomía Indígena, Buen Vivir y producción sostenible, Protección de los conocimientos ancestrales y medicina indígena y Mujeres y familia indígena\n', 'id_actividad': 4861, 'tipo_moneda_1': None, 'contribucion_externa_1': '', 'depositos_carbono_1': '[{""depositos_carbono_1_1"": {""value"": 167}}]', 'resultado_traslape': 'No se presenta traslape.', 'fecha_resultado_traslape': '05/05/2025 12:52:17', 'tipo_actividad': 706, 'nombre_tipo_actividad': 'Reducción de las emisiones debidas a la deforestación'}]",,,,,,,,,,Proyecto REDD+
renare|proyecto asociativo programatico zona andina y costa atlantica -fcg,renare,PROYECTO ASOCIATIVO PROGRAMATICO ZONA ANDINA Y COSTA ATLANTICA -FCG,,,REVISAR,tipo=PDBC - Proyectos de Desarrollo pero actividades sugiere AFOLU,,,NO_REDD,tipo: PDBC - Proyectos de Desarrollo Bajo en C (categoria distinta de REDD+ en RENARE),NO_REDD,,"[{'acciones_redd_mas_1': None, 'tasa_cambio_1': '', 'tipo_actividad_1': 746, 'contribucion_propia_1': '$ 667.575.315', 'costo_total_1': '$ 667.575.315', 'sector_cartera': '[]', 'fecha_tasa_cambio_1': None, 'fuente_relacionada_1': '{""value"":""Remoción por pastos""}', 'archivo_soporte_2_2': 'files-renare/cc,1018420586/68b22a0b2cb375c800b83ad7/documentossolicitud/05documentodescripcionactividadmitigacion29-07-2022-13-00-29.pdf', 'fecha_final_1': '12/03/2060', 'archivo_soporte_2_3': None, 'fecha_inicial_1': '13/03/2011', 'descripcion_actividad_1': 'Realizar la captura de carbono a través de la plantación de especies maderables.', 'id_actividad': 3401, 'tipo_moneda_1': 173, 'contribucion_externa_1': '$ 0', 'resultado_traslape': 'No se presenta traslape.', 'fecha_resultado_traslape': '16/07/2024 08:51:29', 'tipo_actividad': 746, 'nombre_tipo_actividad': 'Plantaciones forestales'}, {'acciones_redd_mas_1': None, 'tasa_cambio_1': '', 'tipo_actividad_1': 746, 'contribucion_propia_1': '$ 667.575.315', 'costo_total_1': '$ 667.575.315', 'sector_cartera': '[]', 'fecha_tasa_cambio_1': None, 'fuente_relacionada_1': '{""value"":""Remoción por vegetación secundaria""}', 'archivo_soporte_2_2': 'files-renare/cc,1018420586/68b22a0b2cb375c800b83ad7/documentossolicitud/05documentodescripcionactividadmitigacion16-07-2024-08-56-11.pdf', 'fecha_final_1': '12/03/2060', 'archivo_soporte_2_3': None, 'fecha_inicial_1': '13/03/2011', 'descripcion_actividad_1': 'Realizar la captura de carbono a través de la plantación de especies maderables.', 'id_actividad': 3784, 'tipo_moneda_1': 173, 'contribucion_externa_1': '$ 0', 'resultado_traslape': 'No se presenta traslape.', 'fecha_resultado_traslape': '16/07/2024 08:51:29', 'tipo_actividad': 746, 'nombre_tipo_actividad': 'Plantaciones forestales'}]",,,,,,,,,,PDBC - Proyectos de Desarrollo Bajo en Carbono
renare|proyecto forestal mavalle en plantaciones de caucho natural,renare,Proyecto Forestal MAVALLE en plantaciones de Caucho natural,,,REVISAR,tipo=PDBC - Proyectos de Desarrollo pero actividades sugiere AFOLU,,,NO_REDD,tipo: PDBC - Proyectos de Desarrollo Bajo en C (categoria distinta de REDD+ en RENARE),NO_REDD,,"[{'acciones_redd_mas_1': None, 'tasa_cambio_1': '', 'tipo_actividad_1': 500, 'contribucion_propia_1': '$ 0', 'costo_total_1': '$ 0', 'sector_cartera': '[]', 'fecha_tasa_cambio_1': None, 'fuente_relacionada_1': '', 'archivo_soporte_2_2': 'files-renare/cc,1018420586/68b22a002cb375c800b83acc/documentossolicitud/05documentodescripcionactividadmitigacion28-12-2020-19-37-54.pdf', 'fecha_final_1': '31/10/2039', 'archivo_soporte_2_3': None, 'fecha_inicial_1': '01/10/2009', 'descripcion_actividad_1': 'Establecer 8735,96 hectáreas con la especie Hevea brasiliensis, en áreas de pastos dedicadas a la ganadería en los municipios de Puerto López y Puerto Gaitán (Departamento del Meta)', 'id_actividad': 1942, 'tipo_moneda_1': None, 'contribucion_externa_1': '$ 0', 'resultado_traslape': 'No se presenta traslape.', 'fecha_resultado_traslape': '18/01/2022 09:58:47', 'tipo_actividad': 500, 'nombre_tipo_actividad': 'Plantaciones comerciales'}]",,,,,,,,,,PDBC - Proyectos de Desarrollo Bajo en Carbono
"renare|cavadacav¿ coreiv¿ joc¿ b¿c¿ro r¿, n¿¿j¿ n¿ec¿va aiye baquepe",renare,"Cavadacav¿ Coreiv¿ Joc¿ B¿c¿ro R¿, N¿¿j¿ N¿ec¿vã Aiye Baquepe",,,AFOLU,tipo: Proyecto REDD+,AFOLU,,REDD,tipo: Proyecto REDD+,REDD,,"[{'acciones_redd_mas_1': 'Protección de los Bosques y Conservación Ambiental, Gobernanza Forestal y Autonomía Indígena, Buen Vivir y producción sostenible, Protección de los conocimientos ancestrales y medicina indígena y Mujeres y familia indígena\n', 'tasa_cambio_1': '', 'tipo_actividad_1': 706, 'contribucion_propia_1': '', 'costo_total_1': '', 'sector_cartera': '[{""sector_cartera_2"": {""value"":418}}]', 'fecha_tasa_cambio_1': None, 'fuente_relacionada_1': '{""value"":""BA (Ton CO2/ha)""}', 'archivo_soporte_2_2': 'files-renare/cc,1018420586/68b229e92cb375c800b83ab9/documentossolicitud/05documentodescripcionactividadmitigacion28-06-2024-10-08-57.pdf', 'fecha_final_1': '31/12/2047', 'archivo_soporte_2_3': None, 'fecha_inicial_1': '01/01/2018', 'descripcion_actividad_1': 'Protección de los Bosques y Conservación Ambiental, Gobernanza Forestal y Autonomía Indígena, Buen Vivir y producción sostenible, Protección de los conocimientos ancestrales y medicina indígena y Mujeres y familia indígena\n', 'id_actividad': 3728, 'tipo_moneda_1': None, 'contribucion_externa_1': '', 'depositos_carbono_1': '[{""depositos_carbono_1_1"": {""value"": 131}}]', 'resultado_traslape': 'No se presenta traslape.', 'fecha_resultado_traslape': '28/06/2024 10:09:47', 'tipo_actividad': 706, 'nombre_tipo_actividad': 'Reducción de las emisiones debidas a la deforestación'}, {'acciones_redd_mas_1': 'Protección de los Bosques y Conservación Ambiental, Gobernanza Forestal y Autonomía Indígena, Buen Vivir y producción sostenible, Protección de los conocimientos ancestrales y medicina indígena y Mujeres y familia indígena\n', 'tasa_cambio_1': '', 'tipo_actividad_1': 706, 'contribucion_propia_1': '', 'costo_total_1': '', 'sector_cartera': '[{""sector_cartera_2"": {""value"":418}}]', 'fecha_tasa_cambio_1': None, 'fuente_relacionada_1': '{""value"":""COS20años (Ton CO2/ha)""}', 'archivo_soporte_2_2': 'files-renare/cc,1018420586/68b229e92cb375c800b83ab9/documentossolicitud/05documentodescripcionactividadmitigacion28-06-2024-10-10-37.pdf', 'fecha_final_1': '31/12/2047', 'archivo_soporte_2_3': None, 'fecha_inicial_1': '01/01/2018', 'descripcion_actividad_1': 'Protección de los Bosques y Conservación Ambiental, Gobernanza Forestal y Autonomía Indígena, Buen Vivir y producción sostenible, Protección de los conocimientos ancestrales y medicina indígena y Mujeres y familia indígena\n', 'id_actividad': 3730, 'tipo_moneda_1': None, 'contribucion_externa_1': '', 'depositos_carbono_1': '[{""depositos_carbono_1_1"": {""value"": 170}}]', 'resultado_traslape': 'No se presenta traslape.', 'fecha_resultado_traslape': '28/06/2024 10:09:47', 'tipo_actividad': 706, 'nombre_tipo_actividad': 'Reducción de las emisiones debidas a la deforestación'}, {'acciones_redd_mas_1': 'Protección de los Bosques y Conservación Ambiental, Gobernanza Forestal y Autonomía Indígena, Buen Vivir y producción sostenible, Protección de los conocimientos ancestrales y medicina indígena y Mujeres y familia indígena\n', 'tasa_cambio_1': '', 'tipo_actividad_1': 706, 'contribucion_propia_1': '', 'costo_total_1': '', 'sector_cartera': '[{""sector_cartera_2"": {""value"":418}}]', 'fecha_tasa_cambio_1': None, 'fuente_relacionada_1': '{""value"":""BS (Ton CO2/ha)""}', 'archivo_soporte_2_2': 'files-renare/cc,1018420586/68b229e92cb375c800b83ab9/documentossolicitud/05documentodescripcionactividadmitigacion28-06-2024-10-09-50.pdf', 'fecha_final_1': '31/12/2047', 'archivo_soporte_2_3': None, 'fecha_inicial_1': '01/01/2018', 'descripcion_actividad_1': 'Protección de los Bosques y Conservación Ambiental, Gobernanza Forestal y Autonomía Indígena, Buen Vivir y producción sostenible, Protección de los conocimientos ancestrales y medicina indígena y Mujeres y familia indígena\n', 'id_actividad': 3729, 'tipo_moneda_1': None, 'contribucion_externa_1': '', 'depositos_carbono_1': '[{""depositos_carbono_1_1"": {""value"": 167}}]', 'resultado_traslape': 'No se presenta traslape.', 'fecha_resultado_traslape': '28/06/2024 10:09:47', 'tipo_actividad': 706, 'nombre_tipo_actividad': 'Reducción de las emisiones debidas a la deforestación'}]",,,,,,,,,,Proyecto REDD+
renare|proyecto de conservacion naya redd+,renare,Proyecto de Conservación NAYA REDD+,,,AFOLU,tipo: Proyecto REDD+,AFOLU,,REDD,tipo: Proyecto REDD+,REDD,,"[{'acciones_redd_mas_1': 'Fortalecimiento de la gobernanza territorial, reforestación participativa, aprovechamiento sostenible de PFNM para uso medicinal, artesanal y cultural, mejoramiento de vivienda y programa de monitoreo y control de la degradación forestal', 'tasa_cambio_1': '', 'tipo_actividad_1': 47, 'contribucion_propia_1': '$ 0', 'costo_total_1': '$ 0', 'sector_cartera': '[]', 'fecha_tasa_cambio_1': None, 'fuente_relacionada_1': '', 'archivo_soporte_2_2': 'files-renare/cc,1018420586/68b229e22cb375c800b83aaf/documentossolicitud/05documentodescripcionactividadmitigacion25-05-2021-10-46-54.pdf', 'fecha_final_1': '31/12/2036', 'archivo_soporte_2_3': None, 'fecha_inicial_1': '01/01/2016', 'descripcion_actividad_1': 'Fortalecimiento de la gobernanza territorial, reforestación participativa, aprovechamiento sostenible de PFNM para uso medicinal, artesanal y cultural, mejoramiento de vivienda y programa de monitoreo y control de la degradación forestal', 'id_actividad': 2342, 'tipo_moneda_1': None, 'contribucion_externa_1': '$ 0', 'depositos_carbono_1': '[{""depositos_carbono_1_1"": {""value"": 167}}, {""depositos_carbono_1_1"": {""value"": 131}}]', 'resultado_traslape': 'No se presenta traslape.', 'fecha_resultado_traslape': '09/12/2021 20:32:36', 'tipo_actividad': 47, 'nombre_tipo_actividad': 'Reducción de las emisiones debidas a la degradación forestal'}, {'acciones_redd_mas_1': 'Fortalecimiento de la gobernanza territorial, reforestación participativa, procesos productivos sostenibles con productos como café, yuca brava y dulce, ají, caña dulce, maíz, plátano, agroforestales no convencionales y programa de monitoreo y control de la deforestación', 'tasa_cambio_1': '', 'tipo_actividad_1': 46, 'contribucion_propia_1': '$ 0', 'costo_total_1': '$ 0', 'sector_cartera': '[]', 'fecha_tasa_cambio_1': None, 'fuente_relacionada_1': '', 'archivo_soporte_2_2': 'files-renare/cc,1018420586/68b229e22cb375c800b83aaf/documentossolicitud/05documentodescripcionactividadmitigacion25-05-2021-10-33-45.pdf', 'fecha_final_1': '31/12/2036', 'archivo_soporte_2_3': None, 'fecha_inicial_1': '01/01/2016', 'descripcion_actividad_1': 'Prevenir la deforestación directa o inducida de la cobertura de bosque a otro tipo de cobertura de la tierra para el periodo de duración del proyecto dentro de las áreas elegibles del mismo, por medio de acciones que transformen el comportamiento de actores y motores de deforestación', 'id_actividad': 2341, 'tipo_moneda_1': None, 'contribucion_externa_1': '$ 0', 'depositos_carbono_1': '[{""depositos_carbono_1_1"": {""value"": 167}}, {""depositos_carbono_1_1"": {""value"": 131}}]', 'resultado_traslape': 'No se presenta traslape.', 'fecha_resultado_traslape': '09/12/2021 20:32:08', 'tipo_actividad': 46, 'nombre_tipo_actividad': 'Reducción de las emisiones debidas a la deforestación'}]",,,,,,,,,,Proyecto REDD+
renare|infraestructuras ecosistemicas redd+ para los campesinos de antioquia colombia,renare,Infraestructuras Ecosistémicas REDD+ para los campesinos de Antioquia Colombia,,,AFOLU,tipo: Proyecto REDD+,AFOLU,,REDD,tipo: Proyecto REDD+,REDD,,"[{'acciones_redd_mas_1': 'Capacitaciones en REDD y servicios ecosistémicos, monitoreo de conservación del bosque, acuerdos de conservación, proyectos productivos comunitarios, fortalecimiento de gobernanza, armonización con planes territoriales, diseño de un corredor ecológico y fomento de actividades productivas.', 'tasa_cambio_1': '', 'tipo_actividad_1': 706, 'contribucion_propia_1': '', 'costo_total_1': '', 'sector_cartera': '[{""sector_cartera_2"": {""value"":411}}]', 'fecha_tasa_cambio_1': None, 'fuente_relacionada_1': '{""value"":""CO2""}', 'archivo_soporte_2_2': 'files-renare/cc,1018420586/68b229dd2cb375c800b83aab/documentossolicitud/05documentodescripcionactividadmitigacion28-02-2025-10-51-06.pdf', 'fecha_final_1': '31/12/2058', 'archivo_soporte_2_3': None, 'fecha_inicial_1': '01/01/2019', 'descripcion_actividad_1': 'Reducir 577.358 tCO2e por eliminación o quema de biomasa en 13.873 ha de predios privados. Se incluyen biomasa aérea, subterránea y carbono orgánico del suelo, comparando el escenario de línea base con el del proyecto.', 'id_actividad': 4521, 'tipo_moneda_1': None, 'contribucion_externa_1': '', 'depositos_carbono_1': '[{""depositos_carbono_1_1"": {""value"": 131}}, {""depositos_carbono_1_1"": {""value"": 167}}, {""depositos_carbono_1_1"": {""value"": 170}}]', 'resultado_traslape': 'No se presenta traslape.', 'fecha_resultado_traslape': '12/03/2025 12:03:07', 'tipo_actividad': 706, 'nombre_tipo_actividad': 'Reducción de las emisiones debidas a la deforestación'}]",,,,,,,,,,Proyecto REDD+
renare|makaro ap+ro,renare,Makaro Ap+ro,,,AFOLU,tipo: Proyecto REDD+,AFOLU,,REDD,tipo: Proyecto REDD+,REDD,,"[{'acciones_redd_mas_1': 'Las acciones se establecen en el plan estratégico del proyecto.', 'tasa_cambio_1': '', 'tipo_actividad_1': 706, 'contribucion_propia_1': '$ 0', 'costo_total_1': '$ 0', 'sector_cartera': '[{""sector_cartera_2"": {""value"":418}}]', 'fecha_tasa_cambio_1': None, 'fuente_relacionada_1': '{""value"":""BA (Ton CO2/ha)""}', 'archivo_soporte_2_2': 'files-renare/cc,1018420586/68b229cc2cb375c800b83a99/documentossolicitud/05documentodescripcionactividadmitigacion24-11-2021-16-40-34.pdf', 'fecha_final_1': '31/12/2047', 'archivo_soporte_2_3': None, 'fecha_inicial_1': '01/01/2018', 'descripcion_actividad_1': 'Actividades encaminadas disminuir las emisiones de GEI consecuentes de la deforestación de los bosques naturales que se encuentran en el área del proyecto.', 'id_actividad': 2961, 'tipo_moneda_1': None, 'contribucion_externa_1': '$ 0', 'depositos_carbono_1': '[{""depositos_carbono_1_1"": {""value"": 131}}]', 'resultado_traslape': 'No se presenta traslape.', 'fecha_resultado_traslape': '17/06/2024 16:26:53', 'tipo_actividad': 706, 'nombre_tipo_actividad': 'Reducción de las emisiones debidas a la deforestación'}]",,,,,,,,,,Proyecto REDD+
renare|proyecto hidroelectrico barroso 20mw,renare,Proyecto hidroeléctrico Barroso 20MW ,,,REVISAR,tipo: PDBC - Proyectos de Desarrollo Bajo en Carbono (no concluyente),,,NO_REDD,tipo: PDBC - Proyectos de Desarrollo Bajo en C (categoria distinta de REDD+ en RENARE),NO_REDD,,[],,,,,,,,,,PDBC - Proyectos de Desarrollo Bajo en Carbono
renare|veolia lfg pta antanas landfill,renare,Veolia LFG PTA Antanas landfill,,,REVISAR,tipo=PDBC - Programas de Desarrollo pero actividades sugiere AFOLU,,,NO_REDD,tipo: PDBC - Programas de Desarrollo Bajo en C (categoria distinta de REDD+ en RENARE),NO_REDD,,"[{'acciones_redd_mas_1': None, 'tasa_cambio_1': '', 'tipo_actividad_1': 50500, 'contribucion_propia_1': '$ 0', 'costo_total_1': '$ 0', 'sector_cartera': '[]', 'fecha_tasa_cambio_1': None, 'fuente_relacionada_1': '', 'archivo_soporte_2_2': 'files-renare/cc,1018420586/68b229b92cb375c800b83a81/documentossolicitud/05documentodescripcionactividadmitigacion05-08-2022-17-59-48.pdf', 'fecha_final_1': '27/01/2040', 'archivo_soporte_2_3': None, 'fecha_inicial_1': '28/01/2020', 'descripcion_actividad_1': 'La actividad del proyecto ¿Proyecto Veolia LFG en el relleno sanitario de PTA Antanas¿ abarca la construcción y operación de una infraestructura de recolección y destrucción de gas de relleno sanitario en el relleno sanitario de PTA Antanas con LFG destruido por combustión a alta temperatura.', 'id_actividad': 3421, 'tipo_moneda_1': None, 'contribucion_externa_1': '$ 0', 'resultado_traslape': 'No se presenta traslape.', 'fecha_resultado_traslape': '17/08/2022 14:28:37', 'tipo_actividad': 50500, 'nombre_tipo_actividad': 'Mejora de procesos en eliminación de residuos sólidos'}]",,,,,,,,,,PDBC - Programas de Desarrollo Bajo en Carbono
renare|co2bio proyecto 2- 2,renare,CO2Bio Proyecto 2- 2 ,,,AFOLU,tipo: Proyecto REDD+,AFOLU,,REDD,tipo: Proyecto REDD+,REDD,,"[{'acciones_redd_mas_1': 'Fortalecer los conocimientos para la gestión sostenible de los ecosistemas y conservación de la biodiversidad por medio de capacitaciones virtuales y/o presenciales\nPromover la gobernanza forestal en el área del proyecto\nPromover la gestión forestal sostenible\nImpulsar la delimitación y/o señalización de las áreas en conservación\nPromover y mejorar la producción agrícola, pecuaria (en tierras existentes) y turismo, mediante la implementación de buenas prácticas sostenibles\nGenerar alertas de cam', 'tasa_cambio_1': '', 'tipo_actividad_1': 704, 'contribucion_propia_1': '', 'costo_total_1': '', 'sector_cartera': '[{""sector_cartera_2"": {""value"":418}}]', 'fecha_tasa_cambio_1': None, 'fuente_relacionada_1': '{""value"":""Deforestación  de Bosques ""}', 'archivo_soporte_2_2': None, 'fecha_final_1': '14/01/2038', 'archivo_soporte_2_3': None, 'fecha_inicial_1': '15/01/2018', 'descripcion_actividad_1': 'Reducción de emisiones de GEI por deforestación evitada ', 'id_actividad': 3456, 'tipo_moneda_1': None, 'contribucion_externa_1': '', 'depositos_carbono_1': '[{""depositos_carbono_1_1"": {""value"": 131}}, {""depositos_carbono_1_1"": {""value"": 167}}, {""depositos_carbono_1_1"": {""value"": 170}}]', 'resultado_traslape': 'No se presenta traslape.', 'fecha_resultado_traslape': '29/05/2024 16:31:57', 'tipo_actividad': 704, 'nombre_tipo_actividad': 'Conservación de las reservas forestales de carbono'}]",,,,,,,,,,Proyecto REDD+
renare|sombrilla centrales hidroelectricas de suba y usaquen,renare,Sombrilla Centrales Hidroeléctricas de Suba y Usaquén,,,REVISAR,tipo=PDBC - Proyectos de Desarrollo pero actividades sugiere AFOLU,,,NO_REDD,tipo: PDBC - Proyectos de Desarrollo Bajo en C (categoria distinta de REDD+ en RENARE),NO_REDD,,"[{'acciones_redd_mas_1': None, 'tasa_cambio_1': '', 'tipo_actividad_1': 308, 'contribucion_propia_1': '$ 28.000.000.000', 'costo_total_1': '$ 28.000.000.000', 'sector_cartera': '[]', 'fecha_tasa_cambio_1': None, 'fuente_relacionada_1': '', 'archivo_soporte_2_2': 'files-renare/cc,1018420586/68b229a42cb375c800b83a71/documentossolicitud/05documentodescripcionactividadmitigacion04-12-2020-15-59-58.pdf', 'fecha_final_1': '14/04/2023', 'archivo_soporte_2_3': None, 'fecha_inicial_1': '15/04/2013', 'descripcion_actividad_1': 'PCH SUBA: turbina de 2,64 MW, caudal medio de 5,64 m3/s y caída neta de 52,18 m. PCH USAQUEN: turbina de 1,81 MW, caudal medio de 2,85 m3/s y caída neta de 71,5 m.', 'id_actividad': 1781, 'tipo_moneda_1': None, 'contribucion_externa_1': '$ 0', 'resultado_traslape': 'No se presenta traslape.', 'fecha_resultado_traslape': '08/12/2021 17:01:51', 'tipo_actividad': 308, 'nombre_tipo_actividad': 'Generación de electricidad renovable - no convencional'}]",,,,,,,,,,PDBC - Proyectos de Desarrollo Bajo en Carbono
renare|pequena central hidroelectrica bajo tulua,renare,Pequeña Central hidroeléctrica Bajo Tuluá,,,REVISAR,tipo=MDL - Proyectos del Mecanismo  pero actividades sugiere AFOLU,,,NO_REDD,tipo: MDL - Proyectos del Mecanismo de Desarro (categoria distinta de REDD+ en RENARE),NO_REDD,,"[{'acciones_redd_mas_1': None, 'tasa_cambio_1': '', 'tipo_actividad_1': 564, 'contribucion_propia_1': '$ 156.000.000.000', 'costo_total_1': '$ 156.000.000.000', 'sector_cartera': '[]', 'fecha_tasa_cambio_1': None, 'fuente_relacionada_1': '', 'archivo_soporte_2_2': 'files-renare/cc,1018420586/68b2299e2cb375c800b83a6d/documentossolicitud/05documentodescripcionactividadmitigacion24-11-2020-14-07-17.pdf', 'fecha_final_1': '28/11/2018', 'archivo_soporte_2_3': None, 'fecha_inicial_1': '29/11/2011', 'descripcion_actividad_1': 'Generación de energía a filo de agua', 'id_actividad': 1690, 'tipo_moneda_1': None, 'contribucion_externa_1': '$ 0', 'resultado_traslape': 'No se presenta traslape.', 'fecha_resultado_traslape': '16/02/2022 15:36:52', 'tipo_actividad': 564, 'nombre_tipo_actividad': 'Gestión adecuada de equipos que contienen SF6 y PFC al final de su vida útil - Aceleradores'}]",,,,,,,,,,MDL - Proyectos del Mecanismo de Desarrollo Limpio
renare|proyecto hidroelectrico sogamoso,renare,Proyecto Hidroeléctrico Sogamoso,,,REVISAR,tipo=MDL - Proyectos del Mecanismo  pero actividades sugiere AFOLU,NO_AFOLU,Hidroelectrica,NO_REDD,tipo: MDL - Proyectos del Mecanismo de Desarro (categoria distinta de REDD+ en RENARE),NO_REDD,,"[{'acciones_redd_mas_1': None, 'tasa_cambio_1': '', 'tipo_actividad_1': 564, 'contribucion_propia_1': '$ 290.413.700.000', 'costo_total_1': '$ 290.413.700.000', 'sector_cartera': '[]', 'fecha_tasa_cambio_1': None, 'fuente_relacionada_1': '', 'archivo_soporte_2_2': 'files-renare/cc,1018420586/68b229942cb375c800b83a62/documentossolicitud/05documentodescripcionactividadmitigacion16-02-2021-13-57-36.pdf', 'fecha_final_1': '14/06/2023', 'archivo_soporte_2_3': None, 'fecha_inicial_1': '15/06/2016', 'descripcion_actividad_1': 'Generar energía renovable a partir de la operación de una central hidroeléctrica', 'id_actividad': 2081, 'tipo_moneda_1': None, 'contribucion_externa_1': '$ 0', 'resultado_traslape': 'No se presenta traslape.', 'fecha_resultado_traslape': '11/10/2021 13:26:08', 'tipo_actividad': 564, 'nombre_tipo_actividad': 'Gestión adecuada de equipos que contienen SF6 y PFC al final de su vida útil - Aceleradores'}]",,,,,,,,,,MDL - Proyectos del Mecanismo de Desarrollo Limpio
"renare|proyecto de mitigacion en el sector del uscuss por remociones debidas al establecimiento de sistemas forestales de hevea brasiliensis en el municipio de barrancabermeja, santander, colombia",renare,"Proyecto de mitigación en el sector del USCUSS por remociones debidas al establecimiento de sistemas forestales de Hevea brasiliensis en el municipio de Barrancabermeja, Santander, Colombia",,,REVISAR,tipo=PDBC - Proyectos de Desarrollo pero actividades sugiere AFOLU,AFOLU,USCUSS: establecimiento de sistemas forestales,NO_REDD,tipo: PDBC - Proyectos de Desarrollo Bajo en C (categoria distinta de REDD+ en RENARE),NO_REDD,,"[{'acciones_redd_mas_1': None, 'tasa_cambio_1': '', 'tipo_actividad_1': 500, 'contribucion_propia_1': '$ 1.000.000.000', 'costo_total_1': '$ 1.000.000.000', 'sector_cartera': '[]', 'fecha_tasa_cambio_1': None, 'fuente_relacionada_1': '', 'archivo_soporte_2_2': 'files-renare/cc,1018420586/68b229872cb375c800b83a54/documentossolicitud/05documentodescripcionactividadmitigacion04-11-2020-18-59-54.pdf', 'fecha_final_1': '12/12/2042', 'archivo_soporte_2_3': None, 'fecha_inicial_1': '05/01/2013', 'descripcion_actividad_1': 'Realizar la remoción de CO2 a través de la implementación de un sistema forestal de Hevea brasiliensis, en el municipio de Barrancabermeja con un horizonte de 30 años', 'id_actividad': 1472, 'tipo_moneda_1': None, 'contribucion_externa_1': '$ 0', 'resultado_traslape': 'No se presenta traslape.', 'fecha_resultado_traslape': '15/07/2022 10:38:53', 'tipo_actividad': 500, 'nombre_tipo_actividad': 'Plantaciones comerciales'}]",,,,,,,,,,PDBC - Proyectos de Desarrollo Bajo en Carbono
renare|carbono agroforestal la argentina,renare,Carbono Agroforestal La Argentina,,,REVISAR,tipo=PDBC - Proyectos de Desarrollo pero actividades sugiere AFOLU,AFOLU,Sistema agroforestal,NO_REDD,tipo: PDBC - Proyectos de Desarrollo Bajo en C (categoria distinta de REDD+ en RENARE),NO_REDD,,"[{'acciones_redd_mas_1': None, 'tasa_cambio_1': '', 'tipo_actividad_1': 500, 'contribucion_propia_1': '$ 0', 'costo_total_1': '$ 0', 'sector_cartera': '[]', 'fecha_tasa_cambio_1': None, 'fuente_relacionada_1': '', 'archivo_soporte_2_2': 'files-renare/cc,1018420586/68b229782cb375c800b83a48/documentossolicitud/05documentodescripcionactividadmitigacion04-11-2020-08-28-49.pdf', 'fecha_final_1': '14/11/2030', 'archivo_soporte_2_3': None, 'fecha_inicial_1': '15/11/2011', 'descripcion_actividad_1': 'Realizar la captura de carbono a través de la plantación de especies maderables.', 'id_actividad': 1461, 'tipo_moneda_1': None, 'contribucion_externa_1': '$ 0', 'resultado_traslape': 'No se presenta traslape.', 'fecha_resultado_traslape': '28/07/2022 17:36:52', 'tipo_actividad': 500, 'nombre_tipo_actividad': 'Plantaciones comerciales'}]",,,,,,,,,,PDBC - Proyectos de Desarrollo Bajo en Carbono
renare|pequena central hidroelectrica alto tulua,renare,Pequeña Central Hidroeléctrica Alto Tuluá,,,REVISAR,tipo=MDL - Proyectos del Mecanismo  pero actividades sugiere AFOLU,,,NO_REDD,tipo: MDL - Proyectos del Mecanismo de Desarro (categoria distinta de REDD+ en RENARE),NO_REDD,,"[{'acciones_redd_mas_1': None, 'tasa_cambio_1': '', 'tipo_actividad_1': 564, 'contribucion_propia_1': '$ 165.000.000.000', 'costo_total_1': '$ 165.000.000.000', 'sector_cartera': '[]', 'fecha_tasa_cambio_1': None, 'fuente_relacionada_1': '', 'archivo_soporte_2_2': 'files-renare/cc,1018420586/68b229622cb375c800b83a35/documentossolicitud/05documentodescripcionactividadmitigacion18-11-2020-15-59-39.pdf', 'fecha_final_1': '31/12/2018', 'archivo_soporte_2_3': None, 'fecha_inicial_1': '01/01/2012', 'descripcion_actividad_1': 'Generación de energía a filo de agua', 'id_actividad': 1622, 'tipo_moneda_1': None, 'contribucion_externa_1': '$ 0', 'resultado_traslape': 'No se presenta traslape.', 'fecha_resultado_traslape': '07/12/2021 12:10:33', 'tipo_actividad': 564, 'nombre_tipo_actividad': 'Gestión adecuada de equipos que contienen SF6 y PFC al final de su vida útil - Aceleradores'}]",,,,,,,,,,MDL - Proyectos del Mecanismo de Desarrollo Limpio
"renare|proyecto de mitigacion en el sector del uscuss por remociones debidas al establecimiento de sistemas forestales de hevea brasiliensis en los municipios de sucre y el penon santander, colombia",renare,"Proyecto de mitigación en el sector del USCUSS por remociones debidas al establecimiento de sistemas forestales de Hevea brasiliensis en los municipios de Sucre y el Peñón Santander, Colombia",,,REVISAR,tipo=PDBC - Proyectos de Desarrollo pero actividades sugiere AFOLU,AFOLU,USCUSS: establecimiento de sistemas forestales,NO_REDD,tipo: PDBC - Proyectos de Desarrollo Bajo en C (categoria distinta de REDD+ en RENARE),NO_REDD,,"[{'acciones_redd_mas_1': None, 'tasa_cambio_1': '', 'tipo_actividad_1': 500, 'contribucion_propia_1': '$ 351.460.000', 'costo_total_1': '$ 1.500.000.000', 'sector_cartera': '[]', 'fecha_tasa_cambio_1': None, 'fuente_relacionada_1': '', 'archivo_soporte_2_2': 'files-renare/cc,1018420586/68b229532cb375c800b83a29/documentossolicitud/05documentodescripcionactividadmitigacion20-08-2021-09-38-16.pdf', 'fecha_final_1': '12/12/2040', 'archivo_soporte_2_3': None, 'fecha_inicial_1': '02/01/2011', 'descripcion_actividad_1': 'Realizar la remoción de CO2 a través de la implementación de un sistema forestal de Hevea brasiliensis, en los municipios de El Peñon y Sucre con un horizonte de 30 años', 'id_actividad': 2661, 'tipo_moneda_1': None, 'contribucion_externa_1': '$ 1.148.540.000', 'resultado_traslape': 'No se presenta traslape.', 'fecha_resultado_traslape': '15/07/2022 10:38:13', 'tipo_actividad': 500, 'nombre_tipo_actividad': 'Plantaciones comerciales'}]",,,,,,,,,,PDBC - Proyectos de Desarrollo Bajo en Carbono
renare|carbono inmunizar,renare,Carbono Inmunizar,,,REVISAR,tipo=PDBC - Proyectos de Desarrollo pero actividades sugiere AFOLU,,,NO_REDD,tipo: PDBC - Proyectos de Desarrollo Bajo en C (categoria distinta de REDD+ en RENARE),NO_REDD,,"[{'acciones_redd_mas_1': None, 'tasa_cambio_1': '', 'tipo_actividad_1': 500, 'contribucion_propia_1': '$ 0', 'costo_total_1': '$ 0', 'sector_cartera': '[]', 'fecha_tasa_cambio_1': None, 'fuente_relacionada_1': '', 'archivo_soporte_2_2': 'files-renare/cc,1018420586/68b2294d2cb375c800b83a25/documentossolicitud/05documentodescripcionactividadmitigacion30-10-2020-08-58-45.pdf', 'fecha_final_1': '14/05/2030', 'archivo_soporte_2_3': None, 'fecha_inicial_1': '15/05/2011', 'descripcion_actividad_1': 'Realizar la captura de carbono a través de la plantación de especies maderables.', 'id_actividad': 1426, 'tipo_moneda_1': None, 'contribucion_externa_1': '$ 0', 'resultado_traslape': 'No se presenta traslape.', 'fecha_resultado_traslape': '29/11/2021 13:17:46', 'tipo_actividad': 500, 'nombre_tipo_actividad': 'Plantaciones comerciales'}]",,,,,,,,,,PDBC - Proyectos de Desarrollo Bajo en Carbono
renare|despacho tecnico-economico de energia y vapor en la refineria de barrancabermeja-grb,renare,Despacho técnico-económico de energía y vapor en la Refinería de Barrancabermeja-GRB,,,REVISAR,tipo=PDBC - Proyectos de Desarrollo pero actividades sugiere AFOLU,NO_AFOLU,Eficiencia energetica industrial,NO_REDD,tipo: PDBC - Proyectos de Desarrollo Bajo en C (categoria distinta de REDD+ en RENARE),NO_REDD,,"[{'acciones_redd_mas_1': None, 'tasa_cambio_1': '', 'tipo_actividad_1': 295, 'contribucion_propia_1': '$ 300.000.000', 'costo_total_1': '$ 300.000.000', 'sector_cartera': '[]', 'fecha_tasa_cambio_1': None, 'fuente_relacionada_1': '', 'archivo_soporte_2_2': 'files-renare/cc,1018420586/68b229432cb375c800b83a1d/documentossolicitud/05documentodescripcionactividadmitigacion20-11-2020-14-19-24.pdf', 'fecha_final_1': '31/05/2021', 'archivo_soporte_2_3': None, 'fecha_inicial_1': '01/01/2013', 'descripcion_actividad_1': 'Gestión del despacho de vapor y energía eléctrica de forma integral para optimizar el uso de gas combustible y reducir las emisiones de GEI.\nAplicar software  para la planificación del despacho técnico-económico.\nAgregar nuevas tecnologías y equipos a los servicios industriales.', 'id_actividad': 1661, 'tipo_moneda_1': None, 'contribucion_externa_1': '$ 0', 'resultado_traslape': 'No se presenta traslape.', 'fecha_resultado_traslape': '15/07/2021 11:18:41', 'tipo_actividad': 295, 'nombre_tipo_actividad': 'Eficiencia energética en refinación de petróleo'}]",,,,,,,,,,PDBC - Proyectos de Desarrollo Bajo en Carbono
"renare|restauracion de areas degradadas y reforestacion en caceres y cravo norte, colombia",renare,"Restauración de áreas degradadas y reforestación en Cáceres y Cravo Norte, Colombia",,,REVISAR,tipo=PDBC - Proyectos de Desarrollo pero actividades sugiere AFOLU,,,NO_REDD,tipo: PDBC - Proyectos de Desarrollo Bajo en C (categoria distinta de REDD+ en RENARE),NO_REDD,,"[{'acciones_redd_mas_1': None, 'tasa_cambio_1': '', 'tipo_actividad_1': 500, 'contribucion_propia_1': '$ 1.210.000.000', 'costo_total_1': '$ 1.210.000.000', 'sector_cartera': '[]', 'fecha_tasa_cambio_1': None, 'fuente_relacionada_1': '', 'archivo_soporte_2_2': 'files-renare/cc,1018420586/68b2293d2cb375c800b83a16/documentossolicitud/05documentodescripcionactividadmitigacion13-11-2020-14-49-55.pdf', 'fecha_final_1': '31/01/2031', 'archivo_soporte_2_3': None, 'fecha_inicial_1': '01/02/2002', 'descripcion_actividad_1': 'Remoción de CO2 por medio del establecimiento de plantaciones forestales.', 'id_actividad': 1583, 'tipo_moneda_1': None, 'contribucion_externa_1': '$ 0', 'resultado_traslape': 'No se presenta traslape.', 'fecha_resultado_traslape': '18/08/2021 11:02:03', 'tipo_actividad': 500, 'nombre_tipo_actividad': 'Plantaciones comerciales'}]",,,,,,,,,,PDBC - Proyectos de Desarrollo Bajo en Carbono
renare|co2bio fase i,renare,CO2BIO FASE I,,,AFOLU,tipo: Proyecto REDD+,AFOLU,,REDD,tipo: Proyecto REDD+,REDD,,"[{'acciones_redd_mas_1': 'Definir  e implementar el Plan de Manejo del área del proyecto, que permita ejercer esta gobernanza forestal por parte de los propietarios; Realizar seguimiento  frecuente y detallado a cambios por deforestacion y degradacion forestal en el area de proyecto CO2BIO y sus alrededores', 'tasa_cambio_1': '', 'tipo_actividad_1': 47, 'contribucion_propia_1': '$ 0', 'costo_total_1': '$ 0', 'sector_cartera': '[]', 'fecha_tasa_cambio_1': None, 'fuente_relacionada_1': '', 'archivo_soporte_2_2': 'files-renare/cc,1018420586/68b2292c2cb375c800b83a07/documentossolicitud/05documentodescripcionactividadmitigacion23-11-2020-16-37-43.pdf', 'fecha_final_1': '31/12/2054', 'archivo_soporte_2_3': None, 'fecha_inicial_1': '01/01/2015', 'descripcion_actividad_1': 'La pedagogía es una herramienta clave para darle valor y la correcta gestión al medio ambiente, particularmente a los bosques y su biodiversidad. En concreto, se busca acoger los conocimientos ancestrales y tradicionales de las comunidades campesinas, para darle trazabilidad.', 'id_actividad': 1682, 'tipo_moneda_1': None, 'contribucion_externa_1': '$ 0', 'depositos_carbono_1': '[{""depositos_carbono_1_1"": {""value"": 167}}]', 'resultado_traslape': 'No se presenta traslape.', 'fecha_resultado_traslape': '24/06/2022 10:51:15', 'tipo_actividad': 47, 'nombre_tipo_actividad': 'Reducción de las emisiones debidas a la degradación forestal'}, {'acciones_redd_mas_1': 'a. Capacitar a los propietarios en materia de cambio climático y Gases de Efecto Invernadero (GEI), y la relación con el proyecto CO2BIO; b. Capacitar a la comunidad en la conservación de la biodiversidad asociada a bosques', 'tasa_cambio_1': '', 'tipo_actividad_1': 48, 'contribucion_propia_1': '$ 0', 'costo_total_1': '$ 0', 'sector_cartera': '[]', 'fecha_tasa_cambio_1': None, 'fuente_relacionada_1': '', 'archivo_soporte_2_2': 'files-renare/cc,1018420586/68b2292c2cb375c800b83a07/documentossolicitud/05documentodescripcionactividadmitigacion23-11-2020-16-52-34.pdf', 'fecha_final_1': '31/12/2054', 'archivo_soporte_2_3': None, 'fecha_inicial_1': '01/01/2015', 'descripcion_actividad_1': 'Aplicar procesos de formación y acompañamiento, para el fortalecimiento en la gestión sostenible de los bosques y conservación de la biodiversidad.', 'id_actividad': 1683, 'tipo_moneda_1': None, 'contribucion_externa_1': '$ 0', 'depositos_carbono_1': '[{""depositos_carbono_1_1"": {""value"": 167}}]', 'resultado_traslape': 'No se presenta traslape.', 'fecha_resultado_traslape': '24/06/2022 10:51:06', 'tipo_actividad': 48, 'nombre_tipo_actividad': 'Conservación de las reservas forestales de carbono'}, {'acciones_redd_mas_1': 'Generar un Plan de Manejo Ambiental (PMA) para el área del proyecto; asesoría técnica en la expedición de permisos y licencias; monitoreo de condiciones ambientales y de biodiversidad en la región; Ganadería sostenible.', 'tasa_cambio_1': '', 'tipo_actividad_1': 46, 'contribucion_propia_1': '$ 0', 'costo_total_1': '$ 0', 'sector_cartera': '[]', 'fecha_tasa_cambio_1': None, 'fuente_relacionada_1': '', 'archivo_soporte_2_2': 'files-renare/cc,1018420586/68b2292c2cb375c800b83a07/documentossolicitud/05documentodescripcionactividadmitigacion23-11-2020-15-16-28.pdf', 'fecha_final_1': '31/12/2054', 'archivo_soporte_2_3': None, 'fecha_inicial_1': '01/01/2015', 'descripcion_actividad_1': 'Las actividades desarrolladas en el proyecto se dividen en distintos componentes cuyo principal objetivo son las acciones REDD+.  Componentes tales como: fortalecimiento de los principios de gobernanza y legalidad forestal; delimitación de bosque y, ganadería sostenible', 'id_actividad': 1681, 'tipo_moneda_1': None, 'contribucion_externa_1': '$ 0', 'depositos_carbono_1': '[{""depositos_carbono_1_1"": {""value"": 167}}]', 'resultado_traslape': 'No se presenta traslape.', 'fecha_resultado_traslape': '09/08/2022 17:16:21', 'tipo_actividad': 46, 'nombre_tipo_actividad': 'Reducción de las emisiones debidas a la deforestación'}, {'acciones_redd_mas_1': 'a. Capacitaciones: cuyo objetivo principal es dar a conocer la función e importancia de los mecanismos de participación ciudadana; b. Apoyar de forma técnica y procedimental a los propietarios en la declaración de sus predios como Reservas Naturales de la Sociedad Civil', 'tasa_cambio_1': '', 'tipo_actividad_1': 49, 'contribucion_propia_1': '$ 0', 'costo_total_1': '$ 0', 'sector_cartera': '[]', 'fecha_tasa_cambio_1': None, 'fuente_relacionada_1': '', 'archivo_soporte_2_2': 'files-renare/cc,1018420586/68b2292c2cb375c800b83a07/documentossolicitud/05documentodescripcionactividadmitigacion23-11-2020-16-56-26.pdf', 'fecha_final_1': '31/12/2054', 'archivo_soporte_2_3': None, 'fecha_inicial_1': '01/01/2015', 'descripcion_actividad_1': 'Aplicar procesos de formación y acompañamiento, para el fortalecimiento en la gestión sostenible de los bosques y conservación de la biodiversidad.', 'id_actividad': 1684, 'tipo_moneda_1': None, 'contribucion_externa_1': '$ 0', 'depositos_carbono_1': '[{""depositos_carbono_1_1"": {""value"": 167}}]', 'resultado_traslape': 'No se presenta traslape.', 'fecha_resultado_traslape': '24/06/2022 10:50:33', 'tipo_actividad': 49, 'nombre_tipo_actividad': 'Gestión sostenible de los bosques'}]",,,,,,,,,,Proyecto REDD+
renare|proyecto carbono cas,renare,Proyecto carbono CAS,,,REVISAR,tipo=PDBC - Proyectos de Desarrollo pero actividades sugiere AFOLU,,,NO_REDD,tipo: PDBC - Proyectos de Desarrollo Bajo en C (categoria distinta de REDD+ en RENARE),NO_REDD,,"[{'acciones_redd_mas_1': None, 'tasa_cambio_1': '', 'tipo_actividad_1': 500, 'contribucion_propia_1': '$ 0', 'costo_total_1': '$ 0', 'sector_cartera': '[]', 'fecha_tasa_cambio_1': None, 'fuente_relacionada_1': '', 'archivo_soporte_2_2': 'files-renare/cc,1018420586/68b2290e2cb375c800b839ef/documentossolicitud/05documentodescripcionactividadmitigacion17-11-2020-17-18-51.pdf', 'fecha_final_1': '29/11/2027', 'archivo_soporte_2_3': None, 'fecha_inicial_1': '30/11/2008', 'descripcion_actividad_1': 'Realizar la captura de carbono a través de la plantación de especies maderables.', 'id_actividad': 1602, 'tipo_moneda_1': None, 'contribucion_externa_1': '$ 0', 'resultado_traslape': 'No se presenta traslape.', 'fecha_resultado_traslape': '20/11/2021 14:01:50', 'tipo_actividad': 500, 'nombre_tipo_actividad': 'Plantaciones comerciales'}]",,,,,,,,,,PDBC - Proyectos de Desarrollo Bajo en Carbono
renare|programa de compensaciones de gases de efecto invernadero (gei) - reforestadora caceri sa,renare,Programa de Compensaciones de Gases de Efecto Invernadero (GEI) - Reforestadora Cacerí SA,,,REVISAR,tipo=PDBC - Proyectos de Desarrollo pero actividades sugiere AFOLU,,,NO_REDD,tipo: PDBC - Proyectos de Desarrollo Bajo en C (categoria distinta de REDD+ en RENARE),NO_REDD,,"[{'acciones_redd_mas_1': None, 'tasa_cambio_1': '', 'tipo_actividad_1': 500, 'contribucion_propia_1': '$ 0', 'costo_total_1': '$ 0', 'sector_cartera': '[]', 'fecha_tasa_cambio_1': None, 'fuente_relacionada_1': '', 'archivo_soporte_2_2': 'files-renare/cc,1018420586/68b228c82cb375c800b839b5/documentossolicitud/05documentodescripcionactividadmitigacion30-10-2020-08-24-25.pdf', 'fecha_final_1': '01/07/2036', 'archivo_soporte_2_3': None, 'fecha_inicial_1': '01/07/2007', 'descripcion_actividad_1': 'Realizar la captura de carbono a través de la plantación de especies maderables.', 'id_actividad': 1425, 'tipo_moneda_1': None, 'contribucion_externa_1': '$ 0', 'resultado_traslape': 'No se presenta traslape.', 'fecha_resultado_traslape': '28/07/2022 17:48:26', 'tipo_actividad': 500, 'nombre_tipo_actividad': 'Plantaciones comerciales'}]",,,,,,,,,,PDBC - Proyectos de Desarrollo Bajo en Carbono
renare|proyecto de mitigacion forestal bonanza verde,renare,Proyecto de mitigación forestal  Bonanza Verde,,,REVISAR,tipo=PDBC - Proyectos de Desarrollo pero actividades sugiere AFOLU,,,NO_REDD,tipo: PDBC - Proyectos de Desarrollo Bajo en C (categoria distinta de REDD+ en RENARE),NO_REDD,,"[{'acciones_redd_mas_1': None, 'tasa_cambio_1': '', 'tipo_actividad_1': 500, 'contribucion_propia_1': '$ 790.625.000', 'costo_total_1': '$ 790.625.000', 'sector_cartera': '[]', 'fecha_tasa_cambio_1': None, 'fuente_relacionada_1': '', 'archivo_soporte_2_2': 'files-renare/cc,1018420586/68b228c32cb375c800b839b1/documentossolicitud/05documentodescripcionactividadmitigacion07-10-2020-19-30-29.pdf', 'fecha_final_1': '29/04/2027', 'archivo_soporte_2_3': None, 'fecha_inicial_1': '30/04/2009', 'descripcion_actividad_1': 'El proyecto tiene por objetivo la remoción de GEI, la diversificación del uso\ndel suelo, el aumento de cobertura arbórea y la generación de empleo. en el cual desde sus inicios predomina la ganadería extensiva como uso principal del suelo.', 'id_actividad': 1226, 'tipo_moneda_1': None, 'contribucion_externa_1': '$ 0', 'resultado_traslape': 'No se presenta traslape.', 'fecha_resultado_traslape': '17/12/2020 10:22:50', 'tipo_actividad': 500, 'nombre_tipo_actividad': 'Plantaciones comerciales'}]",,,,,,,,,,PDBC - Proyectos de Desarrollo Bajo en Carbono
renare|corredor de conservacion choco-darien,renare,Corredor de Conservación Chocó-Darién,,,AFOLU,tipo: Proyecto REDD+,AFOLU,,REDD,tipo: Proyecto REDD+,REDD,,"[{'acciones_redd_mas_1': 'Las actividades del proyecto pertenecen a tres temas: (i) desarrollar la capacidad de gobernanza, aumentando la conciencia sobre la identidad y los derechos colectivos; (ii) mejorar la aplicación y el manejo del territorio; y (iii) desarrollar alternativas e incentivos económicos', 'tasa_cambio_1': '', 'tipo_actividad_1': 46, 'contribucion_propia_1': '$ 0', 'costo_total_1': '$ 0', 'sector_cartera': '[]', 'fecha_tasa_cambio_1': None, 'fuente_relacionada_1': '', 'archivo_soporte_2_2': 'files-renare/cc,1018420586/68b228ae2cb375c800b839a1/documentossolicitud/05documentodescripcionactividadmitigacion23-08-2021-17-57-27.pdf', 'fecha_final_1': '17/10/2040', 'archivo_soporte_2_3': None, 'fecha_inicial_1': '18/10/2010', 'descripcion_actividad_1': 'El Proyecto Corredor de Conservación Chocó-Darién comenzó cuando la Asamblea General de Cocomasur aprobó el plan del proyecto el 18 de octubre de 2010. El proyecto utilizará financiamiento de carbono para mitigar las amenazas de conversión que plantean la ganadería, la agricultura y la tala', 'id_actividad': 2701, 'tipo_moneda_1': None, 'contribucion_externa_1': '$ 0', 'depositos_carbono_1': '[{""depositos_carbono_1_1"": {""value"": 170}}, {""depositos_carbono_1_1"": {""value"": 167}}, {""depositos_carbono_1_1"": {""value"": 131}}]', 'resultado_traslape': 'No se presenta traslape.', 'fecha_resultado_traslape': '29/09/2021 14:52:32', 'tipo_actividad': 46, 'nombre_tipo_actividad': 'Reducción de las emisiones debidas a la deforestación'}]",,,,,,,,,,Proyecto REDD+
renare|proyecto de conservacion kaliawiri redd+,renare,Proyecto de Conservación KALIAWIRI REDD+,,,AFOLU,tipo: Proyecto REDD+,AFOLU,,REDD,tipo: Proyecto REDD+,REDD,,"[{'acciones_redd_mas_1': 'Fortalecimiento de la gobernanza territorial, reforestación participativa, procesos productivos sostenibles con productos como cacao, yuca brava, ají, piña, caña dulce, piña, alinderamiento territorial y programa de monitoreo y control de la deforestación', 'tasa_cambio_1': '', 'tipo_actividad_1': 46, 'contribucion_propia_1': '$ 0', 'costo_total_1': '$ 0', 'sector_cartera': '[]', 'fecha_tasa_cambio_1': None, 'fuente_relacionada_1': '', 'archivo_soporte_2_2': 'files-renare/cc,1018420586/68b228882cb375c800b83982/documentossolicitud/05documentodescripcionactividadmitigacion18-10-2020-19-18-26.pdf', 'fecha_final_1': '31/12/2044', 'archivo_soporte_2_3': None, 'fecha_inicial_1': '01/01/2018', 'descripcion_actividad_1': 'Prevenir la deforestación directa o inducida de la cobertura de bosque a otro tipo de cobertura de la tierra para el periodo de duración del proyecto dentro de las áreas elegibles del mismo, por medio de acciones que transformen el comportamiento de actores y motores de deforestación', 'id_actividad': 1302, 'tipo_moneda_1': None, 'contribucion_externa_1': '$ 0', 'depositos_carbono_1': '[{""depositos_carbono_1_1"": {""value"": 167}}, {""depositos_carbono_1_1"": {""value"": 131}}]', 'resultado_traslape': 'No se presenta traslape.', 'fecha_resultado_traslape': '10/12/2021 11:00:19', 'tipo_actividad': 46, 'nombre_tipo_actividad': 'Reducción de las emisiones debidas a la deforestación'}, {'acciones_redd_mas_1': 'Fortalecimiento de la gobernanza territorial, reforestación participativa, aprovechamiento sostenible de caucho nativo, moriche, seje y silvopastoril, mejoramiento de vivienda y programa de monitoreo y control de la degradación forestal', 'tasa_cambio_1': '', 'tipo_actividad_1': 47, 'contribucion_propia_1': '$ 0', 'costo_total_1': '$ 0', 'sector_cartera': '[]', 'fecha_tasa_cambio_1': None, 'fuente_relacionada_1': '', 'archivo_soporte_2_2': 'files-renare/cc,1018420586/68b228882cb375c800b83982/documentossolicitud/05documentodescripcionactividadmitigacion18-10-2020-19-16-25.pdf', 'fecha_final_1': '31/12/2044', 'archivo_soporte_2_3': None, 'fecha_inicial_1': '01/01/2015', 'descripcion_actividad_1': 'Prevenir la reducción persistente de las reservas de carbono almacenados en bosques que pueden estar asociados con un decrecimiento sostenido y medible del dosel del bosque y del número de árboles por hectárea', 'id_actividad': 1301, 'tipo_moneda_1': None, 'contribucion_externa_1': '$ 0', 'depositos_carbono_1': '[{""depositos_carbono_1_1"": {""value"": 167}}, {""depositos_carbono_1_1"": {""value"": 131}}]', 'resultado_traslape': 'No se presenta traslape.', 'fecha_resultado_traslape': '10/12/2021 10:51:53', 'tipo_actividad': 47, 'nombre_tipo_actividad': 'Reducción de las emisiones debidas a la degradación forestal'}]",,,,,,,,,,Proyecto REDD+
renare|proyecto carbono sombrilla abejorral,renare,Proyecto Carbono Sombrilla Abejorral,,,REVISAR,tipo=PDBC - Proyectos de Desarrollo pero actividades sugiere AFOLU,AFOLU,Proyecto forestal,NO_REDD,tipo: PDBC - Proyectos de Desarrollo Bajo en C (categoria distinta de REDD+ en RENARE),NO_REDD,,"[{'acciones_redd_mas_1': None, 'tasa_cambio_1': '', 'tipo_actividad_1': 500, 'contribucion_propia_1': '$ 4.026.891.947', 'costo_total_1': '$ 4.026.891.947', 'sector_cartera': '[]', 'fecha_tasa_cambio_1': None, 'fuente_relacionada_1': '', 'archivo_soporte_2_2': 'files-renare/cc,1018420586/68b228652cb375c800b8395e/documentossolicitud/05documentodescripcionactividadmitigacion26-10-2020-17-15-03.pdf', 'fecha_final_1': '14/02/2028', 'archivo_soporte_2_3': None, 'fecha_inicial_1': '15/02/2009', 'descripcion_actividad_1': 'Establecimiento de plantaciones forestales de Pinus patula en el municipio de Abejorral (Antioquia).', 'id_actividad': 1384, 'tipo_moneda_1': None, 'contribucion_externa_1': '$ 0', 'resultado_traslape': 'No se presenta traslape.', 'fecha_resultado_traslape': '07/07/2021 15:41:34', 'tipo_actividad': 500, 'nombre_tipo_actividad': 'Plantaciones comerciales'}]",,,,,,,,,,PDBC - Proyectos de Desarrollo Bajo en Carbono
renare|pequena central hidroelectrica amaime,renare,Pequeña Central Hidroeléctrica Amaime,,,REVISAR,tipo=MDL - Proyectos del Mecanismo  pero actividades sugiere AFOLU,,,NO_REDD,tipo: MDL - Proyectos del Mecanismo de Desarro (categoria distinta de REDD+ en RENARE),NO_REDD,,"[{'acciones_redd_mas_1': None, 'tasa_cambio_1': '', 'tipo_actividad_1': 564, 'contribucion_propia_1': '$ 87.000.000.000', 'costo_total_1': '$ 87.000.000.000', 'sector_cartera': '[]', 'fecha_tasa_cambio_1': None, 'fuente_relacionada_1': '', 'archivo_soporte_2_2': 'files-renare/cc,1018420586/68b228202cb375c800b83924/documentossolicitud/05documentodescripcionactividadmitigacion18-11-2020-13-30-33.pdf', 'fecha_final_1': '17/11/2017', 'archivo_soporte_2_3': None, 'fecha_inicial_1': '18/11/2010', 'descripcion_actividad_1': 'Generación de energía a filo de agua', 'id_actividad': 1621, 'tipo_moneda_1': None, 'contribucion_externa_1': '$ 0', 'resultado_traslape': 'No se presenta traslape.', 'fecha_resultado_traslape': '12/05/2022 08:32:07', 'tipo_actividad': 564, 'nombre_tipo_actividad': 'Gestión adecuada de equipos que contienen SF6 y PFC al final de su vida útil - Aceleradores'}]",,,,,,,,,,MDL - Proyectos del Mecanismo de Desarrollo Limpio
renare|proyecto redd+ resguardo indigena unificado - selva de mataven (riu-sm),renare,Proyecto REDD+ Resguardo Indígena Unificado - Selva de Matavén (RIU-SM),,,AFOLU,tipo: Proyecto REDD+,AFOLU,,REDD,tipo: Proyecto REDD+,REDD,,"[{'acciones_redd_mas_1': 'Prod/Act: P1 Reducción vulnerabilidad / A1.1 Vigilacia y control del territorio, A1.2 Sistemas de comunicación, información y transporte, A1.3 Fortalecimiento de la Gobernanza; P2 Producción autosostenible / A2.1 Sisetma de producción agroalimentaria, A2.2 Programas de capacitación y educación formal, A2.3 Proyectos productivos; P3 Mecanismo de valoración y compensación / A3.1 Validar el Proyecto, A3.2 Verificar el Proyecto', 'tasa_cambio_1': '', 'tipo_actividad_1': 706, 'contribucion_propia_1': '$ 0', 'costo_total_1': '$ 0', 'sector_cartera': '[{""sector_cartera_2"": {""value"":411}}]', 'fecha_tasa_cambio_1': None, 'fuente_relacionada_1': '{""value"":""Deforestación""}', 'archivo_soporte_2_2': 'files-renare/cc,1018420586/68b228042cb375c800b8390a/documentossolicitud/05documentodescripcionactividadmitigacion04-06-2024-11-01-49.pdf', 'fecha_final_1': '01/01/2043', 'archivo_soporte_2_3': None, 'fecha_inicial_1': '01/01/2013', 'descripcion_actividad_1': 'Emisiones GEI en RIU-SM son causadas, ppalmente, por deforestación motivada por amenazas: colonos, ampliar agroindustria/pecuaria (infraestructura vial), extraer madera, cultivo ilícito, industria minera legal/ilegal, industria petrolera (aparece como área para exploración y eventual explotación).', 'id_actividad': 1001, 'tipo_moneda_1': None, 'contribucion_externa_1': '$ 0', 'depositos_carbono_1': '[{""depositos_carbono_1_1"": {""value"": 170}}, {""depositos_carbono_1_1"": {""value"": 167}}, {""depositos_carbono_1_1"": {""value"": 131}}]', 'resultado_traslape': 'No se presenta traslape.', 'fecha_resultado_traslape': '24/12/2024 19:18:03', 'tipo_actividad': 706, 'nombre_tipo_actividad': 'Reducción de las emisiones debidas a la deforestación'}]",,,,,,,,,,Proyecto REDD+
renare|proyecto forestal nucleo vichada meta co2cero,renare,PROYECTO FORESTAL NUCLEO VICHADA META CO2CERO,,,REVISAR,tipo=PDBC - Proyectos de Desarrollo pero actividades sugiere AFOLU,,,NO_REDD,tipo: PDBC - Proyectos de Desarrollo Bajo en C (categoria distinta de REDD+ en RENARE),NO_REDD,,"[{'acciones_redd_mas_1': None, 'tasa_cambio_1': '', 'tipo_actividad_1': 500, 'contribucion_propia_1': '$ 103.263.715.798', 'costo_total_1': '$ 103.263.715.798', 'sector_cartera': '[]', 'fecha_tasa_cambio_1': None, 'fuente_relacionada_1': '', 'archivo_soporte_2_2': 'files-renare/cc,1018420586/68b227f92cb375c800b838ff/documentossolicitud/05documentodescripcionactividadmitigacion01-10-2020-11-11-24.pdf', 'fecha_final_1': '31/05/2038', 'archivo_soporte_2_3': None, 'fecha_inicial_1': '01/06/2008', 'descripcion_actividad_1': 'El proyecto esta basado en el establecimiento de plantaciones forestales comerciales en los llanos orientales de Colombia', 'id_actividad': 1121, 'tipo_moneda_1': None, 'contribucion_externa_1': '$ 0', 'resultado_traslape': 'No se presenta traslape.', 'fecha_resultado_traslape': '03/06/2021 17:40:13', 'tipo_actividad': 500, 'nombre_tipo_actividad': 'Plantaciones comerciales'}]",,,,,,,,,,PDBC - Proyectos de Desarrollo Bajo en Carbono
"renare|planeta agradecido con el gran resguardo indigena del vaupes, proyecto 3",renare,"Planeta agradecido con el Gran resguardo indígena del Vaupés, proyecto 3",,,AFOLU,tipo: Proyecto REDD+,AFOLU,,REDD,tipo: Proyecto REDD+,REDD,,"[{'acciones_redd_mas_1': 'Las actividades que se diseñaron y se están implementando se enmarcan en dos líneas de acción: la línea de acción ¿específica¿ que abarca los 3 segmentos incluidos en el proyecto (evitación de la deforestación y degradación y ARC), y la línea de acción ¿transversal¿, que  cumplir salvaguardas', 'tasa_cambio_1': '', 'tipo_actividad_1': 46, 'contribucion_propia_1': '$ 0', 'costo_total_1': '$ 0', 'sector_cartera': '[]', 'fecha_tasa_cambio_1': None, 'fuente_relacionada_1': '', 'archivo_soporte_2_2': 'files-renare/cc,1018420586/68b227f42cb375c800b838fb/documentossolicitud/05documentodescripcionactividadmitigacion08-06-2021-12-20-08.pdf', 'fecha_final_1': '31/12/2046', 'archivo_soporte_2_3': None, 'fecha_inicial_1': '01/01/2018', 'descripcion_actividad_1': 'Mitigar los efectos del cambio climático mediante la implementación de acciones que promuevan la reducción o la remoción de las emisiones de gases de efecto invernadero debidas a la deforestación de los bosques localizados en el territorio delimitado como ¿Proyecto 3¿ del resguardo.', 'id_actividad': 2404, 'tipo_moneda_1': None, 'contribucion_externa_1': '$ 0', 'depositos_carbono_1': '[{""depositos_carbono_1_1"": {""value"": 170}}, {""depositos_carbono_1_1"": {""value"": 168}}, {""depositos_carbono_1_1"": {""value"": 167}}, {""depositos_carbono_1_1"": {""value"": 131}}]', 'resultado_traslape': 'No se presenta traslape.', 'fecha_resultado_traslape': '27/09/2021 17:12:26', 'tipo_actividad': 46, 'nombre_tipo_actividad': 'Reducción de las emisiones debidas a la deforestación'}, {'acciones_redd_mas_1': 'Las actividades que se diseñaron y se están implementando se enmarcan en dos líneas de acción: la línea de acción ¿específica¿ que abarca los 3 segmentos incluidos en el proyecto (evitación de la deforestación y degradación y ARC), y la línea de acción ¿transversal¿, que  cumplir salvaguardas', 'tasa_cambio_1': '', 'tipo_actividad_1': 47, 'contribucion_propia_1': '$ 0', 'costo_total_1': '$ 0', 'sector_cartera': '[]', 'fecha_tasa_cambio_1': None, 'fuente_relacionada_1': '', 'archivo_soporte_2_2': 'files-renare/cc,1018420586/68b227f42cb375c800b838fb/documentossolicitud/05documentodescripcionactividadmitigacion08-06-2021-12-28-54.pdf', 'fecha_final_1': '31/12/2046', 'archivo_soporte_2_3': None, 'fecha_inicial_1': '31/12/2017', 'descripcion_actividad_1': 'Mitigar los efectos del cambio climático mediante la implementación de acciones que promuevan la reducción o la remoción de las emisiones de gases de efecto invernadero debidas a la degradación de los bosques localizados en el territorio delimitado como ¿Proyecto 3¿ del resguardo', 'id_actividad': 2405, 'tipo_moneda_1': None, 'contribucion_externa_1': '$ 0', 'depositos_carbono_1': '[{""depositos_carbono_1_1"": {""value"": 170}}, {""depositos_carbono_1_1"": {""value"": 168}}, {""depositos_carbono_1_1"": {""value"": 167}}, {""depositos_carbono_1_1"": {""value"": 131}}]', 'resultado_traslape': 'No se presenta traslape.', 'fecha_resultado_traslape': '27/09/2021 17:09:34', 'tipo_actividad': 47, 'nombre_tipo_actividad': 'Reducción de las emisiones debidas a la degradación forestal'}, {'acciones_redd_mas_1': 'Las actividades que se diseñaron y se están implementando se enmarcan en dos líneas de acción: la línea de acción ¿específica¿ que abarca los 3 segmentos incluidos en el proyecto (evitación de la deforestación y degradación y ARC), y la línea de acción ¿transversal¿, que  cumplir salvaguardas', 'tasa_cambio_1': '', 'tipo_actividad_1': 50, 'contribucion_propia_1': '$ 0', 'costo_total_1': '$ 0', 'sector_cartera': '[]', 'fecha_tasa_cambio_1': None, 'fuente_relacionada_1': '', 'archivo_soporte_2_2': 'files-renare/cc,1018420586/68b227f42cb375c800b838fb/documentossolicitud/05documentodescripcionactividadmitigacion08-06-2021-12-31-09.pdf', 'fecha_final_1': '31/12/2046', 'archivo_soporte_2_3': None, 'fecha_inicial_1': '31/12/2017', 'descripcion_actividad_1': 'Aumentar las reservas de carbono forestal por medio de actividades de restauración activa en el territorio delimitado como ¿Proyecto 3¿ del Gran Resguardo Indígena del Vaupés.', 'id_actividad': 2406, 'tipo_moneda_1': None, 'contribucion_externa_1': '$ 0', 'depositos_carbono_1': '[{""depositos_carbono_1_1"": {""value"": 170}}, {""depositos_carbono_1_1"": {""value"": 169}}, {""depositos_carbono_1_1"": {""value"": 168}}, {""depositos_carbono_1_1"": {""value"": 167}}, {""depositos_carbono_1_1"": {""value"": 131}}]', 'resultado_traslape': 'No se presenta traslape.', 'fecha_resultado_traslape': '27/09/2021 17:11:41', 'tipo_actividad': 50, 'nombre_tipo_actividad': 'Incremento de las reservas forestales de carbono'}]",,,,,,,,,,Proyecto REDD+
renare|proyecto redd+ zona isana y surubi,renare,Proyecto REDD+ Zona Isana y Surubí,,,AFOLU,tipo: Proyecto REDD+,AFOLU,,REDD,tipo: Proyecto REDD+,REDD,,"[{'acciones_redd_mas_1': 'En el marco del proyecto se llevarán a cabo diversas actividades enmarcadas en 15 programas los cuales fueron construidos de manera conjunta con las comunidades del área del proyecto', 'tasa_cambio_1': '', 'tipo_actividad_1': 706, 'contribucion_propia_1': '', 'costo_total_1': '', 'sector_cartera': '[{""sector_cartera_2"": {""value"":411}}]', 'fecha_tasa_cambio_1': None, 'fuente_relacionada_1': '{""value"":""Deforestación""}', 'archivo_soporte_2_2': 'files-renare/cc,1018420586/68b227ee2cb375c800b838f7/documentossolicitud/05documentodescripcionactividadmitigacion09-04-2025-11-30-11.pdf', 'fecha_final_1': '31/12/2047', 'archivo_soporte_2_3': None, 'fecha_inicial_1': '01/01/2018', 'descripcion_actividad_1': 'El objetivo es mitigar los efectos del cambio climático mediante la implementación de acciones que promuevan la reducción de las emisiones de gases de efecto invernadero debidas a la deforestación de los bosques', 'id_actividad': 4803, 'tipo_moneda_1': None, 'contribucion_externa_1': '', 'depositos_carbono_1': '[{""depositos_carbono_1_1"": {""value"": 131}}, {""depositos_carbono_1_1"": {""value"": 167}}, {""depositos_carbono_1_1"": {""value"": 170}}]', 'resultado_traslape': 'No se presenta traslape.', 'fecha_resultado_traslape': '24/04/2025 10:02:04', 'tipo_actividad': 706, 'nombre_tipo_actividad': 'Reducción de las emisiones debidas a la deforestación'}, {'acciones_redd_mas_1': 'En el marco del proyecto se llevarán a cabo diversas actividades enmarcadas en 15 programas los cuales fueron construidos de manera conjunta con las comunidades del área del proyecto', 'tasa_cambio_1': '', 'tipo_actividad_1': 714, 'contribucion_propia_1': '', 'costo_total_1': '', 'sector_cartera': '[{""sector_cartera_2"": {""value"":411}}]', 'fecha_tasa_cambio_1': None, 'fuente_relacionada_1': '{""value"":""Degradación forestal""}', 'archivo_soporte_2_2': 'files-renare/cc,1018420586/68b227ee2cb375c800b838f7/documentossolicitud/05documentodescripcionactividadmitigacion09-04-2025-11-33-16.pdf', 'fecha_final_1': '31/12/2047', 'archivo_soporte_2_3': None, 'fecha_inicial_1': '01/01/2018', 'descripcion_actividad_1': 'El objetivo es mitigar los efectos del cambio climático mediante la implementación de acciones que promuevan la reducción de las emisiones de gases de efecto invernadero debidas a la degradación forestal de los bosques ', 'id_actividad': 4804, 'tipo_moneda_1': None, 'contribucion_externa_1': '', 'depositos_carbono_1': '[{""depositos_carbono_1_1"": {""value"": 131}}, {""depositos_carbono_1_1"": {""value"": 167}}, {""depositos_carbono_1_1"": {""value"": 170}}]', 'resultado_traslape': 'No se presenta traslape.', 'fecha_resultado_traslape': '24/04/2025 10:01:28', 'tipo_actividad': 714, 'nombre_tipo_actividad': 'Reducción de las emisiones debidas a la degradación forestal'}]",,,,,,,,,,Proyecto REDD+
"renare|planeta agradecido con el gran resguardo indigena del vaupes, proyecto 2",renare,"Planeta agradecido con el Gran resguardo indígena del Vaupés, proyecto 2",,,AFOLU,tipo: Proyecto REDD+,AFOLU,,REDD,tipo: Proyecto REDD+,REDD,,"[{'acciones_redd_mas_1': 'Las actividades que se diseñaron y se están implementando se enmarcan en dos líneas de acción: la línea de acción ¿específica¿ que abarca los 3 segmentos incluidos en el proyecto (evitación de la deforestación y degradación y ARC), y la línea de acción ¿transversal¿, que  cumplir salvaguardas', 'tasa_cambio_1': '', 'tipo_actividad_1': 50, 'contribucion_propia_1': '$ 0', 'costo_total_1': '$ 0', 'sector_cartera': '[]', 'fecha_tasa_cambio_1': None, 'fuente_relacionada_1': '', 'archivo_soporte_2_2': 'files-renare/cc,1018420586/68b227e92cb375c800b838f3/documentossolicitud/05documentodescripcionactividadmitigacion11-05-2021-16-05-46.pdf', 'fecha_final_1': '31/12/2046', 'archivo_soporte_2_3': None, 'fecha_inicial_1': '01/01/2017', 'descripcion_actividad_1': '-\tAumentar las reservas de carbono forestal por medio de actividades de restauración activa en el territorio delimitado como ¿Proyecto 2¿ del Gran Resguardo Indígena del Vaupés.', 'id_actividad': 2303, 'tipo_moneda_1': None, 'contribucion_externa_1': '$ 0', 'depositos_carbono_1': '[{""depositos_carbono_1_1"": {""value"": 168}}, {""depositos_carbono_1_1"": {""value"": 170}}, {""depositos_carbono_1_1"": {""value"": 169}}, {""depositos_carbono_1_1"": {""value"": 167}}, {""depositos_carbono_1_1"": {""value"": 131}}]', 'resultado_traslape': 'No se presenta traslape.', 'fecha_resultado_traslape': '27/09/2021 15:34:19', 'tipo_actividad': 50, 'nombre_tipo_actividad': 'Incremento de las reservas forestales de carbono'}, {'acciones_redd_mas_1': 'Las actividades que se diseñaron y se están implementando se enmarcan en dos líneas de acción: la línea de acción ¿específica¿ que abarca los 3 segmentos incluidos en el proyecto (evitación de la deforestación y degradación y ARC), y la línea de acción ¿transversal¿, que  cumplir salvaguardas', 'tasa_cambio_1': '', 'tipo_actividad_1': 47, 'contribucion_propia_1': '$ 0', 'costo_total_1': '$ 0', 'sector_cartera': '[]', 'fecha_tasa_cambio_1': None, 'fuente_relacionada_1': '', 'archivo_soporte_2_2': 'files-renare/cc,1018420586/68b227e92cb375c800b838f3/documentossolicitud/05documentodescripcionactividadmitigacion11-05-2021-16-02-28.pdf', 'fecha_final_1': '31/12/2046', 'archivo_soporte_2_3': None, 'fecha_inicial_1': '01/01/2017', 'descripcion_actividad_1': 'Mitigar los efectos del cambio climático mediante la implementación de acciones que promuevan la reducción o la remoción de las emisiones de gases de efecto invernadero debidas a la degradación de los bosques localizados en el territorio delimitado como ¿Proyecto 2¿ del resguardo', 'id_actividad': 2302, 'tipo_moneda_1': None, 'contribucion_externa_1': '$ 0', 'depositos_carbono_1': '[{""depositos_carbono_1_1"": {""value"": 168}}, {""depositos_carbono_1_1"": {""value"": 170}}, {""depositos_carbono_1_1"": {""value"": 169}}, {""depositos_carbono_1_1"": {""value"": 167}}, {""depositos_carbono_1_1"": {""value"": 131}}]', 'resultado_traslape': 'No se presenta traslape.', 'fecha_resultado_traslape': '27/09/2021 15:20:31', 'tipo_actividad': 47, 'nombre_tipo_actividad': 'Reducción de las emisiones debidas a la degradación forestal'}, {'acciones_redd_mas_1': 'Las actividades que se diseñaron y se están implementando se enmarcan en dos líneas de acción: la línea de acción ¿específica¿ que abarca los 3 segmentos incluidos en el proyecto (evitación de la deforestación y degradación y ARC), y la línea de acción ¿transversal¿, que  cumplir salvaguardas', 'tasa_cambio_1': '', 'tipo_actividad_1': 46, 'contribucion_propia_1': '$ 0', 'costo_total_1': '$ 0', 'sector_cartera': '[]', 'fecha_tasa_cambio_1': None, 'fuente_relacionada_1': '', 'archivo_soporte_2_2': 'files-renare/cc,1018420586/68b227e92cb375c800b838f3/documentossolicitud/05documentodescripcionactividadmitigacion11-05-2021-15-48-40.pdf', 'fecha_final_1': '31/12/2046', 'archivo_soporte_2_3': None, 'fecha_inicial_1': '01/01/2018', 'descripcion_actividad_1': '-\tMitigar los efectos del cambio climático mediante la implementación de acciones que promuevan la reducción o la remoción de las emisiones de gases de efecto invernadero debidas a la deforestación de los bosques localizados en el territorio delimitado como ¿Proyecto 2¿ del resguardo.', 'id_actividad': 2301, 'tipo_moneda_1': None, 'contribucion_externa_1': '$ 0', 'depositos_carbono_1': '[{""depositos_carbono_1_1"": {""value"": 168}}, {""depositos_carbono_1_1"": {""value"": 170}}, {""depositos_carbono_1_1"": {""value"": 169}}, {""depositos_carbono_1_1"": {""value"": 167}}, {""depositos_carbono_1_1"": {""value"": 131}}]', 'resultado_traslape': 'No se presenta traslape.', 'fecha_resultado_traslape': '27/09/2021 15:21:59', 'tipo_actividad': 46, 'nombre_tipo_actividad': 'Reducción de las emisiones debidas a la deforestación'}]",,,,,,,,,,Proyecto REDD+
renare|planeta agradecido con el resguardo indigena cmari,renare,Planeta agradecido con el resguardo indígena CMARI,,,AFOLU,tipo: Proyecto REDD+,AFOLU,,REDD,tipo: Proyecto REDD+,REDD,,"[{'acciones_redd_mas_1': 'Las actividades que se diseñaron y se están implementando se enmarcan en dos líneas de acción: la línea de acción ¿específica¿ que abarca los 3 segmentos incluidos en el proyecto (evitación de la deforestación y degradación y ARC), y la línea de acción ¿transversal¿, que  cumplir salvaguardas', 'tasa_cambio_1': '', 'tipo_actividad_1': 46, 'contribucion_propia_1': '$ 0', 'costo_total_1': '$ 0', 'sector_cartera': '[]', 'fecha_tasa_cambio_1': None, 'fuente_relacionada_1': '', 'archivo_soporte_2_2': 'files-renare/cc,1018420586/68b227e42cb375c800b838ef/documentossolicitud/05documentodescripcionactividadmitigacion08-06-2021-12-00-26.pdf', 'fecha_final_1': '31/12/2116', 'archivo_soporte_2_3': None, 'fecha_inicial_1': '01/01/2018', 'descripcion_actividad_1': '-Mitigar los efectos del cambio climático mediante la implementación de acciones que promuevan la reducción o la remoción de las emisiones de gases de efecto invernadero debidas a la deforestación de los bosques localizados en el territorio del resguardo', 'id_actividad': 2401, 'tipo_moneda_1': None, 'contribucion_externa_1': '$ 0', 'depositos_carbono_1': '[{""depositos_carbono_1_1"": {""value"": 170}}, {""depositos_carbono_1_1"": {""value"": 169}}, {""depositos_carbono_1_1"": {""value"": 168}}, {""depositos_carbono_1_1"": {""value"": 167}}, {""depositos_carbono_1_1"": {""value"": 131}}]', 'resultado_traslape': 'No se presenta traslape.', 'fecha_resultado_traslape': '23/09/2021 12:03:07', 'tipo_actividad': 46, 'nombre_tipo_actividad': 'Reducción de las emisiones debidas a la deforestación'}, {'acciones_redd_mas_1': 'Las actividades que se diseñaron y se están implementando se enmarcan en dos líneas de acción: la línea de acción ¿específica¿ que abarca los 3 segmentos incluidos en el proyecto (evitación de la deforestación y degradación y ARC), y la línea de acción ¿transversal¿, que  cumplir salvaguardas', 'tasa_cambio_1': '', 'tipo_actividad_1': 50, 'contribucion_propia_1': '$ 0', 'costo_total_1': '$ 0', 'sector_cartera': '[]', 'fecha_tasa_cambio_1': None, 'fuente_relacionada_1': '', 'archivo_soporte_2_2': 'files-renare/cc,1018420586/68b227e42cb375c800b838ef/documentossolicitud/05documentodescripcionactividadmitigacion08-06-2021-12-05-49.pdf', 'fecha_final_1': '01/12/2116', 'archivo_soporte_2_3': None, 'fecha_inicial_1': '01/01/2017', 'descripcion_actividad_1': 'Aumentar las reservas de carbono forestal por medio de actividades de restauración activa en el territorio del resguardo', 'id_actividad': 2403, 'tipo_moneda_1': None, 'contribucion_externa_1': '$ 0', 'depositos_carbono_1': '[{""depositos_carbono_1_1"": {""value"": 170}}, {""depositos_carbono_1_1"": {""value"": 169}}, {""depositos_carbono_1_1"": {""value"": 168}}, {""depositos_carbono_1_1"": {""value"": 167}}, {""depositos_carbono_1_1"": {""value"": 131}}]', 'resultado_traslape': 'No se presenta traslape.', 'fecha_resultado_traslape': '23/09/2021 12:01:56', 'tipo_actividad': 50, 'nombre_tipo_actividad': 'Incremento de las reservas forestales de carbono'}, {'acciones_redd_mas_1': 'Las actividades que se diseñaron y se están implementando se enmarcan en dos líneas de acción: la línea de acción ¿específica¿ que abarca los 3 segmentos incluidos en el proyecto (evitación de la deforestación y degradación y ARC), y la línea de acción ¿transversal¿, que  cumplir salvaguardas', 'tasa_cambio_1': '', 'tipo_actividad_1': 47, 'contribucion_propia_1': '$ 0', 'costo_total_1': '$ 0', 'sector_cartera': '[]', 'fecha_tasa_cambio_1': None, 'fuente_relacionada_1': '', 'archivo_soporte_2_2': 'files-renare/cc,1018420586/68b227e42cb375c800b838ef/documentossolicitud/05documentodescripcionactividadmitigacion08-06-2021-12-02-24.pdf', 'fecha_final_1': '31/12/2116', 'archivo_soporte_2_3': None, 'fecha_inicial_1': '01/01/2018', 'descripcion_actividad_1': 'Mitigar los efectos del cambio climático mediante la implementación de acciones que promuevan la reducción o la remoción de las emisiones de gases de efecto invernadero debidas a la degradación de los bosques localizados en el territorio del resguardo', 'id_actividad': 2402, 'tipo_moneda_1': None, 'contribucion_externa_1': '$ 0', 'depositos_carbono_1': '[{""depositos_carbono_1_1"": {""value"": 170}}, {""depositos_carbono_1_1"": {""value"": 169}}, {""depositos_carbono_1_1"": {""value"": 168}}, {""depositos_carbono_1_1"": {""value"": 167}}, {""depositos_carbono_1_1"": {""value"": 131}}]', 'resultado_traslape': 'No se presenta traslape.', 'fecha_resultado_traslape': '23/09/2021 12:01:31', 'tipo_actividad': 47, 'nombre_tipo_actividad': 'Reducción de las emisiones debidas a la degradación forestal'}]",,,,,,,,,,Proyecto REDD+
renare|planeta agradecido con el resguardo indigena bajo rio guainia y rio negro ii,renare,Planeta agradecido con el resguardo indígena Bajo Rio Guainía y Rio Negro II,,,AFOLU,tipo: Proyecto REDD+,AFOLU,,REDD,tipo: Proyecto REDD+,REDD,,"[{'acciones_redd_mas_1': 'En el marco del proyecto se llevarán a cabo diversas actividades enmarcadas en 15 programas los cuales fueron construidos de manera conjunta con las comunidades del área del proyecto', 'tasa_cambio_1': '', 'tipo_actividad_1': 706, 'contribucion_propia_1': '', 'costo_total_1': '', 'sector_cartera': '[{""sector_cartera_2"": {""value"":411}}]', 'fecha_tasa_cambio_1': None, 'fuente_relacionada_1': '{""value"":""Deforestación""}', 'archivo_soporte_2_2': 'files-renare/cc,1018420586/68b227df2cb375c800b838eb/documentossolicitud/05documentodescripcionactividadmitigacion11-04-2025-11-41-42.pdf', 'fecha_final_1': '31/12/2061', 'archivo_soporte_2_3': None, 'fecha_inicial_1': '01/01/2022', 'descripcion_actividad_1': 'El objetivo es mitigar los efectos del cambio climático mediante la implementación de acciones que promuevan la reducción de las emisiones de gases de efecto invernadero debidas a la deforestación', 'id_actividad': 4823, 'tipo_moneda_1': None, 'contribucion_externa_1': '', 'depositos_carbono_1': '[{""depositos_carbono_1_1"": {""value"": 131}}, {""depositos_carbono_1_1"": {""value"": 167}}, {""depositos_carbono_1_1"": {""value"": 170}}]', 'resultado_traslape': 'No se presenta traslape.', 'fecha_resultado_traslape': '24/04/2025 09:59:20', 'tipo_actividad': 706, 'nombre_tipo_actividad': 'Reducción de las emisiones debidas a la deforestación'}, {'acciones_redd_mas_1': 'En el marco del proyecto se llevarán a cabo diversas actividades enmarcadas en 15 programas los cuales fueron construidos de manera conjunta con las comunidades del área del proyecto', 'tasa_cambio_1': '', 'tipo_actividad_1': 714, 'contribucion_propia_1': '', 'costo_total_1': '', 'sector_cartera': '[{""sector_cartera_2"": {""value"":411}}]', 'fecha_tasa_cambio_1': None, 'fuente_relacionada_1': '{""value"":""Degradación forestal""}', 'archivo_soporte_2_2': 'files-renare/cc,1018420586/68b227df2cb375c800b838eb/documentossolicitud/05documentodescripcionactividadmitigacion11-04-2025-11-43-50.pdf', 'fecha_final_1': '31/12/2061', 'archivo_soporte_2_3': None, 'fecha_inicial_1': '01/01/2022', 'descripcion_actividad_1': 'El objetivo es mitigar los efectos del cambio climático mediante la implementación de acciones que promuevan la reducción de las emisiones de gases de efecto invernadero debidas a la degradación forestal', 'id_actividad': 4824, 'tipo_moneda_1': None, 'contribucion_externa_1': '', 'depositos_carbono_1': '[{""depositos_carbono_1_1"": {""value"": 131}}, {""depositos_carbono_1_1"": {""value"": 167}}, {""depositos_carbono_1_1"": {""value"": 170}}]', 'resultado_traslape': 'No se presenta traslape.', 'fecha_resultado_traslape': '24/04/2025 09:58:28', 'tipo_actividad': 714, 'nombre_tipo_actividad': 'Reducción de las emisiones debidas a la degradación forestal'}]",,,,,,,,,,Proyecto REDD+
renare|proyecto redd+ en los bosques de la cuenca del rio otun,renare,Proyecto REDD+ en los Bosques de la cuenca del Rio Otún,,,AFOLU,tipo: Proyecto REDD+,AFOLU,,REDD,tipo: Proyecto REDD+,REDD,,"[{'acciones_redd_mas_1': 'Cuatro líneas estratégicas enfocadas en la implementación de rutas continuas de vigilancia y control de la deforestación, actividades de ecoturismo apoyada por la comunidad aledaña así como  investigación e intervención social y jornadas de restauración ecológica.', 'tasa_cambio_1': '', 'tipo_actividad_1': 46, 'contribucion_propia_1': '$ 0', 'costo_total_1': '$ 0', 'sector_cartera': '[]', 'fecha_tasa_cambio_1': None, 'fuente_relacionada_1': '', 'archivo_soporte_2_2': 'files-renare/cc,1018420586/68b227c42cb375c800b838d4/documentossolicitud/05documentodescripcionactividadmitigacion29-09-2020-16-38-39.pdf', 'fecha_final_1': '29/12/2045', 'archivo_soporte_2_3': None, 'fecha_inicial_1': '30/12/2015', 'descripcion_actividad_1': 'Reducción de emisiones por deforestación evitada.', 'id_actividad': 1062, 'tipo_moneda_1': None, 'contribucion_externa_1': '$ 0', 'depositos_carbono_1': '[{""depositos_carbono_1_1"": {""value"": 170}}, {""depositos_carbono_1_1"": {""value"": 167}}, {""depositos_carbono_1_1"": {""value"": 131}}]', 'resultado_traslape': 'No se presenta traslape.', 'fecha_resultado_traslape': '12/08/2021 14:41:31', 'tipo_actividad': 46, 'nombre_tipo_actividad': 'Reducción de las emisiones debidas a la deforestación'}]",,,,,,,,,,Proyecto REDD+
"renare|planeta agradecido con el gran resguardo indigena del vaupes, proyecto 1",renare,"Planeta agradecido con el Gran resguardo indígena del Vaupés, proyecto 1",,,AFOLU,tipo: Proyecto REDD+,AFOLU,,REDD,tipo: Proyecto REDD+,REDD,,"[{'acciones_redd_mas_1': 'Las actividades que se diseñaron y se están implementando se enmarcan en dos líneas de acción: la línea de acción ¿específica¿ que abarca los 3 segmentos incluidos en el proyecto (evitación de la deforestación y degradación y ARC), y la línea de acción ¿transversal¿, que  cumplir salvaguardas', 'tasa_cambio_1': '', 'tipo_actividad_1': 46, 'contribucion_propia_1': '$ 0', 'costo_total_1': '$ 0', 'sector_cartera': '[]', 'fecha_tasa_cambio_1': None, 'fuente_relacionada_1': '', 'archivo_soporte_2_2': 'files-renare/cc,1018420586/68b227be2cb375c800b838d0/documentossolicitud/05documentodescripcionactividadmitigacion09-06-2021-14-54-22.pdf', 'fecha_final_1': '31/12/2046', 'archivo_soporte_2_3': None, 'fecha_inicial_1': '01/01/2018', 'descripcion_actividad_1': 'Mitigar los efectos del cambio climático mediante la implementación de acciones que promuevan la reducción o la remoción de las emisiones de gases de efecto invernadero debidas a la deforestación de los bosques localizados en el territorio delimitado como ¿Proyecto 1¿ del resguardo.', 'id_actividad': 2421, 'tipo_moneda_1': None, 'contribucion_externa_1': '$ 0', 'depositos_carbono_1': '[{""depositos_carbono_1_1"": {""value"": 170}}, {""depositos_carbono_1_1"": {""value"": 168}}, {""depositos_carbono_1_1"": {""value"": 167}}, {""depositos_carbono_1_1"": {""value"": 131}}]', 'resultado_traslape': 'No se presenta traslape.', 'fecha_resultado_traslape': '27/09/2021 16:42:18', 'tipo_actividad': 46, 'nombre_tipo_actividad': 'Reducción de las emisiones debidas a la deforestación'}, {'acciones_redd_mas_1': 'Las actividades que se diseñaron y se están implementando se enmarcan en dos líneas de acción: la línea de acción ¿específica¿ que abarca los 3 segmentos incluidos en el proyecto (evitación de la deforestación y degradación y ARC), y la línea de acción ¿transversal¿, que  cumplir salvaguardas', 'tasa_cambio_1': '', 'tipo_actividad_1': 47, 'contribucion_propia_1': '$ 0', 'costo_total_1': '$ 0', 'sector_cartera': '[]', 'fecha_tasa_cambio_1': None, 'fuente_relacionada_1': '', 'archivo_soporte_2_2': 'files-renare/cc,1018420586/68b227be2cb375c800b838d0/documentossolicitud/05documentodescripcionactividadmitigacion09-06-2021-14-57-22.pdf', 'fecha_final_1': '31/12/2046', 'archivo_soporte_2_3': None, 'fecha_inicial_1': '31/12/2017', 'descripcion_actividad_1': 'Mitigar los efectos del cambio climático mediante la implementación de acciones que promuevan la reducción o la remoción de las emisiones de gases de efecto invernadero debidas a la degradación de los bosques localizados en el territorio delimitado como ¿Proyecto 1¿ del resguardo', 'id_actividad': 2422, 'tipo_moneda_1': None, 'contribucion_externa_1': '$ 0', 'depositos_carbono_1': '[{""depositos_carbono_1_1"": {""value"": 170}}, {""depositos_carbono_1_1"": {""value"": 168}}, {""depositos_carbono_1_1"": {""value"": 167}}, {""depositos_carbono_1_1"": {""value"": 131}}]', 'resultado_traslape': 'No se presenta traslape.', 'fecha_resultado_traslape': '27/09/2021 16:41:25', 'tipo_actividad': 47, 'nombre_tipo_actividad': 'Reducción de las emisiones debidas a la degradación forestal'}, {'acciones_redd_mas_1': 'Las actividades que se diseñaron y se están implementando se enmarcan en dos líneas de acción: la línea de acción ¿específica¿ que abarca los 3 segmentos incluidos en el proyecto (evitación de la deforestación y degradación y ARC), y la línea de acción ¿transversal¿, que  cumplir salvaguardas', 'tasa_cambio_1': '', 'tipo_actividad_1': 50, 'contribucion_propia_1': '$ 0', 'costo_total_1': '$ 0', 'sector_cartera': '[]', 'fecha_tasa_cambio_1': None, 'fuente_relacionada_1': '', 'archivo_soporte_2_2': None, 'fecha_final_1': '31/12/2046', 'archivo_soporte_2_3': None, 'fecha_inicial_1': '31/12/2017', 'descripcion_actividad_1': 'Aumentar las reservas de carbono forestal por medio de actividades de restauración activa en el territorio delimitado como ¿Proyecto 1¿ del Gran Resguardo Indígena del Vaupés.', 'id_actividad': 2423, 'tipo_moneda_1': None, 'contribucion_externa_1': '$ 0', 'depositos_carbono_1': '[{""depositos_carbono_1_1"": {""value"": 170}}, {""depositos_carbono_1_1"": {""value"": 168}}, {""depositos_carbono_1_1"": {""value"": 167}}, {""depositos_carbono_1_1"": {""value"": 131}}]', 'resultado_traslape': 'No se presenta traslape.', 'fecha_resultado_traslape': '27/09/2021 16:40:14', 'tipo_actividad': 50, 'nombre_tipo_actividad': 'Incremento de las reservas forestales de carbono'}]",,,,,,,,,,Proyecto REDD+
renare|proyecto planeta agradecido con el resguardo indigena bajo rio guainia y rio negro,renare,Proyecto Planeta agradecido con el resguardo indígena Bajo Rio Guainía y Rio Negro,,,AFOLU,tipo: Proyecto REDD+,AFOLU,,REDD,tipo: Proyecto REDD+,REDD,,"[{'acciones_redd_mas_1': 'En el marco del proyecto se llevarán a cabo diversas actividades enmarcadas en 15 programas los cuales fueron construidos de manera conjunta con las comunidades del área del proyecto', 'tasa_cambio_1': '', 'tipo_actividad_1': 706, 'contribucion_propia_1': '', 'costo_total_1': '', 'sector_cartera': '[{""sector_cartera_2"": {""value"":411}}]', 'fecha_tasa_cambio_1': None, 'fuente_relacionada_1': '{""value"":""Deforestación""}', 'archivo_soporte_2_2': 'files-renare/cc,1018420586/68b227b92cb375c800b838cc/documentossolicitud/05documentodescripcionactividadmitigacion11-04-2025-11-32-07.pdf', 'fecha_final_1': '31/12/2057', 'archivo_soporte_2_3': None, 'fecha_inicial_1': '01/01/2018', 'descripcion_actividad_1': 'El objetivo es mitigar los efectos del cambio climático mediante la implementación de acciones que promuevan la reducción de las emisiones de gases de efecto invernadero debidas a la deforestación de los bosques ', 'id_actividad': 4821, 'tipo_moneda_1': None, 'contribucion_externa_1': '', 'depositos_carbono_1': '[{""depositos_carbono_1_1"": {""value"": 131}}, {""depositos_carbono_1_1"": {""value"": 167}}, {""depositos_carbono_1_1"": {""value"": 170}}]', 'resultado_traslape': 'No se presenta traslape.', 'fecha_resultado_traslape': '24/04/2025 09:44:40', 'tipo_actividad': 706, 'nombre_tipo_actividad': 'Reducción de las emisiones debidas a la deforestación'}, {'acciones_redd_mas_1': 'En el marco del proyecto se llevarán a cabo diversas actividades enmarcadas en 15 programas los cuales fueron construidos de manera conjunta con las comunidades del área del proyecto', 'tasa_cambio_1': '', 'tipo_actividad_1': 714, 'contribucion_propia_1': '', 'costo_total_1': '', 'sector_cartera': '[{""sector_cartera_2"": {""value"":411}}]', 'fecha_tasa_cambio_1': None, 'fuente_relacionada_1': '{""value"":""Degradación forestal""}', 'archivo_soporte_2_2': 'files-renare/cc,1018420586/68b227b92cb375c800b838cc/documentossolicitud/05documentodescripcionactividadmitigacion11-04-2025-11-36-31.pdf', 'fecha_final_1': '31/12/2057', 'archivo_soporte_2_3': None, 'fecha_inicial_1': '01/01/2018', 'descripcion_actividad_1': 'El objetivo es mitigar los efectos del cambio climático mediante la implementación de acciones que promuevan la reducción de las emisiones de gases de efecto invernadero debidas a la degradación forestal de los bosques', 'id_actividad': 4822, 'tipo_moneda_1': None, 'contribucion_externa_1': '', 'depositos_carbono_1': '[{""depositos_carbono_1_1"": {""value"": 131}}, {""depositos_carbono_1_1"": {""value"": 167}}, {""depositos_carbono_1_1"": {""value"": 170}}]', 'resultado_traslape': 'No se presenta traslape.', 'fecha_resultado_traslape': '24/04/2025 09:43:45', 'tipo_actividad': 714, 'nombre_tipo_actividad': 'Reducción de las emisiones debidas a la degradación forestal'}]",,,,,,,,,,Proyecto REDD+
renare|planeta agradecido con el resguardo indigena bajo rio guainia y rio negro,renare,Planeta agradecido con el resguardo indígena Bajo Río Guainía y Río Negro,,,AFOLU,tipo: Proyecto REDD+,AFOLU,,REDD,tipo: Proyecto REDD+,REDD,,"[{'acciones_redd_mas_1': 'Las actividades que se diseñaron y se están implementando se enmarcan en dos líneas de acción: la línea de acción ¿específica¿ que abarca los 3 segmentos incluidos en el proyecto (evitación de la deforestación y degradación y ARC), y la línea de acción ¿transversal¿, que  cumplir salvaguardas', 'tasa_cambio_1': '', 'tipo_actividad_1': 46, 'contribucion_propia_1': '$ 0', 'costo_total_1': '$ 0', 'sector_cartera': '[]', 'fecha_tasa_cambio_1': None, 'fuente_relacionada_1': '', 'archivo_soporte_2_2': 'files-renare/cc,1018420586/68b227b42cb375c800b838c8/documentossolicitud/05documentodescripcionactividadmitigacion08-06-2021-12-35-24.pdf', 'fecha_final_1': '30/12/2116', 'archivo_soporte_2_3': None, 'fecha_inicial_1': '01/01/2018', 'descripcion_actividad_1': 'Mitigar los efectos del cambio climático mediante la implementación de acciones que promuevan la reducción o la remoción de las emisiones de gases de efecto invernadero debidas a la deforestación de los bosques localizados en el territorio del resguardo', 'id_actividad': 2407, 'tipo_moneda_1': None, 'contribucion_externa_1': '$ 0', 'depositos_carbono_1': '[{""depositos_carbono_1_1"": {""value"": 170}}, {""depositos_carbono_1_1"": {""value"": 169}}, {""depositos_carbono_1_1"": {""value"": 168}}, {""depositos_carbono_1_1"": {""value"": 167}}, {""depositos_carbono_1_1"": {""value"": 131}}]', 'resultado_traslape': 'No se presenta traslape.', 'fecha_resultado_traslape': '27/09/2021 14:53:16', 'tipo_actividad': 46, 'nombre_tipo_actividad': 'Reducción de las emisiones debidas a la deforestación'}, {'acciones_redd_mas_1': 'Las actividades que se diseñaron y se están implementando se enmarcan en dos líneas de acción: la línea de acción ¿específica¿ que abarca los 3 segmentos incluidos en el proyecto (evitación de la deforestación y degradación y ARC), y la línea de acción ¿transversal¿, que  cumplir salvaguardas', 'tasa_cambio_1': '', 'tipo_actividad_1': 47, 'contribucion_propia_1': '$ 0', 'costo_total_1': '$ 0', 'sector_cartera': '[]', 'fecha_tasa_cambio_1': None, 'fuente_relacionada_1': '', 'archivo_soporte_2_2': 'files-renare/cc,1018420586/68b227b42cb375c800b838c8/documentossolicitud/05documentodescripcionactividadmitigacion10-06-2021-16-04-51.pdf', 'fecha_final_1': '30/12/2116', 'archivo_soporte_2_3': None, 'fecha_inicial_1': '01/01/2017', 'descripcion_actividad_1': 'Mitigar los efectos del cambio climático mediante la implementación de acciones que promuevan la reducción o la remoción de las emisiones de gases de efecto invernadero debidas a la degradación de los bosques localizados en el territorio del resguardo', 'id_actividad': 2442, 'tipo_moneda_1': None, 'contribucion_externa_1': '$ 0', 'depositos_carbono_1': '[{""depositos_carbono_1_1"": {""value"": 170}}, {""depositos_carbono_1_1"": {""value"": 169}}, {""depositos_carbono_1_1"": {""value"": 168}}, {""depositos_carbono_1_1"": {""value"": 167}}, {""depositos_carbono_1_1"": {""value"": 131}}]', 'resultado_traslape': 'No se presenta traslape.', 'fecha_resultado_traslape': '27/09/2021 14:53:35', 'tipo_actividad': 47, 'nombre_tipo_actividad': 'Reducción de las emisiones debidas a la degradación forestal'}, {'acciones_redd_mas_1': 'Las actividades que se diseñaron y se están implementando se enmarcan en dos líneas de acción: la línea de acción ¿específica¿ que abarca los 3 segmentos incluidos en el proyecto (evitación de la deforestación y degradación y ARC), y la línea de acción ¿transversal¿, que  cumplir salvaguardas', 'tasa_cambio_1': '', 'tipo_actividad_1': 50, 'contribucion_propia_1': '$ 0', 'costo_total_1': '$ 0', 'sector_cartera': '[]', 'fecha_tasa_cambio_1': None, 'fuente_relacionada_1': '', 'archivo_soporte_2_2': 'files-renare/cc,1018420586/68b227b42cb375c800b838c8/documentossolicitud/05documentodescripcionactividadmitigacion10-06-2021-16-01-21.pdf', 'fecha_final_1': '30/12/2116', 'archivo_soporte_2_3': None, 'fecha_inicial_1': '01/01/2017', 'descripcion_actividad_1': 'Aumentar las reservas de carbono forestal por medio de actividades de restauración activa en el territorio del resguardo', 'id_actividad': 2441, 'tipo_moneda_1': None, 'contribucion_externa_1': '$ 0', 'depositos_carbono_1': '[{""depositos_carbono_1_1"": {""value"": 170}}, {""depositos_carbono_1_1"": {""value"": 169}}, {""depositos_carbono_1_1"": {""value"": 168}}, {""depositos_carbono_1_1"": {""value"": 167}}, {""depositos_carbono_1_1"": {""value"": 131}}]', 'resultado_traslape': 'No se presenta traslape.', 'fecha_resultado_traslape': '27/09/2021 14:53:52', 'tipo_actividad': 50, 'nombre_tipo_actividad': 'Incremento de las reservas forestales de carbono'}]",,,,,,,,,,Proyecto REDD+
renare|proyecto planeta agradecido con el resguardo indigena cmari,renare,Proyecto Planeta Agradecido con el Resguardo Indígena CMARI,,,AFOLU,tipo: Proyecto REDD+,AFOLU,,REDD,tipo: Proyecto REDD+,REDD,,"[{'acciones_redd_mas_1': 'En el marco del proyecto se llevarán a cabo diversas actividades enmarcadas en 15 programas los cuales fueron construidos de manera conjunta con las comunidades del área del proyecto', 'tasa_cambio_1': '', 'tipo_actividad_1': 706, 'contribucion_propia_1': '', 'costo_total_1': '', 'sector_cartera': '[{""sector_cartera_2"": {""value"":411}}]', 'fecha_tasa_cambio_1': None, 'fuente_relacionada_1': '{""value"":""Deforestación""}', 'archivo_soporte_2_2': 'files-renare/cc,1018420586/68b227ac2cb375c800b838bb/documentossolicitud/05documentodescripcionactividadmitigacion11-04-2025-11-55-50.pdf', 'fecha_final_1': '31/12/2057', 'archivo_soporte_2_3': None, 'fecha_inicial_1': '01/01/2018', 'descripcion_actividad_1': 'El objetivo es mitigar los efectos del cambio climático mediante la implementación de acciones que promuevan la reducción de las emisiones de gases de efecto invernadero debidas a la deforestación de los bosques', 'id_actividad': 4825, 'tipo_moneda_1': None, 'contribucion_externa_1': '', 'depositos_carbono_1': '[{""depositos_carbono_1_1"": {""value"": 131}}, {""depositos_carbono_1_1"": {""value"": 167}}, {""depositos_carbono_1_1"": {""value"": 170}}]', 'resultado_traslape': 'No se presenta traslape.', 'fecha_resultado_traslape': '24/04/2025 09:48:36', 'tipo_actividad': 706, 'nombre_tipo_actividad': 'Reducción de las emisiones debidas a la deforestación'}, {'acciones_redd_mas_1': 'En el marco del proyecto se llevarán a cabo diversas actividades enmarcadas en 15 programas los cuales fueron construidos de manera conjunta con las comunidades del área del proyecto', 'tasa_cambio_1': '', 'tipo_actividad_1': 714, 'contribucion_propia_1': '', 'costo_total_1': '', 'sector_cartera': '[{""sector_cartera_2"": {""value"":411}}]', 'fecha_tasa_cambio_1': None, 'fuente_relacionada_1': '{""value"":""Degradación forestal""}', 'archivo_soporte_2_2': 'files-renare/cc,1018420586/68b227ac2cb375c800b838bb/documentossolicitud/05documentodescripcionactividadmitigacion11-04-2025-11-58-39.pdf', 'fecha_final_1': '31/12/2057', 'archivo_soporte_2_3': None, 'fecha_inicial_1': '01/01/2018', 'descripcion_actividad_1': 'El objetivo es mitigar los efectos del cambio climático mediante la implementación de acciones que promuevan la reducción de las emisiones de gases de efecto invernadero debidas a la degradación forestal', 'id_actividad': 4826, 'tipo_moneda_1': None, 'contribucion_externa_1': '', 'depositos_carbono_1': '[{""depositos_carbono_1_1"": {""value"": 131}}, {""depositos_carbono_1_1"": {""value"": 167}}, {""depositos_carbono_1_1"": {""value"": 170}}]', 'resultado_traslape': 'No se presenta traslape.', 'fecha_resultado_traslape': '24/04/2025 09:47:51', 'tipo_actividad': 714, 'nombre_tipo_actividad': 'Reducción de las emisiones debidas a la degradación forestal'}]",,,,,,,,,,Proyecto REDD+
cercarbono|proyecto agrupado yaawi iipana redd+,cercarbono,Proyecto Agrupado YAAWI IIPANA REDD+,,,AFOLU,nombre del proyecto,AFOLU,,REVISAR,"REDD en el nombre, sin campo estructurado que lo respalde",REDD,OffsetsDB: protocol = ccb-redd,,,,,,,,,,,
cercarbono|generacion electrica/termica a partir de biomasa – manuelita s.a.,cercarbono,Generación Eléctrica/Térmica a partir de Biomasa – Manuelita S.A.,,,REVISAR,sin campo sectorial ni coincidencia por nombre,,,REVISAR,sin campo estructurado ni coincidencia por nombre,,,,,,,,,,,,,
cercarbono|bajo tulua minor hydroelectric power plant,cercarbono,	Bajo Tuluá Minor Hydroelectric Power Plant,,,NO_AFOLU,nombre del proyecto,NO_AFOLU,,NO_REDD,nombre del proyecto (mecanismo no forestal),NO_REDD,,,,,,,,,,,,
cercarbono|alto tulua minor hydroelectric power plant,cercarbono,Alto Tuluá Minor Hydroelectric Power Plant,,,NO_AFOLU,nombre del proyecto,NO_AFOLU,,NO_REDD,nombre del proyecto (mecanismo no forestal),NO_REDD,,,,,,,,,,,,
cercarbono|planta de tratamiento de aguas residuales - ptar aguas claras,cercarbono,Planta de Tratamiento de Aguas Residuales - PTAR Aguas Claras,,,NO_AFOLU,nombre del proyecto,NO_AFOLU,,NO_REDD,nombre del proyecto (mecanismo no forestal),NO_REDD,,,,,,,,,,,,
cercarbono|proyecto redd+ zona isana y surubi,cercarbono,Proyecto REDD+ Zona Isana y Surubi,,,AFOLU,nombre del proyecto,AFOLU,,REVISAR,"REDD en el nombre, sin campo estructurado que lo respalde",REDD,OffsetsDB: protocol = ccb-redd,,,,,,,,,,,
cercarbono|proyecto carbono cas,cercarbono,Proyecto Carbono CAS,,,REVISAR,sin campo sectorial ni coincidencia por nombre,AFOLU,OffsetsDB: ar-acm0003 (forestal),REVISAR,sin campo estructurado ni coincidencia por nombre,NO_REDD,OffsetsDB: protocol = ar-acm0003 (ARR),,,,,,,,,,,
cercarbono|proyecto forestal co2cero chiguiro,cercarbono,Proyecto Forestal CO2CERO Chigüiro,,,AFOLU,nombre del proyecto,AFOLU,,REVISAR,sin campo estructurado ni coincidencia por nombre,,,,,,,,,,,,,
cercarbono|infraestructuras ecosistemicas redd+ para los campesinos de antioquia colombia,cercarbono,Infraestructuras Ecosistémicas REDD+ para los Campesinos de Antioquia Colombia,,,AFOLU,nombre del proyecto,AFOLU,,REVISAR,"REDD en el nombre, sin campo estructurado que lo respalde",,,,,,,,,,,,,
cercarbono|carbono santa ines,cercarbono,CARBONO SANTA INES,,,REVISAR,sin campo sectorial ni coincidencia por nombre,,,REVISAR,sin campo estructurado ni coincidencia por nombre,,,,,,,,,,,,,
cercarbono|rio amoya run-of-river hydro project,cercarbono,Rio Amoya Run-of-River Hydro Project,,,NO_AFOLU,nombre del proyecto,NO_AFOLU,,NO_REDD,nombre del proyecto (mecanismo no forestal),NO_REDD,,,,,,,,,,,,
cercarbono|pch la naveta,cercarbono,PCH La Naveta,,,NO_AFOLU,nombre del proyecto,NO_AFOLU,,NO_REDD,nombre del proyecto (mecanismo no forestal),NO_REDD,,,,,,,,,,,,
cercarbono|amaime minor hydroelectric power plant,cercarbono,Amaime Minor Hydroelectric Power Plant,,,NO_AFOLU,nombre del proyecto,NO_AFOLU,,NO_REDD,nombre del proyecto (mecanismo no forestal),NO_REDD,,,,,,,,,,,,
cercarbono|pedeguita y mancilla redd+,cercarbono,Pedeguita y Mancilla REDD+,,,AFOLU,nombre del proyecto,AFOLU,,REVISAR,"REDD en el nombre, sin campo estructurado que lo respalde",REDD,OffsetsDB: protocol = ccb-redd,,,,,,,,,,,
cercarbono|guajira i wind farm,cercarbono,Guajira I Wind Farm,,,NO_AFOLU,nombre del proyecto,NO_AFOLU,,NO_REDD,nombre del proyecto (mecanismo no forestal),NO_REDD,,,,,,,,,,,,
cercarbono|proyecto redd+ fundacion biodiversa en tierras bajas del magdalena,cercarbono,Proyecto REDD+ Fundación Biodiversa en tierras bajas del Magdalena,,,AFOLU,nombre del proyecto,AFOLU,,REVISAR,"REDD en el nombre, sin campo estructurado que lo respalde",,,,,,,,,,,,,
cercarbono|lignus - bonos de carbono,cercarbono,LIGNUS - BONOS DE CARBONO,,,REVISAR,sin campo sectorial ni coincidencia por nombre,,,REVISAR,sin campo estructurado ni coincidencia por nombre,,,,,,,,,,,,,
cercarbono|soluciones energeticas promigas,cercarbono,Soluciones Energéticas Promigas,,,REVISAR,sin campo sectorial ni coincidencia por nombre,,,REVISAR,sin campo estructurado ni coincidencia por nombre,,,,,,,,,,,,,
cercarbono|proyecto solar fotovoltaico greenyellow,cercarbono,Proyecto Solar Fotovoltaico Greenyellow,,,NO_AFOLU,nombre del proyecto,NO_AFOLU,,NO_REDD,nombre del proyecto (mecanismo no forestal),NO_REDD,,,,,,,,,,,,
cercarbono|carbono reforestadora el guasimo,cercarbono,Carbono Reforestadora El Guásimo,,,AFOLU,nombre del proyecto,AFOLU,,REVISAR,sin campo estructurado ni coincidencia por nombre,,,,,,,,,,,,,
cercarbono|aprovechamiento y recuperacion de gas mediante la instalacion de una planta para la generacion de energia electrica - termomechero,cercarbono,APROVECHAMIENTO Y RECUPERACIÓN DE GAS MEDIANTE LA INSTALACIÓN DE UNA PLANTA PARA LA GENERACIÓN DE ENERGÍA ELÉCTRICA - TERMOMECHERO,,,NO_AFOLU,nombre del proyecto,NO_AFOLU,,NO_REDD,nombre del proyecto (mecanismo no forestal),NO_REDD,,,,,,,,,,,,
cercarbono|proyecto hidroelectrico alejandria,cercarbono,Proyecto Hidroeléctrico Alejandría,,,NO_AFOLU,nombre del proyecto,NO_AFOLU,,NO_REDD,nombre del proyecto (mecanismo no forestal),NO_REDD,,,,,,,,,,,,
cercarbono|prr-gei entrepalmas s.a.s,cercarbono,PRR-GEI ENTREPALMAS S.A.S,,,REVISAR,sin campo sectorial ni coincidencia por nombre,,,REVISAR,sin campo estructurado ni coincidencia por nombre,,,,,,,,,,,,,
cercarbono|carbono oxigeno para todos,cercarbono,CARBONO OXIGENO PARA TODOS,,,REVISAR,sin campo sectorial ni coincidencia por nombre,,,REVISAR,sin campo estructurado ni coincidencia por nombre,,,,,,,,,,,,,
cercarbono|proyecto de conservacion unu-mai redd+,cercarbono,Proyecto de Conservación UNU-MAI REDD+,,,AFOLU,nombre del proyecto,AFOLU,,REVISAR,"REDD en el nombre, sin campo estructurado que lo respalde",REDD,OffsetsDB: protocol = ccb-redd,,,,,,,,,,,
cercarbono|sogamoso hydroelectric project,cercarbono,Sogamoso Hydroelectric Project,,,NO_AFOLU,nombre del proyecto,NO_AFOLU,,NO_REDD,nombre del proyecto (mecanismo no forestal),NO_REDD,,,,,,,,,,,,
cercarbono|carbono bagatela,cercarbono,Carbono Bagatela,,,REVISAR,sin campo sectorial ni coincidencia por nombre,,,REVISAR,sin campo estructurado ni coincidencia por nombre,,,,,,,,,,,,,
cercarbono|proyecto conservacion arlequin redd+,cercarbono,Proyecto Conservación ARLEQUÍN REDD+,,,AFOLU,nombre del proyecto,AFOLU,,REVISAR,"REDD en el nombre, sin campo estructurado que lo respalde",REDD,OffsetsDB: protocol = ccb-redd,,,,,,,,,,,
cercarbono|certificacion de reduccion de emisiones de gei de aceites manuelita s.a.,cercarbono,Certificación de Reducción de Emisiones de GEI de Aceites Manuelita S.A.,,,REVISAR,sin campo sectorial ni coincidencia por nombre,,,REVISAR,sin campo estructurado ni coincidencia por nombre,,,,,,,,,,,,,
cercarbono|dona juana landfill gas to energy project,cercarbono,Doña Juana Landfill Gas to Energy Project,,,NO_AFOLU,nombre del proyecto,NO_AFOLU,,NO_REDD,nombre del proyecto (mecanismo no forestal),NO_REDD,,,,,,,,,,,,
cercarbono|recuperacion de suelos degradados con el uso de incentivos financieros en el centro y oriente de colombia,cercarbono,Recuperación de suelos degradados con el uso de incentivos financieros en el centro y oriente de Colombia,,,AFOLU,nombre del proyecto,AFOLU,,REVISAR,sin campo estructurado ni coincidencia por nombre,,,,,,,,,,,,,
cercarbono|proyecto asociativo programatico zona andina y costa atlantica - fcg,cercarbono,PROYECTO ASOCIATIVO PROGRAMÁTICO ZONA ANDINA Y COSTA ATLÁNTICA - FCG,,,REVISAR,sin campo sectorial ni coincidencia por nombre,,,REVISAR,sin campo estructurado ni coincidencia por nombre,,,,,,,,,,,,,
cercarbono|pequena central hidroelectrica san andres de cuerquia,cercarbono,PEQUEÑA CENTRAL HIDROELÉCTRICA SAN ANDRÉS DE CUERQUIA,,,NO_AFOLU,nombre del proyecto,NO_AFOLU,,NO_REDD,nombre del proyecto (mecanismo no forestal),NO_REDD,,,,,,,,,,,,
cercarbono|ruta andina,cercarbono,RUTA ANDINA,,,REVISAR,sin campo sectorial ni coincidencia por nombre,,,REVISAR,sin campo estructurado ni coincidencia por nombre,,,,,,,,,,,,,
cercarbono|reforestacion de suelos degradados por la ganaderia y la agricultura en antioquia,cercarbono,Reforestación de suelos degradados por la ganadería y la agricultura en Antioquia,,,AFOLU,nombre del proyecto,AFOLU,,REVISAR,sin campo estructurado ni coincidencia por nombre,,,,,,,,,,,,,
cercarbono|“planeta agradecido con el resguardo indigena cmari”,cercarbono,“PLANETA AGRADECIDO CON EL RESGUARDO INDÍGENA CMARI”,,,REVISAR,sin campo sectorial ni coincidencia por nombre,,,REVISAR,sin campo estructurado ni coincidencia por nombre,,,,,,,,,,,,,
cercarbono|jajom cmari redd+,cercarbono,JAJÖM CMARI REDD+ ,,,AFOLU,nombre del proyecto,AFOLU,,REVISAR,"REDD en el nombre, sin campo estructurado que lo respalde",,,,,,,,,,,,,
cercarbono|proyecto de mitigacion forestal bonanza verde,cercarbono,Proyecto de Mitigación Forestal Bonanza Verde,,,AFOLU,nombre del proyecto,AFOLU,,REVISAR,sin campo estructurado ni coincidencia por nombre,,,,,,,,,,,,,
cercarbono|proyecto forestal de mitigacion de cambio climatico en areas degradadas por ganaderia fincas la clara y suebra,cercarbono,Proyecto Forestal de Mitigación de Cambio Climático en áreas degradadas por ganadería Fincas La Clara y Suebrá,,,AFOLU,nombre del proyecto,AFOLU,,REVISAR,sin campo estructurado ni coincidencia por nombre,,,,,,,,,,,,,
cercarbono|azirpa,cercarbono,AZIRPA,,,REVISAR,sin campo sectorial ni coincidencia por nombre,,,REVISAR,sin campo estructurado ni coincidencia por nombre,,,,,,,,,,,,,
cercarbono|ciclo combinado termoflores iv,cercarbono,Ciclo Combinado Termoflores IV,,,NO_AFOLU,nombre del proyecto,NO_AFOLU,,NO_REDD,nombre del proyecto (mecanismo no forestal),NO_REDD,,,,,,,,,,,,
cercarbono|generacion de energia y reduccion de gei-iacsa,cercarbono,Generación de Energía y Reducción de GEI-IACSA,,,REVISAR,sin campo sectorial ni coincidencia por nombre,,,REVISAR,sin campo estructurado ni coincidencia por nombre,,,,,,,,,,,,,
cercarbono|carvida,cercarbono,Carvida,,,REVISAR,sin campo sectorial ni coincidencia por nombre,,,REVISAR,sin campo estructurado ni coincidencia por nombre,,,,,,,,,,,,,
cercarbono|proyecto palmas del cesar s.a,cercarbono,Proyecto Palmas del Cesar S.A,,,REVISAR,sin campo sectorial ni coincidencia por nombre,,,REVISAR,sin campo estructurado ni coincidencia por nombre,,,,,,,,,,,,,
cercarbono|proyecto de generacion de energia solar fotovoltaica el paso,cercarbono,Proyecto de Generación de Energía Solar Fotovoltaica El Paso ,,,NO_AFOLU,nombre del proyecto,NO_AFOLU,,NO_REDD,nombre del proyecto (mecanismo no forestal),NO_REDD,,,,,,,,,,,,
cercarbono|parque eolico wesp 01,cercarbono,PARQUE EÓLICO WESP 01,,,NO_AFOLU,nombre del proyecto,NO_AFOLU,,NO_REDD,nombre del proyecto (mecanismo no forestal),NO_REDD,,,,,,,,,,,,
cercarbono|carbono rincco,cercarbono,CARBONO RINCCO,,,REVISAR,sin campo sectorial ni coincidencia por nombre,,,REVISAR,sin campo estructurado ni coincidencia por nombre,,,,,,,,,,,,,
cercarbono|proyecto de generacion de energia solar fotovoltaica la loma,cercarbono,Proyecto de Generación de Energía Solar Fotovoltaica La Loma ,,,NO_AFOLU,nombre del proyecto,NO_AFOLU,,NO_REDD,nombre del proyecto (mecanismo no forestal),NO_REDD,,,,,,,,,,,,
cercarbono|pch nare,cercarbono,PCH NARE,,,NO_AFOLU,nombre del proyecto,NO_AFOLU,,NO_REDD,nombre del proyecto (mecanismo no forestal),NO_REDD,,,,,,,,,,,,
cercarbono|makaro ap+ro,cercarbono,Makaro Ap+ro,,,REVISAR,sin campo sectorial ni coincidencia por nombre,AFOLU,,REVISAR,sin campo estructurado ni coincidencia por nombre,REDD,OffsetsDB: protocol = ccb-redd,,,,,,,,,,,
cercarbono|agua fresca multipurpose and environmental services project,cercarbono,Agua Fresca Multipurpose and Environmental Services Project,,,REVISAR,sin campo sectorial ni coincidencia por nombre,,,REVISAR,sin campo estructurado ni coincidencia por nombre,,,,,,,,,,,,,
cercarbono|proyecto agrupado bio d s.a,cercarbono,Proyecto Agrupado Bio D S.A,,,REVISAR,sin campo sectorial ni coincidencia por nombre,,,REVISAR,sin campo estructurado ni coincidencia por nombre,,,,,,,,,,,,,
cercarbono|cocoman frontera redd+,cercarbono,COCOMAN FRONTERA REDD+,,,AFOLU,nombre del proyecto,AFOLU,,REVISAR,"REDD en el nombre, sin campo estructurado que lo respalde",REDD,OffsetsDB: protocol = ccb-redd,,,,,,,,,,,
cercarbono|veolia lfg pta presidente landfill,cercarbono,Veolia LFG PTA Presidente landfill,,,NO_AFOLU,nombre del proyecto,NO_AFOLU,,NO_REDD,nombre del proyecto (mecanismo no forestal),NO_REDD,,,,,,,,,,,,
cercarbono|proyecto hidroelectrico el salto ii,cercarbono,Proyecto Hidroeléctrico El Salto II,,,NO_AFOLU,nombre del proyecto,NO_AFOLU,,NO_REDD,nombre del proyecto (mecanismo no forestal),NO_REDD,,,,,,,,,,,,
cercarbono|proyecto hidroelectrico dario valencia samper,cercarbono,Proyecto Hidroeléctrico Dario Valencia Samper,,,NO_AFOLU,nombre del proyecto,NO_AFOLU,,NO_REDD,nombre del proyecto (mecanismo no forestal),NO_REDD,,,,,,,,,,,,
"cercarbono|proyecto hidroelectrico tequendama 1, 2, 3 y 4",cercarbono,"Proyecto Hidroeléctrico Tequendama 1, 2, 3 y 4",,,NO_AFOLU,nombre del proyecto,NO_AFOLU,,NO_REDD,nombre del proyecto (mecanismo no forestal),NO_REDD,,,,,,,,,,,,
cercarbono|proyecto hidroelectrico el quimbo,cercarbono,Proyecto Hidroeléctrico El Quimbo,,,NO_AFOLU,nombre del proyecto,NO_AFOLU,,NO_REDD,nombre del proyecto (mecanismo no forestal),NO_REDD,,,,,,,,,,,,
cercarbono|nucleos carbono,cercarbono,Núcleos Carbono,,,REVISAR,sin campo sectorial ni coincidencia por nombre,,,REVISAR,sin campo estructurado ni coincidencia por nombre,,,,,,,,,,,,,
cercarbono|proyecto hidroelectrico guavio menor,cercarbono,Proyecto Hidroeléctrico Guavio Menor,,,NO_AFOLU,nombre del proyecto,NO_AFOLU,,NO_REDD,nombre del proyecto (mecanismo no forestal),NO_REDD,,,,,,,,,,,,
cercarbono|proyectos fotovoltaicos guamo y numbana,cercarbono,Proyectos Fotovoltaicos Guamo y Numbana,,,NO_AFOLU,nombre del proyecto,NO_AFOLU,,NO_REDD,nombre del proyecto (mecanismo no forestal),NO_REDD,,,,,,,,,,,,
cercarbono|manejo sostenible de los bosques aplicado en el oriente antioqueno bajo el esquema banco2®,cercarbono,Manejo Sostenible de los Bosques Aplicado en el Oriente Antioqueño bajo el esquema BancO2®,,,AFOLU,nombre del proyecto,AFOLU,,REVISAR,sin campo estructurado ni coincidencia por nombre,,,,,,,,,,,,,
cercarbono|proyecto de generacion de energia solar fotovoltaica guayepo,cercarbono,Proyecto de Generación de Energía Solar Fotovoltaica Guayepo,,,NO_AFOLU,nombre del proyecto,NO_AFOLU,,NO_REDD,nombre del proyecto (mecanismo no forestal),NO_REDD,,,,,,,,,,,,
cercarbono|pmcc agroince,cercarbono,PMCC AGROINCE,,,REVISAR,sin campo sectorial ni coincidencia por nombre,,,REVISAR,sin campo estructurado ni coincidencia por nombre,,,,,,,,,,,,,
cercarbono|proyecto de reduccion de gei - gremca,cercarbono,Proyecto de reducción de GEI - GREMCA,,,REVISAR,sin campo sectorial ni coincidencia por nombre,,,REVISAR,sin campo estructurado ni coincidencia por nombre,,,,,,,,,,,,,
cercarbono|planeta agradecido con el resguardo indigena bajo rio guainia y rio negro ii,cercarbono,Planeta Agradecido con el Resguardo indígena Bajo Río Guainía y Río Negro II,,,REVISAR,sin campo sectorial ni coincidencia por nombre,,,REVISAR,sin campo estructurado ni coincidencia por nombre,,,,,,,,,,,,,
cercarbono|“planeta agradecido con el resguardo indigena bajo rio guainia y rio negro”,cercarbono,“Planeta agradecido con el Resguardo Indígena Bajo Río Guainía y Río Negro”,,,REVISAR,sin campo sectorial ni coincidencia por nombre,,,REVISAR,sin campo estructurado ni coincidencia por nombre,,,,,,,,,,,,,
cercarbono|awakadaa jiduaa,cercarbono,Awakadaa Jiduaa,,,REVISAR,sin campo sectorial ni coincidencia por nombre,AFOLU,,REVISAR,sin campo estructurado ni coincidencia por nombre,REDD,OffsetsDB: protocol = ccb-redd,,,,,,,,,,,
"cercarbono|proyecto de mitigacion en el sector del uso del suelo cambio en el uso del suelo y silvicultura por remociones debidas al establecimiento de sistemas forestales de hevea brasiliensis en el municipio de barrancabermeja, santander, colombia.",cercarbono,"Proyecto de mitigación en el sector del uso del suelo cambio en el uso del suelo y silvicultura por remociones debidas al establecimiento de sistemas forestales de Hevea brasiliensis en el municipio de Barrancabermeja, Santander, Colombia.",,,AFOLU,nombre del proyecto,AFOLU,,REVISAR,sin campo estructurado ni coincidencia por nombre,NO_REDD,"Plantacion de Hevea brasiliensis (remociones por establecimiento forestal), no deforestacion evitada",,,,,,,,,,,
cercarbono|carbono hass,cercarbono,Carbono Hass,,,REVISAR,sin campo sectorial ni coincidencia por nombre,,,REVISAR,sin campo estructurado ni coincidencia por nombre,,,,,,,,,,,,,
cercarbono|carbono rancho victoria,cercarbono,Carbono Rancho Victoria,,,REVISAR,sin campo sectorial ni coincidencia por nombre,AFOLU,OffsetsDB: ccb-refor (reforestacion),REVISAR,sin campo estructurado ni coincidencia por nombre,NO_REDD,OffsetsDB: protocol = ccb-refor (reforestacion),,,,,,,,,,,
cercarbono|veolia lfg pta antanas landfill,cercarbono,Veolia LFG PTA Antanas landfill,,,NO_AFOLU,nombre del proyecto,NO_AFOLU,,NO_REDD,nombre del proyecto (mecanismo no forestal),NO_REDD,,,,,,,,,,,,
cercarbono|bonos de carbono caracoli,cercarbono,Bonos de Carbono Caracoli,,,REVISAR,sin campo sectorial ni coincidencia por nombre,AFOLU,OffsetsDB: ccb-refor (reforestacion),REVISAR,sin campo estructurado ni coincidencia por nombre,NO_REDD,OffsetsDB: protocol = ccb-refor (reforestacion),,,,,,,,,,,
cercarbono|celsia eolico agrupado 2022,cercarbono,CELSIA EOLICO AGRUPADO 2022,,,NO_AFOLU,nombre del proyecto,NO_AFOLU,,NO_REDD,nombre del proyecto (mecanismo no forestal),NO_REDD,,,,,,,,,,,,
cercarbono|primer proyecto agrupado de helios s.a.s e.s.p para la energizacion de hogares en zonas no interconectadas en colombia,cercarbono,Primer Proyecto Agrupado de Helios S.A.S E.S.P para la energización de hogares en Zonas No Interconectadas en Colombia,,,REVISAR,sin campo sectorial ni coincidencia por nombre,,,REVISAR,sin campo estructurado ni coincidencia por nombre,,,,,,,,,,,,,
cercarbono|veolia lfg pta manizales and cucuta landfill,cercarbono,Veolia LFG PTA Manizales and Cúcuta Landfill,,,NO_AFOLU,nombre del proyecto,NO_AFOLU,,NO_REDD,nombre del proyecto (mecanismo no forestal),NO_REDD,,,,,,,,,,,,
cercarbono|carbono negocios agroforestales,cercarbono,CARBONO NEGOCIOS AGROFORESTALES ,,,AFOLU,nombre del proyecto,AFOLU,,REVISAR,sin campo estructurado ni coincidencia por nombre,,,,,,,,,,,,,
"cercarbono|cavadacavᵾ coreivᵾ jocᵾ bᵾcᵾro re, nᵾje necᵾva aiye baquepe",cercarbono,"Cavadacavᵾ Coreivᵾ Jocᵾ Bᵾcᵾro Rẽ, N̄ᵾjẽ N̄ecᵾvã Aiye Baquepe",,,REVISAR,sin campo sectorial ni coincidencia por nombre,,,REVISAR,sin campo estructurado ni coincidencia por nombre,,,,,,,,,,,,,
cercarbono|pch cantayus,cercarbono,PCH CANTAYUS,,,NO_AFOLU,nombre del proyecto,NO_AFOLU,,NO_REDD,nombre del proyecto (mecanismo no forestal),NO_REDD,,,,,,,,,,,,
cercarbono|cucuana hydroelectric power plant,cercarbono,Cucuana Hydroelectric Power Plant,,,NO_AFOLU,nombre del proyecto,NO_AFOLU,,NO_REDD,nombre del proyecto (mecanismo no forestal),NO_REDD,,,,,,,,,,,,
cercarbono|guainia redd+ project,cercarbono,GUAINIA REDD+ PROJECT,,,AFOLU,nombre del proyecto,AFOLU,,REVISAR,"REDD en el nombre, sin campo estructurado que lo respalde",REDD,OffsetsDB: protocol = ccb-redd,,,,,,,,,,,
cercarbono|chonta corozo redd+ project,cercarbono,CHONTA COROZO REDD+ Project,,,AFOLU,nombre del proyecto,AFOLU,,REVISAR,"REDD en el nombre, sin campo estructurado que lo respalde",REDD,OffsetsDB: protocol = ccb-redd,,,,,,,,,,,
cercarbono|skcarbono,cercarbono,SKCARBONO,,,REVISAR,sin campo sectorial ni coincidencia por nombre,,,REVISAR,sin campo estructurado ni coincidencia por nombre,,,,,,,,,,,,,
cercarbono|proyecto hidroelectrico porce iii,cercarbono,Proyecto hidroeléctrico Porce III,,,NO_AFOLU,nombre del proyecto,NO_AFOLU,,NO_REDD,nombre del proyecto (mecanismo no forestal),NO_REDD,,,,,,,,,,,,
cercarbono|cartagena landfill gas capture and usage project,cercarbono,Cartagena Landfill Gas Capture and Usage Project,,,NO_AFOLU,nombre del proyecto,NO_AFOLU,,NO_REDD,nombre del proyecto (mecanismo no forestal),NO_REDD,,,,,,,,,,,,
cercarbono|proyecto redd+ pazcifico sur,cercarbono,PROYECTO REDD+ PAZCÍFICO SUR,,,AFOLU,nombre del proyecto,AFOLU,,REVISAR,"REDD en el nombre, sin campo estructurado que lo respalde",REDD,OffsetsDB: protocol = ccb-redd,,,,,,,,,,,
"cercarbono|manejo sostenible de los bosques aplicado al predio santa ana, vereda el popal, municipio de sonson, bajo el esquema banco2",cercarbono,"Manejo Sostenible de los Bosques Aplicado al Predio Santa Ana, Vereda El Popal, Municipio De Sonsón, Bajo El Esquema BancO2",,,AFOLU,nombre del proyecto,AFOLU,,REVISAR,sin campo estructurado ni coincidencia por nombre,,,,,,,,,,,,,
cercarbono|sustitucion de combustibles fosiles por combustibles alternativos en la produccion de clinker planta cartagena,cercarbono,Sustitución de combustibles fósiles por combustibles alternativos en la producción de Clinker Planta Cartagena,,,REVISAR,sin campo sectorial ni coincidencia por nombre,,,REVISAR,sin campo estructurado ni coincidencia por nombre,,,,,,,,,,,,,
cercarbono|carbono gresco2,cercarbono,CARBONO GRESCO2,,,REVISAR,sin campo sectorial ni coincidencia por nombre,,,REVISAR,sin campo estructurado ni coincidencia por nombre,,,,,,,,,,,,,
cercarbono|multiantioquia,cercarbono,MultiAntioquia,,,REVISAR,sin campo sectorial ni coincidencia por nombre,,,REVISAR,sin campo estructurado ni coincidencia por nombre,,,,,,,,,,,,,
cercarbono|carbono paja perdida,cercarbono,Carbono Paja Perdida,,,REVISAR,sin campo sectorial ni coincidencia por nombre,AFOLU,OffsetsDB: ar-acm0003 (forestal),REVISAR,sin campo estructurado ni coincidencia por nombre,NO_REDD,OffsetsDB: protocol = ar-acm0003 (ARR),,,,,,,,,,,
cercarbono|carbono la puya y san lorenzo,cercarbono,Carbono La Puya y San Lorenzo,,,REVISAR,sin campo sectorial ni coincidencia por nombre,,,REVISAR,sin campo estructurado ni coincidencia por nombre,,,,,,,,,,,,,
cercarbono|orinoco redd+ project,cercarbono,ORINOCO REDD+ PROJECT,,,AFOLU,nombre del proyecto,AFOLU,,REVISAR,"REDD en el nombre, sin campo estructurado que lo respalde",REDD,OffsetsDB: protocol = ccb-redd,,,,,,,,,,,
cercarbono|central hidroelectrica de santa ana,cercarbono,Central Hidroeléctrica de Santa Ana,,,NO_AFOLU,nombre del proyecto,NO_AFOLU,,NO_REDD,nombre del proyecto (mecanismo no forestal),NO_REDD,,,,,,,,,,,,
cercarbono|veolia lfg pta cucuta landfill,cercarbono,Veolia LFG PTA Cucuta Landfill,,,NO_AFOLU,nombre del proyecto,NO_AFOLU,,NO_REDD,nombre del proyecto (mecanismo no forestal),NO_REDD,,,,,,,,,,,,
cercarbono|proyecto forestal de mitigacion de cambio climatico “forestal de la orinoquia”,cercarbono,Proyecto forestal de mitigación de cambio climático “Forestal de La Orinoquía”,,,AFOLU,nombre del proyecto,AFOLU,,REVISAR,sin campo estructurado ni coincidencia por nombre,,,,,,,,,,,,,
cercarbono|pitugucajude,cercarbono,PITUGUCAJUDE,,,REVISAR,sin campo sectorial ni coincidencia por nombre,AFOLU,,REVISAR,sin campo estructurado ni coincidencia por nombre,REDD,OffsetsDB: protocol = ccb-redd,,,,,,,,,,,
cercarbono|proyecto agrupado hz energy,cercarbono,Proyecto agrupado HZ Energy,,,REVISAR,sin campo sectorial ni coincidencia por nombre,,,REVISAR,sin campo estructurado ni coincidencia por nombre,,,,,,,,,,,,,
cercarbono|bosques solares de los llanos 1,cercarbono,Bosques Solares de los Llanos 1,,,NO_AFOLU,nombre del proyecto,NO_AFOLU,,NO_REDD,nombre del proyecto (mecanismo no forestal),NO_REDD,,,,,,,,,,,,
cercarbono|primera sombrilla de generacion solar fotovoltaica de ecopetrol,cercarbono,Primera sombrilla de generación solar fotovoltaica de Ecopetrol,,,NO_AFOLU,nombre del proyecto,NO_AFOLU,,NO_REDD,nombre del proyecto (mecanismo no forestal),NO_REDD,,,,,,,,,,,,
cercarbono|eficiencia energetica por control operacional en la refineria de cartagena,cercarbono,Eficiencia energética por Control Operacional en la Refinería de Cartagena,,,REVISAR,sin campo sectorial ni coincidencia por nombre,,,REVISAR,sin campo estructurado ni coincidencia por nombre,,,,,,,,,,,,,
cercarbono|programa de aprovechamiento de gas asociado de ecopetrol,cercarbono,Programa de aprovechamiento de gas asociado de Ecopetrol,,,REVISAR,sin campo sectorial ni coincidencia por nombre,,,REVISAR,sin campo estructurado ni coincidencia por nombre,,,,,,,,,,,,,
cercarbono|programa de compensaciones de gases de efecto invernadero (gei) – reforestadora caceri s.a.,cercarbono,Programa de Compensaciones de Gases de Efecto Invernadero (GEI) – Reforestadora Cacerí S.A.,,,AFOLU,nombre del proyecto,AFOLU,,REVISAR,sin campo estructurado ni coincidencia por nombre,,,,,,,,,,,,,
cercarbono|jocu bucuro apuro,cercarbono,Jocū Bucūrō Apūrō,,,REVISAR,sin campo sectorial ni coincidencia por nombre,,,REVISAR,sin campo estructurado ni coincidencia por nombre,,,,,,,,,,,,,
cercarbono|awakadaa matsiadali,cercarbono,Awakadaa Matsiadali,,,REVISAR,sin campo sectorial ni coincidencia por nombre,AFOLU,,REVISAR,sin campo estructurado ni coincidencia por nombre,REDD,OffsetsDB: protocol = ccb-redd,,,,,,,,,,,
cercarbono|proyecto solar fotovoltaico agrupado urra s.a. e.s.p.,cercarbono,Proyecto Solar Fotovoltaico Agrupado URRÁ S.A. E.S.P.,,,NO_AFOLU,nombre del proyecto,NO_AFOLU,,NO_REDD,nombre del proyecto (mecanismo no forestal),NO_REDD,,,,,,,,,,,,
cercarbono|proyecto agrupado de ptgs - parex,cercarbono,Proyecto agrupado de PTGs - Parex,,,REVISAR,sin campo sectorial ni coincidencia por nombre,,,REVISAR,sin campo estructurado ni coincidencia por nombre,,,,,,,,,,,,,
cercarbono|carbono agroforestal la argentina,cercarbono,Carbono Agroforestal La Argentina,,,AFOLU,nombre del proyecto,AFOLU,,REVISAR,sin campo estructurado ni coincidencia por nombre,,,,,,,,,,,,,
cercarbono|carbono ganados y bosques,cercarbono,Carbono Ganados y Bosques,,,AFOLU,nombre del proyecto,AFOLU,,REVISAR,sin campo estructurado ni coincidencia por nombre,NO_REDD,OffsetsDB: protocol = ar-acm0003 (ARR),,,,,,,,,,,
cercarbono|redd+ pazcifico,cercarbono,REDD+ PAZCÍFICO,,,AFOLU,nombre del proyecto,AFOLU,,REVISAR,"REDD en el nombre, sin campo estructurado que lo respalde",REDD,OffsetsDB: protocol = ccb-redd,,,,,,,,,,,
cercarbono|celsia solar agrupado colombia 2021,cercarbono,Celsia Solar Agrupado Colombia 2021,,,NO_AFOLU,nombre del proyecto,NO_AFOLU,,NO_REDD,nombre del proyecto (mecanismo no forestal),NO_REDD,,,,,,,,,,,,
cercarbono|bonos verdes colombia grupo custodiar s.a.,cercarbono,Bonos Verdes Colombia Grupo Custodiar S.A.,,,REVISAR,sin campo sectorial ni coincidencia por nombre,,,REVISAR,sin campo estructurado ni coincidencia por nombre,,,,,,,,,,,,,
cercarbono|reforestacion comercial en meta,cercarbono,Reforestación Comercial en Meta,,,AFOLU,nombre del proyecto,AFOLU,,REVISAR,sin campo estructurado ni coincidencia por nombre,,,,,,,,,,,,,
cercarbono|banakale - isimali redd+,cercarbono,BANAKALE - ISIMALI REDD+,,,AFOLU,nombre del proyecto,AFOLU,,REVISAR,"REDD en el nombre, sin campo estructurado que lo respalde",REDD,OffsetsDB: protocol = ccb-redd,,,,,,,,,,,
cercarbono|baka rokarire ~ia tir+~dito,cercarbono,BAKA ROKARIRE ~IA TIR+~DITO,,,REVISAR,sin campo sectorial ni coincidencia por nombre,,,REVISAR,sin campo estructurado ni coincidencia por nombre,,,,,,,,,,,,,
cercarbono|carbono verde,cercarbono,Carbono Verde,,,REVISAR,sin campo sectorial ni coincidencia por nombre,,,REVISAR,sin campo estructurado ni coincidencia por nombre,,,,,,,,,,,,,
cercarbono|granja solar de inirida,cercarbono,Granja Solar de Inírida,,,NO_AFOLU,nombre del proyecto,NO_AFOLU,,NO_REDD,nombre del proyecto (mecanismo no forestal),NO_REDD,,,,,,,,,,,,
cercarbono|carbono nueva esperanza,cercarbono,Carbono Nueva Esperanza,,,REVISAR,sin campo sectorial ni coincidencia por nombre,,,REVISAR,sin campo estructurado ni coincidencia por nombre,,,,,,,,,,,,,
cercarbono|carbono inmunizar,cercarbono,Carbono Inmunizar,,,REVISAR,sin campo sectorial ni coincidencia por nombre,,,REVISAR,sin campo estructurado ni coincidencia por nombre,,,,,,,,,,,,,
cercarbono|proyecto hidroelectrico guavio,cercarbono,Proyecto Hidroeléctrico Guavio,,,NO_AFOLU,nombre del proyecto,NO_AFOLU,,NO_REDD,nombre del proyecto (mecanismo no forestal),NO_REDD,,,,,,,,,,,,
cercarbono|carbono reforesta,cercarbono,Carbono Reforesta,,,AFOLU,nombre del proyecto,AFOLU,,REVISAR,sin campo estructurado ni coincidencia por nombre,,,,,,,,,,,,,
"cercarbono|proyecto de mitigacion en el sector del uso del suelo cambio en el uso del suelo y silvicultura por remociones debidas al establecimiento de sistemas forestales de hevea brasiliensis en los municipios de sucre y el penon santander, colombia.",cercarbono,"Proyecto de mitigación en el sector del uso del suelo cambio en el uso del suelo y silvicultura por remociones debidas al establecimiento de sistemas forestales de Hevea brasiliensis en los municipios de Sucre y el Peñón Santander, Colombia.",,,AFOLU,nombre del proyecto,AFOLU,,REVISAR,sin campo estructurado ni coincidencia por nombre,NO_REDD,"Plantacion de Hevea brasiliensis (remociones por establecimiento forestal), no deforestacion evitada",,,,,,,,,,,
cercarbono|carbono refosinu,cercarbono,Carbono Refosinu,,,REVISAR,sin campo sectorial ni coincidencia por nombre,,,REVISAR,sin campo estructurado ni coincidencia por nombre,,,,,,,,,,,,,
cercarbono|carbono flor y nuevo,cercarbono,Carbono Flor y Nuevo,,,REVISAR,sin campo sectorial ni coincidencia por nombre,,,REVISAR,sin campo estructurado ni coincidencia por nombre,,,,,,,,,,,,,
cercarbono|carbono agrorios,cercarbono,Carbono Agrorios,,,REVISAR,sin campo sectorial ni coincidencia por nombre,,,REVISAR,sin campo estructurado ni coincidencia por nombre,,,,,,,,,,,,,
cercarbono|carbono agroporvanda,cercarbono,Carbono Agroporvanda,,,REVISAR,sin campo sectorial ni coincidencia por nombre,,,REVISAR,sin campo estructurado ni coincidencia por nombre,,,,,,,,,,,,,
cercarbono|planeta agradecido con el resguardo indigena bajo r...,cercarbono,Planeta agradecido con el Resguardo Indígena Bajo R...,,,AFOLU,ficha del registro: REDD+,AFOLU,Proyecto REDD+ con creditos emitidos,REDD,OffsetsDB: protocol = ccb-redd,REDD,OffsetsDB protocol=ccb-redd; ubicacion recuperada de la ficha del registro,,,,,,,,,,,
cercarbono|manejo sostenible de los bosques aplicado al predio,cercarbono,Manejo Sostenible de los Bosques Aplicado al Predio,,,AFOLU,ficha del registro: REDD+,AFOLU,Proyecto REDD+ con creditos emitidos,REDD,OffsetsDB: protocol = ccb-redd,REDD,OffsetsDB protocol=ccb-redd; ubicacion recuperada de la ficha del registro,,,,,,,,,,,
"cercarbono|cavadacavᵾ coreivᵾ jocᵾ bᵾcᵾro re, nᵾje necᵾva",cercarbono,"Cavadacavᵾ Coreivᵾ Jocᵾ Bᵾcᵾro Rẽ, N̄ᵾjẽ N̄ecᵾvã",,,AFOLU,ficha del registro: REDD+,AFOLU,Proyecto REDD+ con creditos emitidos,REDD,OffsetsDB: protocol = ccb-redd,REDD,OffsetsDB protocol=ccb-redd; ubicacion recuperada de la ficha del registro,,,,,,,,,,,
cercarbono|planeta agradecido con el resguardo indigena bajo rio,cercarbono,Planeta Agradecido con el Resguardo indígena Bajo Río,,,AFOLU,ficha del registro: REDD+,AFOLU,Proyecto REDD+ con creditos emitidos,REDD,OffsetsDB: protocol = ccb-redd,REDD,OffsetsDB protocol=ccb-redd; ubicacion recuperada de la ficha del registro,,,,,,,,,,,
