COD_DANE,NOMBRE_MPI,DPTO_CNMBR,area_municipio_ha,bosque_base_ha,area_redd_ha,n_proyectos,anio_primer_proyecto,area_proyecto_max_ha,tratado,dosis_area_cruda,dosis_bosque_cruda,desborda_area,desborda_bosque,dosis_area,dosis_bosque,umbral_dosel,truncada,fecha_generacion
05001,MEDELLÍN,ANTIOQUIA,37474.14844977222,22737.156034652537,0.0,0,,,0,0.0,0.0,0,0,0.0,0.0,30,1,2026-09-20T18:06:24
05002,ABEJORRAL,ANTIOQUIA,50695.97822742411,38984.04407642922,0.0,0,,,0,0.0,0.0,0,0,0.0,0.0,30,1,2026-09-20T18:06:24
05004,ABRIAQUÍ,ANTIOQUIA,29697.418845333672,26896.53348123925,0.0,0,,,0,0.0,0.0,0,0,0.0,0.0,30,1,2026-09-20T18:06:24
05021,ALEJANDRÍA,ANTIOQUIA,12885.643128695456,10925.53664390105,0.0,0,,,0,0.0,0.0,0,0,0.0,0.0,30,1,2026-09-20T18:06:24
05030,AMAGÁ,ANTIOQUIA,8411.714469905743,7312.638429974307,0.0,0,,,0,0.0,0.0,0,0,0.0,0.0,30,1,2026-09-20T18:06:24
05031,AMALFI,ANTIOQUIA,120834.61881013488,112240.76221244794,0.0,0,,,0,0.0,0.0,0,0,0.0,0.0,30,1,2026-09-20T18:06:24
05034,ANDES,ANTIOQUIA,40245.0598820729,37297.03170205352,0.0,0,,,0,0.0,0.0,0,0,0.0,0.0,30,1,2026-09-20T18:06:24
05036,ANGELÓPOLIS,ANTIOQUIA,8186.176766327447,7597.773371811289,0.0,0,,,0,0.0,0.0,0,0,0.0,0.0,30,1,2026-09-20T18:06:24
05038,ANGOSTURA,ANTIOQUIA,33836.18495372525,29050.223387304,0.0,0,,,0,0.0,0.0,0,0,0.0,0.0,30,1,2026-09-20T18:06:24
05040,ANORÍ,ANTIOQUIA,141295.6956988733,136294.39100985136,0.0,0,,,0,0.0,0.0,0,0,0.0,0.0,30,1,2026-09-20T18:06:24
05042,SANTA FÉ DE ANTIOQUIA,ANTIOQUIA,52555.322525760144,34544.34045070865,0.0,0,,,0,0.0,0.0,0,0,0.0,0.0,30,1,2026-09-20T18:06:24
05044,ANZÁ,ANTIOQUIA,25591.05274257436,17338.94152899429,0.0,0,,,0,0.0,0.0,0,0,0.0,0.0,30,1,2026-09-20T18:06:24
05045,APARTADÓ,ANTIOQUIA,53535.13574648304,49813.76790671096,0.0,0,,,0,0.0,0.0,0,0,0.0,0.0,30,1,2026-09-20T18:06:24
05051,ARBOLETES,ANTIOQUIA,75427.64551847993,42764.10365090751,0.0,0,,,0,0.0,0.0,0,0,0.0,0.0,30,1,2026-09-20T18:06:24
05055,ARGELIA,ANTIOQUIA,24519.895072658583,22396.75718448192,0.0,0,,,0,0.0,0.0,0,0,0.0,0.0,30,1,2026-09-20T18:06:24
05059,ARMENIA,ANTIOQUIA,11042.213658792509,7680.836810054097,0.0,0,,,0,0.0,0.0,0,0,0.0,0.0,30,1,2026-09-20T18:06:24
05079,BARBOSA,ANTIOQUIA,20555.297575895867,16805.43650629239,0.0,0,,,0,0.0,0.0,0,0,0.0,0.0,30,1,2026-09-20T18:06:24
05086,BELMIRA,ANTIOQUIA,29585.87326060444,23447.59895010221,0.0,0,,,0,0.0,0.0,0,0,0.0,0.0,30,1,2026-09-20T18:06:24
05088,BELLO,ANTIOQUIA,14770.069491091996,9414.586912928757,0.0,0,,,0,0.0,0.0,0,0,0.0,0.0,30,1,2026-09-20T18:06:24
05091,BETANIA,ANTIOQUIA,18052.530289669096,16445.998643101877,0.0,0,,,0,0.0,0.0,0,0,0.0,0.0,30,1,2026-09-20T18:06:24
05093,BETULIA,ANTIOQUIA,26236.212141861524,18120.60345973864,0.0,0,,,0,0.0,0.0,0,0,0.0,0.0,30,1,2026-09-20T18:06:24
05101,CIUDAD BOLÍVAR,ANTIOQUIA,26379.0910510875,22375.50262859601,0.0,0,,,0,0.0,0.0,0,0,0.0,0.0,30,1,2026-09-20T18:06:24
05107,BRICEÑO,ANTIOQUIA,37624.01070583626,34986.21314912754,0.0,0,,,0,0.0,0.0,0,0,0.0,0.0,30,1,2026-09-20T18:06:24
05113,BURITICÁ,ANTIOQUIA,35527.88721118467,23028.39246060302,0.0,0,,,0,0.0,0.0,0,0,0.0,0.0,30,1,2026-09-20T18:06:24
05120,CÁCERES,ANTIOQUIA,187278.47323748752,123887.7304826818,0.0,0,,,0,0.0,0.0,0,0,0.0,0.0,30,1,2026-09-20T18:06:24
05125,CAICEDO,ANTIOQUIA,20013.032896863064,16171.331654241736,0.0,0,,,0,0.0,0.0,0,0,0.0,0.0,30,1,2026-09-20T18:06:24
05129,CALDAS,ANTIOQUIA,13276.52458800169,12084.232144737482,0.0,0,,,0,0.0,0.0,0,0,0.0,0.0,30,1,2026-09-20T18:06:24
05134,CAMPAMENTO,ANTIOQUIA,23208.52357035644,20199.67507326769,7593.0,1,2016.0,7593.0,1,0.32716428414680865,0.3758971355954433,0,0,0.32716428414680865,0.3758971355954433,30,1,2026-09-20T18:06:24
05138,CAÑASGORDAS,ANTIOQUIA,36484.01879380207,34877.972814160545,0.0,0,,,0,0.0,0.0,0,0,0.0,0.0,30,1,2026-09-20T18:06:24
05142,CARACOLÍ,ANTIOQUIA,26258.321252142723,21726.754602981247,0.0,0,,,0,0.0,0.0,0,0,0.0,0.0,30,1,2026-09-20T18:06:24
05145,CARAMANTA,ANTIOQUIA,9206.265409398487,6712.114727917373,0.0,0,,,0,0.0,0.0,0,0,0.0,0.0,30,1,2026-09-20T18:06:24
05147,CAREPA,ANTIOQUIA,38745.09124484511,31792.8851177368,0.0,0,,,0,0.0,0.0,0,0,0.0,0.0,30,1,2026-09-20T18:06:24
05148,EL CARMEN DE VIBORAL,ANTIOQUIA,40912.69710322367,35155.18770906495,0.0,0,,,0,0.0,0.0,0,0,0.0,0.0,30,1,2026-09-20T18:06:24
05150,CAROLINA,ANTIOQUIA,14951.37254596639,12091.45486359546,0.0,0,,,0,0.0,0.0,0,0,0.0,0.0,30,1,2026-09-20T18:06:24
05154,CAUCASIA,ANTIOQUIA,142818.19866301373,63476.09226939874,0.0,0,,,0,0.0,0.0,0,0,0.0,0.0,30,1,2026-09-20T18:06:24
05172,CHIGORODÓ,ANTIOQUIA,72198.16656448029,51120.76854114493,0.0,0,,,0,0.0,0.0,0,0,0.0,0.0,30,1,2026-09-20T18:06:24
05190,CISNEROS,ANTIOQUIA,4685.696233982768,3662.1535949745953,0.0,0,,,0,0.0,0.0,0,0,0.0,0.0,30,1,2026-09-20T18:06:24
05197,COCORNÁ,ANTIOQUIA,25780.93968934336,23067.11363844823,0.0,0,,,0,0.0,0.0,0,0,0.0,0.0,30,1,2026-09-20T18:06:24
05206,CONCEPCIÓN,ANTIOQUIA,20195.259696037367,16621.721320239623,0.0,0,,,0,0.0,0.0,0,0,0.0,0.0,30,1,2026-09-20T18:06:24
05209,CONCORDIA,ANTIOQUIA,24786.63532627889,15174.867263410504,0.0,0,,,0,0.0,0.0,0,0,0.0,0.0,30,1,2026-09-20T18:06:24
05212,COPACABANA,ANTIOQUIA,6783.625809036667,4723.327910065305,0.0,0,,,0,0.0,0.0,0,0,0.0,0.0,30,1,2026-09-20T18:06:24
05234,DABEIBA,ANTIOQUIA,195769.9103288221,191864.76657154475,0.0,0,,,0,0.0,0.0,0,0,0.0,0.0,30,1,2026-09-20T18:06:24
05237,DONMATÍAS,ANTIOQUIA,19804.97621932147,15365.321026937558,0.0,0,,,0,0.0,0.0,0,0,0.0,0.0,30,1,2026-09-20T18:06:24
05240,EBÉJICO,ANTIOQUIA,23771.14511008932,19643.51563706762,0.0,0,,,0,0.0,0.0,0,0,0.0,0.0,30,1,2026-09-20T18:06:24
05250,EL BAGRE,ANTIOQUIA,155889.04935347632,148050.7802361373,0.0,0,,,0,0.0,0.0,0,0,0.0,0.0,30,1,2026-09-20T18:06:24
05264,ENTRERRÍOS,ANTIOQUIA,21422.851874127315,16566.39200082101,0.0,0,,,0,0.0,0.0,0,0,0.0,0.0,30,1,2026-09-20T18:06:24
05266,ENVIGADO,ANTIOQUIA,7951.026112768669,5473.977426891011,0.0,0,,,0,0.0,0.0,0,0,0.0,0.0,30,1,2026-09-20T18:06:24
05282,FREDONIA,ANTIOQUIA,25406.98293997905,19000.14339298689,0.0,0,,,0,0.0,0.0,0,0,0.0,0.0,30,1,2026-09-20T18:06:24
05284,FRONTINO,ANTIOQUIA,138443.8159933402,133764.4623746457,0.0,0,,,0,0.0,0.0,0,0,0.0,0.0,30,1,2026-09-20T18:06:24
05306,GIRALDO,ANTIOQUIA,9342.241949918394,6695.273335821868,0.0,0,,,0,0.0,0.0,0,0,0.0,0.0,30,1,2026-09-20T18:06:24
05308,GIRARDOTA,ANTIOQUIA,8282.978908128058,5644.496298048198,0.0,0,,,0,0.0,0.0,0,0,0.0,0.0,30,1,2026-09-20T18:06:24
05310,GÓMEZ PLATA,ANTIOQUIA,33203.11721420013,27644.938902690046,0.0,0,,,0,0.0,0.0,0,0,0.0,0.0,30,1,2026-09-20T18:06:24
05313,GRANADA,ANTIOQUIA,19011.81846300525,15208.643894565885,0.0,0,,,0,0.0,0.0,0,0,0.0,0.0,30,1,2026-09-20T18:06:24
05315,GUADALUPE,ANTIOQUIA,11814.868986180538,9270.595167038771,0.0,0,,,0,0.0,0.0,0,0,0.0,0.0,30,1,2026-09-20T18:06:24
05318,GUARNE,ANTIOQUIA,15178.8282697052,9388.123309657209,0.0,0,,,0,0.0,0.0,0,0,0.0,0.0,30,1,2026-09-20T18:06:24
05321,GUATAPÉ,ANTIOQUIA,8328.168694507956,5226.092861366137,0.0,0,,,0,0.0,0.0,0,0,0.0,0.0,30,1,2026-09-20T18:06:24
05347,HELICONIA,ANTIOQUIA,11486.68410989132,10588.365764839216,0.0,0,,,0,0.0,0.0,0,0,0.0,0.0,30,1,2026-09-20T18:06:24
05353,HISPANIA,ANTIOQUIA,5417.935855530039,4248.940817863313,0.0,0,,,0,0.0,0.0,0,0,0.0,0.0,30,1,2026-09-20T18:06:24
05360,ITAGÜÍ,ANTIOQUIA,1964.475366359619,575.8699211214999,0.0,0,,,0,0.0,0.0,0,0,0.0,0.0,30,1,2026-09-20T18:06:24
05361,ITUANGO,ANTIOQUIA,284084.0876263541,268363.8389819238,0.0,0,,,0,0.0,0.0,0,0,0.0,0.0,30,1,2026-09-20T18:06:24
05364,JARDÍN,ANTIOQUIA,20117.752401913844,18427.19274358198,0.0,0,,,0,0.0,0.0,0,0,0.0,0.0,30,1,2026-09-20T18:06:24
05368,JERICÓ,ANTIOQUIA,20497.123284634497,13515.738477402145,0.0,0,,,0,0.0,0.0,0,0,0.0,0.0,30,1,2026-09-20T18:06:24
05376,LA CEJA,ANTIOQUIA,13266.672321236128,9153.71612428648,0.0,0,,,0,0.0,0.0,0,0,0.0,0.0,30,1,2026-09-20T18:06:24
05380,LA ESTRELLA,ANTIOQUIA,3679.265231573309,2626.727136902642,0.0,0,,,0,0.0,0.0,0,0,0.0,0.0,30,1,2026-09-20T18:06:24
05390,LA PINTADA,ANTIOQUIA,5428.273395209872,4136.114741631522,0.0,0,,,0,0.0,0.0,0,0,0.0,0.0,30,1,2026-09-20T18:06:24
05400,LA UNIÓN,ANTIOQUIA,16767.033763582178,12150.608901483478,0.0,0,,,0,0.0,0.0,0,0,0.0,0.0,30,1,2026-09-20T18:06:24
05411,LIBORINA,ANTIOQUIA,21638.676219132514,17726.393843013575,0.0,0,,,0,0.0,0.0,0,0,0.0,0.0,30,1,2026-09-20T18:06:24
05425,MACEO,ANTIOQUIA,45526.90608138932,37091.66307956372,0.0,0,,,0,0.0,0.0,0,0,0.0,0.0,30,1,2026-09-20T18:06:24
05440,MARINILLA,ANTIOQUIA,11223.604580039366,6066.954441337274,0.0,0,,,0,0.0,0.0,0,0,0.0,0.0,30,1,2026-09-20T18:06:24
05467,MONTEBELLO,ANTIOQUIA,7599.829566716436,6868.110298086128,0.0,0,,,0,0.0,0.0,0,0,0.0,0.0,30,1,2026-09-20T18:06:24
05475,MURINDÓ,ANTIOQUIA,126679.24746770096,121168.33275362692,0.0,0,,,0,0.0,0.0,0,0,0.0,0.0,30,1,2026-09-20T18:06:24
05480,MUTATÁ,ANTIOQUIA,107502.10946440548,96118.42993227192,34288.0,1,2013.0,34288.0,1,0.31895188076614384,0.3567265926436835,0,0,0.31895188076614384,0.3567265926436835,30,1,2026-09-20T18:06:24
05483,NARIÑO,ANTIOQUIA,31660.3872674357,26981.348559971168,0.0,0,,,0,0.0,0.0,0,0,0.0,0.0,30,1,2026-09-20T18:06:24
05490,NECOCLÍ,ANTIOQUIA,125586.53233061376,89246.83677310686,0.0,0,,,0,0.0,0.0,0,0,0.0,0.0,30,1,2026-09-20T18:06:24
05495,NECHÍ,ANTIOQUIA,93658.44841772744,65519.67822711144,0.0,0,,,0,0.0,0.0,0,0,0.0,0.0,30,1,2026-09-20T18:06:24
05501,OLAYA,ANTIOQUIA,8697.390452660591,7007.511452770876,0.0,0,,,0,0.0,0.0,0,0,0.0,0.0,30,1,2026-09-20T18:06:24
05541,PEÑOL,ANTIOQUIA,11825.51972141549,7363.542739113702,0.0,0,,,0,0.0,0.0,0,0,0.0,0.0,30,1,2026-09-20T18:06:24
05543,PEQUE,ANTIOQUIA,43403.88332609181,34734.31951722252,0.0,0,,,0,0.0,0.0,0,0,0.0,0.0,30,1,2026-09-20T18:06:24
05576,PUEBLORRICO,ANTIOQUIA,7542.674735850142,6403.758091194991,0.0,0,,,0,0.0,0.0,0,0,0.0,0.0,30,1,2026-09-20T18:06:24
05579,PUERTO BERRÍO,ANTIOQUIA,121894.48144812848,79396.02895106917,0.0,0,,,0,0.0,0.0,0,0,0.0,0.0,30,1,2026-09-20T18:06:24
05585,PUERTO NARE,ANTIOQUIA,57906.60944034167,36537.33923436624,0.0,0,,,0,0.0,0.0,0,0,0.0,0.0,30,1,2026-09-20T18:06:24
05591,PUERTO TRIUNFO,ANTIOQUIA,36927.14944990081,17934.39391125652,0.0,0,,,0,0.0,0.0,0,0,0.0,0.0,30,1,2026-09-20T18:06:24
05604,REMEDIOS,ANTIOQUIA,196499.8306977756,171467.4904293077,0.0,0,,,0,0.0,0.0,0,0,0.0,0.0,30,1,2026-09-20T18:06:24
05607,RETIRO,ANTIOQUIA,24192.37520143385,20083.56401933043,0.0,0,,,0,0.0,0.0,0,0,0.0,0.0,30,1,2026-09-20T18:06:24
05615,RIONEGRO,ANTIOQUIA,19586.687913189,9390.736435684972,0.0,0,,,0,0.0,0.0,0,0,0.0,0.0,30,1,2026-09-20T18:06:24
05628,SABANALARGA,ANTIOQUIA,26572.70116109951,21899.838318866176,0.0,0,,,0,0.0,0.0,0,0,0.0,0.0,30,1,2026-09-20T18:06:24
05631,SABANETA,ANTIOQUIA,1566.1936856801792,1085.9871876476047,0.0,0,,,0,0.0,0.0,0,0,0.0,0.0,30,1,2026-09-20T18:06:24
05642,SALGAR,ANTIOQUIA,28823.40932464729,24299.377667461384,0.0,0,,,0,0.0,0.0,0,0,0.0,0.0,30,1,2026-09-20T18:06:24
05647,SAN ANDRÉS DE CUERQUÍA,ANTIOQUIA,20682.01900590929,19002.365283463223,0.0,0,,,0,0.0,0.0,0,0,0.0,0.0,30,1,2026-09-20T18:06:24
05649,SAN CARLOS,ANTIOQUIA,71641.25993840373,67272.36327467431,0.0,0,,,0,0.0,0.0,0,0,0.0,0.0,30,1,2026-09-20T18:06:24
05652,SAN FRANCISCO,ANTIOQUIA,35420.160127314586,35203.39074989458,0.0,0,,,0,0.0,0.0,0,0,0.0,0.0,30,1,2026-09-20T18:06:24
05656,SAN JERÓNIMO,ANTIOQUIA,15213.95845692307,13502.131525219153,0.0,0,,,0,0.0,0.0,0,0,0.0,0.0,30,1,2026-09-20T18:06:24
05658,SAN JOSÉ DE LA MONTAÑA,ANTIOQUIA,12604.75572598457,10201.442898351164,0.0,0,,,0,0.0,0.0,0,0,0.0,0.0,30,1,2026-09-20T18:06:24
05659,SAN JUAN DE URABÁ,ANTIOQUIA,25211.85658777152,16486.967167127637,0.0,0,,,0,0.0,0.0,0,0,0.0,0.0,30,1,2026-09-20T18:06:24
05660,SAN LUIS,ANTIOQUIA,51834.59561528616,49198.02076600894,0.0,0,,,0,0.0,0.0,0,0,0.0,0.0,30,1,2026-09-20T18:06:24
05664,SAN PEDRO DE LOS MILAGROS,ANTIOQUIA,23524.908379989643,18089.93352967573,0.0,0,,,0,0.0,0.0,0,0,0.0,0.0,30,1,2026-09-20T18:06:24
05665,SAN PEDRO DE URABÁ,ANTIOQUIA,60264.45345359669,28288.01849318892,0.0,0,,,0,0.0,0.0,0,0,0.0,0.0,30,1,2026-09-20T18:06:24
05667,SAN RAFAEL,ANTIOQUIA,36369.31421601433,33596.58170740494,0.0,0,,,0,0.0,0.0,0,0,0.0,0.0,30,1,2026-09-20T18:06:24
05670,SAN ROQUE,ANTIOQUIA,42456.1233801735,36079.25127345303,0.0,0,,,0,0.0,0.0,0,0,0.0,0.0,30,1,2026-09-20T18:06:24
05674,SAN VICENTE FERRER,ANTIOQUIA,23039.150207655894,15278.747515201092,0.0,0,,,0,0.0,0.0,0,0,0.0,0.0,30,1,2026-09-20T18:06:24
05679,SANTA BÁRBARA,ANTIOQUIA,19611.813820140444,15875.113201455491,0.0,0,,,0,0.0,0.0,0,0,0.0,0.0,30,1,2026-09-20T18:06:24
05686,SANTA ROSA DE OSOS,ANTIOQUIA,86446.42882633649,63017.58212194541,0.0,0,,,0,0.0,0.0,0,0,0.0,0.0,30,1,2026-09-20T18:06:24
05690,SANTO DOMINGO,ANTIOQUIA,26585.136289977425,23319.63345746732,0.0,0,,,0,0.0,0.0,0,0,0.0,0.0,30,1,2026-09-20T18:06:24
05697,EL SANTUARIO,ANTIOQUIA,8352.828944724142,4809.55515177735,0.0,0,,,0,0.0,0.0,0,0,0.0,0.0,30,1,2026-09-20T18:06:24
05736,SEGOVIA,ANTIOQUIA,113278.36106603115,108341.67350742844,0.0,0,,,0,0.0,0.0,0,0,0.0,0.0,30,1,2026-09-20T18:06:24
05756,SONSÓN,ANTIOQUIA,134561.03411394983,107465.13246046111,0.0,0,,,0,0.0,0.0,0,0,0.0,0.0,30,1,2026-09-20T18:06:24
05761,SOPETRÁN,ANTIOQUIA,21903.68149294326,18072.81187461511,0.0,0,,,0,0.0,0.0,0,0,0.0,0.0,30,1,2026-09-20T18:06:24
05789,TÁMESIS,ANTIOQUIA,25219.453670466257,16851.189483551803,0.0,0,,,0,0.0,0.0,0,0,0.0,0.0,30,1,2026-09-20T18:06:24
05790,TARAZÁ,ANTIOQUIA,114860.58438356774,94509.27996991332,0.0,0,,,0,0.0,0.0,0,0,0.0,0.0,30,1,2026-09-20T18:06:24
05792,TARSO,ANTIOQUIA,12046.673026948974,9003.290458750853,0.0,0,,,0,0.0,0.0,0,0,0.0,0.0,30,1,2026-09-20T18:06:24
05809,TITIRIBÍ,ANTIOQUIA,14032.860970394371,10290.015706257913,0.0,0,,,0,0.0,0.0,0,0,0.0,0.0,30,1,2026-09-20T18:06:24
05819,TOLEDO,ANTIOQUIA,13441.75498872325,11883.39264006307,0.0,0,,,0,0.0,0.0,0,0,0.0,0.0,30,1,2026-09-20T18:06:24
05837,TURBO,ANTIOQUIA,292324.2082232779,211120.8968906654,0.0,0,,,0,0.0,0.0,0,0,0.0,0.0,30,1,2026-09-20T18:06:24
05842,URAMITA,ANTIOQUIA,26595.321638295583,23236.8673328408,0.0,0,,,0,0.0,0.0,0,0,0.0,0.0,30,1,2026-09-20T18:06:24
05847,URRAO,ANTIOQUIA,256384.96679177057,228797.1907492763,0.0,0,,,0,0.0,0.0,0,0,0.0,0.0,30,1,2026-09-20T18:06:24
05854,VALDIVIA,ANTIOQUIA,56748.166641290845,50814.41752807133,0.0,0,,,0,0.0,0.0,0,0,0.0,0.0,30,1,2026-09-20T18:06:24
05856,VALPARAÍSO,ANTIOQUIA,12614.562897990269,9123.176789715491,0.0,0,,,0,0.0,0.0,0,0,0.0,0.0,30,1,2026-09-20T18:06:24
05858,VEGACHÍ,ANTIOQUIA,54030.19642361468,49020.68017564628,0.0,0,,,0,0.0,0.0,0,0,0.0,0.0,30,1,2026-09-20T18:06:24
05861,VENECIA,ANTIOQUIA,14362.631416642733,12270.965421053554,0.0,0,,,0,0.0,0.0,0,0,0.0,0.0,30,1,2026-09-20T18:06:24
05873,VIGÍA DEL FUERTE,ANTIOQUIA,166270.19222271247,156780.61102963195,0.0,0,,,0,0.0,0.0,0,0,0.0,0.0,30,1,2026-09-20T18:06:24
05885,YALÍ,ANTIOQUIA,44055.20850290544,39861.04923457229,0.0,0,,,0,0.0,0.0,0,0,0.0,0.0,30,1,2026-09-20T18:06:24
05887,YARUMAL,ANTIOQUIA,71232.26569289429,60726.341744838006,0.0,0,,,0,0.0,0.0,0,0,0.0,0.0,30,1,2026-09-20T18:06:24
05890,YOLOMBÓ,ANTIOQUIA,94334.43222420904,84763.97210566227,0.0,0,,,0,0.0,0.0,0,0,0.0,0.0,30,1,2026-09-20T18:06:24
05893,YONDÓ,ANTIOQUIA,189271.3927935046,142172.8104411139,8244.0,1,2018.0,8244.0,1,0.04355650306327178,0.057985770798380305,0,0,0.04355650306327178,0.057985770798380305,30,1,2026-09-20T18:06:24
05895,ZARAGOZA,ANTIOQUIA,116653.144419883,98927.96275189248,0.0,0,,,0,0.0,0.0,0,0,0.0,0.0,30,1,2026-09-20T18:06:24
08001,BARRANQUILLA,ATLÁNTICO,15412.75513310188,741.6293927529547,400000.0,1,2024.0,400000.0,1,25.952530650469,539.3529489374548,1,1,1.0,1.0,30,1,2026-09-20T18:06:24
08078,BARANOA,ATLÁNTICO,12126.327266801867,2485.6929389475595,0.0,0,,,0,0.0,0.0,0,0,0.0,0.0,30,1,2026-09-20T18:06:24
08137,CAMPO DE LA CRUZ,ATLÁNTICO,9992.062157087676,331.07895121848446,0.0,0,,,0,0.0,0.0,0,0,0.0,0.0,30,1,2026-09-20T18:06:24
08141,CANDELARIA,ATLÁNTICO,13566.52989327526,516.4393549310113,0.0,0,,,0,0.0,0.0,0,0,0.0,0.0,30,1,2026-09-20T18:06:24
08296,GALAPA,ATLÁNTICO,9748.123372942156,2196.2007723408806,0.0,0,,,0,0.0,0.0,0,0,0.0,0.0,30,1,2026-09-20T18:06:24
08372,JUAN DE ACOSTA,ATLÁNTICO,16790.924121179236,5458.431783873709,0.0,0,,,0,0.0,0.0,0,0,0.0,0.0,30,1,2026-09-20T18:06:24
08421,LURUACO,ATLÁNTICO,22359.54863844146,7865.150210275595,0.0,0,,,0,0.0,0.0,0,0,0.0,0.0,30,1,2026-09-20T18:06:24
08433,MALAMBO,ATLÁNTICO,9786.520455782906,1083.431694748333,0.0,0,,,0,0.0,0.0,0,0,0.0,0.0,30,1,2026-09-20T18:06:24
08436,MANATÍ,ATLÁNTICO,21411.26397413924,2151.493143103952,0.0,0,,,0,0.0,0.0,0,0,0.0,0.0,30,1,2026-09-20T18:06:24
08520,PALMAR DE VARELA,ATLÁNTICO,9226.015192476358,634.2890481453701,0.0,0,,,0,0.0,0.0,0,0,0.0,0.0,30,1,2026-09-20T18:06:24
08549,PIOJÓ,ATLÁNTICO,26267.861837696288,9306.779586251318,0.0,0,,,0,0.0,0.0,0,0,0.0,0.0,30,1,2026-09-20T18:06:24
08558,POLONUEVO,ATLÁNTICO,7380.851389622542,338.4741943423413,0.0,0,,,0,0.0,0.0,0,0,0.0,0.0,30,1,2026-09-20T18:06:24
08560,PONEDERA,ATLÁNTICO,20636.98224034586,900.1975596230003,0.0,0,,,0,0.0,0.0,0,0,0.0,0.0,30,1,2026-09-20T18:06:24
08573,PUERTO COLOMBIA,ATLÁNTICO,6935.860737349,1929.0475193865705,0.0,0,,,0,0.0,0.0,0,0,0.0,0.0,30,1,2026-09-20T18:06:24
08606,REPELÓN,ATLÁNTICO,36118.20717343371,9959.520073885576,0.0,0,,,0,0.0,0.0,0,0,0.0,0.0,30,1,2026-09-20T18:06:24
08634,SABANAGRANDE,ATLÁNTICO,4307.423786067389,175.74456683977846,0.0,0,,,0,0.0,0.0,0,0,0.0,0.0,30,1,2026-09-20T18:06:24
08638,SABANALARGA,ATLÁNTICO,39559.94472660821,4884.713322093508,0.0,0,,,0,0.0,0.0,0,0,0.0,0.0,30,1,2026-09-20T18:06:24
08675,SANTA LUCÍA,ATLÁNTICO,5728.78040473423,382.119545811912,0.0,0,,,0,0.0,0.0,0,0,0.0,0.0,30,1,2026-09-20T18:06:24
08685,SANTO TOMÁS,ATLÁNTICO,6495.567019895087,378.4613038492486,0.0,0,,,0,0.0,0.0,0,0,0.0,0.0,30,1,2026-09-20T18:06:24
08758,SOLEDAD,ATLÁNTICO,5931.365698134424,151.47711133090277,0.0,0,,,0,0.0,0.0,0,0,0.0,0.0,30,1,2026-09-20T18:06:24
08770,SUAN,ATLÁNTICO,4245.57248253223,301.7664858536025,0.0,0,,,0,0.0,0.0,0,0,0.0,0.0,30,1,2026-09-20T18:06:24
08832,TUBARÁ,ATLÁNTICO,18270.16187426705,9892.901680778336,0.0,0,,,0,0.0,0.0,0,0,0.0,0.0,30,1,2026-09-20T18:06:24
08849,USIACURÍ,ATLÁNTICO,10130.926586126045,2973.2380222449087,0.0,0,,,0,0.0,0.0,0,0,0.0,0.0,30,1,2026-09-20T18:06:24
11001,"BOGOTÁ, D.C.","BOGOTÁ, D.C.",162054.08343314752,38620.62511454921,0.0,0,,,0,0.0,0.0,0,0,0.0,0.0,30,1,2026-09-20T18:06:24
13001,CARTAGENA DE INDIAS,BOLÍVAR,59712.113136843785,18382.072284057045,0.0,0,,,0,0.0,0.0,0,0,0.0,0.0,30,1,2026-09-20T18:06:24
13006,ACHÍ,BOLÍVAR,95078.72899045348,69996.89122594208,0.0,0,,,0,0.0,0.0,0,0,0.0,0.0,30,1,2026-09-20T18:06:24
13030,ALTOS DEL ROSARIO,BOLÍVAR,30333.588525752275,18736.03402733314,0.0,0,,,0,0.0,0.0,0,0,0.0,0.0,30,1,2026-09-20T18:06:24
13042,ARENAL,BOLÍVAR,46141.07401922308,41450.89288090704,0.0,0,,,0,0.0,0.0,0,0,0.0,0.0,30,1,2026-09-20T18:06:24
13052,ARJONA,BOLÍVAR,58717.465022815406,15159.157872455797,0.0,0,,,0,0.0,0.0,0,0,0.0,0.0,30,1,2026-09-20T18:06:24
13062,ARROYOHONDO,BOLÍVAR,16370.34020109004,2535.3670244760315,0.0,0,,,0,0.0,0.0,0,0,0.0,0.0,30,1,2026-09-20T18:06:24
13074,BARRANCO DE LOBA,BOLÍVAR,43026.69206195078,26594.575486037516,0.0,0,,,0,0.0,0.0,0,0,0.0,0.0,30,1,2026-09-20T18:06:24
13140,CALAMAR,BOLÍVAR,25526.44524523333,5641.8159271922,0.0,0,,,0,0.0,0.0,0,0,0.0,0.0,30,1,2026-09-20T18:06:24
13160,CANTAGALLO,BOLÍVAR,88042.22794970544,82031.09710040846,0.0,0,,,0,0.0,0.0,0,0,0.0,0.0,30,1,2026-09-20T18:06:24
13188,CICUCO,BOLÍVAR,13306.194090391104,3150.2788656941584,0.0,0,,,0,0.0,0.0,0,0,0.0,0.0,30,1,2026-09-20T18:06:24
13212,CÓRDOBA,BOLÍVAR,59690.71200148171,19276.899392786218,0.0,0,,,0,0.0,0.0,0,0,0.0,0.0,30,1,2026-09-20T18:06:24
13222,CLEMENCIA,BOLÍVAR,8530.840075959472,3377.4165755419767,0.0,0,,,0,0.0,0.0,0,0,0.0,0.0,30,1,2026-09-20T18:06:24
13244,EL CARMEN DE BOLÍVAR,BOLÍVAR,94574.31882025374,77905.07688334314,0.0,0,,,0,0.0,0.0,0,0,0.0,0.0,30,1,2026-09-20T18:06:24
13248,EL GUAMO,BOLÍVAR,38296.771281064335,17730.04070006759,0.0,0,,,0,0.0,0.0,0,0,0.0,0.0,30,1,2026-09-20T18:06:24
13268,EL PEÑÓN,BOLÍVAR,31849.95751278408,22954.01773243065,0.0,0,,,0,0.0,0.0,0,0,0.0,0.0,30,1,2026-09-20T18:06:24
13300,HATILLO DE LOBA,BOLÍVAR,19404.654491457688,8081.780841461876,0.0,0,,,0,0.0,0.0,0,0,0.0,0.0,30,1,2026-09-20T18:06:24
13430,MAGANGUÉ,BOLÍVAR,112910.42250787618,32617.83959631001,0.0,0,,,0,0.0,0.0,0,0,0.0,0.0,30,1,2026-09-20T18:06:24
13433,MAHATES,BOLÍVAR,43209.39818750541,12247.897279446912,0.0,0,,,0,0.0,0.0,0,0,0.0,0.0,30,1,2026-09-20T18:06:24
13440,MARGARITA,BOLÍVAR,29328.34439557429,13551.16792312975,0.0,0,,,0,0.0,0.0,0,0,0.0,0.0,30,1,2026-09-20T18:06:24
13442,MARÍA LA BAJA,BOLÍVAR,56106.22538366615,26661.48603622713,0.0,0,,,0,0.0,0.0,0,0,0.0,0.0,30,1,2026-09-20T18:06:24
13458,MONTECRISTO,BOLÍVAR,209071.87855547864,205610.43609900295,0.0,0,,,0,0.0,0.0,0,0,0.0,0.0,30,1,2026-09-20T18:06:24
13468,SANTA CRUZ DE MOMPOX,BOLÍVAR,65152.48076825211,24890.64765807052,0.0,0,,,0,0.0,0.0,0,0,0.0,0.0,30,1,2026-09-20T18:06:24
13473,MORALES,BOLÍVAR,134582.9297269304,84953.79692617242,0.0,0,,,0,0.0,0.0,0,0,0.0,0.0,30,1,2026-09-20T18:06:24
13490,NOROSÍ,BOLÍVAR,41587.35902791152,39494.823789562215,0.0,0,,,0,0.0,0.0,0,0,0.0,0.0,30,1,2026-09-20T18:06:24
13549,PINILLOS,BOLÍVAR,77470.2901789637,37109.82837598791,0.0,0,,,0,0.0,0.0,0,0,0.0,0.0,30,1,2026-09-20T18:06:24
13580,REGIDOR,BOLÍVAR,18319.62304878807,11368.019017285347,0.0,0,,,0,0.0,0.0,0,0,0.0,0.0,30,1,2026-09-20T18:06:24
13600,RÍO VIEJO,BOLÍVAR,84408.1132083535,70212.81737751229,0.0,0,,,0,0.0,0.0,0,0,0.0,0.0,30,1,2026-09-20T18:06:24
13620,SAN CRISTÓBAL,BOLÍVAR,4226.366349590244,347.4848420794833,0.0,0,,,0,0.0,0.0,0,0,0.0,0.0,30,1,2026-09-20T18:06:24
13647,SAN ESTANISLAO,BOLÍVAR,21157.542165562078,5257.626154756322,0.0,0,,,0,0.0,0.0,0,0,0.0,0.0,30,1,2026-09-20T18:06:24
13650,SAN FERNANDO,BOLÍVAR,31701.04095193845,18369.561116770503,0.0,0,,,0,0.0,0.0,0,0,0.0,0.0,30,1,2026-09-20T18:06:24
13654,SAN JACINTO,BOLÍVAR,44265.254303889546,37193.50195619741,0.0,0,,,0,0.0,0.0,0,0,0.0,0.0,30,1,2026-09-20T18:06:24
13655,SAN JACINTO DEL CAUCA,BOLÍVAR,56945.54159800738,42332.00527299947,0.0,0,,,0,0.0,0.0,0,0,0.0,0.0,30,1,2026-09-20T18:06:24
13657,SAN JUAN NEPOMUCENO,BOLÍVAR,63081.56676718731,47535.50814481255,0.0,0,,,0,0.0,0.0,0,0,0.0,0.0,30,1,2026-09-20T18:06:24
13667,SAN MARTÍN DE LOBA,BOLÍVAR,44965.1888972876,34373.85493934217,0.0,0,,,0,0.0,0.0,0,0,0.0,0.0,30,1,2026-09-20T18:06:24
13670,SAN PABLO,BOLÍVAR,201856.82154992604,180805.2634158253,0.0,0,,,0,0.0,0.0,0,0,0.0,0.0,30,1,2026-09-20T18:06:24
13673,SANTA CATALINA,BOLÍVAR,16458.47014899683,6884.245508310835,0.0,0,,,0,0.0,0.0,0,0,0.0,0.0,30,1,2026-09-20T18:06:24
13683,SANTA ROSA,BOLÍVAR,15460.62489268027,5297.045601554976,0.0,0,,,0,0.0,0.0,0,0,0.0,0.0,30,1,2026-09-20T18:06:24
13688,SANTA ROSA DEL SUR,BOLÍVAR,238009.40849906052,215477.98102389136,0.0,0,,,0,0.0,0.0,0,0,0.0,0.0,30,1,2026-09-20T18:06:24
13744,SIMITÍ,BOLÍVAR,135285.88361269335,96934.09363675496,0.0,0,,,0,0.0,0.0,0,0,0.0,0.0,30,1,2026-09-20T18:06:24
13760,SOPLAVIENTO,BOLÍVAR,9253.360995251474,705.4985376560306,0.0,0,,,0,0.0,0.0,0,0,0.0,0.0,30,1,2026-09-20T18:06:24
13780,TALAIGUA NUEVO,BOLÍVAR,24908.16532993843,4119.541280889266,0.0,0,,,0,0.0,0.0,0,0,0.0,0.0,30,1,2026-09-20T18:06:24
13810,TIQUISIO,BOLÍVAR,76199.57742080615,70154.93802395593,0.0,0,,,0,0.0,0.0,0,0,0.0,0.0,30,1,2026-09-20T18:06:24
13836,TURBACO,BOLÍVAR,20249.382518490354,7142.8924691064085,0.0,0,,,0,0.0,0.0,0,0,0.0,0.0,30,1,2026-09-20T18:06:24
13838,TURBANA,BOLÍVAR,19109.522795924597,4652.077856311645,0.0,0,,,0,0.0,0.0,0,0,0.0,0.0,30,1,2026-09-20T18:06:24
13873,VILLANUEVA,BOLÍVAR,13302.522616952923,8013.060898617476,0.0,0,,,0,0.0,0.0,0,0,0.0,0.0,30,1,2026-09-20T18:06:24
13894,ZAMBRANO,BOLÍVAR,30895.215102085065,19774.273894312937,0.0,0,,,0,0.0,0.0,0,0,0.0,0.0,30,1,2026-09-20T18:06:24
15001,TUNJA,BOYACÁ,11948.149213662173,663.8326350749753,0.0,0,,,0,0.0,0.0,0,0,0.0,0.0,30,1,2026-09-20T18:06:24
15022,ALMEIDA,BOYACÁ,5757.419238083167,3502.97808192972,0.0,0,,,0,0.0,0.0,0,0,0.0,0.0,30,1,2026-09-20T18:06:24
15047,AQUITANIA,BOYACÁ,94035.45231397134,47554.03453189989,0.0,0,,,0,0.0,0.0,0,0,0.0,0.0,30,1,2026-09-20T18:06:24
15051,ARCABUCO,BOYACÁ,13766.90495331273,7498.755332449765,0.0,0,,,0,0.0,0.0,0,0,0.0,0.0,30,1,2026-09-20T18:06:24
15087,BELÉN,BOYACÁ,16277.417938957333,7565.672234651281,0.0,0,,,0,0.0,0.0,0,0,0.0,0.0,30,1,2026-09-20T18:06:24
15090,BERBEO,BOYACÁ,5790.362493825244,4239.611511042682,0.0,0,,,0,0.0,0.0,0,0,0.0,0.0,30,1,2026-09-20T18:06:24
15092,BETÉITIVA,BOYACÁ,10166.571258869608,4682.400697812431,0.0,0,,,0,0.0,0.0,0,0,0.0,0.0,30,1,2026-09-20T18:06:24
15097,BOAVITA,BOYACÁ,14498.592608897308,7161.833789142145,0.0,0,,,0,0.0,0.0,0,0,0.0,0.0,30,1,2026-09-20T18:06:24
15104,BOYACÁ,BOYACÁ,4794.11203638392,514.0032275115142,0.0,0,,,0,0.0,0.0,0,0,0.0,0.0,30,1,2026-09-20T18:06:24
15106,BRICEÑO,BOYACÁ,6451.202733322847,5427.958547508197,0.0,0,,,0,0.0,0.0,0,0,0.0,0.0,30,1,2026-09-20T18:06:24
15109,BUENAVISTA,BOYACÁ,11001.0244960101,8211.519545668238,0.0,0,,,0,0.0,0.0,0,0,0.0,0.0,30,1,2026-09-20T18:06:24
15114,BUSBANZÁ,BOYACÁ,2530.119285312638,962.4724786403048,0.0,0,,,0,0.0,0.0,0,0,0.0,0.0,30,1,2026-09-20T18:06:24
15131,CALDAS,BOYACÁ,7885.692331595853,2970.4344632094326,0.0,0,,,0,0.0,0.0,0,0,0.0,0.0,30,1,2026-09-20T18:06:24
15135,CAMPOHERMOSO,BOYACÁ,29817.3530550324,22177.068699654475,0.0,0,,,0,0.0,0.0,0,0,0.0,0.0,30,1,2026-09-20T18:06:24
15162,CERINZA,BOYACÁ,6345.306993467703,2236.0619788432587,0.0,0,,,0,0.0,0.0,0,0,0.0,0.0,30,1,2026-09-20T18:06:24
15172,CHINAVITA,BOYACÁ,13613.765324208043,7987.951338985366,0.0,0,,,0,0.0,0.0,0,0,0.0,0.0,30,1,2026-09-20T18:06:24
15176,CHIQUINQUIRÁ,BOYACÁ,16477.83845240584,8276.673606957804,0.0,0,,,0,0.0,0.0,0,0,0.0,0.0,30,1,2026-09-20T18:06:24
15180,CHISCAS,BOYACÁ,65728.07651082613,26272.229358756544,0.0,0,,,0,0.0,0.0,0,0,0.0,0.0,30,1,2026-09-20T18:06:24
15183,CHITA,BOYACÁ,67580.77812998259,38788.575480172,0.0,0,,,0,0.0,0.0,0,0,0.0,0.0,30,1,2026-09-20T18:06:24
15185,CHITARAQUE,BOYACÁ,15826.948365420349,12658.173822889072,0.0,0,,,0,0.0,0.0,0,0,0.0,0.0,30,1,2026-09-20T18:06:24
15187,CHIVATÁ,BOYACÁ,4944.420387902163,93.15244372813396,0.0,0,,,0,0.0,0.0,0,0,0.0,0.0,30,1,2026-09-20T18:06:24
15189,CIÉNEGA,BOYACÁ,5389.700594260351,1979.853872769571,0.0,0,,,0,0.0,0.0,0,0,0.0,0.0,30,1,2026-09-20T18:06:24
15204,CÓMBITA,BOYACÁ,13804.431719620548,2499.4791047343965,0.0,0,,,0,0.0,0.0,0,0,0.0,0.0,30,1,2026-09-20T18:06:24
15212,COPER,BOYACÁ,14967.79666150646,13536.616072387984,0.0,0,,,0,0.0,0.0,0,0,0.0,0.0,30,1,2026-09-20T18:06:24
15215,CORRALES,BOYACÁ,6072.656428815855,2502.1708607241835,0.0,0,,,0,0.0,0.0,0,0,0.0,0.0,30,1,2026-09-20T18:06:24
15218,COVARACHÍA,BOYACÁ,10221.42357467598,2797.170068587866,0.0,0,,,0,0.0,0.0,0,0,0.0,0.0,30,1,2026-09-20T18:06:24
15223,CUBARÁ,BOYACÁ,115368.52877850932,103979.958936526,0.0,0,,,0,0.0,0.0,0,0,0.0,0.0,30,1,2026-09-20T18:06:24
15224,CUCAITA,BOYACÁ,4205.813397301153,362.36156549814655,0.0,0,,,0,0.0,0.0,0,0,0.0,0.0,30,1,2026-09-20T18:06:24
15226,CUÍTIVA,BOYACÁ,4403.840244527342,813.8510036748435,0.0,0,,,0,0.0,0.0,0,0,0.0,0.0,30,1,2026-09-20T18:06:24
15232,CHÍQUIZA,BOYACÁ,11631.838499388508,2970.7758611786,0.0,0,,,0,0.0,0.0,0,0,0.0,0.0,30,1,2026-09-20T18:06:24
15236,CHIVOR,BOYACÁ,10849.319931897142,8187.351499124225,937.0,1,2014.0,937.0,1,0.08636486027527014,0.11444482383591666,0,0,0.08636486027527014,0.11444482383591666,30,1,2026-09-20T18:06:24
15238,DUITAMA,BOYACÁ,23357.79832713049,10204.001774105964,0.0,0,,,0,0.0,0.0,0,0,0.0,0.0,30,1,2026-09-20T18:06:24
15244,EL COCUY,BOYACÁ,23778.95666807527,6770.630608864864,0.0,0,,,0,0.0,0.0,0,0,0.0,0.0,30,1,2026-09-20T18:06:24
15248,EL ESPINO,BOYACÁ,6924.184626989256,4662.787582180491,0.0,0,,,0,0.0,0.0,0,0,0.0,0.0,30,1,2026-09-20T18:06:24
15272,FIRAVITOBA,BOYACÁ,10913.163920189869,1173.3304494642537,0.0,0,,,0,0.0,0.0,0,0,0.0,0.0,30,1,2026-09-20T18:06:24
15276,FLORESTA,BOYACÁ,8795.789522449846,3331.4959114034514,0.0,0,,,0,0.0,0.0,0,0,0.0,0.0,30,1,2026-09-20T18:06:24
15293,GACHANTIVÁ,BOYACÁ,8802.564212406674,3921.609262709991,0.0,0,,,0,0.0,0.0,0,0,0.0,0.0,30,1,2026-09-20T18:06:24
15296,GÁMEZA,BOYACÁ,12341.893934469546,3587.18880857416,0.0,0,,,0,0.0,0.0,0,0,0.0,0.0,30,1,2026-09-20T18:06:24
15299,GARAGOA,BOYACÁ,19317.45645882341,11821.209517583437,0.0,0,,,0,0.0,0.0,0,0,0.0,0.0,30,1,2026-09-20T18:06:24
15317,GUACAMAYAS,BOYACÁ,5752.173163964045,3594.0024263827145,0.0,0,,,0,0.0,0.0,0,0,0.0,0.0,30,1,2026-09-20T18:06:24
15322,GUATEQUE,BOYACÁ,3607.196653369709,1093.708241970828,0.0,0,,,0,0.0,0.0,0,0,0.0,0.0,30,1,2026-09-20T18:06:24
15325,GUAYATÁ,BOYACÁ,9980.41979774552,7241.87737636593,0.0,0,,,0,0.0,0.0,0,0,0.0,0.0,30,1,2026-09-20T18:06:24
15332,GÜICÁN DE LA SIERRA,BOYACÁ,94989.97906922302,28638.10630478333,0.0,0,,,0,0.0,0.0,0,0,0.0,0.0,30,1,2026-09-20T18:06:24
15362,IZA,BOYACÁ,3418.027836222971,587.9197269329102,0.0,0,,,0,0.0,0.0,0,0,0.0,0.0,30,1,2026-09-20T18:06:24
15367,JENESANO,BOYACÁ,5890.767100176287,676.3492164505845,0.0,0,,,0,0.0,0.0,0,0,0.0,0.0,30,1,2026-09-20T18:06:24
15368,JERICÓ,BOYACÁ,13136.451092882868,3212.1090263069827,0.0,0,,,0,0.0,0.0,0,0,0.0,0.0,30,1,2026-09-20T18:06:24
15377,LABRANZAGRANDE,BOYACÁ,57998.68421025274,45548.12938808629,0.0,0,,,0,0.0,0.0,0,0,0.0,0.0,30,1,2026-09-20T18:06:24
15380,LA CAPILLA,BOYACÁ,5683.715262107429,1973.9724515858125,0.0,0,,,0,0.0,0.0,0,0,0.0,0.0,30,1,2026-09-20T18:06:24
15401,LA VICTORIA,BOYACÁ,2797.306227130699,2496.7728072133123,0.0,0,,,0,0.0,0.0,0,0,0.0,0.0,30,1,2026-09-20T18:06:24
15403,LA UVITA,BOYACÁ,16120.124891942618,7184.9488940595165,0.0,0,,,0,0.0,0.0,0,0,0.0,0.0,30,1,2026-09-20T18:06:24
15407,VILLA DE LEYVA,BOYACÁ,12638.398371025976,4238.706153956373,0.0,0,,,0,0.0,0.0,0,0,0.0,0.0,30,1,2026-09-20T18:06:24
15425,MACANAL,BOYACÁ,19961.415924102883,12757.69683019544,0.0,0,,,0,0.0,0.0,0,0,0.0,0.0,30,1,2026-09-20T18:06:24
15442,MARIPÍ,BOYACÁ,16047.834989440302,13907.23310209463,0.0,0,,,0,0.0,0.0,0,0,0.0,0.0,30,1,2026-09-20T18:06:24
15455,MIRAFLORES,BOYACÁ,25823.948915474404,17191.793535543864,0.0,0,,,0,0.0,0.0,0,0,0.0,0.0,30,1,2026-09-20T18:06:24
15464,MONGUA,BOYACÁ,36004.04611763377,22449.017748929546,0.0,0,,,0,0.0,0.0,0,0,0.0,0.0,30,1,2026-09-20T18:06:24
15466,MONGUÍ,BOYACÁ,6867.387963251138,1811.4022097990917,0.0,0,,,0,0.0,0.0,0,0,0.0,0.0,30,1,2026-09-20T18:06:24
15469,MONIQUIRÁ,BOYACÁ,21788.23494679076,18550.2057219619,0.0,0,,,0,0.0,0.0,0,0,0.0,0.0,30,1,2026-09-20T18:06:24
15476,MOTAVITA,BOYACÁ,5994.246377074368,433.6908822488483,0.0,0,,,0,0.0,0.0,0,0,0.0,0.0,30,1,2026-09-20T18:06:24
15480,MUZO,BOYACÁ,13770.570551093631,12131.5756722047,0.0,0,,,0,0.0,0.0,0,0,0.0,0.0,30,1,2026-09-20T18:06:24
15491,NOBSA,BOYACÁ,5538.78789853133,2622.762995509487,0.0,0,,,0,0.0,0.0,0,0,0.0,0.0,30,1,2026-09-20T18:06:24
15494,NUEVO COLÓN,BOYACÁ,5131.156932692621,1103.782357055568,0.0,0,,,0,0.0,0.0,0,0,0.0,0.0,30,1,2026-09-20T18:06:24
15500,OICATÁ,BOYACÁ,6019.554259416744,341.25535175808363,0.0,0,,,0,0.0,0.0,0,0,0.0,0.0,30,1,2026-09-20T18:06:24
15507,OTANCHE,BOYACÁ,47448.46642156961,44824.603242724246,0.0,0,,,0,0.0,0.0,0,0,0.0,0.0,30,1,2026-09-20T18:06:24
15511,PACHAVITA,BOYACÁ,6657.743035573469,1869.658486768559,0.0,0,,,0,0.0,0.0,0,0,0.0,0.0,30,1,2026-09-20T18:06:24
15514,PÁEZ,BOYACÁ,33840.81948771703,26821.789402700542,0.0,0,,,0,0.0,0.0,0,0,0.0,0.0,30,1,2026-09-20T18:06:24
15516,PAIPA,BOYACÁ,30454.117293025327,14361.950451218489,0.0,0,,,0,0.0,0.0,0,0,0.0,0.0,30,1,2026-09-20T18:06:24
15518,PAJARITO,BOYACÁ,31300.817763257022,26980.3631610455,0.0,0,,,0,0.0,0.0,0,0,0.0,0.0,30,1,2026-09-20T18:06:24
15522,PANQUEBA,BOYACÁ,3962.3872231024047,2200.5623380317666,0.0,0,,,0,0.0,0.0,0,0,0.0,0.0,30,1,2026-09-20T18:06:24
15531,PAUNA,BOYACÁ,25230.164913699897,22310.32658337168,0.0,0,,,0,0.0,0.0,0,0,0.0,0.0,30,1,2026-09-20T18:06:24
15533,PAYA,BOYACÁ,44276.15658676308,33220.94605983801,0.0,0,,,0,0.0,0.0,0,0,0.0,0.0,30,1,2026-09-20T18:06:24
15537,PAZ DE RÍO,BOYACÁ,12244.290801197109,5548.553726340199,0.0,0,,,0,0.0,0.0,0,0,0.0,0.0,30,1,2026-09-20T18:06:24
15542,PESCA,BOYACÁ,26259.26338931342,9022.67104802647,0.0,0,,,0,0.0,0.0,0,0,0.0,0.0,30,1,2026-09-20T18:06:24
15550,PISBA,BOYACÁ,46387.52677728676,41378.90380403296,0.0,0,,,0,0.0,0.0,0,0,0.0,0.0,30,1,2026-09-20T18:06:24
15572,PUERTO BOYACÁ,BOYACÁ,151208.36512984455,76506.1089052977,0.0,0,,,0,0.0,0.0,0,0,0.0,0.0,30,1,2026-09-20T18:06:24
15580,QUÍPAMA,BOYACÁ,16713.354121453136,15005.305558142809,0.0,0,,,0,0.0,0.0,0,0,0.0,0.0,30,1,2026-09-20T18:06:24
15599,RAMIRIQUÍ,BOYACÁ,12546.404680876443,5645.232981528005,0.0,0,,,0,0.0,0.0,0,0,0.0,0.0,30,1,2026-09-20T18:06:24
15600,RÁQUIRA,BOYACÁ,22032.645649473397,9442.572705539644,0.0,0,,,0,0.0,0.0,0,0,0.0,0.0,30,1,2026-09-20T18:06:24
15621,RONDÓN,BOYACÁ,20598.71958381258,13569.745541694654,0.0,0,,,0,0.0,0.0,0,0,0.0,0.0,30,1,2026-09-20T18:06:24
15632,SABOYÁ,BOYACÁ,24828.82687719822,10043.96615345062,0.0,0,,,0,0.0,0.0,0,0,0.0,0.0,30,1,2026-09-20T18:06:24
15638,SÁCHICA,BOYACÁ,6382.519723614717,205.84727983334943,0.0,0,,,0,0.0,0.0,0,0,0.0,0.0,30,1,2026-09-20T18:06:24
15646,SAMACÁ,BOYACÁ,16731.628049515377,4913.759853775181,0.0,0,,,0,0.0,0.0,0,0,0.0,0.0,30,1,2026-09-20T18:06:24
15660,SAN EDUARDO,BOYACÁ,10925.945511810163,8085.253116655225,0.0,0,,,0,0.0,0.0,0,0,0.0,0.0,30,1,2026-09-20T18:06:24
15664,SAN JOSÉ DE PARE,BOYACÁ,7428.480046569331,6593.144458778184,0.0,0,,,0,0.0,0.0,0,0,0.0,0.0,30,1,2026-09-20T18:06:24
15667,SAN LUIS DE GACENO,BOYACÁ,46896.63225448973,26458.70427571308,0.0,0,,,0,0.0,0.0,0,0,0.0,0.0,30,1,2026-09-20T18:06:24
15673,SAN MATEO,BOYACÁ,12360.232995834294,9376.587776819277,0.0,0,,,0,0.0,0.0,0,0,0.0,0.0,30,1,2026-09-20T18:06:24
15676,SAN MIGUEL DE SEMA,BOYACÁ,9386.053909991222,6233.469087277625,0.0,0,,,0,0.0,0.0,0,0,0.0,0.0,30,1,2026-09-20T18:06:24
15681,SAN PABLO DE BORBUR,BOYACÁ,19566.46835634397,17490.707211473033,0.0,0,,,0,0.0,0.0,0,0,0.0,0.0,30,1,2026-09-20T18:06:24
15686,SANTANA,BOYACÁ,6785.295190536758,6295.065444251568,0.0,0,,,0,0.0,0.0,0,0,0.0,0.0,30,1,2026-09-20T18:06:24
15690,SANTA MARÍA,BOYACÁ,30910.660649825128,24160.16194083266,0.0,0,,,0,0.0,0.0,0,0,0.0,0.0,30,1,2026-09-20T18:06:24
15693,SANTA ROSA DE VITERBO,BOYACÁ,11647.802817631748,4229.916264408414,0.0,0,,,0,0.0,0.0,0,0,0.0,0.0,30,1,2026-09-20T18:06:24
15696,SANTA SOFÍA,BOYACÁ,7744.205425096323,2454.4245666927663,0.0,0,,,0,0.0,0.0,0,0,0.0,0.0,30,1,2026-09-20T18:06:24
15720,SATIVANORTE,BOYACÁ,16107.008221173668,4829.717303384172,0.0,0,,,0,0.0,0.0,0,0,0.0,0.0,30,1,2026-09-20T18:06:24
15723,SATIVASUR,BOYACÁ,5462.583750257784,1504.0299101651212,0.0,0,,,0,0.0,0.0,0,0,0.0,0.0,30,1,2026-09-20T18:06:24
15740,SIACHOQUE,BOYACÁ,11900.71967453721,1137.1479270523298,0.0,0,,,0,0.0,0.0,0,0,0.0,0.0,30,1,2026-09-20T18:06:24
15753,SOATÁ,BOYACÁ,12283.0965135743,4383.914177334224,0.0,0,,,0,0.0,0.0,0,0,0.0,0.0,30,1,2026-09-20T18:06:24
15755,SOCOTÁ,BOYACÁ,60230.37945713762,36819.37059505584,0.0,0,,,0,0.0,0.0,0,0,0.0,0.0,30,1,2026-09-20T18:06:24
15757,SOCHA,BOYACÁ,14988.0233580444,6060.834645460023,0.0,0,,,0,0.0,0.0,0,0,0.0,0.0,30,1,2026-09-20T18:06:24
15759,SOGAMOSO,BOYACÁ,20728.392530839472,4407.910709908623,0.0,0,,,0,0.0,0.0,0,0,0.0,0.0,30,1,2026-09-20T18:06:24
15761,SOMONDOCO,BOYACÁ,5869.678191787483,3978.5434252817954,0.0,0,,,0,0.0,0.0,0,0,0.0,0.0,30,1,2026-09-20T18:06:24
15762,SORA,BOYACÁ,4776.553110912433,231.54376879207345,0.0,0,,,0,0.0,0.0,0,0,0.0,0.0,30,1,2026-09-20T18:06:24
15763,SOTAQUIRÁ,BOYACÁ,29156.505078599108,16170.673716333076,0.0,0,,,0,0.0,0.0,0,0,0.0,0.0,30,1,2026-09-20T18:06:24
15764,SORACÁ,BOYACÁ,5566.056648899637,221.912379290406,0.0,0,,,0,0.0,0.0,0,0,0.0,0.0,30,1,2026-09-20T18:06:24
15774,SUSACÓN,BOYACÁ,18231.290294100538,6622.514371042427,0.0,0,,,0,0.0,0.0,0,0,0.0,0.0,30,1,2026-09-20T18:06:24
15776,SUTAMARCHÁN,BOYACÁ,10334.569381252124,1619.19316581966,0.0,0,,,0,0.0,0.0,0,0,0.0,0.0,30,1,2026-09-20T18:06:24
15778,SUTATENZA,BOYACÁ,4106.672079766802,876.3645139967211,0.0,0,,,0,0.0,0.0,0,0,0.0,0.0,30,1,2026-09-20T18:06:24
15790,TASCO,BOYACÁ,20925.15171627165,7783.881577082982,0.0,0,,,0,0.0,0.0,0,0,0.0,0.0,30,1,2026-09-20T18:06:24
15798,TENZA,BOYACÁ,4578.730793274301,1341.6715439727184,0.0,0,,,0,0.0,0.0,0,0,0.0,0.0,30,1,2026-09-20T18:06:24
15804,TIBANÁ,BOYACÁ,12162.620470341746,2811.1753343803102,0.0,0,,,0,0.0,0.0,0,0,0.0,0.0,30,1,2026-09-20T18:06:24
15806,TIBASOSA,BOYACÁ,9357.969813186788,2564.830729702325,0.0,0,,,0,0.0,0.0,0,0,0.0,0.0,30,1,2026-09-20T18:06:24
15808,TINJACÁ,BOYACÁ,7963.101215551005,3148.463663836377,0.0,0,,,0,0.0,0.0,0,0,0.0,0.0,30,1,2026-09-20T18:06:24
15810,TIPACOQUE,BOYACÁ,7179.3039753844,1857.325440197248,0.0,0,,,0,0.0,0.0,0,0,0.0,0.0,30,1,2026-09-20T18:06:24
15814,TOCA,BOYACÁ,16794.119983468092,1239.3389688802645,0.0,0,,,0,0.0,0.0,0,0,0.0,0.0,30,1,2026-09-20T18:06:24
15816,TOGÜÍ,BOYACÁ,10127.760026538814,8591.047915913812,0.0,0,,,0,0.0,0.0,0,0,0.0,0.0,30,1,2026-09-20T18:06:24
15820,TÓPAGA,BOYACÁ,3356.032451894798,1768.6015126409525,0.0,0,,,0,0.0,0.0,0,0,0.0,0.0,30,1,2026-09-20T18:06:24
15822,TOTA,BOYACÁ,19566.415882263555,4286.717259738576,0.0,0,,,0,0.0,0.0,0,0,0.0,0.0,30,1,2026-09-20T18:06:24
15832,TUNUNGUÁ,BOYACÁ,2918.2296228000337,2886.2547635815936,0.0,0,,,0,0.0,0.0,0,0,0.0,0.0,30,1,2026-09-20T18:06:24
15835,TURMEQUÉ,BOYACÁ,7957.757792358961,1357.0697879752329,0.0,0,,,0,0.0,0.0,0,0,0.0,0.0,30,1,2026-09-20T18:06:24
15837,TUTA,BOYACÁ,16522.884560285253,1869.7293208929875,0.0,0,,,0,0.0,0.0,0,0,0.0,0.0,30,1,2026-09-20T18:06:24
15839,TUTAZÁ,BOYACÁ,12176.010562266692,4182.329269275771,0.0,0,,,0,0.0,0.0,0,0,0.0,0.0,30,1,2026-09-20T18:06:24
15842,ÚMBITA,BOYACÁ,14584.450241783858,4280.070435852331,0.0,0,,,0,0.0,0.0,0,0,0.0,0.0,30,1,2026-09-20T18:06:24
15861,VENTAQUEMADA,BOYACÁ,15975.37290338458,3873.987405124279,0.0,0,,,0,0.0,0.0,0,0,0.0,0.0,30,1,2026-09-20T18:06:24
15879,VIRACACHÁ,BOYACÁ,6246.99058840265,1674.9909630736745,0.0,0,,,0,0.0,0.0,0,0,0.0,0.0,30,1,2026-09-20T18:06:24
15897,ZETAQUIRA,BOYACÁ,25104.1762757673,17430.61842780451,0.0,0,,,0,0.0,0.0,0,0,0.0,0.0,30,1,2026-09-20T18:06:24
17001,MANIZALES,CALDAS,44085.74201666413,36759.03267440922,0.0,0,,,0,0.0,0.0,0,0,0.0,0.0,30,1,2026-09-20T18:06:24
17013,AGUADAS,CALDAS,47556.67066544916,36674.87867912056,0.0,0,,,0,0.0,0.0,0,0,0.0,0.0,30,1,2026-09-20T18:06:24
17042,ANSERMA,CALDAS,20912.217174584217,16388.708083030528,0.0,0,,,0,0.0,0.0,0,0,0.0,0.0,30,1,2026-09-20T18:06:24
17050,ARANZAZU,CALDAS,14952.709772976636,13201.607441993328,0.0,0,,,0,0.0,0.0,0,0,0.0,0.0,30,1,2026-09-20T18:06:24
17088,BELALCÁZAR,CALDAS,11336.904977192868,9182.060051862853,0.0,0,,,0,0.0,0.0,0,0,0.0,0.0,30,1,2026-09-20T18:06:24
17174,CHINCHINÁ,CALDAS,10934.740592466524,10017.197665657672,0.0,0,,,0,0.0,0.0,0,0,0.0,0.0,30,1,2026-09-20T18:06:24
17272,FILADELFIA,CALDAS,19255.204294845968,16040.967334059713,0.0,0,,,0,0.0,0.0,0,0,0.0,0.0,30,1,2026-09-20T18:06:24
17380,LA DORADA,CALDAS,54877.94485195444,23783.59844539517,0.0,0,,,0,0.0,0.0,0,0,0.0,0.0,30,1,2026-09-20T18:06:24
17388,LA MERCED,CALDAS,8858.102532373514,7582.917509939838,0.0,0,,,0,0.0,0.0,0,0,0.0,0.0,30,1,2026-09-20T18:06:24
17433,MANZANARES,CALDAS,19780.45129795016,17484.495470047783,0.0,0,,,0,0.0,0.0,0,0,0.0,0.0,30,1,2026-09-20T18:06:24
17442,MARMATO,CALDAS,3685.375222693242,2369.46495772886,0.0,0,,,0,0.0,0.0,0,0,0.0,0.0,30,1,2026-09-20T18:06:24
17444,MARQUETALIA,CALDAS,9027.740745464778,8378.447460339425,0.0,0,,,0,0.0,0.0,0,0,0.0,0.0,30,1,2026-09-20T18:06:24
17446,MARULANDA,CALDAS,37609.137899375855,27558.152151990347,0.0,0,,,0,0.0,0.0,0,0,0.0,0.0,30,1,2026-09-20T18:06:24
17486,NEIRA,CALDAS,36921.75822835064,31106.491009031684,0.0,0,,,0,0.0,0.0,0,0,0.0,0.0,30,1,2026-09-20T18:06:24
17495,NORCASIA,CALDAS,22737.85762436378,18697.844149123623,0.0,0,,,0,0.0,0.0,0,0,0.0,0.0,30,1,2026-09-20T18:06:24
17513,PÁCORA,CALDAS,25719.25540017367,22022.02378047406,0.0,0,,,0,0.0,0.0,0,0,0.0,0.0,30,1,2026-09-20T18:06:24
17524,PALESTINA,CALDAS,11222.255293044936,9714.313566130637,0.0,0,,,0,0.0,0.0,0,0,0.0,0.0,30,1,2026-09-20T18:06:24
17541,PENSILVANIA,CALDAS,49896.00274728957,43711.44892064219,0.0,0,,,0,0.0,0.0,0,0,0.0,0.0,30,1,2026-09-20T18:06:24
17614,RIOSUCIO,CALDAS,38411.14516300487,32907.654512731664,0.0,0,,,0,0.0,0.0,0,0,0.0,0.0,30,1,2026-09-20T18:06:24
17616,RISARALDA,CALDAS,8987.82209693442,7031.507871250601,0.0,0,,,0,0.0,0.0,0,0,0.0,0.0,30,1,2026-09-20T18:06:24
17653,SALAMINA,CALDAS,38795.87910618471,26212.3298228411,0.0,0,,,0,0.0,0.0,0,0,0.0,0.0,30,1,2026-09-20T18:06:24
17662,SAMANÁ,CALDAS,75768.42287341364,69644.05685321684,0.0,0,,,0,0.0,0.0,0,0,0.0,0.0,30,1,2026-09-20T18:06:24
17665,SAN JOSÉ,CALDAS,6093.602330327391,5009.49764655416,0.0,0,,,0,0.0,0.0,0,0,0.0,0.0,30,1,2026-09-20T18:06:24
17777,SUPÍA,CALDAS,12141.987547633504,9215.922511393972,0.0,0,,,0,0.0,0.0,0,0,0.0,0.0,30,1,2026-09-20T18:06:24
17867,VICTORIA,CALDAS,55846.58479381082,41026.26973771222,0.0,0,,,0,0.0,0.0,0,0,0.0,0.0,30,1,2026-09-20T18:06:24
17873,VILLAMARÍA,CALDAS,45491.458811215576,29902.95255038265,0.0,0,,,0,0.0,0.0,0,0,0.0,0.0,30,1,2026-09-20T18:06:24
17877,VITERBO,CALDAS,11286.86480530572,6884.906218858951,0.0,0,,,0,0.0,0.0,0,0,0.0,0.0,30,1,2026-09-20T18:06:24
18001,FLORENCIA,CAQUETÁ,254695.1978673724,204024.3720090456,0.0,0,,,0,0.0,0.0,0,0,0.0,0.0,30,1,2026-09-20T18:06:24
18029,ALBANIA,CAQUETÁ,41282.768891041305,14931.954906732357,0.0,0,,,0,0.0,0.0,0,0,0.0,0.0,30,1,2026-09-20T18:06:24
18094,BELÉN DE LOS ANDAQUÍES,CAQUETÁ,119155.21830955804,92767.88885806952,0.0,0,,,0,0.0,0.0,0,0,0.0,0.0,30,1,2026-09-20T18:06:24
18150,CARTAGENA DEL CHAIRÁ,CAQUETÁ,1277136.0172253083,1191807.6088975903,209395.0,1,2018.0,209395.0,1,0.16395669464786475,0.17569530387013405,0,0,0.16395669464786475,0.17569530387013405,30,1,2026-09-20T18:06:24
18205,CURILLO,CAQUETÁ,39927.94878359045,28099.442591049148,0.0,0,,,0,0.0,0.0,0,0,0.0,0.0,30,1,2026-09-20T18:06:24
18247,EL DONCELLO,CAQUETÁ,110551.48357132754,74782.74340857311,0.0,0,,,0,0.0,0.0,0,0,0.0,0.0,30,1,2026-09-20T18:06:24
18256,EL PAUJÍL,CAQUETÁ,123414.06452109377,71583.00331539272,0.0,0,,,0,0.0,0.0,0,0,0.0,0.0,30,1,2026-09-20T18:06:24
18410,LA MONTAÑITA,CAQUETÁ,170025.2426154605,112741.76452812702,0.0,0,,,0,0.0,0.0,0,0,0.0,0.0,30,1,2026-09-20T18:06:24
18460,MILÁN,CAQUETÁ,122011.32778903969,67963.82698939079,0.0,0,,,0,0.0,0.0,0,0,0.0,0.0,30,1,2026-09-20T18:06:24
18479,MORELIA,CAQUETÁ,46239.18744811225,16239.825665216618,0.0,0,,,0,0.0,0.0,0,0,0.0,0.0,30,1,2026-09-20T18:06:24
18592,PUERTO RICO,CAQUETÁ,414396.1210558001,320781.2078357316,0.0,0,,,0,0.0,0.0,0,0,0.0,0.0,30,1,2026-09-20T18:06:24
18610,SAN JOSÉ DEL FRAGUA,CAQUETÁ,131024.59675747428,114158.33554775787,0.0,0,,,0,0.0,0.0,0,0,0.0,0.0,30,1,2026-09-20T18:06:24
18753,SAN VICENTE DEL CAGUÁN,CAQUETÁ,2017012.860758908,1684145.9404019427,0.0,0,,,0,0.0,0.0,0,0,0.0,0.0,30,1,2026-09-20T18:06:24
18756,SOLANO,CAQUETÁ,4223352.504312283,4174101.4671288487,1260222.0,1,2018.0,1260222.0,1,0.2983937520520112,0.3019145581208984,0,0,0.2983937520520112,0.3019145581208984,30,1,2026-09-20T18:06:24
18785,SOLITA,CAQUETÁ,47683.00390833371,30466.89755087317,0.0,0,,,0,0.0,0.0,0,0,0.0,0.0,30,1,2026-09-20T18:06:24
18860,VALPARAÍSO,CAQUETÁ,132991.70023349684,65586.43554780907,0.0,0,,,0,0.0,0.0,0,0,0.0,0.0,30,1,2026-09-20T18:06:24
19001,POPAYÁN,CAUCA,48038.14100246186,32484.398636393384,0.0,0,,,0,0.0,0.0,0,0,0.0,0.0,30,1,2026-09-20T18:06:24
19022,ALMAGUER,CAUCA,23685.16478495775,17264.479448813436,0.0,0,,,0,0.0,0.0,0,0,0.0,0.0,30,1,2026-09-20T18:06:24
19050,ARGELIA,CAUCA,77645.54771869363,73038.3578620913,0.0,0,,,0,0.0,0.0,0,0,0.0,0.0,30,1,2026-09-20T18:06:24
19075,BALBOA,CAUCA,41355.22566502127,25227.56939716002,0.0,0,,,0,0.0,0.0,0,0,0.0,0.0,30,1,2026-09-20T18:06:24
19100,BOLÍVAR,CAUCA,79834.94220736866,41179.43730660831,0.0,0,,,0,0.0,0.0,0,0,0.0,0.0,30,1,2026-09-20T18:06:24
19110,BUENOS AIRES,CAUCA,43511.899893833644,31430.5947163521,0.0,0,,,0,0.0,0.0,0,0,0.0,0.0,30,1,2026-09-20T18:06:24
19130,CAJIBÍO,CAUCA,55255.13574078638,44344.252935935714,0.0,0,,,0,0.0,0.0,0,0,0.0,0.0,30,1,2026-09-20T18:06:24
19137,CALDONO,CAUCA,35485.57436559568,29251.710546986546,0.0,0,,,0,0.0,0.0,0,0,0.0,0.0,30,1,2026-09-20T18:06:24
19142,CALOTO,CAUCA,26487.14073213285,15098.705149968344,0.0,0,,,0,0.0,0.0,0,0,0.0,0.0,30,1,2026-09-20T18:06:24
19212,CORINTO,CAUCA,32597.54337796833,22640.488452129983,0.0,0,,,0,0.0,0.0,0,0,0.0,0.0,30,1,2026-09-20T18:06:24
19256,EL TAMBO,CAUCA,274148.3485211987,238280.38107789692,0.0,0,,,0,0.0,0.0,0,0,0.0,0.0,30,1,2026-09-20T18:06:24
19290,FLORENCIA,CAUCA,5669.489341766679,2983.352127372532,0.0,0,,,0,0.0,0.0,0,0,0.0,0.0,30,1,2026-09-20T18:06:24
19300,GUACHENÉ,CAUCA,10068.76016076231,2103.014136024577,0.0,0,,,0,0.0,0.0,0,0,0.0,0.0,30,1,2026-09-20T18:06:24
19318,GUAPI,CAUCA,257088.6696652069,251560.01166420465,93142.0,1,2017.0,93142.0,1,0.362295235030365,0.37025757545412574,0,0,0.362295235030365,0.37025757545412574,30,1,2026-09-20T18:06:24
19355,INZÁ,CAUCA,86641.15869973465,78951.34528096986,0.0,0,,,0,0.0,0.0,0,0,0.0,0.0,30,1,2026-09-20T18:06:24
19364,JAMBALÓ,CAUCA,23448.71114123094,19826.47464955809,0.0,0,,,0,0.0,0.0,0,0,0.0,0.0,30,1,2026-09-20T18:06:24
19392,LA SIERRA,CAUCA,20846.74193869471,15205.658642636572,0.0,0,,,0,0.0,0.0,0,0,0.0,0.0,30,1,2026-09-20T18:06:24
19397,LA VEGA,CAUCA,51634.693513901664,40911.29392454559,0.0,0,,,0,0.0,0.0,0,0,0.0,0.0,30,1,2026-09-20T18:06:24
19418,LÓPEZ DE MICAY,CAUCA,337043.10758856614,330568.3466087136,178483.0,1,2015.0,178483.0,1,0.5295554069536916,0.5399276785906738,0,0,0.5295554069536916,0.5399276785906738,30,1,2026-09-20T18:06:24
19450,MERCADERES,CAUCA,69854.50163018917,18516.9466239144,0.0,0,,,0,0.0,0.0,0,0,0.0,0.0,30,1,2026-09-20T18:06:24
19455,MIRANDA,CAUCA,18971.39218102233,10002.052306977454,0.0,0,,,0,0.0,0.0,0,0,0.0,0.0,30,1,2026-09-20T18:06:24
19473,MORALES,CAUCA,51174.10665860623,43391.77034624442,0.0,0,,,0,0.0,0.0,0,0,0.0,0.0,30,1,2026-09-20T18:06:24
19513,PADILLA,CAUCA,6970.042687022255,1229.2810095610826,0.0,0,,,0,0.0,0.0,0,0,0.0,0.0,30,1,2026-09-20T18:06:24
19517,PÁEZ,CAUCA,179317.8193317791,151231.3584091073,0.0,0,,,0,0.0,0.0,0,0,0.0,0.0,30,1,2026-09-20T18:06:24
19532,PATÍA,CAUCA,75584.1355765403,34446.29441006033,0.0,0,,,0,0.0,0.0,0,0,0.0,0.0,30,1,2026-09-20T18:06:24
19533,PIAMONTE,CAUCA,110500.52354234023,106442.77100914538,0.0,0,,,0,0.0,0.0,0,0,0.0,0.0,30,1,2026-09-20T18:06:24
19548,PIENDAMÓ - TUNÍA,CAUCA,18134.03365190984,14818.02876235874,0.0,0,,,0,0.0,0.0,0,0,0.0,0.0,30,1,2026-09-20T18:06:24
19573,PUERTO TEJADA,CAUCA,10921.638334072844,1243.672449432751,0.0,0,,,0,0.0,0.0,0,0,0.0,0.0,30,1,2026-09-20T18:06:24
19585,PURACÉ,CAUCA,84855.22945381407,58276.14503864298,0.0,0,,,0,0.0,0.0,0,0,0.0,0.0,30,1,2026-09-20T18:06:24
19622,ROSAS,CAUCA,16918.013024341788,12720.12953598426,0.0,0,,,0,0.0,0.0,0,0,0.0,0.0,30,1,2026-09-20T18:06:24
19693,SAN SEBASTIÁN,CAUCA,41924.42769304494,32910.473447411496,0.0,0,,,0,0.0,0.0,0,0,0.0,0.0,30,1,2026-09-20T18:06:24
19698,SANTANDER DE QUILICHAO,CAUCA,51832.681928534505,28144.019892153025,0.0,0,,,0,0.0,0.0,0,0,0.0,0.0,30,1,2026-09-20T18:06:24
19701,SANTA ROSA,CAUCA,362075.5834877611,358354.0949828223,0.0,0,,,0,0.0,0.0,0,0,0.0,0.0,30,1,2026-09-20T18:06:24
19743,SILVIA,CAUCA,68116.53811027425,42188.13363178368,0.0,0,,,0,0.0,0.0,0,0,0.0,0.0,30,1,2026-09-20T18:06:24
19760,SOTARÁ PAISPAMBA,CAUCA,51612.70629164626,38560.49406917661,0.0,0,,,0,0.0,0.0,0,0,0.0,0.0,30,1,2026-09-20T18:06:24
19780,SUÁREZ,CAUCA,39258.805426669576,29771.72327368549,0.0,0,,,0,0.0,0.0,0,0,0.0,0.0,30,1,2026-09-20T18:06:24
19785,SUCRE,CAUCA,13595.85285551127,9737.44005975479,0.0,0,,,0,0.0,0.0,0,0,0.0,0.0,30,1,2026-09-20T18:06:24
19807,TIMBÍO,CAUCA,20141.943603008625,15683.846108119318,0.0,0,,,0,0.0,0.0,0,0,0.0,0.0,30,1,2026-09-20T18:06:24
19809,TIMBIQUÍ,CAUCA,205978.54973542475,201831.50990493377,0.0,0,,,0,0.0,0.0,0,0,0.0,0.0,30,1,2026-09-20T18:06:24
19821,TORIBÍO,CAUCA,49222.48898381212,37908.40230035524,0.0,0,,,0,0.0,0.0,0,0,0.0,0.0,30,1,2026-09-20T18:06:24
19824,TOTORÓ,CAUCA,40459.36390912874,24711.71622048718,0.0,0,,,0,0.0,0.0,0,0,0.0,0.0,30,1,2026-09-20T18:06:24
19845,VILLA RICA,CAUCA,8160.825160185213,1227.5016847186266,0.0,0,,,0,0.0,0.0,0,0,0.0,0.0,30,1,2026-09-20T18:06:24
20001,VALLEDUPAR,CESAR,418185.4079136285,199058.46724236108,0.0,0,,,0,0.0,0.0,0,0,0.0,0.0,30,1,2026-09-20T18:06:24
20011,AGUACHICA,CESAR,87632.20549606864,27023.75506595653,0.0,0,,,0,0.0,0.0,0,0,0.0,0.0,30,1,2026-09-20T18:06:24
20013,AGUSTÍN CODAZZI,CESAR,174993.52148771854,99886.9878814976,0.0,0,,,0,0.0,0.0,0,0,0.0,0.0,30,1,2026-09-20T18:06:24
20032,ASTREA,CESAR,63704.76947560005,19179.74401454866,0.0,0,,,0,0.0,0.0,0,0,0.0,0.0,30,1,2026-09-20T18:06:24
20045,BECERRIL,CESAR,122321.65230517644,72416.72436345296,0.0,0,,,0,0.0,0.0,0,0,0.0,0.0,30,1,2026-09-20T18:06:24
20060,BOSCONIA,CESAR,58579.76122365294,11663.426622047276,0.0,0,,,0,0.0,0.0,0,0,0.0,0.0,30,1,2026-09-20T18:06:24
20175,CHIMICHAGUA,CESAR,137441.31107741117,77348.86669494049,0.0,0,,,0,0.0,0.0,0,0,0.0,0.0,30,1,2026-09-20T18:06:24
20178,CHIRIGUANÁ,CESAR,111270.45125858054,61919.52280420957,0.0,0,,,0,0.0,0.0,0,0,0.0,0.0,30,1,2026-09-20T18:06:24
20228,CURUMANÍ,CESAR,91369.68796023927,60415.91692534756,0.0,0,,,0,0.0,0.0,0,0,0.0,0.0,30,1,2026-09-20T18:06:24
20238,EL COPEY,CESAR,95514.980433467,62731.728737848985,0.0,0,,,0,0.0,0.0,0,0,0.0,0.0,30,1,2026-09-20T18:06:24
20250,EL PASO,CESAR,81230.84399404092,27591.328066441427,0.0,0,,,0,0.0,0.0,0,0,0.0,0.0,30,1,2026-09-20T18:06:24
20295,GAMARRA,CESAR,32639.25381748522,5314.841775077142,0.0,0,,,0,0.0,0.0,0,0,0.0,0.0,30,1,2026-09-20T18:06:24
20310,GONZÁLEZ,CESAR,7257.389240427988,4901.88513394727,0.0,0,,,0,0.0,0.0,0,0,0.0,0.0,30,1,2026-09-20T18:06:24
20383,LA GLORIA,CESAR,80163.68991003932,38088.29176991772,0.0,0,,,0,0.0,0.0,0,0,0.0,0.0,30,1,2026-09-20T18:06:24
20400,LA JAGUA DE IBIRICO,CESAR,75459.20430573075,49379.15499417433,0.0,0,,,0,0.0,0.0,0,0,0.0,0.0,30,1,2026-09-20T18:06:24
20443,MANAURE BALCÓN DEL CESAR,CESAR,13651.55695274359,11500.533311274325,0.0,0,,,0,0.0,0.0,0,0,0.0,0.0,30,1,2026-09-20T18:06:24
20517,PAILITAS,CESAR,53092.85457532244,36114.01904225554,0.0,0,,,0,0.0,0.0,0,0,0.0,0.0,30,1,2026-09-20T18:06:24
20550,PELAYA,CESAR,42274.639374368046,22773.877626175457,0.0,0,,,0,0.0,0.0,0,0,0.0,0.0,30,1,2026-09-20T18:06:24
20570,PUEBLO BELLO,CESAR,74263.59008148109,59782.6718649092,0.0,0,,,0,0.0,0.0,0,0,0.0,0.0,30,1,2026-09-20T18:06:24
20614,RÍO DE ORO,CESAR,51783.383520258605,23678.25920541776,0.0,0,,,0,0.0,0.0,0,0,0.0,0.0,30,1,2026-09-20T18:06:24
20621,LA PAZ,CESAR,107114.6329062202,66437.79588498062,0.0,0,,,0,0.0,0.0,0,0,0.0,0.0,30,1,2026-09-20T18:06:24
20710,SAN ALBERTO,CESAR,54930.14198365295,27019.481203790143,0.0,0,,,0,0.0,0.0,0,0,0.0,0.0,30,1,2026-09-20T18:06:24
20750,SAN DIEGO,CESAR,64486.283576126814,32000.67337254903,0.0,0,,,0,0.0,0.0,0,0,0.0,0.0,30,1,2026-09-20T18:06:24
20770,SAN MARTÍN,CESAR,99170.62550432018,35164.90831690449,0.0,0,,,0,0.0,0.0,0,0,0.0,0.0,30,1,2026-09-20T18:06:24
20787,TAMALAMEQUE,CESAR,51261.6723283748,22744.68151227147,0.0,0,,,0,0.0,0.0,0,0,0.0,0.0,30,1,2026-09-20T18:06:24
23001,MONTERÍA,CÓRDOBA,313676.05781809,45080.5789114556,0.0,0,,,0,0.0,0.0,0,0,0.0,0.0,30,1,2026-09-20T18:06:24
23068,AYAPEL,CÓRDOBA,196361.4619360213,74660.99925991148,0.0,0,,,0,0.0,0.0,0,0,0.0,0.0,30,1,2026-09-20T18:06:24
23079,BUENAVISTA,CÓRDOBA,83461.53833841391,10768.45965671379,0.0,0,,,0,0.0,0.0,0,0,0.0,0.0,30,1,2026-09-20T18:06:24
23090,CANALETE,CÓRDOBA,42010.16507546826,14778.992045998812,0.0,0,,,0,0.0,0.0,0,0,0.0,0.0,30,1,2026-09-20T18:06:24
23162,CERETÉ,CÓRDOBA,29084.73306654838,1652.2411301868065,0.0,0,,,0,0.0,0.0,0,0,0.0,0.0,30,1,2026-09-20T18:06:24
23168,CHIMÁ,CÓRDOBA,32389.2019489764,4154.483601503094,0.0,0,,,0,0.0,0.0,0,0,0.0,0.0,30,1,2026-09-20T18:06:24
23182,CHINÚ,CÓRDOBA,62596.22950371769,7942.712155651873,0.0,0,,,0,0.0,0.0,0,0,0.0,0.0,30,1,2026-09-20T18:06:24
23189,CIÉNAGA DE ORO,CÓRDOBA,64106.955236342525,11406.422585803752,0.0,0,,,0,0.0,0.0,0,0,0.0,0.0,30,1,2026-09-20T18:06:24
23300,COTORRA,CÓRDOBA,8809.851982778295,713.7629105850283,0.0,0,,,0,0.0,0.0,0,0,0.0,0.0,30,1,2026-09-20T18:06:24
23350,LA APARTADA,CÓRDOBA,28690.971331996,5523.76154167104,0.0,0,,,0,0.0,0.0,0,0,0.0,0.0,30,1,2026-09-20T18:06:24
23417,LORICA,CÓRDOBA,95098.46428967715,19332.59222679396,0.0,0,,,0,0.0,0.0,0,0,0.0,0.0,30,1,2026-09-20T18:06:24
23419,LOS CÓRDOBAS,CÓRDOBA,36613.02897502444,16032.544549728082,0.0,0,,,0,0.0,0.0,0,0,0.0,0.0,30,1,2026-09-20T18:06:24
23464,MOMIL,CÓRDOBA,15872.458750040594,2597.4877239102284,0.0,0,,,0,0.0,0.0,0,0,0.0,0.0,30,1,2026-09-20T18:06:24
23466,MONTELÍBANO,CÓRDOBA,155075.65831342342,86173.75477606678,0.0,0,,,0,0.0,0.0,0,0,0.0,0.0,30,1,2026-09-20T18:06:24
23500,MOÑITOS,CÓRDOBA,20335.67149987009,11069.714620199598,0.0,0,,,0,0.0,0.0,0,0,0.0,0.0,30,1,2026-09-20T18:06:24
23555,PLANETA RICA,CÓRDOBA,114011.60338465398,15360.895441444902,0.0,0,,,0,0.0,0.0,0,0,0.0,0.0,30,1,2026-09-20T18:06:24
23570,PUEBLO NUEVO,CÓRDOBA,84894.54708028943,18448.07795174789,0.0,0,,,0,0.0,0.0,0,0,0.0,0.0,30,1,2026-09-20T18:06:24
23574,PUERTO ESCONDIDO,CÓRDOBA,41116.85866164648,14515.064705209346,0.0,0,,,0,0.0,0.0,0,0,0.0,0.0,30,1,2026-09-20T18:06:24
23580,PUERTO LIBERTADOR,CÓRDOBA,164726.9883903217,111997.860721146,0.0,0,,,0,0.0,0.0,0,0,0.0,0.0,30,1,2026-09-20T18:06:24
23586,PURÍSIMA DE LA CONCEPCIÓN,CÓRDOBA,11771.157813509604,1503.6450610207976,0.0,0,,,0,0.0,0.0,0,0,0.0,0.0,30,1,2026-09-20T18:06:24
23660,SAHAGÚN,CÓRDOBA,96445.8789004312,8640.738471859466,0.0,0,,,0,0.0,0.0,0,0,0.0,0.0,30,1,2026-09-20T18:06:24
23670,SAN ANDRÉS DE SOTAVENTO,CÓRDOBA,20668.851358306856,3968.849596016885,0.0,0,,,0,0.0,0.0,0,0,0.0,0.0,30,1,2026-09-20T18:06:24
23672,SAN ANTERO,CÓRDOBA,20742.674387859235,9083.548110088224,7561.0,1,2015.0,7561.0,1,0.36451423083734474,0.8323839878827441,0,0,0.36451423083734474,0.8323839878827441,30,1,2026-09-20T18:06:24
23675,SAN BERNARDO DEL VIENTO,CÓRDOBA,31547.93858626567,9814.150263229303,0.0,0,,,0,0.0,0.0,0,0,0.0,0.0,30,1,2026-09-20T18:06:24
23678,SAN CARLOS,CÓRDOBA,44659.79458115904,6785.525064648604,0.0,0,,,0,0.0,0.0,0,0,0.0,0.0,30,1,2026-09-20T18:06:24
23682,SAN JOSÉ DE URÉ,CÓRDOBA,52550.10027225132,30353.00665476547,0.0,0,,,0,0.0,0.0,0,0,0.0,0.0,30,1,2026-09-20T18:06:24
23686,SAN PELAYO,CÓRDOBA,44555.59987872588,5760.918746740588,0.0,0,,,0,0.0,0.0,0,0,0.0,0.0,30,1,2026-09-20T18:06:24
23807,TIERRALTA,CÓRDOBA,493815.61702750425,411261.971038772,0.0,0,,,0,0.0,0.0,0,0,0.0,0.0,30,1,2026-09-20T18:06:24
23815,TUCHÍN,CÓRDOBA,10635.28928689417,4292.357456805503,0.0,0,,,0,0.0,0.0,0,0,0.0,0.0,30,1,2026-09-20T18:06:24
23855,VALENCIA,CÓRDOBA,91947.6658115397,44379.66343168068,0.0,0,,,0,0.0,0.0,0,0,0.0,0.0,30,1,2026-09-20T18:06:24
25001,AGUA DE DIOS,CUNDINAMARCA,8588.512003382688,3447.562331598669,0.0,0,,,0,0.0,0.0,0,0,0.0,0.0,30,1,2026-09-20T18:06:24
25019,ALBÁN,CUNDINAMARCA,5078.390958352209,4513.36921820756,0.0,0,,,0,0.0,0.0,0,0,0.0,0.0,30,1,2026-09-20T18:06:24
25035,ANAPOIMA,CUNDINAMARCA,12383.748384933991,8851.528922902884,0.0,0,,,0,0.0,0.0,0,0,0.0,0.0,30,1,2026-09-20T18:06:24
25040,ANOLAIMA,CUNDINAMARCA,12083.120865355517,9790.46529483954,0.0,0,,,0,0.0,0.0,0,0,0.0,0.0,30,1,2026-09-20T18:06:24
25053,ARBELÁEZ,CUNDINAMARCA,14230.946707211342,11245.0315582947,0.0,0,,,0,0.0,0.0,0,0,0.0,0.0,30,1,2026-09-20T18:06:24
25086,BELTRÁN,CUNDINAMARCA,17671.15415838563,13401.043691800083,0.0,0,,,0,0.0,0.0,0,0,0.0,0.0,30,1,2026-09-20T18:06:24
25095,BITUIMA,CUNDINAMARCA,6098.904347212642,5480.835564728124,0.0,0,,,0,0.0,0.0,0,0,0.0,0.0,30,1,2026-09-20T18:06:24
25099,BOJACÁ,CUNDINAMARCA,10220.924551906832,4745.0889146162735,0.0,0,,,0,0.0,0.0,0,0,0.0,0.0,30,1,2026-09-20T18:06:24
25120,CABRERA,CUNDINAMARCA,42141.64012628776,26800.821002297183,0.0,0,,,0,0.0,0.0,0,0,0.0,0.0,30,1,2026-09-20T18:06:24
25123,CACHIPAY,CUNDINAMARCA,5339.938090781416,4802.067112941027,0.0,0,,,0,0.0,0.0,0,0,0.0,0.0,30,1,2026-09-20T18:06:24
25126,CAJICÁ,CUNDINAMARCA,5080.70660604833,1318.4427025942616,0.0,0,,,0,0.0,0.0,0,0,0.0,0.0,30,1,2026-09-20T18:06:24
25148,CAPARRAPÍ,CUNDINAMARCA,61507.86851450437,49012.68601710125,0.0,0,,,0,0.0,0.0,0,0,0.0,0.0,30,1,2026-09-20T18:06:24
25151,CÁQUEZA,CUNDINAMARCA,11135.818474852991,3685.2744060701766,0.0,0,,,0,0.0,0.0,0,0,0.0,0.0,30,1,2026-09-20T18:06:24
25154,CARMEN DE CARUPA,CUNDINAMARCA,29814.72376253065,12587.442424340055,0.0,0,,,0,0.0,0.0,0,0,0.0,0.0,30,1,2026-09-20T18:06:24
25168,CHAGUANÍ,CUNDINAMARCA,17187.468823192343,15191.751139259864,0.0,0,,,0,0.0,0.0,0,0,0.0,0.0,30,1,2026-09-20T18:06:24
25175,CHÍA,CUNDINAMARCA,8039.73556732711,2627.956180316677,0.0,0,,,0,0.0,0.0,0,0,0.0,0.0,30,1,2026-09-20T18:06:24
25178,CHIPAQUE,CUNDINAMARCA,15036.019900296296,7094.369736564991,0.0,0,,,0,0.0,0.0,0,0,0.0,0.0,30,1,2026-09-20T18:06:24
25181,CHOACHÍ,CUNDINAMARCA,21213.246907020195,12804.350866809928,0.0,0,,,0,0.0,0.0,0,0,0.0,0.0,30,1,2026-09-20T18:06:24
25183,CHOCONTÁ,CUNDINAMARCA,29965.66342516027,8852.973596800319,0.0,0,,,0,0.0,0.0,0,0,0.0,0.0,30,1,2026-09-20T18:06:24
25200,COGUA,CUNDINAMARCA,13268.395836598733,5057.893044065051,0.0,0,,,0,0.0,0.0,0,0,0.0,0.0,30,1,2026-09-20T18:06:24
25214,COTA,CUNDINAMARCA,5364.528180883743,2097.6446668943595,0.0,0,,,0,0.0,0.0,0,0,0.0,0.0,30,1,2026-09-20T18:06:24
25224,CUCUNUBÁ,CUNDINAMARCA,10968.184119848873,3382.694136414823,0.0,0,,,0,0.0,0.0,0,0,0.0,0.0,30,1,2026-09-20T18:06:24
25245,EL COLEGIO,CUNDINAMARCA,11815.87452668542,10604.632931075314,0.0,0,,,0,0.0,0.0,0,0,0.0,0.0,30,1,2026-09-20T18:06:24
25258,EL PEÑÓN,CUNDINAMARCA,13394.407231466028,12719.673881852936,0.0,0,,,0,0.0,0.0,0,0,0.0,0.0,30,1,2026-09-20T18:06:24
25260,EL ROSAL,CUNDINAMARCA,8713.953870761861,3022.675523522093,0.0,0,,,0,0.0,0.0,0,0,0.0,0.0,30,1,2026-09-20T18:06:24
25269,FACATATIVÁ,CUNDINAMARCA,15782.46893298863,6907.674311641814,0.0,0,,,0,0.0,0.0,0,0,0.0,0.0,30,1,2026-09-20T18:06:24
25279,FÓMEQUE,CUNDINAMARCA,45951.73141020022,24517.92451007269,0.0,0,,,0,0.0,0.0,0,0,0.0,0.0,30,1,2026-09-20T18:06:24
25281,FOSCA,CUNDINAMARCA,11105.590850218736,6359.381282842665,0.0,0,,,0,0.0,0.0,0,0,0.0,0.0,30,1,2026-09-20T18:06:24
25286,FUNZA,CUNDINAMARCA,6767.371086352944,1630.6921354580695,0.0,0,,,0,0.0,0.0,0,0,0.0,0.0,30,1,2026-09-20T18:06:24
25288,FÚQUENE,CUNDINAMARCA,7734.908495074815,3700.240728118497,0.0,0,,,0,0.0,0.0,0,0,0.0,0.0,30,1,2026-09-20T18:06:24
25290,FUSAGASUGÁ,CUNDINAMARCA,19375.19682772694,12773.483924540364,0.0,0,,,0,0.0,0.0,0,0,0.0,0.0,30,1,2026-09-20T18:06:24
25293,GACHALÁ,CUNDINAMARCA,38437.422594193646,30063.140665746865,0.0,0,,,0,0.0,0.0,0,0,0.0,0.0,30,1,2026-09-20T18:06:24
25295,GACHANCIPÁ,CUNDINAMARCA,4286.527189761477,1573.0204648798574,0.0,0,,,0,0.0,0.0,0,0,0.0,0.0,30,1,2026-09-20T18:06:24
25297,GACHETÁ,CUNDINAMARCA,25846.141100728782,13628.99118981342,0.0,0,,,0,0.0,0.0,0,0,0.0,0.0,30,1,2026-09-20T18:06:24
25299,GAMA,CUNDINAMARCA,10751.892908745202,6683.867028299267,0.0,0,,,0,0.0,0.0,0,0,0.0,0.0,30,1,2026-09-20T18:06:24
25307,GIRARDOT,CUNDINAMARCA,13005.724955641736,5794.100928049835,0.0,0,,,0,0.0,0.0,0,0,0.0,0.0,30,1,2026-09-20T18:06:24
25312,GRANADA,CUNDINAMARCA,6063.9682965004695,2548.9268291577705,0.0,0,,,0,0.0,0.0,0,0,0.0,0.0,30,1,2026-09-20T18:06:24
25317,GUACHETÁ,CUNDINAMARCA,16991.833393895224,6069.9165220898685,0.0,0,,,0,0.0,0.0,0,0,0.0,0.0,30,1,2026-09-20T18:06:24
25320,GUADUAS,CUNDINAMARCA,76300.518804484,54830.59843055024,0.0,0,,,0,0.0,0.0,0,0,0.0,0.0,30,1,2026-09-20T18:06:24
25322,GUASCA,CUNDINAMARCA,36008.45001125713,19879.63191800424,0.0,0,,,0,0.0,0.0,0,0,0.0,0.0,30,1,2026-09-20T18:06:24
25324,GUATAQUÍ,CUNDINAMARCA,9088.091765470335,6789.070290665256,0.0,0,,,0,0.0,0.0,0,0,0.0,0.0,30,1,2026-09-20T18:06:24
25326,GUATAVITA,CUNDINAMARCA,25199.7853856016,12663.591526782948,0.0,0,,,0,0.0,0.0,0,0,0.0,0.0,30,1,2026-09-20T18:06:24
25328,GUAYABAL DE SÍQUIMA,CUNDINAMARCA,6181.279508381623,5787.086421333124,0.0,0,,,0,0.0,0.0,0,0,0.0,0.0,30,1,2026-09-20T18:06:24
25335,GUAYABETAL,CUNDINAMARCA,22251.181157849827,17986.906373620666,0.0,0,,,0,0.0,0.0,0,0,0.0,0.0,30,1,2026-09-20T18:06:24
25339,GUTIÉRREZ,CUNDINAMARCA,45264.51887321692,27591.9244536726,0.0,0,,,0,0.0,0.0,0,0,0.0,0.0,30,1,2026-09-20T18:06:24
25368,JERUSALÉN,CUNDINAMARCA,22167.27680960865,17154.5463727995,0.0,0,,,0,0.0,0.0,0,0,0.0,0.0,30,1,2026-09-20T18:06:24
25372,JUNÍN,CUNDINAMARCA,34331.02935957135,18811.43854387948,0.0,0,,,0,0.0,0.0,0,0,0.0,0.0,30,1,2026-09-20T18:06:24
25377,LA CALERA,CUNDINAMARCA,32651.30296362113,16942.160216092998,0.0,0,,,0,0.0,0.0,0,0,0.0,0.0,30,1,2026-09-20T18:06:24
25386,LA MESA,CUNDINAMARCA,14805.259511707616,11486.039574894812,0.0,0,,,0,0.0,0.0,0,0,0.0,0.0,30,1,2026-09-20T18:06:24
25394,LA PALMA,CUNDINAMARCA,19059.40785095813,17916.130209095703,0.0,0,,,0,0.0,0.0,0,0,0.0,0.0,30,1,2026-09-20T18:06:24
25398,LA PEÑA,CUNDINAMARCA,12832.002785216908,11799.094087740732,0.0,0,,,0,0.0,0.0,0,0,0.0,0.0,30,1,2026-09-20T18:06:24
25402,LA VEGA,CUNDINAMARCA,15527.049844946838,14080.916721002468,0.0,0,,,0,0.0,0.0,0,0,0.0,0.0,30,1,2026-09-20T18:06:24
25407,LENGUAZAQUE,CUNDINAMARCA,15539.6004822428,4882.258485473552,0.0,0,,,0,0.0,0.0,0,0,0.0,0.0,30,1,2026-09-20T18:06:24
25426,MACHETÁ,CUNDINAMARCA,22883.674581242078,10933.565367696518,0.0,0,,,0,0.0,0.0,0,0,0.0,0.0,30,1,2026-09-20T18:06:24
25430,MADRID,CUNDINAMARCA,11944.71569326377,3628.153849340819,0.0,0,,,0,0.0,0.0,0,0,0.0,0.0,30,1,2026-09-20T18:06:24
25436,MANTA,CUNDINAMARCA,10773.565397111895,4993.915064716831,0.0,0,,,0,0.0,0.0,0,0,0.0,0.0,30,1,2026-09-20T18:06:24
25438,MEDINA,CUNDINAMARCA,119492.91100607798,62906.52556058898,0.0,0,,,0,0.0,0.0,0,0,0.0,0.0,30,1,2026-09-20T18:06:24
25473,MOSQUERA,CUNDINAMARCA,10581.84954289623,2549.675056715909,0.0,0,,,0,0.0,0.0,0,0,0.0,0.0,30,1,2026-09-20T18:06:24
25483,NARIÑO,CUNDINAMARCA,5512.026773715713,3367.0847845266185,0.0,0,,,0,0.0,0.0,0,0,0.0,0.0,30,1,2026-09-20T18:06:24
25486,NEMOCÓN,CUNDINAMARCA,9824.62291452409,2891.752170211199,0.0,0,,,0,0.0,0.0,0,0,0.0,0.0,30,1,2026-09-20T18:06:24
25488,NILO,CUNDINAMARCA,22444.314924065693,15151.550209026083,0.0,0,,,0,0.0,0.0,0,0,0.0,0.0,30,1,2026-09-20T18:06:24
25489,NIMAIMA,CUNDINAMARCA,5945.638401683604,5799.905055191352,0.0,0,,,0,0.0,0.0,0,0,0.0,0.0,30,1,2026-09-20T18:06:24
25491,NOCAIMA,CUNDINAMARCA,6886.639626883519,6559.126134509363,0.0,0,,,0,0.0,0.0,0,0,0.0,0.0,30,1,2026-09-20T18:06:24
25506,VENECIA,CUNDINAMARCA,12208.121328657557,11171.79451030122,0.0,0,,,0,0.0,0.0,0,0,0.0,0.0,30,1,2026-09-20T18:06:24
25513,PACHO,CUNDINAMARCA,40214.74564254162,30416.79765087557,0.0,0,,,0,0.0,0.0,0,0,0.0,0.0,30,1,2026-09-20T18:06:24
25518,PAIME,CUNDINAMARCA,17342.90178391836,16624.023528291167,0.0,0,,,0,0.0,0.0,0,0,0.0,0.0,30,1,2026-09-20T18:06:24
25524,PANDI,CUNDINAMARCA,7162.680362309656,6399.024890192827,0.0,0,,,0,0.0,0.0,0,0,0.0,0.0,30,1,2026-09-20T18:06:24
25530,PARATEBUENO,CUNDINAMARCA,88391.33723733811,31103.468240818263,0.0,0,,,0,0.0,0.0,0,0,0.0,0.0,30,1,2026-09-20T18:06:24
25535,PASCA,CUNDINAMARCA,27141.029433732503,13300.605773545678,0.0,0,,,0,0.0,0.0,0,0,0.0,0.0,30,1,2026-09-20T18:06:24
25572,PUERTO SALGAR,CUNDINAMARCA,51546.75650669824,26380.097381832064,0.0,0,,,0,0.0,0.0,0,0,0.0,0.0,30,1,2026-09-20T18:06:24
25580,PULÍ,CUNDINAMARCA,19751.97471114638,17522.58242587261,0.0,0,,,0,0.0,0.0,0,0,0.0,0.0,30,1,2026-09-20T18:06:24
25592,QUEBRADANEGRA,CUNDINAMARCA,7977.86913322191,6817.76030933342,0.0,0,,,0,0.0,0.0,0,0,0.0,0.0,30,1,2026-09-20T18:06:24
25594,QUETAME,CUNDINAMARCA,13763.648747143594,9209.017265255949,0.0,0,,,0,0.0,0.0,0,0,0.0,0.0,30,1,2026-09-20T18:06:24
25596,QUIPILE,CUNDINAMARCA,12759.7892117892,10272.635056221166,0.0,0,,,0,0.0,0.0,0,0,0.0,0.0,30,1,2026-09-20T18:06:24
25599,APULO,CUNDINAMARCA,12187.158811913465,8459.28797667336,0.0,0,,,0,0.0,0.0,0,0,0.0,0.0,30,1,2026-09-20T18:06:24
25612,RICAURTE,CUNDINAMARCA,12809.956435039276,4109.145687456054,0.0,0,,,0,0.0,0.0,0,0,0.0,0.0,30,1,2026-09-20T18:06:24
25645,SAN ANTONIO DEL TEQUENDAMA,CUNDINAMARCA,8847.14266334061,7420.53806672786,0.0,0,,,0,0.0,0.0,0,0,0.0,0.0,30,1,2026-09-20T18:06:24
25649,SAN BERNARDO,CUNDINAMARCA,24675.25770791136,15174.532767445597,0.0,0,,,0,0.0,0.0,0,0,0.0,0.0,30,1,2026-09-20T18:06:24
25653,SAN CAYETANO,CUNDINAMARCA,28744.811087370505,21539.65724830271,0.0,0,,,0,0.0,0.0,0,0,0.0,0.0,30,1,2026-09-20T18:06:24
25658,SAN FRANCISCO,CUNDINAMARCA,11861.31071958919,10133.722929642432,0.0,0,,,0,0.0,0.0,0,0,0.0,0.0,30,1,2026-09-20T18:06:24
25662,SAN JUAN DE RIOSECO,CUNDINAMARCA,31381.54476464405,26650.76796303065,0.0,0,,,0,0.0,0.0,0,0,0.0,0.0,30,1,2026-09-20T18:06:24
25718,SASAIMA,CUNDINAMARCA,11150.06182228128,10656.199062390122,0.0,0,,,0,0.0,0.0,0,0,0.0,0.0,30,1,2026-09-20T18:06:24
25736,SESQUILÉ,CUNDINAMARCA,14098.733182438642,5469.513270133419,0.0,0,,,0,0.0,0.0,0,0,0.0,0.0,30,1,2026-09-20T18:06:24
25740,SIBATÉ,CUNDINAMARCA,12199.53880790026,5183.882024620779,0.0,0,,,0,0.0,0.0,0,0,0.0,0.0,30,1,2026-09-20T18:06:24
25743,SILVANIA,CUNDINAMARCA,16240.32313972318,11490.530992761283,0.0,0,,,0,0.0,0.0,0,0,0.0,0.0,30,1,2026-09-20T18:06:24
25745,SIMIJACA,CUNDINAMARCA,9658.023926959871,3774.2773520346823,0.0,0,,,0,0.0,0.0,0,0,0.0,0.0,30,1,2026-09-20T18:06:24
25754,SOACHA,CUNDINAMARCA,18723.112080443723,6621.076542359544,0.0,0,,,0,0.0,0.0,0,0,0.0,0.0,30,1,2026-09-20T18:06:24
25758,SOPÓ,CUNDINAMARCA,11095.131906082912,3979.133786386252,0.0,0,,,0,0.0,0.0,0,0,0.0,0.0,30,1,2026-09-20T18:06:24
25769,SUBACHOQUE,CUNDINAMARCA,20896.738227270143,8704.96597304147,0.0,0,,,0,0.0,0.0,0,0,0.0,0.0,30,1,2026-09-20T18:06:24
25772,SUESCA,CUNDINAMARCA,17301.819104397102,2858.295164639872,0.0,0,,,0,0.0,0.0,0,0,0.0,0.0,30,1,2026-09-20T18:06:24
25777,SUPATÁ,CUNDINAMARCA,13024.027806831724,11273.704306864229,0.0,0,,,0,0.0,0.0,0,0,0.0,0.0,30,1,2026-09-20T18:06:24
25779,SUSA,CUNDINAMARCA,10400.741427642024,4415.83606084157,0.0,0,,,0,0.0,0.0,0,0,0.0,0.0,30,1,2026-09-20T18:06:24
25781,SUTATAUSA,CUNDINAMARCA,6476.025615736857,3013.3200189576737,0.0,0,,,0,0.0,0.0,0,0,0.0,0.0,30,1,2026-09-20T18:06:24
25785,TABIO,CUNDINAMARCA,7510.238051787016,3188.092746178524,0.0,0,,,0,0.0,0.0,0,0,0.0,0.0,30,1,2026-09-20T18:06:24
25793,TAUSA,CUNDINAMARCA,20160.43219547372,7652.432495134628,0.0,0,,,0,0.0,0.0,0,0,0.0,0.0,30,1,2026-09-20T18:06:24
25797,TENA,CUNDINAMARCA,5138.377779312204,4266.839481125912,0.0,0,,,0,0.0,0.0,0,0,0.0,0.0,30,1,2026-09-20T18:06:24
25799,TENJO,CUNDINAMARCA,11407.161847270434,2892.668545895825,0.0,0,,,0,0.0,0.0,0,0,0.0,0.0,30,1,2026-09-20T18:06:24
25805,TIBACUY,CUNDINAMARCA,8468.041535888642,6682.627596813687,0.0,0,,,0,0.0,0.0,0,0,0.0,0.0,30,1,2026-09-20T18:06:24
25807,TIBIRITA,CUNDINAMARCA,5645.602469520528,2105.776110931256,0.0,0,,,0,0.0,0.0,0,0,0.0,0.0,30,1,2026-09-20T18:06:24
25815,TOCAIMA,CUNDINAMARCA,24555.271969279227,11362.833666893328,0.0,0,,,0,0.0,0.0,0,0,0.0,0.0,30,1,2026-09-20T18:06:24
25817,TOCANCIPÁ,CUNDINAMARCA,7314.173578574316,2296.788132184592,0.0,0,,,0,0.0,0.0,0,0,0.0,0.0,30,1,2026-09-20T18:06:24
25823,TOPAIPÍ,CUNDINAMARCA,14355.154758728022,13869.660663476949,0.0,0,,,0,0.0,0.0,0,0,0.0,0.0,30,1,2026-09-20T18:06:24
25839,UBALÁ,CUNDINAMARCA,52157.83524065508,30509.874896325266,0.0,0,,,0,0.0,0.0,0,0,0.0,0.0,30,1,2026-09-20T18:06:24
25841,UBAQUE,CUNDINAMARCA,10695.019750163356,4950.713346473488,0.0,0,,,0,0.0,0.0,0,0,0.0,0.0,30,1,2026-09-20T18:06:24
25843,VILLA DE SAN DIEGO DE UBATÉ,CUNDINAMARCA,10213.2127927633,3226.979365802802,0.0,0,,,0,0.0,0.0,0,0,0.0,0.0,30,1,2026-09-20T18:06:24
25845,UNE,CUNDINAMARCA,20886.64419782113,8602.8905177791,0.0,0,,,0,0.0,0.0,0,0,0.0,0.0,30,1,2026-09-20T18:06:24
25851,ÚTICA,CUNDINAMARCA,9199.365521456284,7746.391915277662,0.0,0,,,0,0.0,0.0,0,0,0.0,0.0,30,1,2026-09-20T18:06:24
25862,VERGARA,CUNDINAMARCA,14449.244982577671,14022.373563332265,0.0,0,,,0,0.0,0.0,0,0,0.0,0.0,30,1,2026-09-20T18:06:24
25867,VIANÍ,CUNDINAMARCA,6705.566022869123,6036.75103114093,0.0,0,,,0,0.0,0.0,0,0,0.0,0.0,30,1,2026-09-20T18:06:24
25871,VILLAGÓMEZ,CUNDINAMARCA,6289.508354471242,5366.552943996994,0.0,0,,,0,0.0,0.0,0,0,0.0,0.0,30,1,2026-09-20T18:06:24
25873,VILLAPINZÓN,CUNDINAMARCA,22580.39257535856,6545.907699986059,0.0,0,,,0,0.0,0.0,0,0,0.0,0.0,30,1,2026-09-20T18:06:24
25875,VILLETA,CUNDINAMARCA,14074.94666066701,12605.538524565942,0.0,0,,,0,0.0,0.0,0,0,0.0,0.0,30,1,2026-09-20T18:06:24
25878,VIOTÁ,CUNDINAMARCA,20113.234245275835,18875.06227285922,0.0,0,,,0,0.0,0.0,0,0,0.0,0.0,30,1,2026-09-20T18:06:24
25885,YACOPÍ,CUNDINAMARCA,95576.97247556222,82530.74023224879,0.0,0,,,0,0.0,0.0,0,0,0.0,0.0,30,1,2026-09-20T18:06:24
25898,ZIPACÓN,CUNDINAMARCA,5421.3751374241565,3124.0215743409763,0.0,0,,,0,0.0,0.0,0,0,0.0,0.0,30,1,2026-09-20T18:06:24
25899,ZIPAQUIRÁ,CUNDINAMARCA,19457.05830823532,9641.51991965584,0.0,0,,,0,0.0,0.0,0,0,0.0,0.0,30,1,2026-09-20T18:06:24
27001,QUIBDÓ,CHOCÓ,350864.4569505322,344621.4278481817,1000000.0,1,2016.0,1000000.0,1,2.8501034521743773,2.901734828980328,1,1,1.0,1.0,30,1,2026-09-20T18:06:24
27006,ACANDÍ,CHOCÓ,79805.66695613877,69667.91482518586,23898.0,2,2010.0,13465.0,1,0.299452418750342,0.3430273470932212,0,0,0.299452418750342,0.3430273470932212,30,1,2026-09-20T18:06:24
27025,ALTO BAUDÓ,CHOCÓ,205188.2492363485,204107.22260513253,98683.0,1,2019.0,98683.0,1,0.48093884697232747,0.4834860753110777,0,0,0.48093884697232747,0.4834860753110777,30,1,2026-09-20T18:06:24
27050,ATRATO,CHOCÓ,42177.390938435055,41189.21686366876,0.0,0,,,0,0.0,0.0,0,0,0.0,0.0,30,1,2026-09-20T18:06:24
27073,BAGADÓ,CHOCÓ,80756.87377168724,80151.65313918635,0.0,0,,,0,0.0,0.0,0,0,0.0,0.0,30,1,2026-09-20T18:06:24
27075,BAHÍA SOLANO,CHOCÓ,89604.56098677525,88937.7746908484,0.0,0,,,0,0.0,0.0,0,0,0.0,0.0,30,1,2026-09-20T18:06:24
27077,BAJO BAUDÓ,CHOCÓ,348211.93709699664,338223.1055205446,162091.0,3,2013.0,62212.0,1,0.4654952422117813,0.47924283514141575,0,0,0.4654952422117813,0.47924283514141575,30,1,2026-09-20T18:06:24
27099,BOJAYÁ,CHOCÓ,363320.60794109554,359238.08825337986,0.0,0,,,0,0.0,0.0,0,0,0.0,0.0,30,1,2026-09-20T18:06:24
27135,EL CANTÓN DEL SAN PABLO,CHOCÓ,38069.3655520863,37536.567163539,0.0,0,,,0,0.0,0.0,0,0,0.0,0.0,30,1,2026-09-20T18:06:24
27150,CARMEN DEL DARIÉN,CHOCÓ,336951.595502794,320842.2847819821,118318.0,1,2014.0,118318.0,1,0.3511424239539441,0.3687730876259005,0,0,0.3511424239539441,0.3687730876259005,30,1,2026-09-20T18:06:24
27160,CÉRTEGUI,CHOCÓ,42351.1237475188,42054.64633183545,0.0,0,,,0,0.0,0.0,0,0,0.0,0.0,30,1,2026-09-20T18:06:24
27205,CONDOTO,CHOCÓ,46788.62218438783,45650.78041676434,65452.0,1,2019.0,65452.0,1,1.3988870999890153,1.4337542403976966,1,1,1.0,1.0,30,1,2026-09-20T18:06:24
27245,EL CARMEN DE ATRATO,CHOCÓ,83029.3812652232,77857.31326648575,0.0,0,,,0,0.0,0.0,0,0,0.0,0.0,30,1,2026-09-20T18:06:24
27250,EL LITORAL DEL SAN JUAN,CHOCÓ,413768.4347896069,402484.0989563108,0.0,0,,,0,0.0,0.0,0,0,0.0,0.0,30,1,2026-09-20T18:06:24
27361,ISTMINA,CHOCÓ,188107.20761536635,185442.8602519342,255220.0,1,2024.0,255220.0,1,1.3567794835478237,1.3762729913315064,1,1,1.0,1.0,30,1,2026-09-20T18:06:24
27372,JURADÓ,CHOCÓ,125351.17003942288,123570.03557089384,0.0,0,,,0,0.0,0.0,0,0,0.0,0.0,30,1,2026-09-20T18:06:24
27413,LLORÓ,CHOCÓ,84312.53218861413,83064.59848681184,0.0,0,,,0,0.0,0.0,0,0,0.0,0.0,30,1,2026-09-20T18:06:24
27425,MEDIO ATRATO,CHOCÓ,181375.187018747,176566.97107394977,0.0,0,,,0,0.0,0.0,0,0,0.0,0.0,30,1,2026-09-20T18:06:24
27430,MEDIO BAUDÓ,CHOCÓ,137294.56925766732,136294.3960878544,48177.0,1,2014.0,48177.0,1,0.35090244472513626,0.3534774824413577,0,0,0.35090244472513626,0.3534774824413577,30,1,2026-09-20T18:06:24
27450,MEDIO SAN JUAN,CHOCÓ,66378.56683271358,64621.05418468122,0.0,0,,,0,0.0,0.0,0,0,0.0,0.0,30,1,2026-09-20T18:06:24
27491,NÓVITA,CHOCÓ,94567.38636371074,90439.35392939052,0.0,0,,,0,0.0,0.0,0,0,0.0,0.0,30,1,2026-09-20T18:06:24
27493,NUEVO BELÉN DE BAJIRÁ,CHOCÓ,128926.00110953556,93810.79116187888,0.0,0,,,0,0.0,0.0,0,0,0.0,0.0,30,1,2026-09-20T18:06:24
27495,NUQUÍ,CHOCÓ,70465.16084252311,69984.14615086731,162314.0,1,2014.0,162314.0,1,2.303464549846731,2.319296711145035,1,1,1.0,1.0,30,1,2026-09-20T18:06:24
27580,RÍO IRÓ,CHOCÓ,32521.65299803334,31816.134961292417,0.0,0,,,0,0.0,0.0,0,0,0.0,0.0,30,1,2026-09-20T18:06:24
27600,RÍO QUITO,CHOCÓ,69933.72444541953,69053.02726946237,113492.0,1,2019.0,113492.0,1,1.622850790516326,1.643548508845608,1,1,1.0,1.0,30,1,2026-09-20T18:06:24
27615,RIOSUCIO,CHOCÓ,613961.5574594612,598040.8484528967,313082.0,1,2019.0,313082.0,1,0.5099374646443923,0.523512734639997,0,0,0.5099374646443923,0.523512734639997,30,1,2026-09-20T18:06:24
27660,SAN JOSÉ DEL PALMAR,CHOCÓ,158252.43659826898,155844.45798287023,0.0,0,,,0,0.0,0.0,0,0,0.0,0.0,30,1,2026-09-20T18:06:24
27745,SIPÍ,CHOCÓ,157745.32618200756,154561.4441378587,0.0,0,,,0,0.0,0.0,0,0,0.0,0.0,30,1,2026-09-20T18:06:24
27787,TADÓ,CHOCÓ,71499.3087104068,69257.4668316592,0.0,0,,,0,0.0,0.0,0,0,0.0,0.0,30,1,2026-09-20T18:06:24
27800,UNGUÍA,CHOCÓ,119116.01393062215,97202.95916649404,64000.0,1,2018.0,64000.0,1,0.5372913169951784,0.6584161691042516,0,0,0.5372913169951784,0.6584161691042516,30,1,2026-09-20T18:06:24
27810,UNIÓN PANAMERICANA,CHOCÓ,17783.753325303027,17278.108818843135,0.0,0,,,0,0.0,0.0,0,0,0.0,0.0,30,1,2026-09-20T18:06:24
41001,NEIVA,HUILA,126921.78537116146,71903.39821114852,0.0,0,,,0,0.0,0.0,0,0,0.0,0.0,30,1,2026-09-20T18:06:24
41006,ACEVEDO,HUILA,52180.77189115181,47846.67673544226,0.0,0,,,0,0.0,0.0,0,0,0.0,0.0,30,1,2026-09-20T18:06:24
41013,AGRADO,HUILA,27368.705438124118,10784.821598663064,0.0,0,,,0,0.0,0.0,0,0,0.0,0.0,30,1,2026-09-20T18:06:24
41016,AIPE,HUILA,79530.81798836227,28338.766783672985,0.0,0,,,0,0.0,0.0,0,0,0.0,0.0,30,1,2026-09-20T18:06:24
41020,ALGECIRAS,HUILA,58942.711259787095,50098.122565052174,0.0,0,,,0,0.0,0.0,0,0,0.0,0.0,30,1,2026-09-20T18:06:24
41026,ALTAMIRA,HUILA,18095.237477555864,8445.203859814184,0.0,0,,,0,0.0,0.0,0,0,0.0,0.0,30,1,2026-09-20T18:06:24
41078,BARAYA,HUILA,78547.92663390911,50922.94120870987,0.0,0,,,0,0.0,0.0,0,0,0.0,0.0,30,1,2026-09-20T18:06:24
41132,CAMPOALEGRE,HUILA,46260.528608569104,22594.716456803413,0.0,0,,,0,0.0,0.0,0,0,0.0,0.0,30,1,2026-09-20T18:06:24
41206,COLOMBIA,HUILA,158362.30539810573,128566.32160790912,0.0,0,,,0,0.0,0.0,0,0,0.0,0.0,30,1,2026-09-20T18:06:24
41244,ELÍAS,HUILA,8044.114384332641,5712.587065997694,0.0,0,,,0,0.0,0.0,0,0,0.0,0.0,30,1,2026-09-20T18:06:24
41298,GARZÓN,HUILA,60635.45787636232,48120.17020875509,0.0,0,,,0,0.0,0.0,0,0,0.0,0.0,30,1,2026-09-20T18:06:24
41306,GIGANTE,HUILA,50356.42714008253,33744.95950388766,0.0,0,,,0,0.0,0.0,0,0,0.0,0.0,30,1,2026-09-20T18:06:24
41319,GUADALUPE,HUILA,24956.35774683477,20665.773784140085,0.0,0,,,0,0.0,0.0,0,0,0.0,0.0,30,1,2026-09-20T18:06:24
41349,HOBO,HUILA,19416.719990071644,8375.140013387796,0.0,0,,,0,0.0,0.0,0,0,0.0,0.0,30,1,2026-09-20T18:06:24
41357,ÍQUIRA,HUILA,35644.7017975258,27169.220668810816,0.0,0,,,0,0.0,0.0,0,0,0.0,0.0,30,1,2026-09-20T18:06:24
41359,ISNOS,HUILA,37072.86939378761,30402.33506670351,0.0,0,,,0,0.0,0.0,0,0,0.0,0.0,30,1,2026-09-20T18:06:24
41378,LA ARGENTINA,HUILA,35645.76586151131,32284.67299014181,0.0,0,,,0,0.0,0.0,0,0,0.0,0.0,30,1,2026-09-20T18:06:24
41396,LA PLATA,HUILA,81467.1354565462,66498.26587805376,0.0,0,,,0,0.0,0.0,0,0,0.0,0.0,30,1,2026-09-20T18:06:24
41483,NÁTAGA,HUILA,13192.458585389131,11207.03749119216,0.0,0,,,0,0.0,0.0,0,0,0.0,0.0,30,1,2026-09-20T18:06:24
41503,OPORAPA,HUILA,15582.072211973284,13579.57826341169,0.0,0,,,0,0.0,0.0,0,0,0.0,0.0,30,1,2026-09-20T18:06:24
41518,PAICOL,HUILA,27826.74235970798,15121.703498046732,0.0,0,,,0,0.0,0.0,0,0,0.0,0.0,30,1,2026-09-20T18:06:24
41524,PALERMO,HUILA,88395.68902234209,40278.797491344674,0.0,0,,,0,0.0,0.0,0,0,0.0,0.0,30,1,2026-09-20T18:06:24
41530,PALESTINA,HUILA,19696.122928763907,18607.26327078208,0.0,0,,,0,0.0,0.0,0,0,0.0,0.0,30,1,2026-09-20T18:06:24
41548,PITAL,HUILA,19364.327461167737,11939.925554487105,0.0,0,,,0,0.0,0.0,0,0,0.0,0.0,30,1,2026-09-20T18:06:24
41551,PITALITO,HUILA,63073.16616025839,50669.722055413295,0.0,0,,,0,0.0,0.0,0,0,0.0,0.0,30,1,2026-09-20T18:06:24
41615,RIVERA,HUILA,25110.959736216195,14923.026696330588,0.0,0,,,0,0.0,0.0,0,0,0.0,0.0,30,1,2026-09-20T18:06:24
41660,SALADOBLANCO,HUILA,46672.71648000113,44545.27440465517,0.0,0,,,0,0.0,0.0,0,0,0.0,0.0,30,1,2026-09-20T18:06:24
41668,SAN AGUSTÍN,HUILA,139085.04600442527,132058.58307453443,1000.0,1,2014.0,1000.0,1,0.007189845556568195,0.007572396861441378,0,0,0.007189845556568195,0.007572396861441378,30,1,2026-09-20T18:06:24
41676,SANTA MARÍA,HUILA,33930.52175805932,28667.20017046008,0.0,0,,,0,0.0,0.0,0,0,0.0,0.0,30,1,2026-09-20T18:06:24
41770,SUAZA,HUILA,42962.34722777938,32237.213365769952,0.0,0,,,0,0.0,0.0,0,0,0.0,0.0,30,1,2026-09-20T18:06:24
41791,TARQUI,HUILA,36279.09168627186,22244.202177218194,0.0,0,,,0,0.0,0.0,0,0,0.0,0.0,30,1,2026-09-20T18:06:24
41797,TESALIA,HUILA,36695.72257725735,16049.853648491266,0.0,0,,,0,0.0,0.0,0,0,0.0,0.0,30,1,2026-09-20T18:06:24
41799,TELLO,HUILA,53012.22676949645,29919.721659879782,0.0,0,,,0,0.0,0.0,0,0,0.0,0.0,30,1,2026-09-20T18:06:24
41801,TERUEL,HUILA,47165.62079215154,36721.57739307001,0.0,0,,,0,0.0,0.0,0,0,0.0,0.0,30,1,2026-09-20T18:06:24
41807,TIMANÁ,HUILA,18572.16266950623,15146.887682996758,0.0,0,,,0,0.0,0.0,0,0,0.0,0.0,30,1,2026-09-20T18:06:24
41872,VILLAVIEJA,HUILA,54362.965786222936,7233.023881635464,0.0,0,,,0,0.0,0.0,0,0,0.0,0.0,30,1,2026-09-20T18:06:24
41885,YAGUARÁ,HUILA,33281.67257832519,8181.799515153977,0.0,0,,,0,0.0,0.0,0,0,0.0,0.0,30,1,2026-09-20T18:06:24
44001,RIOHACHA,LA GUAJIRA,308255.8557112133,208694.09511752063,0.0,0,,,0,0.0,0.0,0,0,0.0,0.0,30,1,2026-09-20T18:06:24
44035,ALBANIA,LA GUAJIRA,54480.44906431974,35016.61721959928,0.0,0,,,0,0.0,0.0,0,0,0.0,0.0,30,1,2026-09-20T18:06:24
44078,BARRANCAS,LA GUAJIRA,79922.70481581363,62056.63744330294,0.0,0,,,0,0.0,0.0,0,0,0.0,0.0,30,1,2026-09-20T18:06:24
44090,DIBULLA,LA GUAJIRA,174682.32191857352,131767.60817161808,0.0,0,,,0,0.0,0.0,0,0,0.0,0.0,30,1,2026-09-20T18:06:24
44098,DISTRACCIÓN,LA GUAJIRA,23141.43632005679,15938.030552482543,0.0,0,,,0,0.0,0.0,0,0,0.0,0.0,30,1,2026-09-20T18:06:24
44110,EL MOLINO,LA GUAJIRA,24169.67295113097,17231.24392137485,0.0,0,,,0,0.0,0.0,0,0,0.0,0.0,30,1,2026-09-20T18:06:24
44279,FONSECA,LA GUAJIRA,47254.30355136026,31913.383072512963,0.0,0,,,0,0.0,0.0,0,0,0.0,0.0,30,1,2026-09-20T18:06:24
44378,HATONUEVO,LA GUAJIRA,21418.672247695897,12124.739941137672,0.0,0,,,0,0.0,0.0,0,0,0.0,0.0,30,1,2026-09-20T18:06:24
44420,LA JAGUA DEL PILAR,LA GUAJIRA,17925.010934550406,11264.686368846686,0.0,0,,,0,0.0,0.0,0,0,0.0,0.0,30,1,2026-09-20T18:06:24
44430,MAICAO,LA GUAJIRA,176450.9707916264,46766.62106011772,0.0,0,,,0,0.0,0.0,0,0,0.0,0.0,30,1,2026-09-20T18:06:24
44560,MANAURE,LA GUAJIRA,161554.76415458755,5588.374009273255,0.0,0,,,0,0.0,0.0,0,0,0.0,0.0,30,1,2026-09-20T18:06:24
44650,SAN JUAN DEL CESAR,LA GUAJIRA,130855.67966816189,57306.601174184936,0.0,0,,,0,0.0,0.0,0,0,0.0,0.0,30,1,2026-09-20T18:06:24
44847,URIBIA,LA GUAJIRA,786602.0909427465,8368.14793904798,0.0,0,,,0,0.0,0.0,0,0,0.0,0.0,30,1,2026-09-20T18:06:24
44855,URUMITA,LA GUAJIRA,24579.39493743758,19794.76916300909,0.0,0,,,0,0.0,0.0,0,0,0.0,0.0,30,1,2026-09-20T18:06:24
44874,VILLANUEVA,LA GUAJIRA,25958.652712970663,15213.179739732115,0.0,0,,,0,0.0,0.0,0,0,0.0,0.0,30,1,2026-09-20T18:06:24
47001,SANTA MARTA,MAGDALENA,234390.3292383289,196758.6252829468,0.0,0,,,0,0.0,0.0,0,0,0.0,0.0,30,1,2026-09-20T18:06:24
47030,ALGARROBO,MAGDALENA,40588.49844953324,11333.188957057417,0.0,0,,,0,0.0,0.0,0,0,0.0,0.0,30,1,2026-09-20T18:06:24
47053,ARACATACA,MAGDALENA,173842.42561871928,114978.34159946015,0.0,0,,,0,0.0,0.0,0,0,0.0,0.0,30,1,2026-09-20T18:06:24
47058,ARIGUANÍ,MAGDALENA,113032.9901667411,20483.109753442684,0.0,0,,,0,0.0,0.0,0,0,0.0,0.0,30,1,2026-09-20T18:06:24
47161,CERRO DE SAN ANTONIO,MAGDALENA,17706.56126310541,1870.3092039711412,0.0,0,,,0,0.0,0.0,0,0,0.0,0.0,30,1,2026-09-20T18:06:24
47170,CHIVOLO,MAGDALENA,53603.08568371744,13030.478824421698,0.0,0,,,0,0.0,0.0,0,0,0.0,0.0,30,1,2026-09-20T18:06:24
47189,CIÉNAGA,MAGDALENA,132935.59640537665,112542.55774206358,0.0,0,,,0,0.0,0.0,0,0,0.0,0.0,30,1,2026-09-20T18:06:24
47205,CONCORDIA,MAGDALENA,10939.533770831784,823.1911873595039,0.0,0,,,0,0.0,0.0,0,0,0.0,0.0,30,1,2026-09-20T18:06:24
47245,EL BANCO,MAGDALENA,81380.18392504867,30485.193191620278,0.0,0,,,0,0.0,0.0,0,0,0.0,0.0,30,1,2026-09-20T18:06:24
47258,EL PIÑÓN,MAGDALENA,55665.67833817904,8270.226313168943,0.0,0,,,0,0.0,0.0,0,0,0.0,0.0,30,1,2026-09-20T18:06:24
47268,EL RETÉN,MAGDALENA,26189.434052747296,14689.177643382563,0.0,0,,,0,0.0,0.0,0,0,0.0,0.0,30,1,2026-09-20T18:06:24
47288,FUNDACIÓN,MAGDALENA,97056.93928562908,72136.39050545197,0.0,0,,,0,0.0,0.0,0,0,0.0,0.0,30,1,2026-09-20T18:06:24
47318,GUAMAL,MAGDALENA,56384.36603976508,22757.87397028568,0.0,0,,,0,0.0,0.0,0,0,0.0,0.0,30,1,2026-09-20T18:06:24
47460,NUEVA GRANADA,MAGDALENA,84114.44508815123,8617.924126367121,0.0,0,,,0,0.0,0.0,0,0,0.0,0.0,30,1,2026-09-20T18:06:24
47541,PEDRAZA,MAGDALENA,30554.740803283083,3588.016579853545,0.0,0,,,0,0.0,0.0,0,0,0.0,0.0,30,1,2026-09-20T18:06:24
47545,PIJIÑO DEL CARMEN,MAGDALENA,66076.34346678692,14444.640522387102,0.0,0,,,0,0.0,0.0,0,0,0.0,0.0,30,1,2026-09-20T18:06:24
47551,PIVIJAY,MAGDALENA,163873.56871621398,43739.41432535031,0.0,0,,,0,0.0,0.0,0,0,0.0,0.0,30,1,2026-09-20T18:06:24
47555,PLATO,MAGDALENA,145597.5226750153,32608.97470769516,0.0,0,,,0,0.0,0.0,0,0,0.0,0.0,30,1,2026-09-20T18:06:24
47570,PUEBLOVIEJO,MAGDALENA,67903.92796605045,20238.04812426565,0.0,0,,,0,0.0,0.0,0,0,0.0,0.0,30,1,2026-09-20T18:06:24
47605,REMOLINO,MAGDALENA,59437.497069113895,17842.853697445033,0.0,0,,,0,0.0,0.0,0,0,0.0,0.0,30,1,2026-09-20T18:06:24
47660,SABANAS DE SAN ÁNGEL,MAGDALENA,123756.06643551867,43519.07641299146,0.0,0,,,0,0.0,0.0,0,0,0.0,0.0,30,1,2026-09-20T18:06:24
47675,SALAMINA,MAGDALENA,17033.47957133684,1176.828275460695,0.0,0,,,0,0.0,0.0,0,0,0.0,0.0,30,1,2026-09-20T18:06:24
47692,SAN SEBASTIÁN DE BUENAVISTA,MAGDALENA,43713.06792749814,15312.052711855498,0.0,0,,,0,0.0,0.0,0,0,0.0,0.0,30,1,2026-09-20T18:06:24
47703,SAN ZENÓN,MAGDALENA,26859.449702944738,9442.859065864082,0.0,0,,,0,0.0,0.0,0,0,0.0,0.0,30,1,2026-09-20T18:06:24
47707,SANTA ANA,MAGDALENA,111920.75225867916,21530.962873127384,0.0,0,,,0,0.0,0.0,0,0,0.0,0.0,30,1,2026-09-20T18:06:24
47720,SANTA BÁRBARA DE PINTO,MAGDALENA,49426.61997007403,6111.857714228361,0.0,0,,,0,0.0,0.0,0,0,0.0,0.0,30,1,2026-09-20T18:06:24
47745,SITIONUEVO,MAGDALENA,97002.26950206334,17853.118672648958,0.0,0,,,0,0.0,0.0,0,0,0.0,0.0,30,1,2026-09-20T18:06:24
47798,TENERIFE,MAGDALENA,49178.00695960433,11526.412497927482,0.0,0,,,0,0.0,0.0,0,0,0.0,0.0,30,1,2026-09-20T18:06:24
47960,ZAPAYÁN,MAGDALENA,37260.59256306118,3533.123344681875,0.0,0,,,0,0.0,0.0,0,0,0.0,0.0,30,1,2026-09-20T18:06:24
47980,ZONA BANANERA,MAGDALENA,43541.743407382055,29850.490572883667,0.0,0,,,0,0.0,0.0,0,0,0.0,0.0,30,1,2026-09-20T18:06:24
50001,VILLAVICENCIO,META,128370.51807165924,38221.59462072518,0.0,0,,,0,0.0,0.0,0,0,0.0,0.0,30,1,2026-09-20T18:06:24
50006,ACACÍAS,META,112192.01387652288,63400.25663240298,0.0,0,,,0,0.0,0.0,0,0,0.0,0.0,30,1,2026-09-20T18:06:24
50110,BARRANCA DE UPÍA,META,40303.29301592396,13315.769745021238,0.0,0,,,0,0.0,0.0,0,0,0.0,0.0,30,1,2026-09-20T18:06:24
50124,CABUYARO,META,91185.0586411891,21572.927223031,0.0,0,,,0,0.0,0.0,0,0,0.0,0.0,30,1,2026-09-20T18:06:24
50150,CASTILLA LA NUEVA,META,51386.28757029355,12506.076977608123,0.0,0,,,0,0.0,0.0,0,0,0.0,0.0,30,1,2026-09-20T18:06:24
50223,CUBARRAL,META,115642.15784777988,72746.11250125614,0.0,0,,,0,0.0,0.0,0,0,0.0,0.0,30,1,2026-09-20T18:06:24
50226,CUMARAL,META,62378.19828297603,14381.489111858962,0.0,0,,,0,0.0,0.0,0,0,0.0,0.0,30,1,2026-09-20T18:06:24
50245,EL CALVARIO,META,26990.59076007816,21797.059604071263,0.0,0,,,0,0.0,0.0,0,0,0.0,0.0,30,1,2026-09-20T18:06:24
50251,EL CASTILLO,META,56743.97074956178,31906.92044404117,0.0,0,,,0,0.0,0.0,0,0,0.0,0.0,30,1,2026-09-20T18:06:24
50270,EL DORADO,META,11717.59953548758,5606.386971580056,0.0,0,,,0,0.0,0.0,0,0,0.0,0.0,30,1,2026-09-20T18:06:24
50287,FUENTE DE ORO,META,57009.95833288082,14251.558111264096,0.0,0,,,0,0.0,0.0,0,0,0.0,0.0,30,1,2026-09-20T18:06:24
50313,GRANADA,META,34780.23910998935,6647.87688083439,0.0,0,,,0,0.0,0.0,0,0,0.0,0.0,30,1,2026-09-20T18:06:24
50318,GUAMAL,META,59491.591913082266,33303.175871584615,0.0,0,,,0,0.0,0.0,0,0,0.0,0.0,30,1,2026-09-20T18:06:24
50325,MAPIRIPÁN,META,1191747.8785322208,768002.6942742454,0.0,0,,,0,0.0,0.0,0,0,0.0,0.0,30,1,2026-09-20T18:06:24
50330,MESETAS,META,227786.1441901945,189101.6482562374,0.0,0,,,0,0.0,0.0,0,0,0.0,0.0,30,1,2026-09-20T18:06:24
50350,LA MACARENA,META,810846.2900804633,668662.3791057047,0.0,0,,,0,0.0,0.0,0,0,0.0,0.0,30,1,2026-09-20T18:06:24
50370,URIBE,META,645442.4619826791,609147.6487491175,0.0,0,,,0,0.0,0.0,0,0,0.0,0.0,30,1,2026-09-20T18:06:24
50400,LEJANÍAS,META,81442.10127206038,61924.5417512275,0.0,0,,,0,0.0,0.0,0,0,0.0,0.0,30,1,2026-09-20T18:06:24
50450,PUERTO CONCORDIA,META,125628.33767408562,74185.91935602398,0.0,0,,,0,0.0,0.0,0,0,0.0,0.0,30,1,2026-09-20T18:06:24
50568,PUERTO GAITÁN,META,1720078.4013840705,326561.9923372783,0.0,0,,,0,0.0,0.0,0,0,0.0,0.0,30,1,2026-09-20T18:06:24
50573,PUERTO LÓPEZ,META,689823.6149525881,136991.73726171607,0.0,0,,,0,0.0,0.0,0,0,0.0,0.0,30,1,2026-09-20T18:06:24
50577,PUERTO LLERAS,META,253121.4843346838,103900.57483455038,0.0,0,,,0,0.0,0.0,0,0,0.0,0.0,30,1,2026-09-20T18:06:24
50590,PUERTO RICO,META,340571.6719176085,257368.82655848615,77612.0,1,2019.0,77612.0,1,0.22788742106177284,0.3015594430678377,0,0,0.22788742106177284,0.3015594430678377,30,1,2026-09-20T18:06:24
50606,RESTREPO,META,36453.80410956224,13007.29853104996,0.0,0,,,0,0.0,0.0,0,0,0.0,0.0,30,1,2026-09-20T18:06:24
50680,SAN CARLOS DE GUAROA,META,80659.93304398579,33150.01725953601,0.0,0,,,0,0.0,0.0,0,0,0.0,0.0,30,1,2026-09-20T18:06:24
50683,SAN JUAN DE ARAMA,META,116536.6926897952,48903.08399286006,0.0,0,,,0,0.0,0.0,0,0,0.0,0.0,30,1,2026-09-20T18:06:24
50686,SAN JUANITO,META,24452.355646300075,20116.499020086256,0.0,0,,,0,0.0,0.0,0,0,0.0,0.0,30,1,2026-09-20T18:06:24
50689,SAN MARTÍN,META,592200.3885249518,137153.8492482942,0.0,0,,,0,0.0,0.0,0,0,0.0,0.0,30,1,2026-09-20T18:06:24
50711,VISTAHERMOSA,META,481399.1937814812,401490.6179410341,0.0,0,,,0,0.0,0.0,0,0,0.0,0.0,30,1,2026-09-20T18:06:24
52001,PASTO,NARIÑO,110030.7273048432,79082.66956456238,0.0,0,,,0,0.0,0.0,0,0,0.0,0.0,30,1,2026-09-20T18:06:24
52019,ALBÁN,NARIÑO,3863.843130677454,3063.2206939278485,0.0,0,,,0,0.0,0.0,0,0,0.0,0.0,30,1,2026-09-20T18:06:24
52022,ALDANA,NARIÑO,4769.4214285340495,1745.145495789602,0.0,0,,,0,0.0,0.0,0,0,0.0,0.0,30,1,2026-09-20T18:06:24
52036,ANCUYA,NARIÑO,6897.813362627451,2297.334050109848,0.0,0,,,0,0.0,0.0,0,0,0.0,0.0,30,1,2026-09-20T18:06:24
52051,ARBOLEDA,NARIÑO,6023.238376443397,3649.5337999878575,0.0,0,,,0,0.0,0.0,0,0,0.0,0.0,30,1,2026-09-20T18:06:24
52079,BARBACOAS,NARIÑO,273691.5008497626,271456.3086753132,0.0,0,,,0,0.0,0.0,0,0,0.0,0.0,30,1,2026-09-20T18:06:24
52083,BELÉN,NARIÑO,4187.539394775048,2295.108621705397,0.0,0,,,0,0.0,0.0,0,0,0.0,0.0,30,1,2026-09-20T18:06:24
52110,BUESACO,NARIÑO,63644.79664484462,39767.19906183396,0.0,0,,,0,0.0,0.0,0,0,0.0,0.0,30,1,2026-09-20T18:06:24
52203,COLÓN,NARIÑO,6179.495726188942,4401.632947111388,0.0,0,,,0,0.0,0.0,0,0,0.0,0.0,30,1,2026-09-20T18:06:24
52207,CONSACÁ,NARIÑO,11947.078263806332,9440.15925892054,0.0,0,,,0,0.0,0.0,0,0,0.0,0.0,30,1,2026-09-20T18:06:24
52210,CONTADERO,NARIÑO,4325.398757524217,1156.076173132128,0.0,0,,,0,0.0,0.0,0,0,0.0,0.0,30,1,2026-09-20T18:06:24
52215,CÓRDOBA,NARIÑO,30491.742379135023,25594.19757753,0.0,0,,,0,0.0,0.0,0,0,0.0,0.0,30,1,2026-09-20T18:06:24
52224,CUASPUD CARLOSAMA,NARIÑO,5718.590288080908,1495.7124450359674,0.0,0,,,0,0.0,0.0,0,0,0.0,0.0,30,1,2026-09-20T18:06:24
52227,CUMBAL,NARIÑO,91654.23832586332,61571.85430037945,0.0,0,,,0,0.0,0.0,0,0,0.0,0.0,30,1,2026-09-20T18:06:24
52233,CUMBITARA,NARIÑO,35555.10467683544,26889.15810508549,0.0,0,,,0,0.0,0.0,0,0,0.0,0.0,30,1,2026-09-20T18:06:24
52240,CHACHAGÜÍ,NARIÑO,14639.866762788626,7114.136097940038,0.0,0,,,0,0.0,0.0,0,0,0.0,0.0,30,1,2026-09-20T18:06:24
52250,EL CHARCO,NARIÑO,249362.24806359663,240243.46745531991,0.0,0,,,0,0.0,0.0,0,0,0.0,0.0,30,1,2026-09-20T18:06:24
52254,EL PEÑOL,NARIÑO,12123.729540781453,3544.356847401027,0.0,0,,,0,0.0,0.0,0,0,0.0,0.0,30,1,2026-09-20T18:06:24
52256,EL ROSARIO,NARIÑO,52080.05973958439,40608.945249299286,0.0,0,,,0,0.0,0.0,0,0,0.0,0.0,30,1,2026-09-20T18:06:24
52258,EL TABLÓN DE GÓMEZ,NARIÑO,30711.093731970377,24881.46812054804,0.0,0,,,0,0.0,0.0,0,0,0.0,0.0,30,1,2026-09-20T18:06:24
52260,EL TAMBO,NARIÑO,24654.730484953197,11857.824777525972,0.0,0,,,0,0.0,0.0,0,0,0.0,0.0,30,1,2026-09-20T18:06:24
52287,FUNES,NARIÑO,39512.05995920325,31302.262844808072,0.0,0,,,0,0.0,0.0,0,0,0.0,0.0,30,1,2026-09-20T18:06:24
52317,GUACHUCAL,NARIÑO,15585.047966525794,5075.628683640598,0.0,0,,,0,0.0,0.0,0,0,0.0,0.0,30,1,2026-09-20T18:06:24
52320,GUAITARILLA,NARIÑO,11686.131709471574,1806.6474977150676,0.0,0,,,0,0.0,0.0,0,0,0.0,0.0,30,1,2026-09-20T18:06:24
52323,GUALMATÁN,NARIÑO,2999.411521487862,1616.724086699841,0.0,0,,,0,0.0,0.0,0,0,0.0,0.0,30,1,2026-09-20T18:06:24
52352,ILES,NARIÑO,8061.478845541069,1771.751566353645,0.0,0,,,0,0.0,0.0,0,0,0.0,0.0,30,1,2026-09-20T18:06:24
52354,IMUÉS,NARIÑO,8181.340956295974,923.7804547480508,0.0,0,,,0,0.0,0.0,0,0,0.0,0.0,30,1,2026-09-20T18:06:24
52356,IPIALES,NARIÑO,157322.37082698828,125510.0385392947,0.0,0,,,0,0.0,0.0,0,0,0.0,0.0,30,1,2026-09-20T18:06:24
52378,LA CRUZ,NARIÑO,23899.855390627406,14976.504099686626,0.0,0,,,0,0.0,0.0,0,0,0.0,0.0,30,1,2026-09-20T18:06:24
52381,LA FLORIDA,NARIÑO,13644.193279598125,8256.869338435921,0.0,0,,,0,0.0,0.0,0,0,0.0,0.0,30,1,2026-09-20T18:06:24
52385,LA LLANADA,NARIÑO,24526.69616108389,22318.20773380249,0.0,0,,,0,0.0,0.0,0,0,0.0,0.0,30,1,2026-09-20T18:06:24
52390,LA TOLA,NARIÑO,41652.84310323947,32145.244306987708,0.0,0,,,0,0.0,0.0,0,0,0.0,0.0,30,1,2026-09-20T18:06:24
52399,LA UNIÓN,NARIÑO,14226.366772489007,8010.43887402592,0.0,0,,,0,0.0,0.0,0,0,0.0,0.0,30,1,2026-09-20T18:06:24
52405,LEIVA,NARIÑO,31069.80411714574,17457.013302986543,0.0,0,,,0,0.0,0.0,0,0,0.0,0.0,30,1,2026-09-20T18:06:24
52411,LINARES,NARIÑO,13577.19137833806,7764.177760805913,0.0,0,,,0,0.0,0.0,0,0,0.0,0.0,30,1,2026-09-20T18:06:24
52418,LOS ANDES,NARIÑO,95798.12818480875,86459.88925496778,0.0,0,,,0,0.0,0.0,0,0,0.0,0.0,30,1,2026-09-20T18:06:24
52427,MAGÜÍ,NARIÑO,181060.4314454709,177414.40003564954,0.0,0,,,0,0.0,0.0,0,0,0.0,0.0,30,1,2026-09-20T18:06:24
52435,MALLAMA,NARIÑO,56975.76370707313,47672.59501275004,0.0,0,,,0,0.0,0.0,0,0,0.0,0.0,30,1,2026-09-20T18:06:24
52473,MOSQUERA,NARIÑO,76931.28441876,59922.81135695984,0.0,0,,,0,0.0,0.0,0,0,0.0,0.0,30,1,2026-09-20T18:06:24
52480,NARIÑO,NARIÑO,2533.619717951158,867.1120466037412,0.0,0,,,0,0.0,0.0,0,0,0.0,0.0,30,1,2026-09-20T18:06:24
52490,OLAYA HERRERA,NARIÑO,100466.8271161822,87037.86968684795,117999.0,1,2021.0,117999.0,1,1.1745070824576074,1.3557202218361568,1,1,1.0,1.0,30,1,2026-09-20T18:06:24
52506,OSPINA,NARIÑO,6491.169054948016,1011.7999333905324,0.0,0,,,0,0.0,0.0,0,0,0.0,0.0,30,1,2026-09-20T18:06:24
52520,FRANCISCO PIZARRO,NARIÑO,52610.03969129527,50231.75832564628,0.0,0,,,0,0.0,0.0,0,0,0.0,0.0,30,1,2026-09-20T18:06:24
52540,POLICARPA,NARIÑO,43466.53018974782,33971.72027452041,0.0,0,,,0,0.0,0.0,0,0,0.0,0.0,30,1,2026-09-20T18:06:24
52560,POTOSÍ,NARIÑO,38867.68920649154,32728.09210320341,0.0,0,,,0,0.0,0.0,0,0,0.0,0.0,30,1,2026-09-20T18:06:24
52565,PROVIDENCIA,NARIÑO,4002.68101596437,3096.1753346747123,0.0,0,,,0,0.0,0.0,0,0,0.0,0.0,30,1,2026-09-20T18:06:24
52573,PUERRES,NARIÑO,35046.0332113888,31552.456466118147,0.0,0,,,0,0.0,0.0,0,0,0.0,0.0,30,1,2026-09-20T18:06:24
52585,PUPIALES,NARIÑO,12980.37354237088,4723.20461687286,0.0,0,,,0,0.0,0.0,0,0,0.0,0.0,30,1,2026-09-20T18:06:24
52612,RICAURTE,NARIÑO,105719.5198247204,104721.95924171018,0.0,0,,,0,0.0,0.0,0,0,0.0,0.0,30,1,2026-09-20T18:06:24
52621,ROBERTO PAYÁN,NARIÑO,146004.05921294514,138926.83020980877,0.0,0,,,0,0.0,0.0,0,0,0.0,0.0,30,1,2026-09-20T18:06:24
52678,SAMANIEGO,NARIÑO,60573.85064080391,55153.49232452654,0.0,0,,,0,0.0,0.0,0,0,0.0,0.0,30,1,2026-09-20T18:06:24
52683,SANDONÁ,NARIÑO,10171.331612249754,6907.732496736476,0.0,0,,,0,0.0,0.0,0,0,0.0,0.0,30,1,2026-09-20T18:06:24
52685,SAN BERNARDO,NARIÑO,6521.026404407696,4629.033507179575,0.0,0,,,0,0.0,0.0,0,0,0.0,0.0,30,1,2026-09-20T18:06:24
52687,SAN LORENZO,NARIÑO,24935.495449888804,13126.24260340106,0.0,0,,,0,0.0,0.0,0,0,0.0,0.0,30,1,2026-09-20T18:06:24
52693,SAN PABLO,NARIÑO,11193.476792464546,6696.083019793915,0.0,0,,,0,0.0,0.0,0,0,0.0,0.0,30,1,2026-09-20T18:06:24
52694,SAN PEDRO DE CARTAGO,NARIÑO,5568.932280158244,3326.637954603344,0.0,0,,,0,0.0,0.0,0,0,0.0,0.0,30,1,2026-09-20T18:06:24
52696,SANTA BÁRBARA,NARIÑO,122612.6469541958,116930.12871132034,0.0,0,,,0,0.0,0.0,0,0,0.0,0.0,30,1,2026-09-20T18:06:24
52699,SANTACRUZ,NARIÑO,54117.97664302776,47726.808260989885,0.0,0,,,0,0.0,0.0,0,0,0.0,0.0,30,1,2026-09-20T18:06:24
52720,SAPUYES,NARIÑO,11568.037791159644,3636.482769373265,0.0,0,,,0,0.0,0.0,0,0,0.0,0.0,30,1,2026-09-20T18:06:24
52786,TAMINANGO,NARIÑO,23479.956541727483,6599.445452085672,0.0,0,,,0,0.0,0.0,0,0,0.0,0.0,30,1,2026-09-20T18:06:24
52788,TANGUA,NARIÑO,21817.32807859413,10362.451792883974,0.0,0,,,0,0.0,0.0,0,0,0.0,0.0,30,1,2026-09-20T18:06:24
52835,SAN ANDRÉS DE TUMACO,NARIÑO,361745.8057708074,339520.7555782674,58212.0,1,2013.0,58212.0,1,0.1609196266310869,0.1714534355958712,0,0,0.1609196266310869,0.1714534355958712,30,1,2026-09-20T18:06:24
52838,TÚQUERRES,NARIÑO,21656.880027214826,10748.021419348965,0.0,0,,,0,0.0,0.0,0,0,0.0,0.0,30,1,2026-09-20T18:06:24
52885,YACUANQUER,NARIÑO,10283.45792690201,3265.190019360213,0.0,0,,,0,0.0,0.0,0,0,0.0,0.0,30,1,2026-09-20T18:06:24
54001,SAN JOSÉ DE CÚCUTA,NORTE DE SANTANDER,113121.953612961,66547.68404817574,0.0,0,,,0,0.0,0.0,0,0,0.0,0.0,30,1,2026-09-20T18:06:24
54003,ÁBREGO,NORTE DE SANTANDER,137989.8716283916,84269.01436701135,0.0,0,,,0,0.0,0.0,0,0,0.0,0.0,30,1,2026-09-20T18:06:24
54051,ARBOLEDAS,NORTE DE SANTANDER,45521.91989353098,37259.34825752137,0.0,0,,,0,0.0,0.0,0,0,0.0,0.0,30,1,2026-09-20T18:06:24
54099,BOCHALEMA,NORTE DE SANTANDER,16990.88070573665,14089.151777224251,0.0,0,,,0,0.0,0.0,0,0,0.0,0.0,30,1,2026-09-20T18:06:24
54109,BUCARASICA,NORTE DE SANTANDER,27025.10342016685,22707.94991469248,0.0,0,,,0,0.0,0.0,0,0,0.0,0.0,30,1,2026-09-20T18:06:24
54125,CÁCOTA,NORTE DE SANTANDER,13862.005604130434,6036.2980414519125,0.0,0,,,0,0.0,0.0,0,0,0.0,0.0,30,1,2026-09-20T18:06:24
54128,CÁCHIRA,NORTE DE SANTANDER,61467.16670125366,50123.84655372279,0.0,0,,,0,0.0,0.0,0,0,0.0,0.0,30,1,2026-09-20T18:06:24
54172,CHINÁCOTA,NORTE DE SANTANDER,16588.500490092527,12966.268602344626,0.0,0,,,0,0.0,0.0,0,0,0.0,0.0,30,1,2026-09-20T18:06:24
54174,CHITAGÁ,NORTE DE SANTANDER,118250.538923046,86606.0594210388,0.0,0,,,0,0.0,0.0,0,0,0.0,0.0,30,1,2026-09-20T18:06:24
54206,CONVENCIÓN,NORTE DE SANTANDER,93009.0004587436,87770.63643316396,0.0,0,,,0,0.0,0.0,0,0,0.0,0.0,30,1,2026-09-20T18:06:24
54223,CUCUTILLA,NORTE DE SANTANDER,37413.06248969192,29200.744722705163,0.0,0,,,0,0.0,0.0,0,0,0.0,0.0,30,1,2026-09-20T18:06:24
54239,DURANIA,NORTE DE SANTANDER,17462.230745899895,14578.836224651586,0.0,0,,,0,0.0,0.0,0,0,0.0,0.0,30,1,2026-09-20T18:06:24
54245,EL CARMEN,NORTE DE SANTANDER,172475.9467123128,162083.934542312,0.0,0,,,0,0.0,0.0,0,0,0.0,0.0,30,1,2026-09-20T18:06:24
54250,EL TARRA,NORTE DE SANTANDER,70274.40661981034,63494.38204318431,0.0,0,,,0,0.0,0.0,0,0,0.0,0.0,30,1,2026-09-20T18:06:24
54261,EL ZULIA,NORTE DE SANTANDER,50422.17343563249,36372.48334604263,0.0,0,,,0,0.0,0.0,0,0,0.0,0.0,30,1,2026-09-20T18:06:24
54313,GRAMALOTE,NORTE DE SANTANDER,14871.499924260395,11110.2282542859,0.0,0,,,0,0.0,0.0,0,0,0.0,0.0,30,1,2026-09-20T18:06:24
54344,HACARÍ,NORTE DE SANTANDER,41821.02065475742,36819.56824319048,0.0,0,,,0,0.0,0.0,0,0,0.0,0.0,30,1,2026-09-20T18:06:24
54347,HERRÁN,NORTE DE SANTANDER,10671.441528737209,5951.648080779932,0.0,0,,,0,0.0,0.0,0,0,0.0,0.0,30,1,2026-09-20T18:06:24
54377,LABATECA,NORTE DE SANTANDER,25546.14236532785,20362.468058565715,0.0,0,,,0,0.0,0.0,0,0,0.0,0.0,30,1,2026-09-20T18:06:24
54385,LA ESPERANZA,NORTE DE SANTANDER,66875.09039308481,38565.51936030656,0.0,0,,,0,0.0,0.0,0,0,0.0,0.0,30,1,2026-09-20T18:06:24
54398,LA PLAYA,NORTE DE SANTANDER,24177.2372251738,15681.704886785265,0.0,0,,,0,0.0,0.0,0,0,0.0,0.0,30,1,2026-09-20T18:06:24
54405,LOS PATIOS,NORTE DE SANTANDER,12608.922489826296,7020.694020948788,0.0,0,,,0,0.0,0.0,0,0,0.0,0.0,30,1,2026-09-20T18:06:24
54418,LOURDES,NORTE DE SANTANDER,8641.008339050042,7139.14762285158,0.0,0,,,0,0.0,0.0,0,0,0.0,0.0,30,1,2026-09-20T18:06:24
54480,MUTISCUA,NORTE DE SANTANDER,15849.037009081889,6477.595327094674,0.0,0,,,0,0.0,0.0,0,0,0.0,0.0,30,1,2026-09-20T18:06:24
54498,OCAÑA,NORTE DE SANTANDER,55282.98678084412,40961.45367723045,0.0,0,,,0,0.0,0.0,0,0,0.0,0.0,30,1,2026-09-20T18:06:24
54518,PAMPLONA,NORTE DE SANTANDER,29765.003041006523,18557.095688919937,0.0,0,,,0,0.0,0.0,0,0,0.0,0.0,30,1,2026-09-20T18:06:24
54520,PAMPLONITA,NORTE DE SANTANDER,17055.87982198929,12681.205555750716,0.0,0,,,0,0.0,0.0,0,0,0.0,0.0,30,1,2026-09-20T18:06:24
54553,PUERTO SANTANDER,NORTE DE SANTANDER,4484.603518726208,1825.0415822546736,0.0,0,,,0,0.0,0.0,0,0,0.0,0.0,30,1,2026-09-20T18:06:24
54599,RAGONVALIA,NORTE DE SANTANDER,9750.416884363816,5770.237790514209,0.0,0,,,0,0.0,0.0,0,0,0.0,0.0,30,1,2026-09-20T18:06:24
54660,SALAZAR,NORTE DE SANTANDER,49290.5514975582,41654.42778435942,0.0,0,,,0,0.0,0.0,0,0,0.0,0.0,30,1,2026-09-20T18:06:24
54670,SAN CALIXTO,NORTE DE SANTANDER,39728.75602391074,34951.58915178982,0.0,0,,,0,0.0,0.0,0,0,0.0,0.0,30,1,2026-09-20T18:06:24
54673,SAN CAYETANO,NORTE DE SANTANDER,13874.46860432289,7941.026121662488,0.0,0,,,0,0.0,0.0,0,0,0.0,0.0,30,1,2026-09-20T18:06:24
54680,SANTIAGO,NORTE DE SANTANDER,17217.061513326888,12931.348981054374,0.0,0,,,0,0.0,0.0,0,0,0.0,0.0,30,1,2026-09-20T18:06:24
54720,SARDINATA,NORTE DE SANTANDER,146466.49685940702,137221.3293864544,0.0,0,,,0,0.0,0.0,0,0,0.0,0.0,30,1,2026-09-20T18:06:24
54743,SILOS,NORTE DE SANTANDER,39150.79008661233,6278.91784286554,0.0,0,,,0,0.0,0.0,0,0,0.0,0.0,30,1,2026-09-20T18:06:24
54800,TEORAMA,NORTE DE SANTANDER,92534.33812601346,87962.25527639498,0.0,0,,,0,0.0,0.0,0,0,0.0,0.0,30,1,2026-09-20T18:06:24
54810,TIBÚ,NORTE DE SANTANDER,267450.89351868426,243575.8505377952,0.0,0,,,0,0.0,0.0,0,0,0.0,0.0,30,1,2026-09-20T18:06:24
54820,TOLEDO,NORTE DE SANTANDER,149811.87710747038,133033.36391590192,0.0,0,,,0,0.0,0.0,0,0,0.0,0.0,30,1,2026-09-20T18:06:24
54871,VILLA CARO,NORTE DE SANTANDER,40027.39776983314,28289.241228304545,0.0,0,,,0,0.0,0.0,0,0,0.0,0.0,30,1,2026-09-20T18:06:24
54874,VILLA DEL ROSARIO,NORTE DE SANTANDER,9155.974104251784,3055.5182704605354,0.0,0,,,0,0.0,0.0,0,0,0.0,0.0,30,1,2026-09-20T18:06:24
63001,ARMENIA,QUINDÍO,12124.894658698577,8087.298644659704,0.0,0,,,0,0.0,0.0,0,0,0.0,0.0,30,1,2026-09-20T18:06:24
63111,BUENAVISTA,QUINDÍO,3826.465713122058,3489.938911620044,0.0,0,,,0,0.0,0.0,0,0,0.0,0.0,30,1,2026-09-20T18:06:24
63130,CALARCÁ,QUINDÍO,22004.465041305957,17484.04781870803,0.0,0,,,0,0.0,0.0,0,0,0.0,0.0,30,1,2026-09-20T18:06:24
63190,CIRCASIA,QUINDÍO,9068.9493582327,6825.123012052421,0.0,0,,,0,0.0,0.0,0,0,0.0,0.0,30,1,2026-09-20T18:06:24
63212,CÓRDOBA,QUINDÍO,9380.031410423226,8442.293365159487,0.0,0,,,0,0.0,0.0,0,0,0.0,0.0,30,1,2026-09-20T18:06:24
63272,FILANDIA,QUINDÍO,10655.858967301532,8539.834853428449,0.0,0,,,0,0.0,0.0,0,0,0.0,0.0,30,1,2026-09-20T18:06:24
63302,GÉNOVA,QUINDÍO,29569.49744179056,25796.64112654658,0.0,0,,,0,0.0,0.0,0,0,0.0,0.0,30,1,2026-09-20T18:06:24
63401,LA TEBAIDA,QUINDÍO,8938.53153707282,5357.515611252053,0.0,0,,,0,0.0,0.0,0,0,0.0,0.0,30,1,2026-09-20T18:06:24
63470,MONTENEGRO,QUINDÍO,14926.024283707891,9963.63206121709,0.0,0,,,0,0.0,0.0,0,0,0.0,0.0,30,1,2026-09-20T18:06:24
63548,PIJAO,QUINDÍO,24792.99858725784,21578.65028307039,0.0,0,,,0,0.0,0.0,0,0,0.0,0.0,30,1,2026-09-20T18:06:24
63594,QUIMBAYA,QUINDÍO,13328.29944545626,10323.602994656852,0.0,0,,,0,0.0,0.0,0,0,0.0,0.0,30,1,2026-09-20T18:06:24
63690,SALENTO,QUINDÍO,34699.8896463888,27911.805201528085,0.0,0,,,0,0.0,0.0,0,0,0.0,0.0,30,1,2026-09-20T18:06:24
66001,PEREIRA,RISARALDA,60790.28983851928,36931.0608755881,0.0,0,,,0,0.0,0.0,0,0,0.0,0.0,30,1,2026-09-20T18:06:24
66045,APÍA,RISARALDA,14997.852767693124,13601.199483803157,0.0,0,,,0,0.0,0.0,0,0,0.0,0.0,30,1,2026-09-20T18:06:24
66075,BALBOA,RISARALDA,11948.32760781698,8861.995395590537,0.0,0,,,0,0.0,0.0,0,0,0.0,0.0,30,1,2026-09-20T18:06:24
66088,BELÉN DE UMBRÍA,RISARALDA,18058.722333121463,14772.781173833277,0.0,0,,,0,0.0,0.0,0,0,0.0,0.0,30,1,2026-09-20T18:06:24
66170,DOSQUEBRADAS,RISARALDA,7011.514941773123,5258.573830482912,0.0,0,,,0,0.0,0.0,0,0,0.0,0.0,30,1,2026-09-20T18:06:24
66318,GUÁTICA,RISARALDA,10080.899614685804,7673.409760367594,0.0,0,,,0,0.0,0.0,0,0,0.0,0.0,30,1,2026-09-20T18:06:24
66383,LA CELIA,RISARALDA,9247.5512042255,8574.006433372311,0.0,0,,,0,0.0,0.0,0,0,0.0,0.0,30,1,2026-09-20T18:06:24
66400,LA VIRGINIA,RISARALDA,3293.8862410903985,2403.6132454947115,0.0,0,,,0,0.0,0.0,0,0,0.0,0.0,30,1,2026-09-20T18:06:24
66440,MARSELLA,RISARALDA,14929.714096971384,13249.049418597877,0.0,0,,,0,0.0,0.0,0,0,0.0,0.0,30,1,2026-09-20T18:06:24
66456,MISTRATÓ,RISARALDA,56473.61607399379,55208.017783802046,0.0,0,,,0,0.0,0.0,0,0,0.0,0.0,30,1,2026-09-20T18:06:24
66572,PUEBLO RICO,RISARALDA,61380.54963487804,59424.97529151564,0.0,0,,,0,0.0,0.0,0,0,0.0,0.0,30,1,2026-09-20T18:06:24
66594,QUINCHÍA,RISARALDA,14011.841615779313,11158.892165127982,0.0,0,,,0,0.0,0.0,0,0,0.0,0.0,30,1,2026-09-20T18:06:24
66682,SANTA ROSA DE CABAL,RISARALDA,54334.32335987082,43197.59969699537,5603.0,1,2016.0,5603.0,1,0.10312082038621934,0.12970628088832722,0,0,0.10312082038621934,0.12970628088832722,30,1,2026-09-20T18:06:24
66687,SANTUARIO,RISARALDA,19084.2717032436,16263.740861230695,0.0,0,,,0,0.0,0.0,0,0,0.0,0.0,30,1,2026-09-20T18:06:24
68001,BUCARAMANGA,SANTANDER,15349.940596575698,10207.084566609814,0.0,0,,,0,0.0,0.0,0,0,0.0,0.0,30,1,2026-09-20T18:06:24
68013,AGUADA,SANTANDER,7511.051561192941,6390.847618872702,0.0,0,,,0,0.0,0.0,0,0,0.0,0.0,30,1,2026-09-20T18:06:24
68020,ALBANIA,SANTANDER,16598.25791879596,13751.986593688482,0.0,0,,,0,0.0,0.0,0,0,0.0,0.0,30,1,2026-09-20T18:06:24
68051,ARATOCA,SANTANDER,16946.175879167204,6319.10134792871,0.0,0,,,0,0.0,0.0,0,0,0.0,0.0,30,1,2026-09-20T18:06:24
68077,BARBOSA,SANTANDER,4664.324957284806,3351.4096246031454,0.0,0,,,0,0.0,0.0,0,0,0.0,0.0,30,1,2026-09-20T18:06:24
68079,BARICHARA,SANTANDER,13702.734715882165,4974.586268456014,0.0,0,,,0,0.0,0.0,0,0,0.0,0.0,30,1,2026-09-20T18:06:24
68081,BARRANCABERMEJA,SANTANDER,132492.91493383417,79659.31397702903,0.0,0,,,0,0.0,0.0,0,0,0.0,0.0,30,1,2026-09-20T18:06:24
68092,BETULIA,SANTANDER,43051.656747159584,31733.29289279693,0.0,0,,,0,0.0,0.0,0,0,0.0,0.0,30,1,2026-09-20T18:06:24
68101,BOLÍVAR,SANTANDER,100888.88938574697,78349.02541130866,0.0,0,,,0,0.0,0.0,0,0,0.0,0.0,30,1,2026-09-20T18:06:24
68121,CABRERA,SANTANDER,6545.711862604867,4060.472373861888,0.0,0,,,0,0.0,0.0,0,0,0.0,0.0,30,1,2026-09-20T18:06:24
68132,CALIFORNIA,SANTANDER,4492.358027672052,3255.59824114187,0.0,0,,,0,0.0,0.0,0,0,0.0,0.0,30,1,2026-09-20T18:06:24
68147,CAPITANEJO,SANTANDER,8509.966184971043,3142.942943059757,0.0,0,,,0,0.0,0.0,0,0,0.0,0.0,30,1,2026-09-20T18:06:24
68152,CARCASÍ,SANTANDER,25836.87033387791,11732.216685178288,0.0,0,,,0,0.0,0.0,0,0,0.0,0.0,30,1,2026-09-20T18:06:24
68160,CEPITÁ,SANTANDER,10775.16197360044,4264.319659348232,0.0,0,,,0,0.0,0.0,0,0,0.0,0.0,30,1,2026-09-20T18:06:24
68162,CERRITO,SANTANDER,42006.462882269385,7621.991318150556,0.0,0,,,0,0.0,0.0,0,0,0.0,0.0,30,1,2026-09-20T18:06:24
68167,CHARALÁ,SANTANDER,41844.25487392117,31813.42680841956,0.0,0,,,0,0.0,0.0,0,0,0.0,0.0,30,1,2026-09-20T18:06:24
68169,CHARTA,SANTANDER,12645.829224206933,10075.41942490302,0.0,0,,,0,0.0,0.0,0,0,0.0,0.0,30,1,2026-09-20T18:06:24
68176,CHIMA,SANTANDER,17292.798651118883,14660.398953289869,0.0,0,,,0,0.0,0.0,0,0,0.0,0.0,30,1,2026-09-20T18:06:24
68179,CHIPATÁ,SANTANDER,9479.078096185824,5324.868348137345,0.0,0,,,0,0.0,0.0,0,0,0.0,0.0,30,1,2026-09-20T18:06:24
68190,CIMITARRA,SANTANDER,317051.8351795995,197472.02069390105,4320.0,1,2015.0,4320.0,1,0.013625532233720901,0.02187651691019245,0,0,0.013625532233720901,0.02187651691019245,30,1,2026-09-20T18:06:24
68207,CONCEPCIÓN,SANTANDER,33637.61526520825,10192.064416088777,0.0,0,,,0,0.0,0.0,0,0,0.0,0.0,30,1,2026-09-20T18:06:24
68209,CONFINES,SANTANDER,7129.356016363628,4960.824692704732,0.0,0,,,0,0.0,0.0,0,0,0.0,0.0,30,1,2026-09-20T18:06:24
68211,CONTRATACIÓN,SANTANDER,13694.94128840054,12420.464283298214,0.0,0,,,0,0.0,0.0,0,0,0.0,0.0,30,1,2026-09-20T18:06:24
68217,COROMORO,SANTANDER,57637.55646222074,45975.35209735822,0.0,0,,,0,0.0,0.0,0,0,0.0,0.0,30,1,2026-09-20T18:06:24
68229,CURITÍ,SANTANDER,24376.459652347767,9982.256051141012,0.0,0,,,0,0.0,0.0,0,0,0.0,0.0,30,1,2026-09-20T18:06:24
68235,EL CARMEN DE CHUCURÍ,SANTANDER,92257.037698287,83332.2921314348,0.0,0,,,0,0.0,0.0,0,0,0.0,0.0,30,1,2026-09-20T18:06:24
68245,EL GUACAMAYO,SANTANDER,9281.876871464465,8102.030357587295,0.0,0,,,0,0.0,0.0,0,0,0.0,0.0,30,1,2026-09-20T18:06:24
68250,EL PEÑÓN,SANTANDER,39768.17702611137,36609.66452404035,0.0,0,,,0,0.0,0.0,0,0,0.0,0.0,30,1,2026-09-20T18:06:24
68255,EL PLAYÓN,SANTANDER,45414.88750666144,40097.5287932204,0.0,0,,,0,0.0,0.0,0,0,0.0,0.0,30,1,2026-09-20T18:06:24
68264,ENCINO,SANTANDER,39966.77411946952,29573.967388201665,0.0,0,,,0,0.0,0.0,0,0,0.0,0.0,30,1,2026-09-20T18:06:24
68266,ENCISO,SANTANDER,7465.457663981739,4746.962740339738,0.0,0,,,0,0.0,0.0,0,0,0.0,0.0,30,1,2026-09-20T18:06:24
68271,FLORIÁN,SANTANDER,17636.525045779254,15448.007323669515,0.0,0,,,0,0.0,0.0,0,0,0.0,0.0,30,1,2026-09-20T18:06:24
68276,FLORIDABLANCA,SANTANDER,9998.664480972602,7158.505797797614,0.0,0,,,0,0.0,0.0,0,0,0.0,0.0,30,1,2026-09-20T18:06:24
68296,GALÁN,SANTANDER,20138.08259996403,13619.349034925172,0.0,0,,,0,0.0,0.0,0,0,0.0,0.0,30,1,2026-09-20T18:06:24
68298,GÁMBITA,SANTANDER,60717.32013337721,48903.801820497,0.0,0,,,0,0.0,0.0,0,0,0.0,0.0,30,1,2026-09-20T18:06:24
68307,GIRÓN,SANTANDER,49126.46177181603,24721.229000603387,0.0,0,,,0,0.0,0.0,0,0,0.0,0.0,30,1,2026-09-20T18:06:24
68318,GUACA,SANTANDER,26898.355065670927,11804.669184288112,0.0,0,,,0,0.0,0.0,0,0,0.0,0.0,30,1,2026-09-20T18:06:24
68320,GUADALUPE,SANTANDER,14608.436851841923,11514.915168525667,0.0,0,,,0,0.0,0.0,0,0,0.0,0.0,30,1,2026-09-20T18:06:24
68322,GUAPOTÁ,SANTANDER,6718.362036186473,4869.471562501154,0.0,0,,,0,0.0,0.0,0,0,0.0,0.0,30,1,2026-09-20T18:06:24
68324,GUAVATÁ,SANTANDER,8367.144477146541,7890.032714084412,0.0,0,,,0,0.0,0.0,0,0,0.0,0.0,30,1,2026-09-20T18:06:24
68327,GÜEPSA,SANTANDER,3010.9309007559145,2362.5737262386406,0.0,0,,,0,0.0,0.0,0,0,0.0,0.0,30,1,2026-09-20T18:06:24
68344,HATO,SANTANDER,16872.77763759752,14507.889227959233,0.0,0,,,0,0.0,0.0,0,0,0.0,0.0,30,1,2026-09-20T18:06:24
68368,JESÚS MARÍA,SANTANDER,8946.64480061814,7657.525992494297,0.0,0,,,0,0.0,0.0,0,0,0.0,0.0,30,1,2026-09-20T18:06:24
68370,JORDÁN,SANTANDER,3982.3963511009633,2134.1094417200998,0.0,0,,,0,0.0,0.0,0,0,0.0,0.0,30,1,2026-09-20T18:06:24
68377,LA BELLEZA,SANTANDER,33477.75231010546,31244.53108768153,0.0,0,,,0,0.0,0.0,0,0,0.0,0.0,30,1,2026-09-20T18:06:24
68385,LANDÁZURI,SANTANDER,58934.12256035792,52438.7572308878,0.0,0,,,0,0.0,0.0,0,0,0.0,0.0,30,1,2026-09-20T18:06:24
68397,LA PAZ,SANTANDER,28390.907269355528,26498.434269632005,0.0,0,,,0,0.0,0.0,0,0,0.0,0.0,30,1,2026-09-20T18:06:24
68406,LEBRIJA,SANTANDER,54948.959100249565,35681.43405084717,0.0,0,,,0,0.0,0.0,0,0,0.0,0.0,30,1,2026-09-20T18:06:24
68418,LOS SANTOS,SANTANDER,28957.636349379296,4071.467749668237,0.0,0,,,0,0.0,0.0,0,0,0.0,0.0,30,1,2026-09-20T18:06:24
68425,MACARAVITA,SANTANDER,10268.901503716694,5280.543183353022,0.0,0,,,0,0.0,0.0,0,0,0.0,0.0,30,1,2026-09-20T18:06:24
68432,MÁLAGA,SANTANDER,5704.645436881171,2130.6767667035883,0.0,0,,,0,0.0,0.0,0,0,0.0,0.0,30,1,2026-09-20T18:06:24
68444,MATANZA,SANTANDER,23529.74259873557,19794.840102559803,0.0,0,,,0,0.0,0.0,0,0,0.0,0.0,30,1,2026-09-20T18:06:24
68464,MOGOTES,SANTANDER,48301.31531205175,33497.43884218339,1075348.0,1,2015.0,1075348.0,1,22.263327469504496,32.102394605936624,1,1,1.0,1.0,30,1,2026-09-20T18:06:24
68468,MOLAGAVITA,SANTANDER,18009.854161174942,8869.535019449468,0.0,0,,,0,0.0,0.0,0,0,0.0,0.0,30,1,2026-09-20T18:06:24
68498,OCAMONTE,SANTANDER,7508.055132725869,5584.074353960501,0.0,0,,,0,0.0,0.0,0,0,0.0,0.0,30,1,2026-09-20T18:06:24
68500,OIBA,SANTANDER,28733.831359660755,23125.802085924057,0.0,0,,,0,0.0,0.0,0,0,0.0,0.0,30,1,2026-09-20T18:06:24
68502,ONZAGA,SANTANDER,48821.43184610842,36161.26368866328,0.0,0,,,0,0.0,0.0,0,0,0.0,0.0,30,1,2026-09-20T18:06:24
68522,PALMAR,SANTANDER,1965.9740052171123,1173.0625353906737,0.0,0,,,0,0.0,0.0,0,0,0.0,0.0,30,1,2026-09-20T18:06:24
68524,PALMAS DEL SOCORRO,SANTANDER,5843.772592347917,4172.658156592618,0.0,0,,,0,0.0,0.0,0,0,0.0,0.0,30,1,2026-09-20T18:06:24
68533,PÁRAMO,SANTANDER,7284.693385005978,3651.1065351107527,0.0,0,,,0,0.0,0.0,0,0,0.0,0.0,30,1,2026-09-20T18:06:24
68547,PIEDECUESTA,SANTANDER,48377.06700566113,30916.664145113056,0.0,0,,,0,0.0,0.0,0,0,0.0,0.0,30,1,2026-09-20T18:06:24
68549,PINCHOTE,SANTANDER,5543.309702599267,3753.18248586193,0.0,0,,,0,0.0,0.0,0,0,0.0,0.0,30,1,2026-09-20T18:06:24
68572,PUENTE NACIONAL,SANTANDER,25129.897756433344,19261.461363621336,0.0,0,,,0,0.0,0.0,0,0,0.0,0.0,30,1,2026-09-20T18:06:24
68573,PUERTO PARRA,SANTANDER,76133.31737847911,49598.32707031832,0.0,0,,,0,0.0,0.0,0,0,0.0,0.0,30,1,2026-09-20T18:06:24
68575,PUERTO WILCHES,SANTANDER,147973.9541186677,94018.04442678492,0.0,0,,,0,0.0,0.0,0,0,0.0,0.0,30,1,2026-09-20T18:06:24
68615,RIONEGRO,SANTANDER,116643.73313389745,64494.06962573211,0.0,0,,,0,0.0,0.0,0,0,0.0,0.0,30,1,2026-09-20T18:06:24
68655,SABANA DE TORRES,SANTANDER,142674.76587932443,76481.69387482783,0.0,0,,,0,0.0,0.0,0,0,0.0,0.0,30,1,2026-09-20T18:06:24
68669,SAN ANDRÉS,SANTANDER,28097.620796414278,17372.040379954742,0.0,0,,,0,0.0,0.0,0,0,0.0,0.0,30,1,2026-09-20T18:06:24
68673,SAN BENITO,SANTANDER,5901.804493143617,5094.556814013258,0.0,0,,,0,0.0,0.0,0,0,0.0,0.0,30,1,2026-09-20T18:06:24
68679,SAN GIL,SANTANDER,14658.745158058911,6792.227728377747,0.0,0,,,0,0.0,0.0,0,0,0.0,0.0,30,1,2026-09-20T18:06:24
68682,SAN JOAQUÍN,SANTANDER,14284.073591960689,9433.279965291062,0.0,0,,,0,0.0,0.0,0,0,0.0,0.0,30,1,2026-09-20T18:06:24
68684,SAN JOSÉ DE MIRANDA,SANTANDER,7515.815669148038,1675.5635674404466,0.0,0,,,0,0.0,0.0,0,0,0.0,0.0,30,1,2026-09-20T18:06:24
68686,SAN MIGUEL,SANTANDER,7105.5938870282025,5649.176081738588,0.0,0,,,0,0.0,0.0,0,0,0.0,0.0,30,1,2026-09-20T18:06:24
68689,SAN VICENTE DE CHUCURÍ,SANTANDER,111457.22825415812,92731.2916835392,0.0,0,,,0,0.0,0.0,0,0,0.0,0.0,30,1,2026-09-20T18:06:24
68705,SANTA BÁRBARA,SANTANDER,17827.66056344634,14335.464420223238,0.0,0,,,0,0.0,0.0,0,0,0.0,0.0,30,1,2026-09-20T18:06:24
68720,SANTA HELENA DEL OPÓN,SANTANDER,37326.68930665421,36547.10936420728,0.0,0,,,0,0.0,0.0,0,0,0.0,0.0,30,1,2026-09-20T18:06:24
68745,SIMACOTA,SANTANDER,90335.80421250392,71540.72955972847,0.0,0,,,0,0.0,0.0,0,0,0.0,0.0,30,1,2026-09-20T18:06:24
68755,SOCORRO,SANTANDER,12759.6883583916,9961.463478094338,0.0,0,,,0,0.0,0.0,0,0,0.0,0.0,30,1,2026-09-20T18:06:24
68770,SUAITA,SANTANDER,28292.988474092097,25118.563952021286,0.0,0,,,0,0.0,0.0,0,0,0.0,0.0,30,1,2026-09-20T18:06:24
68773,SUCRE,SANTANDER,52184.69246669188,45731.3448675987,0.0,0,,,0,0.0,0.0,0,0,0.0,0.0,30,1,2026-09-20T18:06:24
68780,SURATÁ,SANTANDER,36229.84883196741,25477.808802409243,0.0,0,,,0,0.0,0.0,0,0,0.0,0.0,30,1,2026-09-20T18:06:24
68820,TONA,SANTANDER,33012.09415844157,12822.130356985765,0.0,0,,,0,0.0,0.0,0,0,0.0,0.0,30,1,2026-09-20T18:06:24
68855,VALLE DE SAN JOSÉ,SANTANDER,8096.255014551636,5783.548206285166,0.0,0,,,0,0.0,0.0,0,0,0.0,0.0,30,1,2026-09-20T18:06:24
68861,VÉLEZ,SANTANDER,44704.753452982615,38457.04705362944,0.0,0,,,0,0.0,0.0,0,0,0.0,0.0,30,1,2026-09-20T18:06:24
68867,VETAS,SANTANDER,9223.51539637296,2540.194808999155,0.0,0,,,0,0.0,0.0,0,0,0.0,0.0,30,1,2026-09-20T18:06:24
68872,VILLANUEVA,SANTANDER,9742.69983499083,1215.4609189834698,0.0,0,,,0,0.0,0.0,0,0,0.0,0.0,30,1,2026-09-20T18:06:24
68895,ZAPATOCA,SANTANDER,36377.43269212203,17206.591105700674,0.0,0,,,0,0.0,0.0,0,0,0.0,0.0,30,1,2026-09-20T18:06:24
70001,SINCELEJO,SUCRE,27963.454276520453,7451.9785761531375,0.0,0,,,0,0.0,0.0,0,0,0.0,0.0,30,1,2026-09-20T18:06:24
70110,BUENAVISTA,SUCRE,14637.447153878044,1150.486473747306,0.0,0,,,0,0.0,0.0,0,0,0.0,0.0,30,1,2026-09-20T18:06:24
70124,CAIMITO,SUCRE,41223.384284505184,11912.286511272216,0.0,0,,,0,0.0,0.0,0,0,0.0,0.0,30,1,2026-09-20T18:06:24
70204,COLOSÓ,SUCRE,13110.670619166913,7505.455860696766,0.0,0,,,0,0.0,0.0,0,0,0.0,0.0,30,1,2026-09-20T18:06:24
70215,COROZAL,SUCRE,28598.127501606297,3245.843326911968,0.0,0,,,0,0.0,0.0,0,0,0.0,0.0,30,1,2026-09-20T18:06:24
70221,COVEÑAS,SUCRE,5660.860048560569,2328.003271999685,0.0,0,,,0,0.0,0.0,0,0,0.0,0.0,30,1,2026-09-20T18:06:24
70230,CHALÁN,SUCRE,8367.209311835348,5414.507433269435,0.0,0,,,0,0.0,0.0,0,0,0.0,0.0,30,1,2026-09-20T18:06:24
70233,EL ROBLE,SUCRE,19832.1371605012,5341.159650024618,0.0,0,,,0,0.0,0.0,0,0,0.0,0.0,30,1,2026-09-20T18:06:24
70235,GALERAS,SUCRE,32164.045731076258,6776.3645284603135,0.0,0,,,0,0.0,0.0,0,0,0.0,0.0,30,1,2026-09-20T18:06:24
70265,GUARANDA,SUCRE,36155.479631847935,20058.44049084618,0.0,0,,,0,0.0,0.0,0,0,0.0,0.0,30,1,2026-09-20T18:06:24
70400,LA UNIÓN,SUCRE,23224.01419283646,3819.3218359410303,0.0,0,,,0,0.0,0.0,0,0,0.0,0.0,30,1,2026-09-20T18:06:24
70418,LOS PALMITOS,SUCRE,19878.07029067501,3306.246064944543,0.0,0,,,0,0.0,0.0,0,0,0.0,0.0,30,1,2026-09-20T18:06:24
70429,MAJAGUAL,SUCRE,84435.9448225826,42512.12097537473,0.0,0,,,0,0.0,0.0,0,0,0.0,0.0,30,1,2026-09-20T18:06:24
70473,MORROA,SUCRE,16992.62748541135,7822.892767585508,0.0,0,,,0,0.0,0.0,0,0,0.0,0.0,30,1,2026-09-20T18:06:24
70508,OVEJAS,SUCRE,45979.98973968331,28987.24923465257,0.0,0,,,0,0.0,0.0,0,0,0.0,0.0,30,1,2026-09-20T18:06:24
70523,PALMITO,SUCRE,17466.677218293473,3544.9292079176766,0.0,0,,,0,0.0,0.0,0,0,0.0,0.0,30,1,2026-09-20T18:06:24
70670,SAMPUÉS,SUCRE,21376.595070202085,3139.8417526679486,0.0,0,,,0,0.0,0.0,0,0,0.0,0.0,30,1,2026-09-20T18:06:24
70678,SAN BENITO ABAD,SUCRE,149314.6588547969,77789.08759900014,0.0,0,,,0,0.0,0.0,0,0,0.0,0.0,30,1,2026-09-20T18:06:24
70702,SAN JUAN DE BETULIA,SUCRE,16802.41340697014,1454.3760801077103,0.0,0,,,0,0.0,0.0,0,0,0.0,0.0,30,1,2026-09-20T18:06:24
70708,SAN MARCOS,SUCRE,96982.62376531887,34499.11763298388,0.0,0,,,0,0.0,0.0,0,0,0.0,0.0,30,1,2026-09-20T18:06:24
70713,SAN ONOFRE,SUCRE,103497.72097602324,45728.09422561206,0.0,0,,,0,0.0,0.0,0,0,0.0,0.0,30,1,2026-09-20T18:06:24
70717,SAN PEDRO,SUCRE,21285.722598050783,86.66142341453866,0.0,0,,,0,0.0,0.0,0,0,0.0,0.0,30,1,2026-09-20T18:06:24
70742,SAN LUIS DE SINCÉ,SUCRE,41872.87355202966,4068.4572181025615,0.0,0,,,0,0.0,0.0,0,0,0.0,0.0,30,1,2026-09-20T18:06:24
70771,SUCRE,SUCRE,113033.84555584066,73052.05217114653,0.0,0,,,0,0.0,0.0,0,0,0.0,0.0,30,1,2026-09-20T18:06:24
70820,SANTIAGO DE TOLÚ,SUCRE,30243.956789053376,6543.593676497685,0.0,0,,,0,0.0,0.0,0,0,0.0,0.0,30,1,2026-09-20T18:06:24
70823,SAN JOSÉ DE TOLUVIEJO,SUCRE,28490.738238983096,5934.32305191874,0.0,0,,,0,0.0,0.0,0,0,0.0,0.0,30,1,2026-09-20T18:06:24
73001,IBAGUÉ,TOLIMA,137659.80289747723,95777.76280314416,0.0,0,,,0,0.0,0.0,0,0,0.0,0.0,30,1,2026-09-20T18:06:24
73024,ALPUJARRA,TOLIMA,50117.18559134289,25884.08548605355,0.0,0,,,0,0.0,0.0,0,0,0.0,0.0,30,1,2026-09-20T18:06:24
73026,ALVARADO,TOLIMA,34411.18828569704,16968.587031156043,0.0,0,,,0,0.0,0.0,0,0,0.0,0.0,30,1,2026-09-20T18:06:24
73030,AMBALEMA,TOLIMA,23785.440982012336,9127.49832731372,0.0,0,,,0,0.0,0.0,0,0,0.0,0.0,30,1,2026-09-20T18:06:24
73043,ANZOÁTEGUI,TOLIMA,46946.92893066566,30244.866500725075,0.0,0,,,0,0.0,0.0,0,0,0.0,0.0,30,1,2026-09-20T18:06:24
73055,ARMERO,TOLIMA,44030.39414910531,23658.222394302065,0.0,0,,,0,0.0,0.0,0,0,0.0,0.0,30,1,2026-09-20T18:06:24
73067,ATACO,TOLIMA,101733.39461598294,66107.1714630935,0.0,0,,,0,0.0,0.0,0,0,0.0,0.0,30,1,2026-09-20T18:06:24
73124,CAJAMARCA,TOLIMA,50837.87173541217,40006.40839210257,0.0,0,,,0,0.0,0.0,0,0,0.0,0.0,30,1,2026-09-20T18:06:24
73148,CARMEN DE APICALÁ,TOLIMA,19067.21965290501,10760.355503339546,0.0,0,,,0,0.0,0.0,0,0,0.0,0.0,30,1,2026-09-20T18:06:24
73152,CASABIANCA,TOLIMA,17483.997333093095,12287.773600331357,0.0,0,,,0,0.0,0.0,0,0,0.0,0.0,30,1,2026-09-20T18:06:24
73168,CHAPARRAL,TOLIMA,210153.71663565625,156876.81079250094,0.0,0,,,0,0.0,0.0,0,0,0.0,0.0,30,1,2026-09-20T18:06:24
73200,COELLO,TOLIMA,34335.81908317287,18609.28738297507,0.0,0,,,0,0.0,0.0,0,0,0.0,0.0,30,1,2026-09-20T18:06:24
73217,COYAIMA,TOLIMA,66869.38281779614,17463.917245740435,0.0,0,,,0,0.0,0.0,0,0,0.0,0.0,30,1,2026-09-20T18:06:24
73226,CUNDAY,TOLIMA,50708.843191772285,40091.55847465944,0.0,0,,,0,0.0,0.0,0,0,0.0,0.0,30,1,2026-09-20T18:06:24
73236,DOLORES,TOLIMA,65144.95391029487,43002.006107827416,0.0,0,,,0,0.0,0.0,0,0,0.0,0.0,30,1,2026-09-20T18:06:24
73268,ESPINAL,TOLIMA,21634.53161365616,4005.7269570541066,0.0,0,,,0,0.0,0.0,0,0,0.0,0.0,30,1,2026-09-20T18:06:24
73270,FALAN,TOLIMA,18120.067650665227,13937.1886151932,0.0,0,,,0,0.0,0.0,0,0,0.0,0.0,30,1,2026-09-20T18:06:24
73275,FLANDES,TOLIMA,9672.487925753485,811.4653684654281,0.0,0,,,0,0.0,0.0,0,0,0.0,0.0,30,1,2026-09-20T18:06:24
73283,FRESNO,TOLIMA,21952.789042576285,19641.454127218534,0.0,0,,,0,0.0,0.0,0,0,0.0,0.0,30,1,2026-09-20T18:06:24
73319,GUAMO,TOLIMA,50541.266210670045,8446.001122324324,0.0,0,,,0,0.0,0.0,0,0,0.0,0.0,30,1,2026-09-20T18:06:24
73347,HERVEO,TOLIMA,32258.769224298303,24661.31236877596,0.0,0,,,0,0.0,0.0,0,0,0.0,0.0,30,1,2026-09-20T18:06:24
73349,HONDA,TOLIMA,30464.071156163365,21664.27015752359,0.0,0,,,0,0.0,0.0,0,0,0.0,0.0,30,1,2026-09-20T18:06:24
73352,ICONONZO,TOLIMA,21496.491709899008,18147.84602917709,0.0,0,,,0,0.0,0.0,0,0,0.0,0.0,30,1,2026-09-20T18:06:24
73408,LÉRIDA,TOLIMA,27176.63508197642,14730.213338559795,0.0,0,,,0,0.0,0.0,0,0,0.0,0.0,30,1,2026-09-20T18:06:24
73411,LÍBANO,TOLIMA,28220.028931956414,24710.04439681168,0.0,0,,,0,0.0,0.0,0,0,0.0,0.0,30,1,2026-09-20T18:06:24
73443,SAN SEBASTIÁN DE MARIQUITA,TOLIMA,29314.37010309935,20369.0950852073,0.0,0,,,0,0.0,0.0,0,0,0.0,0.0,30,1,2026-09-20T18:06:24
73449,MELGAR,TOLIMA,20203.14970224812,13785.20829550013,0.0,0,,,0,0.0,0.0,0,0,0.0,0.0,30,1,2026-09-20T18:06:24
73461,MURILLO,TOLIMA,42372.14733010384,17563.047829673877,0.0,0,,,0,0.0,0.0,0,0,0.0,0.0,30,1,2026-09-20T18:06:24
73483,NATAGAIMA,TOLIMA,85935.03677876429,29571.43108106955,0.0,0,,,0,0.0,0.0,0,0,0.0,0.0,30,1,2026-09-20T18:06:24
73504,ORTEGA,TOLIMA,95336.93809728096,51780.13012640937,0.0,0,,,0,0.0,0.0,0,0,0.0,0.0,30,1,2026-09-20T18:06:24
73520,PALOCABILDO,TOLIMA,6497.016898951781,5765.755252402865,0.0,0,,,0,0.0,0.0,0,0,0.0,0.0,30,1,2026-09-20T18:06:24
73547,PIEDRAS,TOLIMA,35417.99234556205,14056.841394300718,0.0,0,,,0,0.0,0.0,0,0,0.0,0.0,30,1,2026-09-20T18:06:24
73555,PLANADAS,TOLIMA,175392.81933155542,152117.58928389254,0.0,0,,,0,0.0,0.0,0,0,0.0,0.0,30,1,2026-09-20T18:06:24
73563,PRADO,TOLIMA,42270.73706299935,24989.293908217707,0.0,0,,,0,0.0,0.0,0,0,0.0,0.0,30,1,2026-09-20T18:06:24
73585,PURIFICACIÓN,TOLIMA,40191.34425737224,20789.31143131929,0.0,0,,,0,0.0,0.0,0,0,0.0,0.0,30,1,2026-09-20T18:06:24
73616,RIOBLANCO,TOLIMA,204606.6090296845,164478.98743339872,0.0,0,,,0,0.0,0.0,0,0,0.0,0.0,30,1,2026-09-20T18:06:24
73622,RONCESVALLES,TOLIMA,77565.67246677513,49361.26295352748,0.0,0,,,0,0.0,0.0,0,0,0.0,0.0,30,1,2026-09-20T18:06:24
73624,ROVIRA,TOLIMA,73917.21202758317,57705.57310675547,0.0,0,,,0,0.0,0.0,0,0,0.0,0.0,30,1,2026-09-20T18:06:24
73671,SALDAÑA,TOLIMA,19310.56697840904,2943.426275612781,0.0,0,,,0,0.0,0.0,0,0,0.0,0.0,30,1,2026-09-20T18:06:24
73675,SAN ANTONIO,TOLIMA,38328.78433754684,32224.941140306397,0.0,0,,,0,0.0,0.0,0,0,0.0,0.0,30,1,2026-09-20T18:06:24
73678,SAN LUIS,TOLIMA,41199.307480589465,16807.389559933363,0.0,0,,,0,0.0,0.0,0,0,0.0,0.0,30,1,2026-09-20T18:06:24
73686,SANTA ISABEL,TOLIMA,27005.014817052204,11436.574261819556,0.0,0,,,0,0.0,0.0,0,0,0.0,0.0,30,1,2026-09-20T18:06:24
73770,SUÁREZ,TOLIMA,18993.39892603901,10125.127674651225,0.0,0,,,0,0.0,0.0,0,0,0.0,0.0,30,1,2026-09-20T18:06:24
73854,VALLE DE SAN JUAN,TOLIMA,19774.21595124315,10422.423820827247,0.0,0,,,0,0.0,0.0,0,0,0.0,0.0,30,1,2026-09-20T18:06:24
73861,VENADILLO,TOLIMA,33440.088528861335,18036.919803338245,0.0,0,,,0,0.0,0.0,0,0,0.0,0.0,30,1,2026-09-20T18:06:24
73870,VILLAHERMOSA,TOLIMA,27906.4899485651,19589.526846139648,0.0,0,,,0,0.0,0.0,0,0,0.0,0.0,30,1,2026-09-20T18:06:24
73873,VILLARRICA,TOLIMA,43008.0119177349,40689.43724301926,0.0,0,,,0,0.0,0.0,0,0,0.0,0.0,30,1,2026-09-20T18:06:24
76001,SANTIAGO DE CALI,VALLE DEL CAUCA,56326.630576311305,27341.168597496224,0.0,0,,,0,0.0,0.0,0,0,0.0,0.0,30,1,2026-09-20T18:06:24
76020,ALCALÁ,VALLE DEL CAUCA,6234.625058579116,4501.51250842696,0.0,0,,,0,0.0,0.0,0,0,0.0,0.0,30,1,2026-09-20T18:06:24
76036,ANDALUCÍA,VALLE DEL CAUCA,11047.444025380077,4243.014111828336,0.0,0,,,0,0.0,0.0,0,0,0.0,0.0,30,1,2026-09-20T18:06:24
76041,ANSERMANUEVO,VALLE DEL CAUCA,30546.2373473424,18869.69587034977,0.0,0,,,0,0.0,0.0,0,0,0.0,0.0,30,1,2026-09-20T18:06:24
76054,ARGELIA,VALLE DEL CAUCA,9080.59536714823,8050.093007861971,0.0,0,,,0,0.0,0.0,0,0,0.0,0.0,30,1,2026-09-20T18:06:24
76100,BOLÍVAR,VALLE DEL CAUCA,74376.3234595353,57313.253401371,0.0,0,,,0,0.0,0.0,0,0,0.0,0.0,30,1,2026-09-20T18:06:24
76109,BUENAVENTURA,VALLE DEL CAUCA,630098.6193580008,607536.2050272587,634310.0,3,2013.0,490542.0,1,1.0066836849226715,1.0440694640931565,1,1,1.0,1.0,30,1,2026-09-20T18:06:24
76111,GUADALAJARA DE BUGA,VALLE DEL CAUCA,82595.10443899299,51647.59983372944,0.0,0,,,0,0.0,0.0,0,0,0.0,0.0,30,1,2026-09-20T18:06:24
76113,BUGALAGRANDE,VALLE DEL CAUCA,39681.19730283349,20000.292462953348,0.0,0,,,0,0.0,0.0,0,0,0.0,0.0,30,1,2026-09-20T18:06:24
76122,CAICEDONIA,VALLE DEL CAUCA,16697.168873418414,12431.192690014725,0.0,0,,,0,0.0,0.0,0,0,0.0,0.0,30,1,2026-09-20T18:06:24
76126,CALIMA,VALLE DEL CAUCA,79384.17614272637,70184.27358533369,0.0,0,,,0,0.0,0.0,0,0,0.0,0.0,30,1,2026-09-20T18:06:24
76130,CANDELARIA,VALLE DEL CAUCA,29655.82478347673,3100.2874177345066,0.0,0,,,0,0.0,0.0,0,0,0.0,0.0,30,1,2026-09-20T18:06:24
76147,CARTAGO,VALLE DEL CAUCA,24821.45981967752,10134.922988361715,0.0,0,,,0,0.0,0.0,0,0,0.0,0.0,30,1,2026-09-20T18:06:24
76233,DAGUA,VALLE DEL CAUCA,91703.82530789915,72783.58380851336,0.0,0,,,0,0.0,0.0,0,0,0.0,0.0,30,1,2026-09-20T18:06:24
76243,EL ÁGUILA,VALLE DEL CAUCA,18782.40934545389,16535.832146941742,0.0,0,,,0,0.0,0.0,0,0,0.0,0.0,30,1,2026-09-20T18:06:24
76246,EL CAIRO,VALLE DEL CAUCA,21423.7019365662,17592.276557981546,0.0,0,,,0,0.0,0.0,0,0,0.0,0.0,30,1,2026-09-20T18:06:24
76248,EL CERRITO,VALLE DEL CAUCA,44195.85106172416,24983.274496937425,0.0,0,,,0,0.0,0.0,0,0,0.0,0.0,30,1,2026-09-20T18:06:24
76250,EL DOVIO,VALLE DEL CAUCA,23623.6756006284,16271.797641498928,0.0,0,,,0,0.0,0.0,0,0,0.0,0.0,30,1,2026-09-20T18:06:24
76275,FLORIDA,VALLE DEL CAUCA,40160.79665836723,23694.231580645665,0.0,0,,,0,0.0,0.0,0,0,0.0,0.0,30,1,2026-09-20T18:06:24
76306,GINEBRA,VALLE DEL CAUCA,26878.350516130376,19710.641179217306,0.0,0,,,0,0.0,0.0,0,0,0.0,0.0,30,1,2026-09-20T18:06:24
76318,GUACARÍ,VALLE DEL CAUCA,16252.193120150236,9498.198145754131,0.0,0,,,0,0.0,0.0,0,0,0.0,0.0,30,1,2026-09-20T18:06:24
76364,JAMUNDÍ,VALLE DEL CAUCA,62935.683819175625,38733.07181991731,0.0,0,,,0,0.0,0.0,0,0,0.0,0.0,30,1,2026-09-20T18:06:24
76377,LA CUMBRE,VALLE DEL CAUCA,25551.104611822848,13315.272974316264,0.0,0,,,0,0.0,0.0,0,0,0.0,0.0,30,1,2026-09-20T18:06:24
76400,LA UNIÓN,VALLE DEL CAUCA,12088.518843605112,3990.817592999319,0.0,0,,,0,0.0,0.0,0,0,0.0,0.0,30,1,2026-09-20T18:06:24
76403,LA VICTORIA,VALLE DEL CAUCA,26469.65150906698,12486.718191072763,0.0,0,,,0,0.0,0.0,0,0,0.0,0.0,30,1,2026-09-20T18:06:24
76497,OBANDO,VALLE DEL CAUCA,21467.338111985,8217.215589920099,0.0,0,,,0,0.0,0.0,0,0,0.0,0.0,30,1,2026-09-20T18:06:24
76520,PALMIRA,VALLE DEL CAUCA,100531.67352860387,47650.94068228453,0.0,0,,,0,0.0,0.0,0,0,0.0,0.0,30,1,2026-09-20T18:06:24
76563,PRADERA,VALLE DEL CAUCA,35678.156962283334,19629.73231493716,0.0,0,,,0,0.0,0.0,0,0,0.0,0.0,30,1,2026-09-20T18:06:24
76606,RESTREPO,VALLE DEL CAUCA,13726.966361244276,6810.22134578334,0.0,0,,,0,0.0,0.0,0,0,0.0,0.0,30,1,2026-09-20T18:06:24
76616,RIOFRÍO,VALLE DEL CAUCA,30816.60589732377,20998.634321544967,0.0,0,,,0,0.0,0.0,0,0,0.0,0.0,30,1,2026-09-20T18:06:24
76622,ROLDANILLO,VALLE DEL CAUCA,23497.86697722135,9161.607147212497,0.0,0,,,0,0.0,0.0,0,0,0.0,0.0,30,1,2026-09-20T18:06:24
76670,SAN PEDRO,VALLE DEL CAUCA,20216.02237917012,12501.833041917924,0.0,0,,,0,0.0,0.0,0,0,0.0,0.0,30,1,2026-09-20T18:06:24
76736,SEVILLA,VALLE DEL CAUCA,53714.45870696096,38746.28773531184,0.0,0,,,0,0.0,0.0,0,0,0.0,0.0,30,1,2026-09-20T18:06:24
76823,TORO,VALLE DEL CAUCA,17577.588793325333,7949.462243502192,0.0,0,,,0,0.0,0.0,0,0,0.0,0.0,30,1,2026-09-20T18:06:24
76828,TRUJILLO,VALLE DEL CAUCA,30772.048826097507,21437.26951637128,0.0,0,,,0,0.0,0.0,0,0,0.0,0.0,30,1,2026-09-20T18:06:24
76834,TULUÁ,VALLE DEL CAUCA,90939.5659766071,61255.96118885804,0.0,0,,,0,0.0,0.0,0,0,0.0,0.0,30,1,2026-09-20T18:06:24
76845,ULLOA,VALLE DEL CAUCA,4185.852619721992,3188.530005407721,0.0,0,,,0,0.0,0.0,0,0,0.0,0.0,30,1,2026-09-20T18:06:24
76863,VERSALLES,VALLE DEL CAUCA,20062.92994825368,11962.89320710546,0.0,0,,,0,0.0,0.0,0,0,0.0,0.0,30,1,2026-09-20T18:06:24
76869,VIJES,VALLE DEL CAUCA,11297.110683034076,5882.490198220251,0.0,0,,,0,0.0,0.0,0,0,0.0,0.0,30,1,2026-09-20T18:06:24
76890,YOTOCO,VALLE DEL CAUCA,32777.719150549456,15542.063486379817,0.0,0,,,0,0.0,0.0,0,0,0.0,0.0,30,1,2026-09-20T18:06:24
76892,YUMBO,VALLE DEL CAUCA,23067.21960627819,7263.180191033151,0.0,0,,,0,0.0,0.0,0,0,0.0,0.0,30,1,2026-09-20T18:06:24
76895,ZARZAL,VALLE DEL CAUCA,36796.56404705147,17384.49352815192,0.0,0,,,0,0.0,0.0,0,0,0.0,0.0,30,1,2026-09-20T18:06:24
81001,ARAUCA,ARAUCA,576722.61113595,110618.57399256904,0.0,0,,,0,0.0,0.0,0,0,0.0,0.0,30,1,2026-09-20T18:06:24
81065,ARAUQUITA,ARAUCA,303758.29872641264,178349.2306771456,0.0,0,,,0,0.0,0.0,0,0,0.0,0.0,30,1,2026-09-20T18:06:24
81220,CRAVO NORTE,ARAUCA,519241.3276448084,37534.87046997379,0.0,0,,,0,0.0,0.0,0,0,0.0,0.0,30,1,2026-09-20T18:06:24
81300,FORTUL,ARAUCA,115545.46156352172,73144.13218309086,0.0,0,,,0,0.0,0.0,0,0,0.0,0.0,30,1,2026-09-20T18:06:24
81591,PUERTO RONDÓN,ARAUCA,227398.86992426685,63968.4254485046,0.0,0,,,0,0.0,0.0,0,0,0.0,0.0,30,1,2026-09-20T18:06:24
81736,SARAVENA,ARAUCA,94258.73617357944,57897.5433888788,0.0,0,,,0,0.0,0.0,0,0,0.0,0.0,30,1,2026-09-20T18:06:24
81794,TAME,ARAUCA,540387.5657697566,286246.26212107204,0.0,0,,,0,0.0,0.0,0,0,0.0,0.0,30,1,2026-09-20T18:06:24
85001,YOPAL,CASANARE,247688.77927295808,81202.47428385362,0.0,0,,,0,0.0,0.0,0,0,0.0,0.0,30,1,2026-09-20T18:06:24
85010,AGUAZUL,CASANARE,143926.46692747902,55779.33790655011,0.0,0,,,0,0.0,0.0,0,0,0.0,0.0,30,1,2026-09-20T18:06:24
85015,CHÁMEZA,CASANARE,30916.33811365184,26900.73113033257,0.0,0,,,0,0.0,0.0,0,0,0.0,0.0,30,1,2026-09-20T18:06:24
85125,HATO COROZAL,CASANARE,549226.6109446675,108524.5796404776,0.0,0,,,0,0.0,0.0,0,0,0.0,0.0,30,1,2026-09-20T18:06:24
85136,LA SALINA,CASANARE,19941.924572428463,15597.663619197545,0.0,0,,,0,0.0,0.0,0,0,0.0,0.0,30,1,2026-09-20T18:06:24
85139,MANÍ,CASANARE,374528.1359724743,51130.53141177105,0.0,0,,,0,0.0,0.0,0,0,0.0,0.0,30,1,2026-09-20T18:06:24
85162,MONTERREY,CASANARE,77757.34252145917,24950.279466596217,0.0,0,,,0,0.0,0.0,0,0,0.0,0.0,30,1,2026-09-20T18:06:24
85225,NUNCHÍA,CASANARE,109925.60232629757,39349.51763708105,0.0,0,,,0,0.0,0.0,0,0,0.0,0.0,30,1,2026-09-20T18:06:24
85230,OROCUÉ,CASANARE,473984.2913339444,57000.00132908461,0.0,0,,,0,0.0,0.0,0,0,0.0,0.0,30,1,2026-09-20T18:06:24
85250,PAZ DE ARIPORO,CASANARE,1207452.9772993452,145241.68630527743,0.0,0,,,0,0.0,0.0,0,0,0.0,0.0,30,1,2026-09-20T18:06:24
85263,PORE,CASANARE,77939.01542956638,21785.373231326605,0.0,0,,,0,0.0,0.0,0,0,0.0,0.0,30,1,2026-09-20T18:06:24
85279,RECETOR,CASANARE,18084.5872999844,14247.984359273169,0.0,0,,,0,0.0,0.0,0,0,0.0,0.0,30,1,2026-09-20T18:06:24
85300,SABANALARGA,CASANARE,40015.820519909335,19004.428939405698,0.0,0,,,0,0.0,0.0,0,0,0.0,0.0,30,1,2026-09-20T18:06:24
85315,SÁCAMA,CASANARE,31146.707274681336,29141.853065459505,0.0,0,,,0,0.0,0.0,0,0,0.0,0.0,30,1,2026-09-20T18:06:24
85325,SAN LUIS DE PALENQUE,CASANARE,298088.99448714155,56760.615421327726,0.0,0,,,0,0.0,0.0,0,0,0.0,0.0,30,1,2026-09-20T18:06:24
85400,TÁMARA,CASANARE,108853.01225152996,89376.99562214865,0.0,0,,,0,0.0,0.0,0,0,0.0,0.0,30,1,2026-09-20T18:06:24
85410,TAURAMENA,CASANARE,238017.42128780432,70653.64117574075,0.0,0,,,0,0.0,0.0,0,0,0.0,0.0,30,1,2026-09-20T18:06:24
85430,TRINIDAD,CASANARE,295990.8835437705,60696.12976418864,0.0,0,,,0,0.0,0.0,0,0,0.0,0.0,30,1,2026-09-20T18:06:24
85440,VILLANUEVA,CASANARE,83216.05971736398,30221.53560755177,0.0,0,,,0,0.0,0.0,0,0,0.0,0.0,30,1,2026-09-20T18:06:24
86001,MOCOA,PUTUMAYO,130526.36173553788,127461.12753935004,0.0,0,,,0,0.0,0.0,0,0,0.0,0.0,30,1,2026-09-20T18:06:24
86219,COLÓN,PUTUMAYO,6431.747925776966,4759.094337211007,0.0,0,,,0,0.0,0.0,0,0,0.0,0.0,30,1,2026-09-20T18:06:24
86320,ORITO,PUTUMAYO,194059.41742868428,184175.2075202824,0.0,0,,,0,0.0,0.0,0,0,0.0,0.0,30,1,2026-09-20T18:06:24
86568,PUERTO ASÍS,PUTUMAYO,281984.3750017469,258822.2324174088,0.0,0,,,0,0.0,0.0,0,0,0.0,0.0,30,1,2026-09-20T18:06:24
86569,PUERTO CAICEDO,PUTUMAYO,92684.28277188628,87813.80676083066,0.0,0,,,0,0.0,0.0,0,0,0.0,0.0,30,1,2026-09-20T18:06:24
86571,PUERTO GUZMÁN,PUTUMAYO,457635.16626429575,430455.9203571887,0.0,0,,,0,0.0,0.0,0,0,0.0,0.0,30,1,2026-09-20T18:06:24
86573,PUERTO LEGUÍZAMO,PUTUMAYO,1090042.5985962665,1005734.9924005368,0.0,0,,,0,0.0,0.0,0,0,0.0,0.0,30,1,2026-09-20T18:06:24
86749,SIBUNDOY,PUTUMAYO,9779.631886683832,7601.159890012056,0.0,0,,,0,0.0,0.0,0,0,0.0,0.0,30,1,2026-09-20T18:06:24
86755,SAN FRANCISCO,PUTUMAYO,40759.61624600868,39239.482449399366,0.0,0,,,0,0.0,0.0,0,0,0.0,0.0,30,1,2026-09-20T18:06:24
86757,SAN MIGUEL,PUTUMAYO,37996.831084953,30175.48454375757,0.0,0,,,0,0.0,0.0,0,0,0.0,0.0,30,1,2026-09-20T18:06:24
86760,SANTIAGO,PUTUMAYO,34216.07334809616,31500.117719710222,0.0,0,,,0,0.0,0.0,0,0,0.0,0.0,30,1,2026-09-20T18:06:24
86865,VALLE DEL GUAMUEZ,PUTUMAYO,81566.12144509995,67266.29622222162,0.0,0,,,0,0.0,0.0,0,0,0.0,0.0,30,1,2026-09-20T18:06:24
86885,VILLAGARZÓN,PUTUMAYO,139770.27336269637,132508.91900081377,0.0,0,,,0,0.0,0.0,0,0,0.0,0.0,30,1,2026-09-20T18:06:24
88001,SAN ANDRÉS,"ARCHIPIÉLAGO DE SAN ANDRÉS, PROVIDENCIA Y SANTA CATALINA",2726.527319493985,1939.2075383474184,0.0,0,,,0,0.0,0.0,0,0,0.0,0.0,30,1,2026-09-20T18:06:24
88564,PROVIDENCIA,"ARCHIPIÉLAGO DE SAN ANDRÉS, PROVIDENCIA Y SANTA CATALINA",2232.3312012117062,1767.4504296155044,0.0,0,,,0,0.0,0.0,0,0,0.0,0.0,30,1,2026-09-20T18:06:24
91001,LETICIA,AMAZONAS,615833.0982702103,603148.7141159876,0.0,0,,,0,0.0,0.0,0,0,0.0,0.0,30,1,2026-09-20T18:06:24
91263,EL ENCANTO,AMAZONAS,1087426.4680946618,1046840.1611371528,0.0,0,,,0,0.0,0.0,0,0,0.0,0.0,30,1,2026-09-20T18:06:24
91405,LA CHORRERA,AMAZONAS,1264144.9089981967,1267568.6451889868,3663485.0,1,2016.0,3663485.0,1,2.897994505157815,2.890166945912264,1,1,1.0,1.0,30,1,2026-09-20T18:06:24
91407,LA PEDRERA,AMAZONAS,1361479.648824443,1332628.9431481487,0.0,0,,,0,0.0,0.0,0,0,0.0,0.0,30,1,2026-09-20T18:06:24
91430,LA VICTORIA,AMAZONAS,142820.2814833401,142275.6667796284,0.0,0,,,0,0.0,0.0,0,0,0.0,0.0,30,1,2026-09-20T18:06:24
91460,MIRITÍ - PARANÁ,AMAZONAS,1681437.3499433482,1680905.806597724,0.0,0,,,0,0.0,0.0,0,0,0.0,0.0,30,1,2026-09-20T18:06:24
91530,PUERTO ALEGRÍA,AMAZONAS,848182.446211771,836522.0333610519,0.0,0,,,0,0.0,0.0,0,0,0.0,0.0,30,1,2026-09-20T18:06:24
91536,PUERTO ARICA,AMAZONAS,1380607.5730618103,1346454.5424524564,0.0,0,,,0,0.0,0.0,0,0,0.0,0.0,30,1,2026-09-20T18:06:24
91540,PUERTO NARIÑO,AMAZONAS,150374.9964910766,137365.2976039288,0.0,0,,,0,0.0,0.0,0,0,0.0,0.0,30,1,2026-09-20T18:06:24
91669,PUERTO SANTANDER,AMAZONAS,1469198.551601675,1458051.983873479,1492307.0,1,2022.0,1492307.0,1,1.0157286082082866,1.0234936864428652,1,1,1.0,1.0,30,1,2026-09-20T18:06:24
91798,TARAPACÁ,AMAZONAS,915977.5321333042,886895.2490021117,0.0,0,,,0,0.0,0.0,0,0,0.0,0.0,30,1,2026-09-20T18:06:24
94001,INÍRIDA,GUAINÍA,1589123.254379026,1484243.592045368,1000.0,1,2017.0,1000.0,1,0.0006292778091594696,0.0006737438553613332,0,0,0.0006292778091594696,0.0006737438553613332,30,1,2026-09-20T18:06:24
94343,BARRANCOMINAS,GUAINÍA,1434299.541086309,1423858.919946371,0.0,0,,,0,0.0,0.0,0,0,0.0,0.0,30,1,2026-09-20T18:06:24
94883,SAN FELIPE,GUAINÍA,290970.8962039912,268752.07960712654,0.0,0,,,0,0.0,0.0,0,0,0.0,0.0,30,1,2026-09-20T18:06:24
94884,PUERTO COLOMBIA,GUAINÍA,1562042.2818444276,1553346.8816192327,0.0,0,,,0,0.0,0.0,0,0,0.0,0.0,30,1,2026-09-20T18:06:24
94885,LA GUADALUPE,GUAINÍA,117189.17371981448,92386.234297239,0.0,0,,,0,0.0,0.0,0,0,0.0,0.0,30,1,2026-09-20T18:06:24
94886,CACAHUAL,GUAINÍA,232243.22861404272,195102.9045758027,0.0,0,,,0,0.0,0.0,0,0,0.0,0.0,30,1,2026-09-20T18:06:24
94887,PANA PANA,GUAINÍA,1018094.665762306,1017891.4463999772,0.0,0,,,0,0.0,0.0,0,0,0.0,0.0,30,1,2026-09-20T18:06:24
94888,MORICHAL,GUAINÍA,851379.190639041,845744.2589105843,0.0,0,,,0,0.0,0.0,0,0,0.0,0.0,30,1,2026-09-20T18:06:24
95001,SAN JOSÉ DEL GUAVIARE,GUAVIARE,1671239.3975099109,1542749.5787720922,0.0,0,,,0,0.0,0.0,0,0,0.0,0.0,30,1,2026-09-20T18:06:24
95015,CALAMAR,GUAVIARE,1351032.0246826864,1337774.567727365,124923.0,1,,124923.0,1,0.0924648696090978,0.0933812041383186,0,0,0.0924648696090978,0.0933812041383186,30,1,2026-09-20T18:06:24
95025,EL RETORNO,GUAVIARE,1240590.549989669,1184402.156241313,0.0,0,,,0,0.0,0.0,0,0,0.0,0.0,30,1,2026-09-20T18:06:24
95200,MIRAFLORES,GUAVIARE,1277474.3866783418,1259592.6489369082,0.0,0,,,0,0.0,0.0,0,0,0.0,0.0,30,1,2026-09-20T18:06:24
97001,MITÚ,VAUPÉS,1615641.9019958614,1612656.9563105633,1329530.0,3,2017.0,809664.0,1,0.82291131367513,0.8244344804996215,0,0,0.82291131367513,0.8244344804996215,30,1,2026-09-20T18:06:24
97161,CARURÚ,VAUPÉS,634903.7264508622,624564.4992487181,289518.0,1,2017.0,289518.0,1,0.45600299374271663,0.46355180345385955,0,0,0.45600299374271663,0.46355180345385955,30,1,2026-09-20T18:06:24
97511,PACOA,VAUPÉS,1394684.2185101395,1395088.9797966774,1627439.0,2,2017.0,814948.0,1,1.1668870833990643,1.1665485310027937,1,1,1.0,1.0,30,1,2026-09-20T18:06:24
97666,TARAIRA,VAUPÉS,648423.6103412517,642591.6679802644,0.0,0,,,0,0.0,0.0,0,0,0.0,0.0,30,1,2026-09-20T18:06:24
97777,PAPUNAHUA,VAUPÉS,553190.8762424699,553236.2083138359,0.0,0,,,0,0.0,0.0,0,0,0.0,0.0,30,1,2026-09-20T18:06:24
97889,YAVARATÉ,VAUPÉS,464089.4609466221,460947.0133602082,0.0,0,,,0,0.0,0.0,0,0,0.0,0.0,30,1,2026-09-20T18:06:24
99001,PUERTO CARREÑO,VICHADA,1214232.3366406434,160870.45231950347,0.0,0,,,0,0.0,0.0,0,0,0.0,0.0,30,1,2026-09-20T18:06:24
99524,LA PRIMAVERA,VICHADA,1849210.7244234132,181934.41475283285,0.0,0,,,0,0.0,0.0,0,0,0.0,0.0,30,1,2026-09-20T18:06:24
99624,SANTA ROSALÍA,VICHADA,367900.5020893597,39301.94865782111,0.0,0,,,0,0.0,0.0,0,0,0.0,0.0,30,1,2026-09-20T18:06:24
99773,CUMARIBO,VICHADA,6531928.516006772,4211199.936313488,1150212.0,1,2013.0,1150212.0,1,0.17609072070849457,0.2731316530667749,0,0,0.17609072070849457,0.2731316530667749,30,1,2026-09-20T18:06:24
