fuente,id_registro,nombre_proyecto,estado,anio_inicio,sector_sugerido,tipo_proyecto,evidencia_tipo,clasificacion_final_manual,COD_DANE,n_municipios,n_matches_texto,en_varias_fuentes,alerta,campos_sectoriales,clave
cercarbono,CDC-10,Bonos de Carbono Caracoli,Verification,2010.0,AFOLU,ARR,campo_registrador,AFOLU,05142,1,1.0,False,,"PROTOCOL CVCC 3.1 | Land use (AFOLU) | CCB - M/UT/F-A01: Methodology To Implement GHG Removal Projects Through Reforestation, Forest Restoration and the Establishment of Woody Crops | Removal",cercarbono|bonos de carbono caracoli
cercarbono,CDC-17,CARBONO GRESCO2,Verification,2009.0,AFOLU,ARR,campo_registrador,AFOLU,05129;15131;17433;17541;17873;25743;52381,7,7.0,False,municipio ambiguo,"ES-I-CC-002, PROTOCOL CVCC V1.1 | Land use (AFOLU) | CCB - M/UT/F-A01: Methodology To Implement GHG Removal Projects Through Reforestation, Forest Restoration and the Establishment of Woody Crops | Removal",cercarbono|carbono gresco2
cercarbono,CDC-31,Carbono Agroforestal La Argentina,Certified,2011.0,AFOLU,ARR,campo_registrador+nombre,AFOLU,05001;05858;41378,3,3.0,True,municipio ambiguo,"PROTOCOL CVCC 3.1 | Land use (AFOLU) | NTC 6208 - Mitigation actions in the land use, change in land use and forestry sector at the rural level, incorporating social and biodiversity considerations | Avoidance",cercarbono|carbono agroforestal la argentina
cercarbono,CDC-23,Carbono Bagatela,Verification,2011.0,AFOLU,ARR,campo_registrador,AFOLU,05051;13212;23419;52215;63212,5,5.0,True,municipio ambiguo,"PROTOCOL CVCC V2.1 | Land use (AFOLU) | CCB - M/UT/F-A01: Methodology To Implement GHG Removal Projects Through Reforestation, Forest Restoration and the Establishment of Woody Crops | Removal",cercarbono|carbono bagatela
cercarbono,CDC-181,Carbono Hass,Certified,2018.0,AFOLU,ARR,campo_registrador,AFOLU,05129;15104;15131;17616,4,4.0,False,municipio ambiguo,"PROTOCOL CVCC 4.2 | Land use (AFOLU) | CCB - M/UT/F-A01: Methodology To Implement GHG Removal Projects Through Reforestation, Forest Restoration and the Establishment of Woody Crops | Removal",cercarbono|carbono hass
cercarbono,CDC-180,Carbono Rancho Victoria,Verification,2018.0,AFOLU,ARR,campo_registrador,AFOLU,50573,1,1.0,False,,"PROTOCOL CVCC 4.2 | Land use (AFOLU) | CCB - M/UT/F-A01: Methodology To Implement GHG Removal Projects Through Reforestation, Forest Restoration and the Establishment of Woody Crops | Removal",cercarbono|carbono rancho victoria
cercarbono,CDC-232,LIGNUS - BONOS DE CARBONO,Verification,2021.0,AFOLU,ARR,campo_registrador,AFOLU,13873;44874;68872;85162;85440,5,5.0,False,municipio ambiguo,"PROTOCOL CVCC 4.4 | Land use (AFOLU) | CCB - M/UT/F-A01: Methodology To Implement GHG Removal Projects Through Reforestation, Forest Restoration and the Establishment of Woody Crops | Removal",cercarbono|lignus - bonos de carbono
cercarbono,CDC-32,Programa de Compensaciones de Gases de Efecto Invernadero (GEI) – Reforestadora Cacerí S.A.,Certified,2007.0,AFOLU,ARR,campo_registrador,AFOLU,,0,0.0,False,,"PROTOCOL CVCC 3.1 | Land use (AFOLU) | CCB - M/UT/F-A01: Methodology To Implement GHG Removal Projects Through Reforestation, Forest Restoration and the Establishment of Woody Crops | Removal",cercarbono|programa de compensaciones de gases de efecto invernadero (gei) – reforestadora caceri s.a.
cercarbono,CDC-254,Proyecto Forestal CO2CERO Chigüiro,Validation,2020.0,AFOLU,ARR,campo_registrador,AFOLU,50568;50573;99524,3,3.0,True,municipio ambiguo,"PROTOCOL CVCC 4.5 | Land use (AFOLU) | CCB - M/UT/F-A01: Methodology To Implement GHG Removal Projects Through Reforestation, Forest Restoration and the Establishment of Woody Crops | Removal",cercarbono|proyecto forestal co2cero chiguiro
cercarbono,CDC-54,AZIRPA,Rejected,2018.0,AFOLU,REDD,campo_registrador,AFOLU,,0,0.0,False,,PROTOCOL CVCC V2.1 | Land use (AFOLU) | CCB - M/LU-REDD+: Methodology for the Implementation of REDD+ Projects Consistent with National Reference Levels | Avoidance and removal,cercarbono|azirpa
cercarbono,CDC-155,Awakadaa Jiduaa,Certified,2018.0,AFOLU,REDD,campo_registrador,AFOLU,08573;17665;94884,3,3.0,True,municipio ambiguo,PROTOCOL CVCC 4.1 | Land use (AFOLU) | CCB - M/LU-REDD+: Methodology for the Implementation of REDD+ Projects Consistent with National Reference Levels | Avoidance and removal,cercarbono|awakadaa jiduaa
cercarbono,CDC-55,Awakadaa Matsiadali,Certified,2018.0,AFOLU,REDD,campo_registrador,AFOLU,,0,0.0,False,,PROTOCOL CVCC 3.1 | Land use (AFOLU) | CCB - M/LU-REDD+: Methodology for the Implementation of REDD+ Projects Consistent with National Reference Levels | Avoidance and removal,cercarbono|awakadaa matsiadali
cercarbono,CDC-53,BAKA ROKARIRE ~IA TIR+~DITO,Certified,2018.0,AFOLU,REDD,campo_registrador,AFOLU,,0,0.0,False,,PROTOCOL CVCC V2.1 | Land use (AFOLU) | CCB - M/LU-REDD+: Methodology for the Implementation of REDD+ Projects Consistent with National Reference Levels | Avoidance and removal,cercarbono|baka rokarire ~ia tir+~dito
cercarbono,CDC-60,BANAKALE - ISIMALI REDD+,Certified,2016.0,AFOLU,REDD,campo_registrador,AFOLU,05660;73678,2,2.0,False,municipio ambiguo,PROTOCOL CVCC V2.1 | Land use (AFOLU) | CCB - M/LU-REDD+: Methodology for the Implementation of REDD+ Projects Consistent with National Reference Levels | Avoidance and removal,cercarbono|banakale - isimali redd+
cercarbono,CDC-117,CHONTA COROZO REDD+ Project,Certified,2017.0,AFOLU,REDD,campo_registrador,AFOLU,,0,0.0,False,,PROTOCOL CVCC 4.1 | Land use (AFOLU) | CCB - M/LU-REDD+: Methodology for the Implementation of REDD+ Projects Consistent with National Reference Levels | Avoidance and removal,cercarbono|chonta corozo redd+ project
cercarbono,CDC-61,COCOMAN FRONTERA REDD+,Certified,2016.0,AFOLU,REDD,campo_registrador,AFOLU,27372;27491,2,2.0,False,municipio ambiguo,"PROTOCOL CVCC V2.1, PROTOCOL CVCC 4.4 | Land use (AFOLU) | CCB - M/LU-REDD+: Methodology for the Implementation of REDD+ Projects Consistent with National Reference Levels | Avoidance and removal",cercarbono|cocoman frontera redd+
cercarbono,CDC-118,"Cavadacavᵾ Coreivᵾ Jocᵾ Bᵾcᵾro Rẽ, N̄ᵾjẽ N̄ecᵾvã Aiye Baquepe",Certified,2018.0,AFOLU,REDD,campo_registrador,AFOLU,,0,0.0,False,,PROTOCOL CVCC 4.1 | Land use (AFOLU) | CCB - M/LU-REDD+: Methodology for the Implementation of REDD+ Projects Consistent with National Reference Levels | Avoidance and removal,"cercarbono|cavadacavᵾ coreivᵾ jocᵾ bᵾcᵾro re, nᵾje necᵾva aiye baquepe"
cercarbono,CDC-152,GUAINIA REDD+ PROJECT,Certified,2018.0,AFOLU,REDD,campo_registrador,AFOLU,,0,0.0,False,,PROTOCOL CVCC 4.1 | Land use (AFOLU) | CCB - M/LU-REDD+: Methodology for the Implementation of REDD+ Projects Consistent with National Reference Levels | Avoidance and removal,cercarbono|guainia redd+ project
cercarbono,CDC-47,Infraestructuras Ecosistémicas REDD+ para los Campesinos de Antioquia Colombia,Verification,2019.0,AFOLU,REDD,campo_registrador,AFOLU,,0,0.0,True,,PROTOCOL CVCC 4.5 | Land use (AFOLU) | CCB - M/LU-REDD+: Methodology for the Implementation of REDD+ Projects Consistent with National Reference Levels | Avoidance and removal,cercarbono|infraestructuras ecosistemicas redd+ para los campesinos de antioquia colombia
cercarbono,CDC-98,JAJÖM CMARI REDD+ ,Retired,2017.0,AFOLU,REDD,campo_registrador,AFOLU,08573;94001;94343;94884;94888,5,5.0,False,municipio ambiguo,PROTOCOL CVCC 3.1 | Land use (AFOLU) | CCB - M/LU-REDD+: Methodology for the Implementation of REDD+ Projects Consistent with National Reference Levels | Avoidance and removal,cercarbono|jajom cmari redd+
cercarbono,CDC-56,Jocū Bucūrō Apūrō,Certified,2018.0,AFOLU,REDD,campo_registrador,AFOLU,,0,0.0,False,,PROTOCOL CVCC 3.1 | Land use (AFOLU) | CCB - M/LU-REDD+: Methodology for the Implementation of REDD+ Projects Consistent with National Reference Levels | Avoidance and removal,cercarbono|jocu bucuro apuro
cercarbono,CDC-52,Makaro Ap+ro,Certified,2018.0,AFOLU,REDD,campo_registrador,AFOLU,,0,0.0,True,,PROTOCOL CVCC V2.1 | Land use (AFOLU) | CCB - M/LU-REDD+: Methodology for the Implementation of REDD+ Projects Consistent with National Reference Levels | Avoidance and removal,cercarbono|makaro ap+ro
cercarbono,CDC-65,"Manejo Sostenible de los Bosques Aplicado al Predio Santa Ana, Vereda El Popal, Municipio De Sonsón, Bajo El Esquema BancO2",Certified,2014.0,AFOLU,REDD,campo_registrador,AFOLU,05756;47707,2,2.0,False,municipio ambiguo,PROTOCOL CVCC 4.1 | Land use (AFOLU) | CCB - M/LU-REDD+: Methodology for the Implementation of REDD+ Projects Consistent with National Reference Levels | Avoidance and removal,"cercarbono|manejo sostenible de los bosques aplicado al predio santa ana, vereda el popal, municipio de sonson, bajo el esquema banco2"
cercarbono,CDC-28,Manejo Sostenible de los Bosques Aplicado en el Oriente Antioqueño bajo el esquema BancO2®,Certified,2017.0,AFOLU,REDD,campo_registrador,AFOLU,,0,0.0,False,,"PROTOCOL CVCC 3.1, PROTOCOL CVCC 4.4 | Land use (AFOLU) | CCB - M/LU-REDD+: Methodology for the Implementation of REDD+ Projects Consistent with National Reference Levels | Avoidance and removal",cercarbono|manejo sostenible de los bosques aplicado en el oriente antioqueno bajo el esquema banco2®
cercarbono,CDC-156,ORINOCO REDD+ PROJECT,Retired,2018.0,AFOLU,REDD,campo_registrador,AFOLU,99773,1,1.0,False,,PROTOCOL CVCC 4.1 | Land use (AFOLU) | CCB - M/LU-REDD+: Methodology for the Implementation of REDD+ Projects Consistent with National Reference Levels | Avoidance and removal,cercarbono|orinoco redd+ project
cercarbono,CDC-100,PITUGUCAJUDE,Certified,2018.0,AFOLU,REDD,campo_registrador,AFOLU,,0,0.0,True,,PROTOCOL CVCC 3.1 | Land use (AFOLU) | CCB - M/LU-REDD+: Methodology for the Implementation of REDD+ Projects Consistent with National Reference Levels | Avoidance and removal,cercarbono|pitugucajude
cercarbono,CDC-114,PROYECTO REDD+ PAZCÍFICO SUR,Certified,2017.0,AFOLU,REDD,campo_registrador,AFOLU,05483;25483;52480,3,3.0,False,municipio ambiguo,PROTOCOL CVCC 4.1 | Land use (AFOLU) | CCB - M/LU-REDD+: Methodology for the Implementation of REDD+ Projects Consistent with National Reference Levels | Avoidance and removal,cercarbono|proyecto redd+ pazcifico sur
cercarbono,CDC-99,Pedeguita y Mancilla REDD+,Verification,2020.0,AFOLU,REDD,campo_registrador,AFOLU,17614;27150;27615,3,3.0,True,municipio ambiguo,PROTOCOL CVCC 3.1 | Land use (AFOLU) | CCB - M/LU-REDD+: Methodology for the Implementation of REDD+ Projects Consistent with National Reference Levels | Avoidance and removal,cercarbono|pedeguita y mancilla redd+
cercarbono,CDC-146,Planeta Agradecido con el Resguardo indígena Bajo Río Guainía y Río Negro II,Certified,2022.0,AFOLU,REDD,campo_registrador,AFOLU,,0,0.0,True,,PROTOCOL CVCC 4.1 | Land use (AFOLU) | CCB - M/LU-REDD+: Methodology for the Implementation of REDD+ Projects Consistent with National Reference Levels | Avoidance and removal,cercarbono|planeta agradecido con el resguardo indigena bajo rio guainia y rio negro ii
cercarbono,CDC-102,Proyecto Agrupado YAAWI IIPANA REDD+,Certified,2016.0,AFOLU,REDD,campo_registrador,AFOLU,13683;19701;94888,3,3.0,False,municipio ambiguo,PROTOCOL CVCC 4.1 | Land use (AFOLU) | CCB - M/LU-REDD+: Methodology for the Implementation of REDD+ Projects Consistent with National Reference Levels | Avoidance and removal,cercarbono|proyecto agrupado yaawi iipana redd+
cercarbono,CDC-22,Proyecto Conservación ARLEQUÍN REDD+,Certified,2015.0,AFOLU,REDD,campo_registrador,AFOLU,13670;27160;52693,3,3.0,False,municipio ambiguo,"PROTOCOL CVCC 3.1, PROTOCOL CVCC 4.4 | Land use (AFOLU) | CCB - M/LU-REDD+: Methodology for the Implementation of REDD+ Projects Consistent with National Reference Levels | Avoidance and removal",cercarbono|proyecto conservacion arlequin redd+
cercarbono,CDC-230,Proyecto REDD+ Fundación Biodiversa en tierras bajas del Magdalena,Verification,2019.0,AFOLU,REDD,campo_registrador,AFOLU,47189;52079,2,2.0,True,municipio ambiguo,PROTOCOL CVCC 4.4 | Land use (AFOLU) | CCB - M/LU-REDD+: Methodology for the Implementation of REDD+ Projects Consistent with National Reference Levels | Avoidance and removal,cercarbono|proyecto redd+ fundacion biodiversa en tierras bajas del magdalena
cercarbono,CDC-67,Proyecto REDD+ Zona Isana y Surubi,Certified,2018.0,AFOLU,REDD,campo_registrador,AFOLU,,0,0.0,True,,PROTOCOL CVCC 3.1 | Land use (AFOLU) | CCB - M/LU-REDD+: Methodology for the Implementation of REDD+ Projects Consistent with National Reference Levels | Avoidance and removal,cercarbono|proyecto redd+ zona isana y surubi
cercarbono,CDC-148,Proyecto de Conservación UNU-MAI REDD+,Certified,2017.0,AFOLU,REDD,campo_registrador,AFOLU,94001,1,1.0,False,,"PROTOCOL CVCC 4.2, PROTOCOL CVCC 4.4 | Land use (AFOLU) | CCB - M/LU-REDD+: Methodology for the Implementation of REDD+ Projects Consistent with National Reference Levels | Avoidance and removal",cercarbono|proyecto de conservacion unu-mai redd+
cercarbono,CDC-89,REDD+ PAZCÍFICO,Verification,2015.0,AFOLU,REDD,campo_registrador,AFOLU,,0,0.0,True,,PROTOCOL CVCC V2.1 | Land use (AFOLU) | CCB - M/LU-REDD+: Methodology for the Implementation of REDD+ Projects Consistent with National Reference Levels | Avoidance and removal,cercarbono|redd+ pazcifico
cercarbono,CDC-248,RUTA ANDINA,Validation,2020.0,AFOLU,REDD,campo_registrador,AFOLU,,0,0.0,True,,"PROTOCOL CVCC 4.4 | Land use (AFOLU) | CCB - M/LU-REDD+: Methodology for the Implementation of REDD+ Projects Consistent with National Reference Levels, CCB - M/UT/F-A01: Methodology To Implement GHG Removal Projects Through Reforestation, Forest Restoration and the Establishment of Woody Crops | Avoidance and removal, Removal",cercarbono|ruta andina
cercarbono,CDC-63,“PLANETA AGRADECIDO CON EL RESGUARDO INDÍGENA CMARI”,Retired,2017.0,AFOLU,REDD,campo_registrador,AFOLU,,0,0.0,False,,PROTOCOL CVCC V2.1 | Land use (AFOLU) | CCB - M/LU-REDD+: Methodology for the Implementation of REDD+ Projects Consistent with National Reference Levels | Avoidance and removal,cercarbono|“planeta agradecido con el resguardo indigena cmari”
cercarbono,CDC-64,“Planeta agradecido con el Resguardo Indígena Bajo Río Guainía y Río Negro”,Certified,2018.0,AFOLU,REDD,campo_registrador,AFOLU,,0,0.0,False,,PROTOCOL CVCC 3.1 | Land use (AFOLU) | CCB - M/LU-REDD+: Methodology for the Implementation of REDD+ Projects Consistent with National Reference Levels | Avoidance and removal,cercarbono|“planeta agradecido con el resguardo indigena bajo rio guainia y rio negro”
cercarbono,CDC-15,Bonos Verdes Colombia Grupo Custodiar S.A.,Certified,2018.0,AFOLU,WRC,campo_registrador,AFOLU,13212;52215;63212,3,3.0,False,municipio ambiguo,PROTOCOL CVCC V2.1 | Land use (AFOLU) | CDM - AR-ACM0003: Afforestation and reforestation of lands except wetlands | Removal,cercarbono|bonos verdes colombia grupo custodiar s.a.
cercarbono,CDC-21,CARBONO NEGOCIOS AGROFORESTALES ,Verification,2011.0,AFOLU,WRC,campo_registrador,AFOLU,05154;05895;13654,3,3.0,False,municipio ambiguo,"ES-I-CC-002, PROTOCOL CVCC V1.1 | Land use (AFOLU) | CDM - AR-ACM0003: Afforestation and reforestation of lands except wetlands, CCB - M/UT/F-A01: Methodology To Implement GHG Removal Projects Through Reforestation, Forest Restoration and the Establishment of Woody Crops | Removal",cercarbono|carbono negocios agroforestales
cercarbono,CDC-19,CARBONO OXIGENO PARA TODOS,Certified,2009.0,AFOLU,WRC,campo_registrador,AFOLU,05001;05129;05148;05607;15131;54245,6,6.0,False,municipio ambiguo,"PROTOCOL CVCC V2.1 | Land use (AFOLU) | CDM - AR-ACM0003: Afforestation and reforestation of lands except wetlands, CCB - M/UT/F-A01: Methodology To Implement GHG Removal Projects Through Reforestation, Forest Restoration and the Establishment of Woody Crops | Removal",cercarbono|carbono oxigeno para todos
cercarbono,CDC-59,CARBONO RINCCO,Certified,2008.0,AFOLU,WRC,campo_registrador,AFOLU,,0,0.0,False,,"PROTOCOL CVCC V2.1 | Land use (AFOLU) | CDM - AR-ACM0003: Afforestation and reforestation of lands except wetlands, CCB - M/UT/F-A01: Methodology To Implement GHG Removal Projects Through Reforestation, Forest Restoration and the Establishment of Woody Crops | Removal",cercarbono|carbono rincco
cercarbono,CDC-97,CARBONO SANTA INES,Certified,2013.0,AFOLU,WRC,campo_registrador,AFOLU,13654;13657,2,2.0,False,municipio ambiguo,"PROTOCOL CVCC V2.1 | Land use (AFOLU) | CDM - AR-ACM0003: Afforestation and reforestation of lands except wetlands, CCB - M/UT/F-A01: Methodology To Implement GHG Removal Projects Through Reforestation, Forest Restoration and the Establishment of Woody Crops | Removal",cercarbono|carbono santa ines
cercarbono,CDC-1,Carbono Agroporvanda,Certified,2008.0,AFOLU,WRC,campo_registrador,AFOLU,,0,0.0,True,,PROTOCOL CVCC V1.1 | Land use (AFOLU) | CDM - AR-ACM0003: Afforestation and reforestation of lands except wetlands | Removal,cercarbono|carbono agroporvanda
cercarbono,CDC-2,Carbono Agrorios,Certified,2011.0,AFOLU,WRC,campo_registrador,AFOLU,,0,0.0,False,,PROTOCOL CVCC V1.1 | Land use (AFOLU) | CDM - AR-ACM0003: Afforestation and reforestation of lands except wetlands | Removal,cercarbono|carbono agrorios
cercarbono,CDC-3,Carbono Flor y Nuevo,Certified,2010.0,AFOLU,WRC,campo_registrador,AFOLU,,0,0.0,False,,PROTOCOL CVCC V1.1 | Land use (AFOLU) | CDM - AR-ACM0003: Afforestation and reforestation of lands except wetlands | Removal,cercarbono|carbono flor y nuevo
cercarbono,CDC-30,Carbono Ganados y Bosques,Certified,2010.0,AFOLU,WRC,campo_registrador,AFOLU,05490,1,1.0,False,,PROTOCOL CVCC V2.1 | Land use (AFOLU) | CDM - AR-ACM0003: Afforestation and reforestation of lands except wetlands | Removal,cercarbono|carbono ganados y bosques
cercarbono,CDC-42,Carbono Inmunizar,Certified,2011.0,AFOLU,WRC,campo_registrador,AFOLU,,0,0.0,True,,PROTOCOL CVCC V2.1 | Land use (AFOLU) | CDM - AR-ACM0003: Afforestation and reforestation of lands except wetlands | Removal,cercarbono|carbono inmunizar
cercarbono,CDC-5,Carbono La Puya y San Lorenzo,Certified,2011.0,AFOLU,WRC,campo_registrador,AFOLU,13212;23419;52215;52687;63212,5,5.0,False,municipio ambiguo,"ES-I-CC-002, PROTOCOL CVCC V1.1 | Land use (AFOLU) | CDM - AR-ACM0003: Afforestation and reforestation of lands except wetlands, CCB - M/UT/F-A01: Methodology To Implement GHG Removal Projects Through Reforestation, Forest Restoration and the Establishment of Woody Crops | Removal",cercarbono|carbono la puya y san lorenzo
cercarbono,CDC-43,Carbono Nueva Esperanza,Certified,2010.0,AFOLU,WRC,campo_registrador,AFOLU,,0,0.0,False,,PROTOCOL CVCC V2.1 | Land use (AFOLU) | CDM - AR-ACM0003: Afforestation and reforestation of lands except wetlands | Removal,cercarbono|carbono nueva esperanza
cercarbono,CDC-4,Carbono Paja Perdida,Certified,2008.0,AFOLU,WRC,campo_registrador,AFOLU,05659,1,1.0,False,,"ES-I-CC-002, PROTOCOL CVCC V1.1 | Land use (AFOLU) | CDM - AR-ACM0003: Afforestation and reforestation of lands except wetlands, CCB - M/UT/F-A01: Methodology To Implement GHG Removal Projects Through Reforestation, Forest Restoration and the Establishment of Woody Crops | Removal",cercarbono|carbono paja perdida
cercarbono,CDC-24,Carbono Reforesta,Certified,2009.0,AFOLU,WRC,campo_registrador,AFOLU,,0,0.0,False,,PROTOCOL CVCC V2.1 | Land use (AFOLU) | CDM - AR-ACM0003: Afforestation and reforestation of lands except wetlands | Removal,cercarbono|carbono reforesta
cercarbono,CDC-49,Carbono Reforestadora El Guásimo,Certified,2007.0,AFOLU,WRC,campo_registrador,AFOLU,05001;05129;15131,3,3.0,False,municipio ambiguo,"ES-I-CC-002, PROTOCOL CVCC 3.1 | Land use (AFOLU) | CDM - AR-ACM0003: Afforestation and reforestation of lands except wetlands, CCB - M/UT/F-A01: Methodology To Implement GHG Removal Projects Through Reforestation, Forest Restoration and the Establishment of Woody Crops | Removal",cercarbono|carbono reforestadora el guasimo
cercarbono,CDC-18,Carbono Refosinu,Retired,2013.0,AFOLU,WRC,campo_registrador,AFOLU,,0,0.0,False,,ES-I-CC-002 | Land use (AFOLU) | CDM - AR-ACM0003: Afforestation and reforestation of lands except wetlands | Removal,cercarbono|carbono refosinu
cercarbono,CDC-79,Carbono Verde,Certified,2011.0,AFOLU,WRC,campo_registrador,AFOLU,13212;23580;52215;63212,4,4.0,False,municipio ambiguo,PROTOCOL CVCC V2.1 | Land use (AFOLU) | CDM - AR-ACM0003: Afforestation and reforestation of lands except wetlands | Removal,cercarbono|carbono verde
cercarbono,CDC-68,Carvida,Certified,2007.0,AFOLU,WRC,campo_registrador,AFOLU,05129;15131,2,2.0,False,municipio ambiguo,"PROTOCOL CVCC V2.1 | Land use (AFOLU) | CDM - AR-ACM0003: Afforestation and reforestation of lands except wetlands, CCB - M/UT/F-A01: Methodology To Implement GHG Removal Projects Through Reforestation, Forest Restoration and the Establishment of Woody Crops | Removal",cercarbono|carvida
cercarbono,CDC-26,MultiAntioquia,Certified,2010.0,AFOLU,WRC,campo_registrador,AFOLU,05129;05670;15131;17013;19110;52381;68013,7,7.0,False,municipio ambiguo,"PROTOCOL CVCC V2.1 | Land use (AFOLU) | CDM - AR-ACM0003: Afforestation and reforestation of lands except wetlands, CCB - M/UT/F-A01: Methodology To Implement GHG Removal Projects Through Reforestation, Forest Restoration and the Establishment of Woody Crops | Removal",cercarbono|multiantioquia
cercarbono,CDC-75,Núcleos Carbono,Certified,2009.0,AFOLU,WRC,campo_registrador,AFOLU,05001;05036;05129;05347;05647;05887;05890;15131;68669;73675;88001,11,11.0,True,municipio ambiguo,"ES-I-CC-002, PROTOCOL CVCC V2.1 | Land use (AFOLU) | CDM - AR-ACM0003: Afforestation and reforestation of lands except wetlands, CCB - M/UT/F-A01: Methodology To Implement GHG Removal Projects Through Reforestation, Forest Restoration and the Establishment of Woody Crops | Removal",cercarbono|nucleos carbono
cercarbono,CDC-29,PROYECTO ASOCIATIVO PROGRAMÁTICO ZONA ANDINA Y COSTA ATLÁNTICA - FCG,Certified,2011.0,AFOLU,WRC,campo_registrador,AFOLU,,0,0.0,False,,"ES-I-CC-002, PROTOCOL CVCC V2.1 | Land use (AFOLU) | CDM - AR-ACM0003: Afforestation and reforestation of lands except wetlands, CCB - M/UT/F-A01: Methodology To Implement GHG Removal Projects Through Reforestation, Forest Restoration and the Establishment of Woody Crops | Removal",cercarbono|proyecto asociativo programatico zona andina y costa atlantica - fcg
cercarbono,CDC-73,Proyecto Carbono CAS,Validation,2008.0,AFOLU,WRC,campo_registrador,AFOLU,19392,1,1.0,True,,"PROTOCOL CVCC V2.1, PROTOCOL CVCC 4.5 | Land use (AFOLU) | CDM - AR-ACM0003: Afforestation and reforestation of lands except wetlands, CCB - M/UT/F-A01: Methodology To Implement GHG Removal Projects Through Reforestation, Forest Restoration and the Establishment of Woody Crops | Removal",cercarbono|proyecto carbono cas
cercarbono,CDC-11,Proyecto Forestal de Mitigación de Cambio Climático en áreas degradadas por ganadería Fincas La Clara y Suebrá,Finished,2009.0,AFOLU,WRC,campo_registrador,AFOLU,,0,0.0,False,,PROTOCOL CVCC V1.1 | Land use (AFOLU) | CDM - AR-ACM0003: Afforestation and reforestation of lands except wetlands | Removal,cercarbono|proyecto forestal de mitigacion de cambio climatico en areas degradadas por ganaderia fincas la clara y suebra
cercarbono,CDC-12,Proyecto de Mitigación Forestal Bonanza Verde,Finished,2009.0,AFOLU,WRC,campo_registrador,AFOLU,,0,0.0,True,,PROTOCOL CVCC V1.1 | Land use (AFOLU) | CDM - AR-ACM0003: Afforestation and reforestation of lands except wetlands | Removal,cercarbono|proyecto de mitigacion forestal bonanza verde
cercarbono,CDC-25,"Proyecto de mitigación en el sector del uso del suelo cambio en el uso del suelo y silvicultura por remociones debidas al establecimiento de sistemas forestales de Hevea brasiliensis en el municipio de Barrancabermeja, Santander, Colombia.",Certified,2013.0,AFOLU,WRC,campo_registrador,AFOLU,68081,1,1.0,False,,"PROTOCOL CVCC V2.1 | Land use (AFOLU) | CDM - AR-ACM0003: Afforestation and reforestation of lands except wetlands, CCB - M/UT/F-A01: Methodology To Implement GHG Removal Projects Through Reforestation, Forest Restoration and the Establishment of Woody Crops | Removal","cercarbono|proyecto de mitigacion en el sector del uso del suelo cambio en el uso del suelo y silvicultura por remociones debidas al establecimiento de sistemas forestales de hevea brasiliensis en el municipio de barrancabermeja, santander, colombia."
cercarbono,CDC-8,Proyecto forestal de mitigación de cambio climático “Forestal de La Orinoquía”,Certified,2010.0,AFOLU,WRC,campo_registrador,AFOLU,99001;99524,2,2.0,False,municipio ambiguo,PROTOCOL CVCC 3.1 | Land use (AFOLU) | CDM - AR-ACM0003: Afforestation and reforestation of lands except wetlands | Removal,cercarbono|proyecto forestal de mitigacion de cambio climatico “forestal de la orinoquia”
cercarbono,CDC-14,Recuperación de suelos degradados con el uso de incentivos financieros en el centro y oriente de Colombia,Finished,2009.0,AFOLU,WRC,campo_registrador,AFOLU,05129;15131;17616,3,3.0,False,municipio ambiguo,PROTOCOL CVCC 3.1 | Land use (AFOLU) | CDM - AR-ACM0003: Afforestation and reforestation of lands except wetlands | Removal,cercarbono|recuperacion de suelos degradados con el uso de incentivos financieros en el centro y oriente de colombia
cercarbono,CDC-7,Reforestación Comercial en Meta,Certified,2009.0,AFOLU,WRC,campo_registrador,AFOLU,,0,0.0,False,,PROTOCOL CVCC V2.1 | Land use (AFOLU) | CDM - AR-ACM0003: Afforestation and reforestation of lands except wetlands | Removal,cercarbono|reforestacion comercial en meta
cercarbono,CDC-13,Reforestación de suelos degradados por la ganadería y la agricultura en Antioquia,Finished,2009.0,AFOLU,WRC,campo_registrador,AFOLU,,0,0.0,False,,PROTOCOL CVCC V1.1 | Land use (AFOLU) | CDM - AR-ACM0003: Afforestation and reforestation of lands except wetlands | Removal,cercarbono|reforestacion de suelos degradados por la ganaderia y la agricultura en antioquia
cercarbono,CDC-46,SKCARBONO,Certified,2010.0,AFOLU,WRC,campo_registrador,AFOLU,05129;15131;17616,3,3.0,False,municipio ambiguo,"PROTOCOL CVCC V2.1 | Land use (AFOLU) | CDM - AR-ACM0003: Afforestation and reforestation of lands except wetlands, CCB - M/UT/F-A01: Methodology To Implement GHG Removal Projects Through Reforestation, Forest Restoration and the Establishment of Woody Crops | Removal",cercarbono|skcarbono
cercarbono,CDC-95,APROVECHAMIENTO Y RECUPERACIÓN DE GAS MEDIANTE LA INSTALACIÓN DE UNA PLANTA PARA LA GENERACIÓN DE ENERGÍA ELÉCTRICA - TERMOMECHERO,Certified,2019.0,NO_AFOLU,COMBUSTIBLES_TERMICA,nombre,NO_AFOLU,,0,0.0,False,,"PROTOCOL CVCC 3.1 | Fugitive emissions from fuels (solids, oil and gas) | Methodological guide for the certification of emissions reduced by the implementation of operational improvement projects in the hydrocarbons sector | Avoidance",cercarbono|aprovechamiento y recuperacion de gas mediante la instalacion de una planta para la generacion de energia electrica - termomechero
cercarbono,CDC-87,Ciclo Combinado Termoflores IV,Certified,2017.0,NO_AFOLU,COMBUSTIBLES_TERMICA,campo_registrador,NO_AFOLU,08001,1,1.0,True,,PROTOCOL CVCC V2.1 | Energy industries | CDM - ACM0007: Conversion from single cycle to combined cycle power generation | Avoidance,cercarbono|ciclo combinado termoflores iv
cercarbono,CDC-113,Eficiencia energética por Control Operacional en la Refinería de Cartagena,Certified,2020.0,NO_AFOLU,ESTUFAS_EFICIENCIA,campo_registrador,NO_AFOLU,,0,0.0,False,,PROTOCOL CVCC 3.1 | Manufacturing industry | CDM - AMS-II.D: Energy efficiency and fuel switching measures for industrial facilities | Avoidance,cercarbono|eficiencia energetica por control operacional en la refineria de cartagena
cercarbono,CDC-112,Sustitución de combustibles fósiles por combustibles alternativos en la producción de Clinker Planta Cartagena,Verification,2019.0,NO_AFOLU,INDUSTRIA,campo_registrador,NO_AFOLU,,0,0.0,False,,PROTOCOL CVCC 3.1 | Manufacturing industry | CDM - ACM0003: Partial substitution of fossil fuels in cement or quicklime manufacture | Avoidance,cercarbono|sustitucion de combustibles fosiles por combustibles alternativos en la produccion de clinker planta cartagena
cercarbono,CDC-71,	Bajo Tuluá Minor Hydroelectric Power Plant,Registration,2011.0,NO_AFOLU,RENOVABLE_OTRA,campo_registrador,NO_AFOLU,70717;76670,2,2.0,False,municipio ambiguo,"PROTOCOL CVCC V2.1, PROTOCOL CVCC 3.1, PROTOCOL CVCC 4.5 | Energy industries | CDM - ACM0002: Grid-connected electricity generation from renewable sources, M/EE-EG001 Implementation of GHG Emission Reduction Projects Through Renewable Energy Use for Electric Power Generation. | Avoidance, Does not apply",cercarbono|bajo tulua minor hydroelectric power plant
cercarbono,CDC-213,Agua Fresca Multipurpose and Environmental Services Project,Certified,2020.0,NO_AFOLU,RENOVABLE_OTRA,campo_registrador,NO_AFOLU,05368;15368;73547,3,3.0,True,municipio ambiguo,PROTOCOL CVCC 4.4 | Energy industries | CDM - AMS-I.D.: Grid connected renewable electricity generation | Avoidance,cercarbono|agua fresca multipurpose and environmental services project
cercarbono,CDC-70,Alto Tuluá Minor Hydroelectric Power Plant,Registration,2012.0,NO_AFOLU,RENOVABLE_OTRA,campo_registrador,NO_AFOLU,,0,0.0,False,,"PROTOCOL CVCC 3.1, PROTOCOL CVCC 4.5 | Energy industries | CDM - ACM0002: Grid-connected electricity generation from renewable sources, M/EE-EG001 Implementation of GHG Emission Reduction Projects Through Renewable Energy Use for Electric Power Generation. | Avoidance, Does not apply",cercarbono|alto tulua minor hydroelectric power plant
cercarbono,CDC-72,Amaime Minor Hydroelectric Power Plant,Verification,2017.0,NO_AFOLU,RENOVABLE_OTRA,campo_registrador,NO_AFOLU,68162;76248,2,2.0,False,municipio ambiguo,"PROTOCOL CVCC 3.1, PROTOCOL CVCC 4.5 | Energy industries | CDM - ACM0002: Grid-connected electricity generation from renewable sources | Avoidance",cercarbono|amaime minor hydroelectric power plant
cercarbono,CDC-109,Bosques Solares de los Llanos 1,Certified,2020.0,NO_AFOLU,RENOVABLE_OTRA,campo_registrador,NO_AFOLU,,0,0.0,False,,PROTOCOL CVCC 3.1 | Energy industries | ACM0002: Grid-connected electricity generation from renewable sources / ACM0006: Electricity and heat generation from biomass  | Avoidance,cercarbono|bosques solares de los llanos 1
cercarbono,CDC-103,CELSIA EOLICO AGRUPADO 2022,Verification,2025.0,NO_AFOLU,RENOVABLE_OTRA,campo_registrador,NO_AFOLU,,0,0.0,False,,"PROTOCOL CVCC 3.1 | Energy industries | CDM - ACM0002: Grid-connected electricity generation from renewable sources, CDM - AMS-I.D.: Grid connected renewable electricity generation | Avoidance",cercarbono|celsia eolico agrupado 2022
cercarbono,CDC-85,Celsia Solar Agrupado Colombia 2021,Verification,2021.0,NO_AFOLU,RENOVABLE_OTRA,campo_registrador,NO_AFOLU,,0,0.0,False,,PROTOCOL CVCC V2.1 | Energy industries | CDM - ACM0002: Grid-connected electricity generation from renewable sources | Avoidance,cercarbono|celsia solar agrupado colombia 2021
cercarbono,CDC-77,Central Hidroeléctrica de Santa Ana,Certified,2015.0,NO_AFOLU,RENOVABLE_OTRA,campo_registrador,NO_AFOLU,47707,1,1.0,False,,PROTOCOL CVCC 3.1 | Energy industries | CDM - AMS-I.D.: Grid connected renewable electricity generation | Avoidance,cercarbono|central hidroelectrica de santa ana
cercarbono,CDC-74,Cucuana Hydroelectric Power Plant,Verification,2014.0,NO_AFOLU,RENOVABLE_OTRA,campo_registrador,NO_AFOLU,70708;73622,2,2.0,False,municipio ambiguo,"PROTOCOL CVCC V2.1, PROTOCOL CVCC 3.1 | Energy industries | CDM - ACM0002: Grid-connected electricity generation from renewable sources | Avoidance",cercarbono|cucuana hydroelectric power plant
cercarbono,CDC-116,Generación Eléctrica/Térmica a partir de Biomasa – Manuelita S.A.,Verification,2018.0,NO_AFOLU,RENOVABLE_OTRA,campo_registrador,NO_AFOLU,,0,0.0,False,,PROTOCOL CVCC 4.2 | Energy industries | CDM - ACM0006: Electricity and heat generation from biomass | Avoidance,cercarbono|generacion electrica/termica a partir de biomasa – manuelita s.a.
cercarbono,CDC-48,Granja Solar de Inírida,Retired,2020.0,NO_AFOLU,RENOVABLE_OTRA,campo_registrador,NO_AFOLU,94001,1,1.0,False,,PROTOCOL CVCC V2.1 | Energy industries | CDM - AMS-I.F.: Renewable electricity generation for captive use and mini-grid | Avoidance,cercarbono|granja solar de inirida
cercarbono,CDC-196,Guajira I Wind Farm,Certified,2022.0,NO_AFOLU,RENOVABLE_OTRA,campo_registrador,NO_AFOLU,,0,0.0,False,,PROTOCOL CVCC 4.3 | Energy industries | CDM - ACM0002: Grid-connected electricity generation from renewable sources | Avoidance,cercarbono|guajira i wind farm
cercarbono,CDC-115,PARQUE EÓLICO WESP 01,Certified,2023.0,NO_AFOLU,RENOVABLE_OTRA,campo_registrador,NO_AFOLU,,0,0.0,True,,PROTOCOL CVCC 4.1 | Energy industries | CDM - ACM0002: Grid-connected electricity generation from renewable sources | Avoidance,cercarbono|parque eolico wesp 01
cercarbono,CDC-161,PCH CANTAYUS,Certified,2017.0,NO_AFOLU,RENOVABLE_OTRA,campo_registrador,NO_AFOLU,05190;47707,2,2.0,True,municipio ambiguo,"PROTOCOL CVCC 4.2 | Energy industries | CDM - AMS-I.D.: Grid connected renewable electricity generation, CDM - AMS-I.F.: Renewable electricity generation for captive use and mini-grid | Avoidance",cercarbono|pch cantayus
cercarbono,CDC-69,PCH La Naveta,Verification,2016.0,NO_AFOLU,RENOVABLE_OTRA,campo_registrador,NO_AFOLU,,0,0.0,True,,PROTOCOL CVCC V2.1 | Energy industries | CDM - AMS-I.D.: Grid connected renewable electricity generation | Avoidance,cercarbono|pch la naveta
cercarbono,CDC-194,PCH NARE,Verification,2027.0,NO_AFOLU,RENOVABLE_OTRA,campo_registrador,NO_AFOLU,05021;05690,2,2.0,False,municipio ambiguo,PROTOCOL CVCC 4.4 | Energy industries | CDM - ACM0002: Grid-connected electricity generation from renewable sources | Avoidance,cercarbono|pch nare
cercarbono,CDC-58,PEQUEÑA CENTRAL HIDROELÉCTRICA SAN ANDRÉS DE CUERQUIA,Verification,2013.0,NO_AFOLU,RENOVABLE_OTRA,campo_registrador,NO_AFOLU,05647;05887;68669;88001,4,4.0,True,municipio ambiguo,"PROTOCOL CVCC 4.3, PROTOCOL CVCC 4.4 | Energy industries | CDM - ACM0002: Grid-connected electricity generation from renewable sources | Avoidance",cercarbono|pequena central hidroelectrica san andres de cuerquia
cercarbono,CDC-184,Primer Proyecto Agrupado de Helios S.A.S E.S.P para la energización de hogares en Zonas No Interconectadas en Colombia,Certified,2020.0,NO_AFOLU,RENOVABLE_OTRA,campo_registrador,NO_AFOLU,,0,0.0,False,,PROTOCOL CVCC 4.2 | Energy industries | AMS-I.L.: Electrification of rural communities using renewable energy | Avoidance,cercarbono|primer proyecto agrupado de helios s.a.s e.s.p para la energizacion de hogares en zonas no interconectadas en colombia
cercarbono,CDC-83,Primera sombrilla de generación solar fotovoltaica de Ecopetrol,Certified,2019.0,NO_AFOLU,RENOVABLE_OTRA,campo_registrador,NO_AFOLU,,0,0.0,False,,PROTOCOL CVCC V2.1 | Energy industries | CDM - AMS-I.F.: Renewable electricity generation for captive use and mini-grid | Avoidance,cercarbono|primera sombrilla de generacion solar fotovoltaica de ecopetrol
cercarbono,CDC-88,Proyecto Hidroeléctrico Alejandría,Certified,2016.0,NO_AFOLU,RENOVABLE_OTRA,campo_registrador,NO_AFOLU,05021,1,1.0,False,,PROTOCOL CVCC V2.1 | Energy industries | CDM - ACM0002: Grid-connected electricity generation from renewable sources | Avoidance,cercarbono|proyecto hidroelectrico alejandria
cercarbono,CDC-39,Proyecto Hidroeléctrico Dario Valencia Samper,Certified,2015.0,NO_AFOLU,RENOVABLE_OTRA,campo_registrador,NO_AFOLU,23855;25245;25386,3,3.0,False,municipio ambiguo,PROTOCOL CVCC V2.1 | Energy industries | CDM - ACM0002: Grid-connected electricity generation from renewable sources | Avoidance,cercarbono|proyecto hidroelectrico dario valencia samper
cercarbono,CDC-34,Proyecto Hidroeléctrico El Quimbo,Certified,2015.0,NO_AFOLU,RENOVABLE_OTRA,campo_registrador,NO_AFOLU,05091;41013;41026;41298;41306;41518;41797;68211,8,8.0,False,municipio ambiguo,PROTOCOL CVCC V2.1 | Energy industries | CDM - ACM0002: Grid-connected electricity generation from renewable sources | Avoidance,cercarbono|proyecto hidroelectrico el quimbo
cercarbono,CDC-40,Proyecto Hidroeléctrico El Salto II,Certified,2015.0,NO_AFOLU,RENOVABLE_OTRA,campo_registrador,NO_AFOLU,05483;17665;25386;25483;25645;52480;73675,7,7.0,False,municipio ambiguo,PROTOCOL CVCC V2.1 | Energy industries | CDM - ACM0002: Grid-connected electricity generation from renewable sources | Avoidance,cercarbono|proyecto hidroelectrico el salto ii
cercarbono,CDC-35,Proyecto Hidroeléctrico Guavio,Cancelled,2020.0,NO_AFOLU,RENOVABLE_OTRA,campo_registrador,NO_AFOLU,,0,0.0,False,,PROTOCOL CVCC V2.1 | Energy industries | CDM - ACM0002: Grid-connected electricity generation from renewable sources | Avoidance,cercarbono|proyecto hidroelectrico guavio
cercarbono,CDC-36,Proyecto Hidroeléctrico Guavio Menor,Certified,2016.0,NO_AFOLU,RENOVABLE_OTRA,campo_registrador,NO_AFOLU,15236;25293;25297,3,3.0,False,municipio ambiguo,PROTOCOL CVCC V2.1 | Energy industries | CDM - AMS-I.D.: Grid connected renewable electricity generation | Avoidance,cercarbono|proyecto hidroelectrico guavio menor
cercarbono,CDC-38,"Proyecto Hidroeléctrico Tequendama 1, 2, 3 y 4",Certified,2018.0,NO_AFOLU,RENOVABLE_OTRA,campo_registrador,NO_AFOLU,05483;17665;25386;25483;25645;52480;73675,7,7.0,False,municipio ambiguo,PROTOCOL CVCC V2.1 | Energy industries | CDM - ACM0002: Grid-connected electricity generation from renewable sources | Avoidance,"cercarbono|proyecto hidroelectrico tequendama 1, 2, 3 y 4"
cercarbono,CDC-108,Proyecto Solar Fotovoltaico Agrupado URRÁ S.A. E.S.P.,Verification,2022.0,NO_AFOLU,RENOVABLE_OTRA,campo_registrador,NO_AFOLU,,0,0.0,True,,PROTOCOL CVCC 3.1 | Energy industries | CCB - M/E-ER01: Methodology for the realization of GHG emissions reduction projects by the use of renewable energy | Avoidance,cercarbono|proyecto solar fotovoltaico agrupado urra s.a. e.s.p.
cercarbono,CDC-147,Proyecto Solar Fotovoltaico Greenyellow,Verification,2023.0,NO_AFOLU,RENOVABLE_OTRA,campo_registrador,NO_AFOLU,,0,0.0,True,,PROTOCOL CVCC 4.1 | Energy industries | CCB - M/E-ER01: Methodology for the realization of GHG emissions reduction projects by the use of renewable energy | Avoidance,cercarbono|proyecto solar fotovoltaico greenyellow
cercarbono,CDC-86,Proyecto agrupado HZ Energy,Certified,2016.0,NO_AFOLU,RENOVABLE_OTRA,campo_registrador,NO_AFOLU,05031;05670,2,2.0,False,municipio ambiguo,PROTOCOL CVCC V2.1 | Energy industries | CDM - AMS-I.D.: Grid connected renewable electricity generation | Avoidance,cercarbono|proyecto agrupado hz energy
cercarbono,CDC-151,Proyecto de Generación de Energía Solar Fotovoltaica El Paso ,Certified,2018.0,NO_AFOLU,RENOVABLE_OTRA,campo_registrador,NO_AFOLU,20250,1,1.0,False,,PROTOCOL CVCC 4.1 | Energy industries | CCB - M/E-ER01: Methodology for the realization of GHG emissions reduction projects by the use of renewable energy | Avoidance,cercarbono|proyecto de generacion de energia solar fotovoltaica el paso
cercarbono,CDC-211,Proyecto de Generación de Energía Solar Fotovoltaica Guayepo,Verification,2023.0,NO_AFOLU,RENOVABLE_OTRA,campo_registrador,NO_AFOLU,,0,0.0,False,,PROTOCOL CVCC 4.4 | Energy industries | M/EE-EG001 Implementation of GHG Emission Reduction Projects Through Renewable Energy Use for Electric Power Generation. | Does not apply,cercarbono|proyecto de generacion de energia solar fotovoltaica guayepo
cercarbono,CDC-210,Proyecto de Generación de Energía Solar Fotovoltaica La Loma ,Certified,2023.0,NO_AFOLU,RENOVABLE_OTRA,campo_registrador,NO_AFOLU,20250,1,1.0,True,,PROTOCOL CVCC 4.4 | Energy industries | M/EE-EG001 Implementation of GHG Emission Reduction Projects Through Renewable Energy Use for Electric Power Generation. | Does not apply,cercarbono|proyecto de generacion de energia solar fotovoltaica la loma
cercarbono,CDC-27,"Proyecto de mitigación en el sector del uso del suelo cambio en el uso del suelo y silvicultura por remociones debidas al establecimiento de sistemas forestales de Hevea brasiliensis en los municipios de Sucre y el Peñón Santander, Colombia.",Verification,2011.0,NO_AFOLU,RENOVABLE_OTRA,campo_registrador,AFOLU,13268;25258;68250,3,3.0,False,manual contradice sugerido | municipio ambiguo,PROTOCOL CVCC V2.1 | Land use (AFOLU) | CDM - ACM0002: Grid-connected electricity generation from renewable sources | Avoidance,"cercarbono|proyecto de mitigacion en el sector del uso del suelo cambio en el uso del suelo y silvicultura por remociones debidas al establecimiento de sistemas forestales de hevea brasiliensis en los municipios de sucre y el penon santander, colombia."
cercarbono,CDC-16,Proyecto hidroeléctrico Porce III,Verification,2011.0,NO_AFOLU,RENOVABLE_OTRA,campo_registrador,NO_AFOLU,05001;05031;05310,3,3.0,False,municipio ambiguo,"PROTOCOL CVCC V1.1, PROTOCOL CVCC 3.1 | Energy industries | CDM - ACM0002: Grid-connected electricity generation from renewable sources | Avoidance",cercarbono|proyecto hidroelectrico porce iii
cercarbono,CDC-199,Proyectos Fotovoltaicos Guamo y Numbana,Validation,2024.0,NO_AFOLU,RENOVABLE_OTRA,campo_registrador,NO_AFOLU,,0,0.0,False,,PROTOCOL CVCC 4.3 | Energy industries | CCB - M/E-ER01: Methodology for the realization of GHG emissions reduction projects by the use of renewable energy | Avoidance,cercarbono|proyectos fotovoltaicos guamo y numbana
cercarbono,CDC-202,Rio Amoya Run-of-River Hydro Project,Certified,2019.0,NO_AFOLU,RENOVABLE_OTRA,campo_registrador,NO_AFOLU,73168,1,1.0,False,,PROTOCOL CVCC 4.1 | Energy industries | CDM - ACM0002: Grid-connected electricity generation from renewable sources | Avoidance,cercarbono|rio amoya run-of-river hydro project
cercarbono,CDC-188,Sogamoso Hydroelectric Project,Certified,2023.0,NO_AFOLU,RENOVABLE_OTRA,campo_registrador,NO_AFOLU,15759,1,1.0,False,,PROTOCOL CVCC 4.3 | Energy industries | CDM - ACM0002: Grid-connected electricity generation from renewable sources | Avoidance,cercarbono|sogamoso hydroelectric project
cercarbono,CDC-253,Soluciones Energéticas Promigas,Certified,2020.0,NO_AFOLU,RENOVABLE_OTRA,campo_registrador,NO_AFOLU,,0,0.0,False,,PROTOCOL CVCC 4.4 | Energy industries | M/EE-EG001 Implementation of GHG Emission Reduction Projects Through Renewable Energy Use for Electric Power Generation. | Does not apply,cercarbono|soluciones energeticas promigas
cercarbono,CDC-41,Cartagena Landfill Gas Capture and Usage Project,Certified,2019.0,NO_AFOLU,RESIDUOS_METANO,campo_registrador,NO_AFOLU,,0,0.0,False,,"PROTOCOL CVCC V2.1 | Waste handling and disposal | CDM - ACM0001: Flaring or use of landfill gas, Methodology for executing projects that capture, destroy, or use the biogas produced in sanitary landfills | Avoidance",cercarbono|cartagena landfill gas capture and usage project
cercarbono,CDC-82,Certificación de Reducción de Emisiones de GEI de Aceites Manuelita S.A.,Certified,2017.0,NO_AFOLU,RESIDUOS_METANO,campo_registrador,NO_AFOLU,,0,0.0,False,,"PROTOCOL CVCC V2.1 | Combined (Sectors 1 and 13) | AMS-I.C.: Thermal energy production with or without electricity, CDM - AMS-III.H.: Methane recovery in wastewater treatment, AMS-III.F: Avoidance of methane emissions through composting | Avoidance",cercarbono|certificacion de reduccion de emisiones de gei de aceites manuelita s.a.
cercarbono,CDC-51,Doña Juana Landfill Gas to Energy Project,Certified,2016.0,NO_AFOLU,RESIDUOS_METANO,campo_registrador,NO_AFOLU,,0,0.0,True,,"PROTOCOL CVCC V2.1, PROTOCOL CVCC 4.4 | Waste handling and disposal | CDM - ACM0001: Flaring or use of landfill gas, Methodology for executing projects that capture, destroy, or use the biogas produced in sanitary landfills, M/WM-RE_ED01: Methodology for the implementation of projects for the capture, destruction or use of biogas produced in landfills | Avoidance",cercarbono|dona juana landfill gas to energy project
cercarbono,CDC-250,Generación de Energía y Reducción de GEI-IACSA,Validation,2025.0,NO_AFOLU,RESIDUOS_METANO,campo_registrador,NO_AFOLU,,0,0.0,False,,"PROTOCOL CVCC 4.4 | Energy industries | CDM - AMS-I.F.: Renewable electricity generation for captive use and mini-grid, CDM - AMS-III.H.: Methane recovery in wastewater treatment | Avoidance",cercarbono|generacion de energia y reduccion de gei-iacsa
cercarbono,CDC-185,PMCC AGROINCE,Verification,2023.0,NO_AFOLU,RESIDUOS_METANO,campo_registrador,NO_AFOLU,,0,0.0,False,,"PROTOCOL CVCC 4.2 | Waste handling and disposal | CDM - AMS-III.H.: Methane recovery in wastewater treatment, CDM - AMS-I.F.: Renewable electricity generation for captive use and mini-grid | Avoidance",cercarbono|pmcc agroince
cercarbono,CDC-76,PRR-GEI ENTREPALMAS S.A.S,Certified,2017.0,NO_AFOLU,RESIDUOS_METANO,campo_registrador,NO_AFOLU,,0,0.0,False,,"PROTOCOL CVCC V2.1 | Waste handling and disposal | CDM - AMS-III.H.: Methane recovery in wastewater treatment, AMS-I.C.: Thermal energy production with or without electricity, AMS-III.F: Avoidance of methane emissions through composting | Avoidance",cercarbono|prr-gei entrepalmas s.a.s
cercarbono,CDC-221,Planta de Tratamiento de Aguas Residuales - PTAR Aguas Claras,Verification,2020.0,NO_AFOLU,RESIDUOS_METANO,campo_registrador,NO_AFOLU,05001,1,1.0,False,,PROTOCOL CVCC 4.4 | Waste handling and disposal | ACM0014: Treatment of wastewater | Avoidance,cercarbono|planta de tratamiento de aguas residuales - ptar aguas claras
cercarbono,CDC-166,Proyecto Agrupado Bio D S.A,Certified,2017.0,NO_AFOLU,RESIDUOS_METANO,campo_registrador,NO_AFOLU,,0,0.0,False,,"PROTOCOL CVCC 4.2 | Waste handling and disposal | CDM - AMS-III.H.: Methane recovery in wastewater treatment, CDM - AMS-I.F.: Renewable electricity generation for captive use and mini-grid, AMS-I.C.: Thermal energy production with or without electricity, CDM - AMS-I.D.: Grid connected renewable electricity generation, AMS-III.F: Avoidance of methane emissions through composting | Avoidance",cercarbono|proyecto agrupado bio d s.a
cercarbono,CDC-215,Proyecto Palmas del Cesar S.A,Verification,2023.0,NO_AFOLU,RESIDUOS_METANO,campo_registrador,NO_AFOLU,,0,0.0,False,,"PROTOCOL CVCC 4.4 | Energy industries | CDM - AMS-III.H.: Methane recovery in wastewater treatment, AMS-III.F: Avoidance of methane emissions through composting, CDM - AMS-I.F.: Renewable electricity generation for captive use and mini-grid | Avoidance",cercarbono|proyecto palmas del cesar s.a
cercarbono,CDC-191,Proyecto de reducción de GEI - GREMCA,Verification,2024.0,NO_AFOLU,RESIDUOS_METANO,campo_registrador,NO_AFOLU,,0,0.0,False,,"PROTOCOL CVCC 4.2 | Waste handling and disposal | CDM - AMS-III.H.: Methane recovery in wastewater treatment, CDM - AMS-I.F.: Renewable electricity generation for captive use and mini-grid | Avoidance",cercarbono|proyecto de reduccion de gei - gremca
cercarbono,CDC-50,Veolia LFG PTA Antanas landfill,Certified,2020.0,NO_AFOLU,RESIDUOS_METANO,campo_registrador,NO_AFOLU,,0,0.0,True,,PROTOCOL CVCC V2.1 | Waste handling and disposal | CDM - ACM0001: Flaring or use of landfill gas | Avoidance,cercarbono|veolia lfg pta antanas landfill
cercarbono,CDC-149,Veolia LFG PTA Cucuta Landfill,Cancelled,2017.0,NO_AFOLU,RESIDUOS_METANO,campo_registrador,NO_AFOLU,,0,0.0,False,,PROTOCOL CVCC V2.1 | Waste handling and disposal | CDM - ACM0001: Flaring or use of landfill gas | Avoidance,cercarbono|veolia lfg pta cucuta landfill
cercarbono,CDC-91,Veolia LFG PTA Manizales and Cúcuta Landfill,Certified,2017.0,NO_AFOLU,RESIDUOS_METANO,campo_registrador,NO_AFOLU,17001,1,1.0,False,,PROTOCOL CVCC 3.1 | Waste handling and disposal | CDM - ACM0001: Flaring or use of landfill gas | Avoidance,cercarbono|veolia lfg pta manizales and cucuta landfill
cercarbono,CDC-90,Veolia LFG PTA Presidente landfill,Certified,2021.0,NO_AFOLU,RESIDUOS_METANO,campo_registrador,NO_AFOLU,,0,0.0,False,,"PROTOCOL CVCC V2.1, PROTOCOL CVCC 3.1 | Waste handling and disposal | CDM - ACM0001: Flaring or use of landfill gas | Avoidance",cercarbono|veolia lfg pta presidente landfill
cercarbono,CDC-84,Programa de aprovechamiento de gas asociado de Ecopetrol,Certified,2019.0,REVISAR,SIN_CLASIFICAR,ninguna,NO_AFOLU,,0,0.0,False,,"PROTOCOL CVCC V2.1 | Fugitive emissions from fuels (solids, oil and gas) | Methodological guide for the certification of emissions reduced by the implementation of operational improvement projects in the hydrocarbons sector | Avoidance",cercarbono|programa de aprovechamiento de gas asociado de ecopetrol
cercarbono,CDC-93,Proyecto agrupado de PTGs - Parex,Certified,2019.0,REVISAR,SIN_CLASIFICAR,ninguna,NO_AFOLU,,0,0.0,False,,"PROTOCOL CVCC 3.1 | Fugitive emissions from fuels (solids, oil and gas) | Methodological guide for the certification of emissions reduced by the implementation of operational improvement projects in the hydrocarbons sector | Avoidance",cercarbono|proyecto agrupado de ptgs - parex
gold_standard,520,"Conservation and reforestation of degraded areas in Barbosa, Colombia",GOLD_STANDARD_CERTIFIED_PROJECT,2011.0,AFOLU,ARR,campo_registrador,AFOLU,05079,1,,False,,Afforestation/Reforestation GHG Emissions Reduction & Sequestration Methodology,"gold_standard|conservation and reforestation of degraded areas in barbosa, colombia"
gold_standard,629,"Vegachi, ecological restoration of degraded lands ",GOLD_STANDARD_CERTIFIED_DESIGN,2015.0,AFOLU,ARR,nombre,AFOLU,05858,1,,False,,,"gold_standard|vegachi, ecological restoration of degraded lands"
gold_standard,1806,Vichada Climate Reforestation Project (PAZ) ,GOLD_STANDARD_CERTIFIED_PROJECT,2006.0,AFOLU,ARR,nombre,AFOLU,99773,1,,False,,,gold_standard|vichada climate reforestation project (paz)
gold_standard,57,Santander and Las Tapias Renewable Energy Project,GOLD_STANDARD_CERTIFIED_PROJECT,2013.0,NO_AFOLU,COMBUSTIBLES_TERMICA,campo_registrador,NO_AFOLU,25754,1,,False,,GS SS Ecologically Sound Fuel Switch to Biomass v1.,gold_standard|santander and las tapias renewable energy project
gold_standard,608,Fundacion Natura Cookstove POA,GOLD_STANDARD_CERTIFIED_DESIGN,2014.0,NO_AFOLU,ESTUFAS_EFICIENCIA,campo_registrador,NO_AFOLU,68745,1,,False,,GS TPDDTEC v 1.,gold_standard|fundacion natura cookstove poa
gold_standard,655,GS3510 Fundacion Natura Cookstove PoA_Satander,GOLD_STANDARD_CERTIFIED_DESIGN,2014.0,NO_AFOLU,ESTUFAS_EFICIENCIA,campo_registrador,NO_AFOLU,68176,1,,False,,GS TPDDTEC v 2.,gold_standard|gs3510 fundacion natura cookstove poa_satander
gold_standard,854,Barroso 20MW hydroelectric project,GOLD_STANDARD_CERTIFIED_PROJECT,2016.0,NO_AFOLU,HIDROELECTRICA,nombre,NO_AFOLU,05642,1,,False,,,gold_standard|barroso 20mw hydroelectric project
gold_standard,570,GEN+: Alejandría Small Hydropower (SHP) Run-of-the-River CDM Project Bundle,LISTED,2014.0,NO_AFOLU,HIDROELECTRICA,nombre,NO_AFOLU,05021,1,,False,,,gold_standard|gen+: alejandria small hydropower (shp) run-of-the-river cdm project bundle
gold_standard,228,Caruquia 9.76 MW hydroelectric project,LISTED,2011.0,NO_AFOLU,RENOVABLE_OTRA,campo_registrador,NO_AFOLU,05686,1,,True,,AMS-I.D. Grid connected renewable electricity generation,gold_standard|caruquia 9.76 mw hydroelectric project
gold_standard,172,Caruquia 9.76 MW hydroelectric project Pre-CDM VERs,LISTED,2010.0,NO_AFOLU,RENOVABLE_OTRA,campo_registrador,NO_AFOLU,05686,1,,False,,AMS-I.D. Grid connected renewable electricity generation,gold_standard|caruquia 9.76 mw hydroelectric project pre-cdm vers
gold_standard,670,Guanaquitas 9.74 MW hydroelectric project,LISTED,2014.0,NO_AFOLU,RENOVABLE_OTRA,campo_registrador,NO_AFOLU,05310,1,,True,,AMS-I.D. Grid connected renewable electricity generation,gold_standard|guanaquitas 9.74 mw hydroelectric project
gold_standard,556,Programme of Activities for the Development and Promotion of Renewable Energy,LISTED,2012.0,NO_AFOLU,RENOVABLE_OTRA,nombre,NO_AFOLU,05664,1,,False,,,gold_standard|programme of activities for the development and promotion of renewable energy
renare,68b22c0d2cb375c800b83cd5,Conservación de la Selva de Guainía,Factibilidad,,AFOLU,AFOLU_SIN_SUBTIPO,nombre,,,0,0.0,False,,PDBC - Proyectos de Desarrollo Bajo en Carbono,renare|conservacion de la selva de guainia
renare,68b22cb02cb375c800b83d6f,Generación de electricidad a partir de biomasa forestal para la Zona No Interconectada de Puerto Carreño - Vichada,Factibilidad,,AFOLU,AFOLU_SIN_SUBTIPO,nombre,NO_AFOLU,99001,1,1.0,False,manual contradice sugerido,PDBC - Proyectos de Desarrollo Bajo en Carbono,renare|generacion de electricidad a partir de biomasa forestal para la zona no interconectada de puerto carreno - vichada
renare,68b22bb62cb375c800b83c76,Más Bosques para Medellín,Formulación,2010.0,AFOLU,AFOLU_SIN_SUBTIPO,nombre,AFOLU,05001,1,1.0,False,,PDBC - Proyectos de Desarrollo Bajo en Carbono,renare|mas bosques para medellin
renare,68b22c4e2cb375c800b83d13,PROYECTO FORESTAL CARBONO IG FARMS ,Factibilidad,2011.0,AFOLU,AFOLU_SIN_SUBTIPO,nombre,,13212;23350;52215;63212,4,4.0,False,municipio ambiguo,PDBC - Proyectos de Desarrollo Bajo en Carbono,renare|proyecto forestal carbono ig farms
renare,68b22c252cb375c800b83cf1,PROYECTO FORESTAL CO2CERO CASANARE,Factibilidad,2010.0,AFOLU,AFOLU_SIN_SUBTIPO,nombre,,,0,0.0,False,,PDBC - Proyectos de Desarrollo Bajo en Carbono,renare|proyecto forestal co2cero casanare
renare,68b22a982cb375c800b83b5f,PROYECTO FORESTAL CO2CERO CASANARE _3_2021,Formulación,2010.0,AFOLU,AFOLU_SIN_SUBTIPO,nombre,,,0,0.0,False,,PDBC - Proyectos de Desarrollo Bajo en Carbono,renare|proyecto forestal co2cero casanare _3_2021
renare,68b22c432cb375c800b83d0b,PROYECTO FORESTAL CO2CERO CAUCHO EL VIENTO,Factibilidad,2008.0,AFOLU,AFOLU_SIN_SUBTIPO,nombre,,,0,0.0,False,,PDBC - Proyectos de Desarrollo Bajo en Carbono,renare|proyecto forestal co2cero caucho el viento
renare,68b22c532cb375c800b83d17,PROYECTO FORESTAL CO2CERO CAUCHO PL UNO,Factibilidad,2008.0,AFOLU,AFOLU_SIN_SUBTIPO,nombre,,05628;08638;50568;50573;85162;85300,6,6.0,False,municipio ambiguo,PDBC - Proyectos de Desarrollo Bajo en Carbono,renare|proyecto forestal co2cero caucho pl uno
renare,68b22c372cb375c800b83d03,PROYECTO FORESTAL CO2CERO CORDILLERA CENTRAL,Factibilidad,2009.0,AFOLU,AFOLU_SIN_SUBTIPO,nombre,,,0,0.0,False,,PDBC - Proyectos de Desarrollo Bajo en Carbono,renare|proyecto forestal co2cero cordillera central
renare,68b22c3d2cb375c800b83d07,PROYECTO FORESTAL CO2CERO META,Factibilidad,2010.0,AFOLU,AFOLU_SIN_SUBTIPO,nombre,,,0,0.0,False,,PDBC - Proyectos de Desarrollo Bajo en Carbono,renare|proyecto forestal co2cero meta
renare,68b22bf72cb375c800b83cb4,PROYECTO FORESTAL CO2CERO META_09,Factibilidad,2009.0,AFOLU,AFOLU_SIN_SUBTIPO,nombre,,,0,0.0,False,,PDBC - Proyectos de Desarrollo Bajo en Carbono,renare|proyecto forestal co2cero meta_09
renare,68b22c1a2cb375c800b83ce6,PROYECTO FORESTAL CO2CERO REFOCOSTA LA GLORIA,Factibilidad,2010.0,AFOLU,AFOLU_SIN_SUBTIPO,nombre,AFOLU,20383,1,1.0,False,,PDBC - Proyectos de Desarrollo Bajo en Carbono,renare|proyecto forestal co2cero refocosta la gloria
renare,68b22c2b2cb375c800b83cf5,PROYECTO FORESTAL CO2CERO SANTANDER,Factibilidad,2009.0,AFOLU,AFOLU_SIN_SUBTIPO,nombre,,,0,0.0,False,,PDBC - Proyectos de Desarrollo Bajo en Carbono,renare|proyecto forestal co2cero santander
renare,68b22c832cb375c800b83d46,PROYECTO FORESTAL COSERVECO SAS - 24,Factibilidad,,AFOLU,AFOLU_SIN_SUBTIPO,nombre,,,0,0.0,False,,PDBC - Proyectos de Desarrollo Bajo en Carbono,renare|proyecto forestal coserveco sas - 24
renare,68b227f92cb375c800b838ff,PROYECTO FORESTAL NUCLEO VICHADA META CO2CERO,Formulación,2008.0,AFOLU,AFOLU_SIN_SUBTIPO,nombre,,,0,0.0,False,,PDBC - Proyectos de Desarrollo Bajo en Carbono,renare|proyecto forestal nucleo vichada meta co2cero
renare,695d37c9dc90ca1cbe64d1fa,Proyecto CO2CERO COL LA GLORIA - Alouatta Carbon Forest,Factibilidad,2020.0,AFOLU,AFOLU_SIN_SUBTIPO,nombre,AFOLU,20383,1,1.0,False,,PDBC - Proyectos de Desarrollo Bajo en Carbono,renare|proyecto co2cero col la gloria - alouatta carbon forest
renare,68b22b132cb375c800b83bca,Proyecto Forestal CO2CERO,Formulación,2010.0,AFOLU,AFOLU_SIN_SUBTIPO,nombre,,,0,0.0,False,,PDBC - Proyectos de Desarrollo Bajo en Carbono,renare|proyecto forestal co2cero
renare,6973d618dc90ca1cbe64d460,Proyecto Forestal CO2CERO Alcaraván Orinoquia,Factibilidad,2018.0,AFOLU,AFOLU_SIN_SUBTIPO,nombre,,50568;50577;99773,3,3.0,False,municipio ambiguo,PDBC - Proyectos de Desarrollo Bajo en Carbono,renare|proyecto forestal co2cero alcaravan orinoquia
renare,68b22c202cb375c800b83ced,Proyecto Forestal CO2CERO CARIBE,Factibilidad,2009.0,AFOLU,AFOLU_SIN_SUBTIPO,nombre,,,0,0.0,False,,PDBC - Proyectos de Desarrollo Bajo en Carbono,renare|proyecto forestal co2cero caribe
renare,6995c4dbdc90ca1cbe64d7fc,Proyecto Forestal CO2CERO Chigüiro,Factibilidad,2020.0,AFOLU,AFOLU_SIN_SUBTIPO,nombre,,,0,0.0,True,,PDBC - Proyectos de Desarrollo Bajo en Carbono,renare|proyecto forestal co2cero chiguiro
renare,68b22c5d2cb375c800b83d1f,Proyecto Forestal CO2CERO VICHADA,Factibilidad,2010.0,AFOLU,AFOLU_SIN_SUBTIPO,nombre,,,0,0.0,False,,PDBC - Proyectos de Desarrollo Bajo en Carbono,renare|proyecto forestal co2cero vichada
renare,68b22c752cb375c800b83d35,Proyecto Forestal Carbono Sombrilla Abejorral,Factibilidad,2009.0,AFOLU,AFOLU_SIN_SUBTIPO,nombre,AFOLU,05002,1,1.0,False,,PDBC - Proyectos de Desarrollo Bajo en Carbono,renare|proyecto forestal carbono sombrilla abejorral
renare,68b22a002cb375c800b83acc,Proyecto Forestal MAVALLE en plantaciones de Caucho natural,Formulación,2009.0,AFOLU,AFOLU_SIN_SUBTIPO,nombre,,50568;50573,2,2.0,False,municipio ambiguo,PDBC - Proyectos de Desarrollo Bajo en Carbono,renare|proyecto forestal mavalle en plantaciones de caucho natural
renare,68b22c842cb375c800b83d49,Proyecto Forestal Núcleo Vichada - Meta CO2CERO,Factibilidad,2008.0,AFOLU,AFOLU_SIN_SUBTIPO,nombre,,,0,0.0,False,,PDBC - Proyectos de Desarrollo Bajo en Carbono,renare|proyecto forestal nucleo vichada - meta co2cero
renare,68b22b922cb375c800b83c52,"Proyecto Forestal Para La Cuenca del Rio Chinchiná, una alternativa ambiental para la ciudad y La Región¿",Factibilidad,2002.0,AFOLU,AFOLU_SIN_SUBTIPO,nombre,AFOLU,17174,1,1.0,False,,PDBC - Proyectos de Desarrollo Bajo en Carbono,"renare|proyecto forestal para la cuenca del rio chinchina, una alternativa ambiental para la ciudad y la region¿"
renare,68b22c582cb375c800b83d1b,Proyecto Forestal Sombrilla Urrao FCG,Factibilidad,2008.0,AFOLU,AFOLU_SIN_SUBTIPO,nombre,,,0,0.0,False,,PDBC - Proyectos de Desarrollo Bajo en Carbono,renare|proyecto forestal sombrilla urrao fcg
renare,68b22c892cb375c800b83d4d,Proyecto Forestal de Mitigación Carbono SOMBRILLA ZONA CAFETERA FCG-CO2CERO,Factibilidad,2009.0,AFOLU,AFOLU_SIN_SUBTIPO,nombre,,,0,0.0,False,,PDBC - Proyectos de Desarrollo Bajo en Carbono,renare|proyecto forestal de mitigacion carbono sombrilla zona cafetera fcg-co2cero
renare,690caa31471be180c8ed9765,"Proyecto de Captura de Carbono, y Conservación Hídrica del Bosque Altoandino-Húmedo en la Finca La Giovanna, Pamplona (Norte de Santander). 
",Factibilidad,2025.0,AFOLU,AFOLU_SIN_SUBTIPO,nombre,AFOLU,54518,1,1.0,False,,PDBC - Proyectos de Desarrollo Bajo en Carbono,"renare|proyecto de captura de carbono, y conservacion hidrica del bosque altoandino-humedo en la finca la giovanna, pamplona (norte de santander)."
renare,68b22a722cb375c800b83b3d,Proyecto de Carbono en Bosques de Sabor y Aroma,Factibilidad,2022.0,AFOLU,AFOLU_SIN_SUBTIPO,nombre,,,0,0.0,False,,PDBC - Proyectos de Desarrollo Bajo en Carbono,renare|proyecto de carbono en bosques de sabor y aroma
renare,68b229872cb375c800b83a54,"Proyecto de mitigación en el sector del USCUSS por remociones debidas al establecimiento de sistemas forestales de Hevea brasiliensis en el municipio de Barrancabermeja, Santander, Colombia",Formulación,2013.0,AFOLU,AFOLU_SIN_SUBTIPO,nombre,AFOLU,68081,1,1.0,False,,PDBC - Proyectos de Desarrollo Bajo en Carbono,"renare|proyecto de mitigacion en el sector del uscuss por remociones debidas al establecimiento de sistemas forestales de hevea brasiliensis en el municipio de barrancabermeja, santander, colombia"
renare,68b229532cb375c800b83a29,"Proyecto de mitigación en el sector del USCUSS por remociones debidas al establecimiento de sistemas forestales de Hevea brasiliensis en los municipios de Sucre y el Peñón Santander, Colombia",Formulación,2011.0,AFOLU,AFOLU_SIN_SUBTIPO,nombre,AFOLU,13268;25258;68250,3,3.0,False,municipio ambiguo,PDBC - Proyectos de Desarrollo Bajo en Carbono,"renare|proyecto de mitigacion en el sector del uscuss por remociones debidas al establecimiento de sistemas forestales de hevea brasiliensis en los municipios de sucre y el penon santander, colombia"
renare,68b22cff2cb375c800b83df1,Proyecto de mitigación en el sector del uso del suelo cambio en el uso del suelo y silvicultura por remociones debidas al establecimiento de sistemas forestales de Hevea brasiliensis en el municipio d,Factibilidad,2013.0,AFOLU,AFOLU_SIN_SUBTIPO,nombre,,,0,0.0,False,,PDBC - Proyectos de Desarrollo Bajo en Carbono,renare|proyecto de mitigacion en el sector del uso del suelo cambio en el uso del suelo y silvicultura por remociones debidas al establecimiento de sistemas forestales de hevea brasiliensis en el municipio d
renare,68b228c32cb375c800b839b1,Proyecto de mitigación forestal  Bonanza Verde,Implementación,2009.0,AFOLU,AFOLU_SIN_SUBTIPO,nombre,,,0,0.0,True,,PDBC - Proyectos de Desarrollo Bajo en Carbono,renare|proyecto de mitigacion forestal bonanza verde
renare,68b22cef2cb375c800b83dd7,BaumInvest Flor Morado Reforestation Project Punta Hermosa & Moriche Solo,Factibilidad,,AFOLU,ARR,nombre,,,0,0.0,False,,PDBC - Programas de Desarrollo Bajo en Carbono,renare|bauminvest flor morado reforestation project punta hermosa & moriche solo
renare,68b22d042cb375c800b83df5,BaumInvest Flor Morado Reforestation Project Veraneo,Factibilidad,,AFOLU,ARR,nombre,,,0,0.0,False,,PDBC - Proyectos de Desarrollo Bajo en Carbono,renare|bauminvest flor morado reforestation project veraneo
renare,68b22cf02cb375c800b83dda,BaumInvest Flor Saphira Reforestation Project El Capricho & La Catorce,Factibilidad,,AFOLU,ARR,nombre,,,0,0.0,False,,PDBC - Programas de Desarrollo Bajo en Carbono,renare|bauminvest flor saphira reforestation project el capricho & la catorce
renare,68b22bf22cb375c800b83cb0,Bella Bosque Afforestation Project - Colombia,Factibilidad,2024.0,AFOLU,ARR,nombre,,,0,0.0,False,,PDBC - Proyectos de Desarrollo Bajo en Carbono,renare|bella bosque afforestation project - colombia
renare,68b229782cb375c800b83a48,Carbono Agroforestal La Argentina,Factibilidad,2011.0,AFOLU,ARR,nombre,AFOLU,41378,1,1.0,True,,PDBC - Proyectos de Desarrollo Bajo en Carbono,renare|carbono agroforestal la argentina
renare,68b22b8f2cb375c800b83c46,Commercial reforestation on lands dedicated to extensive cattle grazing activities in the region of Magdalena Bajo Seco,Factibilidad,,AFOLU,ARR,nombre,,,0,0.0,False,,MDL - Proyectos del Mecanismo de Desarrollo Limpio,renare|commercial reforestation on lands dedicated to extensive cattle grazing activities in the region of magdalena bajo seco
renare,68b228c82cb375c800b839b5,Programa de Compensaciones de Gases de Efecto Invernadero (GEI) - Reforestadora Cacerí SA,Factibilidad,2007.0,AFOLU,ARR,nombre,,,0,0.0,False,,PDBC - Proyectos de Desarrollo Bajo en Carbono,renare|programa de compensaciones de gases de efecto invernadero (gei) - reforestadora caceri sa
renare,68b2293d2cb375c800b83a16,"Restauración de áreas degradadas y reforestación en Cáceres y Cravo Norte, Colombia",Formulación,2002.0,AFOLU,ARR,nombre,,05120;81220,2,2.0,False,municipio ambiguo,PDBC - Proyectos de Desarrollo Bajo en Carbono,"renare|restauracion de areas degradadas y reforestacion en caceres y cravo norte, colombia"
renare,68b22bfc2cb375c800b83cb8,Sustainable Agroforestry Cacao Meta,Factibilidad,2017.0,AFOLU,ARR,nombre,AFOLU,50124,1,1.0,False,,PDBC - Proyectos de Desarrollo Bajo en Carbono,renare|sustainable agroforestry cacao meta
renare,68b22cf12cb375c800b83ddd,ACABA REDD+ Project,Factibilidad,,AFOLU,REDD,campo_registrador,AFOLU,,0,0.0,True,,Proyecto REDD+,renare|acaba redd+ project
renare,68b22cd22cb375c800b83d9e,ASATIQ VAUPÉS MALOCA REDD+ PROJECT,Factibilidad,2019.0,AFOLU,REDD,campo_registrador,AFOLU,,0,0.0,True,,Proyecto REDD+,renare|asatiq vaupes maloca redd+ project
renare,68b22c142cb375c800b83cdf,ASATRIZY VAUPÉS MALOCA REDD+ PROJECT,Cierre,,AFOLU,REDD,nombre,AFOLU,,0,0.0,True,,PDBC - Proyectos de Desarrollo Bajo en Carbono,renare|asatrizy vaupes maloca redd+ project
renare,68b22c312cb375c800b83cfc,ASATRIZY VAUPÉS MALOCA REDD+ PROJECT,Factibilidad,2019.0,AFOLU,REDD,campo_registrador,AFOLU,,0,0.0,True,,Proyecto REDD+,renare|asatrizy vaupes maloca redd+ project
renare,68b22a452cb375c800b83b11,Awakadaa Jiduaa,Factibilidad,2019.0,AFOLU,REDD,campo_registrador,AFOLU,,0,0.0,True,,Proyecto REDD+,renare|awakadaa jiduaa
renare,68b22c902cb375c800b83d54,BAJO ATRATO REDD+ PROJECT,Factibilidad,2019.0,AFOLU,REDD,campo_registrador,AFOLU,27050,1,1.0,True,,Proyecto REDD+,renare|bajo atrato redd+ project
renare,68c99d6f2d88c288b51cefd6,Bosques Vitales: Programa REDD+ para la Conservación y el Clima,Factibilidad,2024.0,AFOLU,REDD,campo_registrador,AFOLU,,0,0.0,False,,Programa REDD+,renare|bosques vitales: programa redd+ para la conservacion y el clima
renare,68b2292c2cb375c800b83a07,CO2BIO FASE I,Formulación,2015.0,AFOLU,REDD,campo_registrador,AFOLU,,0,0.0,False,,Proyecto REDD+,renare|co2bio fase i
renare,68b22bdb2cb375c800b83c9a,CO2Bio P4 ,Cierre,,AFOLU,REDD,campo_registrador,AFOLU,,0,0.0,False,,Proyecto REDD+,renare|co2bio p4
renare,68b22ab02cb375c800b83b78,CO2Bio Proyecto 2,Formulación,2016.0,AFOLU,REDD,campo_registrador,AFOLU,,0,0.0,False,,Proyecto REDD+,renare|co2bio proyecto 2
renare,68b229a92cb375c800b83a75,CO2Bio Proyecto 2- 2 ,Factibilidad,2018.0,AFOLU,REDD,campo_registrador,AFOLU,,0,0.0,False,,Proyecto REDD+,renare|co2bio proyecto 2- 2
renare,68b22be02cb375c800b83c9e,CO2rozo P1,Cierre,,AFOLU,REDD,campo_registrador,AFOLU,,0,0.0,False,,Proyecto REDD+,renare|co2rozo p1
renare,68b229e92cb375c800b83ab9,"Cavadacav¿ Coreiv¿ Joc¿ B¿c¿ro R¿, N¿¿j¿ N¿ec¿vã Aiye Baquepe",Factibilidad,2018.0,AFOLU,REDD,campo_registrador,AFOLU,,0,0.0,False,,Proyecto REDD+,"renare|cavadacav¿ coreiv¿ joc¿ b¿c¿ro r¿, n¿¿j¿ n¿ec¿va aiye baquepe"
renare,68b22c692cb375c800b83d2a,"Conservación REDD+ Sur del Meta ""Bosques de paz, Sustento de vida",Factibilidad,,AFOLU,REDD,campo_registrador,AFOLU,,0,0.0,False,,Proyecto REDD+,"renare|conservacion redd+ sur del meta ""bosques de paz, sustento de vida"
renare,68b228ae2cb375c800b839a1,Corredor de Conservación Chocó-Darién,Formulación,2010.0,AFOLU,REDD,campo_registrador,AFOLU,,0,0.0,False,,Proyecto REDD+,renare|corredor de conservacion choco-darien
renare,68b22b242cb375c800b83bdc,Crima Predio Putumayo-Andoque de Aduche REDD+,Formulación,2018.0,AFOLU,REDD,campo_registrador,AFOLU,,0,0.0,False,,Proyecto REDD+,renare|crima predio putumayo-andoque de aduche redd+
renare,68b22aa92cb375c800b83b6e,DEIYIABENA REDD+ NUKAK,Factibilidad,2016.0,AFOLU,REDD,campo_registrador,AFOLU,,0,0.0,False,,Proyecto REDD+,renare|deiyiabena redd+ nukak
renare,68b22a872cb375c800b83b50,FEMAWA REDD+ Parte Alta del Río Guainia,Factibilidad,,AFOLU,REDD,campo_registrador,AFOLU,,0,0.0,False,,Proyecto REDD+,renare|femawa redd+ parte alta del rio guainia
renare,68b22ccb2cb375c800b83d94,GROUPED PROJECT FOR REDUCING EMISSIONS FROM DEFORESTATION AND FOREST DEGRADATION REDD - IN THE REGIONAL NATURAL PARK: BIOLOGICAL CORRIDOR PNN PURACÉ PNN CUEVA DE LOS GUÁCHAROS,Factibilidad,2014.0,AFOLU,REDD,campo_registrador,AFOLU,19585,1,1.0,False,,Proyecto REDD+,renare|grouped project for reducing emissions from deforestation and forest degradation redd - in the regional natural park: biological corridor pnn purace pnn cueva de los guacharos
renare,68b22bd12cb375c800b83c92,GUANIA REDD+ PROJECT,Factibilidad,2018.0,AFOLU,REDD,campo_registrador,AFOLU,,0,0.0,False,,Proyecto REDD+,renare|guania redd+ project
renare,68b22bf12cb375c800b83cad,Guainia III,Factibilidad,2019.0,AFOLU,REDD,campo_registrador,AFOLU,,0,0.0,False,,Proyecto REDD+,renare|guainia iii
renare,68b229dd2cb375c800b83aab,Infraestructuras Ecosistémicas REDD+ para los campesinos de Antioquia Colombia,Factibilidad,2019.0,AFOLU,REDD,campo_registrador,AFOLU,,0,0.0,True,,Proyecto REDD+,renare|infraestructuras ecosistemicas redd+ para los campesinos de antioquia colombia
renare,68b22a882cb375c800b83b53,KÚVAY MACÄRÖ VIDI REDD+ CARURÚ,Factibilidad,2019.0,AFOLU,REDD,campo_registrador,AFOLU,97161,1,1.0,False,,Proyecto REDD+,renare|kuvay macaro vidi redd+ caruru
renare,68b22cee2cb375c800b83dd4,MARENA ICHENA - NAG+MA ENOYE RAFUE,Factibilidad,,AFOLU,REDD,campo_registrador,AFOLU,,0,0.0,False,,Proyecto REDD+,renare|marena ichena - nag+ma enoye rafue
renare,6a728e472ae62d26b5e21563,"MATANI REDD+ DIOS MAYOR DE LOS PUEBLOS
CABILLARI CONSERVACIÓN ANCESTRAL",Factibilidad,2020.0,AFOLU,REDD,campo_registrador,AFOLU,,0,0.0,False,,Proyecto REDD+,renare|matani redd+ dios mayor de los pueblos cabillari conservacion ancestral
renare,68b229cc2cb375c800b83a99,Makaro Ap+ro,Factibilidad,2018.0,AFOLU,REDD,campo_registrador,AFOLU,,0,0.0,True,,Proyecto REDD+,renare|makaro ap+ro
renare,68b22a9d2cb375c800b83b63,Maloca Vaupes,Factibilidad,2018.0,AFOLU,REDD,campo_registrador,AFOLU,,0,0.0,False,,Proyecto REDD+,renare|maloca vaupes
renare,68b22c952cb375c800b83d58,ORIGEN ATRATO-BAUDÓ REDD+ PROJECT,Factibilidad,2019.0,AFOLU,REDD,campo_registrador,AFOLU,27050,1,1.0,True,,Proyecto REDD+,renare|origen atrato-baudo redd+ project
renare,68b22ba52cb375c800b83c67,Orinoco2 P1,Factibilidad,2018.0,AFOLU,REDD,campo_registrador,AFOLU,,0,0.0,False,,Proyecto REDD+,renare|orinoco2 p1
renare,68b22bd02cb375c800b83c8f,Orinoco2 P2 ,Factibilidad,2020.0,AFOLU,REDD,campo_registrador,AFOLU,,0,0.0,False,,Proyecto REDD+,renare|orinoco2 p2
renare,68b22baa2cb375c800b83c6b,PARAMUNO Proyecto 1 ,Factibilidad,2017.0,AFOLU,REDD,campo_registrador,AFOLU,,0,0.0,False,,Proyecto REDD+,renare|paramuno proyecto 1
renare,68b22bcb2cb375c800b83c8b,PITUGUCAJUDE,Factibilidad,2018.0,AFOLU,REDD,campo_registrador,AFOLU,,0,0.0,True,,Proyecto REDD+,renare|pitugucajude
renare,68b22a9e2cb375c800b83b66,PROYECTO COMUNITARIO COCOMACIA REDD+ CHOCO / ANTIOQUIA COLOMBIA,Formulación,2021.0,AFOLU,REDD,campo_registrador,AFOLU,,0,0.0,False,,Proyecto REDD+,renare|proyecto comunitario cocomacia redd+ choco / antioquia colombia
renare,68b22bec2cb375c800b83ca9,PROYECTO REDD+ CUENCA ALTO BAUDO,Factibilidad,2018.0,AFOLU,REDD,campo_registrador,AFOLU,27025,1,1.0,False,,Proyecto REDD+,renare|proyecto redd+ cuenca alto baudo
renare,68b22cec2cb375c800b83dcb,PROYECTO REDD+ MACROTERRITORIO JAGUARES DE YURUPARÍ,Factibilidad,,AFOLU,REDD,campo_registrador,AFOLU,,0,0.0,False,,Proyecto REDD+,renare|proyecto redd+ macroterritorio jaguares de yurupari
renare,69fa2c1f6ba4657064ecaa76,"PROYECTO URAMIA - Proyecto REDD+ de Conservación Forestal Liderado por la Comunidad en Chocó, Colombia",Factibilidad,2024.0,AFOLU,REDD,campo_registrador,AFOLU,,0,0.0,False,,Proyecto REDD+,"renare|proyecto uramia - proyecto redd+ de conservacion forestal liderado por la comunidad en choco, colombia"
renare,68b22be62cb375c800b83ca2,Paramuno Proyecto 2 ,Cierre,,AFOLU,REDD,campo_registrador,AFOLU,,0,0.0,False,,Proyecto REDD+,renare|paramuno proyecto 2
renare,68b22b7e2cb375c800b83c34,Pedeguita y Mancilla REDD+,Factibilidad,2020.0,AFOLU,REDD,campo_registrador,AFOLU,,0,0.0,True,,Proyecto REDD+,renare|pedeguita y mancilla redd+
renare,68b22b1f2cb375c800b83bd8,Pedeguita-Jiguamandó REDD+,Factibilidad,2020.0,AFOLU,REDD,campo_registrador,AFOLU,,0,0.0,False,,Proyecto REDD+,renare|pedeguita-jiguamando redd+
renare,68b227be2cb375c800b838d0,"Planeta agradecido con el Gran resguardo indígena del Vaupés, proyecto 1",Formulación,2017.0,AFOLU,REDD,campo_registrador,AFOLU,,0,0.0,False,,Proyecto REDD+,"renare|planeta agradecido con el gran resguardo indigena del vaupes, proyecto 1"
renare,68b227e92cb375c800b838f3,"Planeta agradecido con el Gran resguardo indígena del Vaupés, proyecto 2",Formulación,2017.0,AFOLU,REDD,campo_registrador,AFOLU,,0,0.0,False,,Proyecto REDD+,"renare|planeta agradecido con el gran resguardo indigena del vaupes, proyecto 2"
renare,68b227f42cb375c800b838fb,"Planeta agradecido con el Gran resguardo indígena del Vaupés, proyecto 3",Formulación,2017.0,AFOLU,REDD,campo_registrador,AFOLU,,0,0.0,False,,Proyecto REDD+,"renare|planeta agradecido con el gran resguardo indigena del vaupes, proyecto 3"
renare,68b227df2cb375c800b838eb,Planeta agradecido con el resguardo indígena Bajo Rio Guainía y Rio Negro II,Factibilidad,2022.0,AFOLU,REDD,campo_registrador,AFOLU,,0,0.0,True,,Proyecto REDD+,renare|planeta agradecido con el resguardo indigena bajo rio guainia y rio negro ii
renare,68b227b42cb375c800b838c8,Planeta agradecido con el resguardo indígena Bajo Río Guainía y Río Negro,Formulación,2017.0,AFOLU,REDD,campo_registrador,AFOLU,,0,0.0,False,,Proyecto REDD+,renare|planeta agradecido con el resguardo indigena bajo rio guainia y rio negro
renare,68b227e42cb375c800b838ef,Planeta agradecido con el resguardo indígena CMARI,Formulación,2017.0,AFOLU,REDD,campo_registrador,AFOLU,,0,0.0,False,,Proyecto REDD+,renare|planeta agradecido con el resguardo indigena cmari
renare,68c9d4fe2d88c288b51cf05c,"Project REDD+ Pacifico Norte-Sur, ACADESAN.",Factibilidad,2024.0,AFOLU,REDD,campo_registrador,AFOLU,27077,1,1.0,False,,Proyecto REDD+,"renare|project redd+ pacifico norte-sur, acadesan."
renare,68b22b832cb375c800b83c38,Protection of Mangroves and community developmental activities in the biodiversity hotspot of Colombia,Factibilidad,,AFOLU,REDD,campo_registrador,AFOLU,,0,0.0,True,,Proyecto REDD+,renare|protection of mangroves and community developmental activities in the biodiversity hotspot of colombia
renare,68ca07b82d88c288b51cf109,Proy REDD+ Respira Futuro: Programa de Actividades para un Aire Limpio,Factibilidad,2025.0,AFOLU,REDD,campo_registrador,AFOLU,,0,0.0,False,,Proyecto REDD+,renare|proy redd+ respira futuro: programa de actividades para un aire limpio
renare,68b22b8a2cb375c800b83c42,Proyecto CHONTA COROZO REDD+,Factibilidad,2017.0,AFOLU,REDD,campo_registrador,AFOLU,,0,0.0,False,,Proyecto REDD+,renare|proyecto chonta corozo redd+
renare,68b22bff2cb375c800b83cc1,Proyecto PELIWAISI REDD+ UNUMA VICHADA,Factibilidad,2015.0,AFOLU,REDD,campo_registrador,AFOLU,,0,0.0,False,,Proyecto REDD+,renare|proyecto peliwaisi redd+ unuma vichada
renare,68b227ac2cb375c800b838bb,Proyecto Planeta Agradecido con el Resguardo Indígena CMARI,Factibilidad,2018.0,AFOLU,REDD,campo_registrador,AFOLU,,0,0.0,False,,Proyecto REDD+,renare|proyecto planeta agradecido con el resguardo indigena cmari
renare,68b227b92cb375c800b838cc,Proyecto Planeta agradecido con el resguardo indígena Bajo Rio Guainía y Rio Negro,Factibilidad,2018.0,AFOLU,REDD,campo_registrador,AFOLU,,0,0.0,False,,Proyecto REDD+,renare|proyecto planeta agradecido con el resguardo indigena bajo rio guainia y rio negro
renare,697385e5dc90ca1cbe64d435,Proyecto REDD Mapiripan,Factibilidad,2025.0,AFOLU,REDD,campo_registrador,AFOLU,13650;50325;94888,3,3.0,False,municipio ambiguo,Proyecto REDD+,renare|proyecto redd mapiripan
renare,68b22a162cb375c800b83adf,Proyecto REDD+ Awakadaa Matsiadali,Factibilidad,2018.0,AFOLU,REDD,campo_registrador,AFOLU,,0,0.0,False,,Proyecto REDD+,renare|proyecto redd+ awakadaa matsiadali
renare,68b22a322cb375c800b83af9,Proyecto REDD+ Baka Rokarire ~ia tir+~dito,Factibilidad,2018.0,AFOLU,REDD,campo_registrador,AFOLU,,0,0.0,False,,Proyecto REDD+,renare|proyecto redd+ baka rokarire ~ia tir+~dito
renare,6925ca9e78306d8ed3ce75e6,Proyecto REDD+ Bogotá Región ,Factibilidad,2019.0,AFOLU,REDD,campo_registrador,AFOLU,15104;15248;19300,3,3.0,False,municipio ambiguo,Proyecto REDD+,renare|proyecto redd+ bogota region
renare,68b22c362cb375c800b83d00,Proyecto REDD+ Cabildo Mayor Indígena de Vigía del Fuerte,Factibilidad,,AFOLU,REDD,campo_registrador,AFOLU,05873,1,1.0,False,,Proyecto REDD+,renare|proyecto redd+ cabildo mayor indigena de vigia del fuerte
renare,68b22c0e2cb375c800b83cd8,Proyecto REDD+ Consejo Comunitario del Río Guajuí REDD,Factibilidad,,AFOLU,REDD,campo_registrador,AFOLU,,0,0.0,False,,Proyecto REDD+,renare|proyecto redd+ consejo comunitario del rio guajui redd
renare,68b22c042cb375c800b83cc5,Proyecto REDD+ Fundación Biodiversa en tierras bajas del Magdalena,Factibilidad,,AFOLU,REDD,campo_registrador,AFOLU,,0,0.0,True,,Proyecto REDD+,renare|proyecto redd+ fundacion biodiversa en tierras bajas del magdalena
renare,68b22a1b2cb375c800b83ae3,Proyecto REDD+ Jocu Bucuro Apuro,Factibilidad,2018.0,AFOLU,REDD,campo_registrador,AFOLU,,0,0.0,False,,Proyecto REDD+,renare|proyecto redd+ jocu bucuro apuro
renare,68b22b302cb375c800b83be7,Proyecto REDD+ Origen Atrato - Baudó_,Factibilidad,2018.0,AFOLU,REDD,campo_registrador,AFOLU,27050,1,1.0,False,,Proyecto REDD+,renare|proyecto redd+ origen atrato - baudo_
renare,68b22cbd2cb375c800b83d80,"Proyecto REDD+ Pacifico Norte-Sur,  Chanzará y Río Sequihonda",Factibilidad,,AFOLU,REDD,campo_registrador,AFOLU,,0,0.0,False,,Proyecto REDD+,"renare|proyecto redd+ pacifico norte-sur, chanzara y rio sequihonda"
renare,68c9ec082d88c288b51cf0d1,"Proyecto REDD+ Pacifico Norte-Sur, Chanzará y Río Sequihonda",Factibilidad,2023.0,AFOLU,REDD,campo_registrador,AFOLU,,0,0.0,False,,Proyecto REDD+,"renare|proyecto redd+ pacifico norte-sur, chanzara y rio sequihonda"
renare,68b22d0b2cb375c800b83dff,"Proyecto REDD+ Pacifico Norte-Sur, La Voz de los Negros",Factibilidad,2023.0,AFOLU,REDD,campo_registrador,AFOLU,,0,0.0,False,,Proyecto REDD+,"renare|proyecto redd+ pacifico norte-sur, la voz de los negros"
renare,68caf93b2d88c288b51cf254,"Proyecto REDD+ Pacifico Norte-Sur, La Voz de los Negros",Factibilidad,2023.0,AFOLU,REDD,campo_registrador,AFOLU,,0,0.0,False,,Proyecto REDD+,"renare|proyecto redd+ pacifico norte-sur, la voz de los negros"
renare,68b228042cb375c800b8390a,Proyecto REDD+ Resguardo Indígena Unificado - Selva de Matavén (RIU-SM),Factibilidad,2013.0,AFOLU,REDD,campo_registrador,AFOLU,,0,0.0,False,,Proyecto REDD+,renare|proyecto redd+ resguardo indigena unificado - selva de mataven (riu-sm)
renare,68b227ee2cb375c800b838f7,Proyecto REDD+ Zona Isana y Surubí,Factibilidad,2018.0,AFOLU,REDD,campo_registrador,AFOLU,,0,0.0,True,,Proyecto REDD+,renare|proyecto redd+ zona isana y surubi
renare,68b22a512cb375c800b83b1f,Proyecto REDD+ del Bajo Atrato,Factibilidad,2018.0,AFOLU,REDD,campo_registrador,AFOLU,27050,1,1.0,False,,Proyecto REDD+,renare|proyecto redd+ del bajo atrato
renare,68b227c42cb375c800b838d4,Proyecto REDD+ en los Bosques de la cuenca del Rio Otún,Formulación,2015.0,AFOLU,REDD,campo_registrador,AFOLU,,0,0.0,False,,Proyecto REDD+,renare|proyecto redd+ en los bosques de la cuenca del rio otun
renare,68cadc2c2d88c288b51cf19e,Proyecto REDD+ “Futuro Verde”,Factibilidad,2025.0,AFOLU,REDD,campo_registrador,AFOLU,,0,0.0,False,,Proyecto REDD+,renare|proyecto redd+ “futuro verde”
renare,68b22b7c2cb375c800b83c2e,Proyecto REDD++ PANI,Factibilidad,2022.0,AFOLU,REDD,campo_registrador,AFOLU,,0,0.0,True,,Proyecto REDD+,renare|proyecto redd++ pani
renare,68b228882cb375c800b83982,Proyecto de Conservación KALIAWIRI REDD+,Formulación,2015.0,AFOLU,REDD,campo_registrador,AFOLU,,0,0.0,False,,Proyecto REDD+,renare|proyecto de conservacion kaliawiri redd+
renare,68b229e22cb375c800b83aaf,Proyecto de Conservación NAYA REDD+,Formulación,2016.0,AFOLU,REDD,campo_registrador,AFOLU,,0,0.0,False,,Proyecto REDD+,renare|proyecto de conservacion naya redd+
renare,68b229ae2cb375c800b83a79,Proyecto de Conservación PALAMEKU KUWEI REDD+,Formulación,2010.0,AFOLU,REDD,campo_registrador,AFOLU,94888,1,1.0,False,,Proyecto REDD+,renare|proyecto de conservacion palameku kuwei redd+
renare,68b22b702cb375c800b83c20,Proyecto de Conservación PALAMEKU KUWEI REDD+,Factibilidad,2010.0,AFOLU,REDD,campo_registrador,AFOLU,,0,0.0,False,,Proyecto REDD+,renare|proyecto de conservacion palameku kuwei redd+
renare,68b22b082cb375c800b83bbf,"Proyecto de Mitigación Forestal Resguardo Indígena Tikuna, Cocama y Yagua (TICOYA)",Factibilidad,2018.0,AFOLU,REDD,campo_registrador,AFOLU,,0,0.0,False,,Proyecto REDD+,"renare|proyecto de mitigacion forestal resguardo indigena tikuna, cocama y yagua (ticoya)"
renare,68b22b902cb375c800b83c49,Putumayo REDD+,Factibilidad,,AFOLU,REDD,campo_registrador,AFOLU,,0,0.0,False,,Proyecto REDD+,renare|putumayo redd+
renare,68b22c0f2cb375c800b83cdb,REDD+ Awia Tuparro+9,Factibilidad,2019.0,AFOLU,REDD,campo_registrador,AFOLU,,0,0.0,False,,Proyecto REDD+,renare|redd+ awia tuparro+9
renare,68b22b1e2cb375c800b83bd5,REDD+ Corpoguavio,Factibilidad,,AFOLU,REDD,campo_registrador,AFOLU,,0,0.0,False,,Proyecto REDD+,renare|redd+ corpoguavio
renare,68b22c642cb375c800b83d26,REDD+ JIGRANTU,Factibilidad,2019.0,AFOLU,REDD,campo_registrador,AFOLU,,0,0.0,False,,Proyecto REDD+,renare|redd+ jigrantu
renare,68b22a672cb375c800b83b35,REDD+ Monochoa,Formulación,2018.0,AFOLU,REDD,campo_registrador,AFOLU,,0,0.0,False,,Proyecto REDD+,renare|redd+ monochoa
renare,68b22b192cb375c800b83bd1,REDD+ PAZcífico,Formulación,2016.0,AFOLU,REDD,campo_registrador,AFOLU,,0,0.0,True,,Proyecto REDD+,renare|redd+ pazcifico
renare,68b22bbc2cb375c800b83c7d,REDD+ PAZcífico sur,Factibilidad,2017.0,AFOLU,REDD,campo_registrador,AFOLU,,0,0.0,False,,Proyecto REDD+,renare|redd+ pazcifico sur
renare,68b22a6c2cb375c800b83b39,REDD+ Puerto Zábalo-Los Monos,Formulación,2018.0,AFOLU,REDD,campo_registrador,AFOLU,,0,0.0,False,,Proyecto REDD+,renare|redd+ puerto zabalo-los monos
renare,68b22bbc2cb375c800b83c7a,REDD+ conservation of Ethno sustainable Afro-Colombian community in the Tropical Rain Forest of Colombia,Factibilidad,,AFOLU,REDD,campo_registrador,AFOLU,,0,0.0,True,,Proyecto REDD+,renare|redd+ conservation of ethno sustainable afro-colombian community in the tropical rain forest of colombia
renare,68b22c482cb375c800b83d0f,REDD++ Manglares del Bajo Baudó,Factibilidad,2021.0,AFOLU,REDD,campo_registrador,AFOLU,27077,1,1.0,True,,Proyecto REDD+,renare|redd++ manglares del bajo baudo
renare,68b22c052cb375c800b83cc8,UNU-MAI REDD+,Factibilidad,2017.0,AFOLU,REDD,campo_registrador,AFOLU,,0,0.0,False,,Proyecto REDD+,renare|unu-mai redd+
renare,68d9689ff7447e0f93dcb039,afsdfsa,Factibilidad,2025.0,AFOLU,REDD,campo_registrador,AFOLU,,0,0.0,False,,Proyecto REDD+,renare|afsdfsa
renare,68b22a5c2cb375c800b83b2a,Ciclo Combinado Termoflores IV,Formulación,2016.0,NO_AFOLU,COMBUSTIBLES_TERMICA,nombre,,,0,0.0,True,,PDBC - Proyectos de Desarrollo Bajo en Carbono,renare|ciclo combinado termoflores iv
renare,68b22b6a2cb375c800b83c19,PLANTA PARA LA GENERACION DE ENERGIA ELECTRICA PROCESO POR GRUPO ELECTROGENO CON MOTOR DE ENCENDIDO POR CHISPA Y GENERADOR ¿ PLANTA DE ENERGIA MODULAR- TermoMechero,Factibilidad,,NO_AFOLU,COMBUSTIBLES_TERMICA,nombre,,,0,0.0,False,,PDBC - Proyectos de Desarrollo Bajo en Carbono,renare|planta para la generacion de energia electrica proceso por grupo electrogeno con motor de encendido por chispa y generador ¿ planta de energia modular- termomechero
renare,68b22c6a2cb375c800b83d2d,Bajo Tuluá Minor Hydroelectric Power Plant - CDM,Factibilidad,2011.0,NO_AFOLU,HIDROELECTRICA,nombre,,,0,0.0,False,,MDL - Proyectos del Mecanismo de Desarrollo Limpio,renare|bajo tulua minor hydroelectric power plant - cdm
renare,68b22ce92cb375c800b83dc2,Central Hidroeléctrica Carlos Lleras Restrepo,Factibilidad,,NO_AFOLU,HIDROELECTRICA,nombre,,,0,0.0,False,,PDBC - Proyectos de Desarrollo Bajo en Carbono,renare|central hidroelectrica carlos lleras restrepo
renare,68b229fa2cb375c800b83ac8,Central Hidroeléctrica Cucuana,Formulación,2014.0,NO_AFOLU,HIDROELECTRICA,nombre,,,0,0.0,False,,MDL - Proyectos del Mecanismo de Desarrollo Limpio,renare|central hidroelectrica cucuana
renare,68b22ca52cb375c800b83d67,Central Hidroeléctrica Cucuana,Factibilidad,2014.0,NO_AFOLU,HIDROELECTRICA,nombre,,,0,0.0,False,,MDL - Proyectos del Mecanismo de Desarrollo Limpio,renare|central hidroelectrica cucuana
renare,68b22caa2cb375c800b83d6b,Central Hidroeléctrica Cucuana,Factibilidad,2021.0,NO_AFOLU,HIDROELECTRICA,nombre,,,0,0.0,False,,PDBC - Proyectos de Desarrollo Bajo en Carbono,renare|central hidroelectrica cucuana
renare,68b22cea2cb375c800b83dc5,Central Hidroeléctrica Escuela de Minas,Factibilidad,,NO_AFOLU,HIDROELECTRICA,nombre,,,0,0.0,False,,PDBC - Proyectos de Desarrollo Bajo en Carbono,renare|central hidroelectrica escuela de minas
renare,68b22ca02cb375c800b83d63,Central Hidroeléctrica Menor Alto Tuluá,Factibilidad,2012.0,NO_AFOLU,HIDROELECTRICA,nombre,,,0,0.0,False,,MDL - Proyectos del Mecanismo de Desarrollo Limpio,renare|central hidroelectrica menor alto tulua
renare,68b22cb02cb375c800b83d72,Central Hidroeléctrica Menor Alto Tuluá,Factibilidad,2019.0,NO_AFOLU,HIDROELECTRICA,nombre,,,0,0.0,False,,PDBC - Proyectos de Desarrollo Bajo en Carbono,renare|central hidroelectrica menor alto tulua
renare,68b22cb62cb375c800b83d76,Central Hidroeléctrica Menor Amaime,Factibilidad,2017.0,NO_AFOLU,HIDROELECTRICA,nombre,,,0,0.0,False,,PDBC - Proyectos de Desarrollo Bajo en Carbono,renare|central hidroelectrica menor amaime
renare,68b22cf42cb375c800b83de9,Central Hidroeléctrica Menor Amaime,Factibilidad,2010.0,NO_AFOLU,HIDROELECTRICA,nombre,,,0,0.0,False,,MDL - Proyectos del Mecanismo de Desarrollo Limpio,renare|central hidroelectrica menor amaime
renare,68b22ce42cb375c800b83dbe,Central Hidroeléctrica Menor Bajo Tuluá,Factibilidad,2018.0,NO_AFOLU,HIDROELECTRICA,nombre,,,0,0.0,False,,PDBC - Proyectos de Desarrollo Bajo en Carbono,renare|central hidroelectrica menor bajo tulua
renare,68b22c802cb375c800b83d3d,PCH CANTAYUS,Factibilidad,,NO_AFOLU,HIDROELECTRICA,nombre,,,0,0.0,True,,PDBC - Proyectos de Desarrollo Bajo en Carbono,renare|pch cantayus
renare,68b22bfd2cb375c800b83cbb,PCH Cantayus,Factibilidad,,NO_AFOLU,HIDROELECTRICA,nombre,,,0,0.0,True,,MDL - Proyectos del Mecanismo de Desarrollo Limpio,renare|pch cantayus
renare,68b22c8f2cb375c800b83d51,PCH Cantayús,Factibilidad,,NO_AFOLU,HIDROELECTRICA,nombre,,,0,0.0,True,,MDL PoA - Programas de Actividades del Mecanismo de Desarrollo Limpio,renare|pch cantayus
renare,68b22aa42cb375c800b83b6a,PCH LA NAVETA,Factibilidad,2014.0,NO_AFOLU,HIDROELECTRICA,nombre,,,0,0.0,True,,PDBC - Proyectos de Desarrollo Bajo en Carbono,renare|pch la naveta
renare,68b229622cb375c800b83a35,Pequeña Central Hidroeléctrica Alto Tuluá,Formulación,2012.0,NO_AFOLU,HIDROELECTRICA,nombre,,,0,0.0,False,,MDL - Proyectos del Mecanismo de Desarrollo Limpio,renare|pequena central hidroelectrica alto tulua
renare,68b228202cb375c800b83924,Pequeña Central Hidroeléctrica Amaime,Formulación,2010.0,NO_AFOLU,HIDROELECTRICA,nombre,,,0,0.0,False,,MDL - Proyectos del Mecanismo de Desarrollo Limpio,renare|pequena central hidroelectrica amaime
renare,68b2299e2cb375c800b83a6d,Pequeña Central hidroeléctrica Bajo Tuluá,Formulación,2011.0,NO_AFOLU,HIDROELECTRICA,nombre,,,0,0.0,False,,MDL - Proyectos del Mecanismo de Desarrollo Limpio,renare|pequena central hidroelectrica bajo tulua
renare,68b22bb02cb375c800b83c6f,Pequeña central hidroeléctrica Montañitas,Factibilidad,,NO_AFOLU,HIDROELECTRICA,nombre,,,0,0.0,False,,PDBC - Proyectos de Desarrollo Bajo en Carbono,renare|pequena central hidroelectrica montanitas
renare,68b22b2f2cb375c800b83be4,Pequeña central hidroeléctrica San Andrés de Cuerquia,Factibilidad,,NO_AFOLU,HIDROELECTRICA,nombre,,05647;68669;88001,3,3.0,True,municipio ambiguo,PDBC - Programas de Desarrollo Bajo en Carbono,renare|pequena central hidroelectrica san andres de cuerquia
renare,690c8ec7471be180c8ed973d,Proyecto Hidroeléctrico El Edén,Factibilidad,2017.0,NO_AFOLU,HIDROELECTRICA,nombre,,05129;15131;17433;17444;17541;25743,6,6.0,False,municipio ambiguo,PDBC - Proyectos de Desarrollo Bajo en Carbono,renare|proyecto hidroelectrico el eden
renare,68b22cd82cb375c800b83da5,Proyecto Hidroeléctrico Guanaquitas 9.74 MW,Factibilidad,,NO_AFOLU,HIDROELECTRICA,nombre,,,0,0.0,False,,MDL - Proyectos del Mecanismo de Desarrollo Limpio,renare|proyecto hidroelectrico guanaquitas 9.74 mw
renare,68b22cc42cb375c800b83d8a,Proyecto Hidroeléctrico San Miguel 42 MW,Factibilidad,,NO_AFOLU,HIDROELECTRICA,nombre,,68686;86757,2,2.0,False,municipio ambiguo,PDBC - Programas de Desarrollo Bajo en Carbono,renare|proyecto hidroelectrico san miguel 42 mw
renare,68b229942cb375c800b83a62,Proyecto Hidroeléctrico Sogamoso,Formulación,2016.0,NO_AFOLU,HIDROELECTRICA,nombre,NO_AFOLU,15759,1,1.0,False,,MDL - Proyectos del Mecanismo de Desarrollo Limpio,renare|proyecto hidroelectrico sogamoso
renare,68b22a392cb375c800b83b06,Proyecto Hidroeléctrico del río Amoyá,Formulación,2012.0,NO_AFOLU,HIDROELECTRICA,nombre,,,0,0.0,False,,MDL - Proyectos del Mecanismo de Desarrollo Limpio,renare|proyecto hidroelectrico del rio amoya
renare,68b229be2cb375c800b83a85,Proyecto hidroeléctrico Barroso 20MW ,Factibilidad,,NO_AFOLU,HIDROELECTRICA,nombre,,,0,0.0,False,,PDBC - Proyectos de Desarrollo Bajo en Carbono,renare|proyecto hidroelectrico barroso 20mw
renare,68b22cde2cb375c800b83db7,Proyecto hidroeléctrico Caruquia,Factibilidad,,NO_AFOLU,HIDROELECTRICA,nombre,,,0,0.0,False,,PDBC - Programas de Desarrollo Bajo en Carbono,renare|proyecto hidroelectrico caruquia
renare,68b22c0b2cb375c800b83ccf,Proyecto hidroeléctrico PCH Luzma,Factibilidad,,NO_AFOLU,HIDROELECTRICA,nombre,,,0,0.0,False,,PDBC - Proyectos de Desarrollo Bajo en Carbono,renare|proyecto hidroelectrico pch luzma
renare,68b22cc52cb375c800b83d8d,Proyecto hidroeléctrico Popal 20 MW,Factibilidad,,NO_AFOLU,HIDROELECTRICA,nombre,,,0,0.0,False,,PDBC - Programas de Desarrollo Bajo en Carbono,renare|proyecto hidroelectrico popal 20 mw
renare,68b22c812cb375c800b83d40,Proyecto hidroeléctrico Sogamoso,Factibilidad,,NO_AFOLU,HIDROELECTRICA,nombre,NO_AFOLU,15759,1,1.0,False,,PDBC - Proyectos de Desarrollo Bajo en Carbono,renare|proyecto hidroelectrico sogamoso
renare,68b22cc32cb375c800b83d87,Proyecto hidroeléctrico a filo de agua Río Amoyá,Factibilidad,,NO_AFOLU,HIDROELECTRICA,nombre,,,0,0.0,False,,PDBC - Programas de Desarrollo Bajo en Carbono,renare|proyecto hidroelectrico a filo de agua rio amoya
renare,68b22c0c2cb375c800b83cd2,Proyectos hidroeléctricos El Molino - San Matías,Factibilidad,,NO_AFOLU,HIDROELECTRICA,nombre,NO_AFOLU,44110,1,1.0,False,,PDBC - Proyectos de Desarrollo Bajo en Carbono,renare|proyectos hidroelectricos el molino - san matias
renare,68b2286c2cb375c800b83968,Sombrilla Centrales Hidroeléctricas de Suba y Usaquén,Formulación,2014.0,NO_AFOLU,HIDROELECTRICA,nombre,,,0,0.0,False,,MDL - Proyectos del Mecanismo de Desarrollo Limpio,renare|sombrilla centrales hidroelectricas de suba y usaquen
renare,68b229a42cb375c800b83a71,Sombrilla Centrales Hidroeléctricas de Suba y Usaquén,Implementación,2013.0,NO_AFOLU,HIDROELECTRICA,nombre,,,0,0.0,False,,PDBC - Proyectos de Desarrollo Bajo en Carbono,renare|sombrilla centrales hidroelectricas de suba y usaquen
renare,68b22b9f2cb375c800b83c63,Liberación de refrigerantes al final de la vida útil de los refrigeradores domésticos-Sustitución,Formulación,,NO_AFOLU,INDUSTRIA,nombre,,,0,0.0,False,,NAMA - Acciones Nacionalmente Apropiadas de Mitigación,renare|liberacion de refrigerantes al final de la vida util de los refrigeradores domesticos-sustitucion
renare,68b22bb12cb375c800b83c72,Alma Solar & Bayunca,Formulación,2021.0,NO_AFOLU,RENOVABLE_OTRA,nombre,,,0,0.0,False,,MDL PoA - Programas de Actividades del Mecanismo de Desarrollo Limpio,renare|alma solar & bayunca
renare,68b22b912cb375c800b83c4c,Celsia Solar Agrupado VERRA,Factibilidad,,NO_AFOLU,RENOVABLE_OTRA,nombre,,,0,0.0,False,,PDBC - Proyectos de Desarrollo Bajo en Carbono,renare|celsia solar agrupado verra
renare,68b22a2c2cb375c800b83af2,Parque Eólico Guajira I,Formulación,2021.0,NO_AFOLU,RENOVABLE_OTRA,nombre,,,0,0.0,False,,MDL - Proyectos del Mecanismo de Desarrollo Limpio,renare|parque eolico guajira i
renare,68b22a4b2cb375c800b83b18,Parque Solar Caño Limón Phase 1 20 MW,Formulación,2022.0,NO_AFOLU,RENOVABLE_OTRA,nombre,,,0,0.0,False,,PDBC - Proyectos de Desarrollo Bajo en Carbono,renare|parque solar cano limon phase 1 20 mw
renare,68b22b0e2cb375c800b83bc6,Parque Solar Caño Limón Phase 2 20 MW,Formulación,2022.0,NO_AFOLU,RENOVABLE_OTRA,nombre,,,0,0.0,False,,PDBC - Proyectos de Desarrollo Bajo en Carbono,renare|parque solar cano limon phase 2 20 mw
renare,68b22c822cb375c800b83d43,Parque eólico Guajira I,Factibilidad,,NO_AFOLU,RENOVABLE_OTRA,nombre,,,0,0.0,False,,PDBC - Proyectos de Desarrollo Bajo en Carbono,renare|parque eolico guajira i
renare,68b22c0a2cb375c800b83ccc,Parque eólico WESP 01,Factibilidad,,NO_AFOLU,RENOVABLE_OTRA,nombre,,,0,0.0,True,,PDBC - Proyectos de Desarrollo Bajo en Carbono,renare|parque eolico wesp 01
renare,68b22b752cb375c800b83c24,Planta De Energía Solar - Awarala,Factibilidad,,NO_AFOLU,RENOVABLE_OTRA,nombre,,,0,0.0,False,,PDBC - Proyectos de Desarrollo Bajo en Carbono,renare|planta de energia solar - awarala
renare,68b22cd12cb375c800b83d9b,Planta Solar Fotovoltaica Fundación ,Factibilidad,,NO_AFOLU,RENOVABLE_OTRA,nombre,,,0,0.0,False,,PDBC - Proyectos de Desarrollo Bajo en Carbono,renare|planta solar fotovoltaica fundacion
renare,68b22a612cb375c800b83b2e,Proyecto Solar Fotovoltaico Agrupado URRÁ S.A. E.S.P.,Formulación,2022.0,NO_AFOLU,RENOVABLE_OTRA,nombre,,,0,0.0,True,,PDBC - Proyectos de Desarrollo Bajo en Carbono,renare|proyecto solar fotovoltaico agrupado urra s.a. e.s.p.
renare,68b22cdb2cb375c800b83dae,Proyecto Solar Fotovoltaico Greenyellow,Factibilidad,,NO_AFOLU,RENOVABLE_OTRA,nombre,,,0,0.0,True,,PDBC - Proyectos de Desarrollo Bajo en Carbono,renare|proyecto solar fotovoltaico greenyellow
renare,6a7e79ab956159ac50315e7d,Proyecto de Desarrollo Bajo en Carbono - Granja Solar El Cinco,Factibilidad,2026.0,NO_AFOLU,RENOVABLE_OTRA,nombre,,,0,0.0,False,,PDBC - Proyectos de Desarrollo Bajo en Carbono,renare|proyecto de desarrollo bajo en carbono - granja solar el cinco
renare,68b22d052cb375c800b83df8,Proyecto de Generación de Energía Solar Fotovoltaica La Loma ,Factibilidad,,NO_AFOLU,RENOVABLE_OTRA,nombre,,,0,0.0,True,,PDBC - Proyectos de Desarrollo Bajo en Carbono,renare|proyecto de generacion de energia solar fotovoltaica la loma
renare,68b22b892cb375c800b83c3f,Sistema de generación fotovoltaíco Pintuco,Factibilidad,,NO_AFOLU,RENOVABLE_OTRA,nombre,,,0,0.0,False,,PDBC - Proyectos de Desarrollo Bajo en Carbono,renare|sistema de generacion fotovoltaico pintuco
renare,68b22cdc2cb375c800b83db1,Solario,Factibilidad,,NO_AFOLU,RENOVABLE_OTRA,nombre,,,0,0.0,False,,MDL - Proyectos del Mecanismo de Desarrollo Limpio,renare|solario
renare,6a0ce0526ba4657064ecab7a,Diseño y desarrollo de sistemas de tratamientos de aguas residuales domésticas e industriales a través de biomasas adsorbentes. ,Factibilidad,2024.0,NO_AFOLU,RESIDUOS_METANO,nombre,,,0,0.0,False,,MDL - Proyectos del Mecanismo de Desarrollo Limpio,renare|diseno y desarrollo de sistemas de tratamientos de aguas residuales domesticas e industriales a traves de biomasas adsorbentes.
renare,68b22a3f2cb375c800b83b0d,Doña Juana Landfill Gas to Energy Project,Factibilidad,2009.0,NO_AFOLU,RESIDUOS_METANO,nombre,,,0,0.0,True,,PDBC - Programas de Desarrollo Bajo en Carbono,renare|dona juana landfill gas to energy project
renare,68b22adf2cb375c800b83b9f,"Introduction of the recovery and combustion of methane in the existing sludge treatment system of the Wastewater Treatment Plant of Cañaveralejo EMCALI in Cali, Colombia",Formulación,2010.0,NO_AFOLU,RESIDUOS_METANO,nombre,,,0,0.0,False,,MDL - Proyectos del Mecanismo de Desarrollo Limpio,"renare|introduction of the recovery and combustion of methane in the existing sludge treatment system of the wastewater treatment plant of canaveralejo emcali in cali, colombia"
renare,68b229b92cb375c800b83a81,Veolia LFG PTA Antanas landfill,Factibilidad,2020.0,NO_AFOLU,RESIDUOS_METANO,nombre,,,0,0.0,True,,PDBC - Programas de Desarrollo Bajo en Carbono,renare|veolia lfg pta antanas landfill
renare,68b22b7d2cb375c800b83c31,Implementación de buses eléctricos para el transporte de empleados de Cerro Matoso S.A.,Factibilidad,,NO_AFOLU,TRANSPORTE,nombre,,,0,0.0,False,,PDBC - Proyectos de Desarrollo Bajo en Carbono,renare|implementacion de buses electricos para el transporte de empleados de cerro matoso s.a.
renare,68b22b182cb375c800b83bce,Multimodal transport on the Magdalena River by Impala Terminals.,Factibilidad,,NO_AFOLU,TRANSPORTE,nombre,,,0,0.0,False,,PDBC - Proyectos de Desarrollo Bajo en Carbono,renare|multimodal transport on the magdalena river by impala terminals.
renare,68b22cee2cb375c800b83dd1,A,Factibilidad,,REVISAR,SIN_CLASIFICAR,ninguna,,,0,0.0,False,,PDBC - Proyectos de Desarrollo Bajo en Carbono,renare|a
renare,68b22cf42cb375c800b83de6,AgroTrace,Factibilidad,,REVISAR,SIN_CLASIFICAR,ninguna,,,0,0.0,False,,PDBC - Programas de Desarrollo Bajo en Carbono,renare|agrotrace
renare,68b22cda2cb375c800b83dab,Agua Fresca Multipurpose and Environmental Services Project,Factibilidad,,REVISAR,SIN_CLASIFICAR,ninguna,,,0,0.0,True,,PDBC - Proyectos de Desarrollo Bajo en Carbono,renare|agua fresca multipurpose and environmental services project
renare,68b22cdd2cb375c800b83db4,Brújula Verde Project,Factibilidad,2023.0,REVISAR,SIN_CLASIFICAR,ninguna,,,0,0.0,False,,PDBC - Proyectos de Desarrollo Bajo en Carbono,renare|brujula verde project
renare,68b22a932cb375c800b83b5b,CARBONO AGROPORVANDA,Factibilidad,2008.0,REVISAR,SIN_CLASIFICAR,ninguna,,,0,0.0,True,,PDBC - Proyectos de Desarrollo Bajo en Carbono,renare|carbono agroporvanda
renare,68b22b842cb375c800b83c3b,CARBONO LA TABACA - AGI,Formulación,2015.0,REVISAR,SIN_CLASIFICAR,ninguna,,,0,0.0,False,,PDBC - Proyectos de Desarrollo Bajo en Carbono,renare|carbono la tabaca - agi
renare,68b22cc62cb375c800b83d90,CARBONO LA TABACA - AGI,Factibilidad,2015.0,REVISAR,SIN_CLASIFICAR,ninguna,,,0,0.0,False,,PDBC - Proyectos de Desarrollo Bajo en Carbono,renare|carbono la tabaca - agi
renare,68b22cf22cb375c800b83de0,CARVIDA DURATEX,Factibilidad,,REVISAR,SIN_CLASIFICAR,ninguna,,,0,0.0,False,,PDBC - Proyectos de Desarrollo Bajo en Carbono,renare|carvida duratex
renare,68b22cd02cb375c800b83d98,CIM 1,Factibilidad,,REVISAR,SIN_CLASIFICAR,ninguna,,,0,0.0,False,,PDBC - Proyectos de Desarrollo Bajo en Carbono,renare|cim 1
renare,68b22ceb2cb375c800b83dc8,CIM2,Factibilidad,,REVISAR,SIN_CLASIFICAR,ninguna,,,0,0.0,False,,PDBC - Proyectos de Desarrollo Bajo en Carbono,renare|cim2
renare,68b22bd62cb375c800b83c96,CO2Bio P4,Cierre,,REVISAR,SIN_CLASIFICAR,ninguna,AFOLU,,0,0.0,False,,PDBC - Proyectos de Desarrollo Bajo en Carbono,renare|co2bio p4
renare,68b22bca2cb375c800b83c88,CO2rozo Proyecto 1,Factibilidad,,REVISAR,SIN_CLASIFICAR,ninguna,,,0,0.0,False,,PDBC - Proyectos de Desarrollo Bajo en Carbono,renare|co2rozo proyecto 1
renare,68b22cbc2cb375c800b83d7d,Captura de CO2 a partir de biorreactores con microalgas chlorella vulgaris,Factibilidad,,REVISAR,SIN_CLASIFICAR,ninguna,,,0,0.0,False,,PDBC - Programas de Desarrollo Bajo en Carbono,renare|captura de co2 a partir de biorreactores con microalgas chlorella vulgaris
renare,68b22cdf2cb375c800b83dba,Carbono Bagatela,Factibilidad,2011.0,REVISAR,SIN_CLASIFICAR,ninguna,,05051;13212;23419;52215;63212,5,5.0,True,municipio ambiguo,PDBC - Proyectos de Desarrollo Bajo en Carbono,renare|carbono bagatela
renare,68b2294d2cb375c800b83a25,Carbono Inmunizar,Formulación,2011.0,REVISAR,SIN_CLASIFICAR,ninguna,,,0,0.0,True,,PDBC - Proyectos de Desarrollo Bajo en Carbono,renare|carbono inmunizar
renare,68b22cd92cb375c800b83da8,Carbono Verde II,Factibilidad,,REVISAR,SIN_CLASIFICAR,ninguna,,,0,0.0,False,,PDBC - Proyectos de Desarrollo Bajo en Carbono,renare|carbono verde ii
renare,68b22bc22cb375c800b83c81,CultivO2,Factibilidad,,REVISAR,SIN_CLASIFICAR,ninguna,,,0,0.0,False,,PDBC - Proyectos de Desarrollo Bajo en Carbono,renare|cultivo2
renare,68b22aaf2cb375c800b83b75,Cumare Carbon Proyect,Factibilidad,2016.0,REVISAR,SIN_CLASIFICAR,ninguna,,,0,0.0,False,,PDBC - Proyectos de Desarrollo Bajo en Carbono,renare|cumare carbon proyect
renare,68b229dc2cb375c800b83aa8,Despacho técnico-económico de energía y vapor en la Refinería de Barrancabermeja-GRB,Formulación,2013.0,REVISAR,SIN_CLASIFICAR,ninguna,NO_AFOLU,68081,1,1.0,False,,PDBC - Proyectos de Desarrollo Bajo en Carbono,renare|despacho tecnico-economico de energia y vapor en la refineria de barrancabermeja-grb
renare,68b22ced2cb375c800b83dce,ENTREPALMAS S.A.S,Factibilidad,2017.0,REVISAR,SIN_CLASIFICAR,ninguna,,,0,0.0,False,,MDL - Proyectos del Mecanismo de Desarrollo Limpio,renare|entrepalmas s.a.s
renare,68b20da12cb375c800b83892,EcoAcción MDL,Factibilidad,2025.0,REVISAR,SIN_CLASIFICAR,ninguna,,,0,0.0,False,,MDL PoA - Programas de Actividades del Mecanismo de Desarrollo Limpio,renare|ecoaccion mdl
renare,68d4283d2d88c288b51cf71f,EcoAcción MDL,Factibilidad,2025.0,REVISAR,SIN_CLASIFICAR,ninguna,,,0,0.0,False,,MDL PoA - Programas de Actividades del Mecanismo de Desarrollo Limpio,renare|ecoaccion mdl
renare,68d6a15a350c48834f3de405,EcoAcción MDL,Factibilidad,2025.0,REVISAR,SIN_CLASIFICAR,ninguna,,,0,0.0,False,,MDL PoA - Programas de Actividades del Mecanismo de Desarrollo Limpio,renare|ecoaccion mdl
renare,68b22b452cb375c800b83bfa,FAZNI-GGC-074-521-17,Formulación,2018.0,REVISAR,SIN_CLASIFICAR,ninguna,,,0,0.0,False,,PDBC - Proyectos de Desarrollo Bajo en Carbono,renare|fazni-ggc-074-521-17
renare,68b22b3b2cb375c800b83bf2,FAZNI-GGC-075-520-17,Formulación,2018.0,REVISAR,SIN_CLASIFICAR,ninguna,,,0,0.0,False,,PDBC - Proyectos de Desarrollo Bajo en Carbono,renare|fazni-ggc-075-520-17
renare,68b22b592cb375c800b83c0a,FAZNI-GGC-076-523-17,Formulación,2018.0,REVISAR,SIN_CLASIFICAR,ninguna,,,0,0.0,False,,PDBC - Proyectos de Desarrollo Bajo en Carbono,renare|fazni-ggc-076-523-17
renare,68b22a572cb375c800b83b26,FAZNI-GGC-077-525-17,Formulación,2018.0,REVISAR,SIN_CLASIFICAR,ninguna,,,0,0.0,False,,PDBC - Proyectos de Desarrollo Bajo en Carbono,renare|fazni-ggc-077-525-17
renare,68b22aca2cb375c800b83b8c,FAZNI-GGC-081-544-17,Formulación,2018.0,REVISAR,SIN_CLASIFICAR,ninguna,,,0,0.0,False,,PDBC - Proyectos de Desarrollo Bajo en Carbono,renare|fazni-ggc-081-544-17
renare,68b22b292cb375c800b83be0,FAZNI-GGC-082-545-17,Formulación,2018.0,REVISAR,SIN_CLASIFICAR,ninguna,,,0,0.0,False,,PDBC - Proyectos de Desarrollo Bajo en Carbono,renare|fazni-ggc-082-545-17
renare,68b22ae92cb375c800b83ba7,FAZNI-GGC-083-546-17,Formulación,2018.0,REVISAR,SIN_CLASIFICAR,ninguna,,,0,0.0,False,,PDBC - Proyectos de Desarrollo Bajo en Carbono,renare|fazni-ggc-083-546-17
renare,68b22ad42cb375c800b83b94,FAZNI-GGC-083-604-17,Formulación,2018.0,REVISAR,SIN_CLASIFICAR,ninguna,,,0,0.0,False,,PDBC - Proyectos de Desarrollo Bajo en Carbono,renare|fazni-ggc-083-604-17
renare,68b22aaa2cb375c800b83b71,FAZNI-GGC-087-585-17,Formulación,2018.0,REVISAR,SIN_CLASIFICAR,ninguna,,,0,0.0,False,,PDBC - Proyectos de Desarrollo Bajo en Carbono,renare|fazni-ggc-087-585-17
renare,68b22b4f2cb375c800b83c02,FAZNI-GGC-093-570-17,Formulación,2018.0,REVISAR,SIN_CLASIFICAR,ninguna,,,0,0.0,False,,PDBC - Proyectos de Desarrollo Bajo en Carbono,renare|fazni-ggc-093-570-17
renare,68b22b402cb375c800b83bf6,FAZNI-GGC-094-572-17,Formulación,2018.0,REVISAR,SIN_CLASIFICAR,ninguna,,,0,0.0,False,,PDBC - Proyectos de Desarrollo Bajo en Carbono,renare|fazni-ggc-094-572-17
renare,68b22a7d2cb375c800b83b48,FAZNI-GGC-095-573-17,Formulación,2018.0,REVISAR,SIN_CLASIFICAR,ninguna,,,0,0.0,False,,PDBC - Proyectos de Desarrollo Bajo en Carbono,renare|fazni-ggc-095-573-17
renare,68b22b302cb375c800b83bea,FAZNI-GGC-096-593-17,Formulación,2018.0,REVISAR,SIN_CLASIFICAR,ninguna,,,0,0.0,False,,PDBC - Proyectos de Desarrollo Bajo en Carbono,renare|fazni-ggc-096-593-17
renare,68b22abb2cb375c800b83b80,FAZNI-GGC-098-597-17,Formulación,2018.0,REVISAR,SIN_CLASIFICAR,ninguna,,,0,0.0,False,,PDBC - Proyectos de Desarrollo Bajo en Carbono,renare|fazni-ggc-098-597-17
renare,68b22b4a2cb375c800b83bfe,FAZNI-GGC-105-611-17,Formulación,2018.0,REVISAR,SIN_CLASIFICAR,ninguna,,,0,0.0,False,,PDBC - Proyectos de Desarrollo Bajo en Carbono,renare|fazni-ggc-105-611-17
renare,68b22aee2cb375c800b83bab,FAZNI-GGC-106-612-17,Formulación,2018.0,REVISAR,SIN_CLASIFICAR,ninguna,,,0,0.0,False,,PDBC - Proyectos de Desarrollo Bajo en Carbono,renare|fazni-ggc-106-612-17
renare,68b22b642cb375c800b83c12,FAZNI-GGC-107-613-17,Formulación,2018.0,REVISAR,SIN_CLASIFICAR,ninguna,,,0,0.0,False,,PDBC - Proyectos de Desarrollo Bajo en Carbono,renare|fazni-ggc-107-613-17
renare,68b22ab52cb375c800b83b7c,FAZNI-GGC-108-614-17,Formulación,2018.0,REVISAR,SIN_CLASIFICAR,ninguna,,,0,0.0,False,,PDBC - Proyectos de Desarrollo Bajo en Carbono,renare|fazni-ggc-108-614-17
renare,68b22b6a2cb375c800b83c1c,FAZNI-GGC-109-615-17,Formulación,2018.0,REVISAR,SIN_CLASIFICAR,ninguna,,,0,0.0,False,,PDBC - Proyectos de Desarrollo Bajo en Carbono,renare|fazni-ggc-109-615-17
renare,68b22ae42cb375c800b83ba3,FAZNI-GGC-110-616-17,Formulación,2018.0,REVISAR,SIN_CLASIFICAR,ninguna,,,0,0.0,False,,PDBC - Proyectos de Desarrollo Bajo en Carbono,renare|fazni-ggc-110-616-17
renare,68b22ad92cb375c800b83b98,FAZNI-GGC-111-617-17,Formulación,2018.0,REVISAR,SIN_CLASIFICAR,ninguna,,,0,0.0,False,,PDBC - Proyectos de Desarrollo Bajo en Carbono,renare|fazni-ggc-111-617-17
renare,68b22ac02cb375c800b83b84,FAZNI-GGC-112-619-17,Formulación,2018.0,REVISAR,SIN_CLASIFICAR,ninguna,,,0,0.0,False,,PDBC - Proyectos de Desarrollo Bajo en Carbono,renare|fazni-ggc-112-619-17
renare,68b22af42cb375c800b83baf,FAZNI-GGC-113-620-17,Formulación,2018.0,REVISAR,SIN_CLASIFICAR,ninguna,,,0,0.0,False,,PDBC - Proyectos de Desarrollo Bajo en Carbono,renare|fazni-ggc-113-620-17
renare,68b22b542cb375c800b83c06,FAZNI-GGC-114-622-17,Formulación,2018.0,REVISAR,SIN_CLASIFICAR,ninguna,,,0,0.0,False,,PDBC - Proyectos de Desarrollo Bajo en Carbono,renare|fazni-ggc-114-622-17
renare,68b22afe2cb375c800b83bb7,FAZNI-GGC-115-626-17,Factibilidad,2018.0,REVISAR,SIN_CLASIFICAR,ninguna,,,0,0.0,False,,PDBC - Proyectos de Desarrollo Bajo en Carbono,renare|fazni-ggc-115-626-17
renare,68b22ac52cb375c800b83b88,FAZNI-GGC-116-627-17,Factibilidad,2018.0,REVISAR,SIN_CLASIFICAR,ninguna,,,0,0.0,False,,PDBC - Proyectos de Desarrollo Bajo en Carbono,renare|fazni-ggc-116-627-17
renare,68b22a522cb375c800b83b22,FAZNI-GGC-117-628-17,Formulación,2018.0,REVISAR,SIN_CLASIFICAR,ninguna,,,0,0.0,False,,PDBC - Proyectos de Desarrollo Bajo en Carbono,renare|fazni-ggc-117-628-17
renare,68b22b032cb375c800b83bbb,FAZNI-GGC-118-629-17,Factibilidad,2018.0,REVISAR,SIN_CLASIFICAR,ninguna,,,0,0.0,False,,PDBC - Proyectos de Desarrollo Bajo en Carbono,renare|fazni-ggc-118-629-17
renare,68b22acf2cb375c800b83b90,FAZNI-GGC-119-630-17,Formulación,2018.0,REVISAR,SIN_CLASIFICAR,ninguna,,,0,0.0,False,,PDBC - Proyectos de Desarrollo Bajo en Carbono,renare|fazni-ggc-119-630-17
renare,68b22b362cb375c800b83bee,FAZNI-GGC-120-631-17,Formulación,2018.0,REVISAR,SIN_CLASIFICAR,ninguna,,,0,0.0,False,,PDBC - Proyectos de Desarrollo Bajo en Carbono,renare|fazni-ggc-120-631-17
renare,68b22af92cb375c800b83bb3,FAZNI-GGC-121-625-17,Factibilidad,2018.0,REVISAR,SIN_CLASIFICAR,ninguna,,,0,0.0,False,,PDBC - Proyectos de Desarrollo Bajo en Carbono,renare|fazni-ggc-121-625-17
renare,68b22a822cb375c800b83b4c,FAZNI-GGC-122-643-17,Formulación,2018.0,REVISAR,SIN_CLASIFICAR,ninguna,,,0,0.0,False,,PDBC - Proyectos de Desarrollo Bajo en Carbono,renare|fazni-ggc-122-643-17
renare,68b22a782cb375c800b83b44,FAZNI-GGC-397-16,Formulación,2017.0,REVISAR,SIN_CLASIFICAR,ninguna,,,0,0.0,False,,PDBC - Proyectos de Desarrollo Bajo en Carbono,renare|fazni-ggc-397-16
renare,68b22b5f2cb375c800b83c0e,FAZNI-GGC-403-16,Formulación,2017.0,REVISAR,SIN_CLASIFICAR,ninguna,,,0,0.0,False,,PDBC - Proyectos de Desarrollo Bajo en Carbono,renare|fazni-ggc-403-16
renare,68b22c9a2cb375c800b83d5c,"FINCA LA PAZ II LA VICHADA, COLOMBIA",Factibilidad,2018.0,REVISAR,SIN_CLASIFICAR,ninguna,,20621;68397,2,2.0,False,municipio ambiguo,PDBC - Proyectos de Desarrollo Bajo en Carbono,"renare|finca la paz ii la vichada, colombia"
renare,68b22b762cb375c800b83c27,ISAGEN,Formulación,2022.0,REVISAR,SIN_CLASIFICAR,ninguna,,,0,0.0,False,,MDL PoA - Programas de Actividades del Mecanismo de Desarrollo Limpio,renare|isagen
renare,68b22d062cb375c800b83dfb,Los Titíes de San Juan,Factibilidad,2021.0,REVISAR,SIN_CLASIFICAR,ninguna,,,0,0.0,False,,PDBC - Proyectos de Desarrollo Bajo en Carbono,renare|los tities de san juan
renare,691726b38903bc9c31018518,MDL PoA Mundo verde,Factibilidad,2025.0,REVISAR,SIN_CLASIFICAR,ninguna,,,0,0.0,False,,MDL PoA - Programas de Actividades del Mecanismo de Desarrollo Limpio,renare|mdl poa mundo verde
renare,68d94d2bf7447e0f93dcafb8,Nombre Iniciativa prueba,Factibilidad,2023.0,REVISAR,SIN_CLASIFICAR,ninguna,,,0,0.0,False,,MDL - Proyectos del Mecanismo de Desarrollo Limpio,renare|nombre iniciativa prueba
renare,68b22a502cb375c800b83b1c,Nucleos Carbono,Factibilidad,,REVISAR,SIN_CLASIFICAR,ninguna,,,0,0.0,True,,PDBC - Proyectos de Desarrollo Bajo en Carbono,renare|nucleos carbono
renare,68b22c192cb375c800b83ce3,Núcleos Timberlife,Factibilidad,,REVISAR,SIN_CLASIFICAR,ninguna,,,0,0.0,False,,PDBC - Proyectos de Desarrollo Bajo en Carbono,renare|nucleos timberlife
renare,68b22bfe2cb375c800b83cbe,PAISAJES PRODUCTIVOS RESTAURADOS EN LA CUENCA MEDIA DEL RÍO MAGDALENA EN COLOMBIA,Factibilidad,2023.0,REVISAR,SIN_CLASIFICAR,ninguna,,,0,0.0,False,,PDBC - Programas de Desarrollo Bajo en Carbono,renare|paisajes productivos restaurados en la cuenca media del rio magdalena en colombia
renare,68b22c9f2cb375c800b83d60,PIDs Planes Integrales de Descarbonnizacion,Factibilidad,,REVISAR,SIN_CLASIFICAR,ninguna,,,0,0.0,False,,PDBC - Proyectos de Desarrollo Bajo en Carbono,renare|pids planes integrales de descarbonnizacion
renare,68b22bc32cb375c800b83c84,PMCC Carbono Hass,Factibilidad,2018.0,REVISAR,SIN_CLASIFICAR,ninguna,,,0,0.0,False,,PDBC - Proyectos de Desarrollo Bajo en Carbono,renare|pmcc carbono hass
renare,68b22a0b2cb375c800b83ad7,PROYECTO ASOCIATIVO PROGRAMATICO ZONA ANDINA Y COSTA ATLANTICA -FCG,Factibilidad,2011.0,REVISAR,SIN_CLASIFICAR,ninguna,,,0,0.0,False,,PDBC - Proyectos de Desarrollo Bajo en Carbono,renare|proyecto asociativo programatico zona andina y costa atlantica -fcg
renare,68b22cbe2cb375c800b83d83,PROYECTO CARBONO  EN GANADERIA REGENERATIVA EN COLOMBIA VCS ID 3927 VERRA,Factibilidad,2020.0,REVISAR,SIN_CLASIFICAR,ninguna,,,0,0.0,False,,PDBC - Proyectos de Desarrollo Bajo en Carbono,renare|proyecto carbono en ganaderia regenerativa en colombia vcs id 3927 verra
renare,68b22beb2cb375c800b83ca6,Paramuno P2 ,Factibilidad,,REVISAR,SIN_CLASIFICAR,ninguna,,,0,0.0,False,,PDBC - Proyectos de Desarrollo Bajo en Carbono,renare|paramuno p2
renare,68c991302d88c288b51cef65,Plan VERDE: Valoración de Energías Renovables y Disminución de Emisiones,Factibilidad,2025.0,REVISAR,SIN_CLASIFICAR,ninguna,NO_AFOLU,47189,1,1.0,False,,MDL PoA - Programas de Actividades del Mecanismo de Desarrollo Limpio,renare|plan verde: valoracion de energias renovables y disminucion de emisiones
renare,68b22cbb2cb375c800b83d7a,Primer Proyecto Agrupado de Helios S.A. E.S.P para la energización de hogares en Zonas No Interconectadas en Colombia,Factibilidad,,REVISAR,SIN_CLASIFICAR,ninguna,,,0,0.0,False,,PDBC - Proyectos de Desarrollo Bajo en Carbono,renare|primer proyecto agrupado de helios s.a. e.s.p para la energizacion de hogares en zonas no interconectadas en colombia
renare,68b228652cb375c800b8395e,Proyecto Carbono Sombrilla Abejorral,Formulación,2009.0,REVISAR,SIN_CLASIFICAR,ninguna,AFOLU,05002,1,1.0,False,,PDBC - Proyectos de Desarrollo Bajo en Carbono,renare|proyecto carbono sombrilla abejorral
renare,68b22a722cb375c800b83b40,Proyecto Carbono Verde,Formulación,2011.0,REVISAR,SIN_CLASIFICAR,ninguna,,,0,0.0,False,,PDBC - Proyectos de Desarrollo Bajo en Carbono,renare|proyecto carbono verde
renare,68b22b9a2cb375c800b83c5f,Proyecto CultivO2,Cierre,2011.0,REVISAR,SIN_CLASIFICAR,ninguna,,,0,0.0,False,,MDL - Proyectos del Mecanismo de Desarrollo Limpio,renare|proyecto cultivo2
renare,68b2290e2cb375c800b839ef,Proyecto carbono CAS,Formulación,2008.0,REVISAR,SIN_CLASIFICAR,ninguna,,,0,0.0,True,,PDBC - Proyectos de Desarrollo Bajo en Carbono,renare|proyecto carbono cas
renare,68b22b692cb375c800b83c16,Proyecto de Certificación COPEY,Factibilidad,,REVISAR,SIN_CLASIFICAR,ninguna,,,0,0.0,False,,MDL - Proyectos del Mecanismo de Desarrollo Limpio,renare|proyecto de certificacion copey
renare,68b22b982cb375c800b83c59,Proyecto de Mitigación de Cambio Climático Región Caribe+,Factibilidad,,REVISAR,SIN_CLASIFICAR,ninguna,,,0,0.0,False,,PDBC - Proyectos de Desarrollo Bajo en Carbono,renare|proyecto de mitigacion de cambio climatico region caribe+
renare,68b22b992cb375c800b83c5c,Proyecto de optimización Nodo Llanos,Factibilidad,,REVISAR,SIN_CLASIFICAR,ninguna,,,0,0.0,False,,MDL - Proyectos del Mecanismo de Desarrollo Limpio,renare|proyecto de optimizacion nodo llanos
renare,68b22b982cb375c800b83c56,Proyecto de reducción de emisiones de la Comercializadora Global Grupo García,Factibilidad,,REVISAR,SIN_CLASIFICAR,ninguna,,,0,0.0,False,,PDBC - Proyectos de Desarrollo Bajo en Carbono,renare|proyecto de reduccion de emisiones de la comercializadora global grupo garcia
renare,68d82b7bf7447e0f93dcaf29,Prueba,Factibilidad,2025.0,REVISAR,SIN_CLASIFICAR,ninguna,,,0,0.0,False,,NAMA - Acciones Nacionalmente Apropiadas de Mitigación,renare|prueba
renare,68ddf2adf7447e0f93dcb125,Prueba,Factibilidad,2025.0,REVISAR,SIN_CLASIFICAR,ninguna,,,0,0.0,False,,PDBC - Proyectos de Desarrollo Bajo en Carbono,renare|prueba
renare,68b22cd72cb375c800b83da2,RUTA ANDINA ,Factibilidad,,REVISAR,SIN_CLASIFICAR,ninguna,,,0,0.0,True,,PDBC - Proyectos de Desarrollo Bajo en Carbono,renare|ruta andina
renare,6a6365cec4dc4aa74a6f1b69,Rehabilitación del Corredor Férreo La Dorada - Chiriguaná,Factibilidad,2025.0,REVISAR,SIN_CLASIFICAR,ninguna,,05129;15131;17380;20178;47189,5,5.0,False,municipio ambiguo,PDBC - Proyectos de Desarrollo Bajo en Carbono,renare|rehabilitacion del corredor ferreo la dorada - chiriguana
renare,68b22c7b2cb375c800b83d39,SAHBIO CARBONO,Factibilidad,2018.0,REVISAR,SIN_CLASIFICAR,ninguna,,,0,0.0,False,,NAMA - Acciones Nacionalmente Apropiadas de Mitigación,renare|sahbio carbono
renare,68b22c6f2cb375c800b83d31,SOMBRILLA BAJO CAUCA Y COSTA NORTE CO2CERO-FCG,Factibilidad,2009.0,REVISAR,SIN_CLASIFICAR,ninguna,,,0,0.0,False,,PDBC - Proyectos de Desarrollo Bajo en Carbono,renare|sombrilla bajo cauca y costa norte co2cero-fcg
renare,6a7cdbba2ae62d26b5e216ec,Sembrando Futuro 2.0,Factibilidad,2023.0,REVISAR,SIN_CLASIFICAR,ninguna,,05364;05789,2,2.0,True,municipio ambiguo,PDBC - Proyectos de Desarrollo Bajo en Carbono,renare|sembrando futuro 2.0
renare,68d9647bf7447e0f93dcb01e,abclnlkvn,Factibilidad,2025.0,REVISAR,SIN_CLASIFICAR,ninguna,,,0,0.0,False,,PDBC - Programas de Desarrollo Bajo en Carbono,renare|abclnlkvn
renare,69133b64471be180c8ed9831,hkjhkh,Factibilidad,2025.0,REVISAR,SIN_CLASIFICAR,ninguna,,,0,0.0,False,,MDL - Proyectos del Mecanismo de Desarrollo Limpio,renare|hkjhkh
renare,68d952ddf7447e0f93dcafe2,knfknl,Factibilidad,2025.0,REVISAR,SIN_CLASIFICAR,ninguna,,,0,0.0,False,,MDL PoA - Programas de Actividades del Mecanismo de Desarrollo Limpio,renare|knfknl
renare,68d9465cf7447e0f93dcaf56,nombre prueba,Factibilidad,2025.0,REVISAR,SIN_CLASIFICAR,ninguna,,,0,0.0,False,,PDBC - Proyectos de Desarrollo Bajo en Carbono,renare|nombre prueba
renare,68b22b912cb375c800b83c4f,proyecto Carbono Santa Inés,Factibilidad,,REVISAR,SIN_CLASIFICAR,ninguna,,,0,0.0,False,,PDBC - Proyectos de Desarrollo Bajo en Carbono,renare|proyecto carbono santa ines
renare,68b22cfa2cb375c800b83ded,prueba_py_pdbc,Cierre,2009.0,REVISAR,SIN_CLASIFICAR,ninguna,,,0,0.0,False,,PDBC - Proyectos de Desarrollo Bajo en Carbono,renare|prueba_py_pdbc
verra,5335,Boomitra grassland Restoration in Colombia,Pipeline Listing (under development) approved,2022.0,AFOLU,ALM,campo_registrador,AFOLU,20295,1,,False,,Carbon |  | Agriculture Forestry and Other Land Use |  | VM0042 (Version NA),verra|boomitra grassland restoration in colombia
verra,3927,CARBONO VIVO- A REGENERATIVE LIVESTOCK CARBON PROJECT WITH A PARTICIPATORY APPROACH IN COLOMBIA,Registration and verification approval requested,2020.0,AFOLU,ALM,campo_registrador,AFOLU,50573,1,,False,,Carbon |  | Agriculture Forestry and Other Land Use |  | VM0042 (Version 2),verra|carbono vivo- a regenerative livestock carbon project with a participatory approach in colombia
verra,4777,NATURAL SILVOPASTORAL SYSTEMS IN THE COLOMBIAN ORINOQUIA REGION,Under validation (Public comment period closed),2021.0,AFOLU,ALM,campo_registrador,AFOLU,99524,1,,False,,Carbon |  | Agriculture Forestry and Other Land Use |  | VM0042 (Version NA),verra|natural silvopastoral systems in the colombian orinoquia region
verra,2512,"AFFORESTATION OF DEGRADED GRASSLANDS IN VICHADA, COLOMBIA",Registered,2016.0,AFOLU,ARR,campo_registrador,AFOLU,99001,1,,False,,Carbon |  | Agriculture Forestry and Other Land Use |  | AR-ACM0003 (Version NA),"verra|afforestation of degraded grasslands in vichada, colombia"
verra,5305,Bella Bosque Vichada Afforestation Project,Under validation (Public comment period closed),2024.0,AFOLU,ARR,campo_registrador,AFOLU,99524,1,,False,,Carbon |  | Agriculture Forestry and Other Land Use |  | VM0047 (Version NA),verra|bella bosque vichada afforestation project
verra,3970,Carbon In Flavor and Arome Forests (C-BOSAR),Registered,2022.0,AFOLU,ARR,campo_registrador,AFOLU,20570,1,,False,,Carbon |  | Agriculture Forestry and Other Land Use |  | AR-ACM0003 (Version 2),verra|carbon in flavor and arome forests (c-bosar)
verra,2532,Cumare carbon project,Registered,2016.0,AFOLU,ARR,campo_registrador,AFOLU,50689,1,,False,,Carbon |  | Agriculture Forestry and Other Land Use |  | AR-ACM0003 (Version NA),verra|cumare carbon project
verra,3594,Finca la Paz II,Registration and verification approval requested,2016.0,AFOLU,ARR,campo_registrador,AFOLU,99001,1,,False,,Carbon |  | Agriculture Forestry and Other Land Use |  | VM0047 (Version NA),verra|finca la paz ii
verra,1378,"Forestry Project for the Basin of the Chinchina River, an Environmental and Productive Alternative for the City and the Region",Late to Verify,2002.0,AFOLU,ARR,campo_registrador,AFOLU,73043,1,,False,,Carbon |  | Agriculture Forestry and Other Land Use |  | AR-ACM0003 (Version 2),"verra|forestry project for the basin of the chinchina river, an environmental and productive alternative for the city and the region"
verra,1434,Forestry Project “More Forests for Medellin”,Withdrawn,,AFOLU,ARR,campo_registrador,AFOLU,05001,1,,False,,Carbon |  | Agriculture Forestry and Other Land Use |  | AR-ACM0003 (Version 2),verra|forestry project “more forests for medellin”
verra,5632,Green and Carbon Capture project,Under validation (Public comment period closed),2022.0,AFOLU,ARR,campo_registrador,AFOLU,47551,1,,False,,Carbon |  | Agriculture Forestry and Other Land Use |  | VM0047 (Version NA),verra|green and carbon capture project
verra,1530,Grouped Project for Commercial Forest Plantations Initiatives in the Department of Vichada,Registered,2011.0,AFOLU,ARR,campo_registrador,AFOLU,99001,1,,False,,Carbon |  | Agriculture Forestry and Other Land Use |  | AR-ACM0003 (Version NA),verra|grouped project for commercial forest plantations initiatives in the department of vichada
verra,4894,"MÜSESI project for active restoration in areas of the Sierra Nevada Santa Marta, Colombia",Pipeline Listing (under development) approved,2022.0,AFOLU,ARR,campo_registrador,AFOLU,47189,1,,False,,Carbon |  | Agriculture Forestry and Other Land Use |  | VM0047 (Version NA),"verra|musesi project for active restoration in areas of the sierra nevada santa marta, colombia"
verra,4732,"NatureRe assisted natural regeneration project in degraded lands in Antioquia, Colombia",Registered,2022.0,AFOLU,ARR,campo_registrador,AFOLU,05579,1,,False,,Carbon |  | Agriculture Forestry and Other Land Use |  | AR-ACM0003 (Version NA),"verra|naturere assisted natural regeneration project in degraded lands in antioquia, colombia"
verra,6047,"REFORESTATION OF GRAZING LANDS HACIENDA EL MANANTIAL IN PUERTO LÓPEZ, COLOMBIA",Under validation (Public comment period closed),2014.0,AFOLU,ARR,campo_registrador,AFOLU,50573,1,,False,,Carbon |  | Agriculture Forestry and Other Land Use |  | VM0047 (Version NA),"verra|reforestation of grazing lands hacienda el manantial in puerto lopez, colombia"
verra,4748,RESTORED PRODUCTIVE LANDSCAPES IN THE MAGDALENA RIVER MIDDLE BASIN IN COLOMBIA,Registration requested,2023.0,AFOLU,ARR,campo_registrador,AFOLU,68190,1,,False,,Carbon |  | Agriculture Forestry and Other Land Use |  | AR-ACM0003 (Version NA),verra|restored productive landscapes in the magdalena river middle basin in colombia
verra,1429,Recovery of degraded areas with agroforestry systems in Colombia,Late to Verify,2012.0,AFOLU,ARR,campo_registrador,AFOLU,05837,1,,False,,Carbon |  | Agriculture Forestry and Other Land Use |  | AR-ACM0003 (Version NA),verra|recovery of degraded areas with agroforestry systems in colombia
verra,1233,Reforestation with Rubber on degraded lands of Colombia,Withdrawn,2011.0,AFOLU,ARR,campo_registrador,AFOLU,99624,1,,False,,Carbon |  | Agriculture Forestry and Other Land Use |  | AR-ACM0003 (Version NA),verra|reforestation with rubber on degraded lands of colombia
verra,1682,Regenerating Colombian Coffee Ecosystems,Registered,2014.0,AFOLU,ARR,campo_registrador,AFOLU,05670,1,,False,,Carbon |  | Agriculture Forestry and Other Land Use |  | AR-AMS0007 (Version 3.1),verra|regenerating colombian coffee ecosystems
verra,576,"Restoration of degraded areas and reforestation in Cáceres and Cravo Norte, Colombia",Registered,2002.0,AFOLU,ARR,campo_registrador,AFOLU,05120,1,,False,," |  | Agriculture Forestry and Other Land Use |  | AR-ACM0003 (Version NA), AR-AM0005 (Version NA)","verra|restoration of degraded areas and reforestation in caceres and cravo norte, colombia"
verra,2750,Saving Colombia's Cloud Forest,Registered,2017.0,AFOLU,ARR,campo_registrador,AFOLU,05034,1,,False,,Carbon |  | Agriculture Forestry and Other Land Use |  | AR-ACM0003 (Version 2),verra|saving colombia's cloud forest
verra,5169,Sembrando Futuro 2.0,Under validation (Public comment period closed),2023.0,AFOLU,ARR,campo_registrador,AFOLU,05679,1,,True,,Carbon |  | Agriculture Forestry and Other Land Use |  | VM0047 (Version NA),verra|sembrando futuro 2.0
verra,5324,Sembrando Futuro Restoration Project,Withdrawn,2021.0,AFOLU,ARR,campo_registrador,AFOLU,05364,1,,False,,Carbon |  | Agriculture Forestry and Other Land Use |  | VM0047 (Version NA),verra|sembrando futuro restoration project
verra,3450,"Sustainable Agroforestry Cacao Meta, Colombia",Registered,2017.0,AFOLU,ARR,campo_registrador,AFOLU,50124,1,,False,,Carbon |  | Agriculture Forestry and Other Land Use |  | AR-ACM0003 (Version NA),"verra|sustainable agroforestry cacao meta, colombia"
verra,3849,THE FOREST CARBON PROJECT AGROREFORESTADORA RANCHO VICTORIA S. A,Rejected by Administrator,2018.0,AFOLU,ARR,campo_registrador,AFOLU,50573,1,,False,,Carbon |  | Agriculture Forestry and Other Land Use |  | AR-ACM0003 (Version NA),verra|the forest carbon project agroreforestadora rancho victoria s. a
verra,1869,"Yagual - Carbon Sequestration Grouped Project for the Restoration, Conservation and Sustainable Production in the Guerrero, Sumapaz and Rabanal Paramo Systems",Late to Verify,2018.0,AFOLU,ARR,campo_registrador,AFOLU,25793,1,,False,,Carbon |  | Agriculture Forestry and Other Land Use |  | AR-ACM0003 (Version NA),"verra|yagual - carbon sequestration grouped project for the restoration, conservation and sustainable production in the guerrero, sumapaz and rabanal paramo systems"
verra,1769,"Grouped Project for restoration of degraded lands in Jaguar Corridors, Colombia",Late to Verify,2015.0,AFOLU,IFM,campo_registrador,AFOLU,68190,1,,False,,"Carbon |  | Agriculture Forestry and Other Land Use |  | AR-ACM0003 (Version NA), VM0005 (Version NA)","verra|grouped project for restoration of degraded lands in jaguar corridors, colombia"
verra,3475,ACABA REDD+ Project,Pipeline Listing (under development) approved,2019.0,AFOLU,REDD,campo_registrador,AFOLU,27025,1,,True,,Carbon |  | Agriculture Forestry and Other Land Use |  | VM0009 (Version NA),verra|acaba redd+ project
verra,3215,ASATIQ Vaupés Maloca REDD+ Project,Inactive,2019.0,AFOLU,REDD,campo_registrador,AFOLU,97001,1,,True,,Carbon |  | Agriculture Forestry and Other Land Use |  | VM0009 (Version NA),verra|asatiq vaupes maloca redd+ project
verra,3216,ASATRIZY Vaupés Maloca REDD+ Project,Registration and verification approval requested,2019.0,AFOLU,REDD,campo_registrador,AFOLU,97001,1,,True,,Carbon |  | Agriculture Forestry and Other Land Use |  | VM0009 (Version NA),verra|asatrizy vaupes maloca redd+ project
verra,1389,Acapa -­ Bajo Mira Y Frontera REDD+ Project,Registered,2013.0,AFOLU,REDD,campo_registrador,AFOLU,52835,1,,False,,Carbon |  | Agriculture Forestry and Other Land Use |  | VM0006 (Version NA),verra|acapa -­ bajo mira y frontera redd+ project
verra,2290,BLUE CARBON PROJECT GULF OF MORROSQUILLO “VIDA MANGLAR”,Late to Verify,2015.0,AFOLU,REDD,campo_registrador,AFOLU,23672,1,,False,,Carbon |  | Agriculture Forestry and Other Land Use |  | VM0007 (Version NA),verra|blue carbon project gulf of morrosquillo “vida manglar”
verra,3210,Bajo Atrato REDD+ Project,Registration and verification approval requested,2019.0,AFOLU,REDD,campo_registrador,AFOLU,27615,1,,True,,Carbon |  | Agriculture Forestry and Other Land Use |  | VM0009 (Version NA),verra|bajo atrato redd+ project
verra,1395,Bajo Calima y Bahía Málaga (BCBM) REDD+ Project,Registered,2013.0,AFOLU,REDD,campo_registrador,AFOLU,76109,1,,False,,Carbon |  | Agriculture Forestry and Other Land Use |  | VM0006 (Version NA),verra|bajo calima y bahia malaga (bcbm) redd+ project
verra,2969,CHONTA COROZO REDD+,Pipeline listing requested (under development),2017.0,AFOLU,REDD,campo_registrador,AFOLU,19318,1,,False,,Carbon |  | Agriculture Forestry and Other Land Use |  | VM0007 (Version NA),verra|chonta corozo redd+
verra,5680,CO2ROZO,Pipeline Listing (under development) approved,2024.0,AFOLU,REDD,campo_registrador,AFOLU,08001,1,,False,,"Carbon |  | Agriculture Forestry and Other Land Use |  | VM0007 (Version NA), VM0042 (Version NA)",verra|co2rozo
verra,2071,"COCOMACIA COMMUNITY REDD+ PROGRAM, CHOCO/ANTIOQUIA COLOMBIA",Under validation (Public comment period closed),2016.0,AFOLU,REDD,campo_registrador,AFOLU,27001,1,,False,,"Carbon |  | Agriculture Forestry and Other Land Use |  | VM0006 (Version NA), VM0048 (Version NA)","verra|cocomacia community redd+ program, choco/antioquia colombia"
verra,2723,CONDOTO REDD+,Verification approval requested,2019.0,AFOLU,REDD,campo_registrador,AFOLU,27205,1,,False,,Carbon |  | Agriculture Forestry and Other Land Use |  | VM0007 (Version NA),verra|condoto redd+
verra,2298,"CONSEJOS COMUNITARIOS DEL PACIFICO VALLE DEL CAUCA (CCPVC) PROGRAMA REDD+ VALLE DEL CAUCA, COLOMBIA",Pipeline Listing (under development) approved,2018.0,AFOLU,REDD,campo_registrador,AFOLU,76109,1,,False,,Carbon |  | Agriculture Forestry and Other Land Use |  | VM0006 (Version NA),"verra|consejos comunitarios del pacifico valle del cauca (ccpvc) programa redd+ valle del cauca, colombia"
verra,2084,"CONSERVATION PROJECT REDD+ SUR DEL META BOSQUES DE PAZ, SUSTENTO DE VIDA",Registered,2019.0,AFOLU,REDD,campo_registrador,AFOLU,50590,1,,False,,Carbon |  | Agriculture Forestry and Other Land Use |  | VM0015 (Version 1.1),"verra|conservation project redd+ sur del meta bosques de paz, sustento de vida"
verra,2872,CRIMA PREDIO PUTUMAYO Y ANDOQUE DE ADUCHE REDD+  PROJECT,Withdrawn,2018.0,AFOLU,REDD,campo_registrador,AFOLU,18756,1,,False,,Carbon |  | Agriculture Forestry and Other Land Use |  | VM0007 (Version NA),verra|crima predio putumayo y andoque de aduche redd+ project
verra,1392,Cajambre REDD+ Project,Registered,2013.0,AFOLU,REDD,campo_registrador,AFOLU,76109,1,,False,,Carbon |  | Agriculture Forestry and Other Land Use |  | VM0006 (Version NA),verra|cajambre redd+ project
verra,1390,Carmen del Darién (CDD) REDD+ Project,Registered,2014.0,AFOLU,REDD,campo_registrador,AFOLU,27150,1,,False,,Carbon |  | Agriculture Forestry and Other Land Use |  | VM0006 (Version NA),verra|carmen del darien (cdd) redd+ project
verra,1400,Concosta REDD+ Project,Registered,2013.0,AFOLU,REDD,campo_registrador,AFOLU,27077,1,,False,,Carbon |  | Agriculture Forestry and Other Land Use |  | VM0006 (Version NA),verra|concosta redd+ project
verra,1821,Conservación de los Ecosistemas y el Almacén de Carbono Región de Transición Guayano Amazónica 'Flor de Inírida',Withdrawn,2017.0,AFOLU,REDD,campo_registrador,AFOLU,94001,1,,False,,Carbon |  | Agriculture Forestry and Other Land Use |  | VM0007 (Version NA),verra|conservacion de los ecosistemas y el almacen de carbono region de transicion guayano amazonica 'flor de inirida'
verra,1657,"Grouped Project REDD+ conservation of the Oak ecological corridor Guantiva – La Rusia – Iguaque, Colombia",Under validation (Public comment period closed),2015.0,AFOLU,REDD,campo_registrador,AFOLU,68464,1,,False,,Carbon |  | Agriculture Forestry and Other Land Use |  | VM0015 (Version NA),"verra|grouped project redd+ conservation of the oak ecological corridor guantiva – la rusia – iguaque, colombia"
verra,1765,Grouped Project for reducing emissions from deforestation and forest degradation-REDD-in the Regional Natural Park:Biological Corridor PNN Purace-PNN Cueva de los Guacharos,Verification approval requested,2014.0,AFOLU,REDD,campo_registrador,AFOLU,41668,1,,False,,Carbon |  | Agriculture Forestry and Other Land Use |  | VM0015 (Version NA),verra|grouped project for reducing emissions from deforestation and forest degradation-redd-in the regional natural park:biological corridor pnn purace-pnn cueva de los guacharos
verra,3646,Kúvay Macärö Vidi REDD+ Carurú -KUMAVI REDD+,Inactive,2017.0,AFOLU,REDD,campo_registrador,AFOLU,97161,1,,False,,"Carbon |  | Agriculture Forestry and Other Land Use |  | VM0015 (Version NA), VM0037 (Version NA)",verra|kuvay macaro vidi redd+ caruru -kumavi redd+
verra,1399,Mutatá REDD+ Project,Registered,2013.0,AFOLU,REDD,campo_registrador,AFOLU,05480,1,,False,,Carbon |  | Agriculture Forestry and Other Land Use |  | VM0006 (Version NA),verra|mutata redd+ project
verra,2459,NAYA REDD+,Rejected by Administrator,2015.0,AFOLU,REDD,campo_registrador,AFOLU,19418,1,,False,,Carbon |  | Agriculture Forestry and Other Land Use |  | VM0007 (Version NA),verra|naya redd+
verra,3218,Origen Atrato-Baudó REDD+ Project,Registration and verification approval requested,2019.0,AFOLU,REDD,campo_registrador,AFOLU,27600,1,,True,,Carbon |  | Agriculture Forestry and Other Land Use |  | VM0009 (Version NA),verra|origen atrato-baudo redd+ project
verra,1695,PAYMENT FOR ENVIRONMENTAL SERVICES SCHEME FOR FOREST MANAGEMENT AND CONSERVATION OF WATER SOURCES IN THE JURISDICTION OF CORPOCHIVOR,Registered,2014.0,AFOLU,REDD,campo_registrador,AFOLU,15236,1,,False,,Carbon |  | Agriculture Forestry and Other Land Use |  | VM0015 (Version 1.1),verra|payment for environmental services scheme for forest management and conservation of water sources in the jurisdiction of corpochivor
verra,3690,PROJECT MATANI REDD+ DIOS MAYOR DE LOS PUEBLOS CABILLARI,Rejected by Administrator,2017.0,AFOLU,REDD,campo_registrador,AFOLU,97511,1,,False,,Carbon |  | Agriculture Forestry and Other Land Use |  | VM0015 (Version NA),verra|project matani redd+ dios mayor de los pueblos cabillari
verra,5901,"PROJECT URAMIA – COMMUNITY-LED FOREST CONSERVATION REDD+ PROJECT IN CHOCÓ, COLOMBIA",Under validation (Public comment period closed),2024.0,AFOLU,REDD,campo_registrador,AFOLU,27361,1,,False,,Carbon |  | Agriculture Forestry and Other Land Use |  | VM0048 (Version NA),"verra|project uramia – community-led forest conservation redd+ project in choco, colombia"
verra,4419,Project MATANI REDD+ DIOS MAYOR DE LOS PUEBLOS CABILLARI CONSERVACION ANCESTRAL,Withdrawn,2020.0,AFOLU,REDD,campo_registrador,AFOLU,97511,1,,False,,Carbon |  | Agriculture Forestry and Other Land Use |  | VM0015 (Version NA),verra|project matani redd+ dios mayor de los pueblos cabillari conservacion ancestral
verra,2330,Protection of mangroves and community developmental activities in the biodiversity hotspot of Colombia,Registration requested,2018.0,AFOLU,REDD,campo_registrador,AFOLU,27800,1,,True,,Carbon |  | Agriculture Forestry and Other Land Use |  | VM0015 (Version NA),verra|protection of mangroves and community developmental activities in the biodiversity hotspot of colombia
verra,3145,Proyecto REDD++ PANI,Registration and verification approval requested,2022.0,AFOLU,REDD,campo_registrador,AFOLU,91669,1,,True,,Carbon |  | Agriculture Forestry and Other Land Use |  | VM0007 (Version NA),verra|proyecto redd++ pani
verra,2392,REDD + in the Forests of the Otún River Basin,Withdrawn,2016.0,AFOLU,REDD,campo_registrador,AFOLU,66682,1,,False,,Carbon |  | Agriculture Forestry and Other Land Use |  | VM0015 (Version NA),verra|redd + in the forests of the otun river basin
verra,2251,REDD PROJECT OF THE INDIGENOUS PEOPLES OF VAUPÉS YUTUCU AND  OTHERS,Withdrawn,2017.0,AFOLU,REDD,campo_registrador,AFOLU,97001,1,,False,,Carbon |  | Agriculture Forestry and Other Land Use |  | VM0015 (Version 1.1),verra|redd project of the indigenous peoples of vaupes yutucu and others
verra,2356,REDD+ CONSERVATION OF ETHNO SUSTAINABLE AFRO-COLOMBIAN COMMUNITY IN THE TROPICAL RAIN FOREST OF COLOMBIA,Under validation (Public comment period closed),2018.0,AFOLU,REDD,campo_registrador,AFOLU,27006,1,,True,,Carbon |  | Agriculture Forestry and Other Land Use |  | VM0015 (Version NA),verra|redd+ conservation of ethno sustainable afro-colombian community in the tropical rain forest of colombia
verra,4536,REDD+ Esteros y Manglares,Inactive,2021.0,AFOLU,REDD,campo_registrador,AFOLU,52490,1,,False,,Carbon |  | Agriculture Forestry and Other Land Use |  | VM0007 (Version NA),verra|redd+ esteros y manglares
verra,2317,REDD+ Project Magnolios de Yarumal,Registered,2016.0,AFOLU,REDD,campo_registrador,AFOLU,05134,1,,False,,Carbon |  | Agriculture Forestry and Other Land Use |  | VM0015 (Version 1.1),verra|redd+ project magnolios de yarumal
verra,2297,REDD+ Project Pueblos indígenas resguardando la selva,Registered,2016.0,AFOLU,REDD,campo_registrador,AFOLU,91405,1,,False,,Carbon |  | Agriculture Forestry and Other Land Use |  | VM0015 (Version NA),verra|redd+ project pueblos indigenas resguardando la selva
verra,1566,REDD+ Project Resguardo Indigena Unificado Selva de Mataven (RIU SM),Verification approval requested,2013.0,AFOLU,REDD,campo_registrador,AFOLU,99773,1,,False,,Carbon |  | Agriculture Forestry and Other Land Use |  | VM0007 (Version NA),verra|redd+ project resguardo indigena unificado selva de mataven (riu sm)
verra,3564,REDD+ Project for the Conservation of Lowland Forest in the  Magdalena Medio Region of Colombia,Withdrawn,2018.0,AFOLU,REDD,campo_registrador,AFOLU,05893,1,,False,,Carbon |  | Agriculture Forestry and Other Land Use |  | VM0015 (Version NA),verra|redd+ project for the conservation of lowland forest in the magdalena medio region of colombia
verra,3217,REDD+ Project in the Alto Predio Putumayo Indigenous Reservation in Colombia,Pipeline Listing (under development) approved,2018.0,AFOLU,REDD,campo_registrador,AFOLU,18150,1,,False,,Carbon |  | Agriculture Forestry and Other Land Use |  | VM0009 (Version NA),verra|redd+ project in the alto predio putumayo indigenous reservation in colombia
verra,2262,REDD+ Yaguara Llanos del Yari,Withdrawn,,AFOLU,REDD,campo_registrador,AFOLU,95015,1,,False,,Carbon |  | Agriculture Forestry and Other Land Use |  | VM0015 (Version NA),verra|redd+ yaguara llanos del yari
verra,4480,REDD++ Manglares del Bajo Baudo,Under validation (Public comment period closed),2022.0,AFOLU,REDD,campo_registrador,AFOLU,27077,1,,True,,Carbon |  | Agriculture Forestry and Other Land Use |  | VM0007 (Version NA),verra|redd++ manglares del bajo baudo
verra,1396,Rio Pepe y ACABA REDD+ Project,Registered,2014.0,AFOLU,REDD,campo_registrador,AFOLU,27430,1,,False,,Carbon |  | Agriculture Forestry and Other Land Use |  | VM0006 (Version NA),verra|rio pepe y acaba redd+ project
verra,1806,Riscales REDD+ Project,Registered,2014.0,AFOLU,REDD,campo_registrador,AFOLU,27495,1,,False,,Carbon |  | Agriculture Forestry and Other Land Use |  | VM0007 (Version 1),verra|riscales redd+ project
verra,1391,SIVIRÚ-USARAGÁ-PIZARRO-PILIZÁ (SUPP) REDD+ Project,Registered,2013.0,AFOLU,REDD,campo_registrador,AFOLU,27077,1,,False,,Carbon |  | Agriculture Forestry and Other Land Use |  | VM0006 (Version NA),verra|siviru-usaraga-pizarro-piliza (supp) redd+ project
verra,856,The Chocó-Darién Conservation Corridor REDD Project,Late to Verify,2010.0,AFOLU,REDD,campo_registrador,AFOLU,27006,1,,False,,Carbon |  | Agriculture Forestry and Other Land Use |  | VM0009 (Version NA),verra|the choco-darien conservation corridor redd project
verra,1524,AXIA Energia Cogeneration Project in Familia,Pipeline Listing (under development) approved,2016.0,NO_AFOLU,ESTUFAS_EFICIENCIA,campo_registrador,NO_AFOLU,05001,1,,False,,Carbon |  | Manufacturing industries |  | AMS-II.D. (Version NA),verra|axia energia cogeneration project in familia
verra,1405,AXIA Energia Cogeneration Project in Unibol,Pipeline Listing (under development) approved,2015.0,NO_AFOLU,ESTUFAS_EFICIENCIA,campo_registrador,NO_AFOLU,08758,1,,False,,Carbon |  | Manufacturing industries |  | AMS-II.D. (Version 13),verra|axia energia cogeneration project in unibol
verra,1835,Caruquia 9.76 MW Hydroelectric Project,Late to Verify,2020.0,NO_AFOLU,RENOVABLE_OTRA,campo_registrador,NO_AFOLU,05686,1,,True,,Carbon |  | Energy industries (renewable/non-renewable sources) |  | AMS-I.D. (Version NA),verra|caruquia 9.76 mw hydroelectric project
verra,1169,EPM Grouped Natural Gas Project,Under validation (Public comment period closed),2022.0,NO_AFOLU,RENOVABLE_OTRA,campo_registrador,NO_AFOLU,05615,1,,False,,"Carbon |  | Energy industries (renewable/non-renewable sources), Manufacturing industries |  | ACM0009 (Version NA)",verra|epm grouped natural gas project
verra,1797,El Molino-San Matias hydroelectric projects,Verification approval requested,2017.0,NO_AFOLU,RENOVABLE_OTRA,campo_registrador,NO_AFOLU,05197,1,,False,,Carbon |  | Energy industries (renewable/non-renewable sources) |  | ACM0002 (Version 18.1),verra|el molino-san matias hydroelectric projects
verra,1723,Escuela de Minas Hydroelectric Project,Registered,2019.0,NO_AFOLU,RENOVABLE_OTRA,campo_registrador,NO_AFOLU,05440,1,,False,,Carbon |  | Energy industries (renewable/non-renewable sources) |  | ACM0002 (Version 17),verra|escuela de minas hydroelectric project
verra,1868,GUACHICONO SMALL HYDROELECTRIC PROJECT,Late to Verify,2021.0,NO_AFOLU,RENOVABLE_OTRA,campo_registrador,NO_AFOLU,19392,1,,False,,Carbon |  | Energy industries (renewable/non-renewable sources) |  | AMS-I.D. (Version 18),verra|guachicono small hydroelectric project
verra,1836,Guanaquitas 9.74 MW Hydroelectric Project,Late to Verify,2020.0,NO_AFOLU,RENOVABLE_OTRA,campo_registrador,NO_AFOLU,05686,1,,True,,Carbon |  | Energy industries (renewable/non-renewable sources) |  | AMS-I.D. (Version NA),verra|guanaquitas 9.74 mw hydroelectric project
verra,1065,HYDROELECTRIC PROJECT ITUANGO,Registered,2023.0,NO_AFOLU,RENOVABLE_OTRA,campo_registrador,NO_AFOLU,05107,1,,False,,Carbon |  | Energy industries (renewable/non-renewable sources) |  | ACM0002 (Version NA),verra|hydroelectric project ituango
verra,1562,Hydroelectric Project Aures Bajo,Pipeline Listing (under development) approved,2018.0,NO_AFOLU,RENOVABLE_OTRA,campo_registrador,NO_AFOLU,05756,1,,False,,Carbon |  | Energy industries (renewable/non-renewable sources) |  | ACM0002 (Version NA),verra|hydroelectric project aures bajo
verra,1235,Hydroelectric Project Cantayus,Pipeline Listing (under development) approved,2015.0,NO_AFOLU,RENOVABLE_OTRA,campo_registrador,NO_AFOLU,05690,1,,False,,Carbon |  | Energy industries (renewable/non-renewable sources) |  | ACM0002 (Version NA),verra|hydroelectric project cantayus
verra,1068,Hydroelectric Project El Edén,Registered,2017.0,NO_AFOLU,RENOVABLE_OTRA,campo_registrador,NO_AFOLU,17541,1,,False,,Carbon |  | Energy industries (renewable/non-renewable sources) |  | ACM0002 (Version 13),verra|hydroelectric project el eden
verra,1473,Hydroelectric Project MULATOS II,Registered,2019.0,NO_AFOLU,RENOVABLE_OTRA,campo_registrador,NO_AFOLU,05792,1,,False,,Carbon |  | Energy industries (renewable/non-renewable sources) |  | ACM0002 (Version NA),verra|hydroelectric project mulatos ii
verra,1364,Hydroelectric Project PCH Luzma,Registered,2017.0,NO_AFOLU,RENOVABLE_OTRA,campo_registrador,NO_AFOLU,05031,1,,False,,Carbon |  | Energy industries (renewable/non-renewable sources) |  | ACM0002 (Version NA),verra|hydroelectric project pch luzma
verra,1798,Hydroelectric projects at Oibita River,Registered,2023.0,NO_AFOLU,RENOVABLE_OTRA,campo_registrador,NO_AFOLU,68500,1,,False,,Carbon |  | Energy industries (renewable/non-renewable sources) |  | ACM0002 (Version 19),verra|hydroelectric projects at oibita river
verra,386,La Cascada 2.3 MW Hydroelectric Project,Late to Verify,2007.0,NO_AFOLU,RENOVABLE_OTRA,campo_registrador,NO_AFOLU,05670,1,,False,,Carbon |  | Energy industries (renewable/non-renewable sources) |  | ACM0002 (Version NA),verra|la cascada 2.3 mw hydroelectric project
verra,1206,Montanitas Hydroelectric Project,Registered,2022.0,NO_AFOLU,RENOVABLE_OTRA,campo_registrador,NO_AFOLU,05237,1,,False,,Carbon |  | Energy industries (renewable/non-renewable sources) |  | ACM0002 (Version 13),verra|montanitas hydroelectric project
verra,1892,SOLAR GROUPED PROJECT BY EPSA-CELSIA,Verification approval requested,2017.0,NO_AFOLU,RENOVABLE_OTRA,campo_registrador,NO_AFOLU,11001,1,,False,,"Carbon |  | Energy industries (renewable/non-renewable sources) |  | ACM0002 (Version NA), AMS-I.D. (Version NA)",verra|solar grouped project by epsa-celsia
verra,1173,San Andres Hydroelectric project,Withdrawn,2013.0,NO_AFOLU,RENOVABLE_OTRA,campo_registrador,NO_AFOLU,05647,1,,False,,Carbon |  | Energy industries (renewable/non-renewable sources) |  | ACM0002 (Version 13),verra|san andres hydroelectric project
verra,1909,Santa Ana Hydroelectric Plant - CER Conversion,Units transferred from approved GHG program,2012.0,NO_AFOLU,RENOVABLE_OTRA,campo_registrador,NO_AFOLU,25845,1,,False,,Carbon |  | Energy industries (renewable/non-renewable sources) |  | AMS-I.D. (Version NA),verra|santa ana hydroelectric plant - cer conversion
verra,1796,Santa Rosa - Altamira hydroelectric projects,Late to Verify,2020.0,NO_AFOLU,RENOVABLE_OTRA,campo_registrador,NO_AFOLU,68770,1,,False,,Carbon |  | Energy industries (renewable/non-renewable sources) |  | ACM0002 (Version 19),verra|santa rosa - altamira hydroelectric projects
verra,2060,Suba and Usaquen Hydroelectric Umbrella Project,Registered,2023.0,NO_AFOLU,RENOVABLE_OTRA,campo_registrador,NO_AFOLU,11001,1,,False,,Carbon |  | Energy industries (renewable/non-renewable sources) |  | AMS-I.D. (Version 18),verra|suba and usaquen hydroelectric umbrella project
verra,1936,WIND POWER GROUPED PROJECT BY CELSIA COLOMBIA - BEGONIA POWER,Late to Verify,2021.0,NO_AFOLU,RENOVABLE_OTRA,campo_registrador,NO_AFOLU,44430,1,,False,,"Carbon |  | Energy industries (renewable/non-renewable sources) |  | ACM0002 (Version NA), AMS-I.D. (Version NA)",verra|wind power grouped project by celsia colombia - begonia power
verra,491,"Bionersis landfill  project in Pasto, Colombia",Late to Verify,2020.0,NO_AFOLU,RESIDUOS_METANO,campo_registrador,NO_AFOLU,52001,1,,False,,Carbon |  | Waste handling and disposal |  | AMS-III.G. (Version NA),"verra|bionersis landfill project in pasto, colombia"
verra,1910,"Bionersis landfill project in Pasto, Colombia",Late to Verify,,NO_AFOLU,RESIDUOS_METANO,campo_registrador,NO_AFOLU,86757,1,,False,,Carbon |  | Energy industries (renewable/non-renewable sources) |  | ACM0001 (Version NA),"verra|bionersis landfill project in pasto, colombia"
verra,479,Curva de Rodas and La Pradera landfill gas management project,Late to Verify,2022.0,NO_AFOLU,RESIDUOS_METANO,campo_registrador,NO_AFOLU,05212,1,,False,,Carbon |  | Waste handling and disposal |  | ACM0001 (Version NA),verra|curva de rodas and la pradera landfill gas management project
verra,5756,El Estero biogas recovery and utilization,Pipeline Listing (under development) approved,2025.0,NO_AFOLU,RESIDUOS_METANO,campo_registrador,NO_AFOLU,85139,1,,False,,"Carbon |  | Energy industries (renewable/non-renewable sources), Waste handling and disposal |  | AMS-III.H. (Version NA)",verra|el estero biogas recovery and utilization
verra,5908,Electric Mobility Program Colombia,Under validation (Public comment period closed),2026.0,NO_AFOLU,TRANSPORTE,campo_registrador,NO_AFOLU,50573,1,,False,,Carbon |  | Transport |  | VM0038 (Version NA),verra|electric mobility program colombia
verra,2869,Multimodal Transport on the Magdalena River by Impala Terminals,Pipeline listing requested (under development),2015.0,NO_AFOLU,TRANSPORTE,campo_registrador,NO_AFOLU,68081,1,,False,,Carbon |  | Transport |  | AM0090 (Version NA),verra|multimodal transport on the magdalena river by impala terminals
