COD_DANE,NOMBRE_MPI,DPTO_CNMBR,year,loss_pixels,loss_area_ha
05001,MEDELLÍN,ANTIOQUIA,2001,172,15.479999999999999
05001,MEDELLÍN,ANTIOQUIA,2002,181,16.29
05001,MEDELLÍN,ANTIOQUIA,2003,56,5.04
05001,MEDELLÍN,ANTIOQUIA,2004,44,3.96
05001,MEDELLÍN,ANTIOQUIA,2005,234,21.06
05001,MEDELLÍN,ANTIOQUIA,2006,80,7.199999999999999
05001,MEDELLÍN,ANTIOQUIA,2007,31,2.79
05001,MEDELLÍN,ANTIOQUIA,2008,107,9.629999999999999
05001,MEDELLÍN,ANTIOQUIA,2009,96,8.64
05001,MEDELLÍN,ANTIOQUIA,2010,75,6.75
05001,MEDELLÍN,ANTIOQUIA,2011,25,2.25
05001,MEDELLÍN,ANTIOQUIA,2012,43,3.8699999999999997
05001,MEDELLÍN,ANTIOQUIA,2013,64,5.76
05001,MEDELLÍN,ANTIOQUIA,2014,137,12.33
05001,MEDELLÍN,ANTIOQUIA,2015,82,7.38
05001,MEDELLÍN,ANTIOQUIA,2016,192,17.28
05001,MEDELLÍN,ANTIOQUIA,2017,302,27.18
05001,MEDELLÍN,ANTIOQUIA,2018,154,13.86
05001,MEDELLÍN,ANTIOQUIA,2019,317,28.529999999999998
05001,MEDELLÍN,ANTIOQUIA,2020,251,22.59
05001,MEDELLÍN,ANTIOQUIA,2021,102,9.18
05001,MEDELLÍN,ANTIOQUIA,2022,126,11.34
05001,MEDELLÍN,ANTIOQUIA,2023,154,13.86
05002,ABEJORRAL,ANTIOQUIA,2001,114,10.26
05002,ABEJORRAL,ANTIOQUIA,2002,63,5.67
05002,ABEJORRAL,ANTIOQUIA,2003,89,8.01
05002,ABEJORRAL,ANTIOQUIA,2004,54,4.859999999999999
05002,ABEJORRAL,ANTIOQUIA,2005,99,8.91
05002,ABEJORRAL,ANTIOQUIA,2006,46,4.14
05002,ABEJORRAL,ANTIOQUIA,2007,62,5.58
05002,ABEJORRAL,ANTIOQUIA,2008,146,13.139999999999999
05002,ABEJORRAL,ANTIOQUIA,2010,183,16.47
05002,ABEJORRAL,ANTIOQUIA,2011,63,5.67
05002,ABEJORRAL,ANTIOQUIA,2012,13,1.17
05002,ABEJORRAL,ANTIOQUIA,2013,103,9.27
05002,ABEJORRAL,ANTIOQUIA,2014,152,13.68
05002,ABEJORRAL,ANTIOQUIA,2015,92,8.28
05002,ABEJORRAL,ANTIOQUIA,2016,145,13.049999999999999
05002,ABEJORRAL,ANTIOQUIA,2017,236,21.24
05002,ABEJORRAL,ANTIOQUIA,2018,198,17.82
05002,ABEJORRAL,ANTIOQUIA,2019,118,10.62
05002,ABEJORRAL,ANTIOQUIA,2020,202,18.18
05002,ABEJORRAL,ANTIOQUIA,2021,28,2.52
05002,ABEJORRAL,ANTIOQUIA,2022,35,3.15
05002,ABEJORRAL,ANTIOQUIA,2023,397,35.73
05004,ABRIAQUÍ,ANTIOQUIA,2002,1,0.09
05004,ABRIAQUÍ,ANTIOQUIA,2004,2,0.18
05004,ABRIAQUÍ,ANTIOQUIA,2006,2,0.18
05004,ABRIAQUÍ,ANTIOQUIA,2007,5,0.44999999999999996
05004,ABRIAQUÍ,ANTIOQUIA,2012,1,0.09
05004,ABRIAQUÍ,ANTIOQUIA,2013,22,1.98
05004,ABRIAQUÍ,ANTIOQUIA,2014,2,0.18
05021,ALEJANDRÍA,ANTIOQUIA,2001,7,0.63
05021,ALEJANDRÍA,ANTIOQUIA,2006,1,0.09
05021,ALEJANDRÍA,ANTIOQUIA,2007,1,0.09
05021,ALEJANDRÍA,ANTIOQUIA,2008,3,0.27
05021,ALEJANDRÍA,ANTIOQUIA,2009,1,0.09
05021,ALEJANDRÍA,ANTIOQUIA,2010,30,2.6999999999999997
05021,ALEJANDRÍA,ANTIOQUIA,2011,13,1.17
05021,ALEJANDRÍA,ANTIOQUIA,2012,24,2.16
05021,ALEJANDRÍA,ANTIOQUIA,2013,3,0.27
05021,ALEJANDRÍA,ANTIOQUIA,2016,1,0.09
05030,AMAGÁ,ANTIOQUIA,2002,1,0.09
05030,AMAGÁ,ANTIOQUIA,2004,1,0.09
05030,AMAGÁ,ANTIOQUIA,2005,4,0.36
05030,AMAGÁ,ANTIOQUIA,2006,1,0.09
05030,AMAGÁ,ANTIOQUIA,2011,5,0.44999999999999996
05030,AMAGÁ,ANTIOQUIA,2012,9,0.8099999999999999
05030,AMAGÁ,ANTIOQUIA,2015,5,0.44999999999999996
05030,AMAGÁ,ANTIOQUIA,2016,16,1.44
05030,AMAGÁ,ANTIOQUIA,2021,3,0.27
05030,AMAGÁ,ANTIOQUIA,2023,106,9.54
05031,AMALFI,ANTIOQUIA,2001,5,0.44999999999999996
05031,AMALFI,ANTIOQUIA,2005,1,0.09
05031,AMALFI,ANTIOQUIA,2006,3,0.27
05031,AMALFI,ANTIOQUIA,2007,25,2.25
05031,AMALFI,ANTIOQUIA,2008,1,0.09
05031,AMALFI,ANTIOQUIA,2009,1,0.09
05031,AMALFI,ANTIOQUIA,2010,3,0.27
05031,AMALFI,ANTIOQUIA,2011,1,0.09
05031,AMALFI,ANTIOQUIA,2012,25,2.25
05031,AMALFI,ANTIOQUIA,2014,2,0.18
05031,AMALFI,ANTIOQUIA,2023,360,32.4
05034,ANDES,ANTIOQUIA,2001,116,10.44
05034,ANDES,ANTIOQUIA,2002,3,0.27
05034,ANDES,ANTIOQUIA,2003,1094,98.46
05034,ANDES,ANTIOQUIA,2004,3,0.27
05034,ANDES,ANTIOQUIA,2005,3,0.27
05034,ANDES,ANTIOQUIA,2006,1,0.09
05034,ANDES,ANTIOQUIA,2007,16,1.44
05034,ANDES,ANTIOQUIA,2008,46,4.14
05034,ANDES,ANTIOQUIA,2009,17,1.53
05034,ANDES,ANTIOQUIA,2010,281,25.29
05034,ANDES,ANTIOQUIA,2011,1,0.09
05034,ANDES,ANTIOQUIA,2012,51,4.59
05034,ANDES,ANTIOQUIA,2013,21,1.89
05034,ANDES,ANTIOQUIA,2014,9,0.8099999999999999
05034,ANDES,ANTIOQUIA,2016,174,15.66
05034,ANDES,ANTIOQUIA,2017,1,0.09
05034,ANDES,ANTIOQUIA,2018,7,0.63
05034,ANDES,ANTIOQUIA,2019,32,2.88
05034,ANDES,ANTIOQUIA,2020,10,0.8999999999999999
05034,ANDES,ANTIOQUIA,2023,21,1.89
05036,ANGELÓPOLIS,ANTIOQUIA,2001,30,2.6999999999999997
05036,ANGELÓPOLIS,ANTIOQUIA,2002,25,2.25
05036,ANGELÓPOLIS,ANTIOQUIA,2003,31,2.79
05036,ANGELÓPOLIS,ANTIOQUIA,2004,29,2.61
05036,ANGELÓPOLIS,ANTIOQUIA,2005,62,5.58
05036,ANGELÓPOLIS,ANTIOQUIA,2006,65,5.85
05036,ANGELÓPOLIS,ANTIOQUIA,2007,70,6.3
05036,ANGELÓPOLIS,ANTIOQUIA,2008,81,7.29
05036,ANGELÓPOLIS,ANTIOQUIA,2009,55,4.95
05036,ANGELÓPOLIS,ANTIOQUIA,2010,92,8.28
05036,ANGELÓPOLIS,ANTIOQUIA,2011,70,6.3
05036,ANGELÓPOLIS,ANTIOQUIA,2012,88,7.92
05036,ANGELÓPOLIS,ANTIOQUIA,2013,48,4.32
05036,ANGELÓPOLIS,ANTIOQUIA,2014,121,10.889999999999999
05036,ANGELÓPOLIS,ANTIOQUIA,2015,64,5.76
05036,ANGELÓPOLIS,ANTIOQUIA,2016,15,1.3499999999999999
05036,ANGELÓPOLIS,ANTIOQUIA,2017,109,9.81
05036,ANGELÓPOLIS,ANTIOQUIA,2018,110,9.9
05036,ANGELÓPOLIS,ANTIOQUIA,2019,144,12.959999999999999
05036,ANGELÓPOLIS,ANTIOQUIA,2020,82,7.38
05036,ANGELÓPOLIS,ANTIOQUIA,2021,19,1.71
05036,ANGELÓPOLIS,ANTIOQUIA,2022,62,5.58
05036,ANGELÓPOLIS,ANTIOQUIA,2023,63,5.67
05038,ANGOSTURA,ANTIOQUIA,2001,23,2.07
05038,ANGOSTURA,ANTIOQUIA,2002,16,1.44
05038,ANGOSTURA,ANTIOQUIA,2003,61,5.49
05038,ANGOSTURA,ANTIOQUIA,2004,12,1.08
05038,ANGOSTURA,ANTIOQUIA,2005,17,1.53
05038,ANGOSTURA,ANTIOQUIA,2006,26,2.34
05038,ANGOSTURA,ANTIOQUIA,2007,32,2.88
05038,ANGOSTURA,ANTIOQUIA,2008,52,4.68
05038,ANGOSTURA,ANTIOQUIA,2009,20,1.7999999999999998
05038,ANGOSTURA,ANTIOQUIA,2010,31,2.79
05038,ANGOSTURA,ANTIOQUIA,2011,105,9.45
05038,ANGOSTURA,ANTIOQUIA,2012,53,4.77
05038,ANGOSTURA,ANTIOQUIA,2013,21,1.89
05038,ANGOSTURA,ANTIOQUIA,2014,47,4.2299999999999995
05038,ANGOSTURA,ANTIOQUIA,2015,64,5.76
05038,ANGOSTURA,ANTIOQUIA,2016,117,10.53
05038,ANGOSTURA,ANTIOQUIA,2017,236,21.24
05038,ANGOSTURA,ANTIOQUIA,2018,146,13.139999999999999
05038,ANGOSTURA,ANTIOQUIA,2019,331,29.79
05038,ANGOSTURA,ANTIOQUIA,2020,168,15.12
05038,ANGOSTURA,ANTIOQUIA,2021,81,7.29
05038,ANGOSTURA,ANTIOQUIA,2022,50,4.5
05038,ANGOSTURA,ANTIOQUIA,2023,64,5.76
05040,ANORÍ,ANTIOQUIA,2001,202,18.18
05040,ANORÍ,ANTIOQUIA,2002,182,16.38
05040,ANORÍ,ANTIOQUIA,2003,68,6.12
05040,ANORÍ,ANTIOQUIA,2004,16,1.44
05040,ANORÍ,ANTIOQUIA,2005,53,4.77
05040,ANORÍ,ANTIOQUIA,2006,104,9.36
05040,ANORÍ,ANTIOQUIA,2007,152,13.68
05040,ANORÍ,ANTIOQUIA,2008,163,14.67
05040,ANORÍ,ANTIOQUIA,2009,105,9.45
05040,ANORÍ,ANTIOQUIA,2010,57,5.13
05040,ANORÍ,ANTIOQUIA,2011,113,10.17
05040,ANORÍ,ANTIOQUIA,2012,168,15.12
05040,ANORÍ,ANTIOQUIA,2013,64,5.76
05040,ANORÍ,ANTIOQUIA,2014,128,11.52
05040,ANORÍ,ANTIOQUIA,2015,90,8.1
05040,ANORÍ,ANTIOQUIA,2016,349,31.41
05040,ANORÍ,ANTIOQUIA,2017,519,46.71
05040,ANORÍ,ANTIOQUIA,2018,176,15.84
05040,ANORÍ,ANTIOQUIA,2019,246,22.14
05040,ANORÍ,ANTIOQUIA,2020,246,22.14
05040,ANORÍ,ANTIOQUIA,2021,227,20.43
05040,ANORÍ,ANTIOQUIA,2022,64,5.76
05040,ANORÍ,ANTIOQUIA,2023,182,16.38
05042,SANTA FÉ DE ANTIOQUIA,ANTIOQUIA,2001,52,4.68
05042,SANTA FÉ DE ANTIOQUIA,ANTIOQUIA,2002,4,0.36
05042,SANTA FÉ DE ANTIOQUIA,ANTIOQUIA,2003,39,3.51
05042,SANTA FÉ DE ANTIOQUIA,ANTIOQUIA,2004,14,1.26
05042,SANTA FÉ DE ANTIOQUIA,ANTIOQUIA,2006,12,1.08
05042,SANTA FÉ DE ANTIOQUIA,ANTIOQUIA,2007,3,0.27
05042,SANTA FÉ DE ANTIOQUIA,ANTIOQUIA,2008,14,1.26
05042,SANTA FÉ DE ANTIOQUIA,ANTIOQUIA,2009,1,0.09
05042,SANTA FÉ DE ANTIOQUIA,ANTIOQUIA,2010,33,2.9699999999999998
05042,SANTA FÉ DE ANTIOQUIA,ANTIOQUIA,2011,13,1.17
05042,SANTA FÉ DE ANTIOQUIA,ANTIOQUIA,2012,24,2.16
05042,SANTA FÉ DE ANTIOQUIA,ANTIOQUIA,2013,37,3.33
05042,SANTA FÉ DE ANTIOQUIA,ANTIOQUIA,2014,6,0.54
05042,SANTA FÉ DE ANTIOQUIA,ANTIOQUIA,2015,8,0.72
05042,SANTA FÉ DE ANTIOQUIA,ANTIOQUIA,2016,1,0.09
05042,SANTA FÉ DE ANTIOQUIA,ANTIOQUIA,2017,3,0.27
05042,SANTA FÉ DE ANTIOQUIA,ANTIOQUIA,2019,2,0.18
05042,SANTA FÉ DE ANTIOQUIA,ANTIOQUIA,2020,51,4.59
05042,SANTA FÉ DE ANTIOQUIA,ANTIOQUIA,2021,85,7.6499999999999995
05042,SANTA FÉ DE ANTIOQUIA,ANTIOQUIA,2022,16,1.44
05042,SANTA FÉ DE ANTIOQUIA,ANTIOQUIA,2023,79,7.109999999999999
05044,ANZÁ,ANTIOQUIA,2001,100,9.0
05044,ANZÁ,ANTIOQUIA,2002,75,6.75
05044,ANZÁ,ANTIOQUIA,2003,45,4.05
05044,ANZÁ,ANTIOQUIA,2004,62,5.58
05044,ANZÁ,ANTIOQUIA,2005,57,5.13
05044,ANZÁ,ANTIOQUIA,2006,53,4.77
05044,ANZÁ,ANTIOQUIA,2007,70,6.3
05044,ANZÁ,ANTIOQUIA,2008,119,10.709999999999999
05044,ANZÁ,ANTIOQUIA,2009,175,15.75
05044,ANZÁ,ANTIOQUIA,2010,145,13.049999999999999
05044,ANZÁ,ANTIOQUIA,2011,126,11.34
05044,ANZÁ,ANTIOQUIA,2012,117,10.53
05044,ANZÁ,ANTIOQUIA,2013,231,20.79
05044,ANZÁ,ANTIOQUIA,2014,207,18.63
05044,ANZÁ,ANTIOQUIA,2015,276,24.84
05044,ANZÁ,ANTIOQUIA,2016,317,28.529999999999998
05044,ANZÁ,ANTIOQUIA,2017,646,58.14
05044,ANZÁ,ANTIOQUIA,2018,573,51.57
05044,ANZÁ,ANTIOQUIA,2019,727,65.42999999999999
05044,ANZÁ,ANTIOQUIA,2020,476,42.839999999999996
05044,ANZÁ,ANTIOQUIA,2021,264,23.759999999999998
05044,ANZÁ,ANTIOQUIA,2022,258,23.22
05044,ANZÁ,ANTIOQUIA,2023,421,37.89
05045,APARTADÓ,ANTIOQUIA,2001,4,0.36
05045,APARTADÓ,ANTIOQUIA,2002,2,0.18
05045,APARTADÓ,ANTIOQUIA,2003,1,0.09
05045,APARTADÓ,ANTIOQUIA,2004,3,0.27
05045,APARTADÓ,ANTIOQUIA,2005,6,0.54
05045,APARTADÓ,ANTIOQUIA,2006,6,0.54
05045,APARTADÓ,ANTIOQUIA,2007,1,0.09
05045,APARTADÓ,ANTIOQUIA,2008,2,0.18
05045,APARTADÓ,ANTIOQUIA,2009,6,0.54
05045,APARTADÓ,ANTIOQUIA,2010,6,0.54
05045,APARTADÓ,ANTIOQUIA,2011,2,0.18
05045,APARTADÓ,ANTIOQUIA,2012,56,5.04
05045,APARTADÓ,ANTIOQUIA,2013,15,1.3499999999999999
05045,APARTADÓ,ANTIOQUIA,2014,12,1.08
05045,APARTADÓ,ANTIOQUIA,2016,24,2.16
05045,APARTADÓ,ANTIOQUIA,2017,3,0.27
05045,APARTADÓ,ANTIOQUIA,2018,7,0.63
05045,APARTADÓ,ANTIOQUIA,2019,69,6.21
05045,APARTADÓ,ANTIOQUIA,2020,4,0.36
05045,APARTADÓ,ANTIOQUIA,2021,19,1.71
05148,EL CARMEN DE VIBORAL,ANTIOQUIA,2001,146,13.139999999999999
05148,EL CARMEN DE VIBORAL,ANTIOQUIA,2002,119,10.709999999999999
05148,EL CARMEN DE VIBORAL,ANTIOQUIA,2003,18,1.6199999999999999
05148,EL CARMEN DE VIBORAL,ANTIOQUIA,2004,137,12.33
05148,EL CARMEN DE VIBORAL,ANTIOQUIA,2005,52,4.68
05148,EL CARMEN DE VIBORAL,ANTIOQUIA,2006,70,6.3
05148,EL CARMEN DE VIBORAL,ANTIOQUIA,2007,59,5.31
05148,EL CARMEN DE VIBORAL,ANTIOQUIA,2008,21,1.89
05148,EL CARMEN DE VIBORAL,ANTIOQUIA,2009,245,22.05
05148,EL CARMEN DE VIBORAL,ANTIOQUIA,2010,199,17.91
05148,EL CARMEN DE VIBORAL,ANTIOQUIA,2011,62,5.58
05148,EL CARMEN DE VIBORAL,ANTIOQUIA,2012,17,1.53
05148,EL CARMEN DE VIBORAL,ANTIOQUIA,2013,13,1.17
05148,EL CARMEN DE VIBORAL,ANTIOQUIA,2014,24,2.16
05148,EL CARMEN DE VIBORAL,ANTIOQUIA,2015,15,1.3499999999999999
05148,EL CARMEN DE VIBORAL,ANTIOQUIA,2016,5,0.44999999999999996
05148,EL CARMEN DE VIBORAL,ANTIOQUIA,2017,113,10.17
05148,EL CARMEN DE VIBORAL,ANTIOQUIA,2018,28,2.52
05148,EL CARMEN DE VIBORAL,ANTIOQUIA,2019,120,10.799999999999999
05148,EL CARMEN DE VIBORAL,ANTIOQUIA,2020,50,4.5
05148,EL CARMEN DE VIBORAL,ANTIOQUIA,2023,8,0.72
05150,CAROLINA,ANTIOQUIA,2001,154,13.86
05150,CAROLINA,ANTIOQUIA,2002,140,12.6
05150,CAROLINA,ANTIOQUIA,2003,35,3.15
05150,CAROLINA,ANTIOQUIA,2004,35,3.15
05150,CAROLINA,ANTIOQUIA,2005,17,1.53
05150,CAROLINA,ANTIOQUIA,2006,71,6.39
05150,CAROLINA,ANTIOQUIA,2007,152,13.68
05150,CAROLINA,ANTIOQUIA,2008,31,2.79
05150,CAROLINA,ANTIOQUIA,2009,125,11.25
05150,CAROLINA,ANTIOQUIA,2010,382,34.379999999999995
05150,CAROLINA,ANTIOQUIA,2011,9,0.8099999999999999
05150,CAROLINA,ANTIOQUIA,2012,80,7.199999999999999
05150,CAROLINA,ANTIOQUIA,2013,87,7.83
05150,CAROLINA,ANTIOQUIA,2014,269,24.21
05150,CAROLINA,ANTIOQUIA,2015,40,3.5999999999999996
05150,CAROLINA,ANTIOQUIA,2016,66,5.9399999999999995
05150,CAROLINA,ANTIOQUIA,2017,51,4.59
05150,CAROLINA,ANTIOQUIA,2020,8,0.72
05150,CAROLINA,ANTIOQUIA,2021,3,0.27
05150,CAROLINA,ANTIOQUIA,2022,6,0.54
05150,CAROLINA,ANTIOQUIA,2023,28,2.52
05154,CAUCASIA,ANTIOQUIA,2001,86,7.739999999999999
05154,CAUCASIA,ANTIOQUIA,2002,5,0.44999999999999996
05154,CAUCASIA,ANTIOQUIA,2003,18,1.6199999999999999
05154,CAUCASIA,ANTIOQUIA,2004,21,1.89
05154,CAUCASIA,ANTIOQUIA,2005,14,1.26
05154,CAUCASIA,ANTIOQUIA,2006,11,0.99
05154,CAUCASIA,ANTIOQUIA,2007,51,4.59
05154,CAUCASIA,ANTIOQUIA,2008,9,0.8099999999999999
05154,CAUCASIA,ANTIOQUIA,2009,16,1.44
05154,CAUCASIA,ANTIOQUIA,2010,55,4.95
05154,CAUCASIA,ANTIOQUIA,2011,24,2.16
05154,CAUCASIA,ANTIOQUIA,2012,23,2.07
05154,CAUCASIA,ANTIOQUIA,2013,13,1.17
05154,CAUCASIA,ANTIOQUIA,2014,8,0.72
05154,CAUCASIA,ANTIOQUIA,2015,7,0.63
05154,CAUCASIA,ANTIOQUIA,2016,12,1.08
05154,CAUCASIA,ANTIOQUIA,2018,2,0.18
05172,CHIGORODÓ,ANTIOQUIA,2001,15,1.3499999999999999
05172,CHIGORODÓ,ANTIOQUIA,2002,15,1.3499999999999999
05172,CHIGORODÓ,ANTIOQUIA,2003,22,1.98
05172,CHIGORODÓ,ANTIOQUIA,2004,24,2.16
05172,CHIGORODÓ,ANTIOQUIA,2005,47,4.2299999999999995
05172,CHIGORODÓ,ANTIOQUIA,2006,25,2.25
05172,CHIGORODÓ,ANTIOQUIA,2007,14,1.26
05172,CHIGORODÓ,ANTIOQUIA,2008,5,0.44999999999999996
05172,CHIGORODÓ,ANTIOQUIA,2009,12,1.08
05172,CHIGORODÓ,ANTIOQUIA,2010,17,1.53
05172,CHIGORODÓ,ANTIOQUIA,2011,105,9.45
05172,CHIGORODÓ,ANTIOQUIA,2012,55,4.95
05172,CHIGORODÓ,ANTIOQUIA,2013,6,0.54
05172,CHIGORODÓ,ANTIOQUIA,2014,5,0.44999999999999996
05172,CHIGORODÓ,ANTIOQUIA,2016,1,0.09
05172,CHIGORODÓ,ANTIOQUIA,2018,20,1.7999999999999998
05172,CHIGORODÓ,ANTIOQUIA,2019,2,0.18
05172,CHIGORODÓ,ANTIOQUIA,2020,1,0.09
05190,CISNEROS,ANTIOQUIA,2001,11,0.99
05190,CISNEROS,ANTIOQUIA,2002,20,1.7999999999999998
05190,CISNEROS,ANTIOQUIA,2003,31,2.79
05190,CISNEROS,ANTIOQUIA,2004,65,5.85
05190,CISNEROS,ANTIOQUIA,2005,71,6.39
05190,CISNEROS,ANTIOQUIA,2006,28,2.52
05190,CISNEROS,ANTIOQUIA,2007,43,3.8699999999999997
05190,CISNEROS,ANTIOQUIA,2008,20,1.7999999999999998
05190,CISNEROS,ANTIOQUIA,2009,78,7.02
05190,CISNEROS,ANTIOQUIA,2010,64,5.76
05190,CISNEROS,ANTIOQUIA,2011,38,3.42
05190,CISNEROS,ANTIOQUIA,2012,38,3.42
05190,CISNEROS,ANTIOQUIA,2013,7,0.63
05190,CISNEROS,ANTIOQUIA,2014,3,0.27
05190,CISNEROS,ANTIOQUIA,2016,15,1.3499999999999999
05190,CISNEROS,ANTIOQUIA,2017,98,8.82
05190,CISNEROS,ANTIOQUIA,2018,6,0.54
05190,CISNEROS,ANTIOQUIA,2019,19,1.71
05190,CISNEROS,ANTIOQUIA,2020,17,1.53
05190,CISNEROS,ANTIOQUIA,2021,1,0.09
05190,CISNEROS,ANTIOQUIA,2022,7,0.63
05190,CISNEROS,ANTIOQUIA,2023,2,0.18
05197,COCORNÁ,ANTIOQUIA,2001,26,2.34
05197,COCORNÁ,ANTIOQUIA,2002,88,7.92
05197,COCORNÁ,ANTIOQUIA,2003,58,5.22
05197,COCORNÁ,ANTIOQUIA,2004,140,12.6
05197,COCORNÁ,ANTIOQUIA,2005,34,3.06
05197,COCORNÁ,ANTIOQUIA,2006,119,10.709999999999999
05197,COCORNÁ,ANTIOQUIA,2007,84,7.56
05197,COCORNÁ,ANTIOQUIA,2008,142,12.78
05197,COCORNÁ,ANTIOQUIA,2009,64,5.76
05197,COCORNÁ,ANTIOQUIA,2010,62,5.58
05197,COCORNÁ,ANTIOQUIA,2011,93,8.37
05197,COCORNÁ,ANTIOQUIA,2012,93,8.37
05197,COCORNÁ,ANTIOQUIA,2013,15,1.3499999999999999
05197,COCORNÁ,ANTIOQUIA,2014,7,0.63
05197,COCORNÁ,ANTIOQUIA,2015,10,0.8999999999999999
05197,COCORNÁ,ANTIOQUIA,2016,82,7.38
05197,COCORNÁ,ANTIOQUIA,2017,364,32.76
05197,COCORNÁ,ANTIOQUIA,2018,70,6.3
05197,COCORNÁ,ANTIOQUIA,2019,105,9.45
05197,COCORNÁ,ANTIOQUIA,2020,123,11.07
05197,COCORNÁ,ANTIOQUIA,2021,77,6.93
05197,COCORNÁ,ANTIOQUIA,2022,62,5.58
05197,COCORNÁ,ANTIOQUIA,2023,114,10.26
05206,CONCEPCIÓN,ANTIOQUIA,2001,9,0.8099999999999999
05206,CONCEPCIÓN,ANTIOQUIA,2002,19,1.71
05206,CONCEPCIÓN,ANTIOQUIA,2003,7,0.63
05206,CONCEPCIÓN,ANTIOQUIA,2004,2,0.18
05206,CONCEPCIÓN,ANTIOQUIA,2005,5,0.44999999999999996
05206,CONCEPCIÓN,ANTIOQUIA,2006,23,2.07
05206,CONCEPCIÓN,ANTIOQUIA,2007,2,0.18
05206,CONCEPCIÓN,ANTIOQUIA,2008,13,1.17
05206,CONCEPCIÓN,ANTIOQUIA,2009,16,1.44
05206,CONCEPCIÓN,ANTIOQUIA,2010,3,0.27
05206,CONCEPCIÓN,ANTIOQUIA,2011,4,0.36
05206,CONCEPCIÓN,ANTIOQUIA,2012,8,0.72
05206,CONCEPCIÓN,ANTIOQUIA,2013,36,3.2399999999999998
05206,CONCEPCIÓN,ANTIOQUIA,2014,77,6.93
05206,CONCEPCIÓN,ANTIOQUIA,2015,88,7.92
05206,CONCEPCIÓN,ANTIOQUIA,2020,5,0.44999999999999996
05206,CONCEPCIÓN,ANTIOQUIA,2021,14,1.26
05206,CONCEPCIÓN,ANTIOQUIA,2022,21,1.89
05209,CONCORDIA,ANTIOQUIA,2001,61,5.49
05209,CONCORDIA,ANTIOQUIA,2002,18,1.6199999999999999
05209,CONCORDIA,ANTIOQUIA,2003,16,1.44
05209,CONCORDIA,ANTIOQUIA,2004,27,2.4299999999999997
05209,CONCORDIA,ANTIOQUIA,2005,173,15.57
05209,CONCORDIA,ANTIOQUIA,2006,133,11.969999999999999
05209,CONCORDIA,ANTIOQUIA,2007,172,15.479999999999999
05209,CONCORDIA,ANTIOQUIA,2008,250,22.5
05209,CONCORDIA,ANTIOQUIA,2009,230,20.7
05209,CONCORDIA,ANTIOQUIA,2010,25,2.25
05209,CONCORDIA,ANTIOQUIA,2011,86,7.739999999999999
05209,CONCORDIA,ANTIOQUIA,2012,481,43.29
05209,CONCORDIA,ANTIOQUIA,2013,92,8.28
05209,CONCORDIA,ANTIOQUIA,2014,120,10.799999999999999
05209,CONCORDIA,ANTIOQUIA,2015,779,70.11
05209,CONCORDIA,ANTIOQUIA,2016,272,24.48
05209,CONCORDIA,ANTIOQUIA,2017,651,58.589999999999996
05209,CONCORDIA,ANTIOQUIA,2018,362,32.58
05209,CONCORDIA,ANTIOQUIA,2019,621,55.89
05209,CONCORDIA,ANTIOQUIA,2020,332,29.88
05209,CONCORDIA,ANTIOQUIA,2021,203,18.27
05209,CONCORDIA,ANTIOQUIA,2022,259,23.31
05209,CONCORDIA,ANTIOQUIA,2023,189,17.009999999999998
05212,COPACABANA,ANTIOQUIA,2001,14,1.26
05212,COPACABANA,ANTIOQUIA,2002,45,4.05
05212,COPACABANA,ANTIOQUIA,2003,3,0.27
05212,COPACABANA,ANTIOQUIA,2004,20,1.7999999999999998
05212,COPACABANA,ANTIOQUIA,2005,27,2.4299999999999997
05212,COPACABANA,ANTIOQUIA,2006,1,0.09
05212,COPACABANA,ANTIOQUIA,2007,74,6.66
05212,COPACABANA,ANTIOQUIA,2008,47,4.2299999999999995
05212,COPACABANA,ANTIOQUIA,2009,108,9.719999999999999
05212,COPACABANA,ANTIOQUIA,2010,13,1.17
05212,COPACABANA,ANTIOQUIA,2011,11,0.99
05212,COPACABANA,ANTIOQUIA,2012,2,0.18
05212,COPACABANA,ANTIOQUIA,2013,5,0.44999999999999996
05212,COPACABANA,ANTIOQUIA,2015,15,1.3499999999999999
05212,COPACABANA,ANTIOQUIA,2016,13,1.17
05212,COPACABANA,ANTIOQUIA,2017,32,2.88
05212,COPACABANA,ANTIOQUIA,2018,4,0.36
05212,COPACABANA,ANTIOQUIA,2019,67,6.029999999999999
05212,COPACABANA,ANTIOQUIA,2020,67,6.029999999999999
05212,COPACABANA,ANTIOQUIA,2021,14,1.26
05212,COPACABANA,ANTIOQUIA,2022,2,0.18
05212,COPACABANA,ANTIOQUIA,2023,403,36.269999999999996
05234,DABEIBA,ANTIOQUIA,2002,1,0.09
05234,DABEIBA,ANTIOQUIA,2003,1,0.09
05234,DABEIBA,ANTIOQUIA,2004,1,0.09
05234,DABEIBA,ANTIOQUIA,2006,1,0.09
05234,DABEIBA,ANTIOQUIA,2007,2,0.18
05234,DABEIBA,ANTIOQUIA,2008,3,0.27
05234,DABEIBA,ANTIOQUIA,2009,5,0.44999999999999996
05234,DABEIBA,ANTIOQUIA,2010,17,1.53
05234,DABEIBA,ANTIOQUIA,2012,23,2.07
05234,DABEIBA,ANTIOQUIA,2013,5,0.44999999999999996
05234,DABEIBA,ANTIOQUIA,2014,16,1.44
05234,DABEIBA,ANTIOQUIA,2017,11,0.99
05234,DABEIBA,ANTIOQUIA,2018,15,1.3499999999999999
05234,DABEIBA,ANTIOQUIA,2020,19,1.71
05234,DABEIBA,ANTIOQUIA,2021,8,0.72
05234,DABEIBA,ANTIOQUIA,2022,18,1.6199999999999999
05234,DABEIBA,ANTIOQUIA,2023,17,1.53
05237,DONMATÍAS,ANTIOQUIA,2001,303,27.27
05237,DONMATÍAS,ANTIOQUIA,2002,150,13.5
05237,DONMATÍAS,ANTIOQUIA,2003,60,5.3999999999999995
05237,DONMATÍAS,ANTIOQUIA,2004,77,6.93
05237,DONMATÍAS,ANTIOQUIA,2005,61,5.49
05237,DONMATÍAS,ANTIOQUIA,2006,87,7.83
05237,DONMATÍAS,ANTIOQUIA,2007,65,5.85
05237,DONMATÍAS,ANTIOQUIA,2008,319,28.709999999999997
05237,DONMATÍAS,ANTIOQUIA,2009,155,13.95
05237,DONMATÍAS,ANTIOQUIA,2010,31,2.79
05237,DONMATÍAS,ANTIOQUIA,2011,50,4.5
05237,DONMATÍAS,ANTIOQUIA,2012,29,2.61
05237,DONMATÍAS,ANTIOQUIA,2013,130,11.7
05237,DONMATÍAS,ANTIOQUIA,2014,226,20.34
05237,DONMATÍAS,ANTIOQUIA,2015,83,7.47
05237,DONMATÍAS,ANTIOQUIA,2016,292,26.279999999999998
05237,DONMATÍAS,ANTIOQUIA,2017,102,9.18
05237,DONMATÍAS,ANTIOQUIA,2018,64,5.76
05237,DONMATÍAS,ANTIOQUIA,2019,21,1.89
05237,DONMATÍAS,ANTIOQUIA,2020,198,17.82
05237,DONMATÍAS,ANTIOQUIA,2021,447,40.23
05237,DONMATÍAS,ANTIOQUIA,2022,91,8.19
05237,DONMATÍAS,ANTIOQUIA,2023,199,17.91
05240,EBÉJICO,ANTIOQUIA,2008,1,0.09
05240,EBÉJICO,ANTIOQUIA,2011,4,0.36
05240,EBÉJICO,ANTIOQUIA,2012,3,0.27
05240,EBÉJICO,ANTIOQUIA,2014,3,0.27
05250,EL BAGRE,ANTIOQUIA,2001,109,9.81
05250,EL BAGRE,ANTIOQUIA,2002,21,1.89
05250,EL BAGRE,ANTIOQUIA,2003,84,7.56
05250,EL BAGRE,ANTIOQUIA,2004,63,5.67
05250,EL BAGRE,ANTIOQUIA,2005,45,4.05
05250,EL BAGRE,ANTIOQUIA,2006,15,1.3499999999999999
05250,EL BAGRE,ANTIOQUIA,2007,37,3.33
05250,EL BAGRE,ANTIOQUIA,2008,46,4.14
05250,EL BAGRE,ANTIOQUIA,2009,106,9.54
05250,EL BAGRE,ANTIOQUIA,2010,84,7.56
05250,EL BAGRE,ANTIOQUIA,2011,14,1.26
05250,EL BAGRE,ANTIOQUIA,2012,81,7.29
05250,EL BAGRE,ANTIOQUIA,2013,144,12.959999999999999
05250,EL BAGRE,ANTIOQUIA,2014,35,3.15
05250,EL BAGRE,ANTIOQUIA,2015,77,6.93
05250,EL BAGRE,ANTIOQUIA,2016,99,8.91
05250,EL BAGRE,ANTIOQUIA,2017,191,17.189999999999998
05250,EL BAGRE,ANTIOQUIA,2018,162,14.58
05250,EL BAGRE,ANTIOQUIA,2019,197,17.73
05250,EL BAGRE,ANTIOQUIA,2020,182,16.38
05250,EL BAGRE,ANTIOQUIA,2021,80,7.199999999999999
05250,EL BAGRE,ANTIOQUIA,2022,128,11.52
05250,EL BAGRE,ANTIOQUIA,2023,149,13.41
05264,ENTRERRÍOS,ANTIOQUIA,2001,7,0.63
05264,ENTRERRÍOS,ANTIOQUIA,2002,13,1.17
05264,ENTRERRÍOS,ANTIOQUIA,2003,19,1.71
05264,ENTRERRÍOS,ANTIOQUIA,2004,4,0.36
05264,ENTRERRÍOS,ANTIOQUIA,2005,19,1.71
05264,ENTRERRÍOS,ANTIOQUIA,2006,6,0.54
05264,ENTRERRÍOS,ANTIOQUIA,2007,7,0.63
05264,ENTRERRÍOS,ANTIOQUIA,2008,2,0.18
05264,ENTRERRÍOS,ANTIOQUIA,2009,9,0.8099999999999999
05264,ENTRERRÍOS,ANTIOQUIA,2010,29,2.61
05264,ENTRERRÍOS,ANTIOQUIA,2011,5,0.44999999999999996
05264,ENTRERRÍOS,ANTIOQUIA,2012,10,0.8999999999999999
05264,ENTRERRÍOS,ANTIOQUIA,2013,7,0.63
05264,ENTRERRÍOS,ANTIOQUIA,2014,4,0.36
05264,ENTRERRÍOS,ANTIOQUIA,2016,3,0.27
05264,ENTRERRÍOS,ANTIOQUIA,2019,8,0.72
05264,ENTRERRÍOS,ANTIOQUIA,2020,29,2.61
05264,ENTRERRÍOS,ANTIOQUIA,2022,4,0.36
05266,ENVIGADO,ANTIOQUIA,2001,14,1.26
05266,ENVIGADO,ANTIOQUIA,2002,12,1.08
05266,ENVIGADO,ANTIOQUIA,2005,2,0.18
05266,ENVIGADO,ANTIOQUIA,2008,17,1.53
05266,ENVIGADO,ANTIOQUIA,2011,1,0.09
05266,ENVIGADO,ANTIOQUIA,2012,17,1.53
05266,ENVIGADO,ANTIOQUIA,2013,18,1.6199999999999999
05266,ENVIGADO,ANTIOQUIA,2014,2,0.18
05266,ENVIGADO,ANTIOQUIA,2015,2,0.18
05266,ENVIGADO,ANTIOQUIA,2016,3,0.27
05266,ENVIGADO,ANTIOQUIA,2020,4,0.36
05411,LIBORINA,ANTIOQUIA,2001,14,1.26
05411,LIBORINA,ANTIOQUIA,2002,13,1.17
05411,LIBORINA,ANTIOQUIA,2003,5,0.44999999999999996
05411,LIBORINA,ANTIOQUIA,2004,17,1.53
05411,LIBORINA,ANTIOQUIA,2005,20,1.7999999999999998
05411,LIBORINA,ANTIOQUIA,2006,10,0.8999999999999999
05411,LIBORINA,ANTIOQUIA,2007,38,3.42
05411,LIBORINA,ANTIOQUIA,2008,34,3.06
05411,LIBORINA,ANTIOQUIA,2009,25,2.25
05411,LIBORINA,ANTIOQUIA,2010,65,5.85
05411,LIBORINA,ANTIOQUIA,2011,26,2.34
05411,LIBORINA,ANTIOQUIA,2012,40,3.5999999999999996
05411,LIBORINA,ANTIOQUIA,2013,11,0.99
05411,LIBORINA,ANTIOQUIA,2014,5,0.44999999999999996
05411,LIBORINA,ANTIOQUIA,2015,2,0.18
05411,LIBORINA,ANTIOQUIA,2016,29,2.61
05411,LIBORINA,ANTIOQUIA,2017,49,4.41
05411,LIBORINA,ANTIOQUIA,2018,1,0.09
05425,MACEO,ANTIOQUIA,2001,134,12.059999999999999
05425,MACEO,ANTIOQUIA,2002,59,5.31
05425,MACEO,ANTIOQUIA,2003,82,7.38
05425,MACEO,ANTIOQUIA,2004,17,1.53
05425,MACEO,ANTIOQUIA,2005,35,3.15
05425,MACEO,ANTIOQUIA,2006,59,5.31
05425,MACEO,ANTIOQUIA,2007,90,8.1
05425,MACEO,ANTIOQUIA,2008,89,8.01
05425,MACEO,ANTIOQUIA,2009,424,38.16
05425,MACEO,ANTIOQUIA,2010,120,10.799999999999999
05425,MACEO,ANTIOQUIA,2011,85,7.6499999999999995
05425,MACEO,ANTIOQUIA,2012,228,20.52
05425,MACEO,ANTIOQUIA,2013,629,56.61
05425,MACEO,ANTIOQUIA,2014,1238,111.42
05425,MACEO,ANTIOQUIA,2015,1159,104.31
05425,MACEO,ANTIOQUIA,2016,348,31.32
05425,MACEO,ANTIOQUIA,2017,208,18.72
05425,MACEO,ANTIOQUIA,2018,227,20.43
05425,MACEO,ANTIOQUIA,2019,244,21.96
05425,MACEO,ANTIOQUIA,2020,1219,109.71
05425,MACEO,ANTIOQUIA,2021,283,25.47
05425,MACEO,ANTIOQUIA,2022,202,18.18
05425,MACEO,ANTIOQUIA,2023,61,5.49
05440,MARINILLA,ANTIOQUIA,2001,1,0.09
05440,MARINILLA,ANTIOQUIA,2003,3,0.27
05440,MARINILLA,ANTIOQUIA,2004,2,0.18
05440,MARINILLA,ANTIOQUIA,2009,3,0.27
05440,MARINILLA,ANTIOQUIA,2011,1,0.09
05440,MARINILLA,ANTIOQUIA,2012,17,1.53
05440,MARINILLA,ANTIOQUIA,2014,2,0.18
05467,MONTEBELLO,ANTIOQUIA,2001,2,0.18
05467,MONTEBELLO,ANTIOQUIA,2003,3,0.27
05467,MONTEBELLO,ANTIOQUIA,2004,42,3.78
05467,MONTEBELLO,ANTIOQUIA,2005,2,0.18
05467,MONTEBELLO,ANTIOQUIA,2007,73,6.569999999999999
05467,MONTEBELLO,ANTIOQUIA,2009,3,0.27
05467,MONTEBELLO,ANTIOQUIA,2010,6,0.54
05467,MONTEBELLO,ANTIOQUIA,2011,19,1.71
05467,MONTEBELLO,ANTIOQUIA,2012,23,2.07
05467,MONTEBELLO,ANTIOQUIA,2014,10,0.8999999999999999
05467,MONTEBELLO,ANTIOQUIA,2018,1,0.09
05467,MONTEBELLO,ANTIOQUIA,2019,17,1.53
05467,MONTEBELLO,ANTIOQUIA,2021,3,0.27
05475,MURINDÓ,ANTIOQUIA,2007,1,0.09
05475,MURINDÓ,ANTIOQUIA,2011,1,0.09
05475,MURINDÓ,ANTIOQUIA,2012,3,0.27
05475,MURINDÓ,ANTIOQUIA,2014,1,0.09
05475,MURINDÓ,ANTIOQUIA,2016,4,0.36
05475,MURINDÓ,ANTIOQUIA,2017,32,2.88
05475,MURINDÓ,ANTIOQUIA,2018,94,8.459999999999999
05475,MURINDÓ,ANTIOQUIA,2019,8,0.72
05475,MURINDÓ,ANTIOQUIA,2020,1,0.09
05475,MURINDÓ,ANTIOQUIA,2023,11,0.99
05480,MUTATÁ,ANTIOQUIA,2001,4,0.36
05480,MUTATÁ,ANTIOQUIA,2003,1,0.09
05480,MUTATÁ,ANTIOQUIA,2005,2,0.18
05480,MUTATÁ,ANTIOQUIA,2007,285,25.65
05480,MUTATÁ,ANTIOQUIA,2008,82,7.38
05480,MUTATÁ,ANTIOQUIA,2009,8,0.72
05480,MUTATÁ,ANTIOQUIA,2010,30,2.6999999999999997
05480,MUTATÁ,ANTIOQUIA,2011,2,0.18
05480,MUTATÁ,ANTIOQUIA,2012,8,0.72
05480,MUTATÁ,ANTIOQUIA,2014,4,0.36
05480,MUTATÁ,ANTIOQUIA,2016,66,5.9399999999999995
05480,MUTATÁ,ANTIOQUIA,2017,42,3.78
05480,MUTATÁ,ANTIOQUIA,2018,1320,118.8
05480,MUTATÁ,ANTIOQUIA,2019,14,1.26
05480,MUTATÁ,ANTIOQUIA,2022,5,0.44999999999999996
05483,NARIÑO,ANTIOQUIA,2002,1,0.09
05483,NARIÑO,ANTIOQUIA,2003,202,18.18
05483,NARIÑO,ANTIOQUIA,2004,1,0.09
05483,NARIÑO,ANTIOQUIA,2005,1,0.09
05483,NARIÑO,ANTIOQUIA,2007,9,0.8099999999999999
05483,NARIÑO,ANTIOQUIA,2009,3,0.27
05483,NARIÑO,ANTIOQUIA,2010,48,4.32
05483,NARIÑO,ANTIOQUIA,2011,3,0.27
05483,NARIÑO,ANTIOQUIA,2012,9,0.8099999999999999
05483,NARIÑO,ANTIOQUIA,2013,11,0.99
05483,NARIÑO,ANTIOQUIA,2014,37,3.33
05483,NARIÑO,ANTIOQUIA,2015,6,0.54
05483,NARIÑO,ANTIOQUIA,2016,6,0.54
05483,NARIÑO,ANTIOQUIA,2017,22,1.98
05483,NARIÑO,ANTIOQUIA,2018,296,26.64
05483,NARIÑO,ANTIOQUIA,2019,46,4.14
05483,NARIÑO,ANTIOQUIA,2020,69,6.21
05483,NARIÑO,ANTIOQUIA,2021,18,1.6199999999999999
05483,NARIÑO,ANTIOQUIA,2022,39,3.51
05483,NARIÑO,ANTIOQUIA,2023,34,3.06
05490,NECOCLÍ,ANTIOQUIA,2001,6,0.54
05490,NECOCLÍ,ANTIOQUIA,2002,10,0.8999999999999999
05490,NECOCLÍ,ANTIOQUIA,2003,25,2.25
05490,NECOCLÍ,ANTIOQUIA,2004,8,0.72
05490,NECOCLÍ,ANTIOQUIA,2005,5,0.44999999999999996
05490,NECOCLÍ,ANTIOQUIA,2007,7,0.63
05490,NECOCLÍ,ANTIOQUIA,2009,8,0.72
05490,NECOCLÍ,ANTIOQUIA,2010,21,1.89
05490,NECOCLÍ,ANTIOQUIA,2011,5,0.44999999999999996
05490,NECOCLÍ,ANTIOQUIA,2012,5,0.44999999999999996
05490,NECOCLÍ,ANTIOQUIA,2014,6,0.54
05490,NECOCLÍ,ANTIOQUIA,2017,5,0.44999999999999996
05490,NECOCLÍ,ANTIOQUIA,2019,31,2.79
05490,NECOCLÍ,ANTIOQUIA,2021,8,0.72
05495,NECHÍ,ANTIOQUIA,2001,255,22.95
05495,NECHÍ,ANTIOQUIA,2002,276,24.84
05495,NECHÍ,ANTIOQUIA,2003,413,37.17
05495,NECHÍ,ANTIOQUIA,2004,88,7.92
05495,NECHÍ,ANTIOQUIA,2005,304,27.36
05495,NECHÍ,ANTIOQUIA,2006,332,29.88
05495,NECHÍ,ANTIOQUIA,2007,660,59.4
05495,NECHÍ,ANTIOQUIA,2008,613,55.169999999999995
05495,NECHÍ,ANTIOQUIA,2009,65,5.85
05495,NECHÍ,ANTIOQUIA,2010,74,6.66
05495,NECHÍ,ANTIOQUIA,2011,233,20.97
05495,NECHÍ,ANTIOQUIA,2012,118,10.62
05495,NECHÍ,ANTIOQUIA,2013,468,42.12
05495,NECHÍ,ANTIOQUIA,2014,328,29.52
05495,NECHÍ,ANTIOQUIA,2015,149,13.41
05495,NECHÍ,ANTIOQUIA,2016,201,18.09
05495,NECHÍ,ANTIOQUIA,2017,439,39.51
05495,NECHÍ,ANTIOQUIA,2018,423,38.07
05495,NECHÍ,ANTIOQUIA,2019,673,60.57
05495,NECHÍ,ANTIOQUIA,2020,606,54.54
05495,NECHÍ,ANTIOQUIA,2021,149,13.41
05495,NECHÍ,ANTIOQUIA,2022,255,22.95
05495,NECHÍ,ANTIOQUIA,2023,375,33.75
05501,OLAYA,ANTIOQUIA,2003,4,0.36
05501,OLAYA,ANTIOQUIA,2006,2,0.18
05501,OLAYA,ANTIOQUIA,2008,1,0.09
05501,OLAYA,ANTIOQUIA,2009,1,0.09
05501,OLAYA,ANTIOQUIA,2010,2,0.18
05501,OLAYA,ANTIOQUIA,2011,6,0.54
05501,OLAYA,ANTIOQUIA,2012,10,0.8999999999999999
05501,OLAYA,ANTIOQUIA,2013,1,0.09
05501,OLAYA,ANTIOQUIA,2014,5,0.44999999999999996
05501,OLAYA,ANTIOQUIA,2015,3,0.27
05501,OLAYA,ANTIOQUIA,2016,35,3.15
05541,PEÑOL,ANTIOQUIA,2002,1,0.09
05541,PEÑOL,ANTIOQUIA,2004,2,0.18
05541,PEÑOL,ANTIOQUIA,2007,2,0.18
05541,PEÑOL,ANTIOQUIA,2009,3,0.27
05541,PEÑOL,ANTIOQUIA,2011,2,0.18
05541,PEÑOL,ANTIOQUIA,2012,12,1.08
05541,PEÑOL,ANTIOQUIA,2013,3,0.27
05543,PEQUE,ANTIOQUIA,2001,11,0.99
05543,PEQUE,ANTIOQUIA,2002,32,2.88
05543,PEQUE,ANTIOQUIA,2003,6,0.54
05543,PEQUE,ANTIOQUIA,2004,5,0.44999999999999996
05543,PEQUE,ANTIOQUIA,2005,8,0.72
05543,PEQUE,ANTIOQUIA,2006,6,0.54
05543,PEQUE,ANTIOQUIA,2007,7,0.63
05543,PEQUE,ANTIOQUIA,2008,9,0.8099999999999999
05543,PEQUE,ANTIOQUIA,2009,8,0.72
05543,PEQUE,ANTIOQUIA,2010,10,0.8999999999999999
05543,PEQUE,ANTIOQUIA,2011,13,1.17
05543,PEQUE,ANTIOQUIA,2012,21,1.89
05543,PEQUE,ANTIOQUIA,2013,4,0.36
05543,PEQUE,ANTIOQUIA,2014,3,0.27
05576,PUEBLORRICO,ANTIOQUIA,2003,1,0.09
05576,PUEBLORRICO,ANTIOQUIA,2006,1,0.09
05576,PUEBLORRICO,ANTIOQUIA,2009,1,0.09
05576,PUEBLORRICO,ANTIOQUIA,2010,1,0.09
05576,PUEBLORRICO,ANTIOQUIA,2011,1,0.09
05576,PUEBLORRICO,ANTIOQUIA,2012,9,0.8099999999999999
05579,PUERTO BERRÍO,ANTIOQUIA,2002,1,0.09
05579,PUERTO BERRÍO,ANTIOQUIA,2003,4,0.36
05579,PUERTO BERRÍO,ANTIOQUIA,2004,6,0.54
05579,PUERTO BERRÍO,ANTIOQUIA,2005,3,0.27
05579,PUERTO BERRÍO,ANTIOQUIA,2006,1,0.09
05579,PUERTO BERRÍO,ANTIOQUIA,2008,2,0.18
05579,PUERTO BERRÍO,ANTIOQUIA,2009,6,0.54
05579,PUERTO BERRÍO,ANTIOQUIA,2010,7,0.63
05579,PUERTO BERRÍO,ANTIOQUIA,2011,5,0.44999999999999996
05579,PUERTO BERRÍO,ANTIOQUIA,2012,30,2.6999999999999997
05579,PUERTO BERRÍO,ANTIOQUIA,2017,4,0.36
05579,PUERTO BERRÍO,ANTIOQUIA,2022,22,1.98
05585,PUERTO NARE,ANTIOQUIA,2001,2,0.18
05585,PUERTO NARE,ANTIOQUIA,2003,26,2.34
05585,PUERTO NARE,ANTIOQUIA,2004,8,0.72
05585,PUERTO NARE,ANTIOQUIA,2008,1,0.09
05585,PUERTO NARE,ANTIOQUIA,2009,1,0.09
05585,PUERTO NARE,ANTIOQUIA,2011,1,0.09
05585,PUERTO NARE,ANTIOQUIA,2012,6,0.54
05585,PUERTO NARE,ANTIOQUIA,2013,13,1.17
05585,PUERTO NARE,ANTIOQUIA,2014,1,0.09
05585,PUERTO NARE,ANTIOQUIA,2015,10,0.8999999999999999
05585,PUERTO NARE,ANTIOQUIA,2016,36,3.2399999999999998
05585,PUERTO NARE,ANTIOQUIA,2021,8,0.72
05591,PUERTO TRIUNFO,ANTIOQUIA,2002,16,1.44
05591,PUERTO TRIUNFO,ANTIOQUIA,2005,1,0.09
05591,PUERTO TRIUNFO,ANTIOQUIA,2008,2,0.18
05591,PUERTO TRIUNFO,ANTIOQUIA,2010,3,0.27
05591,PUERTO TRIUNFO,ANTIOQUIA,2011,5,0.44999999999999996
05591,PUERTO TRIUNFO,ANTIOQUIA,2012,15,1.3499999999999999
05591,PUERTO TRIUNFO,ANTIOQUIA,2013,1,0.09
05604,REMEDIOS,ANTIOQUIA,2001,7,0.63
05604,REMEDIOS,ANTIOQUIA,2002,59,5.31
05604,REMEDIOS,ANTIOQUIA,2003,49,4.41
05604,REMEDIOS,ANTIOQUIA,2004,29,2.61
05604,REMEDIOS,ANTIOQUIA,2005,17,1.53
05604,REMEDIOS,ANTIOQUIA,2006,48,4.32
05604,REMEDIOS,ANTIOQUIA,2007,35,3.15
05604,REMEDIOS,ANTIOQUIA,2008,75,6.75
05604,REMEDIOS,ANTIOQUIA,2009,38,3.42
05604,REMEDIOS,ANTIOQUIA,2010,100,9.0
05604,REMEDIOS,ANTIOQUIA,2011,24,2.16
05604,REMEDIOS,ANTIOQUIA,2012,108,9.719999999999999
05604,REMEDIOS,ANTIOQUIA,2013,4,0.36
05604,REMEDIOS,ANTIOQUIA,2014,22,1.98
05604,REMEDIOS,ANTIOQUIA,2015,18,1.6199999999999999
05604,REMEDIOS,ANTIOQUIA,2016,19,1.71
05604,REMEDIOS,ANTIOQUIA,2017,37,3.33
05604,REMEDIOS,ANTIOQUIA,2018,18,1.6199999999999999
05604,REMEDIOS,ANTIOQUIA,2019,34,3.06
05604,REMEDIOS,ANTIOQUIA,2020,94,8.459999999999999
05604,REMEDIOS,ANTIOQUIA,2022,1,0.09
05604,REMEDIOS,ANTIOQUIA,2023,22,1.98
05607,RETIRO,ANTIOQUIA,2001,72,6.4799999999999995
05607,RETIRO,ANTIOQUIA,2002,42,3.78
05607,RETIRO,ANTIOQUIA,2003,14,1.26
05607,RETIRO,ANTIOQUIA,2004,83,7.47
05607,RETIRO,ANTIOQUIA,2005,7,0.63
05607,RETIRO,ANTIOQUIA,2006,7,0.63
05607,RETIRO,ANTIOQUIA,2007,49,4.41
05607,RETIRO,ANTIOQUIA,2008,83,7.47
05607,RETIRO,ANTIOQUIA,2009,21,1.89
05607,RETIRO,ANTIOQUIA,2010,25,2.25
05607,RETIRO,ANTIOQUIA,2011,19,1.71
05607,RETIRO,ANTIOQUIA,2012,167,15.03
05607,RETIRO,ANTIOQUIA,2014,24,2.16
05607,RETIRO,ANTIOQUIA,2015,36,3.2399999999999998
05607,RETIRO,ANTIOQUIA,2016,46,4.14
05607,RETIRO,ANTIOQUIA,2017,90,8.1
05607,RETIRO,ANTIOQUIA,2018,14,1.26
05607,RETIRO,ANTIOQUIA,2019,38,3.42
05607,RETIRO,ANTIOQUIA,2020,45,4.05
05607,RETIRO,ANTIOQUIA,2021,92,8.28
05607,RETIRO,ANTIOQUIA,2022,191,17.189999999999998
05607,RETIRO,ANTIOQUIA,2023,59,5.31
05615,RIONEGRO,ANTIOQUIA,2002,1,0.09
05615,RIONEGRO,ANTIOQUIA,2003,19,1.71
05615,RIONEGRO,ANTIOQUIA,2006,1,0.09
05615,RIONEGRO,ANTIOQUIA,2007,2,0.18
05615,RIONEGRO,ANTIOQUIA,2008,40,3.5999999999999996
05615,RIONEGRO,ANTIOQUIA,2012,5,0.44999999999999996
05615,RIONEGRO,ANTIOQUIA,2013,1,0.09
05615,RIONEGRO,ANTIOQUIA,2014,4,0.36
05615,RIONEGRO,ANTIOQUIA,2018,16,1.44
05615,RIONEGRO,ANTIOQUIA,2019,54,4.859999999999999
05615,RIONEGRO,ANTIOQUIA,2023,547,49.23
05628,SABANALARGA,ANTIOQUIA,2001,5,0.44999999999999996
05628,SABANALARGA,ANTIOQUIA,2002,1,0.09
05628,SABANALARGA,ANTIOQUIA,2003,7,0.63
05628,SABANALARGA,ANTIOQUIA,2006,10,0.8999999999999999
05628,SABANALARGA,ANTIOQUIA,2007,22,1.98
05628,SABANALARGA,ANTIOQUIA,2008,2,0.18
05628,SABANALARGA,ANTIOQUIA,2009,13,1.17
05628,SABANALARGA,ANTIOQUIA,2010,23,2.07
05628,SABANALARGA,ANTIOQUIA,2011,27,2.4299999999999997
05628,SABANALARGA,ANTIOQUIA,2012,64,5.76
05628,SABANALARGA,ANTIOQUIA,2013,12,1.08
05628,SABANALARGA,ANTIOQUIA,2014,27,2.4299999999999997
05628,SABANALARGA,ANTIOQUIA,2015,39,3.51
05628,SABANALARGA,ANTIOQUIA,2016,86,7.739999999999999
05628,SABANALARGA,ANTIOQUIA,2017,34,3.06
05628,SABANALARGA,ANTIOQUIA,2018,63,5.67
05628,SABANALARGA,ANTIOQUIA,2019,87,7.83
05628,SABANALARGA,ANTIOQUIA,2020,83,7.47
05628,SABANALARGA,ANTIOQUIA,2021,42,3.78
05628,SABANALARGA,ANTIOQUIA,2023,65,5.85
05631,SABANETA,ANTIOQUIA,2001,1,0.09
05631,SABANETA,ANTIOQUIA,2007,1,0.09
05631,SABANETA,ANTIOQUIA,2010,1,0.09
05631,SABANETA,ANTIOQUIA,2011,4,0.36
05631,SABANETA,ANTIOQUIA,2012,15,1.3499999999999999
05631,SABANETA,ANTIOQUIA,2013,10,0.8999999999999999
05631,SABANETA,ANTIOQUIA,2014,2,0.18
05631,SABANETA,ANTIOQUIA,2016,2,0.18
05642,SALGAR,ANTIOQUIA,2005,1,0.09
05642,SALGAR,ANTIOQUIA,2012,1,0.09
05642,SALGAR,ANTIOQUIA,2016,5,0.44999999999999996
05647,SAN ANDRÉS DE CUERQUÍA,ANTIOQUIA,2001,18,1.6199999999999999
05647,SAN ANDRÉS DE CUERQUÍA,ANTIOQUIA,2003,12,1.08
05647,SAN ANDRÉS DE CUERQUÍA,ANTIOQUIA,2004,9,0.8099999999999999
05647,SAN ANDRÉS DE CUERQUÍA,ANTIOQUIA,2009,2,0.18
05647,SAN ANDRÉS DE CUERQUÍA,ANTIOQUIA,2010,7,0.63
05647,SAN ANDRÉS DE CUERQUÍA,ANTIOQUIA,2011,6,0.54
05647,SAN ANDRÉS DE CUERQUÍA,ANTIOQUIA,2012,26,2.34
05647,SAN ANDRÉS DE CUERQUÍA,ANTIOQUIA,2013,5,0.44999999999999996
05647,SAN ANDRÉS DE CUERQUÍA,ANTIOQUIA,2014,16,1.44
05647,SAN ANDRÉS DE CUERQUÍA,ANTIOQUIA,2016,16,1.44
05647,SAN ANDRÉS DE CUERQUÍA,ANTIOQUIA,2017,30,2.6999999999999997
05647,SAN ANDRÉS DE CUERQUÍA,ANTIOQUIA,2018,13,1.17
05647,SAN ANDRÉS DE CUERQUÍA,ANTIOQUIA,2019,8,0.72
05647,SAN ANDRÉS DE CUERQUÍA,ANTIOQUIA,2020,23,2.07
05647,SAN ANDRÉS DE CUERQUÍA,ANTIOQUIA,2021,13,1.17
05647,SAN ANDRÉS DE CUERQUÍA,ANTIOQUIA,2022,6,0.54
05647,SAN ANDRÉS DE CUERQUÍA,ANTIOQUIA,2023,15,1.3499999999999999
05649,SAN CARLOS,ANTIOQUIA,2001,52,4.68
05649,SAN CARLOS,ANTIOQUIA,2002,57,5.13
05649,SAN CARLOS,ANTIOQUIA,2003,118,10.62
05649,SAN CARLOS,ANTIOQUIA,2004,30,2.6999999999999997
05649,SAN CARLOS,ANTIOQUIA,2005,8,0.72
05649,SAN CARLOS,ANTIOQUIA,2006,51,4.59
05649,SAN CARLOS,ANTIOQUIA,2007,25,2.25
05649,SAN CARLOS,ANTIOQUIA,2008,49,4.41
05649,SAN CARLOS,ANTIOQUIA,2009,40,3.5999999999999996
05649,SAN CARLOS,ANTIOQUIA,2010,66,5.9399999999999995
05649,SAN CARLOS,ANTIOQUIA,2011,86,7.739999999999999
05649,SAN CARLOS,ANTIOQUIA,2012,43,3.8699999999999997
05649,SAN CARLOS,ANTIOQUIA,2013,6,0.54
05649,SAN CARLOS,ANTIOQUIA,2014,79,7.109999999999999
05649,SAN CARLOS,ANTIOQUIA,2015,20,1.7999999999999998
05649,SAN CARLOS,ANTIOQUIA,2016,33,2.9699999999999998
05649,SAN CARLOS,ANTIOQUIA,2017,180,16.2
05649,SAN CARLOS,ANTIOQUIA,2018,127,11.43
05649,SAN CARLOS,ANTIOQUIA,2019,104,9.36
05649,SAN CARLOS,ANTIOQUIA,2020,92,8.28
05649,SAN CARLOS,ANTIOQUIA,2021,82,7.38
05649,SAN CARLOS,ANTIOQUIA,2022,51,4.59
05649,SAN CARLOS,ANTIOQUIA,2023,114,10.26
05652,SAN FRANCISCO,ANTIOQUIA,2001,34,3.06
05652,SAN FRANCISCO,ANTIOQUIA,2002,4,0.36
05652,SAN FRANCISCO,ANTIOQUIA,2003,1,0.09
05652,SAN FRANCISCO,ANTIOQUIA,2005,2,0.18
05652,SAN FRANCISCO,ANTIOQUIA,2006,10,0.8999999999999999
05652,SAN FRANCISCO,ANTIOQUIA,2007,1,0.09
05652,SAN FRANCISCO,ANTIOQUIA,2008,8,0.72
05652,SAN FRANCISCO,ANTIOQUIA,2009,6,0.54
05652,SAN FRANCISCO,ANTIOQUIA,2011,10,0.8999999999999999
05652,SAN FRANCISCO,ANTIOQUIA,2012,269,24.21
05652,SAN FRANCISCO,ANTIOQUIA,2013,5,0.44999999999999996
05652,SAN FRANCISCO,ANTIOQUIA,2014,3,0.27
05652,SAN FRANCISCO,ANTIOQUIA,2018,4,0.36
05652,SAN FRANCISCO,ANTIOQUIA,2019,6,0.54
05656,SAN JERÓNIMO,ANTIOQUIA,2001,24,2.16
05656,SAN JERÓNIMO,ANTIOQUIA,2002,1,0.09
05656,SAN JERÓNIMO,ANTIOQUIA,2003,1,0.09
05656,SAN JERÓNIMO,ANTIOQUIA,2004,1,0.09
05656,SAN JERÓNIMO,ANTIOQUIA,2006,1,0.09
05656,SAN JERÓNIMO,ANTIOQUIA,2007,7,0.63
05656,SAN JERÓNIMO,ANTIOQUIA,2008,5,0.44999999999999996
05656,SAN JERÓNIMO,ANTIOQUIA,2009,3,0.27
05656,SAN JERÓNIMO,ANTIOQUIA,2010,106,9.54
05656,SAN JERÓNIMO,ANTIOQUIA,2011,85,7.6499999999999995
05656,SAN JERÓNIMO,ANTIOQUIA,2012,104,9.36
05656,SAN JERÓNIMO,ANTIOQUIA,2013,14,1.26
05656,SAN JERÓNIMO,ANTIOQUIA,2017,8,0.72
05656,SAN JERÓNIMO,ANTIOQUIA,2018,23,2.07
05656,SAN JERÓNIMO,ANTIOQUIA,2019,61,5.49
05656,SAN JERÓNIMO,ANTIOQUIA,2020,31,2.79
05656,SAN JERÓNIMO,ANTIOQUIA,2022,16,1.44
05656,SAN JERÓNIMO,ANTIOQUIA,2023,60,5.3999999999999995
05658,SAN JOSÉ DE LA MONTAÑA,ANTIOQUIA,2001,45,4.05
05658,SAN JOSÉ DE LA MONTAÑA,ANTIOQUIA,2002,21,1.89
05658,SAN JOSÉ DE LA MONTAÑA,ANTIOQUIA,2003,24,2.16
05658,SAN JOSÉ DE LA MONTAÑA,ANTIOQUIA,2004,29,2.61
05658,SAN JOSÉ DE LA MONTAÑA,ANTIOQUIA,2006,36,3.2399999999999998
05658,SAN JOSÉ DE LA MONTAÑA,ANTIOQUIA,2007,9,0.8099999999999999
05658,SAN JOSÉ DE LA MONTAÑA,ANTIOQUIA,2008,7,0.63
05658,SAN JOSÉ DE LA MONTAÑA,ANTIOQUIA,2009,3,0.27
05658,SAN JOSÉ DE LA MONTAÑA,ANTIOQUIA,2010,29,2.61
05658,SAN JOSÉ DE LA MONTAÑA,ANTIOQUIA,2011,30,2.6999999999999997
05658,SAN JOSÉ DE LA MONTAÑA,ANTIOQUIA,2012,46,4.14
05658,SAN JOSÉ DE LA MONTAÑA,ANTIOQUIA,2013,31,2.79
05658,SAN JOSÉ DE LA MONTAÑA,ANTIOQUIA,2014,40,3.5999999999999996
05658,SAN JOSÉ DE LA MONTAÑA,ANTIOQUIA,2015,61,5.49
05658,SAN JOSÉ DE LA MONTAÑA,ANTIOQUIA,2016,43,3.8699999999999997
05658,SAN JOSÉ DE LA MONTAÑA,ANTIOQUIA,2017,112,10.08
05658,SAN JOSÉ DE LA MONTAÑA,ANTIOQUIA,2018,53,4.77
05658,SAN JOSÉ DE LA MONTAÑA,ANTIOQUIA,2019,116,10.44
05658,SAN JOSÉ DE LA MONTAÑA,ANTIOQUIA,2020,77,6.93
05658,SAN JOSÉ DE LA MONTAÑA,ANTIOQUIA,2021,83,7.47
05658,SAN JOSÉ DE LA MONTAÑA,ANTIOQUIA,2022,52,4.68
05658,SAN JOSÉ DE LA MONTAÑA,ANTIOQUIA,2023,91,8.19
05659,SAN JUAN DE URABÁ,ANTIOQUIA,2002,1,0.09
05659,SAN JUAN DE URABÁ,ANTIOQUIA,2006,1,0.09
05659,SAN JUAN DE URABÁ,ANTIOQUIA,2008,5,0.44999999999999996
05659,SAN JUAN DE URABÁ,ANTIOQUIA,2009,7,0.63
05659,SAN JUAN DE URABÁ,ANTIOQUIA,2010,4,0.36
05659,SAN JUAN DE URABÁ,ANTIOQUIA,2011,6,0.54
05659,SAN JUAN DE URABÁ,ANTIOQUIA,2012,13,1.17
05659,SAN JUAN DE URABÁ,ANTIOQUIA,2013,8,0.72
05659,SAN JUAN DE URABÁ,ANTIOQUIA,2014,6,0.54
05659,SAN JUAN DE URABÁ,ANTIOQUIA,2016,2,0.18
05659,SAN JUAN DE URABÁ,ANTIOQUIA,2017,1,0.09
05659,SAN JUAN DE URABÁ,ANTIOQUIA,2020,7,0.63
05659,SAN JUAN DE URABÁ,ANTIOQUIA,2021,10,0.8999999999999999
05660,SAN LUIS,ANTIOQUIA,2004,2,0.18
05660,SAN LUIS,ANTIOQUIA,2005,1,0.09
05660,SAN LUIS,ANTIOQUIA,2007,2,0.18
05660,SAN LUIS,ANTIOQUIA,2009,8,0.72
05660,SAN LUIS,ANTIOQUIA,2010,2,0.18
05660,SAN LUIS,ANTIOQUIA,2011,2,0.18
05660,SAN LUIS,ANTIOQUIA,2012,17,1.53
05660,SAN LUIS,ANTIOQUIA,2019,3,0.27
05660,SAN LUIS,ANTIOQUIA,2021,17,1.53
05660,SAN LUIS,ANTIOQUIA,2022,17,1.53
05664,SAN PEDRO DE LOS MILAGROS,ANTIOQUIA,2001,13,1.17
05664,SAN PEDRO DE LOS MILAGROS,ANTIOQUIA,2002,36,3.2399999999999998
05664,SAN PEDRO DE LOS MILAGROS,ANTIOQUIA,2003,1,0.09
05664,SAN PEDRO DE LOS MILAGROS,ANTIOQUIA,2004,5,0.44999999999999996
05664,SAN PEDRO DE LOS MILAGROS,ANTIOQUIA,2005,2,0.18
05664,SAN PEDRO DE LOS MILAGROS,ANTIOQUIA,2006,41,3.69
05664,SAN PEDRO DE LOS MILAGROS,ANTIOQUIA,2007,15,1.3499999999999999
05664,SAN PEDRO DE LOS MILAGROS,ANTIOQUIA,2008,77,6.93
05664,SAN PEDRO DE LOS MILAGROS,ANTIOQUIA,2009,56,5.04
05664,SAN PEDRO DE LOS MILAGROS,ANTIOQUIA,2010,35,3.15
05664,SAN PEDRO DE LOS MILAGROS,ANTIOQUIA,2011,48,4.32
05664,SAN PEDRO DE LOS MILAGROS,ANTIOQUIA,2012,44,3.96
05664,SAN PEDRO DE LOS MILAGROS,ANTIOQUIA,2013,6,0.54
05664,SAN PEDRO DE LOS MILAGROS,ANTIOQUIA,2014,2,0.18
05664,SAN PEDRO DE LOS MILAGROS,ANTIOQUIA,2015,7,0.63
05664,SAN PEDRO DE LOS MILAGROS,ANTIOQUIA,2016,9,0.8099999999999999
05664,SAN PEDRO DE LOS MILAGROS,ANTIOQUIA,2017,6,0.54
05664,SAN PEDRO DE LOS MILAGROS,ANTIOQUIA,2018,7,0.63
05664,SAN PEDRO DE LOS MILAGROS,ANTIOQUIA,2019,10,0.8999999999999999
05664,SAN PEDRO DE LOS MILAGROS,ANTIOQUIA,2020,23,2.07
05664,SAN PEDRO DE LOS MILAGROS,ANTIOQUIA,2021,22,1.98
05664,SAN PEDRO DE LOS MILAGROS,ANTIOQUIA,2022,23,2.07
05664,SAN PEDRO DE LOS MILAGROS,ANTIOQUIA,2023,23,2.07
05665,SAN PEDRO DE URABÁ,ANTIOQUIA,2001,112,10.08
05665,SAN PEDRO DE URABÁ,ANTIOQUIA,2002,189,17.009999999999998
05665,SAN PEDRO DE URABÁ,ANTIOQUIA,2003,128,11.52
05665,SAN PEDRO DE URABÁ,ANTIOQUIA,2004,66,5.9399999999999995
05665,SAN PEDRO DE URABÁ,ANTIOQUIA,2005,117,10.53
05665,SAN PEDRO DE URABÁ,ANTIOQUIA,2006,169,15.209999999999999
05665,SAN PEDRO DE URABÁ,ANTIOQUIA,2007,66,5.9399999999999995
05665,SAN PEDRO DE URABÁ,ANTIOQUIA,2008,254,22.86
05665,SAN PEDRO DE URABÁ,ANTIOQUIA,2009,173,15.57
05665,SAN PEDRO DE URABÁ,ANTIOQUIA,2010,219,19.71
05665,SAN PEDRO DE URABÁ,ANTIOQUIA,2011,73,6.569999999999999
05665,SAN PEDRO DE URABÁ,ANTIOQUIA,2012,142,12.78
05665,SAN PEDRO DE URABÁ,ANTIOQUIA,2013,126,11.34
05665,SAN PEDRO DE URABÁ,ANTIOQUIA,2014,114,10.26
05665,SAN PEDRO DE URABÁ,ANTIOQUIA,2015,94,8.459999999999999
05665,SAN PEDRO DE URABÁ,ANTIOQUIA,2016,181,16.29
05665,SAN PEDRO DE URABÁ,ANTIOQUIA,2017,294,26.459999999999997
05665,SAN PEDRO DE URABÁ,ANTIOQUIA,2018,159,14.309999999999999
05665,SAN PEDRO DE URABÁ,ANTIOQUIA,2019,201,18.09
05665,SAN PEDRO DE URABÁ,ANTIOQUIA,2020,286,25.74
05665,SAN PEDRO DE URABÁ,ANTIOQUIA,2021,14,1.26
05665,SAN PEDRO DE URABÁ,ANTIOQUIA,2022,157,14.129999999999999
05665,SAN PEDRO DE URABÁ,ANTIOQUIA,2023,589,53.01
05667,SAN RAFAEL,ANTIOQUIA,2001,285,25.65
05667,SAN RAFAEL,ANTIOQUIA,2002,370,33.3
05667,SAN RAFAEL,ANTIOQUIA,2003,127,11.43
05667,SAN RAFAEL,ANTIOQUIA,2004,133,11.969999999999999
05667,SAN RAFAEL,ANTIOQUIA,2005,100,9.0
05667,SAN RAFAEL,ANTIOQUIA,2006,125,11.25
05667,SAN RAFAEL,ANTIOQUIA,2007,179,16.11
05667,SAN RAFAEL,ANTIOQUIA,2008,375,33.75
05667,SAN RAFAEL,ANTIOQUIA,2009,136,12.24
05667,SAN RAFAEL,ANTIOQUIA,2010,200,18.0
05667,SAN RAFAEL,ANTIOQUIA,2011,213,19.169999999999998
05667,SAN RAFAEL,ANTIOQUIA,2012,192,17.28
05667,SAN RAFAEL,ANTIOQUIA,2013,157,14.129999999999999
05667,SAN RAFAEL,ANTIOQUIA,2014,279,25.11
05667,SAN RAFAEL,ANTIOQUIA,2015,291,26.189999999999998
05667,SAN RAFAEL,ANTIOQUIA,2016,1674,150.66
05667,SAN RAFAEL,ANTIOQUIA,2017,509,45.809999999999995
05667,SAN RAFAEL,ANTIOQUIA,2018,201,18.09
05667,SAN RAFAEL,ANTIOQUIA,2019,429,38.61
05667,SAN RAFAEL,ANTIOQUIA,2020,764,68.75999999999999
05667,SAN RAFAEL,ANTIOQUIA,2021,397,35.73
05667,SAN RAFAEL,ANTIOQUIA,2022,418,37.62
05667,SAN RAFAEL,ANTIOQUIA,2023,742,66.78
08001,BARRANQUILLA,ATLÁNTICO,2002,2,0.18
08001,BARRANQUILLA,ATLÁNTICO,2005,3,0.27
08001,BARRANQUILLA,ATLÁNTICO,2006,2,0.18
08001,BARRANQUILLA,ATLÁNTICO,2009,2,0.18
08001,BARRANQUILLA,ATLÁNTICO,2012,2,0.18
08001,BARRANQUILLA,ATLÁNTICO,2013,1,0.09
08001,BARRANQUILLA,ATLÁNTICO,2021,4,0.36
08078,BARANOA,ATLÁNTICO,2009,7,0.63
08078,BARANOA,ATLÁNTICO,2010,8,0.72
08078,BARANOA,ATLÁNTICO,2011,82,7.38
08078,BARANOA,ATLÁNTICO,2012,4,0.36
08137,CAMPO DE LA CRUZ,ATLÁNTICO,2009,1,0.09
08137,CAMPO DE LA CRUZ,ATLÁNTICO,2012,4,0.36
08137,CAMPO DE LA CRUZ,ATLÁNTICO,2021,1,0.09
08137,CAMPO DE LA CRUZ,ATLÁNTICO,2023,9,0.8099999999999999
08141,CANDELARIA,ATLÁNTICO,2004,1,0.09
08141,CANDELARIA,ATLÁNTICO,2006,3,0.27
08141,CANDELARIA,ATLÁNTICO,2007,2,0.18
08141,CANDELARIA,ATLÁNTICO,2008,1,0.09
08141,CANDELARIA,ATLÁNTICO,2012,8,0.72
08141,CANDELARIA,ATLÁNTICO,2013,1,0.09
08141,CANDELARIA,ATLÁNTICO,2021,14,1.26
08141,CANDELARIA,ATLÁNTICO,2023,8,0.72
08296,GALAPA,ATLÁNTICO,2001,574,51.66
08296,GALAPA,ATLÁNTICO,2002,5,0.44999999999999996
08296,GALAPA,ATLÁNTICO,2003,44,3.96
08296,GALAPA,ATLÁNTICO,2004,16,1.44
08296,GALAPA,ATLÁNTICO,2005,2,0.18
08296,GALAPA,ATLÁNTICO,2006,2,0.18
08296,GALAPA,ATLÁNTICO,2007,43,3.8699999999999997
08296,GALAPA,ATLÁNTICO,2008,18,1.6199999999999999
08296,GALAPA,ATLÁNTICO,2009,31,2.79
08296,GALAPA,ATLÁNTICO,2010,8,0.72
08296,GALAPA,ATLÁNTICO,2011,12,1.08
08296,GALAPA,ATLÁNTICO,2012,21,1.89
08296,GALAPA,ATLÁNTICO,2013,17,1.53
08296,GALAPA,ATLÁNTICO,2014,35,3.15
08296,GALAPA,ATLÁNTICO,2015,11,0.99
08296,GALAPA,ATLÁNTICO,2016,19,1.71
08296,GALAPA,ATLÁNTICO,2017,9,0.8099999999999999
08296,GALAPA,ATLÁNTICO,2023,6,0.54
08372,JUAN DE ACOSTA,ATLÁNTICO,2001,2,0.18
08372,JUAN DE ACOSTA,ATLÁNTICO,2003,8,0.72
08372,JUAN DE ACOSTA,ATLÁNTICO,2004,2,0.18
08372,JUAN DE ACOSTA,ATLÁNTICO,2005,7,0.63
08372,JUAN DE ACOSTA,ATLÁNTICO,2007,3,0.27
08372,JUAN DE ACOSTA,ATLÁNTICO,2008,1,0.09
08372,JUAN DE ACOSTA,ATLÁNTICO,2009,10,0.8999999999999999
08372,JUAN DE ACOSTA,ATLÁNTICO,2011,5,0.44999999999999996
08372,JUAN DE ACOSTA,ATLÁNTICO,2012,9,0.8099999999999999
08372,JUAN DE ACOSTA,ATLÁNTICO,2013,2,0.18
08372,JUAN DE ACOSTA,ATLÁNTICO,2017,3,0.27
08421,LURUACO,ATLÁNTICO,2002,1,0.09
08421,LURUACO,ATLÁNTICO,2004,2,0.18
08421,LURUACO,ATLÁNTICO,2007,5,0.44999999999999996
08421,LURUACO,ATLÁNTICO,2008,9,0.8099999999999999
08421,LURUACO,ATLÁNTICO,2009,98,8.82
08421,LURUACO,ATLÁNTICO,2010,20,1.7999999999999998
08421,LURUACO,ATLÁNTICO,2011,17,1.53
08421,LURUACO,ATLÁNTICO,2012,16,1.44
08421,LURUACO,ATLÁNTICO,2013,88,7.92
08421,LURUACO,ATLÁNTICO,2014,94,8.459999999999999
08421,LURUACO,ATLÁNTICO,2015,37,3.33
08421,LURUACO,ATLÁNTICO,2016,98,8.82
08421,LURUACO,ATLÁNTICO,2017,47,4.2299999999999995
08421,LURUACO,ATLÁNTICO,2018,102,9.18
08421,LURUACO,ATLÁNTICO,2019,88,7.92
08421,LURUACO,ATLÁNTICO,2020,106,9.54
08421,LURUACO,ATLÁNTICO,2021,96,8.64
08421,LURUACO,ATLÁNTICO,2022,200,18.0
08421,LURUACO,ATLÁNTICO,2023,146,13.139999999999999
08433,MALAMBO,ATLÁNTICO,2001,39,3.51
08433,MALAMBO,ATLÁNTICO,2002,18,1.6199999999999999
08433,MALAMBO,ATLÁNTICO,2003,1,0.09
08433,MALAMBO,ATLÁNTICO,2004,11,0.99
08433,MALAMBO,ATLÁNTICO,2005,1,0.09
08433,MALAMBO,ATLÁNTICO,2006,4,0.36
08433,MALAMBO,ATLÁNTICO,2007,3,0.27
08433,MALAMBO,ATLÁNTICO,2008,8,0.72
08433,MALAMBO,ATLÁNTICO,2009,1,0.09
08433,MALAMBO,ATLÁNTICO,2010,12,1.08
08433,MALAMBO,ATLÁNTICO,2011,8,0.72
08433,MALAMBO,ATLÁNTICO,2012,8,0.72
08433,MALAMBO,ATLÁNTICO,2013,1,0.09
08433,MALAMBO,ATLÁNTICO,2014,2,0.18
08433,MALAMBO,ATLÁNTICO,2016,14,1.26
08433,MALAMBO,ATLÁNTICO,2017,3,0.27
08433,MALAMBO,ATLÁNTICO,2019,12,1.08
08433,MALAMBO,ATLÁNTICO,2020,4,0.36
08433,MALAMBO,ATLÁNTICO,2021,18,1.6199999999999999
08433,MALAMBO,ATLÁNTICO,2023,8,0.72
08436,MANATÍ,ATLÁNTICO,2009,1,0.09
08436,MANATÍ,ATLÁNTICO,2010,2,0.18
08436,MANATÍ,ATLÁNTICO,2012,9,0.8099999999999999
08436,MANATÍ,ATLÁNTICO,2013,5,0.44999999999999996
08436,MANATÍ,ATLÁNTICO,2020,10,0.8999999999999999
08520,PALMAR DE VARELA,ATLÁNTICO,2001,2,0.18
08520,PALMAR DE VARELA,ATLÁNTICO,2003,2,0.18
08520,PALMAR DE VARELA,ATLÁNTICO,2004,3,0.27
08520,PALMAR DE VARELA,ATLÁNTICO,2005,2,0.18
08520,PALMAR DE VARELA,ATLÁNTICO,2006,2,0.18
08520,PALMAR DE VARELA,ATLÁNTICO,2007,2,0.18
08520,PALMAR DE VARELA,ATLÁNTICO,2008,3,0.27
08520,PALMAR DE VARELA,ATLÁNTICO,2009,10,0.8999999999999999
08520,PALMAR DE VARELA,ATLÁNTICO,2010,2,0.18
08520,PALMAR DE VARELA,ATLÁNTICO,2011,30,2.6999999999999997
08520,PALMAR DE VARELA,ATLÁNTICO,2012,9,0.8099999999999999
08520,PALMAR DE VARELA,ATLÁNTICO,2013,32,2.88
08520,PALMAR DE VARELA,ATLÁNTICO,2014,17,1.53
08549,PIOJÓ,ATLÁNTICO,2001,1,0.09
08549,PIOJÓ,ATLÁNTICO,2004,1,0.09
08549,PIOJÓ,ATLÁNTICO,2006,18,1.6199999999999999
08549,PIOJÓ,ATLÁNTICO,2007,7,0.63
08549,PIOJÓ,ATLÁNTICO,2008,4,0.36
08549,PIOJÓ,ATLÁNTICO,2009,11,0.99
08549,PIOJÓ,ATLÁNTICO,2011,4,0.36
08549,PIOJÓ,ATLÁNTICO,2012,26,2.34
08549,PIOJÓ,ATLÁNTICO,2013,15,1.3499999999999999
08549,PIOJÓ,ATLÁNTICO,2014,1,0.09
08549,PIOJÓ,ATLÁNTICO,2017,1,0.09
08558,POLONUEVO,ATLÁNTICO,2001,2,0.18
08558,POLONUEVO,ATLÁNTICO,2002,2,0.18
08558,POLONUEVO,ATLÁNTICO,2004,34,3.06
08558,POLONUEVO,ATLÁNTICO,2006,1,0.09
08558,POLONUEVO,ATLÁNTICO,2007,18,1.6199999999999999
08558,POLONUEVO,ATLÁNTICO,2008,20,1.7999999999999998
08558,POLONUEVO,ATLÁNTICO,2009,44,3.96
08558,POLONUEVO,ATLÁNTICO,2010,7,0.63
08558,POLONUEVO,ATLÁNTICO,2011,12,1.08
08558,POLONUEVO,ATLÁNTICO,2012,34,3.06
08558,POLONUEVO,ATLÁNTICO,2013,12,1.08
08558,POLONUEVO,ATLÁNTICO,2014,43,3.8699999999999997
08558,POLONUEVO,ATLÁNTICO,2015,65,5.85
08558,POLONUEVO,ATLÁNTICO,2016,122,10.98
08558,POLONUEVO,ATLÁNTICO,2017,337,30.33
08558,POLONUEVO,ATLÁNTICO,2018,129,11.61
08558,POLONUEVO,ATLÁNTICO,2019,323,29.07
08558,POLONUEVO,ATLÁNTICO,2020,64,5.76
08558,POLONUEVO,ATLÁNTICO,2021,73,6.569999999999999
08558,POLONUEVO,ATLÁNTICO,2022,75,6.75
08558,POLONUEVO,ATLÁNTICO,2023,239,21.509999999999998
08560,PONEDERA,ATLÁNTICO,2001,2,0.18
08560,PONEDERA,ATLÁNTICO,2003,1,0.09
08560,PONEDERA,ATLÁNTICO,2004,1,0.09
08560,PONEDERA,ATLÁNTICO,2006,2,0.18
08560,PONEDERA,ATLÁNTICO,2008,82,7.38
08560,PONEDERA,ATLÁNTICO,2009,115,10.35
08560,PONEDERA,ATLÁNTICO,2010,5,0.44999999999999996
08560,PONEDERA,ATLÁNTICO,2012,7,0.63
08560,PONEDERA,ATLÁNTICO,2018,54,4.859999999999999
08560,PONEDERA,ATLÁNTICO,2019,7,0.63
08560,PONEDERA,ATLÁNTICO,2021,212,19.08
08560,PONEDERA,ATLÁNTICO,2022,34,3.06
08560,PONEDERA,ATLÁNTICO,2023,202,18.18
08573,PUERTO COLOMBIA,ATLÁNTICO,2003,5,0.44999999999999996
08573,PUERTO COLOMBIA,ATLÁNTICO,2005,17,1.53
08573,PUERTO COLOMBIA,ATLÁNTICO,2006,2,0.18
08573,PUERTO COLOMBIA,ATLÁNTICO,2008,1,0.09
08573,PUERTO COLOMBIA,ATLÁNTICO,2009,2,0.18
08573,PUERTO COLOMBIA,ATLÁNTICO,2011,5,0.44999999999999996
08573,PUERTO COLOMBIA,ATLÁNTICO,2012,10,0.8999999999999999
08573,PUERTO COLOMBIA,ATLÁNTICO,2013,58,5.22
08573,PUERTO COLOMBIA,ATLÁNTICO,2014,3,0.27
08573,PUERTO COLOMBIA,ATLÁNTICO,2016,63,5.67
08573,PUERTO COLOMBIA,ATLÁNTICO,2017,25,2.25
08573,PUERTO COLOMBIA,ATLÁNTICO,2018,3,0.27
08573,PUERTO COLOMBIA,ATLÁNTICO,2019,1,0.09
08573,PUERTO COLOMBIA,ATLÁNTICO,2021,18,1.6199999999999999
08573,PUERTO COLOMBIA,ATLÁNTICO,2022,17,1.53
08573,PUERTO COLOMBIA,ATLÁNTICO,2023,214,19.259999999999998
08606,REPELÓN,ATLÁNTICO,2004,2,0.18
08606,REPELÓN,ATLÁNTICO,2006,1,0.09
08606,REPELÓN,ATLÁNTICO,2010,1,0.09
08606,REPELÓN,ATLÁNTICO,2012,13,1.17
08606,REPELÓN,ATLÁNTICO,2013,5,0.44999999999999996
08606,REPELÓN,ATLÁNTICO,2014,7,0.63
08606,REPELÓN,ATLÁNTICO,2015,10,0.8999999999999999
08606,REPELÓN,ATLÁNTICO,2016,2,0.18
08606,REPELÓN,ATLÁNTICO,2021,7,0.63
08634,SABANAGRANDE,ATLÁNTICO,2001,19,1.71
08634,SABANAGRANDE,ATLÁNTICO,2002,30,2.6999999999999997
08634,SABANAGRANDE,ATLÁNTICO,2003,16,1.44
08634,SABANAGRANDE,ATLÁNTICO,2004,18,1.6199999999999999
08634,SABANAGRANDE,ATLÁNTICO,2005,68,6.12
08634,SABANAGRANDE,ATLÁNTICO,2006,13,1.17
08634,SABANAGRANDE,ATLÁNTICO,2007,45,4.05
08634,SABANAGRANDE,ATLÁNTICO,2008,7,0.63
08634,SABANAGRANDE,ATLÁNTICO,2009,6,0.54
08634,SABANAGRANDE,ATLÁNTICO,2011,39,3.51
08634,SABANAGRANDE,ATLÁNTICO,2012,3,0.27
08634,SABANAGRANDE,ATLÁNTICO,2013,1,0.09
08634,SABANAGRANDE,ATLÁNTICO,2015,39,3.51
08634,SABANAGRANDE,ATLÁNTICO,2016,4,0.36
08634,SABANAGRANDE,ATLÁNTICO,2022,4,0.36
11001,"BOGOTÁ, D.C.","BOGOTÁ, D.C.",2001,3,0.27
11001,"BOGOTÁ, D.C.","BOGOTÁ, D.C.",2002,16,1.44
11001,"BOGOTÁ, D.C.","BOGOTÁ, D.C.",2003,1,0.09
11001,"BOGOTÁ, D.C.","BOGOTÁ, D.C.",2004,2,0.18
11001,"BOGOTÁ, D.C.","BOGOTÁ, D.C.",2005,20,1.7999999999999998
11001,"BOGOTÁ, D.C.","BOGOTÁ, D.C.",2006,3,0.27
11001,"BOGOTÁ, D.C.","BOGOTÁ, D.C.",2007,9,0.8099999999999999
11001,"BOGOTÁ, D.C.","BOGOTÁ, D.C.",2008,11,0.99
11001,"BOGOTÁ, D.C.","BOGOTÁ, D.C.",2009,87,7.83
11001,"BOGOTÁ, D.C.","BOGOTÁ, D.C.",2010,11,0.99
11001,"BOGOTÁ, D.C.","BOGOTÁ, D.C.",2011,18,1.6199999999999999
11001,"BOGOTÁ, D.C.","BOGOTÁ, D.C.",2012,6,0.54
11001,"BOGOTÁ, D.C.","BOGOTÁ, D.C.",2013,1,0.09
11001,"BOGOTÁ, D.C.","BOGOTÁ, D.C.",2014,8,0.72
11001,"BOGOTÁ, D.C.","BOGOTÁ, D.C.",2016,24,2.16
11001,"BOGOTÁ, D.C.","BOGOTÁ, D.C.",2018,31,2.79
11001,"BOGOTÁ, D.C.","BOGOTÁ, D.C.",2020,3,0.27
11001,"BOGOTÁ, D.C.","BOGOTÁ, D.C.",2021,4,0.36
13001,CARTAGENA DE INDIAS,BOLÍVAR,2001,36,3.2399999999999998
13001,CARTAGENA DE INDIAS,BOLÍVAR,2002,55,4.95
13001,CARTAGENA DE INDIAS,BOLÍVAR,2003,20,1.7999999999999998
13001,CARTAGENA DE INDIAS,BOLÍVAR,2004,81,7.29
13001,CARTAGENA DE INDIAS,BOLÍVAR,2005,62,5.58
13001,CARTAGENA DE INDIAS,BOLÍVAR,2006,199,17.91
13001,CARTAGENA DE INDIAS,BOLÍVAR,2007,476,42.839999999999996
13001,CARTAGENA DE INDIAS,BOLÍVAR,2008,48,4.32
13001,CARTAGENA DE INDIAS,BOLÍVAR,2009,70,6.3
13001,CARTAGENA DE INDIAS,BOLÍVAR,2010,27,2.4299999999999997
13001,CARTAGENA DE INDIAS,BOLÍVAR,2011,115,10.35
13001,CARTAGENA DE INDIAS,BOLÍVAR,2012,72,6.4799999999999995
13001,CARTAGENA DE INDIAS,BOLÍVAR,2013,6,0.54
13001,CARTAGENA DE INDIAS,BOLÍVAR,2014,3,0.27
13001,CARTAGENA DE INDIAS,BOLÍVAR,2015,12,1.08
13001,CARTAGENA DE INDIAS,BOLÍVAR,2017,16,1.44
13001,CARTAGENA DE INDIAS,BOLÍVAR,2018,40,3.5999999999999996
13001,CARTAGENA DE INDIAS,BOLÍVAR,2019,30,2.6999999999999997
13001,CARTAGENA DE INDIAS,BOLÍVAR,2020,21,1.89
13001,CARTAGENA DE INDIAS,BOLÍVAR,2021,40,3.5999999999999996
13001,CARTAGENA DE INDIAS,BOLÍVAR,2022,79,7.109999999999999
13001,CARTAGENA DE INDIAS,BOLÍVAR,2023,55,4.95
13006,ACHÍ,BOLÍVAR,2001,11,0.99
13006,ACHÍ,BOLÍVAR,2002,42,3.78
13006,ACHÍ,BOLÍVAR,2004,21,1.89
13006,ACHÍ,BOLÍVAR,2005,138,12.42
13006,ACHÍ,BOLÍVAR,2006,9,0.8099999999999999
13006,ACHÍ,BOLÍVAR,2007,44,3.96
13006,ACHÍ,BOLÍVAR,2008,60,5.3999999999999995
13006,ACHÍ,BOLÍVAR,2009,79,7.109999999999999
13006,ACHÍ,BOLÍVAR,2010,80,7.199999999999999
13006,ACHÍ,BOLÍVAR,2011,261,23.49
13006,ACHÍ,BOLÍVAR,2012,352,31.68
13006,ACHÍ,BOLÍVAR,2013,12,1.08
13006,ACHÍ,BOLÍVAR,2014,10,0.8999999999999999
13006,ACHÍ,BOLÍVAR,2015,7,0.63
13006,ACHÍ,BOLÍVAR,2016,19,1.71
13006,ACHÍ,BOLÍVAR,2017,102,9.18
13006,ACHÍ,BOLÍVAR,2018,33,2.9699999999999998
13006,ACHÍ,BOLÍVAR,2019,77,6.93
13006,ACHÍ,BOLÍVAR,2020,13,1.17
13006,ACHÍ,BOLÍVAR,2021,7,0.63
13006,ACHÍ,BOLÍVAR,2022,62,5.58
13006,ACHÍ,BOLÍVAR,2023,17,1.53
13030,ALTOS DEL ROSARIO,BOLÍVAR,2001,7,0.63
13030,ALTOS DEL ROSARIO,BOLÍVAR,2002,112,10.08
13030,ALTOS DEL ROSARIO,BOLÍVAR,2003,41,3.69
13030,ALTOS DEL ROSARIO,BOLÍVAR,2004,61,5.49
13030,ALTOS DEL ROSARIO,BOLÍVAR,2005,52,4.68
13030,ALTOS DEL ROSARIO,BOLÍVAR,2006,44,3.96
13030,ALTOS DEL ROSARIO,BOLÍVAR,2007,37,3.33
13030,ALTOS DEL ROSARIO,BOLÍVAR,2008,141,12.69
13030,ALTOS DEL ROSARIO,BOLÍVAR,2009,34,3.06
13030,ALTOS DEL ROSARIO,BOLÍVAR,2010,29,2.61
13030,ALTOS DEL ROSARIO,BOLÍVAR,2011,54,4.859999999999999
13030,ALTOS DEL ROSARIO,BOLÍVAR,2012,78,7.02
13030,ALTOS DEL ROSARIO,BOLÍVAR,2013,8,0.72
13030,ALTOS DEL ROSARIO,BOLÍVAR,2014,46,4.14
13030,ALTOS DEL ROSARIO,BOLÍVAR,2016,3,0.27
13030,ALTOS DEL ROSARIO,BOLÍVAR,2018,17,1.53
13042,ARENAL,BOLÍVAR,2001,3,0.27
13042,ARENAL,BOLÍVAR,2002,26,2.34
13042,ARENAL,BOLÍVAR,2003,7,0.63
13042,ARENAL,BOLÍVAR,2004,6,0.54
13042,ARENAL,BOLÍVAR,2005,16,1.44
13042,ARENAL,BOLÍVAR,2006,22,1.98
13042,ARENAL,BOLÍVAR,2007,83,7.47
13042,ARENAL,BOLÍVAR,2008,44,3.96
13042,ARENAL,BOLÍVAR,2009,79,7.109999999999999
13042,ARENAL,BOLÍVAR,2010,78,7.02
13042,ARENAL,BOLÍVAR,2011,183,16.47
13042,ARENAL,BOLÍVAR,2012,78,7.02
13042,ARENAL,BOLÍVAR,2013,10,0.8999999999999999
13042,ARENAL,BOLÍVAR,2014,60,5.3999999999999995
13042,ARENAL,BOLÍVAR,2015,2,0.18
13042,ARENAL,BOLÍVAR,2016,1,0.09
13042,ARENAL,BOLÍVAR,2017,56,5.04
13042,ARENAL,BOLÍVAR,2018,27,2.4299999999999997
13052,ARJONA,BOLÍVAR,2001,25,2.25
13052,ARJONA,BOLÍVAR,2002,7,0.63
13052,ARJONA,BOLÍVAR,2003,6,0.54
13052,ARJONA,BOLÍVAR,2004,14,1.26
13052,ARJONA,BOLÍVAR,2005,23,2.07
13052,ARJONA,BOLÍVAR,2006,31,2.79
13052,ARJONA,BOLÍVAR,2007,6,0.54
13052,ARJONA,BOLÍVAR,2008,14,1.26
13052,ARJONA,BOLÍVAR,2009,16,1.44
13052,ARJONA,BOLÍVAR,2010,52,4.68
13052,ARJONA,BOLÍVAR,2011,122,10.98
13052,ARJONA,BOLÍVAR,2012,45,4.05
13052,ARJONA,BOLÍVAR,2013,8,0.72
13052,ARJONA,BOLÍVAR,2014,9,0.8099999999999999
13052,ARJONA,BOLÍVAR,2015,17,1.53
13052,ARJONA,BOLÍVAR,2016,18,1.6199999999999999
13052,ARJONA,BOLÍVAR,2017,35,3.15
13052,ARJONA,BOLÍVAR,2018,7,0.63
13052,ARJONA,BOLÍVAR,2019,33,2.9699999999999998
13052,ARJONA,BOLÍVAR,2020,124,11.16
13052,ARJONA,BOLÍVAR,2021,134,12.059999999999999
13052,ARJONA,BOLÍVAR,2022,81,7.29
13052,ARJONA,BOLÍVAR,2023,76,6.84
13062,ARROYOHONDO,BOLÍVAR,2001,4,0.36
13062,ARROYOHONDO,BOLÍVAR,2002,1,0.09
13062,ARROYOHONDO,BOLÍVAR,2003,1,0.09
13062,ARROYOHONDO,BOLÍVAR,2004,7,0.63
13062,ARROYOHONDO,BOLÍVAR,2005,1,0.09
13062,ARROYOHONDO,BOLÍVAR,2006,1,0.09
13062,ARROYOHONDO,BOLÍVAR,2007,11,0.99
13062,ARROYOHONDO,BOLÍVAR,2008,16,1.44
13062,ARROYOHONDO,BOLÍVAR,2009,29,2.61
13062,ARROYOHONDO,BOLÍVAR,2010,7,0.63
13062,ARROYOHONDO,BOLÍVAR,2011,12,1.08
13062,ARROYOHONDO,BOLÍVAR,2012,41,3.69
13062,ARROYOHONDO,BOLÍVAR,2013,1,0.09
13062,ARROYOHONDO,BOLÍVAR,2021,4,0.36
13062,ARROYOHONDO,BOLÍVAR,2022,15,1.3499999999999999
13062,ARROYOHONDO,BOLÍVAR,2023,44,3.96
13074,BARRANCO DE LOBA,BOLÍVAR,2001,2,0.18
13074,BARRANCO DE LOBA,BOLÍVAR,2002,1,0.09
13074,BARRANCO DE LOBA,BOLÍVAR,2004,2,0.18
13074,BARRANCO DE LOBA,BOLÍVAR,2005,3,0.27
13074,BARRANCO DE LOBA,BOLÍVAR,2006,22,1.98
13074,BARRANCO DE LOBA,BOLÍVAR,2007,135,12.15
13074,BARRANCO DE LOBA,BOLÍVAR,2008,2,0.18
13074,BARRANCO DE LOBA,BOLÍVAR,2009,8,0.72
13074,BARRANCO DE LOBA,BOLÍVAR,2010,7,0.63
13074,BARRANCO DE LOBA,BOLÍVAR,2011,6,0.54
13074,BARRANCO DE LOBA,BOLÍVAR,2012,16,1.44
13140,CALAMAR,BOLÍVAR,2001,16,1.44
13140,CALAMAR,BOLÍVAR,2004,4,0.36
13140,CALAMAR,BOLÍVAR,2005,6,0.54
13140,CALAMAR,BOLÍVAR,2006,40,3.5999999999999996
13140,CALAMAR,BOLÍVAR,2007,40,3.5999999999999996
13140,CALAMAR,BOLÍVAR,2008,8,0.72
13140,CALAMAR,BOLÍVAR,2009,1,0.09
13140,CALAMAR,BOLÍVAR,2010,4,0.36
13140,CALAMAR,BOLÍVAR,2012,18,1.6199999999999999
13140,CALAMAR,BOLÍVAR,2013,2,0.18
13140,CALAMAR,BOLÍVAR,2014,8,0.72
13140,CALAMAR,BOLÍVAR,2020,1,0.09
13160,CANTAGALLO,BOLÍVAR,2001,8,0.72
13160,CANTAGALLO,BOLÍVAR,2002,4,0.36
13160,CANTAGALLO,BOLÍVAR,2004,8,0.72
13160,CANTAGALLO,BOLÍVAR,2005,2,0.18
13160,CANTAGALLO,BOLÍVAR,2006,19,1.71
13160,CANTAGALLO,BOLÍVAR,2007,3,0.27
13160,CANTAGALLO,BOLÍVAR,2008,6,0.54
13160,CANTAGALLO,BOLÍVAR,2009,16,1.44
13160,CANTAGALLO,BOLÍVAR,2010,5,0.44999999999999996
13160,CANTAGALLO,BOLÍVAR,2011,3,0.27
13160,CANTAGALLO,BOLÍVAR,2012,18,1.6199999999999999
13160,CANTAGALLO,BOLÍVAR,2018,2,0.18
13160,CANTAGALLO,BOLÍVAR,2020,1,0.09
13188,CICUCO,BOLÍVAR,2001,1,0.09
13188,CICUCO,BOLÍVAR,2003,4,0.36
13188,CICUCO,BOLÍVAR,2005,1,0.09
13188,CICUCO,BOLÍVAR,2007,1,0.09
13188,CICUCO,BOLÍVAR,2008,68,6.12
13188,CICUCO,BOLÍVAR,2009,7,0.63
13188,CICUCO,BOLÍVAR,2011,1,0.09
13188,CICUCO,BOLÍVAR,2013,2,0.18
13188,CICUCO,BOLÍVAR,2014,1,0.09
13188,CICUCO,BOLÍVAR,2016,36,3.2399999999999998
13188,CICUCO,BOLÍVAR,2021,4,0.36
13212,CÓRDOBA,BOLÍVAR,2001,4,0.36
13212,CÓRDOBA,BOLÍVAR,2002,34,3.06
13212,CÓRDOBA,BOLÍVAR,2003,2,0.18
13212,CÓRDOBA,BOLÍVAR,2004,3,0.27
13212,CÓRDOBA,BOLÍVAR,2005,22,1.98
13212,CÓRDOBA,BOLÍVAR,2006,28,2.52
13212,CÓRDOBA,BOLÍVAR,2007,71,6.39
13212,CÓRDOBA,BOLÍVAR,2008,20,1.7999999999999998
13212,CÓRDOBA,BOLÍVAR,2009,7,0.63
13212,CÓRDOBA,BOLÍVAR,2010,19,1.71
13212,CÓRDOBA,BOLÍVAR,2011,18,1.6199999999999999
13212,CÓRDOBA,BOLÍVAR,2012,14,1.26
13212,CÓRDOBA,BOLÍVAR,2013,8,0.72
13212,CÓRDOBA,BOLÍVAR,2014,6,0.54
13212,CÓRDOBA,BOLÍVAR,2015,46,4.14
13212,CÓRDOBA,BOLÍVAR,2016,127,11.43
13212,CÓRDOBA,BOLÍVAR,2017,288,25.919999999999998
13212,CÓRDOBA,BOLÍVAR,2018,178,16.02
13212,CÓRDOBA,BOLÍVAR,2019,105,9.45
13212,CÓRDOBA,BOLÍVAR,2020,190,17.099999999999998
13212,CÓRDOBA,BOLÍVAR,2021,208,18.72
13212,CÓRDOBA,BOLÍVAR,2022,155,13.95
13212,CÓRDOBA,BOLÍVAR,2023,127,11.43
13222,CLEMENCIA,BOLÍVAR,2001,11,0.99
13222,CLEMENCIA,BOLÍVAR,2002,3,0.27
13222,CLEMENCIA,BOLÍVAR,2003,11,0.99
13222,CLEMENCIA,BOLÍVAR,2004,9,0.8099999999999999
13222,CLEMENCIA,BOLÍVAR,2006,54,4.859999999999999
13222,CLEMENCIA,BOLÍVAR,2007,15,1.3499999999999999
13222,CLEMENCIA,BOLÍVAR,2008,32,2.88
13222,CLEMENCIA,BOLÍVAR,2009,32,2.88
13222,CLEMENCIA,BOLÍVAR,2010,1,0.09
13222,CLEMENCIA,BOLÍVAR,2011,13,1.17
13222,CLEMENCIA,BOLÍVAR,2012,31,2.79
13222,CLEMENCIA,BOLÍVAR,2013,8,0.72
13222,CLEMENCIA,BOLÍVAR,2014,15,1.3499999999999999
13222,CLEMENCIA,BOLÍVAR,2015,22,1.98
13222,CLEMENCIA,BOLÍVAR,2016,69,6.21
13222,CLEMENCIA,BOLÍVAR,2017,230,20.7
13222,CLEMENCIA,BOLÍVAR,2018,152,13.68
13222,CLEMENCIA,BOLÍVAR,2019,30,2.6999999999999997
13222,CLEMENCIA,BOLÍVAR,2020,161,14.49
13222,CLEMENCIA,BOLÍVAR,2021,75,6.75
13222,CLEMENCIA,BOLÍVAR,2022,65,5.85
13222,CLEMENCIA,BOLÍVAR,2023,113,10.17
13244,EL CARMEN DE BOLÍVAR,BOLÍVAR,2001,1,0.09
13244,EL CARMEN DE BOLÍVAR,BOLÍVAR,2002,6,0.54
13244,EL CARMEN DE BOLÍVAR,BOLÍVAR,2005,53,4.77
13244,EL CARMEN DE BOLÍVAR,BOLÍVAR,2006,3,0.27
13244,EL CARMEN DE BOLÍVAR,BOLÍVAR,2007,24,2.16
13244,EL CARMEN DE BOLÍVAR,BOLÍVAR,2008,24,2.16
13244,EL CARMEN DE BOLÍVAR,BOLÍVAR,2011,3,0.27
13244,EL CARMEN DE BOLÍVAR,BOLÍVAR,2012,4,0.36
13244,EL CARMEN DE BOLÍVAR,BOLÍVAR,2013,1,0.09
13244,EL CARMEN DE BOLÍVAR,BOLÍVAR,2014,14,1.26
13244,EL CARMEN DE BOLÍVAR,BOLÍVAR,2015,25,2.25
13244,EL CARMEN DE BOLÍVAR,BOLÍVAR,2016,24,2.16
13244,EL CARMEN DE BOLÍVAR,BOLÍVAR,2017,79,7.109999999999999
13244,EL CARMEN DE BOLÍVAR,BOLÍVAR,2018,14,1.26
13244,EL CARMEN DE BOLÍVAR,BOLÍVAR,2019,53,4.77
13244,EL CARMEN DE BOLÍVAR,BOLÍVAR,2020,87,7.83
13244,EL CARMEN DE BOLÍVAR,BOLÍVAR,2021,124,11.16
13244,EL CARMEN DE BOLÍVAR,BOLÍVAR,2022,19,1.71
13244,EL CARMEN DE BOLÍVAR,BOLÍVAR,2023,83,7.47
13248,EL GUAMO,BOLÍVAR,2001,1,0.09
13248,EL GUAMO,BOLÍVAR,2002,26,2.34
13248,EL GUAMO,BOLÍVAR,2003,2,0.18
13248,EL GUAMO,BOLÍVAR,2004,57,5.13
13248,EL GUAMO,BOLÍVAR,2005,115,10.35
13248,EL GUAMO,BOLÍVAR,2006,51,4.59
13248,EL GUAMO,BOLÍVAR,2007,71,6.39
13248,EL GUAMO,BOLÍVAR,2008,27,2.4299999999999997
13248,EL GUAMO,BOLÍVAR,2009,26,2.34
13248,EL GUAMO,BOLÍVAR,2010,10,0.8999999999999999
13248,EL GUAMO,BOLÍVAR,2011,23,2.07
13248,EL GUAMO,BOLÍVAR,2012,7,0.63
13248,EL GUAMO,BOLÍVAR,2013,12,1.08
13248,EL GUAMO,BOLÍVAR,2014,14,1.26
13248,EL GUAMO,BOLÍVAR,2015,77,6.93
13248,EL GUAMO,BOLÍVAR,2016,125,11.25
13248,EL GUAMO,BOLÍVAR,2017,185,16.65
13248,EL GUAMO,BOLÍVAR,2018,50,4.5
13248,EL GUAMO,BOLÍVAR,2019,86,7.739999999999999
13248,EL GUAMO,BOLÍVAR,2020,112,10.08
13248,EL GUAMO,BOLÍVAR,2021,81,7.29
13248,EL GUAMO,BOLÍVAR,2022,43,3.8699999999999997
13248,EL GUAMO,BOLÍVAR,2023,160,14.399999999999999
13268,EL PEÑÓN,BOLÍVAR,2001,15,1.3499999999999999
13268,EL PEÑÓN,BOLÍVAR,2002,33,2.9699999999999998
13268,EL PEÑÓN,BOLÍVAR,2003,7,0.63
13268,EL PEÑÓN,BOLÍVAR,2004,6,0.54
13268,EL PEÑÓN,BOLÍVAR,2005,1,0.09
13268,EL PEÑÓN,BOLÍVAR,2006,21,1.89
13268,EL PEÑÓN,BOLÍVAR,2007,11,0.99
13268,EL PEÑÓN,BOLÍVAR,2008,7,0.63
13268,EL PEÑÓN,BOLÍVAR,2009,11,0.99
13268,EL PEÑÓN,BOLÍVAR,2010,16,1.44
13268,EL PEÑÓN,BOLÍVAR,2011,8,0.72
13268,EL PEÑÓN,BOLÍVAR,2012,35,3.15
13268,EL PEÑÓN,BOLÍVAR,2013,18,1.6199999999999999
13268,EL PEÑÓN,BOLÍVAR,2014,1,0.09
13268,EL PEÑÓN,BOLÍVAR,2016,2,0.18
13268,EL PEÑÓN,BOLÍVAR,2017,5,0.44999999999999996
13268,EL PEÑÓN,BOLÍVAR,2018,18,1.6199999999999999
13268,EL PEÑÓN,BOLÍVAR,2019,90,8.1
13268,EL PEÑÓN,BOLÍVAR,2020,10,0.8999999999999999
13268,EL PEÑÓN,BOLÍVAR,2021,21,1.89
13268,EL PEÑÓN,BOLÍVAR,2022,6,0.54
13268,EL PEÑÓN,BOLÍVAR,2023,23,2.07
13300,HATILLO DE LOBA,BOLÍVAR,2001,9,0.8099999999999999
13300,HATILLO DE LOBA,BOLÍVAR,2002,9,0.8099999999999999
13300,HATILLO DE LOBA,BOLÍVAR,2004,3,0.27
13300,HATILLO DE LOBA,BOLÍVAR,2005,4,0.36
13300,HATILLO DE LOBA,BOLÍVAR,2007,6,0.54
13300,HATILLO DE LOBA,BOLÍVAR,2008,13,1.17
13300,HATILLO DE LOBA,BOLÍVAR,2009,3,0.27
13300,HATILLO DE LOBA,BOLÍVAR,2010,7,0.63
13300,HATILLO DE LOBA,BOLÍVAR,2011,6,0.54
13300,HATILLO DE LOBA,BOLÍVAR,2012,2,0.18
13300,HATILLO DE LOBA,BOLÍVAR,2013,13,1.17
13300,HATILLO DE LOBA,BOLÍVAR,2014,16,1.44
13300,HATILLO DE LOBA,BOLÍVAR,2015,21,1.89
13300,HATILLO DE LOBA,BOLÍVAR,2016,55,4.95
13300,HATILLO DE LOBA,BOLÍVAR,2017,206,18.54
13300,HATILLO DE LOBA,BOLÍVAR,2018,53,4.77
13300,HATILLO DE LOBA,BOLÍVAR,2019,87,7.83
13300,HATILLO DE LOBA,BOLÍVAR,2020,61,5.49
13300,HATILLO DE LOBA,BOLÍVAR,2021,78,7.02
13300,HATILLO DE LOBA,BOLÍVAR,2022,32,2.88
13300,HATILLO DE LOBA,BOLÍVAR,2023,53,4.77
13430,MAGANGUÉ,BOLÍVAR,2001,9,0.8099999999999999
13430,MAGANGUÉ,BOLÍVAR,2002,50,4.5
13430,MAGANGUÉ,BOLÍVAR,2003,12,1.08
13430,MAGANGUÉ,BOLÍVAR,2004,21,1.89
13430,MAGANGUÉ,BOLÍVAR,2005,40,3.5999999999999996
13430,MAGANGUÉ,BOLÍVAR,2007,15,1.3499999999999999
13430,MAGANGUÉ,BOLÍVAR,2008,17,1.53
13430,MAGANGUÉ,BOLÍVAR,2009,4,0.36
13430,MAGANGUÉ,BOLÍVAR,2010,8,0.72
13430,MAGANGUÉ,BOLÍVAR,2011,33,2.9699999999999998
13430,MAGANGUÉ,BOLÍVAR,2012,25,2.25
13430,MAGANGUÉ,BOLÍVAR,2013,10,0.8999999999999999
13430,MAGANGUÉ,BOLÍVAR,2014,24,2.16
13430,MAGANGUÉ,BOLÍVAR,2015,25,2.25
13430,MAGANGUÉ,BOLÍVAR,2016,26,2.34
13430,MAGANGUÉ,BOLÍVAR,2017,84,7.56
13430,MAGANGUÉ,BOLÍVAR,2018,81,7.29
13430,MAGANGUÉ,BOLÍVAR,2019,103,9.27
13430,MAGANGUÉ,BOLÍVAR,2020,97,8.73
13430,MAGANGUÉ,BOLÍVAR,2021,81,7.29
13430,MAGANGUÉ,BOLÍVAR,2022,93,8.37
13430,MAGANGUÉ,BOLÍVAR,2023,66,5.9399999999999995
13433,MAHATES,BOLÍVAR,2001,8,0.72
13433,MAHATES,BOLÍVAR,2002,330,29.7
13433,MAHATES,BOLÍVAR,2003,98,8.82
13433,MAHATES,BOLÍVAR,2004,220,19.8
13433,MAHATES,BOLÍVAR,2005,347,31.23
13433,MAHATES,BOLÍVAR,2006,23,2.07
13433,MAHATES,BOLÍVAR,2007,22,1.98
13433,MAHATES,BOLÍVAR,2008,40,3.5999999999999996
13433,MAHATES,BOLÍVAR,2009,28,2.52
13433,MAHATES,BOLÍVAR,2010,52,4.68
13433,MAHATES,BOLÍVAR,2011,35,3.15
13433,MAHATES,BOLÍVAR,2012,46,4.14
13433,MAHATES,BOLÍVAR,2013,51,4.59
13433,MAHATES,BOLÍVAR,2014,118,10.62
13433,MAHATES,BOLÍVAR,2015,92,8.28
13433,MAHATES,BOLÍVAR,2016,176,15.84
13433,MAHATES,BOLÍVAR,2017,255,22.95
13433,MAHATES,BOLÍVAR,2018,153,13.77
13433,MAHATES,BOLÍVAR,2019,331,29.79
13433,MAHATES,BOLÍVAR,2020,205,18.45
13433,MAHATES,BOLÍVAR,2021,129,11.61
13433,MAHATES,BOLÍVAR,2022,176,15.84
13433,MAHATES,BOLÍVAR,2023,181,16.29
13440,MARGARITA,BOLÍVAR,2001,107,9.629999999999999
13440,MARGARITA,BOLÍVAR,2002,2695,242.54999999999998
13440,MARGARITA,BOLÍVAR,2003,983,88.47
13440,MARGARITA,BOLÍVAR,2004,1470,132.29999999999998
13440,MARGARITA,BOLÍVAR,2005,1160,104.39999999999999
13440,MARGARITA,BOLÍVAR,2006,489,44.01
13440,MARGARITA,BOLÍVAR,2007,161,14.49
13440,MARGARITA,BOLÍVAR,2008,118,10.62
13440,MARGARITA,BOLÍVAR,2009,30,2.6999999999999997
13440,MARGARITA,BOLÍVAR,2010,144,12.959999999999999
13440,MARGARITA,BOLÍVAR,2011,70,6.3
13440,MARGARITA,BOLÍVAR,2012,40,3.5999999999999996
13440,MARGARITA,BOLÍVAR,2013,52,4.68
13440,MARGARITA,BOLÍVAR,2014,111,9.99
13440,MARGARITA,BOLÍVAR,2015,69,6.21
13440,MARGARITA,BOLÍVAR,2016,170,15.299999999999999
13440,MARGARITA,BOLÍVAR,2017,278,25.02
13440,MARGARITA,BOLÍVAR,2018,383,34.47
13440,MARGARITA,BOLÍVAR,2019,233,20.97
13440,MARGARITA,BOLÍVAR,2020,435,39.15
13440,MARGARITA,BOLÍVAR,2021,287,25.83
13440,MARGARITA,BOLÍVAR,2022,264,23.759999999999998
13440,MARGARITA,BOLÍVAR,2023,315,28.349999999999998
13442,MARÍA LA BAJA,BOLÍVAR,2002,161,14.49
13442,MARÍA LA BAJA,BOLÍVAR,2003,74,6.66
13442,MARÍA LA BAJA,BOLÍVAR,2004,289,26.009999999999998
13442,MARÍA LA BAJA,BOLÍVAR,2006,13,1.17
13442,MARÍA LA BAJA,BOLÍVAR,2007,54,4.859999999999999
13442,MARÍA LA BAJA,BOLÍVAR,2008,27,2.4299999999999997
13442,MARÍA LA BAJA,BOLÍVAR,2009,1,0.09
13442,MARÍA LA BAJA,BOLÍVAR,2011,6,0.54
13442,MARÍA LA BAJA,BOLÍVAR,2012,51,4.59
13442,MARÍA LA BAJA,BOLÍVAR,2013,77,6.93
13442,MARÍA LA BAJA,BOLÍVAR,2014,1,0.09
13442,MARÍA LA BAJA,BOLÍVAR,2015,117,10.53
13442,MARÍA LA BAJA,BOLÍVAR,2016,104,9.36
13442,MARÍA LA BAJA,BOLÍVAR,2017,348,31.32
13442,MARÍA LA BAJA,BOLÍVAR,2018,213,19.169999999999998
13442,MARÍA LA BAJA,BOLÍVAR,2019,228,20.52
13442,MARÍA LA BAJA,BOLÍVAR,2020,225,20.25
13442,MARÍA LA BAJA,BOLÍVAR,2021,292,26.279999999999998
13442,MARÍA LA BAJA,BOLÍVAR,2022,207,18.63
13442,MARÍA LA BAJA,BOLÍVAR,2023,165,14.85
13458,MONTECRISTO,BOLÍVAR,2003,2,0.18
13458,MONTECRISTO,BOLÍVAR,2007,3,0.27
13458,MONTECRISTO,BOLÍVAR,2012,1,0.09
13458,MONTECRISTO,BOLÍVAR,2013,7,0.63
13458,MONTECRISTO,BOLÍVAR,2019,65,5.85
13458,MONTECRISTO,BOLÍVAR,2020,43,3.8699999999999997
13468,SANTA CRUZ DE MOMPOX,BOLÍVAR,2002,3,0.27
13468,SANTA CRUZ DE MOMPOX,BOLÍVAR,2006,2,0.18
13468,SANTA CRUZ DE MOMPOX,BOLÍVAR,2011,2,0.18
13468,SANTA CRUZ DE MOMPOX,BOLÍVAR,2012,3,0.27
13468,SANTA CRUZ DE MOMPOX,BOLÍVAR,2013,3,0.27
13468,SANTA CRUZ DE MOMPOX,BOLÍVAR,2014,19,1.71
13468,SANTA CRUZ DE MOMPOX,BOLÍVAR,2021,13,1.17
13473,MORALES,BOLÍVAR,2004,1,0.09
13473,MORALES,BOLÍVAR,2008,2,0.18
13473,MORALES,BOLÍVAR,2011,6,0.54
13473,MORALES,BOLÍVAR,2012,1,0.09
13473,MORALES,BOLÍVAR,2013,2,0.18
13473,MORALES,BOLÍVAR,2021,5,0.44999999999999996
13473,MORALES,BOLÍVAR,2023,12,1.08
13490,NOROSÍ,BOLÍVAR,2002,2,0.18
13490,NOROSÍ,BOLÍVAR,2005,5,0.44999999999999996
13490,NOROSÍ,BOLÍVAR,2008,1,0.09
13549,PINILLOS,BOLÍVAR,2011,3,0.27
13549,PINILLOS,BOLÍVAR,2012,6,0.54
13549,PINILLOS,BOLÍVAR,2014,9,0.8099999999999999
13549,PINILLOS,BOLÍVAR,2015,30,2.6999999999999997
13549,PINILLOS,BOLÍVAR,2016,22,1.98
13580,REGIDOR,BOLÍVAR,2002,4,0.36
13580,REGIDOR,BOLÍVAR,2005,1,0.09
13580,REGIDOR,BOLÍVAR,2007,2,0.18
13580,REGIDOR,BOLÍVAR,2010,4,0.36
13580,REGIDOR,BOLÍVAR,2012,2,0.18
13580,REGIDOR,BOLÍVAR,2013,1,0.09
13580,REGIDOR,BOLÍVAR,2015,2,0.18
13600,RÍO VIEJO,BOLÍVAR,2004,3,0.27
13600,RÍO VIEJO,BOLÍVAR,2012,15,1.3499999999999999
13600,RÍO VIEJO,BOLÍVAR,2013,1,0.09
13620,SAN CRISTÓBAL,BOLÍVAR,2001,54,4.859999999999999
13620,SAN CRISTÓBAL,BOLÍVAR,2002,9,0.8099999999999999
13620,SAN CRISTÓBAL,BOLÍVAR,2003,38,3.42
13620,SAN CRISTÓBAL,BOLÍVAR,2004,139,12.51
13620,SAN CRISTÓBAL,BOLÍVAR,2005,2,0.18
13620,SAN CRISTÓBAL,BOLÍVAR,2006,6,0.54
13620,SAN CRISTÓBAL,BOLÍVAR,2007,17,1.53
13620,SAN CRISTÓBAL,BOLÍVAR,2008,73,6.569999999999999
13620,SAN CRISTÓBAL,BOLÍVAR,2009,68,6.12
13620,SAN CRISTÓBAL,BOLÍVAR,2010,82,7.38
13620,SAN CRISTÓBAL,BOLÍVAR,2011,34,3.06
13620,SAN CRISTÓBAL,BOLÍVAR,2012,28,2.52
13620,SAN CRISTÓBAL,BOLÍVAR,2013,155,13.95
13620,SAN CRISTÓBAL,BOLÍVAR,2014,91,8.19
13620,SAN CRISTÓBAL,BOLÍVAR,2015,103,9.27
13620,SAN CRISTÓBAL,BOLÍVAR,2016,185,16.65
13620,SAN CRISTÓBAL,BOLÍVAR,2017,99,8.91
13620,SAN CRISTÓBAL,BOLÍVAR,2018,159,14.309999999999999
13620,SAN CRISTÓBAL,BOLÍVAR,2019,116,10.44
13620,SAN CRISTÓBAL,BOLÍVAR,2020,99,8.91
13620,SAN CRISTÓBAL,BOLÍVAR,2021,68,6.12
13620,SAN CRISTÓBAL,BOLÍVAR,2022,48,4.32
13620,SAN CRISTÓBAL,BOLÍVAR,2023,59,5.31
13647,SAN ESTANISLAO,BOLÍVAR,2001,165,14.85
13647,SAN ESTANISLAO,BOLÍVAR,2002,235,21.15
13647,SAN ESTANISLAO,BOLÍVAR,2003,76,6.84
13647,SAN ESTANISLAO,BOLÍVAR,2004,193,17.37
13647,SAN ESTANISLAO,BOLÍVAR,2005,155,13.95
13647,SAN ESTANISLAO,BOLÍVAR,2006,87,7.83
13647,SAN ESTANISLAO,BOLÍVAR,2007,238,21.419999999999998
13647,SAN ESTANISLAO,BOLÍVAR,2008,138,12.42
13647,SAN ESTANISLAO,BOLÍVAR,2009,276,24.84
13647,SAN ESTANISLAO,BOLÍVAR,2010,152,13.68
13647,SAN ESTANISLAO,BOLÍVAR,2011,89,8.01
13647,SAN ESTANISLAO,BOLÍVAR,2012,80,7.199999999999999
13647,SAN ESTANISLAO,BOLÍVAR,2013,161,14.49
13647,SAN ESTANISLAO,BOLÍVAR,2014,179,16.11
13647,SAN ESTANISLAO,BOLÍVAR,2015,83,7.47
13647,SAN ESTANISLAO,BOLÍVAR,2016,293,26.369999999999997
13647,SAN ESTANISLAO,BOLÍVAR,2017,287,25.83
13647,SAN ESTANISLAO,BOLÍVAR,2018,1207,108.63
13647,SAN ESTANISLAO,BOLÍVAR,2019,350,31.5
13647,SAN ESTANISLAO,BOLÍVAR,2020,247,22.23
13647,SAN ESTANISLAO,BOLÍVAR,2021,181,16.29
13647,SAN ESTANISLAO,BOLÍVAR,2022,37,3.33
13647,SAN ESTANISLAO,BOLÍVAR,2023,108,9.719999999999999
13650,SAN FERNANDO,BOLÍVAR,2001,535,48.15
13650,SAN FERNANDO,BOLÍVAR,2002,122,10.98
13650,SAN FERNANDO,BOLÍVAR,2003,39,3.51
13650,SAN FERNANDO,BOLÍVAR,2004,386,34.74
13650,SAN FERNANDO,BOLÍVAR,2005,66,5.9399999999999995
13650,SAN FERNANDO,BOLÍVAR,2006,113,10.17
13650,SAN FERNANDO,BOLÍVAR,2007,118,10.62
13650,SAN FERNANDO,BOLÍVAR,2008,326,29.34
13650,SAN FERNANDO,BOLÍVAR,2009,505,45.449999999999996
13650,SAN FERNANDO,BOLÍVAR,2010,504,45.36
13650,SAN FERNANDO,BOLÍVAR,2011,401,36.089999999999996
13650,SAN FERNANDO,BOLÍVAR,2012,348,31.32
13650,SAN FERNANDO,BOLÍVAR,2013,210,18.9
13650,SAN FERNANDO,BOLÍVAR,2014,123,11.07
13650,SAN FERNANDO,BOLÍVAR,2015,111,9.99
13650,SAN FERNANDO,BOLÍVAR,2016,359,32.31
13650,SAN FERNANDO,BOLÍVAR,2017,196,17.64
13650,SAN FERNANDO,BOLÍVAR,2018,572,51.48
13650,SAN FERNANDO,BOLÍVAR,2019,2790,251.1
13650,SAN FERNANDO,BOLÍVAR,2020,565,50.85
13650,SAN FERNANDO,BOLÍVAR,2021,12,1.08
13650,SAN FERNANDO,BOLÍVAR,2022,98,8.82
13650,SAN FERNANDO,BOLÍVAR,2023,112,10.08
13654,SAN JACINTO,BOLÍVAR,2001,5,0.44999999999999996
13654,SAN JACINTO,BOLÍVAR,2002,3,0.27
13654,SAN JACINTO,BOLÍVAR,2003,3,0.27
13654,SAN JACINTO,BOLÍVAR,2004,8,0.72
13654,SAN JACINTO,BOLÍVAR,2005,7,0.63
13654,SAN JACINTO,BOLÍVAR,2006,51,4.59
13654,SAN JACINTO,BOLÍVAR,2007,45,4.05
13654,SAN JACINTO,BOLÍVAR,2008,9,0.8099999999999999
13654,SAN JACINTO,BOLÍVAR,2009,50,4.5
13654,SAN JACINTO,BOLÍVAR,2010,52,4.68
13654,SAN JACINTO,BOLÍVAR,2011,65,5.85
13654,SAN JACINTO,BOLÍVAR,2012,153,13.77
13654,SAN JACINTO,BOLÍVAR,2013,26,2.34
13654,SAN JACINTO,BOLÍVAR,2014,102,9.18
13654,SAN JACINTO,BOLÍVAR,2015,7,0.63
13654,SAN JACINTO,BOLÍVAR,2016,141,12.69
13654,SAN JACINTO,BOLÍVAR,2017,258,23.22
13654,SAN JACINTO,BOLÍVAR,2018,75,6.75
13654,SAN JACINTO,BOLÍVAR,2019,57,5.13
13654,SAN JACINTO,BOLÍVAR,2020,62,5.58
13654,SAN JACINTO,BOLÍVAR,2022,25,2.25
13654,SAN JACINTO,BOLÍVAR,2023,58,5.22
13655,SAN JACINTO DEL CAUCA,BOLÍVAR,2001,75,6.75
13655,SAN JACINTO DEL CAUCA,BOLÍVAR,2002,155,13.95
13655,SAN JACINTO DEL CAUCA,BOLÍVAR,2003,171,15.389999999999999
13655,SAN JACINTO DEL CAUCA,BOLÍVAR,2004,77,6.93
13655,SAN JACINTO DEL CAUCA,BOLÍVAR,2005,76,6.84
13655,SAN JACINTO DEL CAUCA,BOLÍVAR,2006,50,4.5
13655,SAN JACINTO DEL CAUCA,BOLÍVAR,2007,982,88.38
13655,SAN JACINTO DEL CAUCA,BOLÍVAR,2008,137,12.33
13655,SAN JACINTO DEL CAUCA,BOLÍVAR,2009,178,16.02
13655,SAN JACINTO DEL CAUCA,BOLÍVAR,2010,202,18.18
13655,SAN JACINTO DEL CAUCA,BOLÍVAR,2011,116,10.44
13655,SAN JACINTO DEL CAUCA,BOLÍVAR,2012,205,18.45
13655,SAN JACINTO DEL CAUCA,BOLÍVAR,2013,229,20.61
13655,SAN JACINTO DEL CAUCA,BOLÍVAR,2014,110,9.9
13655,SAN JACINTO DEL CAUCA,BOLÍVAR,2015,129,11.61
13655,SAN JACINTO DEL CAUCA,BOLÍVAR,2016,255,22.95
13655,SAN JACINTO DEL CAUCA,BOLÍVAR,2017,127,11.43
13655,SAN JACINTO DEL CAUCA,BOLÍVAR,2018,450,40.5
13655,SAN JACINTO DEL CAUCA,BOLÍVAR,2019,111,9.99
13655,SAN JACINTO DEL CAUCA,BOLÍVAR,2020,227,20.43
13655,SAN JACINTO DEL CAUCA,BOLÍVAR,2021,68,6.12
13655,SAN JACINTO DEL CAUCA,BOLÍVAR,2022,184,16.56
13655,SAN JACINTO DEL CAUCA,BOLÍVAR,2023,325,29.25
13657,SAN JUAN NEPOMUCENO,BOLÍVAR,2003,3,0.27
13657,SAN JUAN NEPOMUCENO,BOLÍVAR,2004,1,0.09
13657,SAN JUAN NEPOMUCENO,BOLÍVAR,2005,7,0.63
13657,SAN JUAN NEPOMUCENO,BOLÍVAR,2009,13,1.17
13657,SAN JUAN NEPOMUCENO,BOLÍVAR,2010,13,1.17
13657,SAN JUAN NEPOMUCENO,BOLÍVAR,2011,3,0.27
13657,SAN JUAN NEPOMUCENO,BOLÍVAR,2012,5,0.44999999999999996
13657,SAN JUAN NEPOMUCENO,BOLÍVAR,2014,13,1.17
13657,SAN JUAN NEPOMUCENO,BOLÍVAR,2015,6,0.54
13657,SAN JUAN NEPOMUCENO,BOLÍVAR,2016,46,4.14
13657,SAN JUAN NEPOMUCENO,BOLÍVAR,2017,33,2.9699999999999998
13657,SAN JUAN NEPOMUCENO,BOLÍVAR,2018,493,44.37
13657,SAN JUAN NEPOMUCENO,BOLÍVAR,2019,42,3.78
13657,SAN JUAN NEPOMUCENO,BOLÍVAR,2020,13,1.17
13657,SAN JUAN NEPOMUCENO,BOLÍVAR,2021,2,0.18
13657,SAN JUAN NEPOMUCENO,BOLÍVAR,2022,6,0.54
13657,SAN JUAN NEPOMUCENO,BOLÍVAR,2023,8,0.72
13667,SAN MARTÍN DE LOBA,BOLÍVAR,2002,3,0.27
13667,SAN MARTÍN DE LOBA,BOLÍVAR,2003,6,0.54
13667,SAN MARTÍN DE LOBA,BOLÍVAR,2004,3,0.27
13667,SAN MARTÍN DE LOBA,BOLÍVAR,2005,4,0.36
13667,SAN MARTÍN DE LOBA,BOLÍVAR,2007,1,0.09
13667,SAN MARTÍN DE LOBA,BOLÍVAR,2008,2,0.18
13667,SAN MARTÍN DE LOBA,BOLÍVAR,2009,6,0.54
13667,SAN MARTÍN DE LOBA,BOLÍVAR,2010,70,6.3
13667,SAN MARTÍN DE LOBA,BOLÍVAR,2012,28,2.52
13667,SAN MARTÍN DE LOBA,BOLÍVAR,2013,1,0.09
13667,SAN MARTÍN DE LOBA,BOLÍVAR,2016,13,1.17
13667,SAN MARTÍN DE LOBA,BOLÍVAR,2017,13,1.17
13667,SAN MARTÍN DE LOBA,BOLÍVAR,2018,172,15.479999999999999
13667,SAN MARTÍN DE LOBA,BOLÍVAR,2019,42,3.78
13667,SAN MARTÍN DE LOBA,BOLÍVAR,2020,24,2.16
13667,SAN MARTÍN DE LOBA,BOLÍVAR,2021,8,0.72
13670,SAN PABLO,BOLÍVAR,2001,13,1.17
13670,SAN PABLO,BOLÍVAR,2002,16,1.44
13670,SAN PABLO,BOLÍVAR,2003,80,7.199999999999999
13670,SAN PABLO,BOLÍVAR,2004,16,1.44
13670,SAN PABLO,BOLÍVAR,2005,67,6.029999999999999
13670,SAN PABLO,BOLÍVAR,2006,17,1.53
13670,SAN PABLO,BOLÍVAR,2007,24,2.16
13670,SAN PABLO,BOLÍVAR,2008,97,8.73
13670,SAN PABLO,BOLÍVAR,2009,31,2.79
13670,SAN PABLO,BOLÍVAR,2010,39,3.51
13670,SAN PABLO,BOLÍVAR,2011,53,4.77
13670,SAN PABLO,BOLÍVAR,2012,16,1.44
13670,SAN PABLO,BOLÍVAR,2013,18,1.6199999999999999
13670,SAN PABLO,BOLÍVAR,2014,14,1.26
13670,SAN PABLO,BOLÍVAR,2016,18,1.6199999999999999
13670,SAN PABLO,BOLÍVAR,2017,19,1.71
13670,SAN PABLO,BOLÍVAR,2018,1442,129.78
13670,SAN PABLO,BOLÍVAR,2019,368,33.12
13670,SAN PABLO,BOLÍVAR,2020,213,19.169999999999998
13670,SAN PABLO,BOLÍVAR,2021,11,0.99
13670,SAN PABLO,BOLÍVAR,2022,7,0.63
13670,SAN PABLO,BOLÍVAR,2023,14,1.26
13673,SANTA CATALINA,BOLÍVAR,2001,281,25.29
13673,SANTA CATALINA,BOLÍVAR,2002,35,3.15
13673,SANTA CATALINA,BOLÍVAR,2003,215,19.349999999999998
13673,SANTA CATALINA,BOLÍVAR,2004,41,3.69
13673,SANTA CATALINA,BOLÍVAR,2005,9,0.8099999999999999
13673,SANTA CATALINA,BOLÍVAR,2007,336,30.24
13673,SANTA CATALINA,BOLÍVAR,2008,5,0.44999999999999996
13673,SANTA CATALINA,BOLÍVAR,2009,11,0.99
13673,SANTA CATALINA,BOLÍVAR,2010,131,11.79
13673,SANTA CATALINA,BOLÍVAR,2011,9,0.8099999999999999
13673,SANTA CATALINA,BOLÍVAR,2012,10,0.8999999999999999
13673,SANTA CATALINA,BOLÍVAR,2013,20,1.7999999999999998
13673,SANTA CATALINA,BOLÍVAR,2014,79,7.109999999999999
13673,SANTA CATALINA,BOLÍVAR,2016,419,37.71
13673,SANTA CATALINA,BOLÍVAR,2017,78,7.02
13673,SANTA CATALINA,BOLÍVAR,2018,2644,237.95999999999998
13673,SANTA CATALINA,BOLÍVAR,2019,1317,118.53
13673,SANTA CATALINA,BOLÍVAR,2020,48,4.32
13673,SANTA CATALINA,BOLÍVAR,2021,12,1.08
13673,SANTA CATALINA,BOLÍVAR,2022,1,0.09
13683,SANTA ROSA,BOLÍVAR,2003,3,0.27
13683,SANTA ROSA,BOLÍVAR,2004,1,0.09
13683,SANTA ROSA,BOLÍVAR,2006,2,0.18
13683,SANTA ROSA,BOLÍVAR,2007,1,0.09
13683,SANTA ROSA,BOLÍVAR,2008,26,2.34
13683,SANTA ROSA,BOLÍVAR,2010,1,0.09
13683,SANTA ROSA,BOLÍVAR,2012,6,0.54
13683,SANTA ROSA,BOLÍVAR,2013,1,0.09
13683,SANTA ROSA,BOLÍVAR,2018,146,13.139999999999999
13683,SANTA ROSA,BOLÍVAR,2019,5,0.44999999999999996
13683,SANTA ROSA,BOLÍVAR,2022,4,0.36
13683,SANTA ROSA,BOLÍVAR,2023,1,0.09
13688,SANTA ROSA DEL SUR,BOLÍVAR,2001,2,0.18
13688,SANTA ROSA DEL SUR,BOLÍVAR,2005,2,0.18
13688,SANTA ROSA DEL SUR,BOLÍVAR,2007,6,0.54
13688,SANTA ROSA DEL SUR,BOLÍVAR,2012,5,0.44999999999999996
13688,SANTA ROSA DEL SUR,BOLÍVAR,2013,7,0.63
13688,SANTA ROSA DEL SUR,BOLÍVAR,2014,1,0.09
13688,SANTA ROSA DEL SUR,BOLÍVAR,2021,4,0.36
13744,SIMITÍ,BOLÍVAR,2001,7,0.63
13744,SIMITÍ,BOLÍVAR,2002,3,0.27
13744,SIMITÍ,BOLÍVAR,2003,6,0.54
13744,SIMITÍ,BOLÍVAR,2004,37,3.33
13744,SIMITÍ,BOLÍVAR,2005,22,1.98
13744,SIMITÍ,BOLÍVAR,2006,13,1.17
13744,SIMITÍ,BOLÍVAR,2007,224,20.16
13744,SIMITÍ,BOLÍVAR,2008,129,11.61
13744,SIMITÍ,BOLÍVAR,2009,76,6.84
13744,SIMITÍ,BOLÍVAR,2010,51,4.59
13744,SIMITÍ,BOLÍVAR,2011,29,2.61
13744,SIMITÍ,BOLÍVAR,2012,36,3.2399999999999998
13744,SIMITÍ,BOLÍVAR,2013,76,6.84
13744,SIMITÍ,BOLÍVAR,2014,177,15.93
13744,SIMITÍ,BOLÍVAR,2015,135,12.15
13744,SIMITÍ,BOLÍVAR,2016,404,36.36
13744,SIMITÍ,BOLÍVAR,2017,186,16.74
13744,SIMITÍ,BOLÍVAR,2018,799,71.91
13744,SIMITÍ,BOLÍVAR,2019,815,73.35
13744,SIMITÍ,BOLÍVAR,2020,428,38.519999999999996
13744,SIMITÍ,BOLÍVAR,2021,86,7.739999999999999
13744,SIMITÍ,BOLÍVAR,2022,156,14.04
13744,SIMITÍ,BOLÍVAR,2023,45,4.05
13760,SOPLAVIENTO,BOLÍVAR,2006,1,0.09
13760,SOPLAVIENTO,BOLÍVAR,2009,2,0.18
13760,SOPLAVIENTO,BOLÍVAR,2011,3,0.27
13760,SOPLAVIENTO,BOLÍVAR,2012,14,1.26
13760,SOPLAVIENTO,BOLÍVAR,2013,5,0.44999999999999996
13760,SOPLAVIENTO,BOLÍVAR,2014,2,0.18
13760,SOPLAVIENTO,BOLÍVAR,2015,13,1.17
13760,SOPLAVIENTO,BOLÍVAR,2016,3,0.27
13760,SOPLAVIENTO,BOLÍVAR,2017,42,3.78
13760,SOPLAVIENTO,BOLÍVAR,2019,106,9.54
13760,SOPLAVIENTO,BOLÍVAR,2020,8,0.72
13760,SOPLAVIENTO,BOLÍVAR,2021,28,2.52
13760,SOPLAVIENTO,BOLÍVAR,2022,1,0.09
13760,SOPLAVIENTO,BOLÍVAR,2023,11,0.99
13780,TALAIGUA NUEVO,BOLÍVAR,2001,1,0.09
13780,TALAIGUA NUEVO,BOLÍVAR,2002,10,0.8999999999999999
13780,TALAIGUA NUEVO,BOLÍVAR,2004,4,0.36
13780,TALAIGUA NUEVO,BOLÍVAR,2005,1,0.09
13780,TALAIGUA NUEVO,BOLÍVAR,2008,2,0.18
13780,TALAIGUA NUEVO,BOLÍVAR,2011,3,0.27
13780,TALAIGUA NUEVO,BOLÍVAR,2012,3,0.27
13780,TALAIGUA NUEVO,BOLÍVAR,2013,1,0.09
13780,TALAIGUA NUEVO,BOLÍVAR,2014,7,0.63
13780,TALAIGUA NUEVO,BOLÍVAR,2023,14,1.26
13810,TIQUISIO,BOLÍVAR,2011,1,0.09
13810,TIQUISIO,BOLÍVAR,2012,7,0.63
13810,TIQUISIO,BOLÍVAR,2013,3,0.27
13810,TIQUISIO,BOLÍVAR,2015,3,0.27
13810,TIQUISIO,BOLÍVAR,2018,23,2.07
13836,TURBACO,BOLÍVAR,2012,1,0.09
13836,TURBACO,BOLÍVAR,2016,6,0.54
13836,TURBACO,BOLÍVAR,2017,163,14.67
13836,TURBACO,BOLÍVAR,2023,38,3.42
13838,TURBANA,BOLÍVAR,2002,1,0.09
13838,TURBANA,BOLÍVAR,2004,4,0.36
13838,TURBANA,BOLÍVAR,2005,2,0.18
13838,TURBANA,BOLÍVAR,2006,14,1.26
13838,TURBANA,BOLÍVAR,2009,11,0.99
13838,TURBANA,BOLÍVAR,2011,1,0.09
13838,TURBANA,BOLÍVAR,2012,7,0.63
13838,TURBANA,BOLÍVAR,2016,6,0.54
13838,TURBANA,BOLÍVAR,2017,5,0.44999999999999996
13873,VILLANUEVA,BOLÍVAR,2001,22,1.98
13873,VILLANUEVA,BOLÍVAR,2003,9,0.8099999999999999
13873,VILLANUEVA,BOLÍVAR,2004,71,6.39
13873,VILLANUEVA,BOLÍVAR,2005,38,3.42
13873,VILLANUEVA,BOLÍVAR,2006,3,0.27
13873,VILLANUEVA,BOLÍVAR,2007,51,4.59
13873,VILLANUEVA,BOLÍVAR,2008,55,4.95
13873,VILLANUEVA,BOLÍVAR,2009,58,5.22
13873,VILLANUEVA,BOLÍVAR,2010,197,17.73
13873,VILLANUEVA,BOLÍVAR,2011,73,6.569999999999999
13873,VILLANUEVA,BOLÍVAR,2012,26,2.34
13873,VILLANUEVA,BOLÍVAR,2013,49,4.41
13873,VILLANUEVA,BOLÍVAR,2014,24,2.16
13873,VILLANUEVA,BOLÍVAR,2015,38,3.42
13873,VILLANUEVA,BOLÍVAR,2016,101,9.09
13873,VILLANUEVA,BOLÍVAR,2017,74,6.66
13873,VILLANUEVA,BOLÍVAR,2018,43,3.8699999999999997
13873,VILLANUEVA,BOLÍVAR,2019,1,0.09
13873,VILLANUEVA,BOLÍVAR,2020,155,13.95
13873,VILLANUEVA,BOLÍVAR,2021,39,3.51
13873,VILLANUEVA,BOLÍVAR,2022,19,1.71
13873,VILLANUEVA,BOLÍVAR,2023,12,1.08
13894,ZAMBRANO,BOLÍVAR,2002,1,0.09
13894,ZAMBRANO,BOLÍVAR,2004,3,0.27
13894,ZAMBRANO,BOLÍVAR,2008,3,0.27
13894,ZAMBRANO,BOLÍVAR,2009,5,0.44999999999999996
13894,ZAMBRANO,BOLÍVAR,2010,3,0.27
13894,ZAMBRANO,BOLÍVAR,2011,3,0.27
13894,ZAMBRANO,BOLÍVAR,2012,13,1.17
13894,ZAMBRANO,BOLÍVAR,2014,4,0.36
13894,ZAMBRANO,BOLÍVAR,2016,3,0.27
13894,ZAMBRANO,BOLÍVAR,2017,1,0.09
13894,ZAMBRANO,BOLÍVAR,2020,10,0.8999999999999999
15001,TUNJA,BOYACÁ,2001,11,0.99
15001,TUNJA,BOYACÁ,2002,25,2.25
15001,TUNJA,BOYACÁ,2004,14,1.26
15001,TUNJA,BOYACÁ,2005,7,0.63
15001,TUNJA,BOYACÁ,2007,63,5.67
15001,TUNJA,BOYACÁ,2008,10,0.8999999999999999
15001,TUNJA,BOYACÁ,2009,37,3.33
15001,TUNJA,BOYACÁ,2010,39,3.51
15001,TUNJA,BOYACÁ,2011,14,1.26
15001,TUNJA,BOYACÁ,2012,76,6.84
15001,TUNJA,BOYACÁ,2013,110,9.9
15001,TUNJA,BOYACÁ,2014,29,2.61
15001,TUNJA,BOYACÁ,2015,71,6.39
15001,TUNJA,BOYACÁ,2016,29,2.61
15001,TUNJA,BOYACÁ,2017,101,9.09
15001,TUNJA,BOYACÁ,2018,49,4.41
15001,TUNJA,BOYACÁ,2019,14,1.26
15001,TUNJA,BOYACÁ,2020,87,7.83
15001,TUNJA,BOYACÁ,2021,32,2.88
15001,TUNJA,BOYACÁ,2022,82,7.38
15001,TUNJA,BOYACÁ,2023,211,18.99
15022,ALMEIDA,BOYACÁ,2001,57,5.13
15022,ALMEIDA,BOYACÁ,2002,16,1.44
15022,ALMEIDA,BOYACÁ,2003,6,0.54
15022,ALMEIDA,BOYACÁ,2004,29,2.61
15022,ALMEIDA,BOYACÁ,2005,11,0.99
15022,ALMEIDA,BOYACÁ,2006,16,1.44
15022,ALMEIDA,BOYACÁ,2007,4,0.36
15022,ALMEIDA,BOYACÁ,2008,46,4.14
15022,ALMEIDA,BOYACÁ,2009,33,2.9699999999999998
15022,ALMEIDA,BOYACÁ,2010,84,7.56
15022,ALMEIDA,BOYACÁ,2011,9,0.8099999999999999
15022,ALMEIDA,BOYACÁ,2012,66,5.9399999999999995
15022,ALMEIDA,BOYACÁ,2013,91,8.19
15022,ALMEIDA,BOYACÁ,2014,36,3.2399999999999998
15022,ALMEIDA,BOYACÁ,2015,31,2.79
15022,ALMEIDA,BOYACÁ,2016,40,3.5999999999999996
15022,ALMEIDA,BOYACÁ,2017,75,6.75
15022,ALMEIDA,BOYACÁ,2018,175,15.75
15022,ALMEIDA,BOYACÁ,2019,50,4.5
15022,ALMEIDA,BOYACÁ,2020,98,8.82
15022,ALMEIDA,BOYACÁ,2021,9,0.8099999999999999
15022,ALMEIDA,BOYACÁ,2022,63,5.67
15022,ALMEIDA,BOYACÁ,2023,72,6.4799999999999995
15047,AQUITANIA,BOYACÁ,2001,4,0.36
15047,AQUITANIA,BOYACÁ,2007,2,0.18
15047,AQUITANIA,BOYACÁ,2010,3,0.27
15047,AQUITANIA,BOYACÁ,2012,4,0.36
15047,AQUITANIA,BOYACÁ,2020,17,1.53
15051,ARCABUCO,BOYACÁ,2001,1,0.09
15051,ARCABUCO,BOYACÁ,2012,4,0.36
15051,ARCABUCO,BOYACÁ,2013,1,0.09
15051,ARCABUCO,BOYACÁ,2014,1,0.09
15051,ARCABUCO,BOYACÁ,2023,12,1.08
15087,BELÉN,BOYACÁ,2002,3,0.27
15087,BELÉN,BOYACÁ,2005,4,0.36
15087,BELÉN,BOYACÁ,2009,1,0.09
15087,BELÉN,BOYACÁ,2011,1,0.09
15087,BELÉN,BOYACÁ,2012,7,0.63
15087,BELÉN,BOYACÁ,2014,1,0.09
15087,BELÉN,BOYACÁ,2021,3,0.27
15090,BERBEO,BOYACÁ,2002,1,0.09
15090,BERBEO,BOYACÁ,2003,3,0.27
15090,BERBEO,BOYACÁ,2004,3,0.27
15090,BERBEO,BOYACÁ,2005,3,0.27
15090,BERBEO,BOYACÁ,2007,2,0.18
15090,BERBEO,BOYACÁ,2008,1,0.09
15090,BERBEO,BOYACÁ,2009,10,0.8999999999999999
15090,BERBEO,BOYACÁ,2010,3,0.27
15090,BERBEO,BOYACÁ,2011,2,0.18
15090,BERBEO,BOYACÁ,2012,18,1.6199999999999999
15090,BERBEO,BOYACÁ,2013,1,0.09
15090,BERBEO,BOYACÁ,2014,4,0.36
15090,BERBEO,BOYACÁ,2017,3,0.27
15090,BERBEO,BOYACÁ,2018,4,0.36
15090,BERBEO,BOYACÁ,2019,3,0.27
15092,BETÉITIVA,BOYACÁ,2004,1,0.09
15092,BETÉITIVA,BOYACÁ,2006,1,0.09
15092,BETÉITIVA,BOYACÁ,2011,3,0.27
15092,BETÉITIVA,BOYACÁ,2012,1,0.09
15092,BETÉITIVA,BOYACÁ,2013,1,0.09
15092,BETÉITIVA,BOYACÁ,2014,1,0.09
15092,BETÉITIVA,BOYACÁ,2016,22,1.98
15092,BETÉITIVA,BOYACÁ,2017,1,0.09
15092,BETÉITIVA,BOYACÁ,2019,79,7.109999999999999
15097,BOAVITA,BOYACÁ,2004,1,0.09
15097,BOAVITA,BOYACÁ,2007,2,0.18
15097,BOAVITA,BOYACÁ,2009,1,0.09
15097,BOAVITA,BOYACÁ,2010,4,0.36
15097,BOAVITA,BOYACÁ,2011,3,0.27
15097,BOAVITA,BOYACÁ,2012,10,0.8999999999999999
15097,BOAVITA,BOYACÁ,2014,3,0.27
15097,BOAVITA,BOYACÁ,2016,2,0.18
15097,BOAVITA,BOYACÁ,2017,2,0.18
15104,BOYACÁ,BOYACÁ,2001,18,1.6199999999999999
15104,BOYACÁ,BOYACÁ,2002,16,1.44
15104,BOYACÁ,BOYACÁ,2003,9,0.8099999999999999
15104,BOYACÁ,BOYACÁ,2004,6,0.54
15104,BOYACÁ,BOYACÁ,2006,50,4.5
15104,BOYACÁ,BOYACÁ,2009,10,0.8999999999999999
15104,BOYACÁ,BOYACÁ,2010,15,1.3499999999999999
15104,BOYACÁ,BOYACÁ,2011,51,4.59
15104,BOYACÁ,BOYACÁ,2012,9,0.8099999999999999
15104,BOYACÁ,BOYACÁ,2013,46,4.14
15104,BOYACÁ,BOYACÁ,2014,29,2.61
15104,BOYACÁ,BOYACÁ,2015,21,1.89
15104,BOYACÁ,BOYACÁ,2016,29,2.61
15104,BOYACÁ,BOYACÁ,2018,51,4.59
15104,BOYACÁ,BOYACÁ,2019,28,2.52
15104,BOYACÁ,BOYACÁ,2020,60,5.3999999999999995
15104,BOYACÁ,BOYACÁ,2021,25,2.25
15104,BOYACÁ,BOYACÁ,2022,559,50.309999999999995
15104,BOYACÁ,BOYACÁ,2023,100,9.0
15106,BRICEÑO,BOYACÁ,2001,1,0.09
15106,BRICEÑO,BOYACÁ,2002,1,0.09
15106,BRICEÑO,BOYACÁ,2003,1,0.09
15106,BRICEÑO,BOYACÁ,2009,2,0.18
15106,BRICEÑO,BOYACÁ,2011,10,0.8999999999999999
15106,BRICEÑO,BOYACÁ,2012,2,0.18
15106,BRICEÑO,BOYACÁ,2013,2,0.18
15109,BUENAVISTA,BOYACÁ,2004,1,0.09
15109,BUENAVISTA,BOYACÁ,2006,3,0.27
15109,BUENAVISTA,BOYACÁ,2007,1,0.09
15109,BUENAVISTA,BOYACÁ,2011,3,0.27
15109,BUENAVISTA,BOYACÁ,2012,4,0.36
15109,BUENAVISTA,BOYACÁ,2014,2,0.18
15114,BUSBANZÁ,BOYACÁ,2002,2,0.18
15114,BUSBANZÁ,BOYACÁ,2005,2,0.18
15114,BUSBANZÁ,BOYACÁ,2010,4,0.36
15114,BUSBANZÁ,BOYACÁ,2011,2,0.18
15114,BUSBANZÁ,BOYACÁ,2012,14,1.26
15114,BUSBANZÁ,BOYACÁ,2013,1,0.09
15114,BUSBANZÁ,BOYACÁ,2014,4,0.36
15114,BUSBANZÁ,BOYACÁ,2018,7,0.63
15114,BUSBANZÁ,BOYACÁ,2023,10,0.8999999999999999
15131,CALDAS,BOYACÁ,2006,8,0.72
15131,CALDAS,BOYACÁ,2008,1,0.09
15131,CALDAS,BOYACÁ,2012,3,0.27
15135,CAMPOHERMOSO,BOYACÁ,2009,1,0.09
15135,CAMPOHERMOSO,BOYACÁ,2011,1,0.09
15135,CAMPOHERMOSO,BOYACÁ,2012,1,0.09
15135,CAMPOHERMOSO,BOYACÁ,2016,1,0.09
15135,CAMPOHERMOSO,BOYACÁ,2022,30,2.6999999999999997
15162,CERINZA,BOYACÁ,2012,14,1.26
15162,CERINZA,BOYACÁ,2013,5,0.44999999999999996
15162,CERINZA,BOYACÁ,2014,28,2.52
15162,CERINZA,BOYACÁ,2018,75,6.75
15162,CERINZA,BOYACÁ,2019,147,13.229999999999999
15162,CERINZA,BOYACÁ,2020,578,52.019999999999996
15162,CERINZA,BOYACÁ,2021,38,3.42
15162,CERINZA,BOYACÁ,2022,318,28.619999999999997
15162,CERINZA,BOYACÁ,2023,831,74.78999999999999
15172,CHINAVITA,BOYACÁ,2009,24,2.16
15172,CHINAVITA,BOYACÁ,2010,20,1.7999999999999998
15172,CHINAVITA,BOYACÁ,2012,42,3.78
15172,CHINAVITA,BOYACÁ,2013,4,0.36
15172,CHINAVITA,BOYACÁ,2018,96,8.64
15172,CHINAVITA,BOYACÁ,2019,37,3.33
15172,CHINAVITA,BOYACÁ,2020,167,15.03
15172,CHINAVITA,BOYACÁ,2021,4,0.36
15176,CHIQUINQUIRÁ,BOYACÁ,2001,431,38.79
15176,CHIQUINQUIRÁ,BOYACÁ,2002,1088,97.92
15176,CHIQUINQUIRÁ,BOYACÁ,2003,170,15.299999999999999
15176,CHIQUINQUIRÁ,BOYACÁ,2004,9,0.8099999999999999
15176,CHIQUINQUIRÁ,BOYACÁ,2005,69,6.21
15176,CHIQUINQUIRÁ,BOYACÁ,2006,2,0.18
15176,CHIQUINQUIRÁ,BOYACÁ,2007,107,9.629999999999999
15176,CHIQUINQUIRÁ,BOYACÁ,2008,75,6.75
15176,CHIQUINQUIRÁ,BOYACÁ,2009,65,5.85
15176,CHIQUINQUIRÁ,BOYACÁ,2010,31,2.79
15176,CHIQUINQUIRÁ,BOYACÁ,2011,47,4.2299999999999995
15176,CHIQUINQUIRÁ,BOYACÁ,2012,27,2.4299999999999997
15176,CHIQUINQUIRÁ,BOYACÁ,2013,9,0.8099999999999999
15176,CHIQUINQUIRÁ,BOYACÁ,2014,10,0.8999999999999999
15176,CHIQUINQUIRÁ,BOYACÁ,2015,20,1.7999999999999998
15176,CHIQUINQUIRÁ,BOYACÁ,2016,20,1.7999999999999998
15176,CHIQUINQUIRÁ,BOYACÁ,2017,29,2.61
15176,CHIQUINQUIRÁ,BOYACÁ,2018,3,0.27
15176,CHIQUINQUIRÁ,BOYACÁ,2023,4,0.36
15180,CHISCAS,BOYACÁ,2001,78,7.02
15180,CHISCAS,BOYACÁ,2002,3,0.27
15180,CHISCAS,BOYACÁ,2003,30,2.6999999999999997
15180,CHISCAS,BOYACÁ,2005,6,0.54
15180,CHISCAS,BOYACÁ,2006,17,1.53
15180,CHISCAS,BOYACÁ,2007,65,5.85
15180,CHISCAS,BOYACÁ,2008,1,0.09
15180,CHISCAS,BOYACÁ,2009,3,0.27
15180,CHISCAS,BOYACÁ,2010,80,7.199999999999999
15180,CHISCAS,BOYACÁ,2011,2,0.18
15180,CHISCAS,BOYACÁ,2012,70,6.3
15180,CHISCAS,BOYACÁ,2013,7,0.63
15180,CHISCAS,BOYACÁ,2014,1,0.09
15180,CHISCAS,BOYACÁ,2015,7,0.63
15180,CHISCAS,BOYACÁ,2016,24,2.16
15180,CHISCAS,BOYACÁ,2019,29,2.61
15183,CHITA,BOYACÁ,2001,64,5.76
15183,CHITA,BOYACÁ,2002,16,1.44
15183,CHITA,BOYACÁ,2003,35,3.15
15183,CHITA,BOYACÁ,2005,1,0.09
15183,CHITA,BOYACÁ,2006,26,2.34
15183,CHITA,BOYACÁ,2007,6,0.54
15183,CHITA,BOYACÁ,2008,4,0.36
15183,CHITA,BOYACÁ,2009,5,0.44999999999999996
15183,CHITA,BOYACÁ,2010,11,0.99
15183,CHITA,BOYACÁ,2011,13,1.17
15183,CHITA,BOYACÁ,2012,9,0.8099999999999999
15183,CHITA,BOYACÁ,2013,2,0.18
15183,CHITA,BOYACÁ,2014,2,0.18
15183,CHITA,BOYACÁ,2016,9,0.8099999999999999
15183,CHITA,BOYACÁ,2019,24,2.16
15183,CHITA,BOYACÁ,2023,112,10.08
15185,CHITARAQUE,BOYACÁ,2001,32,2.88
15185,CHITARAQUE,BOYACÁ,2002,14,1.26
15185,CHITARAQUE,BOYACÁ,2003,6,0.54
15185,CHITARAQUE,BOYACÁ,2005,2,0.18
15185,CHITARAQUE,BOYACÁ,2006,21,1.89
15185,CHITARAQUE,BOYACÁ,2007,3,0.27
15185,CHITARAQUE,BOYACÁ,2009,7,0.63
15185,CHITARAQUE,BOYACÁ,2010,12,1.08
15185,CHITARAQUE,BOYACÁ,2012,26,2.34
15185,CHITARAQUE,BOYACÁ,2016,3,0.27
15185,CHITARAQUE,BOYACÁ,2019,3,0.27
15185,CHITARAQUE,BOYACÁ,2023,11,0.99
15187,CHIVATÁ,BOYACÁ,2001,28,2.52
15187,CHIVATÁ,BOYACÁ,2002,5,0.44999999999999996
15187,CHIVATÁ,BOYACÁ,2003,10,0.8999999999999999
15187,CHIVATÁ,BOYACÁ,2005,1,0.09
15187,CHIVATÁ,BOYACÁ,2006,6,0.54
15187,CHIVATÁ,BOYACÁ,2007,6,0.54
15187,CHIVATÁ,BOYACÁ,2008,2,0.18
15187,CHIVATÁ,BOYACÁ,2009,1,0.09
15187,CHIVATÁ,BOYACÁ,2010,4,0.36
15187,CHIVATÁ,BOYACÁ,2011,2,0.18
15187,CHIVATÁ,BOYACÁ,2012,7,0.63
15187,CHIVATÁ,BOYACÁ,2013,2,0.18
15187,CHIVATÁ,BOYACÁ,2015,20,1.7999999999999998
15187,CHIVATÁ,BOYACÁ,2016,329,29.61
15187,CHIVATÁ,BOYACÁ,2017,17,1.53
15187,CHIVATÁ,BOYACÁ,2018,4,0.36
15189,CIÉNEGA,BOYACÁ,2001,9,0.8099999999999999
15189,CIÉNEGA,BOYACÁ,2002,2,0.18
15189,CIÉNEGA,BOYACÁ,2004,1,0.09
15189,CIÉNEGA,BOYACÁ,2006,12,1.08
15189,CIÉNEGA,BOYACÁ,2007,11,0.99
15189,CIÉNEGA,BOYACÁ,2008,3,0.27
15189,CIÉNEGA,BOYACÁ,2009,6,0.54
15189,CIÉNEGA,BOYACÁ,2010,8,0.72
15189,CIÉNEGA,BOYACÁ,2011,3,0.27
15189,CIÉNEGA,BOYACÁ,2012,4,0.36
15189,CIÉNEGA,BOYACÁ,2013,4,0.36
15189,CIÉNEGA,BOYACÁ,2016,6,0.54
15189,CIÉNEGA,BOYACÁ,2020,3,0.27
15204,CÓMBITA,BOYACÁ,2001,17,1.53
15204,CÓMBITA,BOYACÁ,2002,12,1.08
15204,CÓMBITA,BOYACÁ,2003,12,1.08
15204,CÓMBITA,BOYACÁ,2004,3,0.27
15204,CÓMBITA,BOYACÁ,2005,4,0.36
15204,CÓMBITA,BOYACÁ,2006,36,3.2399999999999998
15204,CÓMBITA,BOYACÁ,2007,32,2.88
15204,CÓMBITA,BOYACÁ,2008,15,1.3499999999999999
15204,CÓMBITA,BOYACÁ,2009,22,1.98
15204,CÓMBITA,BOYACÁ,2010,15,1.3499999999999999
15204,CÓMBITA,BOYACÁ,2011,16,1.44
15204,CÓMBITA,BOYACÁ,2012,20,1.7999999999999998
15204,CÓMBITA,BOYACÁ,2013,4,0.36
15204,CÓMBITA,BOYACÁ,2014,7,0.63
15204,CÓMBITA,BOYACÁ,2015,6,0.54
15204,CÓMBITA,BOYACÁ,2016,171,15.389999999999999
15204,CÓMBITA,BOYACÁ,2019,6,0.54
15204,CÓMBITA,BOYACÁ,2020,2,0.18
15204,CÓMBITA,BOYACÁ,2021,9,0.8099999999999999
15455,MIRAFLORES,BOYACÁ,2001,63,5.67
15455,MIRAFLORES,BOYACÁ,2002,33,2.9699999999999998
15455,MIRAFLORES,BOYACÁ,2003,160,14.399999999999999
15455,MIRAFLORES,BOYACÁ,2004,43,3.8699999999999997
15455,MIRAFLORES,BOYACÁ,2005,100,9.0
15455,MIRAFLORES,BOYACÁ,2006,32,2.88
15455,MIRAFLORES,BOYACÁ,2007,92,8.28
15455,MIRAFLORES,BOYACÁ,2008,31,2.79
15455,MIRAFLORES,BOYACÁ,2009,94,8.459999999999999
15455,MIRAFLORES,BOYACÁ,2010,101,9.09
15455,MIRAFLORES,BOYACÁ,2011,56,5.04
15455,MIRAFLORES,BOYACÁ,2012,94,8.459999999999999
15455,MIRAFLORES,BOYACÁ,2013,9,0.8099999999999999
15455,MIRAFLORES,BOYACÁ,2014,6,0.54
15455,MIRAFLORES,BOYACÁ,2016,45,4.05
15455,MIRAFLORES,BOYACÁ,2018,58,5.22
15455,MIRAFLORES,BOYACÁ,2019,4,0.36
15455,MIRAFLORES,BOYACÁ,2021,5,0.44999999999999996
15455,MIRAFLORES,BOYACÁ,2022,5,0.44999999999999996
15455,MIRAFLORES,BOYACÁ,2023,20,1.7999999999999998
15464,MONGUA,BOYACÁ,2001,2,0.18
15464,MONGUA,BOYACÁ,2002,55,4.95
15464,MONGUA,BOYACÁ,2003,11,0.99
15464,MONGUA,BOYACÁ,2004,36,3.2399999999999998
15464,MONGUA,BOYACÁ,2005,31,2.79
15464,MONGUA,BOYACÁ,2006,11,0.99
15464,MONGUA,BOYACÁ,2007,45,4.05
15464,MONGUA,BOYACÁ,2008,77,6.93
15464,MONGUA,BOYACÁ,2009,88,7.92
15464,MONGUA,BOYACÁ,2010,43,3.8699999999999997
15464,MONGUA,BOYACÁ,2011,66,5.9399999999999995
15464,MONGUA,BOYACÁ,2012,71,6.39
15464,MONGUA,BOYACÁ,2013,5,0.44999999999999996
15464,MONGUA,BOYACÁ,2014,11,0.99
15464,MONGUA,BOYACÁ,2015,14,1.26
15464,MONGUA,BOYACÁ,2016,3,0.27
15464,MONGUA,BOYACÁ,2017,5,0.44999999999999996
15464,MONGUA,BOYACÁ,2018,21,1.89
15464,MONGUA,BOYACÁ,2019,18,1.6199999999999999
15464,MONGUA,BOYACÁ,2020,11,0.99
15464,MONGUA,BOYACÁ,2021,18,1.6199999999999999
15464,MONGUA,BOYACÁ,2022,43,3.8699999999999997
15464,MONGUA,BOYACÁ,2023,17,1.53
15466,MONGUÍ,BOYACÁ,2001,78,7.02
15466,MONGUÍ,BOYACÁ,2002,44,3.96
15466,MONGUÍ,BOYACÁ,2003,6,0.54
15466,MONGUÍ,BOYACÁ,2004,57,5.13
15466,MONGUÍ,BOYACÁ,2005,69,6.21
15466,MONGUÍ,BOYACÁ,2006,10,0.8999999999999999
15466,MONGUÍ,BOYACÁ,2008,58,5.22
15466,MONGUÍ,BOYACÁ,2009,25,2.25
15466,MONGUÍ,BOYACÁ,2010,37,3.33
15466,MONGUÍ,BOYACÁ,2011,62,5.58
15466,MONGUÍ,BOYACÁ,2012,83,7.47
15466,MONGUÍ,BOYACÁ,2013,45,4.05
15466,MONGUÍ,BOYACÁ,2014,11,0.99
15466,MONGUÍ,BOYACÁ,2015,9,0.8099999999999999
15466,MONGUÍ,BOYACÁ,2016,14,1.26
15466,MONGUÍ,BOYACÁ,2018,35,3.15
15466,MONGUÍ,BOYACÁ,2019,167,15.03
15466,MONGUÍ,BOYACÁ,2020,8,0.72
15466,MONGUÍ,BOYACÁ,2021,52,4.68
15466,MONGUÍ,BOYACÁ,2022,9,0.8099999999999999
15466,MONGUÍ,BOYACÁ,2023,46,4.14
15469,MONIQUIRÁ,BOYACÁ,2001,63,5.67
15469,MONIQUIRÁ,BOYACÁ,2002,7,0.63
15469,MONIQUIRÁ,BOYACÁ,2003,13,1.17
15469,MONIQUIRÁ,BOYACÁ,2004,114,10.26
15469,MONIQUIRÁ,BOYACÁ,2005,125,11.25
15469,MONIQUIRÁ,BOYACÁ,2006,194,17.46
15469,MONIQUIRÁ,BOYACÁ,2007,211,18.99
15469,MONIQUIRÁ,BOYACÁ,2008,33,2.9699999999999998
15469,MONIQUIRÁ,BOYACÁ,2009,25,2.25
15469,MONIQUIRÁ,BOYACÁ,2010,260,23.4
15469,MONIQUIRÁ,BOYACÁ,2011,69,6.21
15469,MONIQUIRÁ,BOYACÁ,2012,177,15.93
15469,MONIQUIRÁ,BOYACÁ,2013,575,51.75
15469,MONIQUIRÁ,BOYACÁ,2014,161,14.49
15469,MONIQUIRÁ,BOYACÁ,2015,73,6.569999999999999
15469,MONIQUIRÁ,BOYACÁ,2016,125,11.25
15469,MONIQUIRÁ,BOYACÁ,2017,6,0.54
15469,MONIQUIRÁ,BOYACÁ,2018,85,7.6499999999999995
15469,MONIQUIRÁ,BOYACÁ,2019,80,7.199999999999999
15469,MONIQUIRÁ,BOYACÁ,2020,193,17.37
15469,MONIQUIRÁ,BOYACÁ,2021,413,37.17
15469,MONIQUIRÁ,BOYACÁ,2022,252,22.68
15469,MONIQUIRÁ,BOYACÁ,2023,1,0.09
15476,MOTAVITA,BOYACÁ,2001,233,20.97
15476,MOTAVITA,BOYACÁ,2002,14,1.26
15476,MOTAVITA,BOYACÁ,2003,122,10.98
15476,MOTAVITA,BOYACÁ,2004,1115,100.35
15476,MOTAVITA,BOYACÁ,2005,716,64.44
15476,MOTAVITA,BOYACÁ,2006,31,2.79
15476,MOTAVITA,BOYACÁ,2007,261,23.49
15476,MOTAVITA,BOYACÁ,2008,97,8.73
15476,MOTAVITA,BOYACÁ,2009,242,21.779999999999998
15476,MOTAVITA,BOYACÁ,2010,243,21.869999999999997
15476,MOTAVITA,BOYACÁ,2011,83,7.47
15476,MOTAVITA,BOYACÁ,2012,128,11.52
15476,MOTAVITA,BOYACÁ,2013,17,1.53
15476,MOTAVITA,BOYACÁ,2014,20,1.7999999999999998
15476,MOTAVITA,BOYACÁ,2016,88,7.92
15476,MOTAVITA,BOYACÁ,2017,45,4.05
15476,MOTAVITA,BOYACÁ,2018,66,5.9399999999999995
15476,MOTAVITA,BOYACÁ,2019,151,13.59
15476,MOTAVITA,BOYACÁ,2020,32,2.88
15476,MOTAVITA,BOYACÁ,2021,23,2.07
15476,MOTAVITA,BOYACÁ,2022,317,28.529999999999998
15476,MOTAVITA,BOYACÁ,2023,654,58.86
15480,MUZO,BOYACÁ,2001,66,5.9399999999999995
15480,MUZO,BOYACÁ,2002,103,9.27
15480,MUZO,BOYACÁ,2003,14,1.26
15480,MUZO,BOYACÁ,2004,70,6.3
15480,MUZO,BOYACÁ,2005,15,1.3499999999999999
15480,MUZO,BOYACÁ,2006,19,1.71
15480,MUZO,BOYACÁ,2007,83,7.47
15480,MUZO,BOYACÁ,2008,60,5.3999999999999995
15480,MUZO,BOYACÁ,2009,76,6.84
15480,MUZO,BOYACÁ,2010,115,10.35
15480,MUZO,BOYACÁ,2011,57,5.13
15480,MUZO,BOYACÁ,2012,170,15.299999999999999
15480,MUZO,BOYACÁ,2013,49,4.41
15480,MUZO,BOYACÁ,2014,185,16.65
15480,MUZO,BOYACÁ,2015,61,5.49
15480,MUZO,BOYACÁ,2016,122,10.98
15480,MUZO,BOYACÁ,2018,60,5.3999999999999995
15480,MUZO,BOYACÁ,2019,28,2.52
15480,MUZO,BOYACÁ,2020,72,6.4799999999999995
15480,MUZO,BOYACÁ,2021,40,3.5999999999999996
15480,MUZO,BOYACÁ,2022,29,2.61
15480,MUZO,BOYACÁ,2023,282,25.38
15491,NOBSA,BOYACÁ,2001,29,2.61
15491,NOBSA,BOYACÁ,2002,90,8.1
15491,NOBSA,BOYACÁ,2003,4,0.36
15491,NOBSA,BOYACÁ,2004,104,9.36
15491,NOBSA,BOYACÁ,2005,46,4.14
15491,NOBSA,BOYACÁ,2006,68,6.12
15491,NOBSA,BOYACÁ,2007,413,37.17
15491,NOBSA,BOYACÁ,2008,205,18.45
15491,NOBSA,BOYACÁ,2009,63,5.67
15491,NOBSA,BOYACÁ,2010,64,5.76
15491,NOBSA,BOYACÁ,2011,164,14.76
15491,NOBSA,BOYACÁ,2012,217,19.529999999999998
15491,NOBSA,BOYACÁ,2013,75,6.75
15491,NOBSA,BOYACÁ,2014,56,5.04
15491,NOBSA,BOYACÁ,2015,87,7.83
15491,NOBSA,BOYACÁ,2016,56,5.04
15491,NOBSA,BOYACÁ,2017,192,17.28
15491,NOBSA,BOYACÁ,2018,171,15.389999999999999
15491,NOBSA,BOYACÁ,2019,18,1.6199999999999999
15491,NOBSA,BOYACÁ,2020,161,14.49
15491,NOBSA,BOYACÁ,2021,32,2.88
15491,NOBSA,BOYACÁ,2022,169,15.209999999999999
15491,NOBSA,BOYACÁ,2023,152,13.68
15494,NUEVO COLÓN,BOYACÁ,2001,31,2.79
15494,NUEVO COLÓN,BOYACÁ,2002,17,1.53
15494,NUEVO COLÓN,BOYACÁ,2005,13,1.17
15494,NUEVO COLÓN,BOYACÁ,2006,3,0.27
15494,NUEVO COLÓN,BOYACÁ,2007,26,2.34
15494,NUEVO COLÓN,BOYACÁ,2008,3,0.27
15494,NUEVO COLÓN,BOYACÁ,2009,9,0.8099999999999999
15494,NUEVO COLÓN,BOYACÁ,2010,23,2.07
15494,NUEVO COLÓN,BOYACÁ,2011,31,2.79
15494,NUEVO COLÓN,BOYACÁ,2012,8,0.72
15494,NUEVO COLÓN,BOYACÁ,2013,1,0.09
15494,NUEVO COLÓN,BOYACÁ,2014,13,1.17
15494,NUEVO COLÓN,BOYACÁ,2015,68,6.12
15494,NUEVO COLÓN,BOYACÁ,2016,5,0.44999999999999996
15494,NUEVO COLÓN,BOYACÁ,2017,2,0.18
15494,NUEVO COLÓN,BOYACÁ,2019,36,3.2399999999999998
15494,NUEVO COLÓN,BOYACÁ,2020,11,0.99
15494,NUEVO COLÓN,BOYACÁ,2021,195,17.55
15494,NUEVO COLÓN,BOYACÁ,2022,510,45.9
15494,NUEVO COLÓN,BOYACÁ,2023,2050,184.5
15500,OICATÁ,BOYACÁ,2001,8,0.72
15500,OICATÁ,BOYACÁ,2002,6,0.54
15500,OICATÁ,BOYACÁ,2003,3,0.27
15500,OICATÁ,BOYACÁ,2004,3,0.27
15500,OICATÁ,BOYACÁ,2006,2,0.18
15500,OICATÁ,BOYACÁ,2009,1,0.09
15500,OICATÁ,BOYACÁ,2010,13,1.17
15500,OICATÁ,BOYACÁ,2011,20,1.7999999999999998
15500,OICATÁ,BOYACÁ,2012,28,2.52
15500,OICATÁ,BOYACÁ,2013,1,0.09
15500,OICATÁ,BOYACÁ,2016,11,0.99
15500,OICATÁ,BOYACÁ,2019,3,0.27
15500,OICATÁ,BOYACÁ,2021,265,23.849999999999998
15500,OICATÁ,BOYACÁ,2022,15,1.3499999999999999
15500,OICATÁ,BOYACÁ,2023,93,8.37
15507,OTANCHE,BOYACÁ,2001,3,0.27
15507,OTANCHE,BOYACÁ,2002,5,0.44999999999999996
15507,OTANCHE,BOYACÁ,2003,3,0.27
15507,OTANCHE,BOYACÁ,2004,5,0.44999999999999996
15507,OTANCHE,BOYACÁ,2005,3,0.27
15507,OTANCHE,BOYACÁ,2006,7,0.63
15507,OTANCHE,BOYACÁ,2007,16,1.44
15507,OTANCHE,BOYACÁ,2008,7,0.63
15507,OTANCHE,BOYACÁ,2010,4,0.36
15507,OTANCHE,BOYACÁ,2011,3,0.27
15507,OTANCHE,BOYACÁ,2012,2,0.18
15507,OTANCHE,BOYACÁ,2016,2,0.18
15507,OTANCHE,BOYACÁ,2023,9,0.8099999999999999
15511,PACHAVITA,BOYACÁ,2001,18,1.6199999999999999
15511,PACHAVITA,BOYACÁ,2002,2,0.18
15511,PACHAVITA,BOYACÁ,2003,8,0.72
15511,PACHAVITA,BOYACÁ,2004,13,1.17
15511,PACHAVITA,BOYACÁ,2005,10,0.8999999999999999
15511,PACHAVITA,BOYACÁ,2006,3,0.27
15511,PACHAVITA,BOYACÁ,2007,31,2.79
15511,PACHAVITA,BOYACÁ,2008,46,4.14
15511,PACHAVITA,BOYACÁ,2009,7,0.63
15511,PACHAVITA,BOYACÁ,2011,1,0.09
15511,PACHAVITA,BOYACÁ,2012,8,0.72
15511,PACHAVITA,BOYACÁ,2013,2,0.18
15511,PACHAVITA,BOYACÁ,2014,8,0.72
15511,PACHAVITA,BOYACÁ,2015,5,0.44999999999999996
15511,PACHAVITA,BOYACÁ,2016,64,5.76
15511,PACHAVITA,BOYACÁ,2018,8,0.72
15511,PACHAVITA,BOYACÁ,2019,62,5.58
15511,PACHAVITA,BOYACÁ,2021,2,0.18
15514,PÁEZ,BOYACÁ,2001,9,0.8099999999999999
15514,PÁEZ,BOYACÁ,2002,2,0.18
15514,PÁEZ,BOYACÁ,2003,3,0.27
15514,PÁEZ,BOYACÁ,2004,3,0.27
15514,PÁEZ,BOYACÁ,2005,4,0.36
15514,PÁEZ,BOYACÁ,2006,2,0.18
15514,PÁEZ,BOYACÁ,2007,3,0.27
15514,PÁEZ,BOYACÁ,2008,7,0.63
15514,PÁEZ,BOYACÁ,2010,6,0.54
15514,PÁEZ,BOYACÁ,2011,12,1.08
15514,PÁEZ,BOYACÁ,2012,66,5.9399999999999995
15514,PÁEZ,BOYACÁ,2013,33,2.9699999999999998
15514,PÁEZ,BOYACÁ,2014,8,0.72
15514,PÁEZ,BOYACÁ,2016,10,0.8999999999999999
15514,PÁEZ,BOYACÁ,2017,198,17.82
15514,PÁEZ,BOYACÁ,2018,78,7.02
15514,PÁEZ,BOYACÁ,2019,374,33.66
15514,PÁEZ,BOYACÁ,2020,12,1.08
15514,PÁEZ,BOYACÁ,2021,10,0.8999999999999999
15516,PAIPA,BOYACÁ,2001,5,0.44999999999999996
15516,PAIPA,BOYACÁ,2002,34,3.06
15516,PAIPA,BOYACÁ,2003,11,0.99
15516,PAIPA,BOYACÁ,2004,1,0.09
15516,PAIPA,BOYACÁ,2005,4,0.36
15516,PAIPA,BOYACÁ,2006,30,2.6999999999999997
15516,PAIPA,BOYACÁ,2007,7,0.63
15516,PAIPA,BOYACÁ,2008,26,2.34
15516,PAIPA,BOYACÁ,2009,8,0.72
15516,PAIPA,BOYACÁ,2010,24,2.16
15516,PAIPA,BOYACÁ,2011,15,1.3499999999999999
15516,PAIPA,BOYACÁ,2012,3,0.27
15516,PAIPA,BOYACÁ,2016,13,1.17
15516,PAIPA,BOYACÁ,2020,19,1.71
15516,PAIPA,BOYACÁ,2022,19,1.71
15516,PAIPA,BOYACÁ,2023,73,6.569999999999999
15518,PAJARITO,BOYACÁ,2001,22,1.98
15518,PAJARITO,BOYACÁ,2002,11,0.99
15518,PAJARITO,BOYACÁ,2003,11,0.99
15518,PAJARITO,BOYACÁ,2004,43,3.8699999999999997
15518,PAJARITO,BOYACÁ,2005,6,0.54
15518,PAJARITO,BOYACÁ,2006,37,3.33
15518,PAJARITO,BOYACÁ,2007,50,4.5
15518,PAJARITO,BOYACÁ,2008,14,1.26
15518,PAJARITO,BOYACÁ,2009,6,0.54
15518,PAJARITO,BOYACÁ,2010,16,1.44
15518,PAJARITO,BOYACÁ,2011,10,0.8999999999999999
15518,PAJARITO,BOYACÁ,2012,18,1.6199999999999999
15518,PAJARITO,BOYACÁ,2013,34,3.06
15518,PAJARITO,BOYACÁ,2014,127,11.43
15518,PAJARITO,BOYACÁ,2015,333,29.97
15518,PAJARITO,BOYACÁ,2016,441,39.69
15518,PAJARITO,BOYACÁ,2017,766,68.94
15518,PAJARITO,BOYACÁ,2018,277,24.93
15518,PAJARITO,BOYACÁ,2019,347,31.23
15518,PAJARITO,BOYACÁ,2020,278,25.02
15518,PAJARITO,BOYACÁ,2021,309,27.81
15518,PAJARITO,BOYACÁ,2022,91,8.19
15518,PAJARITO,BOYACÁ,2023,189,17.009999999999998
15522,PANQUEBA,BOYACÁ,2001,119,10.709999999999999
15522,PANQUEBA,BOYACÁ,2002,108,9.719999999999999
15522,PANQUEBA,BOYACÁ,2003,29,2.61
15522,PANQUEBA,BOYACÁ,2004,116,10.44
15522,PANQUEBA,BOYACÁ,2005,192,17.28
15522,PANQUEBA,BOYACÁ,2006,276,24.84
15522,PANQUEBA,BOYACÁ,2007,327,29.43
15522,PANQUEBA,BOYACÁ,2008,142,12.78
15522,PANQUEBA,BOYACÁ,2009,33,2.9699999999999998
15522,PANQUEBA,BOYACÁ,2010,10,0.8999999999999999
15522,PANQUEBA,BOYACÁ,2011,15,1.3499999999999999
15522,PANQUEBA,BOYACÁ,2012,9,0.8099999999999999
15522,PANQUEBA,BOYACÁ,2013,3,0.27
15522,PANQUEBA,BOYACÁ,2014,2,0.18
15522,PANQUEBA,BOYACÁ,2015,27,2.4299999999999997
15522,PANQUEBA,BOYACÁ,2016,27,2.4299999999999997
15522,PANQUEBA,BOYACÁ,2017,72,6.4799999999999995
15522,PANQUEBA,BOYACÁ,2018,75,6.75
15522,PANQUEBA,BOYACÁ,2019,56,5.04
15522,PANQUEBA,BOYACÁ,2021,32,2.88
15522,PANQUEBA,BOYACÁ,2022,127,11.43
15522,PANQUEBA,BOYACÁ,2023,115,10.35
15531,PAUNA,BOYACÁ,2001,28,2.52
15531,PAUNA,BOYACÁ,2002,23,2.07
15531,PAUNA,BOYACÁ,2003,1,0.09
15531,PAUNA,BOYACÁ,2004,10,0.8999999999999999
15531,PAUNA,BOYACÁ,2005,24,2.16
15531,PAUNA,BOYACÁ,2006,3,0.27
15531,PAUNA,BOYACÁ,2007,9,0.8099999999999999
15531,PAUNA,BOYACÁ,2008,2,0.18
15531,PAUNA,BOYACÁ,2009,5,0.44999999999999996
15531,PAUNA,BOYACÁ,2010,1,0.09
15531,PAUNA,BOYACÁ,2011,18,1.6199999999999999
15531,PAUNA,BOYACÁ,2012,2,0.18
15531,PAUNA,BOYACÁ,2013,15,1.3499999999999999
15531,PAUNA,BOYACÁ,2014,35,3.15
15531,PAUNA,BOYACÁ,2015,38,3.42
15531,PAUNA,BOYACÁ,2016,54,4.859999999999999
15531,PAUNA,BOYACÁ,2017,163,14.67
15531,PAUNA,BOYACÁ,2018,79,7.109999999999999
15531,PAUNA,BOYACÁ,2019,70,6.3
15531,PAUNA,BOYACÁ,2020,54,4.859999999999999
15531,PAUNA,BOYACÁ,2021,82,7.38
15531,PAUNA,BOYACÁ,2022,10,0.8999999999999999
15531,PAUNA,BOYACÁ,2023,77,6.93
15533,PAYA,BOYACÁ,2001,29,2.61
15533,PAYA,BOYACÁ,2002,14,1.26
15533,PAYA,BOYACÁ,2003,9,0.8099999999999999
15533,PAYA,BOYACÁ,2004,16,1.44
15533,PAYA,BOYACÁ,2005,11,0.99
15533,PAYA,BOYACÁ,2006,4,0.36
15533,PAYA,BOYACÁ,2007,13,1.17
15533,PAYA,BOYACÁ,2008,31,2.79
15533,PAYA,BOYACÁ,2009,14,1.26
15533,PAYA,BOYACÁ,2010,1,0.09
15533,PAYA,BOYACÁ,2011,4,0.36
15533,PAYA,BOYACÁ,2012,3,0.27
15533,PAYA,BOYACÁ,2013,10,0.8999999999999999
15533,PAYA,BOYACÁ,2014,42,3.78
15533,PAYA,BOYACÁ,2015,37,3.33
15533,PAYA,BOYACÁ,2016,36,3.2399999999999998
15533,PAYA,BOYACÁ,2017,141,12.69
15533,PAYA,BOYACÁ,2018,63,5.67
15533,PAYA,BOYACÁ,2019,73,6.569999999999999
15533,PAYA,BOYACÁ,2020,59,5.31
15533,PAYA,BOYACÁ,2021,137,12.33
15533,PAYA,BOYACÁ,2022,35,3.15
15533,PAYA,BOYACÁ,2023,104,9.36
15537,PAZ DE RÍO,BOYACÁ,2001,3,0.27
15537,PAZ DE RÍO,BOYACÁ,2002,4,0.36
15537,PAZ DE RÍO,BOYACÁ,2003,6,0.54
15537,PAZ DE RÍO,BOYACÁ,2005,10,0.8999999999999999
15537,PAZ DE RÍO,BOYACÁ,2006,10,0.8999999999999999
15537,PAZ DE RÍO,BOYACÁ,2008,21,1.89
15537,PAZ DE RÍO,BOYACÁ,2009,4,0.36
15537,PAZ DE RÍO,BOYACÁ,2010,5,0.44999999999999996
15537,PAZ DE RÍO,BOYACÁ,2011,9,0.8099999999999999
15537,PAZ DE RÍO,BOYACÁ,2012,7,0.63
15537,PAZ DE RÍO,BOYACÁ,2013,19,1.71
15537,PAZ DE RÍO,BOYACÁ,2014,45,4.05
15537,PAZ DE RÍO,BOYACÁ,2015,55,4.95
15537,PAZ DE RÍO,BOYACÁ,2016,42,3.78
15537,PAZ DE RÍO,BOYACÁ,2017,46,4.14
15537,PAZ DE RÍO,BOYACÁ,2018,5,0.44999999999999996
15537,PAZ DE RÍO,BOYACÁ,2019,41,3.69
15537,PAZ DE RÍO,BOYACÁ,2020,49,4.41
15537,PAZ DE RÍO,BOYACÁ,2021,37,3.33
15537,PAZ DE RÍO,BOYACÁ,2022,15,1.3499999999999999
15537,PAZ DE RÍO,BOYACÁ,2023,15,1.3499999999999999
15542,PESCA,BOYACÁ,2001,16,1.44
15542,PESCA,BOYACÁ,2002,39,3.51
15542,PESCA,BOYACÁ,2003,24,2.16
15542,PESCA,BOYACÁ,2004,187,16.83
15542,PESCA,BOYACÁ,2005,63,5.67
15542,PESCA,BOYACÁ,2006,56,5.04
15542,PESCA,BOYACÁ,2007,27,2.4299999999999997
15542,PESCA,BOYACÁ,2008,41,3.69
15542,PESCA,BOYACÁ,2009,22,1.98
15542,PESCA,BOYACÁ,2010,5,0.44999999999999996
15542,PESCA,BOYACÁ,2011,3,0.27
15542,PESCA,BOYACÁ,2012,1,0.09
15542,PESCA,BOYACÁ,2013,7,0.63
15542,PESCA,BOYACÁ,2014,6,0.54
15542,PESCA,BOYACÁ,2015,14,1.26
15542,PESCA,BOYACÁ,2016,13,1.17
15542,PESCA,BOYACÁ,2017,41,3.69
15542,PESCA,BOYACÁ,2018,16,1.44
15542,PESCA,BOYACÁ,2019,9,0.8099999999999999
15542,PESCA,BOYACÁ,2020,11,0.99
15542,PESCA,BOYACÁ,2021,4,0.36
15542,PESCA,BOYACÁ,2022,7,0.63
15542,PESCA,BOYACÁ,2023,23,2.07
15550,PISBA,BOYACÁ,2001,43,3.8699999999999997
15550,PISBA,BOYACÁ,2002,159,14.309999999999999
15550,PISBA,BOYACÁ,2003,22,1.98
15550,PISBA,BOYACÁ,2004,83,7.47
15550,PISBA,BOYACÁ,2005,89,8.01
15550,PISBA,BOYACÁ,2006,43,3.8699999999999997
15550,PISBA,BOYACÁ,2007,100,9.0
15550,PISBA,BOYACÁ,2008,21,1.89
15550,PISBA,BOYACÁ,2009,111,9.99
15550,PISBA,BOYACÁ,2010,21,1.89
15550,PISBA,BOYACÁ,2011,84,7.56
15550,PISBA,BOYACÁ,2012,148,13.32
15550,PISBA,BOYACÁ,2013,53,4.77
15550,PISBA,BOYACÁ,2014,216,19.439999999999998
15550,PISBA,BOYACÁ,2015,252,22.68
15550,PISBA,BOYACÁ,2016,396,35.64
15550,PISBA,BOYACÁ,2017,771,69.39
15550,PISBA,BOYACÁ,2018,421,37.89
15550,PISBA,BOYACÁ,2019,453,40.769999999999996
15550,PISBA,BOYACÁ,2020,590,53.1
15550,PISBA,BOYACÁ,2021,673,60.57
15550,PISBA,BOYACÁ,2022,524,47.16
15550,PISBA,BOYACÁ,2023,381,34.29
15572,PUERTO BOYACÁ,BOYACÁ,2002,2,0.18
15572,PUERTO BOYACÁ,BOYACÁ,2003,2,0.18
15572,PUERTO BOYACÁ,BOYACÁ,2004,1,0.09
15572,PUERTO BOYACÁ,BOYACÁ,2007,4,0.36
15572,PUERTO BOYACÁ,BOYACÁ,2010,1,0.09
15572,PUERTO BOYACÁ,BOYACÁ,2011,2,0.18
15572,PUERTO BOYACÁ,BOYACÁ,2012,9,0.8099999999999999
15572,PUERTO BOYACÁ,BOYACÁ,2013,1,0.09
15572,PUERTO BOYACÁ,BOYACÁ,2016,1,0.09
15572,PUERTO BOYACÁ,BOYACÁ,2020,25,2.25
15572,PUERTO BOYACÁ,BOYACÁ,2021,10,0.8999999999999999
15572,PUERTO BOYACÁ,BOYACÁ,2022,13,1.17
15580,QUÍPAMA,BOYACÁ,2003,1,0.09
15580,QUÍPAMA,BOYACÁ,2009,2,0.18
15580,QUÍPAMA,BOYACÁ,2012,10,0.8999999999999999
15580,QUÍPAMA,BOYACÁ,2013,13,1.17
15580,QUÍPAMA,BOYACÁ,2023,18,1.6199999999999999
15599,RAMIRIQUÍ,BOYACÁ,2001,2,0.18
15599,RAMIRIQUÍ,BOYACÁ,2002,1,0.09
15599,RAMIRIQUÍ,BOYACÁ,2003,1,0.09
15599,RAMIRIQUÍ,BOYACÁ,2011,9,0.8099999999999999
15599,RAMIRIQUÍ,BOYACÁ,2012,4,0.36
15599,RAMIRIQUÍ,BOYACÁ,2013,8,0.72
15599,RAMIRIQUÍ,BOYACÁ,2017,22,1.98
15599,RAMIRIQUÍ,BOYACÁ,2018,6,0.54
15600,RÁQUIRA,BOYACÁ,2007,2,0.18
15600,RÁQUIRA,BOYACÁ,2009,2,0.18
15600,RÁQUIRA,BOYACÁ,2010,143,12.87
15600,RÁQUIRA,BOYACÁ,2011,11,0.99
15600,RÁQUIRA,BOYACÁ,2012,6,0.54
15600,RÁQUIRA,BOYACÁ,2013,1,0.09
15600,RÁQUIRA,BOYACÁ,2014,1,0.09
15621,RONDÓN,BOYACÁ,2006,7,0.63
15621,RONDÓN,BOYACÁ,2008,1,0.09
15621,RONDÓN,BOYACÁ,2009,1,0.09
15632,SABOYÁ,BOYACÁ,2011,1,0.09
15632,SABOYÁ,BOYACÁ,2012,28,2.52
15632,SABOYÁ,BOYACÁ,2017,3,0.27
15632,SABOYÁ,BOYACÁ,2020,3,0.27
15638,SÁCHICA,BOYACÁ,2002,1,0.09
15638,SÁCHICA,BOYACÁ,2004,1,0.09
15638,SÁCHICA,BOYACÁ,2009,2,0.18
15638,SÁCHICA,BOYACÁ,2012,8,0.72
15638,SÁCHICA,BOYACÁ,2023,47,4.2299999999999995
15646,SAMACÁ,BOYACÁ,2004,71,6.39
15646,SAMACÁ,BOYACÁ,2005,2,0.18
15646,SAMACÁ,BOYACÁ,2012,1,0.09
15646,SAMACÁ,BOYACÁ,2013,11,0.99
15646,SAMACÁ,BOYACÁ,2014,1,0.09
15660,SAN EDUARDO,BOYACÁ,2002,8,0.72
15660,SAN EDUARDO,BOYACÁ,2004,1,0.09
15660,SAN EDUARDO,BOYACÁ,2009,2,0.18
15660,SAN EDUARDO,BOYACÁ,2012,1,0.09
15660,SAN EDUARDO,BOYACÁ,2014,2,0.18
15660,SAN EDUARDO,BOYACÁ,2023,39,3.51
15664,SAN JOSÉ DE PARE,BOYACÁ,2001,5,0.44999999999999996
15664,SAN JOSÉ DE PARE,BOYACÁ,2004,5,0.44999999999999996
15664,SAN JOSÉ DE PARE,BOYACÁ,2007,5,0.44999999999999996
15664,SAN JOSÉ DE PARE,BOYACÁ,2008,3,0.27
15664,SAN JOSÉ DE PARE,BOYACÁ,2012,2,0.18
15664,SAN JOSÉ DE PARE,BOYACÁ,2013,2,0.18
15664,SAN JOSÉ DE PARE,BOYACÁ,2014,1,0.09
15664,SAN JOSÉ DE PARE,BOYACÁ,2018,701,63.089999999999996
15664,SAN JOSÉ DE PARE,BOYACÁ,2023,23,2.07
15667,SAN LUIS DE GACENO,BOYACÁ,2002,2,0.18
15667,SAN LUIS DE GACENO,BOYACÁ,2003,15,1.3499999999999999
15667,SAN LUIS DE GACENO,BOYACÁ,2004,4,0.36
15667,SAN LUIS DE GACENO,BOYACÁ,2005,3,0.27
15667,SAN LUIS DE GACENO,BOYACÁ,2010,1,0.09
15667,SAN LUIS DE GACENO,BOYACÁ,2013,97,8.73
15667,SAN LUIS DE GACENO,BOYACÁ,2014,7,0.63
15673,SAN MATEO,BOYACÁ,2001,231,20.79
15673,SAN MATEO,BOYACÁ,2002,50,4.5
15673,SAN MATEO,BOYACÁ,2003,158,14.219999999999999
15673,SAN MATEO,BOYACÁ,2004,178,16.02
15673,SAN MATEO,BOYACÁ,2005,209,18.81
15673,SAN MATEO,BOYACÁ,2006,141,12.69
15673,SAN MATEO,BOYACÁ,2007,487,43.83
15673,SAN MATEO,BOYACÁ,2008,221,19.89
15673,SAN MATEO,BOYACÁ,2009,211,18.99
15673,SAN MATEO,BOYACÁ,2010,276,24.84
15673,SAN MATEO,BOYACÁ,2011,90,8.1
15673,SAN MATEO,BOYACÁ,2012,384,34.56
15673,SAN MATEO,BOYACÁ,2013,405,36.449999999999996
15673,SAN MATEO,BOYACÁ,2014,159,14.309999999999999
15673,SAN MATEO,BOYACÁ,2015,138,12.42
15673,SAN MATEO,BOYACÁ,2016,351,31.59
15673,SAN MATEO,BOYACÁ,2017,431,38.79
15673,SAN MATEO,BOYACÁ,2018,663,59.669999999999995
15673,SAN MATEO,BOYACÁ,2019,273,24.57
15673,SAN MATEO,BOYACÁ,2020,205,18.45
15673,SAN MATEO,BOYACÁ,2021,126,11.34
15673,SAN MATEO,BOYACÁ,2022,110,9.9
15673,SAN MATEO,BOYACÁ,2023,198,17.82
15676,SAN MIGUEL DE SEMA,BOYACÁ,2012,2,0.18
15681,SAN PABLO DE BORBUR,BOYACÁ,2002,13,1.17
15681,SAN PABLO DE BORBUR,BOYACÁ,2003,429,38.61
15681,SAN PABLO DE BORBUR,BOYACÁ,2004,31,2.79
15681,SAN PABLO DE BORBUR,BOYACÁ,2006,1,0.09
15681,SAN PABLO DE BORBUR,BOYACÁ,2007,392,35.28
15681,SAN PABLO DE BORBUR,BOYACÁ,2008,5,0.44999999999999996
15681,SAN PABLO DE BORBUR,BOYACÁ,2009,1,0.09
15681,SAN PABLO DE BORBUR,BOYACÁ,2012,6,0.54
15681,SAN PABLO DE BORBUR,BOYACÁ,2013,1,0.09
15681,SAN PABLO DE BORBUR,BOYACÁ,2016,3,0.27
15681,SAN PABLO DE BORBUR,BOYACÁ,2017,7,0.63
15681,SAN PABLO DE BORBUR,BOYACÁ,2018,1,0.09
15681,SAN PABLO DE BORBUR,BOYACÁ,2019,138,12.42
15681,SAN PABLO DE BORBUR,BOYACÁ,2020,42,3.78
15681,SAN PABLO DE BORBUR,BOYACÁ,2021,49,4.41
15681,SAN PABLO DE BORBUR,BOYACÁ,2022,135,12.15
15681,SAN PABLO DE BORBUR,BOYACÁ,2023,156,14.04
15686,SANTANA,BOYACÁ,2009,3,0.27
15686,SANTANA,BOYACÁ,2012,2,0.18
15686,SANTANA,BOYACÁ,2014,4,0.36
15686,SANTANA,BOYACÁ,2021,93,8.37
15686,SANTANA,BOYACÁ,2022,2,0.18
15690,SANTA MARÍA,BOYACÁ,2001,70,6.3
15690,SANTA MARÍA,BOYACÁ,2002,22,1.98
15690,SANTA MARÍA,BOYACÁ,2003,178,16.02
15690,SANTA MARÍA,BOYACÁ,2004,243,21.869999999999997
15690,SANTA MARÍA,BOYACÁ,2006,12,1.08
15690,SANTA MARÍA,BOYACÁ,2007,143,12.87
15690,SANTA MARÍA,BOYACÁ,2008,32,2.88
15690,SANTA MARÍA,BOYACÁ,2009,58,5.22
15690,SANTA MARÍA,BOYACÁ,2010,45,4.05
15690,SANTA MARÍA,BOYACÁ,2011,47,4.2299999999999995
15690,SANTA MARÍA,BOYACÁ,2012,46,4.14
15690,SANTA MARÍA,BOYACÁ,2013,110,9.9
15690,SANTA MARÍA,BOYACÁ,2014,75,6.75
15690,SANTA MARÍA,BOYACÁ,2015,30,2.6999999999999997
15690,SANTA MARÍA,BOYACÁ,2016,515,46.35
15690,SANTA MARÍA,BOYACÁ,2017,144,12.959999999999999
15690,SANTA MARÍA,BOYACÁ,2018,560,50.4
15690,SANTA MARÍA,BOYACÁ,2019,403,36.269999999999996
15690,SANTA MARÍA,BOYACÁ,2020,89,8.01
15690,SANTA MARÍA,BOYACÁ,2021,57,5.13
15690,SANTA MARÍA,BOYACÁ,2022,40,3.5999999999999996
15690,SANTA MARÍA,BOYACÁ,2023,34,3.06
15693,SANTA ROSA DE VITERBO,BOYACÁ,2001,266,23.939999999999998
15693,SANTA ROSA DE VITERBO,BOYACÁ,2002,42,3.78
15693,SANTA ROSA DE VITERBO,BOYACÁ,2003,43,3.8699999999999997
15693,SANTA ROSA DE VITERBO,BOYACÁ,2004,30,2.6999999999999997
15693,SANTA ROSA DE VITERBO,BOYACÁ,2005,109,9.81
15693,SANTA ROSA DE VITERBO,BOYACÁ,2006,18,1.6199999999999999
15693,SANTA ROSA DE VITERBO,BOYACÁ,2007,272,24.48
15693,SANTA ROSA DE VITERBO,BOYACÁ,2008,69,6.21
15693,SANTA ROSA DE VITERBO,BOYACÁ,2009,165,14.85
15693,SANTA ROSA DE VITERBO,BOYACÁ,2010,137,12.33
15693,SANTA ROSA DE VITERBO,BOYACÁ,2011,15,1.3499999999999999
15693,SANTA ROSA DE VITERBO,BOYACÁ,2012,63,5.67
15693,SANTA ROSA DE VITERBO,BOYACÁ,2013,33,2.9699999999999998
15693,SANTA ROSA DE VITERBO,BOYACÁ,2014,73,6.569999999999999
15693,SANTA ROSA DE VITERBO,BOYACÁ,2015,94,8.459999999999999
15693,SANTA ROSA DE VITERBO,BOYACÁ,2016,111,9.99
15693,SANTA ROSA DE VITERBO,BOYACÁ,2017,162,14.58
15693,SANTA ROSA DE VITERBO,BOYACÁ,2018,267,24.029999999999998
15693,SANTA ROSA DE VITERBO,BOYACÁ,2019,121,10.889999999999999
15693,SANTA ROSA DE VITERBO,BOYACÁ,2020,179,16.11
15693,SANTA ROSA DE VITERBO,BOYACÁ,2021,57,5.13
15693,SANTA ROSA DE VITERBO,BOYACÁ,2022,4,0.36
15693,SANTA ROSA DE VITERBO,BOYACÁ,2023,16,1.44
15696,SANTA SOFÍA,BOYACÁ,2001,914,82.25999999999999
15696,SANTA SOFÍA,BOYACÁ,2002,26,2.34
15696,SANTA SOFÍA,BOYACÁ,2003,9,0.8099999999999999
15696,SANTA SOFÍA,BOYACÁ,2004,34,3.06
15696,SANTA SOFÍA,BOYACÁ,2005,2,0.18
15696,SANTA SOFÍA,BOYACÁ,2006,39,3.51
15696,SANTA SOFÍA,BOYACÁ,2007,255,22.95
15696,SANTA SOFÍA,BOYACÁ,2008,322,28.98
15696,SANTA SOFÍA,BOYACÁ,2009,18,1.6199999999999999
15696,SANTA SOFÍA,BOYACÁ,2010,662,59.58
15696,SANTA SOFÍA,BOYACÁ,2012,10,0.8999999999999999
15696,SANTA SOFÍA,BOYACÁ,2013,1,0.09
15696,SANTA SOFÍA,BOYACÁ,2014,1,0.09
15696,SANTA SOFÍA,BOYACÁ,2016,633,56.97
15696,SANTA SOFÍA,BOYACÁ,2017,221,19.89
15696,SANTA SOFÍA,BOYACÁ,2018,65,5.85
15696,SANTA SOFÍA,BOYACÁ,2019,1,0.09
15696,SANTA SOFÍA,BOYACÁ,2021,2,0.18
15696,SANTA SOFÍA,BOYACÁ,2022,11,0.99
15696,SANTA SOFÍA,BOYACÁ,2023,9,0.8099999999999999
15720,SATIVANORTE,BOYACÁ,2001,1303,117.27
15720,SATIVANORTE,BOYACÁ,2003,59,5.31
15720,SATIVANORTE,BOYACÁ,2004,460,41.4
15720,SATIVANORTE,BOYACÁ,2005,12,1.08
15720,SATIVANORTE,BOYACÁ,2006,43,3.8699999999999997
15720,SATIVANORTE,BOYACÁ,2007,940,84.6
15720,SATIVANORTE,BOYACÁ,2008,1197,107.72999999999999
15720,SATIVANORTE,BOYACÁ,2009,111,9.99
15720,SATIVANORTE,BOYACÁ,2010,2559,230.31
15720,SATIVANORTE,BOYACÁ,2011,429,38.61
15720,SATIVANORTE,BOYACÁ,2012,57,5.13
15720,SATIVANORTE,BOYACÁ,2013,26,2.34
15720,SATIVANORTE,BOYACÁ,2014,83,7.47
15720,SATIVANORTE,BOYACÁ,2015,17,1.53
15720,SATIVANORTE,BOYACÁ,2016,80,7.199999999999999
15720,SATIVANORTE,BOYACÁ,2017,74,6.66
15720,SATIVANORTE,BOYACÁ,2018,677,60.93
15720,SATIVANORTE,BOYACÁ,2019,430,38.699999999999996
15720,SATIVANORTE,BOYACÁ,2020,60,5.3999999999999995
15720,SATIVANORTE,BOYACÁ,2022,19,1.71
15720,SATIVANORTE,BOYACÁ,2023,31,2.79
15723,SATIVASUR,BOYACÁ,2001,228,20.52
15723,SATIVASUR,BOYACÁ,2002,86,7.739999999999999
15723,SATIVASUR,BOYACÁ,2003,56,5.04
15723,SATIVASUR,BOYACÁ,2004,39,3.51
15723,SATIVASUR,BOYACÁ,2005,9,0.8099999999999999
15723,SATIVASUR,BOYACÁ,2006,8,0.72
15723,SATIVASUR,BOYACÁ,2007,252,22.68
15723,SATIVASUR,BOYACÁ,2008,73,6.569999999999999
15723,SATIVASUR,BOYACÁ,2009,108,9.719999999999999
15723,SATIVASUR,BOYACÁ,2010,25,2.25
15723,SATIVASUR,BOYACÁ,2011,37,3.33
15723,SATIVASUR,BOYACÁ,2012,56,5.04
15723,SATIVASUR,BOYACÁ,2013,30,2.6999999999999997
15723,SATIVASUR,BOYACÁ,2014,79,7.109999999999999
15723,SATIVASUR,BOYACÁ,2015,17,1.53
15723,SATIVASUR,BOYACÁ,2016,1337,120.33
15723,SATIVASUR,BOYACÁ,2017,73,6.569999999999999
15723,SATIVASUR,BOYACÁ,2018,180,16.2
15723,SATIVASUR,BOYACÁ,2019,92,8.28
15723,SATIVASUR,BOYACÁ,2020,80,7.199999999999999
15723,SATIVASUR,BOYACÁ,2021,16,1.44
15723,SATIVASUR,BOYACÁ,2022,32,2.88
15723,SATIVASUR,BOYACÁ,2023,70,6.3
15740,SIACHOQUE,BOYACÁ,2002,2,0.18
15740,SIACHOQUE,BOYACÁ,2003,2,0.18
15740,SIACHOQUE,BOYACÁ,2004,2,0.18
15740,SIACHOQUE,BOYACÁ,2005,2,0.18
15740,SIACHOQUE,BOYACÁ,2006,8,0.72
15740,SIACHOQUE,BOYACÁ,2007,32,2.88
15740,SIACHOQUE,BOYACÁ,2008,25,2.25
15740,SIACHOQUE,BOYACÁ,2010,2,0.18
15740,SIACHOQUE,BOYACÁ,2011,3,0.27
15740,SIACHOQUE,BOYACÁ,2012,10,0.8999999999999999
15740,SIACHOQUE,BOYACÁ,2013,16,1.44
15740,SIACHOQUE,BOYACÁ,2014,5,0.44999999999999996
15740,SIACHOQUE,BOYACÁ,2015,11,0.99
15740,SIACHOQUE,BOYACÁ,2017,16,1.44
15740,SIACHOQUE,BOYACÁ,2018,5,0.44999999999999996
15740,SIACHOQUE,BOYACÁ,2019,21,1.89
15740,SIACHOQUE,BOYACÁ,2022,5,0.44999999999999996
15740,SIACHOQUE,BOYACÁ,2023,7,0.63
15753,SOATÁ,BOYACÁ,2007,1,0.09
15753,SOATÁ,BOYACÁ,2011,4,0.36
15753,SOATÁ,BOYACÁ,2013,1,0.09
15753,SOATÁ,BOYACÁ,2014,4,0.36
15753,SOATÁ,BOYACÁ,2016,1,0.09
15753,SOATÁ,BOYACÁ,2018,13,1.17
15753,SOATÁ,BOYACÁ,2019,22,1.98
15753,SOATÁ,BOYACÁ,2020,5,0.44999999999999996
15753,SOATÁ,BOYACÁ,2021,9,0.8099999999999999
15753,SOATÁ,BOYACÁ,2022,93,8.37
15753,SOATÁ,BOYACÁ,2023,106,9.54
15755,SOCOTÁ,BOYACÁ,2002,5,0.44999999999999996
15755,SOCOTÁ,BOYACÁ,2003,9,0.8099999999999999
15755,SOCOTÁ,BOYACÁ,2004,5,0.44999999999999996
15755,SOCOTÁ,BOYACÁ,2007,1,0.09
15755,SOCOTÁ,BOYACÁ,2009,2,0.18
15755,SOCOTÁ,BOYACÁ,2010,10,0.8999999999999999
15755,SOCOTÁ,BOYACÁ,2012,12,1.08
15755,SOCOTÁ,BOYACÁ,2016,6,0.54
15755,SOCOTÁ,BOYACÁ,2019,3,0.27
15755,SOCOTÁ,BOYACÁ,2020,3,0.27
15757,SOCHA,BOYACÁ,2001,3,0.27
15757,SOCHA,BOYACÁ,2002,2,0.18
15757,SOCHA,BOYACÁ,2003,2,0.18
15757,SOCHA,BOYACÁ,2004,4,0.36
15757,SOCHA,BOYACÁ,2007,1,0.09
15757,SOCHA,BOYACÁ,2008,3,0.27
15757,SOCHA,BOYACÁ,2010,8,0.72
15757,SOCHA,BOYACÁ,2011,6,0.54
15757,SOCHA,BOYACÁ,2012,6,0.54
15757,SOCHA,BOYACÁ,2013,3,0.27
15757,SOCHA,BOYACÁ,2014,4,0.36
15757,SOCHA,BOYACÁ,2015,2,0.18
15759,SOGAMOSO,BOYACÁ,2004,1,0.09
15759,SOGAMOSO,BOYACÁ,2009,5,0.44999999999999996
15759,SOGAMOSO,BOYACÁ,2011,3,0.27
15759,SOGAMOSO,BOYACÁ,2012,1,0.09
15759,SOGAMOSO,BOYACÁ,2013,2,0.18
15759,SOGAMOSO,BOYACÁ,2014,1,0.09
15759,SOGAMOSO,BOYACÁ,2023,11,0.99
15761,SOMONDOCO,BOYACÁ,2001,1,0.09
15761,SOMONDOCO,BOYACÁ,2003,1,0.09
15761,SOMONDOCO,BOYACÁ,2007,2,0.18
15761,SOMONDOCO,BOYACÁ,2008,4,0.36
15761,SOMONDOCO,BOYACÁ,2009,5,0.44999999999999996
15761,SOMONDOCO,BOYACÁ,2010,3,0.27
15761,SOMONDOCO,BOYACÁ,2011,3,0.27
15761,SOMONDOCO,BOYACÁ,2012,11,0.99
15761,SOMONDOCO,BOYACÁ,2015,2,0.18
15761,SOMONDOCO,BOYACÁ,2016,2,0.18
15761,SOMONDOCO,BOYACÁ,2017,74,6.66
15762,SORA,BOYACÁ,2005,3,0.27
15762,SORA,BOYACÁ,2007,1,0.09
15762,SORA,BOYACÁ,2008,13,1.17
15762,SORA,BOYACÁ,2009,8,0.72
15762,SORA,BOYACÁ,2010,1,0.09
15762,SORA,BOYACÁ,2011,11,0.99
15762,SORA,BOYACÁ,2012,40,3.5999999999999996
15762,SORA,BOYACÁ,2013,38,3.42
15763,SOTAQUIRÁ,BOYACÁ,2004,1,0.09
15763,SOTAQUIRÁ,BOYACÁ,2006,1,0.09
15763,SOTAQUIRÁ,BOYACÁ,2007,2,0.18
15763,SOTAQUIRÁ,BOYACÁ,2008,2,0.18
15763,SOTAQUIRÁ,BOYACÁ,2010,3,0.27
15763,SOTAQUIRÁ,BOYACÁ,2012,5,0.44999999999999996
15763,SOTAQUIRÁ,BOYACÁ,2013,1,0.09
15763,SOTAQUIRÁ,BOYACÁ,2014,1,0.09
15763,SOTAQUIRÁ,BOYACÁ,2022,7,0.63
15764,SORACÁ,BOYACÁ,2001,34,3.06
15764,SORACÁ,BOYACÁ,2002,4,0.36
15764,SORACÁ,BOYACÁ,2003,1,0.09
15764,SORACÁ,BOYACÁ,2004,4,0.36
15764,SORACÁ,BOYACÁ,2005,5,0.44999999999999996
15764,SORACÁ,BOYACÁ,2006,11,0.99
15764,SORACÁ,BOYACÁ,2007,48,4.32
15764,SORACÁ,BOYACÁ,2008,25,2.25
15764,SORACÁ,BOYACÁ,2009,123,11.07
15764,SORACÁ,BOYACÁ,2010,103,9.27
15764,SORACÁ,BOYACÁ,2011,67,6.029999999999999
15764,SORACÁ,BOYACÁ,2012,71,6.39
15764,SORACÁ,BOYACÁ,2013,45,4.05
15764,SORACÁ,BOYACÁ,2014,61,5.49
15764,SORACÁ,BOYACÁ,2015,100,9.0
15764,SORACÁ,BOYACÁ,2016,326,29.34
15764,SORACÁ,BOYACÁ,2017,46,4.14
15764,SORACÁ,BOYACÁ,2018,132,11.879999999999999
15764,SORACÁ,BOYACÁ,2019,71,6.39
15764,SORACÁ,BOYACÁ,2020,31,2.79
15764,SORACÁ,BOYACÁ,2021,16,1.44
15764,SORACÁ,BOYACÁ,2022,37,3.33
15764,SORACÁ,BOYACÁ,2023,58,5.22
15774,SUSACÓN,BOYACÁ,2005,3,0.27
15774,SUSACÓN,BOYACÁ,2010,2,0.18
15774,SUSACÓN,BOYACÁ,2011,2,0.18
15774,SUSACÓN,BOYACÁ,2012,2,0.18
15774,SUSACÓN,BOYACÁ,2014,1,0.09
15774,SUSACÓN,BOYACÁ,2019,21,1.89
15776,SUTAMARCHÁN,BOYACÁ,2005,6,0.54
15776,SUTAMARCHÁN,BOYACÁ,2007,1,0.09
15776,SUTAMARCHÁN,BOYACÁ,2008,1,0.09
15776,SUTAMARCHÁN,BOYACÁ,2010,2,0.18
15776,SUTAMARCHÁN,BOYACÁ,2011,3,0.27
15776,SUTAMARCHÁN,BOYACÁ,2012,9,0.8099999999999999
15776,SUTAMARCHÁN,BOYACÁ,2014,1,0.09
15776,SUTAMARCHÁN,BOYACÁ,2016,2,0.18
15778,SUTATENZA,BOYACÁ,2001,38,3.42
15778,SUTATENZA,BOYACÁ,2002,30,2.6999999999999997
15778,SUTATENZA,BOYACÁ,2003,31,2.79
15778,SUTATENZA,BOYACÁ,2005,6,0.54
15778,SUTATENZA,BOYACÁ,2007,5,0.44999999999999996
15778,SUTATENZA,BOYACÁ,2008,20,1.7999999999999998
15778,SUTATENZA,BOYACÁ,2009,4,0.36
15778,SUTATENZA,BOYACÁ,2012,2,0.18
15790,TASCO,BOYACÁ,2001,3,0.27
15790,TASCO,BOYACÁ,2002,3,0.27
15790,TASCO,BOYACÁ,2004,6,0.54
15790,TASCO,BOYACÁ,2005,2,0.18
15790,TASCO,BOYACÁ,2006,2,0.18
15790,TASCO,BOYACÁ,2007,1,0.09
15790,TASCO,BOYACÁ,2008,10,0.8999999999999999
15790,TASCO,BOYACÁ,2009,1,0.09
15790,TASCO,BOYACÁ,2010,2,0.18
15790,TASCO,BOYACÁ,2011,3,0.27
15790,TASCO,BOYACÁ,2012,22,1.98
15790,TASCO,BOYACÁ,2013,2,0.18
15790,TASCO,BOYACÁ,2014,5,0.44999999999999996
15790,TASCO,BOYACÁ,2018,4,0.36
15790,TASCO,BOYACÁ,2023,28,2.52
15798,TENZA,BOYACÁ,2001,1,0.09
15798,TENZA,BOYACÁ,2010,1,0.09
15798,TENZA,BOYACÁ,2011,3,0.27
15798,TENZA,BOYACÁ,2012,8,0.72
15804,TIBANÁ,BOYACÁ,2001,7,0.63
15804,TIBANÁ,BOYACÁ,2002,1,0.09
15804,TIBANÁ,BOYACÁ,2005,1,0.09
15804,TIBANÁ,BOYACÁ,2009,4,0.36
15804,TIBANÁ,BOYACÁ,2010,1,0.09
15804,TIBANÁ,BOYACÁ,2011,7,0.63
15804,TIBANÁ,BOYACÁ,2012,26,2.34
15804,TIBANÁ,BOYACÁ,2014,14,1.26
15804,TIBANÁ,BOYACÁ,2016,2,0.18
15804,TIBANÁ,BOYACÁ,2020,3,0.27
15806,TIBASOSA,BOYACÁ,2002,3,0.27
15806,TIBASOSA,BOYACÁ,2003,2,0.18
15806,TIBASOSA,BOYACÁ,2005,1,0.09
15806,TIBASOSA,BOYACÁ,2007,1,0.09
15806,TIBASOSA,BOYACÁ,2008,2,0.18
15806,TIBASOSA,BOYACÁ,2012,1,0.09
15806,TIBASOSA,BOYACÁ,2013,2,0.18
15806,TIBASOSA,BOYACÁ,2014,2,0.18
15808,TINJACÁ,BOYACÁ,2001,1,0.09
15808,TINJACÁ,BOYACÁ,2004,1,0.09
15808,TINJACÁ,BOYACÁ,2008,2,0.18
15808,TINJACÁ,BOYACÁ,2009,3,0.27
15808,TINJACÁ,BOYACÁ,2011,2,0.18
15808,TINJACÁ,BOYACÁ,2012,13,1.17
15808,TINJACÁ,BOYACÁ,2013,1,0.09
15808,TINJACÁ,BOYACÁ,2020,13,1.17
15808,TINJACÁ,BOYACÁ,2023,13,1.17
15810,TIPACOQUE,BOYACÁ,2006,4,0.36
15810,TIPACOQUE,BOYACÁ,2007,2,0.18
15810,TIPACOQUE,BOYACÁ,2010,1,0.09
15810,TIPACOQUE,BOYACÁ,2011,6,0.54
15810,TIPACOQUE,BOYACÁ,2012,5,0.44999999999999996
15814,TOCA,BOYACÁ,2002,2,0.18
15814,TOCA,BOYACÁ,2008,2,0.18
15814,TOCA,BOYACÁ,2009,12,1.08
15814,TOCA,BOYACÁ,2011,1,0.09
15814,TOCA,BOYACÁ,2012,8,0.72
15814,TOCA,BOYACÁ,2014,1,0.09
15814,TOCA,BOYACÁ,2018,8,0.72
15814,TOCA,BOYACÁ,2020,5,0.44999999999999996
15814,TOCA,BOYACÁ,2023,21,1.89
15816,TOGÜÍ,BOYACÁ,2001,19,1.71
15816,TOGÜÍ,BOYACÁ,2002,3,0.27
15816,TOGÜÍ,BOYACÁ,2003,3,0.27
15816,TOGÜÍ,BOYACÁ,2004,2,0.18
15816,TOGÜÍ,BOYACÁ,2005,1,0.09
15816,TOGÜÍ,BOYACÁ,2006,20,1.7999999999999998
15816,TOGÜÍ,BOYACÁ,2007,6,0.54
15816,TOGÜÍ,BOYACÁ,2008,4,0.36
15816,TOGÜÍ,BOYACÁ,2009,57,5.13
15816,TOGÜÍ,BOYACÁ,2010,372,33.48
15816,TOGÜÍ,BOYACÁ,2011,6,0.54
15816,TOGÜÍ,BOYACÁ,2012,11,0.99
15816,TOGÜÍ,BOYACÁ,2013,2,0.18
15816,TOGÜÍ,BOYACÁ,2014,15,1.3499999999999999
15816,TOGÜÍ,BOYACÁ,2015,26,2.34
15816,TOGÜÍ,BOYACÁ,2016,1131,101.78999999999999
15816,TOGÜÍ,BOYACÁ,2017,37,3.33
15816,TOGÜÍ,BOYACÁ,2019,28,2.52
15816,TOGÜÍ,BOYACÁ,2020,93,8.37
15816,TOGÜÍ,BOYACÁ,2021,14,1.26
15816,TOGÜÍ,BOYACÁ,2022,8,0.72
15816,TOGÜÍ,BOYACÁ,2023,69,6.21
15820,TÓPAGA,BOYACÁ,2001,142,12.78
15820,TÓPAGA,BOYACÁ,2002,106,9.54
15820,TÓPAGA,BOYACÁ,2003,128,11.52
15820,TÓPAGA,BOYACÁ,2004,54,4.859999999999999
15820,TÓPAGA,BOYACÁ,2005,105,9.45
15820,TÓPAGA,BOYACÁ,2006,90,8.1
15820,TÓPAGA,BOYACÁ,2007,24,2.16
15820,TÓPAGA,BOYACÁ,2008,55,4.95
15820,TÓPAGA,BOYACÁ,2009,32,2.88
15820,TÓPAGA,BOYACÁ,2010,39,3.51
15820,TÓPAGA,BOYACÁ,2011,6,0.54
15820,TÓPAGA,BOYACÁ,2012,57,5.13
15820,TÓPAGA,BOYACÁ,2013,10,0.8999999999999999
15820,TÓPAGA,BOYACÁ,2014,83,7.47
15820,TÓPAGA,BOYACÁ,2015,172,15.479999999999999
15820,TÓPAGA,BOYACÁ,2016,1082,97.38
15820,TÓPAGA,BOYACÁ,2017,22,1.98
15820,TÓPAGA,BOYACÁ,2018,16,1.44
15820,TÓPAGA,BOYACÁ,2019,344,30.959999999999997
15820,TÓPAGA,BOYACÁ,2020,41,3.69
15820,TÓPAGA,BOYACÁ,2021,12,1.08
15820,TÓPAGA,BOYACÁ,2022,5,0.44999999999999996
15820,TÓPAGA,BOYACÁ,2023,18,1.6199999999999999
15822,TOTA,BOYACÁ,2001,35,3.15
15822,TOTA,BOYACÁ,2002,17,1.53
15822,TOTA,BOYACÁ,2003,126,11.34
15822,TOTA,BOYACÁ,2004,2,0.18
15822,TOTA,BOYACÁ,2005,6,0.54
15822,TOTA,BOYACÁ,2006,1,0.09
15822,TOTA,BOYACÁ,2007,42,3.78
15822,TOTA,BOYACÁ,2009,112,10.08
15822,TOTA,BOYACÁ,2010,5,0.44999999999999996
15822,TOTA,BOYACÁ,2011,75,6.75
15822,TOTA,BOYACÁ,2012,9,0.8099999999999999
15822,TOTA,BOYACÁ,2013,6,0.54
15822,TOTA,BOYACÁ,2014,35,3.15
15822,TOTA,BOYACÁ,2016,124,11.16
15822,TOTA,BOYACÁ,2017,26,2.34
15822,TOTA,BOYACÁ,2018,26,2.34
15822,TOTA,BOYACÁ,2019,159,14.309999999999999
15822,TOTA,BOYACÁ,2020,5,0.44999999999999996
15822,TOTA,BOYACÁ,2023,82,7.38
15832,TUNUNGUÁ,BOYACÁ,2008,4,0.36
15832,TUNUNGUÁ,BOYACÁ,2009,1,0.09
15832,TUNUNGUÁ,BOYACÁ,2011,4,0.36
15832,TUNUNGUÁ,BOYACÁ,2012,4,0.36
15835,TURMEQUÉ,BOYACÁ,2009,1,0.09
15835,TURMEQUÉ,BOYACÁ,2016,35,3.15
15835,TURMEQUÉ,BOYACÁ,2022,23,2.07
15835,TURMEQUÉ,BOYACÁ,2023,26,2.34
15837,TUTA,BOYACÁ,2001,170,15.299999999999999
15837,TUTA,BOYACÁ,2002,2,0.18
15837,TUTA,BOYACÁ,2003,69,6.21
15837,TUTA,BOYACÁ,2004,46,4.14
15837,TUTA,BOYACÁ,2005,1,0.09
15837,TUTA,BOYACÁ,2006,14,1.26
15837,TUTA,BOYACÁ,2007,59,5.31
15837,TUTA,BOYACÁ,2008,39,3.51
15837,TUTA,BOYACÁ,2009,8,0.72
15837,TUTA,BOYACÁ,2010,55,4.95
15837,TUTA,BOYACÁ,2011,16,1.44
15837,TUTA,BOYACÁ,2012,14,1.26
15837,TUTA,BOYACÁ,2013,3,0.27
15837,TUTA,BOYACÁ,2014,5,0.44999999999999996
15837,TUTA,BOYACÁ,2015,28,2.52
15837,TUTA,BOYACÁ,2016,1057,95.13
15837,TUTA,BOYACÁ,2017,30,2.6999999999999997
15837,TUTA,BOYACÁ,2018,50,4.5
15837,TUTA,BOYACÁ,2019,92,8.28
15837,TUTA,BOYACÁ,2020,20,1.7999999999999998
15837,TUTA,BOYACÁ,2021,11,0.99
15837,TUTA,BOYACÁ,2022,1,0.09
15837,TUTA,BOYACÁ,2023,32,2.88
15839,TUTAZÁ,BOYACÁ,2001,40,3.5999999999999996
15839,TUTAZÁ,BOYACÁ,2002,8,0.72
15839,TUTAZÁ,BOYACÁ,2006,2,0.18
15839,TUTAZÁ,BOYACÁ,2007,5,0.44999999999999996
15839,TUTAZÁ,BOYACÁ,2008,5,0.44999999999999996
15839,TUTAZÁ,BOYACÁ,2009,12,1.08
15839,TUTAZÁ,BOYACÁ,2010,2,0.18
15839,TUTAZÁ,BOYACÁ,2011,14,1.26
15839,TUTAZÁ,BOYACÁ,2012,36,3.2399999999999998
15839,TUTAZÁ,BOYACÁ,2014,2,0.18
15839,TUTAZÁ,BOYACÁ,2016,1,0.09
15842,ÚMBITA,BOYACÁ,2001,64,5.76
15842,ÚMBITA,BOYACÁ,2002,16,1.44
15842,ÚMBITA,BOYACÁ,2003,20,1.7999999999999998
15842,ÚMBITA,BOYACÁ,2005,14,1.26
15842,ÚMBITA,BOYACÁ,2006,81,7.29
15842,ÚMBITA,BOYACÁ,2007,13,1.17
15842,ÚMBITA,BOYACÁ,2008,5,0.44999999999999996
15842,ÚMBITA,BOYACÁ,2009,21,1.89
15842,ÚMBITA,BOYACÁ,2010,14,1.26
15842,ÚMBITA,BOYACÁ,2011,7,0.63
15842,ÚMBITA,BOYACÁ,2012,40,3.5999999999999996
15842,ÚMBITA,BOYACÁ,2014,13,1.17
15842,ÚMBITA,BOYACÁ,2015,14,1.26
15842,ÚMBITA,BOYACÁ,2016,131,11.79
15842,ÚMBITA,BOYACÁ,2017,12,1.08
15842,ÚMBITA,BOYACÁ,2018,1,0.09
15842,ÚMBITA,BOYACÁ,2019,18,1.6199999999999999
15842,ÚMBITA,BOYACÁ,2020,8,0.72
15861,VENTAQUEMADA,BOYACÁ,2001,11,0.99
15861,VENTAQUEMADA,BOYACÁ,2002,8,0.72
15861,VENTAQUEMADA,BOYACÁ,2003,8,0.72
15861,VENTAQUEMADA,BOYACÁ,2004,6,0.54
15861,VENTAQUEMADA,BOYACÁ,2005,4,0.36
15861,VENTAQUEMADA,BOYACÁ,2006,16,1.44
15861,VENTAQUEMADA,BOYACÁ,2007,16,1.44
15861,VENTAQUEMADA,BOYACÁ,2008,8,0.72
15861,VENTAQUEMADA,BOYACÁ,2009,8,0.72
15861,VENTAQUEMADA,BOYACÁ,2010,14,1.26
15861,VENTAQUEMADA,BOYACÁ,2011,6,0.54
15861,VENTAQUEMADA,BOYACÁ,2012,29,2.61
15861,VENTAQUEMADA,BOYACÁ,2015,1,0.09
15861,VENTAQUEMADA,BOYACÁ,2016,11,0.99
15861,VENTAQUEMADA,BOYACÁ,2019,4,0.36
15879,VIRACACHÁ,BOYACÁ,2001,11,0.99
15879,VIRACACHÁ,BOYACÁ,2002,39,3.51
15879,VIRACACHÁ,BOYACÁ,2003,45,4.05
15879,VIRACACHÁ,BOYACÁ,2004,3,0.27
15879,VIRACACHÁ,BOYACÁ,2005,6,0.54
15879,VIRACACHÁ,BOYACÁ,2006,10,0.8999999999999999
15879,VIRACACHÁ,BOYACÁ,2007,20,1.7999999999999998
15879,VIRACACHÁ,BOYACÁ,2008,9,0.8099999999999999
15879,VIRACACHÁ,BOYACÁ,2009,4,0.36
15879,VIRACACHÁ,BOYACÁ,2010,3,0.27
15879,VIRACACHÁ,BOYACÁ,2011,4,0.36
15879,VIRACACHÁ,BOYACÁ,2012,10,0.8999999999999999
15879,VIRACACHÁ,BOYACÁ,2013,2,0.18
15879,VIRACACHÁ,BOYACÁ,2016,3,0.27
15897,ZETAQUIRA,BOYACÁ,2001,2,0.18
15897,ZETAQUIRA,BOYACÁ,2002,9,0.8099999999999999
15897,ZETAQUIRA,BOYACÁ,2003,19,1.71
15897,ZETAQUIRA,BOYACÁ,2004,5,0.44999999999999996
15897,ZETAQUIRA,BOYACÁ,2005,2,0.18
15897,ZETAQUIRA,BOYACÁ,2006,18,1.6199999999999999
15897,ZETAQUIRA,BOYACÁ,2007,8,0.72
15897,ZETAQUIRA,BOYACÁ,2008,9,0.8099999999999999
15897,ZETAQUIRA,BOYACÁ,2009,44,3.96
15897,ZETAQUIRA,BOYACÁ,2010,5,0.44999999999999996
15897,ZETAQUIRA,BOYACÁ,2011,11,0.99
15897,ZETAQUIRA,BOYACÁ,2012,16,1.44
15897,ZETAQUIRA,BOYACÁ,2013,1,0.09
15897,ZETAQUIRA,BOYACÁ,2014,10,0.8999999999999999
15897,ZETAQUIRA,BOYACÁ,2016,31,2.79
18150,CARTAGENA DEL CHAIRÁ,CAQUETÁ,2001,865,77.85
18150,CARTAGENA DEL CHAIRÁ,CAQUETÁ,2002,95,8.549999999999999
18150,CARTAGENA DEL CHAIRÁ,CAQUETÁ,2003,76,6.84
18150,CARTAGENA DEL CHAIRÁ,CAQUETÁ,2004,29,2.61
18150,CARTAGENA DEL CHAIRÁ,CAQUETÁ,2005,181,16.29
18150,CARTAGENA DEL CHAIRÁ,CAQUETÁ,2006,30,2.6999999999999997
18150,CARTAGENA DEL CHAIRÁ,CAQUETÁ,2007,213,19.169999999999998
18150,CARTAGENA DEL CHAIRÁ,CAQUETÁ,2008,95,8.549999999999999
18150,CARTAGENA DEL CHAIRÁ,CAQUETÁ,2009,265,23.849999999999998
18150,CARTAGENA DEL CHAIRÁ,CAQUETÁ,2010,52,4.68
18150,CARTAGENA DEL CHAIRÁ,CAQUETÁ,2011,5,0.44999999999999996
18150,CARTAGENA DEL CHAIRÁ,CAQUETÁ,2012,38,3.42
18150,CARTAGENA DEL CHAIRÁ,CAQUETÁ,2013,4,0.36
18150,CARTAGENA DEL CHAIRÁ,CAQUETÁ,2014,1,0.09
18150,CARTAGENA DEL CHAIRÁ,CAQUETÁ,2016,17,1.53
18150,CARTAGENA DEL CHAIRÁ,CAQUETÁ,2017,2,0.18
18205,CURILLO,CAQUETÁ,2001,11,0.99
18205,CURILLO,CAQUETÁ,2002,5,0.44999999999999996
18205,CURILLO,CAQUETÁ,2003,2,0.18
18205,CURILLO,CAQUETÁ,2004,3,0.27
18205,CURILLO,CAQUETÁ,2005,11,0.99
18205,CURILLO,CAQUETÁ,2006,10,0.8999999999999999
18205,CURILLO,CAQUETÁ,2007,1,0.09
18205,CURILLO,CAQUETÁ,2008,5,0.44999999999999996
18205,CURILLO,CAQUETÁ,2009,35,3.15
18205,CURILLO,CAQUETÁ,2010,13,1.17
18205,CURILLO,CAQUETÁ,2011,8,0.72
18205,CURILLO,CAQUETÁ,2012,46,4.14
18205,CURILLO,CAQUETÁ,2013,3,0.27
18205,CURILLO,CAQUETÁ,2014,8,0.72
18205,CURILLO,CAQUETÁ,2016,8,0.72
18205,CURILLO,CAQUETÁ,2017,195,17.55
18205,CURILLO,CAQUETÁ,2018,4,0.36
18205,CURILLO,CAQUETÁ,2019,2,0.18
18205,CURILLO,CAQUETÁ,2020,1,0.09
18205,CURILLO,CAQUETÁ,2021,1,0.09
18205,CURILLO,CAQUETÁ,2022,3,0.27
18205,CURILLO,CAQUETÁ,2023,3,0.27
18247,EL DONCELLO,CAQUETÁ,2001,27,2.4299999999999997
18247,EL DONCELLO,CAQUETÁ,2002,18,1.6199999999999999
18247,EL DONCELLO,CAQUETÁ,2003,1,0.09
18247,EL DONCELLO,CAQUETÁ,2004,42,3.78
18247,EL DONCELLO,CAQUETÁ,2005,28,2.52
18247,EL DONCELLO,CAQUETÁ,2006,19,1.71
18247,EL DONCELLO,CAQUETÁ,2007,3,0.27
18247,EL DONCELLO,CAQUETÁ,2008,7,0.63
18247,EL DONCELLO,CAQUETÁ,2009,25,2.25
18247,EL DONCELLO,CAQUETÁ,2010,29,2.61
18247,EL DONCELLO,CAQUETÁ,2011,79,7.109999999999999
18247,EL DONCELLO,CAQUETÁ,2012,89,8.01
18247,EL DONCELLO,CAQUETÁ,2013,5,0.44999999999999996
18247,EL DONCELLO,CAQUETÁ,2014,12,1.08
18247,EL DONCELLO,CAQUETÁ,2015,2,0.18
18247,EL DONCELLO,CAQUETÁ,2016,2,0.18
18247,EL DONCELLO,CAQUETÁ,2018,5,0.44999999999999996
18247,EL DONCELLO,CAQUETÁ,2020,2,0.18
18247,EL DONCELLO,CAQUETÁ,2021,30,2.6999999999999997
18247,EL DONCELLO,CAQUETÁ,2022,8,0.72
18247,EL DONCELLO,CAQUETÁ,2023,156,14.04
18256,EL PAUJÍL,CAQUETÁ,2001,60,5.3999999999999995
18256,EL PAUJÍL,CAQUETÁ,2002,216,19.439999999999998
18256,EL PAUJÍL,CAQUETÁ,2003,40,3.5999999999999996
18256,EL PAUJÍL,CAQUETÁ,2004,358,32.22
18256,EL PAUJÍL,CAQUETÁ,2005,160,14.399999999999999
18256,EL PAUJÍL,CAQUETÁ,2006,57,5.13
18256,EL PAUJÍL,CAQUETÁ,2007,13,1.17
18256,EL PAUJÍL,CAQUETÁ,2008,358,32.22
18256,EL PAUJÍL,CAQUETÁ,2009,31,2.79
18256,EL PAUJÍL,CAQUETÁ,2010,154,13.86
18256,EL PAUJÍL,CAQUETÁ,2011,265,23.849999999999998
18256,EL PAUJÍL,CAQUETÁ,2012,196,17.64
18256,EL PAUJÍL,CAQUETÁ,2013,39,3.51
18256,EL PAUJÍL,CAQUETÁ,2014,4,0.36
18256,EL PAUJÍL,CAQUETÁ,2015,51,4.59
18256,EL PAUJÍL,CAQUETÁ,2016,101,9.09
18256,EL PAUJÍL,CAQUETÁ,2017,10,0.8999999999999999
18256,EL PAUJÍL,CAQUETÁ,2018,57,5.13
18256,EL PAUJÍL,CAQUETÁ,2019,31,2.79
18256,EL PAUJÍL,CAQUETÁ,2020,27,2.4299999999999997
18256,EL PAUJÍL,CAQUETÁ,2021,9,0.8099999999999999
18256,EL PAUJÍL,CAQUETÁ,2022,32,2.88
18256,EL PAUJÍL,CAQUETÁ,2023,12,1.08
18410,LA MONTAÑITA,CAQUETÁ,2001,106,9.54
18410,LA MONTAÑITA,CAQUETÁ,2002,95,8.549999999999999
18410,LA MONTAÑITA,CAQUETÁ,2003,177,15.93
18410,LA MONTAÑITA,CAQUETÁ,2004,95,8.549999999999999
18410,LA MONTAÑITA,CAQUETÁ,2005,241,21.689999999999998
18410,LA MONTAÑITA,CAQUETÁ,2006,977,87.92999999999999
18410,LA MONTAÑITA,CAQUETÁ,2007,28,2.52
18410,LA MONTAÑITA,CAQUETÁ,2008,397,35.73
18410,LA MONTAÑITA,CAQUETÁ,2009,634,57.059999999999995
18410,LA MONTAÑITA,CAQUETÁ,2010,428,38.519999999999996
18410,LA MONTAÑITA,CAQUETÁ,2011,362,32.58
18410,LA MONTAÑITA,CAQUETÁ,2012,239,21.509999999999998
18410,LA MONTAÑITA,CAQUETÁ,2013,19,1.71
18410,LA MONTAÑITA,CAQUETÁ,2014,39,3.51
18410,LA MONTAÑITA,CAQUETÁ,2015,30,2.6999999999999997
18410,LA MONTAÑITA,CAQUETÁ,2016,113,10.17
18410,LA MONTAÑITA,CAQUETÁ,2017,43,3.8699999999999997
18410,LA MONTAÑITA,CAQUETÁ,2018,15,1.3499999999999999
18410,LA MONTAÑITA,CAQUETÁ,2019,61,5.49
18410,LA MONTAÑITA,CAQUETÁ,2020,16,1.44
18410,LA MONTAÑITA,CAQUETÁ,2021,11,0.99
18410,LA MONTAÑITA,CAQUETÁ,2022,38,3.42
18410,LA MONTAÑITA,CAQUETÁ,2023,8,0.72
18460,MILÁN,CAQUETÁ,2001,68,6.12
18460,MILÁN,CAQUETÁ,2002,153,13.77
18460,MILÁN,CAQUETÁ,2003,348,31.32
18460,MILÁN,CAQUETÁ,2004,1391,125.19
18460,MILÁN,CAQUETÁ,2005,373,33.57
18460,MILÁN,CAQUETÁ,2006,393,35.37
18460,MILÁN,CAQUETÁ,2007,331,29.79
18460,MILÁN,CAQUETÁ,2008,698,62.82
18460,MILÁN,CAQUETÁ,2009,858,77.22
18460,MILÁN,CAQUETÁ,2010,1422,127.97999999999999
18460,MILÁN,CAQUETÁ,2011,4659,419.31
18460,MILÁN,CAQUETÁ,2012,1646,148.14
18460,MILÁN,CAQUETÁ,2013,53,4.77
18460,MILÁN,CAQUETÁ,2014,1593,143.37
18460,MILÁN,CAQUETÁ,2015,997,89.72999999999999
18460,MILÁN,CAQUETÁ,2016,768,69.12
18460,MILÁN,CAQUETÁ,2017,1006,90.53999999999999
18460,MILÁN,CAQUETÁ,2018,907,81.63
18460,MILÁN,CAQUETÁ,2019,80,7.199999999999999
18460,MILÁN,CAQUETÁ,2020,4,0.36
18460,MILÁN,CAQUETÁ,2021,185,16.65
18460,MILÁN,CAQUETÁ,2022,1023,92.07
18460,MILÁN,CAQUETÁ,2023,250,22.5
18479,MORELIA,CAQUETÁ,2001,22,1.98
18479,MORELIA,CAQUETÁ,2002,9,0.8099999999999999
18479,MORELIA,CAQUETÁ,2003,49,4.41
18479,MORELIA,CAQUETÁ,2004,126,11.34
18479,MORELIA,CAQUETÁ,2005,13,1.17
18479,MORELIA,CAQUETÁ,2006,120,10.799999999999999
18479,MORELIA,CAQUETÁ,2007,89,8.01
18479,MORELIA,CAQUETÁ,2008,182,16.38
18479,MORELIA,CAQUETÁ,2009,147,13.229999999999999
18479,MORELIA,CAQUETÁ,2010,10,0.8999999999999999
18479,MORELIA,CAQUETÁ,2011,69,6.21
18479,MORELIA,CAQUETÁ,2012,115,10.35
18479,MORELIA,CAQUETÁ,2013,12,1.08
18479,MORELIA,CAQUETÁ,2014,25,2.25
18479,MORELIA,CAQUETÁ,2015,137,12.33
18479,MORELIA,CAQUETÁ,2016,17,1.53
18479,MORELIA,CAQUETÁ,2017,37,3.33
18479,MORELIA,CAQUETÁ,2018,10,0.8999999999999999
18479,MORELIA,CAQUETÁ,2020,12,1.08
18479,MORELIA,CAQUETÁ,2022,82,7.38
18479,MORELIA,CAQUETÁ,2023,686,61.739999999999995
18592,PUERTO RICO,CAQUETÁ,2001,55,4.95
18592,PUERTO RICO,CAQUETÁ,2002,47,4.2299999999999995
18592,PUERTO RICO,CAQUETÁ,2003,5,0.44999999999999996
18592,PUERTO RICO,CAQUETÁ,2004,63,5.67
18592,PUERTO RICO,CAQUETÁ,2005,126,11.34
18592,PUERTO RICO,CAQUETÁ,2006,171,15.389999999999999
18592,PUERTO RICO,CAQUETÁ,2007,129,11.61
18592,PUERTO RICO,CAQUETÁ,2008,94,8.459999999999999
18592,PUERTO RICO,CAQUETÁ,2009,225,20.25
18592,PUERTO RICO,CAQUETÁ,2010,259,23.31
18592,PUERTO RICO,CAQUETÁ,2011,71,6.39
18592,PUERTO RICO,CAQUETÁ,2012,127,11.43
18592,PUERTO RICO,CAQUETÁ,2013,45,4.05
18592,PUERTO RICO,CAQUETÁ,2014,124,11.16
18592,PUERTO RICO,CAQUETÁ,2015,160,14.399999999999999
18592,PUERTO RICO,CAQUETÁ,2016,244,21.96
18592,PUERTO RICO,CAQUETÁ,2017,143,12.87
18592,PUERTO RICO,CAQUETÁ,2018,138,12.42
18592,PUERTO RICO,CAQUETÁ,2019,76,6.84
18592,PUERTO RICO,CAQUETÁ,2020,253,22.77
18592,PUERTO RICO,CAQUETÁ,2021,193,17.37
18592,PUERTO RICO,CAQUETÁ,2022,192,17.28
18592,PUERTO RICO,CAQUETÁ,2023,162,14.58
18610,SAN JOSÉ DEL FRAGUA,CAQUETÁ,2001,1,0.09
18610,SAN JOSÉ DEL FRAGUA,CAQUETÁ,2002,22,1.98
18610,SAN JOSÉ DEL FRAGUA,CAQUETÁ,2006,2,0.18
18610,SAN JOSÉ DEL FRAGUA,CAQUETÁ,2007,1,0.09
18610,SAN JOSÉ DEL FRAGUA,CAQUETÁ,2009,1,0.09
18610,SAN JOSÉ DEL FRAGUA,CAQUETÁ,2010,2,0.18
18610,SAN JOSÉ DEL FRAGUA,CAQUETÁ,2013,14,1.26
18610,SAN JOSÉ DEL FRAGUA,CAQUETÁ,2015,6,0.54
18610,SAN JOSÉ DEL FRAGUA,CAQUETÁ,2016,11,0.99
18610,SAN JOSÉ DEL FRAGUA,CAQUETÁ,2017,38,3.42
18610,SAN JOSÉ DEL FRAGUA,CAQUETÁ,2018,21,1.89
18610,SAN JOSÉ DEL FRAGUA,CAQUETÁ,2019,14,1.26
18610,SAN JOSÉ DEL FRAGUA,CAQUETÁ,2020,34,3.06
18610,SAN JOSÉ DEL FRAGUA,CAQUETÁ,2021,3,0.27
18753,SAN VICENTE DEL CAGUÁN,CAQUETÁ,2001,17,1.53
18753,SAN VICENTE DEL CAGUÁN,CAQUETÁ,2002,44,3.96
18753,SAN VICENTE DEL CAGUÁN,CAQUETÁ,2003,27,2.4299999999999997
18753,SAN VICENTE DEL CAGUÁN,CAQUETÁ,2004,12,1.08
18753,SAN VICENTE DEL CAGUÁN,CAQUETÁ,2005,9,0.8099999999999999
18753,SAN VICENTE DEL CAGUÁN,CAQUETÁ,2006,53,4.77
18753,SAN VICENTE DEL CAGUÁN,CAQUETÁ,2007,13,1.17
18753,SAN VICENTE DEL CAGUÁN,CAQUETÁ,2008,27,2.4299999999999997
18753,SAN VICENTE DEL CAGUÁN,CAQUETÁ,2009,30,2.6999999999999997
18753,SAN VICENTE DEL CAGUÁN,CAQUETÁ,2010,17,1.53
18753,SAN VICENTE DEL CAGUÁN,CAQUETÁ,2011,8,0.72
18753,SAN VICENTE DEL CAGUÁN,CAQUETÁ,2012,55,4.95
18753,SAN VICENTE DEL CAGUÁN,CAQUETÁ,2013,11,0.99
18753,SAN VICENTE DEL CAGUÁN,CAQUETÁ,2014,12,1.08
18753,SAN VICENTE DEL CAGUÁN,CAQUETÁ,2015,19,1.71
18753,SAN VICENTE DEL CAGUÁN,CAQUETÁ,2016,10,0.8999999999999999
18753,SAN VICENTE DEL CAGUÁN,CAQUETÁ,2017,3,0.27
18753,SAN VICENTE DEL CAGUÁN,CAQUETÁ,2018,3,0.27
18753,SAN VICENTE DEL CAGUÁN,CAQUETÁ,2019,6,0.54
18753,SAN VICENTE DEL CAGUÁN,CAQUETÁ,2020,8,0.72
18753,SAN VICENTE DEL CAGUÁN,CAQUETÁ,2021,1,0.09
18753,SAN VICENTE DEL CAGUÁN,CAQUETÁ,2023,4,0.36
18756,SOLANO,CAQUETÁ,2001,3,0.27
18756,SOLANO,CAQUETÁ,2002,4,0.36
18756,SOLANO,CAQUETÁ,2004,9,0.8099999999999999
18756,SOLANO,CAQUETÁ,2005,2,0.18
18756,SOLANO,CAQUETÁ,2006,1,0.09
18756,SOLANO,CAQUETÁ,2007,8,0.72
18756,SOLANO,CAQUETÁ,2008,27,2.4299999999999997
18756,SOLANO,CAQUETÁ,2009,31,2.79
18756,SOLANO,CAQUETÁ,2010,10,0.8999999999999999
18756,SOLANO,CAQUETÁ,2011,5,0.44999999999999996
18756,SOLANO,CAQUETÁ,2012,27,2.4299999999999997
18756,SOLANO,CAQUETÁ,2013,3,0.27
18756,SOLANO,CAQUETÁ,2014,36,3.2399999999999998
18756,SOLANO,CAQUETÁ,2015,28,2.52
18756,SOLANO,CAQUETÁ,2016,14,1.26
18756,SOLANO,CAQUETÁ,2017,10,0.8999999999999999
18756,SOLANO,CAQUETÁ,2018,12,1.08
18756,SOLANO,CAQUETÁ,2019,3,0.27
18756,SOLANO,CAQUETÁ,2020,15,1.3499999999999999
18756,SOLANO,CAQUETÁ,2021,2,0.18
18756,SOLANO,CAQUETÁ,2022,13,1.17
18785,SOLITA,CAQUETÁ,2001,5,0.44999999999999996
18785,SOLITA,CAQUETÁ,2002,2,0.18
18785,SOLITA,CAQUETÁ,2003,2,0.18
18785,SOLITA,CAQUETÁ,2004,2,0.18
18785,SOLITA,CAQUETÁ,2005,3,0.27
18785,SOLITA,CAQUETÁ,2006,3,0.27
18785,SOLITA,CAQUETÁ,2008,7,0.63
18785,SOLITA,CAQUETÁ,2009,5,0.44999999999999996
18785,SOLITA,CAQUETÁ,2010,1,0.09
18785,SOLITA,CAQUETÁ,2011,24,2.16
18785,SOLITA,CAQUETÁ,2012,26,2.34
18785,SOLITA,CAQUETÁ,2014,7,0.63
18785,SOLITA,CAQUETÁ,2015,426,38.339999999999996
18785,SOLITA,CAQUETÁ,2016,370,33.3
18785,SOLITA,CAQUETÁ,2017,672,60.48
18785,SOLITA,CAQUETÁ,2018,670,60.3
18785,SOLITA,CAQUETÁ,2019,9,0.8099999999999999
18785,SOLITA,CAQUETÁ,2020,64,5.76
18785,SOLITA,CAQUETÁ,2021,549,49.41
18785,SOLITA,CAQUETÁ,2022,94,8.459999999999999
18785,SOLITA,CAQUETÁ,2023,145,13.049999999999999
18860,VALPARAÍSO,CAQUETÁ,2001,5,0.44999999999999996
18860,VALPARAÍSO,CAQUETÁ,2002,4,0.36
18860,VALPARAÍSO,CAQUETÁ,2003,11,0.99
18860,VALPARAÍSO,CAQUETÁ,2004,34,3.06
18860,VALPARAÍSO,CAQUETÁ,2005,4,0.36
18860,VALPARAÍSO,CAQUETÁ,2006,5,0.44999999999999996
18860,VALPARAÍSO,CAQUETÁ,2007,1,0.09
18860,VALPARAÍSO,CAQUETÁ,2008,12,1.08
18860,VALPARAÍSO,CAQUETÁ,2009,2,0.18
18860,VALPARAÍSO,CAQUETÁ,2012,16,1.44
18860,VALPARAÍSO,CAQUETÁ,2016,27,2.4299999999999997
18860,VALPARAÍSO,CAQUETÁ,2017,1401,126.08999999999999
18860,VALPARAÍSO,CAQUETÁ,2018,341,30.689999999999998
18860,VALPARAÍSO,CAQUETÁ,2019,97,8.73
18860,VALPARAÍSO,CAQUETÁ,2020,199,17.91
18860,VALPARAÍSO,CAQUETÁ,2021,1016,91.44
18860,VALPARAÍSO,CAQUETÁ,2022,728,65.52
18860,VALPARAÍSO,CAQUETÁ,2023,1472,132.48
19001,POPAYÁN,CAUCA,2001,13,1.17
19001,POPAYÁN,CAUCA,2002,35,3.15
19001,POPAYÁN,CAUCA,2003,5,0.44999999999999996
19001,POPAYÁN,CAUCA,2004,5,0.44999999999999996
19001,POPAYÁN,CAUCA,2005,1,0.09
19001,POPAYÁN,CAUCA,2006,56,5.04
19001,POPAYÁN,CAUCA,2007,4,0.36
19001,POPAYÁN,CAUCA,2008,5,0.44999999999999996
19001,POPAYÁN,CAUCA,2009,2,0.18
19001,POPAYÁN,CAUCA,2010,2,0.18
19001,POPAYÁN,CAUCA,2011,5,0.44999999999999996
19001,POPAYÁN,CAUCA,2012,3,0.27
19001,POPAYÁN,CAUCA,2013,1,0.09
19001,POPAYÁN,CAUCA,2022,73,6.569999999999999
19001,POPAYÁN,CAUCA,2023,308,27.72
19022,ALMAGUER,CAUCA,2001,31,2.79
19022,ALMAGUER,CAUCA,2002,156,14.04
19022,ALMAGUER,CAUCA,2003,118,10.62
19022,ALMAGUER,CAUCA,2004,21,1.89
19022,ALMAGUER,CAUCA,2005,80,7.199999999999999
19022,ALMAGUER,CAUCA,2006,153,13.77
19022,ALMAGUER,CAUCA,2007,14,1.26
19022,ALMAGUER,CAUCA,2008,21,1.89
19022,ALMAGUER,CAUCA,2009,11,0.99
19022,ALMAGUER,CAUCA,2010,130,11.7
19022,ALMAGUER,CAUCA,2011,6,0.54
19022,ALMAGUER,CAUCA,2012,34,3.06
19022,ALMAGUER,CAUCA,2016,2,0.18
19022,ALMAGUER,CAUCA,2018,1,0.09
19022,ALMAGUER,CAUCA,2020,11,0.99
19022,ALMAGUER,CAUCA,2021,29,2.61
19022,ALMAGUER,CAUCA,2022,2,0.18
19050,ARGELIA,CAUCA,2001,21,1.89
19050,ARGELIA,CAUCA,2002,33,2.9699999999999998
19050,ARGELIA,CAUCA,2003,5,0.44999999999999996
19050,ARGELIA,CAUCA,2004,42,3.78
19050,ARGELIA,CAUCA,2005,6,0.54
19050,ARGELIA,CAUCA,2006,18,1.6199999999999999
19050,ARGELIA,CAUCA,2007,41,3.69
19050,ARGELIA,CAUCA,2008,32,2.88
19050,ARGELIA,CAUCA,2009,47,4.2299999999999995
19050,ARGELIA,CAUCA,2010,4,0.36
19050,ARGELIA,CAUCA,2011,13,1.17
19050,ARGELIA,CAUCA,2012,8,0.72
19050,ARGELIA,CAUCA,2013,19,1.71
19050,ARGELIA,CAUCA,2014,84,7.56
19050,ARGELIA,CAUCA,2015,193,17.37
19050,ARGELIA,CAUCA,2016,79,7.109999999999999
19050,ARGELIA,CAUCA,2017,149,13.41
19050,ARGELIA,CAUCA,2018,148,13.32
19050,ARGELIA,CAUCA,2019,75,6.75
19050,ARGELIA,CAUCA,2020,209,18.81
19050,ARGELIA,CAUCA,2021,183,16.47
19050,ARGELIA,CAUCA,2022,20,1.7999999999999998
19050,ARGELIA,CAUCA,2023,81,7.29
19075,BALBOA,CAUCA,2001,83,7.47
19075,BALBOA,CAUCA,2002,59,5.31
19075,BALBOA,CAUCA,2003,33,2.9699999999999998
19075,BALBOA,CAUCA,2004,6,0.54
19075,BALBOA,CAUCA,2005,78,7.02
19075,BALBOA,CAUCA,2006,95,8.549999999999999
19075,BALBOA,CAUCA,2007,29,2.61
19075,BALBOA,CAUCA,2008,72,6.4799999999999995
19075,BALBOA,CAUCA,2009,36,3.2399999999999998
19075,BALBOA,CAUCA,2010,38,3.42
19075,BALBOA,CAUCA,2011,24,2.16
19075,BALBOA,CAUCA,2012,57,5.13
19075,BALBOA,CAUCA,2013,1,0.09
19075,BALBOA,CAUCA,2014,37,3.33
19075,BALBOA,CAUCA,2015,37,3.33
19075,BALBOA,CAUCA,2016,26,2.34
19075,BALBOA,CAUCA,2017,43,3.8699999999999997
19075,BALBOA,CAUCA,2018,93,8.37
19075,BALBOA,CAUCA,2019,83,7.47
19075,BALBOA,CAUCA,2020,96,8.64
19075,BALBOA,CAUCA,2021,384,34.56
19075,BALBOA,CAUCA,2022,18,1.6199999999999999
19075,BALBOA,CAUCA,2023,22,1.98
19100,BOLÍVAR,CAUCA,2001,2,0.18
19100,BOLÍVAR,CAUCA,2002,40,3.5999999999999996
19100,BOLÍVAR,CAUCA,2003,67,6.029999999999999
19100,BOLÍVAR,CAUCA,2004,253,22.77
19100,BOLÍVAR,CAUCA,2005,47,4.2299999999999995
19100,BOLÍVAR,CAUCA,2006,13,1.17
19100,BOLÍVAR,CAUCA,2007,25,2.25
19100,BOLÍVAR,CAUCA,2008,81,7.29
19100,BOLÍVAR,CAUCA,2010,5,0.44999999999999996
19100,BOLÍVAR,CAUCA,2011,1,0.09
19100,BOLÍVAR,CAUCA,2012,4,0.36
19100,BOLÍVAR,CAUCA,2017,43,3.8699999999999997
19100,BOLÍVAR,CAUCA,2023,8,0.72
19110,BUENOS AIRES,CAUCA,2001,33,2.9699999999999998
19110,BUENOS AIRES,CAUCA,2002,279,25.11
19110,BUENOS AIRES,CAUCA,2003,81,7.29
19110,BUENOS AIRES,CAUCA,2004,162,14.58
19110,BUENOS AIRES,CAUCA,2005,127,11.43
19110,BUENOS AIRES,CAUCA,2006,44,3.96
19110,BUENOS AIRES,CAUCA,2007,20,1.7999999999999998
19110,BUENOS AIRES,CAUCA,2008,61,5.49
19110,BUENOS AIRES,CAUCA,2009,60,5.3999999999999995
19110,BUENOS AIRES,CAUCA,2010,144,12.959999999999999
19110,BUENOS AIRES,CAUCA,2011,65,5.85
19110,BUENOS AIRES,CAUCA,2012,87,7.83
19110,BUENOS AIRES,CAUCA,2013,114,10.26
19110,BUENOS AIRES,CAUCA,2014,289,26.009999999999998
19110,BUENOS AIRES,CAUCA,2015,344,30.959999999999997
19110,BUENOS AIRES,CAUCA,2016,288,25.919999999999998
19110,BUENOS AIRES,CAUCA,2017,661,59.489999999999995
19110,BUENOS AIRES,CAUCA,2018,426,38.339999999999996
19110,BUENOS AIRES,CAUCA,2019,432,38.879999999999995
19110,BUENOS AIRES,CAUCA,2020,764,68.75999999999999
19110,BUENOS AIRES,CAUCA,2021,675,60.75
19110,BUENOS AIRES,CAUCA,2022,366,32.94
19110,BUENOS AIRES,CAUCA,2023,574,51.66
19130,CAJIBÍO,CAUCA,2001,96,8.64
19130,CAJIBÍO,CAUCA,2002,146,13.139999999999999
19130,CAJIBÍO,CAUCA,2003,175,15.75
19130,CAJIBÍO,CAUCA,2004,25,2.25
19130,CAJIBÍO,CAUCA,2005,137,12.33
19130,CAJIBÍO,CAUCA,2007,15,1.3499999999999999
19130,CAJIBÍO,CAUCA,2008,75,6.75
19130,CAJIBÍO,CAUCA,2009,56,5.04
19130,CAJIBÍO,CAUCA,2010,28,2.52
19130,CAJIBÍO,CAUCA,2011,25,2.25
19130,CAJIBÍO,CAUCA,2012,25,2.25
19130,CAJIBÍO,CAUCA,2013,5,0.44999999999999996
19130,CAJIBÍO,CAUCA,2014,23,2.07
19130,CAJIBÍO,CAUCA,2015,18,1.6199999999999999
19130,CAJIBÍO,CAUCA,2016,94,8.459999999999999
19130,CAJIBÍO,CAUCA,2017,406,36.54
19130,CAJIBÍO,CAUCA,2018,69,6.21
19130,CAJIBÍO,CAUCA,2019,59,5.31
19130,CAJIBÍO,CAUCA,2020,105,9.45
19130,CAJIBÍO,CAUCA,2021,335,30.15
19130,CAJIBÍO,CAUCA,2022,78,7.02
19130,CAJIBÍO,CAUCA,2023,10,0.8999999999999999
19137,CALDONO,CAUCA,2001,3,0.27
19137,CALDONO,CAUCA,2002,57,5.13
19137,CALDONO,CAUCA,2004,65,5.85
19137,CALDONO,CAUCA,2005,23,2.07
19137,CALDONO,CAUCA,2006,7,0.63
19137,CALDONO,CAUCA,2007,26,2.34
19137,CALDONO,CAUCA,2008,4,0.36
19137,CALDONO,CAUCA,2009,10,0.8999999999999999
19137,CALDONO,CAUCA,2010,5,0.44999999999999996
19137,CALDONO,CAUCA,2011,2,0.18
19137,CALDONO,CAUCA,2012,16,1.44
19137,CALDONO,CAUCA,2013,54,4.859999999999999
19137,CALDONO,CAUCA,2014,47,4.2299999999999995
19137,CALDONO,CAUCA,2015,19,1.71
19137,CALDONO,CAUCA,2016,107,9.629999999999999
19137,CALDONO,CAUCA,2017,185,16.65
19137,CALDONO,CAUCA,2018,178,16.02
19137,CALDONO,CAUCA,2019,69,6.21
19137,CALDONO,CAUCA,2020,113,10.17
19137,CALDONO,CAUCA,2021,121,10.889999999999999
19137,CALDONO,CAUCA,2022,59,5.31
19137,CALDONO,CAUCA,2023,57,5.13
19142,CALOTO,CAUCA,2001,1,0.09
19142,CALOTO,CAUCA,2002,44,3.96
19142,CALOTO,CAUCA,2003,9,0.8099999999999999
19142,CALOTO,CAUCA,2004,186,16.74
19142,CALOTO,CAUCA,2005,32,2.88
19142,CALOTO,CAUCA,2006,61,5.49
19142,CALOTO,CAUCA,2007,86,7.739999999999999
19142,CALOTO,CAUCA,2008,87,7.83
19142,CALOTO,CAUCA,2009,34,3.06
19142,CALOTO,CAUCA,2010,110,9.9
19142,CALOTO,CAUCA,2011,22,1.98
19142,CALOTO,CAUCA,2012,55,4.95
19142,CALOTO,CAUCA,2013,18,1.6199999999999999
19142,CALOTO,CAUCA,2014,16,1.44
19142,CALOTO,CAUCA,2015,28,2.52
19142,CALOTO,CAUCA,2016,128,11.52
19142,CALOTO,CAUCA,2017,190,17.099999999999998
19142,CALOTO,CAUCA,2018,73,6.569999999999999
19142,CALOTO,CAUCA,2019,389,35.01
19142,CALOTO,CAUCA,2020,56,5.04
19142,CALOTO,CAUCA,2021,138,12.42
19142,CALOTO,CAUCA,2022,52,4.68
19142,CALOTO,CAUCA,2023,46,4.14
19212,CORINTO,CAUCA,2001,64,5.76
19212,CORINTO,CAUCA,2002,276,24.84
19212,CORINTO,CAUCA,2003,65,5.85
19212,CORINTO,CAUCA,2004,269,24.21
19212,CORINTO,CAUCA,2005,114,10.26
19212,CORINTO,CAUCA,2006,66,5.9399999999999995
19212,CORINTO,CAUCA,2007,55,4.95
19212,CORINTO,CAUCA,2008,1083,97.47
19212,CORINTO,CAUCA,2009,306,27.54
19212,CORINTO,CAUCA,2010,105,9.45
19212,CORINTO,CAUCA,2011,99,8.91
19212,CORINTO,CAUCA,2012,446,40.14
19212,CORINTO,CAUCA,2013,323,29.07
19212,CORINTO,CAUCA,2014,521,46.89
19212,CORINTO,CAUCA,2015,386,34.74
19212,CORINTO,CAUCA,2016,472,42.48
19212,CORINTO,CAUCA,2017,1042,93.78
19212,CORINTO,CAUCA,2018,808,72.72
19212,CORINTO,CAUCA,2019,875,78.75
19212,CORINTO,CAUCA,2020,877,78.92999999999999
19212,CORINTO,CAUCA,2021,745,67.05
19212,CORINTO,CAUCA,2022,564,50.76
19212,CORINTO,CAUCA,2023,411,36.99
19256,EL TAMBO,CAUCA,2001,3,0.27
19256,EL TAMBO,CAUCA,2002,53,4.77
19256,EL TAMBO,CAUCA,2004,91,8.19
19256,EL TAMBO,CAUCA,2005,2,0.18
19256,EL TAMBO,CAUCA,2008,54,4.859999999999999
19256,EL TAMBO,CAUCA,2009,30,2.6999999999999997
19256,EL TAMBO,CAUCA,2010,20,1.7999999999999998
19256,EL TAMBO,CAUCA,2011,140,12.6
19256,EL TAMBO,CAUCA,2012,120,10.799999999999999
19256,EL TAMBO,CAUCA,2013,20,1.7999999999999998
19256,EL TAMBO,CAUCA,2014,73,6.569999999999999
19256,EL TAMBO,CAUCA,2015,123,11.07
19256,EL TAMBO,CAUCA,2016,82,7.38
19256,EL TAMBO,CAUCA,2017,196,17.64
19256,EL TAMBO,CAUCA,2018,504,45.36
19256,EL TAMBO,CAUCA,2019,785,70.64999999999999
19256,EL TAMBO,CAUCA,2020,451,40.589999999999996
19256,EL TAMBO,CAUCA,2021,116,10.44
19256,EL TAMBO,CAUCA,2022,106,9.54
19256,EL TAMBO,CAUCA,2023,127,11.43
19290,FLORENCIA,CAUCA,2001,5,0.44999999999999996
19290,FLORENCIA,CAUCA,2002,1,0.09
19290,FLORENCIA,CAUCA,2003,1,0.09
19290,FLORENCIA,CAUCA,2005,1,0.09
19290,FLORENCIA,CAUCA,2007,5,0.44999999999999996
19290,FLORENCIA,CAUCA,2008,5,0.44999999999999996
19290,FLORENCIA,CAUCA,2009,16,1.44
19290,FLORENCIA,CAUCA,2010,4,0.36
19290,FLORENCIA,CAUCA,2011,19,1.71
19290,FLORENCIA,CAUCA,2012,33,2.9699999999999998
19290,FLORENCIA,CAUCA,2020,83,7.47
19300,GUACHENÉ,CAUCA,2001,1,0.09
19300,GUACHENÉ,CAUCA,2002,9,0.8099999999999999
19300,GUACHENÉ,CAUCA,2004,9,0.8099999999999999
19300,GUACHENÉ,CAUCA,2005,4,0.36
19300,GUACHENÉ,CAUCA,2006,1,0.09
19300,GUACHENÉ,CAUCA,2007,16,1.44
19300,GUACHENÉ,CAUCA,2008,16,1.44
19300,GUACHENÉ,CAUCA,2010,5,0.44999999999999996
19300,GUACHENÉ,CAUCA,2011,9,0.8099999999999999
19300,GUACHENÉ,CAUCA,2012,36,3.2399999999999998
19300,GUACHENÉ,CAUCA,2013,31,2.79
19300,GUACHENÉ,CAUCA,2014,36,3.2399999999999998
19300,GUACHENÉ,CAUCA,2015,81,7.29
19300,GUACHENÉ,CAUCA,2016,13,1.17
19300,GUACHENÉ,CAUCA,2017,17,1.53
19300,GUACHENÉ,CAUCA,2018,68,6.12
19300,GUACHENÉ,CAUCA,2019,205,18.45
19300,GUACHENÉ,CAUCA,2020,36,3.2399999999999998
19300,GUACHENÉ,CAUCA,2021,47,4.2299999999999995
19300,GUACHENÉ,CAUCA,2022,39,3.51
19300,GUACHENÉ,CAUCA,2023,38,3.42
19318,GUAPI,CAUCA,2001,3,0.27
19318,GUAPI,CAUCA,2004,3,0.27
19318,GUAPI,CAUCA,2009,3,0.27
19318,GUAPI,CAUCA,2012,20,1.7999999999999998
19318,GUAPI,CAUCA,2013,19,1.71
19318,GUAPI,CAUCA,2014,1,0.09
19318,GUAPI,CAUCA,2015,16,1.44
19318,GUAPI,CAUCA,2016,15,1.3499999999999999
19318,GUAPI,CAUCA,2017,7,0.63
19355,INZÁ,CAUCA,2001,2,0.18
19355,INZÁ,CAUCA,2002,4,0.36
19355,INZÁ,CAUCA,2009,10,0.8999999999999999
19355,INZÁ,CAUCA,2010,2,0.18
19355,INZÁ,CAUCA,2012,46,4.14
19364,JAMBALÓ,CAUCA,2004,1,0.09
19364,JAMBALÓ,CAUCA,2006,22,1.98
19364,JAMBALÓ,CAUCA,2007,225,20.25
19364,JAMBALÓ,CAUCA,2013,10,0.8999999999999999
19392,LA SIERRA,CAUCA,2003,2,0.18
19392,LA SIERRA,CAUCA,2011,3,0.27
19392,LA SIERRA,CAUCA,2012,3,0.27
19392,LA SIERRA,CAUCA,2013,4,0.36
19392,LA SIERRA,CAUCA,2019,7,0.63
19397,LA VEGA,CAUCA,2001,40,3.5999999999999996
19397,LA VEGA,CAUCA,2002,14,1.26
19397,LA VEGA,CAUCA,2003,4,0.36
19397,LA VEGA,CAUCA,2004,45,4.05
19397,LA VEGA,CAUCA,2005,9,0.8099999999999999
19397,LA VEGA,CAUCA,2008,2,0.18
19397,LA VEGA,CAUCA,2009,1,0.09
19397,LA VEGA,CAUCA,2011,3,0.27
19397,LA VEGA,CAUCA,2012,60,5.3999999999999995
19397,LA VEGA,CAUCA,2013,4,0.36
19397,LA VEGA,CAUCA,2014,7,0.63
19397,LA VEGA,CAUCA,2015,6,0.54
19397,LA VEGA,CAUCA,2016,10,0.8999999999999999
19397,LA VEGA,CAUCA,2017,27,2.4299999999999997
19397,LA VEGA,CAUCA,2018,20,1.7999999999999998
19397,LA VEGA,CAUCA,2019,385,34.65
19397,LA VEGA,CAUCA,2022,62,5.58
19397,LA VEGA,CAUCA,2023,12,1.08
19418,LÓPEZ DE MICAY,CAUCA,2001,718,64.62
19418,LÓPEZ DE MICAY,CAUCA,2002,112,10.08
19418,LÓPEZ DE MICAY,CAUCA,2003,489,44.01
19418,LÓPEZ DE MICAY,CAUCA,2004,599,53.91
19418,LÓPEZ DE MICAY,CAUCA,2005,310,27.9
19418,LÓPEZ DE MICAY,CAUCA,2006,73,6.569999999999999
19418,LÓPEZ DE MICAY,CAUCA,2007,537,48.33
19418,LÓPEZ DE MICAY,CAUCA,2008,645,58.05
19418,LÓPEZ DE MICAY,CAUCA,2009,409,36.809999999999995
19418,LÓPEZ DE MICAY,CAUCA,2010,224,20.16
19418,LÓPEZ DE MICAY,CAUCA,2011,322,28.98
19418,LÓPEZ DE MICAY,CAUCA,2012,441,39.69
19418,LÓPEZ DE MICAY,CAUCA,2013,501,45.089999999999996
19418,LÓPEZ DE MICAY,CAUCA,2014,416,37.44
19418,LÓPEZ DE MICAY,CAUCA,2015,295,26.55
19418,LÓPEZ DE MICAY,CAUCA,2016,626,56.339999999999996
19418,LÓPEZ DE MICAY,CAUCA,2017,720,64.8
19418,LÓPEZ DE MICAY,CAUCA,2018,1292,116.28
19418,LÓPEZ DE MICAY,CAUCA,2019,709,63.809999999999995
19418,LÓPEZ DE MICAY,CAUCA,2020,609,54.809999999999995
19418,LÓPEZ DE MICAY,CAUCA,2021,416,37.44
19418,LÓPEZ DE MICAY,CAUCA,2022,266,23.939999999999998
19418,LÓPEZ DE MICAY,CAUCA,2023,521,46.89
19450,MERCADERES,CAUCA,2001,36,3.2399999999999998
19450,MERCADERES,CAUCA,2003,14,1.26
19450,MERCADERES,CAUCA,2004,10,0.8999999999999999
19450,MERCADERES,CAUCA,2005,1,0.09
19450,MERCADERES,CAUCA,2006,3,0.27
19450,MERCADERES,CAUCA,2007,10,0.8999999999999999
19450,MERCADERES,CAUCA,2008,3,0.27
19450,MERCADERES,CAUCA,2009,23,2.07
19450,MERCADERES,CAUCA,2010,24,2.16
19450,MERCADERES,CAUCA,2011,3,0.27
19450,MERCADERES,CAUCA,2012,4,0.36
19450,MERCADERES,CAUCA,2014,10,0.8999999999999999
19450,MERCADERES,CAUCA,2015,2,0.18
19455,MIRANDA,CAUCA,2001,1,0.09
19455,MIRANDA,CAUCA,2002,2,0.18
19455,MIRANDA,CAUCA,2004,1,0.09
19455,MIRANDA,CAUCA,2005,1,0.09
19455,MIRANDA,CAUCA,2006,4,0.36
19455,MIRANDA,CAUCA,2007,1,0.09
19455,MIRANDA,CAUCA,2012,51,4.59
19455,MIRANDA,CAUCA,2013,17,1.53
19455,MIRANDA,CAUCA,2014,16,1.44
19473,MORALES,CAUCA,2004,1,0.09
19473,MORALES,CAUCA,2005,1,0.09
19473,MORALES,CAUCA,2006,1,0.09
19473,MORALES,CAUCA,2007,2,0.18
19473,MORALES,CAUCA,2012,9,0.8099999999999999
19473,MORALES,CAUCA,2014,6,0.54
19473,MORALES,CAUCA,2017,2,0.18
19513,PADILLA,CAUCA,2001,3,0.27
19513,PADILLA,CAUCA,2002,1,0.09
19513,PADILLA,CAUCA,2003,7,0.63
19513,PADILLA,CAUCA,2004,21,1.89
19513,PADILLA,CAUCA,2006,3,0.27
19513,PADILLA,CAUCA,2007,795,71.55
19513,PADILLA,CAUCA,2008,4,0.36
19513,PADILLA,CAUCA,2010,3,0.27
19513,PADILLA,CAUCA,2011,175,15.75
19513,PADILLA,CAUCA,2012,12,1.08
19517,PÁEZ,CAUCA,2001,9,0.8099999999999999
19517,PÁEZ,CAUCA,2002,10,0.8999999999999999
19517,PÁEZ,CAUCA,2003,28,2.52
19517,PÁEZ,CAUCA,2004,17,1.53
19517,PÁEZ,CAUCA,2005,4,0.36
19517,PÁEZ,CAUCA,2006,8,0.72
19517,PÁEZ,CAUCA,2007,73,6.569999999999999
19517,PÁEZ,CAUCA,2008,9,0.8099999999999999
19517,PÁEZ,CAUCA,2009,23,2.07
19517,PÁEZ,CAUCA,2010,15,1.3499999999999999
19517,PÁEZ,CAUCA,2011,10,0.8999999999999999
19517,PÁEZ,CAUCA,2012,40,3.5999999999999996
19517,PÁEZ,CAUCA,2013,52,4.68
19517,PÁEZ,CAUCA,2014,48,4.32
19517,PÁEZ,CAUCA,2015,7,0.63
19517,PÁEZ,CAUCA,2016,278,25.02
19517,PÁEZ,CAUCA,2017,36,3.2399999999999998
19517,PÁEZ,CAUCA,2019,179,16.11
19517,PÁEZ,CAUCA,2020,21,1.89
19517,PÁEZ,CAUCA,2021,9,0.8099999999999999
19517,PÁEZ,CAUCA,2023,16,1.44
19532,PATÍA,CAUCA,2001,5,0.44999999999999996
19532,PATÍA,CAUCA,2003,11,0.99
19532,PATÍA,CAUCA,2004,9,0.8099999999999999
19532,PATÍA,CAUCA,2005,11,0.99
19532,PATÍA,CAUCA,2006,25,2.25
19532,PATÍA,CAUCA,2007,4,0.36
19532,PATÍA,CAUCA,2008,2,0.18
19532,PATÍA,CAUCA,2009,12,1.08
19532,PATÍA,CAUCA,2010,26,2.34
19532,PATÍA,CAUCA,2012,42,3.78
19532,PATÍA,CAUCA,2014,7,0.63
19532,PATÍA,CAUCA,2015,4,0.36
19532,PATÍA,CAUCA,2017,5,0.44999999999999996
19532,PATÍA,CAUCA,2020,17,1.53
19533,PIAMONTE,CAUCA,2001,22,1.98
19533,PIAMONTE,CAUCA,2003,3,0.27
19533,PIAMONTE,CAUCA,2004,54,4.859999999999999
19533,PIAMONTE,CAUCA,2005,6,0.54
19533,PIAMONTE,CAUCA,2006,9,0.8099999999999999
19533,PIAMONTE,CAUCA,2007,62,5.58
19533,PIAMONTE,CAUCA,2008,64,5.76
19533,PIAMONTE,CAUCA,2009,20,1.7999999999999998
19533,PIAMONTE,CAUCA,2010,63,5.67
19533,PIAMONTE,CAUCA,2011,14,1.26
19533,PIAMONTE,CAUCA,2012,37,3.33
19533,PIAMONTE,CAUCA,2013,20,1.7999999999999998
19533,PIAMONTE,CAUCA,2014,28,2.52
19533,PIAMONTE,CAUCA,2015,37,3.33
19533,PIAMONTE,CAUCA,2016,1,0.09
19533,PIAMONTE,CAUCA,2018,12,1.08
19533,PIAMONTE,CAUCA,2019,948,85.32
19533,PIAMONTE,CAUCA,2020,29,2.61
19533,PIAMONTE,CAUCA,2021,17,1.53
19548,PIENDAMÓ - TUNÍA,CAUCA,2001,197,17.73
19548,PIENDAMÓ - TUNÍA,CAUCA,2002,81,7.29
19548,PIENDAMÓ - TUNÍA,CAUCA,2003,21,1.89
19548,PIENDAMÓ - TUNÍA,CAUCA,2004,113,10.17
19548,PIENDAMÓ - TUNÍA,CAUCA,2006,20,1.7999999999999998
19548,PIENDAMÓ - TUNÍA,CAUCA,2007,132,11.879999999999999
19548,PIENDAMÓ - TUNÍA,CAUCA,2008,20,1.7999999999999998
19548,PIENDAMÓ - TUNÍA,CAUCA,2009,79,7.109999999999999
19548,PIENDAMÓ - TUNÍA,CAUCA,2010,91,8.19
19548,PIENDAMÓ - TUNÍA,CAUCA,2011,3,0.27
19548,PIENDAMÓ - TUNÍA,CAUCA,2012,8,0.72
19548,PIENDAMÓ - TUNÍA,CAUCA,2013,65,5.85
19548,PIENDAMÓ - TUNÍA,CAUCA,2014,18,1.6199999999999999
19548,PIENDAMÓ - TUNÍA,CAUCA,2015,29,2.61
19548,PIENDAMÓ - TUNÍA,CAUCA,2016,15,1.3499999999999999
19548,PIENDAMÓ - TUNÍA,CAUCA,2017,104,9.36
19548,PIENDAMÓ - TUNÍA,CAUCA,2018,250,22.5
19548,PIENDAMÓ - TUNÍA,CAUCA,2019,198,17.82
19548,PIENDAMÓ - TUNÍA,CAUCA,2020,430,38.699999999999996
19548,PIENDAMÓ - TUNÍA,CAUCA,2021,110,9.9
19548,PIENDAMÓ - TUNÍA,CAUCA,2022,9,0.8099999999999999
19548,PIENDAMÓ - TUNÍA,CAUCA,2023,31,2.79
19573,PUERTO TEJADA,CAUCA,2002,4,0.36
19573,PUERTO TEJADA,CAUCA,2003,1,0.09
19573,PUERTO TEJADA,CAUCA,2007,21,1.89
19573,PUERTO TEJADA,CAUCA,2010,8,0.72
19573,PUERTO TEJADA,CAUCA,2013,168,15.12
19573,PUERTO TEJADA,CAUCA,2014,4,0.36
19585,PURACÉ,CAUCA,2002,8,0.72
19585,PURACÉ,CAUCA,2003,7,0.63
19585,PURACÉ,CAUCA,2005,14,1.26
19585,PURACÉ,CAUCA,2007,3,0.27
19585,PURACÉ,CAUCA,2008,6,0.54
19585,PURACÉ,CAUCA,2009,16,1.44
19585,PURACÉ,CAUCA,2010,10,0.8999999999999999
19585,PURACÉ,CAUCA,2012,19,1.71
19585,PURACÉ,CAUCA,2013,52,4.68
19585,PURACÉ,CAUCA,2014,20,1.7999999999999998
19585,PURACÉ,CAUCA,2018,5,0.44999999999999996
19585,PURACÉ,CAUCA,2019,360,32.4
19585,PURACÉ,CAUCA,2020,75,6.75
19585,PURACÉ,CAUCA,2021,4,0.36
19585,PURACÉ,CAUCA,2022,14,1.26
19585,PURACÉ,CAUCA,2023,1,0.09
19622,ROSAS,CAUCA,2001,1,0.09
19622,ROSAS,CAUCA,2002,4,0.36
19622,ROSAS,CAUCA,2003,3,0.27
19622,ROSAS,CAUCA,2005,9,0.8099999999999999
19622,ROSAS,CAUCA,2006,2,0.18
19622,ROSAS,CAUCA,2007,4,0.36
19622,ROSAS,CAUCA,2008,5,0.44999999999999996
19622,ROSAS,CAUCA,2009,1,0.09
19622,ROSAS,CAUCA,2010,3,0.27
19622,ROSAS,CAUCA,2011,4,0.36
19622,ROSAS,CAUCA,2012,18,1.6199999999999999
19622,ROSAS,CAUCA,2013,7,0.63
19622,ROSAS,CAUCA,2014,22,1.98
19693,SAN SEBASTIÁN,CAUCA,2001,2,0.18
19693,SAN SEBASTIÁN,CAUCA,2009,1,0.09
19693,SAN SEBASTIÁN,CAUCA,2010,2,0.18
19693,SAN SEBASTIÁN,CAUCA,2012,19,1.71
19693,SAN SEBASTIÁN,CAUCA,2014,4,0.36
19698,SANTANDER DE QUILICHAO,CAUCA,2001,1,0.09
19698,SANTANDER DE QUILICHAO,CAUCA,2002,2,0.18
19698,SANTANDER DE QUILICHAO,CAUCA,2004,2,0.18
19698,SANTANDER DE QUILICHAO,CAUCA,2006,2,0.18
19698,SANTANDER DE QUILICHAO,CAUCA,2007,4,0.36
19698,SANTANDER DE QUILICHAO,CAUCA,2010,1,0.09
19698,SANTANDER DE QUILICHAO,CAUCA,2012,9,0.8099999999999999
19698,SANTANDER DE QUILICHAO,CAUCA,2013,3,0.27
19698,SANTANDER DE QUILICHAO,CAUCA,2014,3,0.27
19698,SANTANDER DE QUILICHAO,CAUCA,2022,5,0.44999999999999996
19701,SANTA ROSA,CAUCA,2002,2,0.18
19701,SANTA ROSA,CAUCA,2004,7,0.63
19701,SANTA ROSA,CAUCA,2005,3,0.27
19701,SANTA ROSA,CAUCA,2006,6,0.54
19701,SANTA ROSA,CAUCA,2007,8,0.72
19701,SANTA ROSA,CAUCA,2008,2,0.18
19701,SANTA ROSA,CAUCA,2010,1,0.09
19701,SANTA ROSA,CAUCA,2011,5,0.44999999999999996
19701,SANTA ROSA,CAUCA,2012,5,0.44999999999999996
19701,SANTA ROSA,CAUCA,2021,2,0.18
19743,SILVIA,CAUCA,2003,3,0.27
19743,SILVIA,CAUCA,2004,7,0.63
19743,SILVIA,CAUCA,2006,1,0.09
19743,SILVIA,CAUCA,2007,5,0.44999999999999996
19743,SILVIA,CAUCA,2008,8,0.72
19743,SILVIA,CAUCA,2009,1,0.09
19743,SILVIA,CAUCA,2012,1,0.09
19743,SILVIA,CAUCA,2013,4,0.36
19743,SILVIA,CAUCA,2021,3,0.27
19743,SILVIA,CAUCA,2022,12,1.08
19743,SILVIA,CAUCA,2023,8,0.72
19760,SOTARÁ PAISPAMBA,CAUCA,2001,2,0.18
19760,SOTARÁ PAISPAMBA,CAUCA,2005,2,0.18
19760,SOTARÁ PAISPAMBA,CAUCA,2007,3,0.27
19760,SOTARÁ PAISPAMBA,CAUCA,2008,5,0.44999999999999996
19760,SOTARÁ PAISPAMBA,CAUCA,2012,21,1.89
19760,SOTARÁ PAISPAMBA,CAUCA,2013,7,0.63
19760,SOTARÁ PAISPAMBA,CAUCA,2014,1,0.09
19760,SOTARÁ PAISPAMBA,CAUCA,2017,1,0.09
19780,SUÁREZ,CAUCA,2001,2,0.18
19780,SUÁREZ,CAUCA,2002,1,0.09
19780,SUÁREZ,CAUCA,2004,1,0.09
19780,SUÁREZ,CAUCA,2005,3,0.27
19780,SUÁREZ,CAUCA,2006,1,0.09
19780,SUÁREZ,CAUCA,2007,1,0.09
19780,SUÁREZ,CAUCA,2008,1,0.09
19780,SUÁREZ,CAUCA,2009,1,0.09
19780,SUÁREZ,CAUCA,2011,3,0.27
19780,SUÁREZ,CAUCA,2012,6,0.54
19780,SUÁREZ,CAUCA,2013,1,0.09
19780,SUÁREZ,CAUCA,2015,2,0.18
19785,SUCRE,CAUCA,2001,78,7.02
19785,SUCRE,CAUCA,2002,195,17.55
19785,SUCRE,CAUCA,2003,78,7.02
19785,SUCRE,CAUCA,2004,8,0.72
19785,SUCRE,CAUCA,2005,30,2.6999999999999997
19785,SUCRE,CAUCA,2006,24,2.16
19785,SUCRE,CAUCA,2007,156,14.04
19785,SUCRE,CAUCA,2008,92,8.28
19785,SUCRE,CAUCA,2009,21,1.89
19785,SUCRE,CAUCA,2010,90,8.1
19785,SUCRE,CAUCA,2011,6,0.54
19785,SUCRE,CAUCA,2012,99,8.91
19785,SUCRE,CAUCA,2013,79,7.109999999999999
19785,SUCRE,CAUCA,2014,104,9.36
19785,SUCRE,CAUCA,2015,97,8.73
19785,SUCRE,CAUCA,2016,160,14.399999999999999
19785,SUCRE,CAUCA,2017,229,20.61
19785,SUCRE,CAUCA,2018,320,28.799999999999997
19785,SUCRE,CAUCA,2019,138,12.42
19785,SUCRE,CAUCA,2020,77,6.93
19785,SUCRE,CAUCA,2021,51,4.59
19785,SUCRE,CAUCA,2022,323,29.07
19785,SUCRE,CAUCA,2023,416,37.44
19807,TIMBÍO,CAUCA,2002,39,3.51
19807,TIMBÍO,CAUCA,2003,18,1.6199999999999999
19807,TIMBÍO,CAUCA,2004,1,0.09
19807,TIMBÍO,CAUCA,2005,24,2.16
19807,TIMBÍO,CAUCA,2006,24,2.16
19807,TIMBÍO,CAUCA,2007,40,3.5999999999999996
19807,TIMBÍO,CAUCA,2008,8,0.72
19807,TIMBÍO,CAUCA,2009,39,3.51
19807,TIMBÍO,CAUCA,2010,107,9.629999999999999
19807,TIMBÍO,CAUCA,2011,52,4.68
19807,TIMBÍO,CAUCA,2012,4,0.36
19807,TIMBÍO,CAUCA,2013,14,1.26
19807,TIMBÍO,CAUCA,2014,48,4.32
19807,TIMBÍO,CAUCA,2017,31,2.79
19807,TIMBÍO,CAUCA,2018,9,0.8099999999999999
19809,TIMBIQUÍ,CAUCA,2001,6,0.54
19809,TIMBIQUÍ,CAUCA,2002,4,0.36
19809,TIMBIQUÍ,CAUCA,2003,1,0.09
19809,TIMBIQUÍ,CAUCA,2004,4,0.36
19809,TIMBIQUÍ,CAUCA,2005,4,0.36
19809,TIMBIQUÍ,CAUCA,2007,3,0.27
19809,TIMBIQUÍ,CAUCA,2008,5,0.44999999999999996
19809,TIMBIQUÍ,CAUCA,2009,5,0.44999999999999996
19809,TIMBIQUÍ,CAUCA,2010,3,0.27
19809,TIMBIQUÍ,CAUCA,2011,5,0.44999999999999996
19809,TIMBIQUÍ,CAUCA,2012,15,1.3499999999999999
19809,TIMBIQUÍ,CAUCA,2023,18,1.6199999999999999
19821,TORIBÍO,CAUCA,2003,3,0.27
19821,TORIBÍO,CAUCA,2004,4,0.36
19821,TORIBÍO,CAUCA,2008,1,0.09
19821,TORIBÍO,CAUCA,2010,3,0.27
19821,TORIBÍO,CAUCA,2011,5,0.44999999999999996
19821,TORIBÍO,CAUCA,2012,11,0.99
19821,TORIBÍO,CAUCA,2013,3,0.27
19821,TORIBÍO,CAUCA,2014,3,0.27
19821,TORIBÍO,CAUCA,2016,2,0.18
19824,TOTORÓ,CAUCA,2008,4,0.36
19824,TOTORÓ,CAUCA,2009,1,0.09
19824,TOTORÓ,CAUCA,2010,1,0.09
19824,TOTORÓ,CAUCA,2011,8,0.72
19824,TOTORÓ,CAUCA,2012,11,0.99
19824,TOTORÓ,CAUCA,2016,1,0.09
19824,TOTORÓ,CAUCA,2017,2,0.18
19845,VILLA RICA,CAUCA,2001,16,1.44
19845,VILLA RICA,CAUCA,2002,1,0.09
19845,VILLA RICA,CAUCA,2003,1,0.09
19845,VILLA RICA,CAUCA,2004,1,0.09
19845,VILLA RICA,CAUCA,2005,1,0.09
19845,VILLA RICA,CAUCA,2006,2,0.18
19845,VILLA RICA,CAUCA,2007,1,0.09
19845,VILLA RICA,CAUCA,2009,13,1.17
19845,VILLA RICA,CAUCA,2010,13,1.17
19845,VILLA RICA,CAUCA,2011,4,0.36
19845,VILLA RICA,CAUCA,2012,1042,93.78
19845,VILLA RICA,CAUCA,2013,3,0.27
20001,VALLEDUPAR,CESAR,2006,3,0.27
20001,VALLEDUPAR,CESAR,2008,3,0.27
20001,VALLEDUPAR,CESAR,2010,2,0.18
20001,VALLEDUPAR,CESAR,2011,1,0.09
20001,VALLEDUPAR,CESAR,2012,20,1.7999999999999998
20011,AGUACHICA,CESAR,2002,5,0.44999999999999996
20011,AGUACHICA,CESAR,2003,1,0.09
20011,AGUACHICA,CESAR,2008,3,0.27
20011,AGUACHICA,CESAR,2009,10,0.8999999999999999
20011,AGUACHICA,CESAR,2010,6,0.54
20011,AGUACHICA,CESAR,2012,11,0.99
20011,AGUACHICA,CESAR,2013,166,14.94
20011,AGUACHICA,CESAR,2014,8,0.72
20011,AGUACHICA,CESAR,2020,9,0.8099999999999999
20011,AGUACHICA,CESAR,2021,21,1.89
20011,AGUACHICA,CESAR,2022,5,0.44999999999999996
20011,AGUACHICA,CESAR,2023,22,1.98
20013,AGUSTÍN CODAZZI,CESAR,2005,3,0.27
20013,AGUSTÍN CODAZZI,CESAR,2012,4,0.36
20013,AGUSTÍN CODAZZI,CESAR,2013,4,0.36
20013,AGUSTÍN CODAZZI,CESAR,2017,2,0.18
20032,ASTREA,CESAR,2001,2,0.18
20032,ASTREA,CESAR,2003,1,0.09
20032,ASTREA,CESAR,2006,1,0.09
20032,ASTREA,CESAR,2007,73,6.569999999999999
20032,ASTREA,CESAR,2009,1,0.09
20032,ASTREA,CESAR,2011,2,0.18
20032,ASTREA,CESAR,2012,4,0.36
20032,ASTREA,CESAR,2018,5,0.44999999999999996
20032,ASTREA,CESAR,2022,7,0.63
20045,BECERRIL,CESAR,2004,34,3.06
20045,BECERRIL,CESAR,2005,12,1.08
20045,BECERRIL,CESAR,2006,193,17.37
20045,BECERRIL,CESAR,2007,242,21.779999999999998
20045,BECERRIL,CESAR,2008,487,43.83
20045,BECERRIL,CESAR,2009,1201,108.08999999999999
20045,BECERRIL,CESAR,2010,350,31.5
20045,BECERRIL,CESAR,2011,78,7.02
20045,BECERRIL,CESAR,2012,258,23.22
20045,BECERRIL,CESAR,2013,112,10.08
20045,BECERRIL,CESAR,2014,187,16.83
20045,BECERRIL,CESAR,2015,148,13.32
20045,BECERRIL,CESAR,2016,440,39.6
20045,BECERRIL,CESAR,2017,419,37.71
20045,BECERRIL,CESAR,2018,431,38.79
20045,BECERRIL,CESAR,2019,234,21.06
20045,BECERRIL,CESAR,2020,89,8.01
20045,BECERRIL,CESAR,2021,39,3.51
20045,BECERRIL,CESAR,2022,3,0.27
20045,BECERRIL,CESAR,2023,25,2.25
20060,BOSCONIA,CESAR,2012,1,0.09
20060,BOSCONIA,CESAR,2013,1,0.09
20060,BOSCONIA,CESAR,2017,1,0.09
20060,BOSCONIA,CESAR,2019,402,36.18
20060,BOSCONIA,CESAR,2020,1,0.09
20175,CHIMICHAGUA,CESAR,2001,411,36.99
20175,CHIMICHAGUA,CESAR,2002,66,5.9399999999999995
20175,CHIMICHAGUA,CESAR,2003,66,5.9399999999999995
20175,CHIMICHAGUA,CESAR,2004,158,14.219999999999999
20175,CHIMICHAGUA,CESAR,2005,105,9.45
20175,CHIMICHAGUA,CESAR,2006,295,26.55
20175,CHIMICHAGUA,CESAR,2007,91,8.19
20175,CHIMICHAGUA,CESAR,2008,149,13.41
20175,CHIMICHAGUA,CESAR,2009,270,24.3
20175,CHIMICHAGUA,CESAR,2010,156,14.04
20175,CHIMICHAGUA,CESAR,2011,96,8.64
20175,CHIMICHAGUA,CESAR,2012,92,8.28
20175,CHIMICHAGUA,CESAR,2013,66,5.9399999999999995
20175,CHIMICHAGUA,CESAR,2014,82,7.38
20175,CHIMICHAGUA,CESAR,2015,97,8.73
20175,CHIMICHAGUA,CESAR,2016,380,34.199999999999996
20175,CHIMICHAGUA,CESAR,2017,189,17.009999999999998
20175,CHIMICHAGUA,CESAR,2018,118,10.62
20175,CHIMICHAGUA,CESAR,2019,311,27.99
20175,CHIMICHAGUA,CESAR,2020,220,19.8
20175,CHIMICHAGUA,CESAR,2021,205,18.45
20175,CHIMICHAGUA,CESAR,2022,98,8.82
20175,CHIMICHAGUA,CESAR,2023,178,16.02
20178,CHIRIGUANÁ,CESAR,2001,26,2.34
20178,CHIRIGUANÁ,CESAR,2002,44,3.96
20178,CHIRIGUANÁ,CESAR,2003,12,1.08
20178,CHIRIGUANÁ,CESAR,2004,2,0.18
20178,CHIRIGUANÁ,CESAR,2005,15,1.3499999999999999
20178,CHIRIGUANÁ,CESAR,2006,33,2.9699999999999998
20178,CHIRIGUANÁ,CESAR,2007,10,0.8999999999999999
20178,CHIRIGUANÁ,CESAR,2008,3,0.27
20178,CHIRIGUANÁ,CESAR,2009,50,4.5
20178,CHIRIGUANÁ,CESAR,2010,6,0.54
20178,CHIRIGUANÁ,CESAR,2011,26,2.34
20178,CHIRIGUANÁ,CESAR,2012,53,4.77
20178,CHIRIGUANÁ,CESAR,2013,13,1.17
20178,CHIRIGUANÁ,CESAR,2014,20,1.7999999999999998
20178,CHIRIGUANÁ,CESAR,2015,39,3.51
20178,CHIRIGUANÁ,CESAR,2016,80,7.199999999999999
20178,CHIRIGUANÁ,CESAR,2017,126,11.34
20178,CHIRIGUANÁ,CESAR,2018,159,14.309999999999999
20178,CHIRIGUANÁ,CESAR,2019,76,6.84
20178,CHIRIGUANÁ,CESAR,2020,112,10.08
20178,CHIRIGUANÁ,CESAR,2021,34,3.06
20178,CHIRIGUANÁ,CESAR,2022,83,7.47
20178,CHIRIGUANÁ,CESAR,2023,37,3.33
20228,CURUMANÍ,CESAR,2001,8,0.72
20228,CURUMANÍ,CESAR,2005,1,0.09
20228,CURUMANÍ,CESAR,2012,10,0.8999999999999999
20228,CURUMANÍ,CESAR,2016,3,0.27
20228,CURUMANÍ,CESAR,2018,15,1.3499999999999999
20228,CURUMANÍ,CESAR,2019,5,0.44999999999999996
20238,EL COPEY,CESAR,2001,664,59.76
20238,EL COPEY,CESAR,2002,1326,119.33999999999999
20238,EL COPEY,CESAR,2003,1008,90.72
20238,EL COPEY,CESAR,2004,52,4.68
20238,EL COPEY,CESAR,2005,386,34.74
20238,EL COPEY,CESAR,2006,445,40.05
20238,EL COPEY,CESAR,2007,1200,108.0
20238,EL COPEY,CESAR,2008,212,19.08
20238,EL COPEY,CESAR,2009,297,26.73
20238,EL COPEY,CESAR,2010,448,40.32
20238,EL COPEY,CESAR,2011,181,16.29
20238,EL COPEY,CESAR,2012,247,22.23
20238,EL COPEY,CESAR,2013,227,20.43
20238,EL COPEY,CESAR,2014,317,28.529999999999998
20238,EL COPEY,CESAR,2015,370,33.3
20238,EL COPEY,CESAR,2016,4075,366.75
20238,EL COPEY,CESAR,2017,1880,169.2
20238,EL COPEY,CESAR,2018,849,76.41
20238,EL COPEY,CESAR,2019,1718,154.62
20238,EL COPEY,CESAR,2020,702,63.18
20238,EL COPEY,CESAR,2021,514,46.26
20238,EL COPEY,CESAR,2022,433,38.97
20238,EL COPEY,CESAR,2023,434,39.059999999999995
20250,EL PASO,CESAR,2001,39,3.51
20250,EL PASO,CESAR,2002,158,14.219999999999999
20250,EL PASO,CESAR,2003,17,1.53
20250,EL PASO,CESAR,2004,62,5.58
20250,EL PASO,CESAR,2005,19,1.71
20250,EL PASO,CESAR,2006,29,2.61
20250,EL PASO,CESAR,2007,91,8.19
20250,EL PASO,CESAR,2008,25,2.25
20250,EL PASO,CESAR,2009,34,3.06
20250,EL PASO,CESAR,2010,26,2.34
20250,EL PASO,CESAR,2011,7,0.63
20250,EL PASO,CESAR,2012,23,2.07
20250,EL PASO,CESAR,2013,12,1.08
20250,EL PASO,CESAR,2014,26,2.34
20250,EL PASO,CESAR,2015,21,1.89
20250,EL PASO,CESAR,2016,157,14.129999999999999
20250,EL PASO,CESAR,2017,45,4.05
20250,EL PASO,CESAR,2018,42,3.78
20250,EL PASO,CESAR,2019,55,4.95
20250,EL PASO,CESAR,2020,86,7.739999999999999
20250,EL PASO,CESAR,2021,9,0.8099999999999999
20250,EL PASO,CESAR,2022,23,2.07
20250,EL PASO,CESAR,2023,48,4.32
20295,GAMARRA,CESAR,2001,31,2.79
20295,GAMARRA,CESAR,2002,5,0.44999999999999996
20295,GAMARRA,CESAR,2003,54,4.859999999999999
20295,GAMARRA,CESAR,2004,9,0.8099999999999999
20295,GAMARRA,CESAR,2005,14,1.26
20295,GAMARRA,CESAR,2006,10,0.8999999999999999
20295,GAMARRA,CESAR,2007,37,3.33
20295,GAMARRA,CESAR,2008,39,3.51
20295,GAMARRA,CESAR,2009,4,0.36
20295,GAMARRA,CESAR,2010,2,0.18
20295,GAMARRA,CESAR,2011,11,0.99
20295,GAMARRA,CESAR,2012,17,1.53
20295,GAMARRA,CESAR,2013,9,0.8099999999999999
20295,GAMARRA,CESAR,2014,14,1.26
20295,GAMARRA,CESAR,2015,18,1.6199999999999999
20295,GAMARRA,CESAR,2016,118,10.62
20295,GAMARRA,CESAR,2017,18,1.6199999999999999
20295,GAMARRA,CESAR,2018,35,3.15
20295,GAMARRA,CESAR,2019,51,4.59
20295,GAMARRA,CESAR,2020,38,3.42
20295,GAMARRA,CESAR,2021,12,1.08
20295,GAMARRA,CESAR,2022,1,0.09
20295,GAMARRA,CESAR,2023,2,0.18
20310,GONZÁLEZ,CESAR,2001,2,0.18
20310,GONZÁLEZ,CESAR,2002,1,0.09
20310,GONZÁLEZ,CESAR,2008,1,0.09
20310,GONZÁLEZ,CESAR,2011,3,0.27
20310,GONZÁLEZ,CESAR,2012,8,0.72
20310,GONZÁLEZ,CESAR,2016,2,0.18
20310,GONZÁLEZ,CESAR,2017,1,0.09
20310,GONZÁLEZ,CESAR,2018,3,0.27
20383,LA GLORIA,CESAR,2001,5,0.44999999999999996
20383,LA GLORIA,CESAR,2002,11,0.99
20383,LA GLORIA,CESAR,2003,3,0.27
20383,LA GLORIA,CESAR,2006,49,4.41
20383,LA GLORIA,CESAR,2007,4,0.36
20383,LA GLORIA,CESAR,2009,3,0.27
20383,LA GLORIA,CESAR,2010,5,0.44999999999999996
20383,LA GLORIA,CESAR,2012,5,0.44999999999999996
20383,LA GLORIA,CESAR,2013,13,1.17
20383,LA GLORIA,CESAR,2014,4,0.36
20383,LA GLORIA,CESAR,2017,1,0.09
20383,LA GLORIA,CESAR,2018,2,0.18
20400,LA JAGUA DE IBIRICO,CESAR,2001,37,3.33
20400,LA JAGUA DE IBIRICO,CESAR,2002,46,4.14
20400,LA JAGUA DE IBIRICO,CESAR,2003,30,2.6999999999999997
20400,LA JAGUA DE IBIRICO,CESAR,2004,14,1.26
20400,LA JAGUA DE IBIRICO,CESAR,2005,5,0.44999999999999996
20400,LA JAGUA DE IBIRICO,CESAR,2006,46,4.14
20400,LA JAGUA DE IBIRICO,CESAR,2007,43,3.8699999999999997
20400,LA JAGUA DE IBIRICO,CESAR,2008,57,5.13
20400,LA JAGUA DE IBIRICO,CESAR,2009,50,4.5
20400,LA JAGUA DE IBIRICO,CESAR,2010,24,2.16
20400,LA JAGUA DE IBIRICO,CESAR,2011,23,2.07
20400,LA JAGUA DE IBIRICO,CESAR,2012,37,3.33
20400,LA JAGUA DE IBIRICO,CESAR,2014,10,0.8999999999999999
20400,LA JAGUA DE IBIRICO,CESAR,2015,5,0.44999999999999996
20400,LA JAGUA DE IBIRICO,CESAR,2016,17,1.53
20400,LA JAGUA DE IBIRICO,CESAR,2017,1,0.09
20400,LA JAGUA DE IBIRICO,CESAR,2019,7,0.63
20400,LA JAGUA DE IBIRICO,CESAR,2020,14,1.26
20400,LA JAGUA DE IBIRICO,CESAR,2021,13,1.17
20400,LA JAGUA DE IBIRICO,CESAR,2022,8,0.72
20400,LA JAGUA DE IBIRICO,CESAR,2023,11,0.99
23660,SAHAGÚN,CÓRDOBA,2001,182,16.38
23660,SAHAGÚN,CÓRDOBA,2002,98,8.82
23660,SAHAGÚN,CÓRDOBA,2003,42,3.78
23660,SAHAGÚN,CÓRDOBA,2004,87,7.83
23660,SAHAGÚN,CÓRDOBA,2005,233,20.97
23660,SAHAGÚN,CÓRDOBA,2006,47,4.2299999999999995
23660,SAHAGÚN,CÓRDOBA,2007,202,18.18
23660,SAHAGÚN,CÓRDOBA,2008,45,4.05
23660,SAHAGÚN,CÓRDOBA,2009,126,11.34
23660,SAHAGÚN,CÓRDOBA,2010,196,17.64
23660,SAHAGÚN,CÓRDOBA,2011,22,1.98
23660,SAHAGÚN,CÓRDOBA,2012,63,5.67
23660,SAHAGÚN,CÓRDOBA,2013,12,1.08
23660,SAHAGÚN,CÓRDOBA,2014,34,3.06
23660,SAHAGÚN,CÓRDOBA,2016,78,7.02
23660,SAHAGÚN,CÓRDOBA,2017,106,9.54
23660,SAHAGÚN,CÓRDOBA,2019,1,0.09
23660,SAHAGÚN,CÓRDOBA,2020,7,0.63
23660,SAHAGÚN,CÓRDOBA,2021,1,0.09
23660,SAHAGÚN,CÓRDOBA,2023,14,1.26
23670,SAN ANDRÉS DE SOTAVENTO,CÓRDOBA,2001,3,0.27
23670,SAN ANDRÉS DE SOTAVENTO,CÓRDOBA,2002,1,0.09
23670,SAN ANDRÉS DE SOTAVENTO,CÓRDOBA,2003,2,0.18
23670,SAN ANDRÉS DE SOTAVENTO,CÓRDOBA,2004,5,0.44999999999999996
23670,SAN ANDRÉS DE SOTAVENTO,CÓRDOBA,2005,2,0.18
23670,SAN ANDRÉS DE SOTAVENTO,CÓRDOBA,2006,2,0.18
23670,SAN ANDRÉS DE SOTAVENTO,CÓRDOBA,2007,1,0.09
23670,SAN ANDRÉS DE SOTAVENTO,CÓRDOBA,2008,6,0.54
23670,SAN ANDRÉS DE SOTAVENTO,CÓRDOBA,2009,7,0.63
23670,SAN ANDRÉS DE SOTAVENTO,CÓRDOBA,2010,12,1.08
23670,SAN ANDRÉS DE SOTAVENTO,CÓRDOBA,2011,51,4.59
23670,SAN ANDRÉS DE SOTAVENTO,CÓRDOBA,2012,23,2.07
23670,SAN ANDRÉS DE SOTAVENTO,CÓRDOBA,2013,11,0.99
23670,SAN ANDRÉS DE SOTAVENTO,CÓRDOBA,2014,1,0.09
23670,SAN ANDRÉS DE SOTAVENTO,CÓRDOBA,2016,2,0.18
23670,SAN ANDRÉS DE SOTAVENTO,CÓRDOBA,2021,11,0.99
23672,SAN ANTERO,CÓRDOBA,2001,18,1.6199999999999999
23672,SAN ANTERO,CÓRDOBA,2002,6,0.54
23672,SAN ANTERO,CÓRDOBA,2003,38,3.42
23672,SAN ANTERO,CÓRDOBA,2004,34,3.06
23672,SAN ANTERO,CÓRDOBA,2005,18,1.6199999999999999
23672,SAN ANTERO,CÓRDOBA,2006,41,3.69
23672,SAN ANTERO,CÓRDOBA,2007,17,1.53
23672,SAN ANTERO,CÓRDOBA,2008,38,3.42
23672,SAN ANTERO,CÓRDOBA,2009,30,2.6999999999999997
23672,SAN ANTERO,CÓRDOBA,2010,47,4.2299999999999995
23672,SAN ANTERO,CÓRDOBA,2011,95,8.549999999999999
23672,SAN ANTERO,CÓRDOBA,2012,70,6.3
23672,SAN ANTERO,CÓRDOBA,2013,3,0.27
23672,SAN ANTERO,CÓRDOBA,2015,5,0.44999999999999996
23672,SAN ANTERO,CÓRDOBA,2016,2,0.18
23672,SAN ANTERO,CÓRDOBA,2019,3,0.27
23672,SAN ANTERO,CÓRDOBA,2022,5,0.44999999999999996
23672,SAN ANTERO,CÓRDOBA,2023,4,0.36
23675,SAN BERNARDO DEL VIENTO,CÓRDOBA,2001,63,5.67
23675,SAN BERNARDO DEL VIENTO,CÓRDOBA,2002,84,7.56
23675,SAN BERNARDO DEL VIENTO,CÓRDOBA,2003,40,3.5999999999999996
23675,SAN BERNARDO DEL VIENTO,CÓRDOBA,2004,33,2.9699999999999998
23675,SAN BERNARDO DEL VIENTO,CÓRDOBA,2005,117,10.53
23675,SAN BERNARDO DEL VIENTO,CÓRDOBA,2006,92,8.28
23675,SAN BERNARDO DEL VIENTO,CÓRDOBA,2007,20,1.7999999999999998
23675,SAN BERNARDO DEL VIENTO,CÓRDOBA,2008,66,5.9399999999999995
23675,SAN BERNARDO DEL VIENTO,CÓRDOBA,2009,41,3.69
23675,SAN BERNARDO DEL VIENTO,CÓRDOBA,2010,334,30.06
23675,SAN BERNARDO DEL VIENTO,CÓRDOBA,2011,141,12.69
23675,SAN BERNARDO DEL VIENTO,CÓRDOBA,2012,243,21.869999999999997
23675,SAN BERNARDO DEL VIENTO,CÓRDOBA,2013,6,0.54
23675,SAN BERNARDO DEL VIENTO,CÓRDOBA,2014,13,1.17
23675,SAN BERNARDO DEL VIENTO,CÓRDOBA,2015,41,3.69
23675,SAN BERNARDO DEL VIENTO,CÓRDOBA,2016,32,2.88
23675,SAN BERNARDO DEL VIENTO,CÓRDOBA,2017,74,6.66
23675,SAN BERNARDO DEL VIENTO,CÓRDOBA,2018,180,16.2
23675,SAN BERNARDO DEL VIENTO,CÓRDOBA,2019,51,4.59
23675,SAN BERNARDO DEL VIENTO,CÓRDOBA,2020,44,3.96
23675,SAN BERNARDO DEL VIENTO,CÓRDOBA,2021,5,0.44999999999999996
23675,SAN BERNARDO DEL VIENTO,CÓRDOBA,2022,86,7.739999999999999
23675,SAN BERNARDO DEL VIENTO,CÓRDOBA,2023,127,11.43
23678,SAN CARLOS,CÓRDOBA,2001,145,13.049999999999999
23678,SAN CARLOS,CÓRDOBA,2002,183,16.47
23678,SAN CARLOS,CÓRDOBA,2003,40,3.5999999999999996
23678,SAN CARLOS,CÓRDOBA,2004,187,16.83
23678,SAN CARLOS,CÓRDOBA,2005,123,11.07
23678,SAN CARLOS,CÓRDOBA,2006,244,21.96
23678,SAN CARLOS,CÓRDOBA,2007,165,14.85
23678,SAN CARLOS,CÓRDOBA,2008,147,13.229999999999999
23678,SAN CARLOS,CÓRDOBA,2009,346,31.14
23678,SAN CARLOS,CÓRDOBA,2010,201,18.09
23678,SAN CARLOS,CÓRDOBA,2011,288,25.919999999999998
23678,SAN CARLOS,CÓRDOBA,2012,274,24.66
23678,SAN CARLOS,CÓRDOBA,2013,25,2.25
23678,SAN CARLOS,CÓRDOBA,2014,53,4.77
23678,SAN CARLOS,CÓRDOBA,2015,97,8.73
23678,SAN CARLOS,CÓRDOBA,2016,153,13.77
23678,SAN CARLOS,CÓRDOBA,2017,201,18.09
23678,SAN CARLOS,CÓRDOBA,2018,326,29.34
23678,SAN CARLOS,CÓRDOBA,2019,147,13.229999999999999
23678,SAN CARLOS,CÓRDOBA,2020,63,5.67
23678,SAN CARLOS,CÓRDOBA,2021,81,7.29
23678,SAN CARLOS,CÓRDOBA,2022,21,1.89
23678,SAN CARLOS,CÓRDOBA,2023,85,7.6499999999999995
23682,SAN JOSÉ DE URÉ,CÓRDOBA,2001,71,6.39
23682,SAN JOSÉ DE URÉ,CÓRDOBA,2002,2,0.18
23682,SAN JOSÉ DE URÉ,CÓRDOBA,2003,7,0.63
23682,SAN JOSÉ DE URÉ,CÓRDOBA,2004,35,3.15
23682,SAN JOSÉ DE URÉ,CÓRDOBA,2005,19,1.71
23682,SAN JOSÉ DE URÉ,CÓRDOBA,2006,213,19.169999999999998
23682,SAN JOSÉ DE URÉ,CÓRDOBA,2007,22,1.98
23682,SAN JOSÉ DE URÉ,CÓRDOBA,2008,16,1.44
23682,SAN JOSÉ DE URÉ,CÓRDOBA,2009,763,68.67
23682,SAN JOSÉ DE URÉ,CÓRDOBA,2010,54,4.859999999999999
23682,SAN JOSÉ DE URÉ,CÓRDOBA,2011,187,16.83
23682,SAN JOSÉ DE URÉ,CÓRDOBA,2012,234,21.06
23682,SAN JOSÉ DE URÉ,CÓRDOBA,2013,29,2.61
23682,SAN JOSÉ DE URÉ,CÓRDOBA,2014,19,1.71
23682,SAN JOSÉ DE URÉ,CÓRDOBA,2015,341,30.689999999999998
23682,SAN JOSÉ DE URÉ,CÓRDOBA,2016,575,51.75
23682,SAN JOSÉ DE URÉ,CÓRDOBA,2017,488,43.92
23682,SAN JOSÉ DE URÉ,CÓRDOBA,2018,868,78.11999999999999
23682,SAN JOSÉ DE URÉ,CÓRDOBA,2019,355,31.95
23682,SAN JOSÉ DE URÉ,CÓRDOBA,2020,347,31.23
23682,SAN JOSÉ DE URÉ,CÓRDOBA,2021,144,12.959999999999999
23682,SAN JOSÉ DE URÉ,CÓRDOBA,2022,609,54.809999999999995
23682,SAN JOSÉ DE URÉ,CÓRDOBA,2023,134,12.059999999999999
23686,SAN PELAYO,CÓRDOBA,2001,593,53.37
23686,SAN PELAYO,CÓRDOBA,2002,132,11.879999999999999
23686,SAN PELAYO,CÓRDOBA,2003,207,18.63
23686,SAN PELAYO,CÓRDOBA,2004,599,53.91
23686,SAN PELAYO,CÓRDOBA,2005,122,10.98
23686,SAN PELAYO,CÓRDOBA,2006,828,74.52
23686,SAN PELAYO,CÓRDOBA,2007,73,6.569999999999999
23686,SAN PELAYO,CÓRDOBA,2008,322,28.98
23686,SAN PELAYO,CÓRDOBA,2009,194,17.46
23686,SAN PELAYO,CÓRDOBA,2010,101,9.09
23686,SAN PELAYO,CÓRDOBA,2011,1125,101.25
23686,SAN PELAYO,CÓRDOBA,2012,295,26.55
23686,SAN PELAYO,CÓRDOBA,2013,526,47.339999999999996
23686,SAN PELAYO,CÓRDOBA,2014,38,3.42
23686,SAN PELAYO,CÓRDOBA,2015,148,13.32
23686,SAN PELAYO,CÓRDOBA,2016,315,28.349999999999998
23686,SAN PELAYO,CÓRDOBA,2017,221,19.89
23686,SAN PELAYO,CÓRDOBA,2018,427,38.43
23686,SAN PELAYO,CÓRDOBA,2019,350,31.5
23686,SAN PELAYO,CÓRDOBA,2020,146,13.139999999999999
23686,SAN PELAYO,CÓRDOBA,2021,21,1.89
23686,SAN PELAYO,CÓRDOBA,2022,41,3.69
23686,SAN PELAYO,CÓRDOBA,2023,159,14.309999999999999
23807,TIERRALTA,CÓRDOBA,2001,83,7.47
23807,TIERRALTA,CÓRDOBA,2002,8,0.72
23807,TIERRALTA,CÓRDOBA,2004,17,1.53
23807,TIERRALTA,CÓRDOBA,2006,17,1.53
23807,TIERRALTA,CÓRDOBA,2007,1,0.09
23807,TIERRALTA,CÓRDOBA,2008,26,2.34
23807,TIERRALTA,CÓRDOBA,2009,44,3.96
23807,TIERRALTA,CÓRDOBA,2010,2,0.18
23807,TIERRALTA,CÓRDOBA,2011,8,0.72
23807,TIERRALTA,CÓRDOBA,2012,87,7.83
23807,TIERRALTA,CÓRDOBA,2013,116,10.44
23807,TIERRALTA,CÓRDOBA,2014,77,6.93
23807,TIERRALTA,CÓRDOBA,2015,131,11.79
23807,TIERRALTA,CÓRDOBA,2016,121,10.889999999999999
23807,TIERRALTA,CÓRDOBA,2017,253,22.77
23807,TIERRALTA,CÓRDOBA,2018,278,25.02
23807,TIERRALTA,CÓRDOBA,2019,439,39.51
23807,TIERRALTA,CÓRDOBA,2020,178,16.02
23807,TIERRALTA,CÓRDOBA,2021,220,19.8
23807,TIERRALTA,CÓRDOBA,2022,213,19.169999999999998
23807,TIERRALTA,CÓRDOBA,2023,503,45.269999999999996
23815,TUCHÍN,CÓRDOBA,2002,3,0.27
23815,TUCHÍN,CÓRDOBA,2003,1,0.09
23815,TUCHÍN,CÓRDOBA,2005,7,0.63
23815,TUCHÍN,CÓRDOBA,2006,30,2.6999999999999997
23815,TUCHÍN,CÓRDOBA,2009,32,2.88
23815,TUCHÍN,CÓRDOBA,2010,16,1.44
23815,TUCHÍN,CÓRDOBA,2012,1,0.09
23815,TUCHÍN,CÓRDOBA,2013,2,0.18
23815,TUCHÍN,CÓRDOBA,2022,13,1.17
23815,TUCHÍN,CÓRDOBA,2023,29,2.61
23855,VALENCIA,CÓRDOBA,2001,5,0.44999999999999996
23855,VALENCIA,CÓRDOBA,2002,333,29.97
23855,VALENCIA,CÓRDOBA,2003,77,6.93
23855,VALENCIA,CÓRDOBA,2004,99,8.91
23855,VALENCIA,CÓRDOBA,2005,3,0.27
23855,VALENCIA,CÓRDOBA,2006,102,9.18
23855,VALENCIA,CÓRDOBA,2007,21,1.89
23855,VALENCIA,CÓRDOBA,2008,150,13.5
23855,VALENCIA,CÓRDOBA,2009,76,6.84
23855,VALENCIA,CÓRDOBA,2010,30,2.6999999999999997
23855,VALENCIA,CÓRDOBA,2011,23,2.07
23855,VALENCIA,CÓRDOBA,2012,309,27.81
23855,VALENCIA,CÓRDOBA,2013,34,3.06
23855,VALENCIA,CÓRDOBA,2014,66,5.9399999999999995
23855,VALENCIA,CÓRDOBA,2015,41,3.69
23855,VALENCIA,CÓRDOBA,2016,354,31.86
23855,VALENCIA,CÓRDOBA,2017,181,16.29
23855,VALENCIA,CÓRDOBA,2018,20,1.7999999999999998
23855,VALENCIA,CÓRDOBA,2019,104,9.36
23855,VALENCIA,CÓRDOBA,2020,12,1.08
23855,VALENCIA,CÓRDOBA,2021,69,6.21
23855,VALENCIA,CÓRDOBA,2022,5,0.44999999999999996
23855,VALENCIA,CÓRDOBA,2023,43,3.8699999999999997
25001,AGUA DE DIOS,CUNDINAMARCA,2001,34,3.06
25001,AGUA DE DIOS,CUNDINAMARCA,2002,218,19.62
25001,AGUA DE DIOS,CUNDINAMARCA,2003,12,1.08
25001,AGUA DE DIOS,CUNDINAMARCA,2004,54,4.859999999999999
25001,AGUA DE DIOS,CUNDINAMARCA,2005,84,7.56
25001,AGUA DE DIOS,CUNDINAMARCA,2006,20,1.7999999999999998
25001,AGUA DE DIOS,CUNDINAMARCA,2007,63,5.67
25001,AGUA DE DIOS,CUNDINAMARCA,2008,90,8.1
25001,AGUA DE DIOS,CUNDINAMARCA,2009,53,4.77
25001,AGUA DE DIOS,CUNDINAMARCA,2010,35,3.15
25001,AGUA DE DIOS,CUNDINAMARCA,2011,18,1.6199999999999999
25001,AGUA DE DIOS,CUNDINAMARCA,2012,93,8.37
25001,AGUA DE DIOS,CUNDINAMARCA,2013,42,3.78
25001,AGUA DE DIOS,CUNDINAMARCA,2014,15,1.3499999999999999
25001,AGUA DE DIOS,CUNDINAMARCA,2016,20,1.7999999999999998
25001,AGUA DE DIOS,CUNDINAMARCA,2017,6,0.54
25001,AGUA DE DIOS,CUNDINAMARCA,2018,58,5.22
25001,AGUA DE DIOS,CUNDINAMARCA,2019,72,6.4799999999999995
25001,AGUA DE DIOS,CUNDINAMARCA,2020,74,6.66
25001,AGUA DE DIOS,CUNDINAMARCA,2022,12,1.08
25001,AGUA DE DIOS,CUNDINAMARCA,2023,119,10.709999999999999
25019,ALBÁN,CUNDINAMARCA,2001,7,0.63
25019,ALBÁN,CUNDINAMARCA,2002,5,0.44999999999999996
25019,ALBÁN,CUNDINAMARCA,2004,7,0.63
25019,ALBÁN,CUNDINAMARCA,2005,5,0.44999999999999996
25019,ALBÁN,CUNDINAMARCA,2006,1,0.09
25019,ALBÁN,CUNDINAMARCA,2008,7,0.63
25019,ALBÁN,CUNDINAMARCA,2009,6,0.54
25019,ALBÁN,CUNDINAMARCA,2010,3,0.27
25019,ALBÁN,CUNDINAMARCA,2011,7,0.63
25019,ALBÁN,CUNDINAMARCA,2012,13,1.17
25019,ALBÁN,CUNDINAMARCA,2013,4,0.36
25019,ALBÁN,CUNDINAMARCA,2014,62,5.58
25019,ALBÁN,CUNDINAMARCA,2015,12,1.08
25019,ALBÁN,CUNDINAMARCA,2016,2,0.18
25019,ALBÁN,CUNDINAMARCA,2017,38,3.42
25019,ALBÁN,CUNDINAMARCA,2018,33,2.9699999999999998
25019,ALBÁN,CUNDINAMARCA,2019,13,1.17
25019,ALBÁN,CUNDINAMARCA,2020,62,5.58
25019,ALBÁN,CUNDINAMARCA,2021,88,7.92
25019,ALBÁN,CUNDINAMARCA,2022,13,1.17
25019,ALBÁN,CUNDINAMARCA,2023,108,9.719999999999999
25035,ANAPOIMA,CUNDINAMARCA,2001,4,0.36
25035,ANAPOIMA,CUNDINAMARCA,2002,10,0.8999999999999999
25035,ANAPOIMA,CUNDINAMARCA,2003,2,0.18
25035,ANAPOIMA,CUNDINAMARCA,2004,12,1.08
25035,ANAPOIMA,CUNDINAMARCA,2005,8,0.72
25035,ANAPOIMA,CUNDINAMARCA,2006,113,10.17
25035,ANAPOIMA,CUNDINAMARCA,2007,118,10.62
25035,ANAPOIMA,CUNDINAMARCA,2008,12,1.08
25035,ANAPOIMA,CUNDINAMARCA,2009,41,3.69
25035,ANAPOIMA,CUNDINAMARCA,2010,3,0.27
25035,ANAPOIMA,CUNDINAMARCA,2011,13,1.17
25035,ANAPOIMA,CUNDINAMARCA,2012,32,2.88
25035,ANAPOIMA,CUNDINAMARCA,2013,112,10.08
25035,ANAPOIMA,CUNDINAMARCA,2014,209,18.81
25035,ANAPOIMA,CUNDINAMARCA,2015,42,3.78
25035,ANAPOIMA,CUNDINAMARCA,2016,77,6.93
25035,ANAPOIMA,CUNDINAMARCA,2017,14,1.26
25035,ANAPOIMA,CUNDINAMARCA,2018,3,0.27
25035,ANAPOIMA,CUNDINAMARCA,2020,8,0.72
25035,ANAPOIMA,CUNDINAMARCA,2023,26,2.34
25040,ANOLAIMA,CUNDINAMARCA,2001,38,3.42
25040,ANOLAIMA,CUNDINAMARCA,2004,2,0.18
25040,ANOLAIMA,CUNDINAMARCA,2006,2,0.18
25040,ANOLAIMA,CUNDINAMARCA,2007,1,0.09
25040,ANOLAIMA,CUNDINAMARCA,2009,2,0.18
25040,ANOLAIMA,CUNDINAMARCA,2012,3,0.27
25040,ANOLAIMA,CUNDINAMARCA,2013,15,1.3499999999999999
25040,ANOLAIMA,CUNDINAMARCA,2014,4,0.36
25040,ANOLAIMA,CUNDINAMARCA,2022,18,1.6199999999999999
25053,ARBELÁEZ,CUNDINAMARCA,2002,3,0.27
25053,ARBELÁEZ,CUNDINAMARCA,2003,7,0.63
25053,ARBELÁEZ,CUNDINAMARCA,2004,2,0.18
25053,ARBELÁEZ,CUNDINAMARCA,2005,1,0.09
25053,ARBELÁEZ,CUNDINAMARCA,2006,2,0.18
25053,ARBELÁEZ,CUNDINAMARCA,2007,2,0.18
25053,ARBELÁEZ,CUNDINAMARCA,2008,6,0.54
25053,ARBELÁEZ,CUNDINAMARCA,2009,15,1.3499999999999999
25053,ARBELÁEZ,CUNDINAMARCA,2011,1,0.09
25053,ARBELÁEZ,CUNDINAMARCA,2012,11,0.99
25053,ARBELÁEZ,CUNDINAMARCA,2013,6,0.54
25053,ARBELÁEZ,CUNDINAMARCA,2018,3,0.27
25053,ARBELÁEZ,CUNDINAMARCA,2021,18,1.6199999999999999
25086,BELTRÁN,CUNDINAMARCA,2001,2,0.18
25086,BELTRÁN,CUNDINAMARCA,2002,20,1.7999999999999998
25086,BELTRÁN,CUNDINAMARCA,2004,2,0.18
25086,BELTRÁN,CUNDINAMARCA,2005,6,0.54
25086,BELTRÁN,CUNDINAMARCA,2006,1,0.09
25086,BELTRÁN,CUNDINAMARCA,2007,8,0.72
25086,BELTRÁN,CUNDINAMARCA,2008,4,0.36
25086,BELTRÁN,CUNDINAMARCA,2009,1,0.09
25086,BELTRÁN,CUNDINAMARCA,2010,55,4.95
25086,BELTRÁN,CUNDINAMARCA,2011,21,1.89
25086,BELTRÁN,CUNDINAMARCA,2012,75,6.75
25086,BELTRÁN,CUNDINAMARCA,2016,464,41.76
25086,BELTRÁN,CUNDINAMARCA,2020,7,0.63
25086,BELTRÁN,CUNDINAMARCA,2021,33,2.9699999999999998
25086,BELTRÁN,CUNDINAMARCA,2022,1,0.09
25086,BELTRÁN,CUNDINAMARCA,2023,25,2.25
25095,BITUIMA,CUNDINAMARCA,2001,3,0.27
25095,BITUIMA,CUNDINAMARCA,2002,76,6.84
25095,BITUIMA,CUNDINAMARCA,2003,18,1.6199999999999999
25095,BITUIMA,CUNDINAMARCA,2004,2,0.18
25095,BITUIMA,CUNDINAMARCA,2005,11,0.99
25095,BITUIMA,CUNDINAMARCA,2006,7,0.63
25095,BITUIMA,CUNDINAMARCA,2008,4,0.36
25095,BITUIMA,CUNDINAMARCA,2009,1,0.09
25095,BITUIMA,CUNDINAMARCA,2010,3,0.27
25095,BITUIMA,CUNDINAMARCA,2011,1,0.09
25095,BITUIMA,CUNDINAMARCA,2012,11,0.99
25095,BITUIMA,CUNDINAMARCA,2016,3,0.27
25095,BITUIMA,CUNDINAMARCA,2020,7,0.63
25095,BITUIMA,CUNDINAMARCA,2021,12,1.08
25099,BOJACÁ,CUNDINAMARCA,2001,7,0.63
25099,BOJACÁ,CUNDINAMARCA,2002,39,3.51
25099,BOJACÁ,CUNDINAMARCA,2003,11,0.99
25099,BOJACÁ,CUNDINAMARCA,2004,36,3.2399999999999998
25099,BOJACÁ,CUNDINAMARCA,2005,37,3.33
25099,BOJACÁ,CUNDINAMARCA,2006,41,3.69
25099,BOJACÁ,CUNDINAMARCA,2007,68,6.12
25099,BOJACÁ,CUNDINAMARCA,2008,9,0.8099999999999999
25099,BOJACÁ,CUNDINAMARCA,2009,30,2.6999999999999997
25099,BOJACÁ,CUNDINAMARCA,2010,3,0.27
25099,BOJACÁ,CUNDINAMARCA,2011,14,1.26
25099,BOJACÁ,CUNDINAMARCA,2012,20,1.7999999999999998
25099,BOJACÁ,CUNDINAMARCA,2013,42,3.78
25099,BOJACÁ,CUNDINAMARCA,2014,136,12.24
25099,BOJACÁ,CUNDINAMARCA,2015,175,15.75
25099,BOJACÁ,CUNDINAMARCA,2016,126,11.34
25099,BOJACÁ,CUNDINAMARCA,2017,386,34.74
25099,BOJACÁ,CUNDINAMARCA,2018,239,21.509999999999998
25099,BOJACÁ,CUNDINAMARCA,2019,243,21.869999999999997
25099,BOJACÁ,CUNDINAMARCA,2020,327,29.43
25099,BOJACÁ,CUNDINAMARCA,2021,218,19.62
25099,BOJACÁ,CUNDINAMARCA,2022,161,14.49
25099,BOJACÁ,CUNDINAMARCA,2023,144,12.959999999999999
25120,CABRERA,CUNDINAMARCA,2001,182,16.38
25120,CABRERA,CUNDINAMARCA,2002,85,7.6499999999999995
25120,CABRERA,CUNDINAMARCA,2003,62,5.58
25120,CABRERA,CUNDINAMARCA,2004,86,7.739999999999999
25120,CABRERA,CUNDINAMARCA,2005,69,6.21
25120,CABRERA,CUNDINAMARCA,2006,12,1.08
25120,CABRERA,CUNDINAMARCA,2007,23,2.07
25120,CABRERA,CUNDINAMARCA,2008,28,2.52
25120,CABRERA,CUNDINAMARCA,2009,10,0.8999999999999999
25120,CABRERA,CUNDINAMARCA,2010,28,2.52
25120,CABRERA,CUNDINAMARCA,2011,7,0.63
25120,CABRERA,CUNDINAMARCA,2012,33,2.9699999999999998
25120,CABRERA,CUNDINAMARCA,2013,10,0.8999999999999999
25120,CABRERA,CUNDINAMARCA,2014,48,4.32
25120,CABRERA,CUNDINAMARCA,2015,87,7.83
25120,CABRERA,CUNDINAMARCA,2016,65,5.85
25120,CABRERA,CUNDINAMARCA,2017,98,8.82
25120,CABRERA,CUNDINAMARCA,2018,90,8.1
25120,CABRERA,CUNDINAMARCA,2019,77,6.93
25120,CABRERA,CUNDINAMARCA,2020,33,2.9699999999999998
25120,CABRERA,CUNDINAMARCA,2021,198,17.82
25120,CABRERA,CUNDINAMARCA,2022,91,8.19
25120,CABRERA,CUNDINAMARCA,2023,95,8.549999999999999
25123,CACHIPAY,CUNDINAMARCA,2001,39,3.51
25123,CACHIPAY,CUNDINAMARCA,2002,28,2.52
25123,CACHIPAY,CUNDINAMARCA,2003,66,5.9399999999999995
25123,CACHIPAY,CUNDINAMARCA,2004,25,2.25
25123,CACHIPAY,CUNDINAMARCA,2005,29,2.61
25123,CACHIPAY,CUNDINAMARCA,2006,26,2.34
25123,CACHIPAY,CUNDINAMARCA,2007,1,0.09
25123,CACHIPAY,CUNDINAMARCA,2008,11,0.99
25123,CACHIPAY,CUNDINAMARCA,2009,15,1.3499999999999999
25123,CACHIPAY,CUNDINAMARCA,2010,6,0.54
25123,CACHIPAY,CUNDINAMARCA,2011,21,1.89
25123,CACHIPAY,CUNDINAMARCA,2012,36,3.2399999999999998
25123,CACHIPAY,CUNDINAMARCA,2013,27,2.4299999999999997
25123,CACHIPAY,CUNDINAMARCA,2014,13,1.17
25123,CACHIPAY,CUNDINAMARCA,2015,10,0.8999999999999999
25123,CACHIPAY,CUNDINAMARCA,2016,16,1.44
25123,CACHIPAY,CUNDINAMARCA,2018,19,1.71
25123,CACHIPAY,CUNDINAMARCA,2020,5,0.44999999999999996
25123,CACHIPAY,CUNDINAMARCA,2021,35,3.15
25123,CACHIPAY,CUNDINAMARCA,2022,4,0.36
25126,CAJICÁ,CUNDINAMARCA,2001,190,17.099999999999998
25126,CAJICÁ,CUNDINAMARCA,2002,297,26.73
25126,CAJICÁ,CUNDINAMARCA,2003,212,19.08
25126,CAJICÁ,CUNDINAMARCA,2004,274,24.66
25126,CAJICÁ,CUNDINAMARCA,2005,93,8.37
25126,CAJICÁ,CUNDINAMARCA,2006,160,14.399999999999999
25126,CAJICÁ,CUNDINAMARCA,2007,12,1.08
25126,CAJICÁ,CUNDINAMARCA,2008,56,5.04
25126,CAJICÁ,CUNDINAMARCA,2009,131,11.79
25126,CAJICÁ,CUNDINAMARCA,2010,42,3.78
25126,CAJICÁ,CUNDINAMARCA,2011,8,0.72
25126,CAJICÁ,CUNDINAMARCA,2012,138,12.42
25126,CAJICÁ,CUNDINAMARCA,2013,12,1.08
25126,CAJICÁ,CUNDINAMARCA,2014,23,2.07
25126,CAJICÁ,CUNDINAMARCA,2015,38,3.42
25126,CAJICÁ,CUNDINAMARCA,2016,69,6.21
25126,CAJICÁ,CUNDINAMARCA,2017,90,8.1
25126,CAJICÁ,CUNDINAMARCA,2018,21,1.89
25126,CAJICÁ,CUNDINAMARCA,2019,93,8.37
25126,CAJICÁ,CUNDINAMARCA,2020,4,0.36
25126,CAJICÁ,CUNDINAMARCA,2021,26,2.34
25126,CAJICÁ,CUNDINAMARCA,2022,12,1.08
25126,CAJICÁ,CUNDINAMARCA,2023,3,0.27
25148,CAPARRAPÍ,CUNDINAMARCA,2001,74,6.66
25148,CAPARRAPÍ,CUNDINAMARCA,2002,18,1.6199999999999999
25148,CAPARRAPÍ,CUNDINAMARCA,2003,39,3.51
25148,CAPARRAPÍ,CUNDINAMARCA,2004,144,12.959999999999999
25148,CAPARRAPÍ,CUNDINAMARCA,2005,77,6.93
25148,CAPARRAPÍ,CUNDINAMARCA,2006,48,4.32
25148,CAPARRAPÍ,CUNDINAMARCA,2007,103,9.27
25148,CAPARRAPÍ,CUNDINAMARCA,2008,169,15.209999999999999
25148,CAPARRAPÍ,CUNDINAMARCA,2009,121,10.889999999999999
25148,CAPARRAPÍ,CUNDINAMARCA,2010,41,3.69
25148,CAPARRAPÍ,CUNDINAMARCA,2011,68,6.12
25148,CAPARRAPÍ,CUNDINAMARCA,2012,144,12.959999999999999
25148,CAPARRAPÍ,CUNDINAMARCA,2013,113,10.17
25148,CAPARRAPÍ,CUNDINAMARCA,2014,188,16.919999999999998
25148,CAPARRAPÍ,CUNDINAMARCA,2015,221,19.89
25148,CAPARRAPÍ,CUNDINAMARCA,2016,186,16.74
25148,CAPARRAPÍ,CUNDINAMARCA,2017,362,32.58
25148,CAPARRAPÍ,CUNDINAMARCA,2018,368,33.12
25148,CAPARRAPÍ,CUNDINAMARCA,2019,197,17.73
25148,CAPARRAPÍ,CUNDINAMARCA,2020,348,31.32
25148,CAPARRAPÍ,CUNDINAMARCA,2021,365,32.85
25148,CAPARRAPÍ,CUNDINAMARCA,2022,351,31.59
25148,CAPARRAPÍ,CUNDINAMARCA,2023,321,28.89
25151,CÁQUEZA,CUNDINAMARCA,2001,141,12.69
25151,CÁQUEZA,CUNDINAMARCA,2002,85,7.6499999999999995
25151,CÁQUEZA,CUNDINAMARCA,2003,111,9.99
25151,CÁQUEZA,CUNDINAMARCA,2004,69,6.21
25151,CÁQUEZA,CUNDINAMARCA,2005,121,10.889999999999999
25151,CÁQUEZA,CUNDINAMARCA,2007,11,0.99
25151,CÁQUEZA,CUNDINAMARCA,2008,92,8.28
25151,CÁQUEZA,CUNDINAMARCA,2009,23,2.07
25151,CÁQUEZA,CUNDINAMARCA,2010,18,1.6199999999999999
25151,CÁQUEZA,CUNDINAMARCA,2011,16,1.44
25151,CÁQUEZA,CUNDINAMARCA,2012,74,6.66
25151,CÁQUEZA,CUNDINAMARCA,2013,19,1.71
25151,CÁQUEZA,CUNDINAMARCA,2014,84,7.56
25151,CÁQUEZA,CUNDINAMARCA,2015,90,8.1
25151,CÁQUEZA,CUNDINAMARCA,2016,43,3.8699999999999997
25151,CÁQUEZA,CUNDINAMARCA,2017,131,11.79
25151,CÁQUEZA,CUNDINAMARCA,2018,258,23.22
25151,CÁQUEZA,CUNDINAMARCA,2019,344,30.959999999999997
25151,CÁQUEZA,CUNDINAMARCA,2020,541,48.69
25151,CÁQUEZA,CUNDINAMARCA,2021,361,32.49
25151,CÁQUEZA,CUNDINAMARCA,2022,456,41.04
25151,CÁQUEZA,CUNDINAMARCA,2023,165,14.85
25154,CARMEN DE CARUPA,CUNDINAMARCA,2001,8,0.72
25154,CARMEN DE CARUPA,CUNDINAMARCA,2002,1264,113.75999999999999
25154,CARMEN DE CARUPA,CUNDINAMARCA,2003,113,10.17
25154,CARMEN DE CARUPA,CUNDINAMARCA,2004,1165,104.85
25154,CARMEN DE CARUPA,CUNDINAMARCA,2005,1057,95.13
25154,CARMEN DE CARUPA,CUNDINAMARCA,2006,22,1.98
25154,CARMEN DE CARUPA,CUNDINAMARCA,2007,260,23.4
25154,CARMEN DE CARUPA,CUNDINAMARCA,2008,370,33.3
25154,CARMEN DE CARUPA,CUNDINAMARCA,2009,593,53.37
25154,CARMEN DE CARUPA,CUNDINAMARCA,2010,16,1.44
25154,CARMEN DE CARUPA,CUNDINAMARCA,2011,251,22.59
25154,CARMEN DE CARUPA,CUNDINAMARCA,2012,279,25.11
25154,CARMEN DE CARUPA,CUNDINAMARCA,2013,274,24.66
25154,CARMEN DE CARUPA,CUNDINAMARCA,2014,224,20.16
25154,CARMEN DE CARUPA,CUNDINAMARCA,2015,212,19.08
25154,CARMEN DE CARUPA,CUNDINAMARCA,2016,431,38.79
25154,CARMEN DE CARUPA,CUNDINAMARCA,2017,74,6.66
25154,CARMEN DE CARUPA,CUNDINAMARCA,2018,141,12.69
25154,CARMEN DE CARUPA,CUNDINAMARCA,2019,145,13.049999999999999
25154,CARMEN DE CARUPA,CUNDINAMARCA,2020,55,4.95
25154,CARMEN DE CARUPA,CUNDINAMARCA,2021,36,3.2399999999999998
25154,CARMEN DE CARUPA,CUNDINAMARCA,2022,57,5.13
25154,CARMEN DE CARUPA,CUNDINAMARCA,2023,109,9.81
25168,CHAGUANÍ,CUNDINAMARCA,2001,196,17.64
25168,CHAGUANÍ,CUNDINAMARCA,2002,1606,144.54
25168,CHAGUANÍ,CUNDINAMARCA,2003,624,56.16
25168,CHAGUANÍ,CUNDINAMARCA,2004,1553,139.76999999999998
25168,CHAGUANÍ,CUNDINAMARCA,2005,2004,180.35999999999999
25168,CHAGUANÍ,CUNDINAMARCA,2006,188,16.919999999999998
25168,CHAGUANÍ,CUNDINAMARCA,2007,696,62.64
25168,CHAGUANÍ,CUNDINAMARCA,2008,189,17.009999999999998
25168,CHAGUANÍ,CUNDINAMARCA,2009,487,43.83
25168,CHAGUANÍ,CUNDINAMARCA,2010,327,29.43
25168,CHAGUANÍ,CUNDINAMARCA,2011,349,31.41
25168,CHAGUANÍ,CUNDINAMARCA,2012,377,33.93
25168,CHAGUANÍ,CUNDINAMARCA,2013,203,18.27
25168,CHAGUANÍ,CUNDINAMARCA,2014,281,25.29
25168,CHAGUANÍ,CUNDINAMARCA,2015,116,10.44
25168,CHAGUANÍ,CUNDINAMARCA,2016,282,25.38
25168,CHAGUANÍ,CUNDINAMARCA,2017,293,26.369999999999997
25168,CHAGUANÍ,CUNDINAMARCA,2018,216,19.439999999999998
25168,CHAGUANÍ,CUNDINAMARCA,2019,401,36.089999999999996
25168,CHAGUANÍ,CUNDINAMARCA,2020,683,61.47
25168,CHAGUANÍ,CUNDINAMARCA,2021,211,18.99
25168,CHAGUANÍ,CUNDINAMARCA,2022,178,16.02
25168,CHAGUANÍ,CUNDINAMARCA,2023,143,12.87
25175,CHÍA,CUNDINAMARCA,2001,334,30.06
25175,CHÍA,CUNDINAMARCA,2002,412,37.08
25175,CHÍA,CUNDINAMARCA,2003,397,35.73
25175,CHÍA,CUNDINAMARCA,2004,668,60.12
25175,CHÍA,CUNDINAMARCA,2005,143,12.87
25175,CHÍA,CUNDINAMARCA,2006,262,23.58
25175,CHÍA,CUNDINAMARCA,2007,205,18.45
25175,CHÍA,CUNDINAMARCA,2008,293,26.369999999999997
25175,CHÍA,CUNDINAMARCA,2009,210,18.9
25175,CHÍA,CUNDINAMARCA,2010,69,6.21
25175,CHÍA,CUNDINAMARCA,2011,95,8.549999999999999
25175,CHÍA,CUNDINAMARCA,2012,99,8.91
25175,CHÍA,CUNDINAMARCA,2013,225,20.25
25175,CHÍA,CUNDINAMARCA,2014,63,5.67
25175,CHÍA,CUNDINAMARCA,2015,18,1.6199999999999999
25175,CHÍA,CUNDINAMARCA,2016,7,0.63
25175,CHÍA,CUNDINAMARCA,2017,24,2.16
25175,CHÍA,CUNDINAMARCA,2018,16,1.44
25175,CHÍA,CUNDINAMARCA,2019,97,8.73
25175,CHÍA,CUNDINAMARCA,2020,262,23.58
25175,CHÍA,CUNDINAMARCA,2021,614,55.26
25175,CHÍA,CUNDINAMARCA,2022,276,24.84
25175,CHÍA,CUNDINAMARCA,2023,179,16.11
25178,CHIPAQUE,CUNDINAMARCA,2001,12,1.08
25178,CHIPAQUE,CUNDINAMARCA,2002,20,1.7999999999999998
25178,CHIPAQUE,CUNDINAMARCA,2003,24,2.16
25178,CHIPAQUE,CUNDINAMARCA,2004,39,3.51
25178,CHIPAQUE,CUNDINAMARCA,2005,56,5.04
25178,CHIPAQUE,CUNDINAMARCA,2006,30,2.6999999999999997
25178,CHIPAQUE,CUNDINAMARCA,2007,93,8.37
25178,CHIPAQUE,CUNDINAMARCA,2008,54,4.859999999999999
25178,CHIPAQUE,CUNDINAMARCA,2009,38,3.42
25178,CHIPAQUE,CUNDINAMARCA,2010,33,2.9699999999999998
25178,CHIPAQUE,CUNDINAMARCA,2011,9,0.8099999999999999
25178,CHIPAQUE,CUNDINAMARCA,2012,30,2.6999999999999997
25178,CHIPAQUE,CUNDINAMARCA,2013,32,2.88
25178,CHIPAQUE,CUNDINAMARCA,2014,47,4.2299999999999995
25178,CHIPAQUE,CUNDINAMARCA,2015,32,2.88
25178,CHIPAQUE,CUNDINAMARCA,2016,38,3.42
25178,CHIPAQUE,CUNDINAMARCA,2017,67,6.029999999999999
25178,CHIPAQUE,CUNDINAMARCA,2018,174,15.66
25178,CHIPAQUE,CUNDINAMARCA,2019,107,9.629999999999999
25178,CHIPAQUE,CUNDINAMARCA,2020,58,5.22
25178,CHIPAQUE,CUNDINAMARCA,2021,80,7.199999999999999
25178,CHIPAQUE,CUNDINAMARCA,2022,153,13.77
25178,CHIPAQUE,CUNDINAMARCA,2023,54,4.859999999999999
25181,CHOACHÍ,CUNDINAMARCA,2001,83,7.47
25181,CHOACHÍ,CUNDINAMARCA,2002,14,1.26
25181,CHOACHÍ,CUNDINAMARCA,2003,6,0.54
25181,CHOACHÍ,CUNDINAMARCA,2004,148,13.32
25181,CHOACHÍ,CUNDINAMARCA,2005,34,3.06
25181,CHOACHÍ,CUNDINAMARCA,2006,33,2.9699999999999998
25181,CHOACHÍ,CUNDINAMARCA,2007,73,6.569999999999999
25181,CHOACHÍ,CUNDINAMARCA,2008,68,6.12
25181,CHOACHÍ,CUNDINAMARCA,2009,21,1.89
25181,CHOACHÍ,CUNDINAMARCA,2010,34,3.06
25181,CHOACHÍ,CUNDINAMARCA,2011,59,5.31
25181,CHOACHÍ,CUNDINAMARCA,2012,35,3.15
25181,CHOACHÍ,CUNDINAMARCA,2013,80,7.199999999999999
25181,CHOACHÍ,CUNDINAMARCA,2014,70,6.3
25181,CHOACHÍ,CUNDINAMARCA,2015,27,2.4299999999999997
25181,CHOACHÍ,CUNDINAMARCA,2016,124,11.16
25181,CHOACHÍ,CUNDINAMARCA,2017,222,19.98
25181,CHOACHÍ,CUNDINAMARCA,2018,585,52.65
25181,CHOACHÍ,CUNDINAMARCA,2019,172,15.479999999999999
25181,CHOACHÍ,CUNDINAMARCA,2020,139,12.51
25181,CHOACHÍ,CUNDINAMARCA,2021,125,11.25
25181,CHOACHÍ,CUNDINAMARCA,2022,120,10.799999999999999
25181,CHOACHÍ,CUNDINAMARCA,2023,103,9.27
25183,CHOCONTÁ,CUNDINAMARCA,2003,1,0.09
25183,CHOCONTÁ,CUNDINAMARCA,2004,70,6.3
25183,CHOCONTÁ,CUNDINAMARCA,2010,6,0.54
25183,CHOCONTÁ,CUNDINAMARCA,2012,5,0.44999999999999996
25200,COGUA,CUNDINAMARCA,2001,6,0.54
25200,COGUA,CUNDINAMARCA,2006,4,0.36
25200,COGUA,CUNDINAMARCA,2007,1,0.09
25200,COGUA,CUNDINAMARCA,2010,30,2.6999999999999997
25200,COGUA,CUNDINAMARCA,2011,2,0.18
25200,COGUA,CUNDINAMARCA,2012,1,0.09
25200,COGUA,CUNDINAMARCA,2014,6,0.54
25200,COGUA,CUNDINAMARCA,2015,12,1.08
25200,COGUA,CUNDINAMARCA,2019,216,19.439999999999998
25200,COGUA,CUNDINAMARCA,2023,54,4.859999999999999
25214,COTA,CUNDINAMARCA,2005,2,0.18
25214,COTA,CUNDINAMARCA,2007,4,0.36
25214,COTA,CUNDINAMARCA,2012,7,0.63
25214,COTA,CUNDINAMARCA,2018,256,23.04
25224,CUCUNUBÁ,CUNDINAMARCA,2001,326,29.34
25224,CUCUNUBÁ,CUNDINAMARCA,2002,104,9.36
25224,CUCUNUBÁ,CUNDINAMARCA,2003,117,10.53
25224,CUCUNUBÁ,CUNDINAMARCA,2004,331,29.79
25224,CUCUNUBÁ,CUNDINAMARCA,2005,234,21.06
25224,CUCUNUBÁ,CUNDINAMARCA,2006,96,8.64
25224,CUCUNUBÁ,CUNDINAMARCA,2007,47,4.2299999999999995
25224,CUCUNUBÁ,CUNDINAMARCA,2008,153,13.77
25224,CUCUNUBÁ,CUNDINAMARCA,2009,180,16.2
25224,CUCUNUBÁ,CUNDINAMARCA,2010,200,18.0
25224,CUCUNUBÁ,CUNDINAMARCA,2011,157,14.129999999999999
25224,CUCUNUBÁ,CUNDINAMARCA,2012,65,5.85
25224,CUCUNUBÁ,CUNDINAMARCA,2013,200,18.0
25224,CUCUNUBÁ,CUNDINAMARCA,2014,234,21.06
25224,CUCUNUBÁ,CUNDINAMARCA,2015,201,18.09
25224,CUCUNUBÁ,CUNDINAMARCA,2016,236,21.24
25224,CUCUNUBÁ,CUNDINAMARCA,2017,710,63.9
25224,CUCUNUBÁ,CUNDINAMARCA,2018,633,56.97
25224,CUCUNUBÁ,CUNDINAMARCA,2019,504,45.36
25224,CUCUNUBÁ,CUNDINAMARCA,2020,864,77.75999999999999
25224,CUCUNUBÁ,CUNDINAMARCA,2021,456,41.04
25224,CUCUNUBÁ,CUNDINAMARCA,2022,205,18.45
25224,CUCUNUBÁ,CUNDINAMARCA,2023,230,20.7
25245,EL COLEGIO,CUNDINAMARCA,2001,3,0.27
25245,EL COLEGIO,CUNDINAMARCA,2002,3,0.27
25245,EL COLEGIO,CUNDINAMARCA,2003,1,0.09
25245,EL COLEGIO,CUNDINAMARCA,2005,1,0.09
25245,EL COLEGIO,CUNDINAMARCA,2006,1,0.09
25245,EL COLEGIO,CUNDINAMARCA,2008,1,0.09
25245,EL COLEGIO,CUNDINAMARCA,2009,55,4.95
25245,EL COLEGIO,CUNDINAMARCA,2010,2,0.18
25245,EL COLEGIO,CUNDINAMARCA,2012,4,0.36
25245,EL COLEGIO,CUNDINAMARCA,2014,1,0.09
25245,EL COLEGIO,CUNDINAMARCA,2016,1,0.09
25258,EL PEÑÓN,CUNDINAMARCA,2001,4,0.36
25258,EL PEÑÓN,CUNDINAMARCA,2002,6,0.54
25258,EL PEÑÓN,CUNDINAMARCA,2005,1,0.09
25258,EL PEÑÓN,CUNDINAMARCA,2006,1,0.09
25258,EL PEÑÓN,CUNDINAMARCA,2007,4,0.36
25258,EL PEÑÓN,CUNDINAMARCA,2008,18,1.6199999999999999
25258,EL PEÑÓN,CUNDINAMARCA,2009,6,0.54
25258,EL PEÑÓN,CUNDINAMARCA,2011,10,0.8999999999999999
25258,EL PEÑÓN,CUNDINAMARCA,2012,31,2.79
25258,EL PEÑÓN,CUNDINAMARCA,2014,5,0.44999999999999996
25258,EL PEÑÓN,CUNDINAMARCA,2020,8,0.72
25258,EL PEÑÓN,CUNDINAMARCA,2023,121,10.889999999999999
25260,EL ROSAL,CUNDINAMARCA,2001,8,0.72
25260,EL ROSAL,CUNDINAMARCA,2003,37,3.33
25260,EL ROSAL,CUNDINAMARCA,2004,1,0.09
25260,EL ROSAL,CUNDINAMARCA,2005,2,0.18
25260,EL ROSAL,CUNDINAMARCA,2008,1,0.09
25260,EL ROSAL,CUNDINAMARCA,2010,1,0.09
25260,EL ROSAL,CUNDINAMARCA,2012,3,0.27
25260,EL ROSAL,CUNDINAMARCA,2013,9,0.8099999999999999
25260,EL ROSAL,CUNDINAMARCA,2014,3,0.27
25260,EL ROSAL,CUNDINAMARCA,2015,4,0.36
25260,EL ROSAL,CUNDINAMARCA,2019,69,6.21
25260,EL ROSAL,CUNDINAMARCA,2020,77,6.93
25260,EL ROSAL,CUNDINAMARCA,2021,10,0.8999999999999999
25260,EL ROSAL,CUNDINAMARCA,2022,98,8.82
25260,EL ROSAL,CUNDINAMARCA,2023,37,3.33
25269,FACATATIVÁ,CUNDINAMARCA,2003,1,0.09
25269,FACATATIVÁ,CUNDINAMARCA,2006,2,0.18
25269,FACATATIVÁ,CUNDINAMARCA,2011,1,0.09
25269,FACATATIVÁ,CUNDINAMARCA,2012,3,0.27
25269,FACATATIVÁ,CUNDINAMARCA,2014,1,0.09
25269,FACATATIVÁ,CUNDINAMARCA,2016,13,1.17
25279,FÓMEQUE,CUNDINAMARCA,2001,2,0.18
25279,FÓMEQUE,CUNDINAMARCA,2002,5,0.44999999999999996
25279,FÓMEQUE,CUNDINAMARCA,2003,1,0.09
25279,FÓMEQUE,CUNDINAMARCA,2004,2,0.18
25279,FÓMEQUE,CUNDINAMARCA,2005,23,2.07
25279,FÓMEQUE,CUNDINAMARCA,2006,1,0.09
25279,FÓMEQUE,CUNDINAMARCA,2007,1,0.09
25279,FÓMEQUE,CUNDINAMARCA,2010,2,0.18
25279,FÓMEQUE,CUNDINAMARCA,2011,4,0.36
25279,FÓMEQUE,CUNDINAMARCA,2012,7,0.63
25279,FÓMEQUE,CUNDINAMARCA,2013,4,0.36
25279,FÓMEQUE,CUNDINAMARCA,2014,2,0.18
25279,FÓMEQUE,CUNDINAMARCA,2017,6,0.54
25281,FOSCA,CUNDINAMARCA,2001,6,0.54
25281,FOSCA,CUNDINAMARCA,2007,22,1.98
25281,FOSCA,CUNDINAMARCA,2012,8,0.72
25281,FOSCA,CUNDINAMARCA,2013,8,0.72
25281,FOSCA,CUNDINAMARCA,2014,3,0.27
25286,FUNZA,CUNDINAMARCA,2001,250,22.5
25286,FUNZA,CUNDINAMARCA,2002,16,1.44
25286,FUNZA,CUNDINAMARCA,2003,64,5.76
25286,FUNZA,CUNDINAMARCA,2004,22,1.98
25286,FUNZA,CUNDINAMARCA,2005,3,0.27
25286,FUNZA,CUNDINAMARCA,2006,123,11.07
25286,FUNZA,CUNDINAMARCA,2007,200,18.0
25286,FUNZA,CUNDINAMARCA,2008,134,12.059999999999999
25286,FUNZA,CUNDINAMARCA,2009,89,8.01
25286,FUNZA,CUNDINAMARCA,2010,196,17.64
25286,FUNZA,CUNDINAMARCA,2011,53,4.77
25286,FUNZA,CUNDINAMARCA,2012,52,4.68
25286,FUNZA,CUNDINAMARCA,2013,25,2.25
25286,FUNZA,CUNDINAMARCA,2014,32,2.88
25286,FUNZA,CUNDINAMARCA,2015,32,2.88
25286,FUNZA,CUNDINAMARCA,2016,72,6.4799999999999995
25286,FUNZA,CUNDINAMARCA,2017,37,3.33
25286,FUNZA,CUNDINAMARCA,2018,759,68.31
25286,FUNZA,CUNDINAMARCA,2019,299,26.91
25286,FUNZA,CUNDINAMARCA,2020,346,31.14
25286,FUNZA,CUNDINAMARCA,2021,8,0.72
25286,FUNZA,CUNDINAMARCA,2022,10,0.8999999999999999
25286,FUNZA,CUNDINAMARCA,2023,34,3.06
25288,FÚQUENE,CUNDINAMARCA,2003,1,0.09
25288,FÚQUENE,CUNDINAMARCA,2004,1,0.09
25288,FÚQUENE,CUNDINAMARCA,2006,5,0.44999999999999996
25288,FÚQUENE,CUNDINAMARCA,2008,3,0.27
25288,FÚQUENE,CUNDINAMARCA,2012,8,0.72
25288,FÚQUENE,CUNDINAMARCA,2013,1,0.09
25288,FÚQUENE,CUNDINAMARCA,2014,2,0.18
25288,FÚQUENE,CUNDINAMARCA,2017,1,0.09
25290,FUSAGASUGÁ,CUNDINAMARCA,2001,140,12.6
25290,FUSAGASUGÁ,CUNDINAMARCA,2002,137,12.33
25290,FUSAGASUGÁ,CUNDINAMARCA,2003,133,11.969999999999999
25290,FUSAGASUGÁ,CUNDINAMARCA,2004,69,6.21
25290,FUSAGASUGÁ,CUNDINAMARCA,2005,157,14.129999999999999
25290,FUSAGASUGÁ,CUNDINAMARCA,2006,127,11.43
25290,FUSAGASUGÁ,CUNDINAMARCA,2007,733,65.97
25290,FUSAGASUGÁ,CUNDINAMARCA,2008,167,15.03
25290,FUSAGASUGÁ,CUNDINAMARCA,2009,51,4.59
25290,FUSAGASUGÁ,CUNDINAMARCA,2010,170,15.299999999999999
25290,FUSAGASUGÁ,CUNDINAMARCA,2011,143,12.87
25290,FUSAGASUGÁ,CUNDINAMARCA,2012,189,17.009999999999998
25290,FUSAGASUGÁ,CUNDINAMARCA,2013,150,13.5
25290,FUSAGASUGÁ,CUNDINAMARCA,2014,159,14.309999999999999
25290,FUSAGASUGÁ,CUNDINAMARCA,2015,4,0.36
25290,FUSAGASUGÁ,CUNDINAMARCA,2016,171,15.389999999999999
25290,FUSAGASUGÁ,CUNDINAMARCA,2017,275,24.75
25290,FUSAGASUGÁ,CUNDINAMARCA,2018,779,70.11
25290,FUSAGASUGÁ,CUNDINAMARCA,2019,376,33.839999999999996
25290,FUSAGASUGÁ,CUNDINAMARCA,2020,1161,104.49
25290,FUSAGASUGÁ,CUNDINAMARCA,2021,84,7.56
25290,FUSAGASUGÁ,CUNDINAMARCA,2022,57,5.13
25290,FUSAGASUGÁ,CUNDINAMARCA,2023,321,28.89
25293,GACHALÁ,CUNDINAMARCA,2003,1,0.09
25293,GACHALÁ,CUNDINAMARCA,2007,3,0.27
25293,GACHALÁ,CUNDINAMARCA,2008,6,0.54
25293,GACHALÁ,CUNDINAMARCA,2010,44,3.96
25293,GACHALÁ,CUNDINAMARCA,2011,5,0.44999999999999996
25293,GACHALÁ,CUNDINAMARCA,2012,13,1.17
25293,GACHALÁ,CUNDINAMARCA,2013,6,0.54
25293,GACHALÁ,CUNDINAMARCA,2014,25,2.25
25293,GACHALÁ,CUNDINAMARCA,2016,10,0.8999999999999999
25293,GACHALÁ,CUNDINAMARCA,2019,128,11.52
25293,GACHALÁ,CUNDINAMARCA,2022,37,3.33
25295,GACHANCIPÁ,CUNDINAMARCA,2001,1,0.09
25295,GACHANCIPÁ,CUNDINAMARCA,2002,1,0.09
25295,GACHANCIPÁ,CUNDINAMARCA,2003,4,0.36
25295,GACHANCIPÁ,CUNDINAMARCA,2004,3,0.27
25295,GACHANCIPÁ,CUNDINAMARCA,2006,2,0.18
25295,GACHANCIPÁ,CUNDINAMARCA,2007,34,3.06
25295,GACHANCIPÁ,CUNDINAMARCA,2008,18,1.6199999999999999
25295,GACHANCIPÁ,CUNDINAMARCA,2009,1,0.09
25295,GACHANCIPÁ,CUNDINAMARCA,2010,46,4.14
25295,GACHANCIPÁ,CUNDINAMARCA,2011,14,1.26
25295,GACHANCIPÁ,CUNDINAMARCA,2012,99,8.91
25295,GACHANCIPÁ,CUNDINAMARCA,2013,3,0.27
25295,GACHANCIPÁ,CUNDINAMARCA,2014,56,5.04
25295,GACHANCIPÁ,CUNDINAMARCA,2021,86,7.739999999999999
25297,GACHETÁ,CUNDINAMARCA,2001,1,0.09
25297,GACHETÁ,CUNDINAMARCA,2007,9,0.8099999999999999
25297,GACHETÁ,CUNDINAMARCA,2010,16,1.44
25297,GACHETÁ,CUNDINAMARCA,2011,4,0.36
25297,GACHETÁ,CUNDINAMARCA,2012,3,0.27
25297,GACHETÁ,CUNDINAMARCA,2013,78,7.02
25297,GACHETÁ,CUNDINAMARCA,2014,4,0.36
25297,GACHETÁ,CUNDINAMARCA,2016,74,6.66
25297,GACHETÁ,CUNDINAMARCA,2017,9,0.8099999999999999
25299,GAMA,CUNDINAMARCA,2003,14,1.26
25299,GAMA,CUNDINAMARCA,2004,2,0.18
25299,GAMA,CUNDINAMARCA,2005,34,3.06
25299,GAMA,CUNDINAMARCA,2006,47,4.2299999999999995
25299,GAMA,CUNDINAMARCA,2007,56,5.04
25299,GAMA,CUNDINAMARCA,2008,63,5.67
25299,GAMA,CUNDINAMARCA,2009,11,0.99
25299,GAMA,CUNDINAMARCA,2010,35,3.15
25299,GAMA,CUNDINAMARCA,2011,20,1.7999999999999998
25299,GAMA,CUNDINAMARCA,2012,76,6.84
25299,GAMA,CUNDINAMARCA,2013,83,7.47
25299,GAMA,CUNDINAMARCA,2014,33,2.9699999999999998
25299,GAMA,CUNDINAMARCA,2015,2,0.18
25299,GAMA,CUNDINAMARCA,2016,1,0.09
25299,GAMA,CUNDINAMARCA,2017,2,0.18
25299,GAMA,CUNDINAMARCA,2018,34,3.06
25299,GAMA,CUNDINAMARCA,2020,12,1.08
25299,GAMA,CUNDINAMARCA,2021,11,0.99
25299,GAMA,CUNDINAMARCA,2023,2,0.18
25307,GIRARDOT,CUNDINAMARCA,2004,1,0.09
25307,GIRARDOT,CUNDINAMARCA,2006,2,0.18
25307,GIRARDOT,CUNDINAMARCA,2010,8,0.72
25307,GIRARDOT,CUNDINAMARCA,2011,5,0.44999999999999996
25307,GIRARDOT,CUNDINAMARCA,2012,2,0.18
25307,GIRARDOT,CUNDINAMARCA,2014,13,1.17
25307,GIRARDOT,CUNDINAMARCA,2021,197,17.73
25307,GIRARDOT,CUNDINAMARCA,2022,15,1.3499999999999999
25312,GRANADA,CUNDINAMARCA,2001,2,0.18
25312,GRANADA,CUNDINAMARCA,2002,2,0.18
25312,GRANADA,CUNDINAMARCA,2003,3,0.27
25312,GRANADA,CUNDINAMARCA,2004,2,0.18
25312,GRANADA,CUNDINAMARCA,2005,10,0.8999999999999999
25312,GRANADA,CUNDINAMARCA,2007,2,0.18
25312,GRANADA,CUNDINAMARCA,2008,2,0.18
25312,GRANADA,CUNDINAMARCA,2009,5,0.44999999999999996
25312,GRANADA,CUNDINAMARCA,2010,8,0.72
25312,GRANADA,CUNDINAMARCA,2011,33,2.9699999999999998
25312,GRANADA,CUNDINAMARCA,2012,13,1.17
25312,GRANADA,CUNDINAMARCA,2013,3,0.27
25312,GRANADA,CUNDINAMARCA,2022,11,0.99
25317,GUACHETÁ,CUNDINAMARCA,2001,1,0.09
25317,GUACHETÁ,CUNDINAMARCA,2003,1,0.09
25317,GUACHETÁ,CUNDINAMARCA,2004,2,0.18
25317,GUACHETÁ,CUNDINAMARCA,2005,3,0.27
25317,GUACHETÁ,CUNDINAMARCA,2006,1,0.09
25317,GUACHETÁ,CUNDINAMARCA,2008,7,0.63
25317,GUACHETÁ,CUNDINAMARCA,2009,4,0.36
25317,GUACHETÁ,CUNDINAMARCA,2010,7,0.63
25317,GUACHETÁ,CUNDINAMARCA,2012,2,0.18
25317,GUACHETÁ,CUNDINAMARCA,2013,29,2.61
25317,GUACHETÁ,CUNDINAMARCA,2014,3,0.27
25320,GUADUAS,CUNDINAMARCA,2001,2,0.18
25320,GUADUAS,CUNDINAMARCA,2003,1,0.09
25320,GUADUAS,CUNDINAMARCA,2004,3,0.27
25320,GUADUAS,CUNDINAMARCA,2005,2,0.18
25320,GUADUAS,CUNDINAMARCA,2006,5,0.44999999999999996
25320,GUADUAS,CUNDINAMARCA,2007,3,0.27
25320,GUADUAS,CUNDINAMARCA,2009,2,0.18
25320,GUADUAS,CUNDINAMARCA,2010,8,0.72
25320,GUADUAS,CUNDINAMARCA,2011,1,0.09
25320,GUADUAS,CUNDINAMARCA,2012,11,0.99
25320,GUADUAS,CUNDINAMARCA,2013,10,0.8999999999999999
25320,GUADUAS,CUNDINAMARCA,2016,5,0.44999999999999996
25320,GUADUAS,CUNDINAMARCA,2019,1,0.09
25322,GUASCA,CUNDINAMARCA,2002,1,0.09
25322,GUASCA,CUNDINAMARCA,2011,1,0.09
25322,GUASCA,CUNDINAMARCA,2012,5,0.44999999999999996
25322,GUASCA,CUNDINAMARCA,2013,1,0.09
25322,GUASCA,CUNDINAMARCA,2014,3,0.27
25324,GUATAQUÍ,CUNDINAMARCA,2001,162,14.58
25324,GUATAQUÍ,CUNDINAMARCA,2002,26,2.34
25324,GUATAQUÍ,CUNDINAMARCA,2003,53,4.77
25324,GUATAQUÍ,CUNDINAMARCA,2004,42,3.78
25324,GUATAQUÍ,CUNDINAMARCA,2005,58,5.22
25324,GUATAQUÍ,CUNDINAMARCA,2006,3,0.27
25324,GUATAQUÍ,CUNDINAMARCA,2007,98,8.82
25324,GUATAQUÍ,CUNDINAMARCA,2008,43,3.8699999999999997
25324,GUATAQUÍ,CUNDINAMARCA,2009,111,9.99
25324,GUATAQUÍ,CUNDINAMARCA,2010,125,11.25
25324,GUATAQUÍ,CUNDINAMARCA,2011,41,3.69
25324,GUATAQUÍ,CUNDINAMARCA,2012,60,5.3999999999999995
25324,GUATAQUÍ,CUNDINAMARCA,2013,55,4.95
25324,GUATAQUÍ,CUNDINAMARCA,2014,112,10.08
25324,GUATAQUÍ,CUNDINAMARCA,2015,75,6.75
25324,GUATAQUÍ,CUNDINAMARCA,2016,169,15.209999999999999
25324,GUATAQUÍ,CUNDINAMARCA,2017,184,16.56
25324,GUATAQUÍ,CUNDINAMARCA,2018,346,31.14
25324,GUATAQUÍ,CUNDINAMARCA,2019,258,23.22
25324,GUATAQUÍ,CUNDINAMARCA,2020,363,32.67
25324,GUATAQUÍ,CUNDINAMARCA,2021,201,18.09
25324,GUATAQUÍ,CUNDINAMARCA,2022,226,20.34
25324,GUATAQUÍ,CUNDINAMARCA,2023,281,25.29
25326,GUATAVITA,CUNDINAMARCA,2002,1,0.09
25326,GUATAVITA,CUNDINAMARCA,2006,1,0.09
25326,GUATAVITA,CUNDINAMARCA,2007,1,0.09
25326,GUATAVITA,CUNDINAMARCA,2010,4,0.36
25326,GUATAVITA,CUNDINAMARCA,2012,4,0.36
25326,GUATAVITA,CUNDINAMARCA,2013,1,0.09
25326,GUATAVITA,CUNDINAMARCA,2014,22,1.98
25326,GUATAVITA,CUNDINAMARCA,2018,101,9.09
25328,GUAYABAL DE SÍQUIMA,CUNDINAMARCA,2001,5,0.44999999999999996
25328,GUAYABAL DE SÍQUIMA,CUNDINAMARCA,2002,2,0.18
25328,GUAYABAL DE SÍQUIMA,CUNDINAMARCA,2005,1,0.09
25328,GUAYABAL DE SÍQUIMA,CUNDINAMARCA,2006,1,0.09
25328,GUAYABAL DE SÍQUIMA,CUNDINAMARCA,2007,1,0.09
25328,GUAYABAL DE SÍQUIMA,CUNDINAMARCA,2008,3,0.27
25328,GUAYABAL DE SÍQUIMA,CUNDINAMARCA,2009,3,0.27
25328,GUAYABAL DE SÍQUIMA,CUNDINAMARCA,2010,4,0.36
25328,GUAYABAL DE SÍQUIMA,CUNDINAMARCA,2012,6,0.54
25328,GUAYABAL DE SÍQUIMA,CUNDINAMARCA,2014,2,0.18
25328,GUAYABAL DE SÍQUIMA,CUNDINAMARCA,2016,4,0.36
25328,GUAYABAL DE SÍQUIMA,CUNDINAMARCA,2017,5,0.44999999999999996
25328,GUAYABAL DE SÍQUIMA,CUNDINAMARCA,2022,3,0.27
25328,GUAYABAL DE SÍQUIMA,CUNDINAMARCA,2023,4,0.36
25335,GUAYABETAL,CUNDINAMARCA,2005,2,0.18
25335,GUAYABETAL,CUNDINAMARCA,2006,1,0.09
25335,GUAYABETAL,CUNDINAMARCA,2008,3,0.27
25335,GUAYABETAL,CUNDINAMARCA,2011,7,0.63
25335,GUAYABETAL,CUNDINAMARCA,2012,4,0.36
25335,GUAYABETAL,CUNDINAMARCA,2018,12,1.08
25335,GUAYABETAL,CUNDINAMARCA,2021,5,0.44999999999999996
25335,GUAYABETAL,CUNDINAMARCA,2022,5,0.44999999999999996
25335,GUAYABETAL,CUNDINAMARCA,2023,20,1.7999999999999998
25339,GUTIÉRREZ,CUNDINAMARCA,2001,21,1.89
25339,GUTIÉRREZ,CUNDINAMARCA,2002,9,0.8099999999999999
25339,GUTIÉRREZ,CUNDINAMARCA,2004,11,0.99
25339,GUTIÉRREZ,CUNDINAMARCA,2005,1,0.09
25339,GUTIÉRREZ,CUNDINAMARCA,2007,1,0.09
25339,GUTIÉRREZ,CUNDINAMARCA,2008,4,0.36
25339,GUTIÉRREZ,CUNDINAMARCA,2009,16,1.44
25339,GUTIÉRREZ,CUNDINAMARCA,2011,6,0.54
25339,GUTIÉRREZ,CUNDINAMARCA,2012,7,0.63
25339,GUTIÉRREZ,CUNDINAMARCA,2013,5,0.44999999999999996
25339,GUTIÉRREZ,CUNDINAMARCA,2014,24,2.16
25339,GUTIÉRREZ,CUNDINAMARCA,2015,2,0.18
25339,GUTIÉRREZ,CUNDINAMARCA,2016,49,4.41
25339,GUTIÉRREZ,CUNDINAMARCA,2017,8,0.72
25339,GUTIÉRREZ,CUNDINAMARCA,2018,39,3.51
25339,GUTIÉRREZ,CUNDINAMARCA,2019,100,9.0
25339,GUTIÉRREZ,CUNDINAMARCA,2020,26,2.34
25339,GUTIÉRREZ,CUNDINAMARCA,2022,62,5.58
25339,GUTIÉRREZ,CUNDINAMARCA,2023,16,1.44
25368,JERUSALÉN,CUNDINAMARCA,2001,1,0.09
25368,JERUSALÉN,CUNDINAMARCA,2003,1,0.09
25368,JERUSALÉN,CUNDINAMARCA,2007,1,0.09
25368,JERUSALÉN,CUNDINAMARCA,2008,1,0.09
25368,JERUSALÉN,CUNDINAMARCA,2010,5,0.44999999999999996
25368,JERUSALÉN,CUNDINAMARCA,2011,8,0.72
25368,JERUSALÉN,CUNDINAMARCA,2012,13,1.17
25368,JERUSALÉN,CUNDINAMARCA,2013,2,0.18
25368,JERUSALÉN,CUNDINAMARCA,2014,5,0.44999999999999996
25368,JERUSALÉN,CUNDINAMARCA,2017,42,3.78
25372,JUNÍN,CUNDINAMARCA,2001,2,0.18
25372,JUNÍN,CUNDINAMARCA,2002,1,0.09
25372,JUNÍN,CUNDINAMARCA,2004,1,0.09
25372,JUNÍN,CUNDINAMARCA,2005,3,0.27
25372,JUNÍN,CUNDINAMARCA,2008,1,0.09
25372,JUNÍN,CUNDINAMARCA,2009,1,0.09
25372,JUNÍN,CUNDINAMARCA,2010,2,0.18
25372,JUNÍN,CUNDINAMARCA,2011,9,0.8099999999999999
25372,JUNÍN,CUNDINAMARCA,2012,37,3.33
25372,JUNÍN,CUNDINAMARCA,2013,1,0.09
25372,JUNÍN,CUNDINAMARCA,2021,3,0.27
25372,JUNÍN,CUNDINAMARCA,2022,79,7.109999999999999
25377,LA CALERA,CUNDINAMARCA,2003,5,0.44999999999999996
25377,LA CALERA,CUNDINAMARCA,2004,2,0.18
25377,LA CALERA,CUNDINAMARCA,2010,129,11.61
25377,LA CALERA,CUNDINAMARCA,2011,1,0.09
25377,LA CALERA,CUNDINAMARCA,2012,4,0.36
25377,LA CALERA,CUNDINAMARCA,2013,1,0.09
25377,LA CALERA,CUNDINAMARCA,2017,4,0.36
25377,LA CALERA,CUNDINAMARCA,2019,7,0.63
25386,LA MESA,CUNDINAMARCA,2002,2,0.18
25386,LA MESA,CUNDINAMARCA,2003,5,0.44999999999999996
25386,LA MESA,CUNDINAMARCA,2007,31,2.79
25386,LA MESA,CUNDINAMARCA,2012,8,0.72
25386,LA MESA,CUNDINAMARCA,2016,7,0.63
25386,LA MESA,CUNDINAMARCA,2020,332,29.88
25394,LA PALMA,CUNDINAMARCA,2007,6,0.54
25394,LA PALMA,CUNDINAMARCA,2010,1,0.09
25394,LA PALMA,CUNDINAMARCA,2017,68,6.12
25394,LA PALMA,CUNDINAMARCA,2020,261,23.49
25394,LA PALMA,CUNDINAMARCA,2021,30,2.6999999999999997
25394,LA PALMA,CUNDINAMARCA,2022,114,10.26
25394,LA PALMA,CUNDINAMARCA,2023,122,10.98
25398,LA PEÑA,CUNDINAMARCA,2009,3,0.27
25398,LA PEÑA,CUNDINAMARCA,2018,13,1.17
25398,LA PEÑA,CUNDINAMARCA,2020,8,0.72
25402,LA VEGA,CUNDINAMARCA,2001,602,54.18
25402,LA VEGA,CUNDINAMARCA,2002,83,7.47
25402,LA VEGA,CUNDINAMARCA,2003,315,28.349999999999998
25402,LA VEGA,CUNDINAMARCA,2004,47,4.2299999999999995
25402,LA VEGA,CUNDINAMARCA,2005,60,5.3999999999999995
25402,LA VEGA,CUNDINAMARCA,2006,218,19.62
25402,LA VEGA,CUNDINAMARCA,2007,34,3.06
25402,LA VEGA,CUNDINAMARCA,2008,70,6.3
25402,LA VEGA,CUNDINAMARCA,2009,191,17.189999999999998
25402,LA VEGA,CUNDINAMARCA,2010,640,57.599999999999994
25402,LA VEGA,CUNDINAMARCA,2011,21,1.89
25402,LA VEGA,CUNDINAMARCA,2012,34,3.06
25402,LA VEGA,CUNDINAMARCA,2013,2,0.18
25402,LA VEGA,CUNDINAMARCA,2014,10,0.8999999999999999
25402,LA VEGA,CUNDINAMARCA,2015,5,0.44999999999999996
25402,LA VEGA,CUNDINAMARCA,2016,275,24.75
25402,LA VEGA,CUNDINAMARCA,2019,21,1.89
25402,LA VEGA,CUNDINAMARCA,2020,1,0.09
25402,LA VEGA,CUNDINAMARCA,2021,1,0.09
25402,LA VEGA,CUNDINAMARCA,2022,7,0.63
25402,LA VEGA,CUNDINAMARCA,2023,4,0.36
25407,LENGUAZAQUE,CUNDINAMARCA,2001,33,2.9699999999999998
25407,LENGUAZAQUE,CUNDINAMARCA,2002,23,2.07
25407,LENGUAZAQUE,CUNDINAMARCA,2003,105,9.45
25407,LENGUAZAQUE,CUNDINAMARCA,2004,1,0.09
25407,LENGUAZAQUE,CUNDINAMARCA,2006,13,1.17
25407,LENGUAZAQUE,CUNDINAMARCA,2007,9,0.8099999999999999
25407,LENGUAZAQUE,CUNDINAMARCA,2008,1,0.09
25407,LENGUAZAQUE,CUNDINAMARCA,2009,16,1.44
25407,LENGUAZAQUE,CUNDINAMARCA,2010,28,2.52
25407,LENGUAZAQUE,CUNDINAMARCA,2012,10,0.8999999999999999
25407,LENGUAZAQUE,CUNDINAMARCA,2013,1,0.09
25407,LENGUAZAQUE,CUNDINAMARCA,2014,1,0.09
25407,LENGUAZAQUE,CUNDINAMARCA,2015,1,0.09
25407,LENGUAZAQUE,CUNDINAMARCA,2016,73,6.569999999999999
25407,LENGUAZAQUE,CUNDINAMARCA,2017,17,1.53
25407,LENGUAZAQUE,CUNDINAMARCA,2018,43,3.8699999999999997
25407,LENGUAZAQUE,CUNDINAMARCA,2019,60,5.3999999999999995
25407,LENGUAZAQUE,CUNDINAMARCA,2020,135,12.15
25407,LENGUAZAQUE,CUNDINAMARCA,2021,4,0.36
25407,LENGUAZAQUE,CUNDINAMARCA,2023,2,0.18
25426,MACHETÁ,CUNDINAMARCA,2001,595,53.55
25426,MACHETÁ,CUNDINAMARCA,2002,217,19.529999999999998
25426,MACHETÁ,CUNDINAMARCA,2003,468,42.12
25426,MACHETÁ,CUNDINAMARCA,2004,270,24.3
25426,MACHETÁ,CUNDINAMARCA,2005,440,39.6
25426,MACHETÁ,CUNDINAMARCA,2006,563,50.669999999999995
25426,MACHETÁ,CUNDINAMARCA,2007,492,44.28
25426,MACHETÁ,CUNDINAMARCA,2008,212,19.08
25426,MACHETÁ,CUNDINAMARCA,2009,498,44.82
25426,MACHETÁ,CUNDINAMARCA,2010,416,37.44
25426,MACHETÁ,CUNDINAMARCA,2011,285,25.65
25426,MACHETÁ,CUNDINAMARCA,2012,263,23.669999999999998
25426,MACHETÁ,CUNDINAMARCA,2013,176,15.84
25426,MACHETÁ,CUNDINAMARCA,2014,166,14.94
25426,MACHETÁ,CUNDINAMARCA,2015,280,25.2
25426,MACHETÁ,CUNDINAMARCA,2016,712,64.08
25426,MACHETÁ,CUNDINAMARCA,2017,593,53.37
25426,MACHETÁ,CUNDINAMARCA,2018,490,44.1
25426,MACHETÁ,CUNDINAMARCA,2019,769,69.21
25426,MACHETÁ,CUNDINAMARCA,2020,687,61.83
25426,MACHETÁ,CUNDINAMARCA,2021,354,31.86
25426,MACHETÁ,CUNDINAMARCA,2022,332,29.88
25426,MACHETÁ,CUNDINAMARCA,2023,472,42.48
25430,MADRID,CUNDINAMARCA,2001,73,6.569999999999999
25430,MADRID,CUNDINAMARCA,2002,20,1.7999999999999998
25430,MADRID,CUNDINAMARCA,2003,145,13.049999999999999
25430,MADRID,CUNDINAMARCA,2004,5,0.44999999999999996
25430,MADRID,CUNDINAMARCA,2005,40,3.5999999999999996
25430,MADRID,CUNDINAMARCA,2006,26,2.34
25430,MADRID,CUNDINAMARCA,2007,50,4.5
25430,MADRID,CUNDINAMARCA,2008,21,1.89
25430,MADRID,CUNDINAMARCA,2009,35,3.15
25430,MADRID,CUNDINAMARCA,2010,20,1.7999999999999998
25430,MADRID,CUNDINAMARCA,2011,32,2.88
25430,MADRID,CUNDINAMARCA,2012,40,3.5999999999999996
25430,MADRID,CUNDINAMARCA,2013,15,1.3499999999999999
25430,MADRID,CUNDINAMARCA,2014,31,2.79
25430,MADRID,CUNDINAMARCA,2015,76,6.84
25430,MADRID,CUNDINAMARCA,2016,321,28.89
25430,MADRID,CUNDINAMARCA,2017,226,20.34
25430,MADRID,CUNDINAMARCA,2018,206,18.54
25430,MADRID,CUNDINAMARCA,2019,251,22.59
25430,MADRID,CUNDINAMARCA,2020,267,24.029999999999998
25430,MADRID,CUNDINAMARCA,2021,115,10.35
25430,MADRID,CUNDINAMARCA,2022,100,9.0
25430,MADRID,CUNDINAMARCA,2023,110,9.9
25436,MANTA,CUNDINAMARCA,2001,10,0.8999999999999999
25436,MANTA,CUNDINAMARCA,2002,3,0.27
25436,MANTA,CUNDINAMARCA,2003,7,0.63
25436,MANTA,CUNDINAMARCA,2004,1,0.09
25436,MANTA,CUNDINAMARCA,2005,4,0.36
25436,MANTA,CUNDINAMARCA,2008,4,0.36
25436,MANTA,CUNDINAMARCA,2009,1,0.09
25436,MANTA,CUNDINAMARCA,2010,1,0.09
25436,MANTA,CUNDINAMARCA,2011,2,0.18
25436,MANTA,CUNDINAMARCA,2012,19,1.71
25436,MANTA,CUNDINAMARCA,2013,2,0.18
25436,MANTA,CUNDINAMARCA,2014,10,0.8999999999999999
25436,MANTA,CUNDINAMARCA,2015,6,0.54
25436,MANTA,CUNDINAMARCA,2019,12,1.08
25436,MANTA,CUNDINAMARCA,2020,4,0.36
25436,MANTA,CUNDINAMARCA,2022,31,2.79
25436,MANTA,CUNDINAMARCA,2023,5,0.44999999999999996
25438,MEDINA,CUNDINAMARCA,2001,54,4.859999999999999
25438,MEDINA,CUNDINAMARCA,2002,13,1.17
25438,MEDINA,CUNDINAMARCA,2003,3,0.27
25438,MEDINA,CUNDINAMARCA,2004,3,0.27
25438,MEDINA,CUNDINAMARCA,2008,10,0.8999999999999999
25438,MEDINA,CUNDINAMARCA,2010,5,0.44999999999999996
25438,MEDINA,CUNDINAMARCA,2011,1,0.09
25438,MEDINA,CUNDINAMARCA,2012,7,0.63
25438,MEDINA,CUNDINAMARCA,2013,1,0.09
25438,MEDINA,CUNDINAMARCA,2014,1,0.09
25438,MEDINA,CUNDINAMARCA,2016,31,2.79
25438,MEDINA,CUNDINAMARCA,2017,11,0.99
25438,MEDINA,CUNDINAMARCA,2018,18,1.6199999999999999
25438,MEDINA,CUNDINAMARCA,2019,17,1.53
25438,MEDINA,CUNDINAMARCA,2021,8,0.72
25438,MEDINA,CUNDINAMARCA,2022,42,3.78
25438,MEDINA,CUNDINAMARCA,2023,5,0.44999999999999996
25473,MOSQUERA,CUNDINAMARCA,2001,31,2.79
25473,MOSQUERA,CUNDINAMARCA,2002,3,0.27
25473,MOSQUERA,CUNDINAMARCA,2003,3,0.27
25473,MOSQUERA,CUNDINAMARCA,2005,3,0.27
25473,MOSQUERA,CUNDINAMARCA,2007,22,1.98
25473,MOSQUERA,CUNDINAMARCA,2008,1,0.09
25473,MOSQUERA,CUNDINAMARCA,2009,16,1.44
25473,MOSQUERA,CUNDINAMARCA,2010,22,1.98
25473,MOSQUERA,CUNDINAMARCA,2011,17,1.53
25473,MOSQUERA,CUNDINAMARCA,2012,23,2.07
25473,MOSQUERA,CUNDINAMARCA,2013,1,0.09
25473,MOSQUERA,CUNDINAMARCA,2014,5,0.44999999999999996
25473,MOSQUERA,CUNDINAMARCA,2015,7,0.63
25473,MOSQUERA,CUNDINAMARCA,2016,1,0.09
25473,MOSQUERA,CUNDINAMARCA,2017,25,2.25
25473,MOSQUERA,CUNDINAMARCA,2018,41,3.69
25473,MOSQUERA,CUNDINAMARCA,2019,11,0.99
25473,MOSQUERA,CUNDINAMARCA,2021,4,0.36
25483,NARIÑO,CUNDINAMARCA,2001,30,2.6999999999999997
25483,NARIÑO,CUNDINAMARCA,2002,9,0.8099999999999999
25483,NARIÑO,CUNDINAMARCA,2003,41,3.69
25483,NARIÑO,CUNDINAMARCA,2004,6,0.54
25483,NARIÑO,CUNDINAMARCA,2005,9,0.8099999999999999
25483,NARIÑO,CUNDINAMARCA,2006,43,3.8699999999999997
25483,NARIÑO,CUNDINAMARCA,2008,6,0.54
25483,NARIÑO,CUNDINAMARCA,2009,29,2.61
25483,NARIÑO,CUNDINAMARCA,2010,19,1.71
25483,NARIÑO,CUNDINAMARCA,2011,24,2.16
25483,NARIÑO,CUNDINAMARCA,2012,152,13.68
25483,NARIÑO,CUNDINAMARCA,2013,12,1.08
25483,NARIÑO,CUNDINAMARCA,2014,23,2.07
25483,NARIÑO,CUNDINAMARCA,2015,4,0.36
25483,NARIÑO,CUNDINAMARCA,2016,15,1.3499999999999999
25483,NARIÑO,CUNDINAMARCA,2017,20,1.7999999999999998
25483,NARIÑO,CUNDINAMARCA,2018,30,2.6999999999999997
25483,NARIÑO,CUNDINAMARCA,2019,125,11.25
25483,NARIÑO,CUNDINAMARCA,2020,22,1.98
25483,NARIÑO,CUNDINAMARCA,2021,5,0.44999999999999996
25483,NARIÑO,CUNDINAMARCA,2022,6,0.54
25483,NARIÑO,CUNDINAMARCA,2023,19,1.71
25486,NEMOCÓN,CUNDINAMARCA,2001,86,7.739999999999999
25486,NEMOCÓN,CUNDINAMARCA,2002,134,12.059999999999999
25486,NEMOCÓN,CUNDINAMARCA,2003,566,50.94
25486,NEMOCÓN,CUNDINAMARCA,2004,228,20.52
25486,NEMOCÓN,CUNDINAMARCA,2005,32,2.88
25486,NEMOCÓN,CUNDINAMARCA,2006,258,23.22
25486,NEMOCÓN,CUNDINAMARCA,2007,438,39.42
25486,NEMOCÓN,CUNDINAMARCA,2008,244,21.96
25486,NEMOCÓN,CUNDINAMARCA,2009,253,22.77
25486,NEMOCÓN,CUNDINAMARCA,2010,314,28.259999999999998
25486,NEMOCÓN,CUNDINAMARCA,2011,102,9.18
25486,NEMOCÓN,CUNDINAMARCA,2012,172,15.479999999999999
25486,NEMOCÓN,CUNDINAMARCA,2013,118,10.62
25486,NEMOCÓN,CUNDINAMARCA,2014,121,10.889999999999999
25486,NEMOCÓN,CUNDINAMARCA,2015,123,11.07
25486,NEMOCÓN,CUNDINAMARCA,2016,2236,201.23999999999998
25486,NEMOCÓN,CUNDINAMARCA,2017,552,49.68
25486,NEMOCÓN,CUNDINAMARCA,2018,225,20.25
25486,NEMOCÓN,CUNDINAMARCA,2019,859,77.31
25486,NEMOCÓN,CUNDINAMARCA,2020,348,31.32
25486,NEMOCÓN,CUNDINAMARCA,2021,72,6.4799999999999995
25486,NEMOCÓN,CUNDINAMARCA,2022,32,2.88
25486,NEMOCÓN,CUNDINAMARCA,2023,96,8.64
25777,SUPATÁ,CUNDINAMARCA,2001,652,58.68
25777,SUPATÁ,CUNDINAMARCA,2002,315,28.349999999999998
25777,SUPATÁ,CUNDINAMARCA,2003,114,10.26
25777,SUPATÁ,CUNDINAMARCA,2004,87,7.83
25777,SUPATÁ,CUNDINAMARCA,2005,54,4.859999999999999
25777,SUPATÁ,CUNDINAMARCA,2006,157,14.129999999999999
25777,SUPATÁ,CUNDINAMARCA,2007,518,46.62
25777,SUPATÁ,CUNDINAMARCA,2008,37,3.33
25777,SUPATÁ,CUNDINAMARCA,2009,378,34.019999999999996
25777,SUPATÁ,CUNDINAMARCA,2010,312,28.08
25777,SUPATÁ,CUNDINAMARCA,2011,52,4.68
25777,SUPATÁ,CUNDINAMARCA,2012,194,17.46
25777,SUPATÁ,CUNDINAMARCA,2013,135,12.15
25777,SUPATÁ,CUNDINAMARCA,2014,65,5.85
25777,SUPATÁ,CUNDINAMARCA,2015,37,3.33
25777,SUPATÁ,CUNDINAMARCA,2016,73,6.569999999999999
25777,SUPATÁ,CUNDINAMARCA,2017,4,0.36
25777,SUPATÁ,CUNDINAMARCA,2018,22,1.98
25777,SUPATÁ,CUNDINAMARCA,2019,64,5.76
25777,SUPATÁ,CUNDINAMARCA,2020,6,0.54
25777,SUPATÁ,CUNDINAMARCA,2021,1,0.09
25777,SUPATÁ,CUNDINAMARCA,2023,7,0.63
25779,SUSA,CUNDINAMARCA,2001,16,1.44
25779,SUSA,CUNDINAMARCA,2002,21,1.89
25779,SUSA,CUNDINAMARCA,2003,30,2.6999999999999997
25779,SUSA,CUNDINAMARCA,2004,11,0.99
25779,SUSA,CUNDINAMARCA,2005,82,7.38
25779,SUSA,CUNDINAMARCA,2006,127,11.43
25779,SUSA,CUNDINAMARCA,2007,62,5.58
25779,SUSA,CUNDINAMARCA,2008,59,5.31
25779,SUSA,CUNDINAMARCA,2009,17,1.53
25779,SUSA,CUNDINAMARCA,2010,40,3.5999999999999996
25779,SUSA,CUNDINAMARCA,2011,26,2.34
25779,SUSA,CUNDINAMARCA,2012,69,6.21
25779,SUSA,CUNDINAMARCA,2013,14,1.26
25779,SUSA,CUNDINAMARCA,2014,2,0.18
25779,SUSA,CUNDINAMARCA,2015,4,0.36
25779,SUSA,CUNDINAMARCA,2016,5,0.44999999999999996
25779,SUSA,CUNDINAMARCA,2018,3,0.27
25779,SUSA,CUNDINAMARCA,2021,15,1.3499999999999999
25779,SUSA,CUNDINAMARCA,2023,17,1.53
25781,SUTATAUSA,CUNDINAMARCA,2001,11,0.99
25781,SUTATAUSA,CUNDINAMARCA,2002,16,1.44
25781,SUTATAUSA,CUNDINAMARCA,2003,39,3.51
25781,SUTATAUSA,CUNDINAMARCA,2004,13,1.17
25781,SUTATAUSA,CUNDINAMARCA,2005,41,3.69
25781,SUTATAUSA,CUNDINAMARCA,2006,40,3.5999999999999996
25781,SUTATAUSA,CUNDINAMARCA,2007,23,2.07
25781,SUTATAUSA,CUNDINAMARCA,2008,79,7.109999999999999
25781,SUTATAUSA,CUNDINAMARCA,2009,48,4.32
25781,SUTATAUSA,CUNDINAMARCA,2010,46,4.14
25781,SUTATAUSA,CUNDINAMARCA,2011,121,10.889999999999999
25781,SUTATAUSA,CUNDINAMARCA,2012,81,7.29
25781,SUTATAUSA,CUNDINAMARCA,2013,9,0.8099999999999999
25781,SUTATAUSA,CUNDINAMARCA,2014,1,0.09
25781,SUTATAUSA,CUNDINAMARCA,2015,2,0.18
25781,SUTATAUSA,CUNDINAMARCA,2018,8,0.72
25781,SUTATAUSA,CUNDINAMARCA,2021,8,0.72
25781,SUTATAUSA,CUNDINAMARCA,2023,30,2.6999999999999997
25785,TABIO,CUNDINAMARCA,2001,21,1.89
25785,TABIO,CUNDINAMARCA,2002,11,0.99
25785,TABIO,CUNDINAMARCA,2003,2,0.18
25785,TABIO,CUNDINAMARCA,2004,1,0.09
25785,TABIO,CUNDINAMARCA,2005,37,3.33
25785,TABIO,CUNDINAMARCA,2006,23,2.07
25785,TABIO,CUNDINAMARCA,2007,37,3.33
25785,TABIO,CUNDINAMARCA,2008,1,0.09
25785,TABIO,CUNDINAMARCA,2009,14,1.26
25785,TABIO,CUNDINAMARCA,2010,45,4.05
25785,TABIO,CUNDINAMARCA,2011,112,10.08
25785,TABIO,CUNDINAMARCA,2012,117,10.53
25785,TABIO,CUNDINAMARCA,2013,31,2.79
25785,TABIO,CUNDINAMARCA,2014,3,0.27
25785,TABIO,CUNDINAMARCA,2015,10,0.8999999999999999
25785,TABIO,CUNDINAMARCA,2016,25,2.25
25785,TABIO,CUNDINAMARCA,2017,14,1.26
25785,TABIO,CUNDINAMARCA,2020,345,31.049999999999997
25785,TABIO,CUNDINAMARCA,2021,43,3.8699999999999997
25785,TABIO,CUNDINAMARCA,2022,22,1.98
25785,TABIO,CUNDINAMARCA,2023,58,5.22
25793,TAUSA,CUNDINAMARCA,2001,12,1.08
25793,TAUSA,CUNDINAMARCA,2002,34,3.06
25793,TAUSA,CUNDINAMARCA,2003,16,1.44
25793,TAUSA,CUNDINAMARCA,2004,58,5.22
25793,TAUSA,CUNDINAMARCA,2005,19,1.71
25793,TAUSA,CUNDINAMARCA,2006,54,4.859999999999999
25793,TAUSA,CUNDINAMARCA,2007,71,6.39
25793,TAUSA,CUNDINAMARCA,2008,70,6.3
25793,TAUSA,CUNDINAMARCA,2009,84,7.56
25793,TAUSA,CUNDINAMARCA,2010,39,3.51
25793,TAUSA,CUNDINAMARCA,2011,177,15.93
25793,TAUSA,CUNDINAMARCA,2012,307,27.63
25793,TAUSA,CUNDINAMARCA,2013,51,4.59
25793,TAUSA,CUNDINAMARCA,2014,30,2.6999999999999997
25793,TAUSA,CUNDINAMARCA,2015,8,0.72
25793,TAUSA,CUNDINAMARCA,2016,17,1.53
25793,TAUSA,CUNDINAMARCA,2017,59,5.31
25793,TAUSA,CUNDINAMARCA,2019,30,2.6999999999999997
25793,TAUSA,CUNDINAMARCA,2020,7,0.63
25793,TAUSA,CUNDINAMARCA,2021,42,3.78
25793,TAUSA,CUNDINAMARCA,2022,38,3.42
25793,TAUSA,CUNDINAMARCA,2023,40,3.5999999999999996
25797,TENA,CUNDINAMARCA,2001,7,0.63
25797,TENA,CUNDINAMARCA,2002,72,6.4799999999999995
25797,TENA,CUNDINAMARCA,2003,1,0.09
25797,TENA,CUNDINAMARCA,2004,18,1.6199999999999999
25797,TENA,CUNDINAMARCA,2005,22,1.98
25797,TENA,CUNDINAMARCA,2007,39,3.51
25797,TENA,CUNDINAMARCA,2008,23,2.07
25797,TENA,CUNDINAMARCA,2009,29,2.61
25797,TENA,CUNDINAMARCA,2010,24,2.16
25797,TENA,CUNDINAMARCA,2011,13,1.17
25797,TENA,CUNDINAMARCA,2012,103,9.27
25797,TENA,CUNDINAMARCA,2013,9,0.8099999999999999
25797,TENA,CUNDINAMARCA,2014,9,0.8099999999999999
25797,TENA,CUNDINAMARCA,2015,89,8.01
25797,TENA,CUNDINAMARCA,2016,30,2.6999999999999997
25797,TENA,CUNDINAMARCA,2017,36,3.2399999999999998
25797,TENA,CUNDINAMARCA,2018,3,0.27
25797,TENA,CUNDINAMARCA,2019,15,1.3499999999999999
25797,TENA,CUNDINAMARCA,2020,28,2.52
25797,TENA,CUNDINAMARCA,2021,46,4.14
25797,TENA,CUNDINAMARCA,2022,18,1.6199999999999999
25797,TENA,CUNDINAMARCA,2023,8,0.72
25799,TENJO,CUNDINAMARCA,2001,15,1.3499999999999999
25799,TENJO,CUNDINAMARCA,2002,101,9.09
25799,TENJO,CUNDINAMARCA,2003,72,6.4799999999999995
25799,TENJO,CUNDINAMARCA,2004,203,18.27
25799,TENJO,CUNDINAMARCA,2005,51,4.59
25799,TENJO,CUNDINAMARCA,2006,48,4.32
25799,TENJO,CUNDINAMARCA,2007,122,10.98
25799,TENJO,CUNDINAMARCA,2008,86,7.739999999999999
25799,TENJO,CUNDINAMARCA,2009,165,14.85
25799,TENJO,CUNDINAMARCA,2010,78,7.02
25799,TENJO,CUNDINAMARCA,2011,51,4.59
25799,TENJO,CUNDINAMARCA,2012,189,17.009999999999998
25799,TENJO,CUNDINAMARCA,2013,38,3.42
25799,TENJO,CUNDINAMARCA,2014,28,2.52
25799,TENJO,CUNDINAMARCA,2015,5,0.44999999999999996
25799,TENJO,CUNDINAMARCA,2016,40,3.5999999999999996
25799,TENJO,CUNDINAMARCA,2017,80,7.199999999999999
25799,TENJO,CUNDINAMARCA,2018,20,1.7999999999999998
25799,TENJO,CUNDINAMARCA,2019,57,5.13
25799,TENJO,CUNDINAMARCA,2020,31,2.79
25799,TENJO,CUNDINAMARCA,2021,101,9.09
25799,TENJO,CUNDINAMARCA,2022,105,9.45
25799,TENJO,CUNDINAMARCA,2023,8,0.72
25805,TIBACUY,CUNDINAMARCA,2001,8,0.72
25805,TIBACUY,CUNDINAMARCA,2004,23,2.07
25805,TIBACUY,CUNDINAMARCA,2006,72,6.4799999999999995
25805,TIBACUY,CUNDINAMARCA,2007,1,0.09
25805,TIBACUY,CUNDINAMARCA,2008,10,0.8999999999999999
25805,TIBACUY,CUNDINAMARCA,2009,64,5.76
25805,TIBACUY,CUNDINAMARCA,2010,9,0.8099999999999999
25805,TIBACUY,CUNDINAMARCA,2011,13,1.17
25805,TIBACUY,CUNDINAMARCA,2012,55,4.95
25805,TIBACUY,CUNDINAMARCA,2013,339,30.509999999999998
25805,TIBACUY,CUNDINAMARCA,2014,505,45.449999999999996
25805,TIBACUY,CUNDINAMARCA,2015,100,9.0
25805,TIBACUY,CUNDINAMARCA,2016,8,0.72
25807,TIBIRITA,CUNDINAMARCA,2001,224,20.16
25807,TIBIRITA,CUNDINAMARCA,2002,136,12.24
25807,TIBIRITA,CUNDINAMARCA,2003,7,0.63
25807,TIBIRITA,CUNDINAMARCA,2004,2226,200.34
25807,TIBIRITA,CUNDINAMARCA,2005,537,48.33
25807,TIBIRITA,CUNDINAMARCA,2006,573,51.57
25807,TIBIRITA,CUNDINAMARCA,2007,3,0.27
25807,TIBIRITA,CUNDINAMARCA,2008,157,14.129999999999999
25807,TIBIRITA,CUNDINAMARCA,2009,343,30.869999999999997
25807,TIBIRITA,CUNDINAMARCA,2010,101,9.09
25807,TIBIRITA,CUNDINAMARCA,2011,126,11.34
25807,TIBIRITA,CUNDINAMARCA,2012,357,32.129999999999995
25807,TIBIRITA,CUNDINAMARCA,2013,38,3.42
25807,TIBIRITA,CUNDINAMARCA,2014,81,7.29
25807,TIBIRITA,CUNDINAMARCA,2015,19,1.71
25807,TIBIRITA,CUNDINAMARCA,2016,64,5.76
25807,TIBIRITA,CUNDINAMARCA,2017,206,18.54
25807,TIBIRITA,CUNDINAMARCA,2018,54,4.859999999999999
25807,TIBIRITA,CUNDINAMARCA,2019,89,8.01
25807,TIBIRITA,CUNDINAMARCA,2020,38,3.42
25807,TIBIRITA,CUNDINAMARCA,2021,71,6.39
25807,TIBIRITA,CUNDINAMARCA,2022,19,1.71
25807,TIBIRITA,CUNDINAMARCA,2023,24,2.16
25815,TOCAIMA,CUNDINAMARCA,2001,1,0.09
25815,TOCAIMA,CUNDINAMARCA,2003,9,0.8099999999999999
25815,TOCAIMA,CUNDINAMARCA,2004,73,6.569999999999999
25815,TOCAIMA,CUNDINAMARCA,2006,17,1.53
25815,TOCAIMA,CUNDINAMARCA,2007,34,3.06
25815,TOCAIMA,CUNDINAMARCA,2008,11,0.99
25815,TOCAIMA,CUNDINAMARCA,2009,5,0.44999999999999996
25815,TOCAIMA,CUNDINAMARCA,2010,9,0.8099999999999999
25815,TOCAIMA,CUNDINAMARCA,2011,5,0.44999999999999996
25815,TOCAIMA,CUNDINAMARCA,2012,18,1.6199999999999999
25815,TOCAIMA,CUNDINAMARCA,2013,1,0.09
25815,TOCAIMA,CUNDINAMARCA,2014,67,6.029999999999999
25815,TOCAIMA,CUNDINAMARCA,2015,7,0.63
25815,TOCAIMA,CUNDINAMARCA,2016,12,1.08
25815,TOCAIMA,CUNDINAMARCA,2017,3,0.27
25815,TOCAIMA,CUNDINAMARCA,2018,15,1.3499999999999999
25815,TOCAIMA,CUNDINAMARCA,2019,4,0.36
25815,TOCAIMA,CUNDINAMARCA,2020,18,1.6199999999999999
25815,TOCAIMA,CUNDINAMARCA,2021,49,4.41
25815,TOCAIMA,CUNDINAMARCA,2023,15,1.3499999999999999
25817,TOCANCIPÁ,CUNDINAMARCA,2001,3,0.27
25817,TOCANCIPÁ,CUNDINAMARCA,2003,2,0.18
25817,TOCANCIPÁ,CUNDINAMARCA,2004,5,0.44999999999999996
25817,TOCANCIPÁ,CUNDINAMARCA,2005,32,2.88
25817,TOCANCIPÁ,CUNDINAMARCA,2006,22,1.98
25817,TOCANCIPÁ,CUNDINAMARCA,2007,35,3.15
25817,TOCANCIPÁ,CUNDINAMARCA,2008,30,2.6999999999999997
25817,TOCANCIPÁ,CUNDINAMARCA,2009,24,2.16
25817,TOCANCIPÁ,CUNDINAMARCA,2010,17,1.53
25817,TOCANCIPÁ,CUNDINAMARCA,2011,8,0.72
25817,TOCANCIPÁ,CUNDINAMARCA,2012,13,1.17
25817,TOCANCIPÁ,CUNDINAMARCA,2013,1,0.09
25817,TOCANCIPÁ,CUNDINAMARCA,2014,8,0.72
25817,TOCANCIPÁ,CUNDINAMARCA,2015,21,1.89
25817,TOCANCIPÁ,CUNDINAMARCA,2016,1,0.09
25817,TOCANCIPÁ,CUNDINAMARCA,2020,4,0.36
25817,TOCANCIPÁ,CUNDINAMARCA,2022,68,6.12
25817,TOCANCIPÁ,CUNDINAMARCA,2023,41,3.69
25823,TOPAIPÍ,CUNDINAMARCA,2001,15,1.3499999999999999
25823,TOPAIPÍ,CUNDINAMARCA,2002,15,1.3499999999999999
25823,TOPAIPÍ,CUNDINAMARCA,2003,5,0.44999999999999996
25823,TOPAIPÍ,CUNDINAMARCA,2004,2,0.18
25823,TOPAIPÍ,CUNDINAMARCA,2005,6,0.54
25823,TOPAIPÍ,CUNDINAMARCA,2006,12,1.08
25823,TOPAIPÍ,CUNDINAMARCA,2007,1,0.09
25823,TOPAIPÍ,CUNDINAMARCA,2008,14,1.26
25823,TOPAIPÍ,CUNDINAMARCA,2009,12,1.08
25823,TOPAIPÍ,CUNDINAMARCA,2010,4,0.36
25823,TOPAIPÍ,CUNDINAMARCA,2011,8,0.72
25823,TOPAIPÍ,CUNDINAMARCA,2012,6,0.54
25823,TOPAIPÍ,CUNDINAMARCA,2013,2,0.18
25823,TOPAIPÍ,CUNDINAMARCA,2014,6,0.54
25823,TOPAIPÍ,CUNDINAMARCA,2015,11,0.99
25823,TOPAIPÍ,CUNDINAMARCA,2016,10,0.8999999999999999
25823,TOPAIPÍ,CUNDINAMARCA,2017,33,2.9699999999999998
25823,TOPAIPÍ,CUNDINAMARCA,2018,3,0.27
25823,TOPAIPÍ,CUNDINAMARCA,2019,2,0.18
25823,TOPAIPÍ,CUNDINAMARCA,2020,43,3.8699999999999997
25823,TOPAIPÍ,CUNDINAMARCA,2021,15,1.3499999999999999
25823,TOPAIPÍ,CUNDINAMARCA,2022,188,16.919999999999998
25823,TOPAIPÍ,CUNDINAMARCA,2023,163,14.67
25839,UBALÁ,CUNDINAMARCA,2001,31,2.79
25839,UBALÁ,CUNDINAMARCA,2002,7,0.63
25839,UBALÁ,CUNDINAMARCA,2003,5,0.44999999999999996
25839,UBALÁ,CUNDINAMARCA,2004,1,0.09
25839,UBALÁ,CUNDINAMARCA,2005,1,0.09
25839,UBALÁ,CUNDINAMARCA,2006,46,4.14
25839,UBALÁ,CUNDINAMARCA,2007,23,2.07
25839,UBALÁ,CUNDINAMARCA,2008,15,1.3499999999999999
25839,UBALÁ,CUNDINAMARCA,2009,20,1.7999999999999998
25839,UBALÁ,CUNDINAMARCA,2010,11,0.99
25839,UBALÁ,CUNDINAMARCA,2011,4,0.36
25839,UBALÁ,CUNDINAMARCA,2012,2,0.18
25839,UBALÁ,CUNDINAMARCA,2013,2,0.18
25839,UBALÁ,CUNDINAMARCA,2014,16,1.44
25839,UBALÁ,CUNDINAMARCA,2016,2,0.18
25839,UBALÁ,CUNDINAMARCA,2018,2,0.18
25839,UBALÁ,CUNDINAMARCA,2019,2,0.18
25839,UBALÁ,CUNDINAMARCA,2021,7,0.63
25839,UBALÁ,CUNDINAMARCA,2022,8,0.72
25839,UBALÁ,CUNDINAMARCA,2023,10,0.8999999999999999
25841,UBAQUE,CUNDINAMARCA,2001,17,1.53
25841,UBAQUE,CUNDINAMARCA,2002,10,0.8999999999999999
25841,UBAQUE,CUNDINAMARCA,2003,14,1.26
25841,UBAQUE,CUNDINAMARCA,2004,4,0.36
25841,UBAQUE,CUNDINAMARCA,2005,11,0.99
25841,UBAQUE,CUNDINAMARCA,2006,4,0.36
25841,UBAQUE,CUNDINAMARCA,2007,49,4.41
25841,UBAQUE,CUNDINAMARCA,2008,20,1.7999999999999998
25841,UBAQUE,CUNDINAMARCA,2009,24,2.16
25841,UBAQUE,CUNDINAMARCA,2010,34,3.06
25841,UBAQUE,CUNDINAMARCA,2011,17,1.53
25841,UBAQUE,CUNDINAMARCA,2012,8,0.72
25841,UBAQUE,CUNDINAMARCA,2013,1,0.09
25841,UBAQUE,CUNDINAMARCA,2014,59,5.31
25841,UBAQUE,CUNDINAMARCA,2015,2,0.18
25841,UBAQUE,CUNDINAMARCA,2016,3,0.27
25841,UBAQUE,CUNDINAMARCA,2017,28,2.52
25841,UBAQUE,CUNDINAMARCA,2018,5,0.44999999999999996
25841,UBAQUE,CUNDINAMARCA,2019,22,1.98
25841,UBAQUE,CUNDINAMARCA,2020,18,1.6199999999999999
25841,UBAQUE,CUNDINAMARCA,2021,36,3.2399999999999998
25841,UBAQUE,CUNDINAMARCA,2022,216,19.439999999999998
25841,UBAQUE,CUNDINAMARCA,2023,213,19.169999999999998
25843,VILLA DE SAN DIEGO DE UBATÉ,CUNDINAMARCA,2001,12,1.08
25843,VILLA DE SAN DIEGO DE UBATÉ,CUNDINAMARCA,2002,5,0.44999999999999996
25843,VILLA DE SAN DIEGO DE UBATÉ,CUNDINAMARCA,2003,4,0.36
25843,VILLA DE SAN DIEGO DE UBATÉ,CUNDINAMARCA,2004,11,0.99
25843,VILLA DE SAN DIEGO DE UBATÉ,CUNDINAMARCA,2005,5,0.44999999999999996
25843,VILLA DE SAN DIEGO DE UBATÉ,CUNDINAMARCA,2006,5,0.44999999999999996
25843,VILLA DE SAN DIEGO DE UBATÉ,CUNDINAMARCA,2007,122,10.98
25843,VILLA DE SAN DIEGO DE UBATÉ,CUNDINAMARCA,2008,315,28.349999999999998
25843,VILLA DE SAN DIEGO DE UBATÉ,CUNDINAMARCA,2009,242,21.779999999999998
25843,VILLA DE SAN DIEGO DE UBATÉ,CUNDINAMARCA,2010,11,0.99
25843,VILLA DE SAN DIEGO DE UBATÉ,CUNDINAMARCA,2011,10,0.8999999999999999
25843,VILLA DE SAN DIEGO DE UBATÉ,CUNDINAMARCA,2012,21,1.89
25843,VILLA DE SAN DIEGO DE UBATÉ,CUNDINAMARCA,2014,32,2.88
25843,VILLA DE SAN DIEGO DE UBATÉ,CUNDINAMARCA,2015,18,1.6199999999999999
25843,VILLA DE SAN DIEGO DE UBATÉ,CUNDINAMARCA,2016,12,1.08
25843,VILLA DE SAN DIEGO DE UBATÉ,CUNDINAMARCA,2017,169,15.209999999999999
25843,VILLA DE SAN DIEGO DE UBATÉ,CUNDINAMARCA,2018,7,0.63
25843,VILLA DE SAN DIEGO DE UBATÉ,CUNDINAMARCA,2019,45,4.05
25843,VILLA DE SAN DIEGO DE UBATÉ,CUNDINAMARCA,2020,14,1.26
25843,VILLA DE SAN DIEGO DE UBATÉ,CUNDINAMARCA,2021,15,1.3499999999999999
25843,VILLA DE SAN DIEGO DE UBATÉ,CUNDINAMARCA,2022,14,1.26
25843,VILLA DE SAN DIEGO DE UBATÉ,CUNDINAMARCA,2023,39,3.51
25845,UNE,CUNDINAMARCA,2001,5,0.44999999999999996
25845,UNE,CUNDINAMARCA,2002,4,0.36
25845,UNE,CUNDINAMARCA,2003,4,0.36
25845,UNE,CUNDINAMARCA,2004,2,0.18
25845,UNE,CUNDINAMARCA,2005,4,0.36
25845,UNE,CUNDINAMARCA,2006,11,0.99
25845,UNE,CUNDINAMARCA,2007,5,0.44999999999999996
25845,UNE,CUNDINAMARCA,2008,26,2.34
25845,UNE,CUNDINAMARCA,2009,2,0.18
25845,UNE,CUNDINAMARCA,2010,11,0.99
25845,UNE,CUNDINAMARCA,2011,2,0.18
25845,UNE,CUNDINAMARCA,2012,8,0.72
25845,UNE,CUNDINAMARCA,2023,119,10.709999999999999
25851,ÚTICA,CUNDINAMARCA,2001,41,3.69
25851,ÚTICA,CUNDINAMARCA,2002,27,2.4299999999999997
25851,ÚTICA,CUNDINAMARCA,2003,9,0.8099999999999999
25851,ÚTICA,CUNDINAMARCA,2004,45,4.05
25851,ÚTICA,CUNDINAMARCA,2005,66,5.9399999999999995
25851,ÚTICA,CUNDINAMARCA,2006,5,0.44999999999999996
25851,ÚTICA,CUNDINAMARCA,2007,14,1.26
25851,ÚTICA,CUNDINAMARCA,2008,14,1.26
25851,ÚTICA,CUNDINAMARCA,2009,13,1.17
25851,ÚTICA,CUNDINAMARCA,2010,4,0.36
25851,ÚTICA,CUNDINAMARCA,2011,18,1.6199999999999999
25851,ÚTICA,CUNDINAMARCA,2012,19,1.71
25851,ÚTICA,CUNDINAMARCA,2013,40,3.5999999999999996
25851,ÚTICA,CUNDINAMARCA,2014,35,3.15
25851,ÚTICA,CUNDINAMARCA,2016,8,0.72
25851,ÚTICA,CUNDINAMARCA,2018,5,0.44999999999999996
25851,ÚTICA,CUNDINAMARCA,2021,30,2.6999999999999997
25862,VERGARA,CUNDINAMARCA,2001,11,0.99
25862,VERGARA,CUNDINAMARCA,2002,17,1.53
25862,VERGARA,CUNDINAMARCA,2003,8,0.72
25862,VERGARA,CUNDINAMARCA,2004,2,0.18
25862,VERGARA,CUNDINAMARCA,2005,10,0.8999999999999999
25862,VERGARA,CUNDINAMARCA,2006,3,0.27
25862,VERGARA,CUNDINAMARCA,2007,2,0.18
25862,VERGARA,CUNDINAMARCA,2008,17,1.53
25862,VERGARA,CUNDINAMARCA,2009,1,0.09
25862,VERGARA,CUNDINAMARCA,2012,4,0.36
25862,VERGARA,CUNDINAMARCA,2015,3,0.27
25862,VERGARA,CUNDINAMARCA,2017,6,0.54
25867,VIANÍ,CUNDINAMARCA,2001,35,3.15
25867,VIANÍ,CUNDINAMARCA,2002,32,2.88
25867,VIANÍ,CUNDINAMARCA,2003,11,0.99
25867,VIANÍ,CUNDINAMARCA,2004,50,4.5
25867,VIANÍ,CUNDINAMARCA,2005,44,3.96
25867,VIANÍ,CUNDINAMARCA,2006,11,0.99
25867,VIANÍ,CUNDINAMARCA,2010,2,0.18
25867,VIANÍ,CUNDINAMARCA,2011,4,0.36
25867,VIANÍ,CUNDINAMARCA,2012,39,3.51
25867,VIANÍ,CUNDINAMARCA,2013,1,0.09
25867,VIANÍ,CUNDINAMARCA,2015,3,0.27
25867,VIANÍ,CUNDINAMARCA,2016,3,0.27
25867,VIANÍ,CUNDINAMARCA,2017,10,0.8999999999999999
25867,VIANÍ,CUNDINAMARCA,2019,6,0.54
25867,VIANÍ,CUNDINAMARCA,2020,48,4.32
25867,VIANÍ,CUNDINAMARCA,2021,7,0.63
25871,VILLAGÓMEZ,CUNDINAMARCA,2001,25,2.25
25871,VILLAGÓMEZ,CUNDINAMARCA,2002,30,2.6999999999999997
25871,VILLAGÓMEZ,CUNDINAMARCA,2003,8,0.72
25871,VILLAGÓMEZ,CUNDINAMARCA,2004,31,2.79
25871,VILLAGÓMEZ,CUNDINAMARCA,2005,1,0.09
25871,VILLAGÓMEZ,CUNDINAMARCA,2006,3,0.27
25871,VILLAGÓMEZ,CUNDINAMARCA,2007,2,0.18
25871,VILLAGÓMEZ,CUNDINAMARCA,2009,2,0.18
25871,VILLAGÓMEZ,CUNDINAMARCA,2010,12,1.08
25871,VILLAGÓMEZ,CUNDINAMARCA,2011,31,2.79
25871,VILLAGÓMEZ,CUNDINAMARCA,2012,150,13.5
25871,VILLAGÓMEZ,CUNDINAMARCA,2013,10,0.8999999999999999
25871,VILLAGÓMEZ,CUNDINAMARCA,2017,2,0.18
25871,VILLAGÓMEZ,CUNDINAMARCA,2019,19,1.71
25871,VILLAGÓMEZ,CUNDINAMARCA,2020,108,9.719999999999999
25871,VILLAGÓMEZ,CUNDINAMARCA,2022,3,0.27
25873,VILLAPINZÓN,CUNDINAMARCA,2001,52,4.68
25873,VILLAPINZÓN,CUNDINAMARCA,2002,35,3.15
25873,VILLAPINZÓN,CUNDINAMARCA,2003,25,2.25
25873,VILLAPINZÓN,CUNDINAMARCA,2004,47,4.2299999999999995
25873,VILLAPINZÓN,CUNDINAMARCA,2005,30,2.6999999999999997
25873,VILLAPINZÓN,CUNDINAMARCA,2006,25,2.25
25873,VILLAPINZÓN,CUNDINAMARCA,2007,2,0.18
25873,VILLAPINZÓN,CUNDINAMARCA,2008,46,4.14
25873,VILLAPINZÓN,CUNDINAMARCA,2009,76,6.84
25873,VILLAPINZÓN,CUNDINAMARCA,2010,10,0.8999999999999999
25873,VILLAPINZÓN,CUNDINAMARCA,2011,2,0.18
25873,VILLAPINZÓN,CUNDINAMARCA,2012,19,1.71
25873,VILLAPINZÓN,CUNDINAMARCA,2013,14,1.26
25873,VILLAPINZÓN,CUNDINAMARCA,2014,133,11.969999999999999
25873,VILLAPINZÓN,CUNDINAMARCA,2015,36,3.2399999999999998
25873,VILLAPINZÓN,CUNDINAMARCA,2016,169,15.209999999999999
25873,VILLAPINZÓN,CUNDINAMARCA,2017,171,15.389999999999999
25873,VILLAPINZÓN,CUNDINAMARCA,2018,149,13.41
25873,VILLAPINZÓN,CUNDINAMARCA,2019,147,13.229999999999999
25873,VILLAPINZÓN,CUNDINAMARCA,2020,154,13.86
25873,VILLAPINZÓN,CUNDINAMARCA,2021,165,14.85
25873,VILLAPINZÓN,CUNDINAMARCA,2022,240,21.599999999999998
25873,VILLAPINZÓN,CUNDINAMARCA,2023,124,11.16
25875,VILLETA,CUNDINAMARCA,2001,137,12.33
25875,VILLETA,CUNDINAMARCA,2002,389,35.01
25875,VILLETA,CUNDINAMARCA,2003,418,37.62
25875,VILLETA,CUNDINAMARCA,2004,25,2.25
25875,VILLETA,CUNDINAMARCA,2005,157,14.129999999999999
25875,VILLETA,CUNDINAMARCA,2006,193,17.37
25875,VILLETA,CUNDINAMARCA,2007,1,0.09
25875,VILLETA,CUNDINAMARCA,2008,39,3.51
25875,VILLETA,CUNDINAMARCA,2009,7,0.63
25875,VILLETA,CUNDINAMARCA,2012,10,0.8999999999999999
25875,VILLETA,CUNDINAMARCA,2013,7,0.63
25875,VILLETA,CUNDINAMARCA,2014,45,4.05
25875,VILLETA,CUNDINAMARCA,2015,4,0.36
25875,VILLETA,CUNDINAMARCA,2019,3,0.27
25875,VILLETA,CUNDINAMARCA,2020,11,0.99
25875,VILLETA,CUNDINAMARCA,2021,14,1.26
25878,VIOTÁ,CUNDINAMARCA,2001,95,8.549999999999999
25878,VIOTÁ,CUNDINAMARCA,2002,180,16.2
25878,VIOTÁ,CUNDINAMARCA,2003,65,5.85
25878,VIOTÁ,CUNDINAMARCA,2004,226,20.34
25878,VIOTÁ,CUNDINAMARCA,2005,28,2.52
25878,VIOTÁ,CUNDINAMARCA,2006,51,4.59
25878,VIOTÁ,CUNDINAMARCA,2007,131,11.79
25878,VIOTÁ,CUNDINAMARCA,2008,78,7.02
25878,VIOTÁ,CUNDINAMARCA,2009,113,10.17
25878,VIOTÁ,CUNDINAMARCA,2010,10,0.8999999999999999
25878,VIOTÁ,CUNDINAMARCA,2011,64,5.76
25878,VIOTÁ,CUNDINAMARCA,2012,55,4.95
25878,VIOTÁ,CUNDINAMARCA,2013,8,0.72
25878,VIOTÁ,CUNDINAMARCA,2014,20,1.7999999999999998
25878,VIOTÁ,CUNDINAMARCA,2015,38,3.42
25878,VIOTÁ,CUNDINAMARCA,2016,42,3.78
25878,VIOTÁ,CUNDINAMARCA,2017,47,4.2299999999999995
25878,VIOTÁ,CUNDINAMARCA,2018,49,4.41
25878,VIOTÁ,CUNDINAMARCA,2019,9,0.8099999999999999
25878,VIOTÁ,CUNDINAMARCA,2020,101,9.09
25878,VIOTÁ,CUNDINAMARCA,2021,29,2.61
25878,VIOTÁ,CUNDINAMARCA,2022,22,1.98
25878,VIOTÁ,CUNDINAMARCA,2023,35,3.15
25885,YACOPÍ,CUNDINAMARCA,2001,15,1.3499999999999999
25885,YACOPÍ,CUNDINAMARCA,2002,24,2.16
25885,YACOPÍ,CUNDINAMARCA,2003,21,1.89
25885,YACOPÍ,CUNDINAMARCA,2004,92,8.28
25885,YACOPÍ,CUNDINAMARCA,2005,62,5.58
25885,YACOPÍ,CUNDINAMARCA,2006,16,1.44
25885,YACOPÍ,CUNDINAMARCA,2007,17,1.53
25885,YACOPÍ,CUNDINAMARCA,2008,143,12.87
25885,YACOPÍ,CUNDINAMARCA,2009,191,17.189999999999998
25885,YACOPÍ,CUNDINAMARCA,2010,157,14.129999999999999
25885,YACOPÍ,CUNDINAMARCA,2011,233,20.97
25885,YACOPÍ,CUNDINAMARCA,2012,121,10.889999999999999
25885,YACOPÍ,CUNDINAMARCA,2013,92,8.28
25885,YACOPÍ,CUNDINAMARCA,2014,205,18.45
25885,YACOPÍ,CUNDINAMARCA,2015,69,6.21
25885,YACOPÍ,CUNDINAMARCA,2016,130,11.7
25885,YACOPÍ,CUNDINAMARCA,2017,272,24.48
25885,YACOPÍ,CUNDINAMARCA,2018,147,13.229999999999999
25885,YACOPÍ,CUNDINAMARCA,2019,277,24.93
25885,YACOPÍ,CUNDINAMARCA,2020,196,17.64
25885,YACOPÍ,CUNDINAMARCA,2021,154,13.86
25885,YACOPÍ,CUNDINAMARCA,2022,174,15.66
25885,YACOPÍ,CUNDINAMARCA,2023,169,15.209999999999999
25898,ZIPACÓN,CUNDINAMARCA,2001,7,0.63
25898,ZIPACÓN,CUNDINAMARCA,2002,98,8.82
25898,ZIPACÓN,CUNDINAMARCA,2003,9,0.8099999999999999
25898,ZIPACÓN,CUNDINAMARCA,2004,29,2.61
25898,ZIPACÓN,CUNDINAMARCA,2005,3,0.27
25898,ZIPACÓN,CUNDINAMARCA,2006,2,0.18
25898,ZIPACÓN,CUNDINAMARCA,2007,18,1.6199999999999999
25898,ZIPACÓN,CUNDINAMARCA,2009,27,2.4299999999999997
25898,ZIPACÓN,CUNDINAMARCA,2010,16,1.44
25898,ZIPACÓN,CUNDINAMARCA,2011,215,19.349999999999998
25898,ZIPACÓN,CUNDINAMARCA,2012,33,2.9699999999999998
25898,ZIPACÓN,CUNDINAMARCA,2013,4,0.36
25898,ZIPACÓN,CUNDINAMARCA,2014,2,0.18
25898,ZIPACÓN,CUNDINAMARCA,2016,20,1.7999999999999998
25898,ZIPACÓN,CUNDINAMARCA,2017,89,8.01
25898,ZIPACÓN,CUNDINAMARCA,2018,48,4.32
25898,ZIPACÓN,CUNDINAMARCA,2019,20,1.7999999999999998
25898,ZIPACÓN,CUNDINAMARCA,2020,68,6.12
25898,ZIPACÓN,CUNDINAMARCA,2021,91,8.19
25898,ZIPACÓN,CUNDINAMARCA,2022,60,5.3999999999999995
25899,ZIPAQUIRÁ,CUNDINAMARCA,2001,46,4.14
25899,ZIPAQUIRÁ,CUNDINAMARCA,2002,15,1.3499999999999999
25899,ZIPAQUIRÁ,CUNDINAMARCA,2003,40,3.5999999999999996
25899,ZIPAQUIRÁ,CUNDINAMARCA,2004,127,11.43
25899,ZIPAQUIRÁ,CUNDINAMARCA,2005,3,0.27
25899,ZIPAQUIRÁ,CUNDINAMARCA,2006,45,4.05
25899,ZIPAQUIRÁ,CUNDINAMARCA,2007,1,0.09
25899,ZIPAQUIRÁ,CUNDINAMARCA,2008,9,0.8099999999999999
25899,ZIPAQUIRÁ,CUNDINAMARCA,2009,15,1.3499999999999999
25899,ZIPAQUIRÁ,CUNDINAMARCA,2010,6,0.54
25899,ZIPAQUIRÁ,CUNDINAMARCA,2011,8,0.72
25899,ZIPAQUIRÁ,CUNDINAMARCA,2012,36,3.2399999999999998
25899,ZIPAQUIRÁ,CUNDINAMARCA,2013,3,0.27
25899,ZIPAQUIRÁ,CUNDINAMARCA,2014,5,0.44999999999999996
25899,ZIPAQUIRÁ,CUNDINAMARCA,2016,1,0.09
25899,ZIPAQUIRÁ,CUNDINAMARCA,2018,1,0.09
25899,ZIPAQUIRÁ,CUNDINAMARCA,2019,55,4.95
27001,QUIBDÓ,CHOCÓ,2001,8,0.72
27001,QUIBDÓ,CHOCÓ,2002,5,0.44999999999999996
27001,QUIBDÓ,CHOCÓ,2003,7,0.63
27001,QUIBDÓ,CHOCÓ,2006,2,0.18
27001,QUIBDÓ,CHOCÓ,2007,1,0.09
27001,QUIBDÓ,CHOCÓ,2008,10,0.8999999999999999
27001,QUIBDÓ,CHOCÓ,2009,10,0.8999999999999999
27001,QUIBDÓ,CHOCÓ,2010,225,20.25
27001,QUIBDÓ,CHOCÓ,2011,23,2.07
27001,QUIBDÓ,CHOCÓ,2012,22,1.98
27001,QUIBDÓ,CHOCÓ,2013,1,0.09
27001,QUIBDÓ,CHOCÓ,2017,49,4.41
27001,QUIBDÓ,CHOCÓ,2018,8,0.72
27001,QUIBDÓ,CHOCÓ,2020,7,0.63
27001,QUIBDÓ,CHOCÓ,2021,8,0.72
27001,QUIBDÓ,CHOCÓ,2022,2,0.18
27006,ACANDÍ,CHOCÓ,2001,102,9.18
27006,ACANDÍ,CHOCÓ,2002,7,0.63
27006,ACANDÍ,CHOCÓ,2003,19,1.71
27006,ACANDÍ,CHOCÓ,2004,36,3.2399999999999998
27006,ACANDÍ,CHOCÓ,2005,26,2.34
27006,ACANDÍ,CHOCÓ,2006,7,0.63
27006,ACANDÍ,CHOCÓ,2007,17,1.53
27006,ACANDÍ,CHOCÓ,2008,77,6.93
27006,ACANDÍ,CHOCÓ,2009,46,4.14
27006,ACANDÍ,CHOCÓ,2010,92,8.28
27006,ACANDÍ,CHOCÓ,2011,17,1.53
27006,ACANDÍ,CHOCÓ,2012,37,3.33
27006,ACANDÍ,CHOCÓ,2017,6,0.54
27006,ACANDÍ,CHOCÓ,2018,97,8.73
27006,ACANDÍ,CHOCÓ,2019,14,1.26
27006,ACANDÍ,CHOCÓ,2020,20,1.7999999999999998
27006,ACANDÍ,CHOCÓ,2021,8,0.72
27006,ACANDÍ,CHOCÓ,2022,3,0.27
27025,ALTO BAUDÓ,CHOCÓ,2001,67,6.029999999999999
27025,ALTO BAUDÓ,CHOCÓ,2002,27,2.4299999999999997
27025,ALTO BAUDÓ,CHOCÓ,2003,7,0.63
27025,ALTO BAUDÓ,CHOCÓ,2004,9,0.8099999999999999
27025,ALTO BAUDÓ,CHOCÓ,2005,11,0.99
27025,ALTO BAUDÓ,CHOCÓ,2006,15,1.3499999999999999
27025,ALTO BAUDÓ,CHOCÓ,2007,32,2.88
27025,ALTO BAUDÓ,CHOCÓ,2008,33,2.9699999999999998
27025,ALTO BAUDÓ,CHOCÓ,2009,1,0.09
27025,ALTO BAUDÓ,CHOCÓ,2010,46,4.14
27025,ALTO BAUDÓ,CHOCÓ,2012,34,3.06
27025,ALTO BAUDÓ,CHOCÓ,2013,62,5.58
27025,ALTO BAUDÓ,CHOCÓ,2014,26,2.34
27025,ALTO BAUDÓ,CHOCÓ,2015,25,2.25
27025,ALTO BAUDÓ,CHOCÓ,2016,39,3.51
27025,ALTO BAUDÓ,CHOCÓ,2017,16,1.44
27025,ALTO BAUDÓ,CHOCÓ,2018,177,15.93
27025,ALTO BAUDÓ,CHOCÓ,2019,50,4.5
27025,ALTO BAUDÓ,CHOCÓ,2020,6,0.54
27025,ALTO BAUDÓ,CHOCÓ,2021,25,2.25
27025,ALTO BAUDÓ,CHOCÓ,2022,11,0.99
27025,ALTO BAUDÓ,CHOCÓ,2023,2,0.18
27050,ATRATO,CHOCÓ,2001,167,15.03
27050,ATRATO,CHOCÓ,2002,187,16.83
27050,ATRATO,CHOCÓ,2003,10,0.8999999999999999
27050,ATRATO,CHOCÓ,2004,47,4.2299999999999995
27050,ATRATO,CHOCÓ,2005,115,10.35
27050,ATRATO,CHOCÓ,2006,38,3.42
27050,ATRATO,CHOCÓ,2007,113,10.17
27050,ATRATO,CHOCÓ,2008,20,1.7999999999999998
27050,ATRATO,CHOCÓ,2009,29,2.61
27050,ATRATO,CHOCÓ,2010,68,6.12
27050,ATRATO,CHOCÓ,2011,27,2.4299999999999997
27050,ATRATO,CHOCÓ,2012,34,3.06
27050,ATRATO,CHOCÓ,2013,57,5.13
27050,ATRATO,CHOCÓ,2014,91,8.19
27050,ATRATO,CHOCÓ,2015,63,5.67
27050,ATRATO,CHOCÓ,2016,50,4.5
27050,ATRATO,CHOCÓ,2017,116,10.44
27050,ATRATO,CHOCÓ,2018,220,19.8
27050,ATRATO,CHOCÓ,2019,172,15.479999999999999
27050,ATRATO,CHOCÓ,2020,198,17.82
27050,ATRATO,CHOCÓ,2021,107,9.629999999999999
27050,ATRATO,CHOCÓ,2022,265,23.849999999999998
27050,ATRATO,CHOCÓ,2023,102,9.18
27073,BAGADÓ,CHOCÓ,2001,687,61.83
27073,BAGADÓ,CHOCÓ,2002,186,16.74
27073,BAGADÓ,CHOCÓ,2003,151,13.59
27073,BAGADÓ,CHOCÓ,2004,274,24.66
27073,BAGADÓ,CHOCÓ,2005,91,8.19
27073,BAGADÓ,CHOCÓ,2006,13,1.17
27073,BAGADÓ,CHOCÓ,2007,32,2.88
27073,BAGADÓ,CHOCÓ,2008,290,26.099999999999998
27073,BAGADÓ,CHOCÓ,2009,140,12.6
27073,BAGADÓ,CHOCÓ,2010,59,5.31
27073,BAGADÓ,CHOCÓ,2011,43,3.8699999999999997
27073,BAGADÓ,CHOCÓ,2012,127,11.43
27073,BAGADÓ,CHOCÓ,2013,120,10.799999999999999
27073,BAGADÓ,CHOCÓ,2014,177,15.93
27073,BAGADÓ,CHOCÓ,2015,64,5.76
27073,BAGADÓ,CHOCÓ,2016,237,21.33
27073,BAGADÓ,CHOCÓ,2017,141,12.69
27073,BAGADÓ,CHOCÓ,2018,504,45.36
27073,BAGADÓ,CHOCÓ,2019,224,20.16
27073,BAGADÓ,CHOCÓ,2020,456,41.04
27073,BAGADÓ,CHOCÓ,2021,443,39.87
27073,BAGADÓ,CHOCÓ,2022,275,24.75
27073,BAGADÓ,CHOCÓ,2023,232,20.88
27075,BAHÍA SOLANO,CHOCÓ,2001,630,56.699999999999996
27075,BAHÍA SOLANO,CHOCÓ,2002,244,21.96
27075,BAHÍA SOLANO,CHOCÓ,2003,478,43.019999999999996
27075,BAHÍA SOLANO,CHOCÓ,2004,478,43.019999999999996
27075,BAHÍA SOLANO,CHOCÓ,2005,457,41.129999999999995
27075,BAHÍA SOLANO,CHOCÓ,2006,186,16.74
27075,BAHÍA SOLANO,CHOCÓ,2007,270,24.3
27075,BAHÍA SOLANO,CHOCÓ,2008,205,18.45
27075,BAHÍA SOLANO,CHOCÓ,2009,357,32.129999999999995
27075,BAHÍA SOLANO,CHOCÓ,2010,334,30.06
27075,BAHÍA SOLANO,CHOCÓ,2011,262,23.58
27075,BAHÍA SOLANO,CHOCÓ,2012,613,55.169999999999995
27075,BAHÍA SOLANO,CHOCÓ,2013,509,45.809999999999995
27075,BAHÍA SOLANO,CHOCÓ,2014,626,56.339999999999996
27075,BAHÍA SOLANO,CHOCÓ,2015,371,33.39
27075,BAHÍA SOLANO,CHOCÓ,2016,830,74.7
27075,BAHÍA SOLANO,CHOCÓ,2017,1380,124.19999999999999
27075,BAHÍA SOLANO,CHOCÓ,2018,1303,117.27
27075,BAHÍA SOLANO,CHOCÓ,2019,1189,107.00999999999999
27075,BAHÍA SOLANO,CHOCÓ,2020,1619,145.71
27075,BAHÍA SOLANO,CHOCÓ,2021,663,59.669999999999995
27075,BAHÍA SOLANO,CHOCÓ,2022,581,52.29
27075,BAHÍA SOLANO,CHOCÓ,2023,749,67.41
27077,BAJO BAUDÓ,CHOCÓ,2001,90,8.1
27077,BAJO BAUDÓ,CHOCÓ,2002,2,0.18
27077,BAJO BAUDÓ,CHOCÓ,2003,64,5.76
27077,BAJO BAUDÓ,CHOCÓ,2004,81,7.29
27077,BAJO BAUDÓ,CHOCÓ,2005,118,10.62
27077,BAJO BAUDÓ,CHOCÓ,2006,89,8.01
27077,BAJO BAUDÓ,CHOCÓ,2007,78,7.02
27077,BAJO BAUDÓ,CHOCÓ,2008,113,10.17
27077,BAJO BAUDÓ,CHOCÓ,2009,127,11.43
27077,BAJO BAUDÓ,CHOCÓ,2010,91,8.19
27077,BAJO BAUDÓ,CHOCÓ,2011,168,15.12
27077,BAJO BAUDÓ,CHOCÓ,2012,67,6.029999999999999
27077,BAJO BAUDÓ,CHOCÓ,2013,103,9.27
27077,BAJO BAUDÓ,CHOCÓ,2014,91,8.19
27077,BAJO BAUDÓ,CHOCÓ,2015,57,5.13
27077,BAJO BAUDÓ,CHOCÓ,2016,179,16.11
27077,BAJO BAUDÓ,CHOCÓ,2017,286,25.74
27077,BAJO BAUDÓ,CHOCÓ,2018,219,19.71
27077,BAJO BAUDÓ,CHOCÓ,2019,131,11.79
27077,BAJO BAUDÓ,CHOCÓ,2020,99,8.91
27077,BAJO BAUDÓ,CHOCÓ,2021,51,4.59
27077,BAJO BAUDÓ,CHOCÓ,2022,72,6.4799999999999995
27077,BAJO BAUDÓ,CHOCÓ,2023,37,3.33
27099,BOJAYÁ,CHOCÓ,2001,19,1.71
27099,BOJAYÁ,CHOCÓ,2002,77,6.93
27099,BOJAYÁ,CHOCÓ,2003,81,7.29
27099,BOJAYÁ,CHOCÓ,2004,11,0.99
27099,BOJAYÁ,CHOCÓ,2005,20,1.7999999999999998
27099,BOJAYÁ,CHOCÓ,2006,5,0.44999999999999996
27099,BOJAYÁ,CHOCÓ,2007,2,0.18
27099,BOJAYÁ,CHOCÓ,2008,2,0.18
27099,BOJAYÁ,CHOCÓ,2009,16,1.44
27099,BOJAYÁ,CHOCÓ,2010,3,0.27
27099,BOJAYÁ,CHOCÓ,2012,8,0.72
27099,BOJAYÁ,CHOCÓ,2013,5,0.44999999999999996
27099,BOJAYÁ,CHOCÓ,2014,7,0.63
27099,BOJAYÁ,CHOCÓ,2015,2,0.18
27099,BOJAYÁ,CHOCÓ,2016,15,1.3499999999999999
27099,BOJAYÁ,CHOCÓ,2019,22,1.98
27099,BOJAYÁ,CHOCÓ,2020,115,10.35
27099,BOJAYÁ,CHOCÓ,2021,72,6.4799999999999995
27099,BOJAYÁ,CHOCÓ,2022,34,3.06
27099,BOJAYÁ,CHOCÓ,2023,76,6.84
27135,EL CANTÓN DEL SAN PABLO,CHOCÓ,2001,7,0.63
27135,EL CANTÓN DEL SAN PABLO,CHOCÓ,2002,8,0.72
27135,EL CANTÓN DEL SAN PABLO,CHOCÓ,2003,42,3.78
27135,EL CANTÓN DEL SAN PABLO,CHOCÓ,2004,40,3.5999999999999996
27135,EL CANTÓN DEL SAN PABLO,CHOCÓ,2005,28,2.52
27135,EL CANTÓN DEL SAN PABLO,CHOCÓ,2006,12,1.08
27135,EL CANTÓN DEL SAN PABLO,CHOCÓ,2007,28,2.52
27135,EL CANTÓN DEL SAN PABLO,CHOCÓ,2008,61,5.49
27135,EL CANTÓN DEL SAN PABLO,CHOCÓ,2009,108,9.719999999999999
27135,EL CANTÓN DEL SAN PABLO,CHOCÓ,2010,10,0.8999999999999999
27135,EL CANTÓN DEL SAN PABLO,CHOCÓ,2011,54,4.859999999999999
27135,EL CANTÓN DEL SAN PABLO,CHOCÓ,2012,83,7.47
27135,EL CANTÓN DEL SAN PABLO,CHOCÓ,2013,60,5.3999999999999995
27135,EL CANTÓN DEL SAN PABLO,CHOCÓ,2014,135,12.15
27135,EL CANTÓN DEL SAN PABLO,CHOCÓ,2015,26,2.34
27135,EL CANTÓN DEL SAN PABLO,CHOCÓ,2016,70,6.3
27135,EL CANTÓN DEL SAN PABLO,CHOCÓ,2017,147,13.229999999999999
27135,EL CANTÓN DEL SAN PABLO,CHOCÓ,2018,60,5.3999999999999995
27135,EL CANTÓN DEL SAN PABLO,CHOCÓ,2019,112,10.08
27135,EL CANTÓN DEL SAN PABLO,CHOCÓ,2020,50,4.5
27135,EL CANTÓN DEL SAN PABLO,CHOCÓ,2021,68,6.12
27135,EL CANTÓN DEL SAN PABLO,CHOCÓ,2022,162,14.58
27135,EL CANTÓN DEL SAN PABLO,CHOCÓ,2023,49,4.41
27150,CARMEN DEL DARIÉN,CHOCÓ,2006,7,0.63
27150,CARMEN DEL DARIÉN,CHOCÓ,2007,1,0.09
27150,CARMEN DEL DARIÉN,CHOCÓ,2012,2,0.18
27150,CARMEN DEL DARIÉN,CHOCÓ,2013,2,0.18
27150,CARMEN DEL DARIÉN,CHOCÓ,2015,11,0.99
27150,CARMEN DEL DARIÉN,CHOCÓ,2019,5,0.44999999999999996
27160,CÉRTEGUI,CHOCÓ,2001,1,0.09
27160,CÉRTEGUI,CHOCÓ,2007,2,0.18
27160,CÉRTEGUI,CHOCÓ,2009,1,0.09
27160,CÉRTEGUI,CHOCÓ,2010,1,0.09
27160,CÉRTEGUI,CHOCÓ,2011,1,0.09
27160,CÉRTEGUI,CHOCÓ,2012,13,1.17
27160,CÉRTEGUI,CHOCÓ,2013,7,0.63
27160,CÉRTEGUI,CHOCÓ,2014,4,0.36
27160,CÉRTEGUI,CHOCÓ,2015,5,0.44999999999999996
27160,CÉRTEGUI,CHOCÓ,2017,8,0.72
27205,CONDOTO,CHOCÓ,2001,2,0.18
27205,CONDOTO,CHOCÓ,2005,4,0.36
27205,CONDOTO,CHOCÓ,2006,1,0.09
27205,CONDOTO,CHOCÓ,2007,3,0.27
27205,CONDOTO,CHOCÓ,2010,1,0.09
27205,CONDOTO,CHOCÓ,2011,9,0.8099999999999999
27205,CONDOTO,CHOCÓ,2012,5,0.44999999999999996
27205,CONDOTO,CHOCÓ,2013,1,0.09
27205,CONDOTO,CHOCÓ,2015,4,0.36
27205,CONDOTO,CHOCÓ,2016,987,88.83
27205,CONDOTO,CHOCÓ,2017,45,4.05
27205,CONDOTO,CHOCÓ,2018,54,4.859999999999999
27205,CONDOTO,CHOCÓ,2019,268,24.119999999999997
27205,CONDOTO,CHOCÓ,2020,6,0.54
27245,EL CARMEN DE ATRATO,CHOCÓ,2001,892,80.28
27245,EL CARMEN DE ATRATO,CHOCÓ,2002,37,3.33
27245,EL CARMEN DE ATRATO,CHOCÓ,2003,132,11.879999999999999
27245,EL CARMEN DE ATRATO,CHOCÓ,2004,202,18.18
27245,EL CARMEN DE ATRATO,CHOCÓ,2005,113,10.17
27245,EL CARMEN DE ATRATO,CHOCÓ,2006,125,11.25
27245,EL CARMEN DE ATRATO,CHOCÓ,2007,471,42.39
27245,EL CARMEN DE ATRATO,CHOCÓ,2008,113,10.17
27245,EL CARMEN DE ATRATO,CHOCÓ,2009,217,19.529999999999998
27245,EL CARMEN DE ATRATO,CHOCÓ,2010,1874,168.66
27245,EL CARMEN DE ATRATO,CHOCÓ,2011,105,9.45
27245,EL CARMEN DE ATRATO,CHOCÓ,2012,44,3.96
27245,EL CARMEN DE ATRATO,CHOCÓ,2013,996,89.64
27245,EL CARMEN DE ATRATO,CHOCÓ,2014,128,11.52
27245,EL CARMEN DE ATRATO,CHOCÓ,2015,147,13.229999999999999
27245,EL CARMEN DE ATRATO,CHOCÓ,2016,73,6.569999999999999
27245,EL CARMEN DE ATRATO,CHOCÓ,2017,168,15.12
27245,EL CARMEN DE ATRATO,CHOCÓ,2018,856,77.03999999999999
27245,EL CARMEN DE ATRATO,CHOCÓ,2019,2958,266.21999999999997
27245,EL CARMEN DE ATRATO,CHOCÓ,2020,6526,587.34
27245,EL CARMEN DE ATRATO,CHOCÓ,2021,425,38.25
27245,EL CARMEN DE ATRATO,CHOCÓ,2022,72,6.4799999999999995
27245,EL CARMEN DE ATRATO,CHOCÓ,2023,708,63.72
27250,EL LITORAL DEL SAN JUAN,CHOCÓ,2001,25,2.25
27250,EL LITORAL DEL SAN JUAN,CHOCÓ,2003,1,0.09
27250,EL LITORAL DEL SAN JUAN,CHOCÓ,2004,1,0.09
27250,EL LITORAL DEL SAN JUAN,CHOCÓ,2007,1,0.09
27250,EL LITORAL DEL SAN JUAN,CHOCÓ,2009,2,0.18
27250,EL LITORAL DEL SAN JUAN,CHOCÓ,2012,7,0.63
27250,EL LITORAL DEL SAN JUAN,CHOCÓ,2013,16,1.44
27250,EL LITORAL DEL SAN JUAN,CHOCÓ,2019,16,1.44
27250,EL LITORAL DEL SAN JUAN,CHOCÓ,2020,6,0.54
27250,EL LITORAL DEL SAN JUAN,CHOCÓ,2023,13,1.17
27361,ISTMINA,CHOCÓ,2001,8,0.72
27361,ISTMINA,CHOCÓ,2002,3,0.27
27361,ISTMINA,CHOCÓ,2003,7,0.63
27361,ISTMINA,CHOCÓ,2004,5,0.44999999999999996
27361,ISTMINA,CHOCÓ,2005,19,1.71
27361,ISTMINA,CHOCÓ,2006,11,0.99
27361,ISTMINA,CHOCÓ,2007,15,1.3499999999999999
27361,ISTMINA,CHOCÓ,2008,23,2.07
27361,ISTMINA,CHOCÓ,2010,3,0.27
27361,ISTMINA,CHOCÓ,2011,1,0.09
27361,ISTMINA,CHOCÓ,2012,130,11.7
27361,ISTMINA,CHOCÓ,2013,35,3.15
27361,ISTMINA,CHOCÓ,2014,103,9.27
27361,ISTMINA,CHOCÓ,2015,6,0.54
27361,ISTMINA,CHOCÓ,2016,1,0.09
27361,ISTMINA,CHOCÓ,2017,14,1.26
27361,ISTMINA,CHOCÓ,2018,19,1.71
27361,ISTMINA,CHOCÓ,2019,48,4.32
27372,JURADÓ,CHOCÓ,2001,13,1.17
27372,JURADÓ,CHOCÓ,2002,3,0.27
27372,JURADÓ,CHOCÓ,2005,1,0.09
27372,JURADÓ,CHOCÓ,2006,1,0.09
27372,JURADÓ,CHOCÓ,2008,17,1.53
27372,JURADÓ,CHOCÓ,2010,2,0.18
27372,JURADÓ,CHOCÓ,2011,4,0.36
27372,JURADÓ,CHOCÓ,2012,4,0.36
27372,JURADÓ,CHOCÓ,2013,3,0.27
27372,JURADÓ,CHOCÓ,2014,4,0.36
27413,LLORÓ,CHOCÓ,2001,54,4.859999999999999
27413,LLORÓ,CHOCÓ,2003,1,0.09
27413,LLORÓ,CHOCÓ,2008,4,0.36
27413,LLORÓ,CHOCÓ,2010,1,0.09
27413,LLORÓ,CHOCÓ,2011,1,0.09
27413,LLORÓ,CHOCÓ,2012,4,0.36
27413,LLORÓ,CHOCÓ,2013,8,0.72
27413,LLORÓ,CHOCÓ,2014,18,1.6199999999999999
27413,LLORÓ,CHOCÓ,2015,15,1.3499999999999999
27413,LLORÓ,CHOCÓ,2016,866,77.94
27413,LLORÓ,CHOCÓ,2017,103,9.27
27413,LLORÓ,CHOCÓ,2019,317,28.529999999999998
27413,LLORÓ,CHOCÓ,2020,1668,150.12
27413,LLORÓ,CHOCÓ,2021,5,0.44999999999999996
27413,LLORÓ,CHOCÓ,2023,13,1.17
27425,MEDIO ATRATO,CHOCÓ,2001,295,26.55
27425,MEDIO ATRATO,CHOCÓ,2002,294,26.459999999999997
27425,MEDIO ATRATO,CHOCÓ,2003,129,11.61
27425,MEDIO ATRATO,CHOCÓ,2004,84,7.56
27425,MEDIO ATRATO,CHOCÓ,2005,226,20.34
27425,MEDIO ATRATO,CHOCÓ,2006,143,12.87
27425,MEDIO ATRATO,CHOCÓ,2007,229,20.61
27425,MEDIO ATRATO,CHOCÓ,2008,281,25.29
27425,MEDIO ATRATO,CHOCÓ,2009,132,11.879999999999999
27425,MEDIO ATRATO,CHOCÓ,2010,345,31.049999999999997
27425,MEDIO ATRATO,CHOCÓ,2011,122,10.98
27425,MEDIO ATRATO,CHOCÓ,2012,268,24.119999999999997
27425,MEDIO ATRATO,CHOCÓ,2013,281,25.29
27425,MEDIO ATRATO,CHOCÓ,2014,439,39.51
27425,MEDIO ATRATO,CHOCÓ,2015,129,11.61
27425,MEDIO ATRATO,CHOCÓ,2016,270,24.3
27425,MEDIO ATRATO,CHOCÓ,2017,313,28.169999999999998
27425,MEDIO ATRATO,CHOCÓ,2018,522,46.98
27425,MEDIO ATRATO,CHOCÓ,2019,1502,135.18
27425,MEDIO ATRATO,CHOCÓ,2020,983,88.47
27425,MEDIO ATRATO,CHOCÓ,2021,52,4.68
27425,MEDIO ATRATO,CHOCÓ,2022,51,4.59
27425,MEDIO ATRATO,CHOCÓ,2023,533,47.97
27430,MEDIO BAUDÓ,CHOCÓ,2001,2,0.18
27430,MEDIO BAUDÓ,CHOCÓ,2004,1,0.09
27430,MEDIO BAUDÓ,CHOCÓ,2007,2,0.18
27430,MEDIO BAUDÓ,CHOCÓ,2012,9,0.8099999999999999
27430,MEDIO BAUDÓ,CHOCÓ,2013,13,1.17
27430,MEDIO BAUDÓ,CHOCÓ,2016,116,10.44
27450,MEDIO SAN JUAN,CHOCÓ,2001,16,1.44
27450,MEDIO SAN JUAN,CHOCÓ,2002,20,1.7999999999999998
27450,MEDIO SAN JUAN,CHOCÓ,2003,19,1.71
27450,MEDIO SAN JUAN,CHOCÓ,2004,1,0.09
27450,MEDIO SAN JUAN,CHOCÓ,2005,8,0.72
27450,MEDIO SAN JUAN,CHOCÓ,2006,7,0.63
27450,MEDIO SAN JUAN,CHOCÓ,2009,2,0.18
27450,MEDIO SAN JUAN,CHOCÓ,2010,1,0.09
27450,MEDIO SAN JUAN,CHOCÓ,2012,6,0.54
27450,MEDIO SAN JUAN,CHOCÓ,2013,1,0.09
27450,MEDIO SAN JUAN,CHOCÓ,2017,12,1.08
27450,MEDIO SAN JUAN,CHOCÓ,2018,29,2.61
27450,MEDIO SAN JUAN,CHOCÓ,2019,26,2.34
27450,MEDIO SAN JUAN,CHOCÓ,2021,47,4.2299999999999995
27450,MEDIO SAN JUAN,CHOCÓ,2022,32,2.88
27450,MEDIO SAN JUAN,CHOCÓ,2023,89,8.01
27491,NÓVITA,CHOCÓ,2001,1,0.09
27491,NÓVITA,CHOCÓ,2003,52,4.68
27491,NÓVITA,CHOCÓ,2004,1,0.09
27491,NÓVITA,CHOCÓ,2005,33,2.9699999999999998
27491,NÓVITA,CHOCÓ,2006,3,0.27
27491,NÓVITA,CHOCÓ,2007,18,1.6199999999999999
27491,NÓVITA,CHOCÓ,2008,45,4.05
27491,NÓVITA,CHOCÓ,2009,15,1.3499999999999999
27491,NÓVITA,CHOCÓ,2010,58,5.22
27491,NÓVITA,CHOCÓ,2011,5,0.44999999999999996
27491,NÓVITA,CHOCÓ,2012,28,2.52
27491,NÓVITA,CHOCÓ,2013,28,2.52
27491,NÓVITA,CHOCÓ,2014,8,0.72
27491,NÓVITA,CHOCÓ,2015,6,0.54
27491,NÓVITA,CHOCÓ,2016,46,4.14
27491,NÓVITA,CHOCÓ,2017,42,3.78
27491,NÓVITA,CHOCÓ,2018,15,1.3499999999999999
27491,NÓVITA,CHOCÓ,2019,44,3.96
27491,NÓVITA,CHOCÓ,2020,61,5.49
27491,NÓVITA,CHOCÓ,2022,12,1.08
27491,NÓVITA,CHOCÓ,2023,28,2.52
27493,NUEVO BELÉN DE BAJIRÁ,CHOCÓ,2003,2,0.18
27493,NUEVO BELÉN DE BAJIRÁ,CHOCÓ,2004,1,0.09
27493,NUEVO BELÉN DE BAJIRÁ,CHOCÓ,2005,1,0.09
27493,NUEVO BELÉN DE BAJIRÁ,CHOCÓ,2006,2,0.18
27493,NUEVO BELÉN DE BAJIRÁ,CHOCÓ,2007,1,0.09
27493,NUEVO BELÉN DE BAJIRÁ,CHOCÓ,2008,4,0.36
27493,NUEVO BELÉN DE BAJIRÁ,CHOCÓ,2009,3,0.27
27493,NUEVO BELÉN DE BAJIRÁ,CHOCÓ,2010,5,0.44999999999999996
27493,NUEVO BELÉN DE BAJIRÁ,CHOCÓ,2011,3,0.27
27493,NUEVO BELÉN DE BAJIRÁ,CHOCÓ,2012,12,1.08
27493,NUEVO BELÉN DE BAJIRÁ,CHOCÓ,2013,1,0.09
27495,NUQUÍ,CHOCÓ,2001,7,0.63
27495,NUQUÍ,CHOCÓ,2002,2,0.18
27495,NUQUÍ,CHOCÓ,2003,3,0.27
27495,NUQUÍ,CHOCÓ,2004,1,0.09
27495,NUQUÍ,CHOCÓ,2005,2,0.18
27495,NUQUÍ,CHOCÓ,2006,4,0.36
27495,NUQUÍ,CHOCÓ,2007,5,0.44999999999999996
27495,NUQUÍ,CHOCÓ,2009,3,0.27
27495,NUQUÍ,CHOCÓ,2010,12,1.08
27495,NUQUÍ,CHOCÓ,2011,3,0.27
27495,NUQUÍ,CHOCÓ,2012,22,1.98
27495,NUQUÍ,CHOCÓ,2013,1,0.09
27495,NUQUÍ,CHOCÓ,2016,5,0.44999999999999996
27495,NUQUÍ,CHOCÓ,2018,1,0.09
27495,NUQUÍ,CHOCÓ,2021,17,1.53
27580,RÍO IRÓ,CHOCÓ,2001,4,0.36
27580,RÍO IRÓ,CHOCÓ,2007,7,0.63
27580,RÍO IRÓ,CHOCÓ,2008,72,6.4799999999999995
27580,RÍO IRÓ,CHOCÓ,2012,7,0.63
27580,RÍO IRÓ,CHOCÓ,2014,4,0.36
27600,RÍO QUITO,CHOCÓ,2001,1,0.09
27600,RÍO QUITO,CHOCÓ,2003,2,0.18
27600,RÍO QUITO,CHOCÓ,2008,2,0.18
27600,RÍO QUITO,CHOCÓ,2009,2,0.18
27600,RÍO QUITO,CHOCÓ,2010,2,0.18
27600,RÍO QUITO,CHOCÓ,2011,6,0.54
27600,RÍO QUITO,CHOCÓ,2012,10,0.8999999999999999
27600,RÍO QUITO,CHOCÓ,2017,13,1.17
27615,RIOSUCIO,CHOCÓ,2007,1,0.09
27615,RIOSUCIO,CHOCÓ,2010,1,0.09
27615,RIOSUCIO,CHOCÓ,2012,1,0.09
27615,RIOSUCIO,CHOCÓ,2013,2,0.18
27615,RIOSUCIO,CHOCÓ,2017,5,0.44999999999999996
27615,RIOSUCIO,CHOCÓ,2019,13,1.17
27615,RIOSUCIO,CHOCÓ,2020,8,0.72
27660,SAN JOSÉ DEL PALMAR,CHOCÓ,2012,8,0.72
27660,SAN JOSÉ DEL PALMAR,CHOCÓ,2019,74,6.66
27660,SAN JOSÉ DEL PALMAR,CHOCÓ,2020,243,21.869999999999997
27745,SIPÍ,CHOCÓ,2001,4,0.36
27745,SIPÍ,CHOCÓ,2003,1,0.09
27745,SIPÍ,CHOCÓ,2005,1,0.09
27745,SIPÍ,CHOCÓ,2006,1,0.09
27745,SIPÍ,CHOCÓ,2007,7,0.63
27745,SIPÍ,CHOCÓ,2008,1,0.09
27745,SIPÍ,CHOCÓ,2009,4,0.36
27745,SIPÍ,CHOCÓ,2010,1,0.09
27745,SIPÍ,CHOCÓ,2011,3,0.27
27745,SIPÍ,CHOCÓ,2012,2,0.18
27745,SIPÍ,CHOCÓ,2018,35,3.15
27745,SIPÍ,CHOCÓ,2019,22,1.98
27745,SIPÍ,CHOCÓ,2020,24,2.16
27745,SIPÍ,CHOCÓ,2021,23,2.07
27745,SIPÍ,CHOCÓ,2022,21,1.89
27745,SIPÍ,CHOCÓ,2023,71,6.39
27787,TADÓ,CHOCÓ,2001,1,0.09
27787,TADÓ,CHOCÓ,2004,2,0.18
27787,TADÓ,CHOCÓ,2005,4,0.36
27787,TADÓ,CHOCÓ,2006,2,0.18
27787,TADÓ,CHOCÓ,2008,2,0.18
27787,TADÓ,CHOCÓ,2009,2,0.18
27787,TADÓ,CHOCÓ,2010,4,0.36
27787,TADÓ,CHOCÓ,2011,4,0.36
27787,TADÓ,CHOCÓ,2012,34,3.06
27787,TADÓ,CHOCÓ,2013,2,0.18
27787,TADÓ,CHOCÓ,2014,2,0.18
27787,TADÓ,CHOCÓ,2018,21,1.89
27787,TADÓ,CHOCÓ,2019,16,1.44
27787,TADÓ,CHOCÓ,2020,10,0.8999999999999999
27787,TADÓ,CHOCÓ,2022,4,0.36
27800,UNGUÍA,CHOCÓ,2001,2,0.18
27800,UNGUÍA,CHOCÓ,2005,1,0.09
27800,UNGUÍA,CHOCÓ,2008,1,0.09
27800,UNGUÍA,CHOCÓ,2010,5,0.44999999999999996
27800,UNGUÍA,CHOCÓ,2011,9,0.8099999999999999
27800,UNGUÍA,CHOCÓ,2012,31,2.79
27800,UNGUÍA,CHOCÓ,2014,37,3.33
27800,UNGUÍA,CHOCÓ,2015,2,0.18
27800,UNGUÍA,CHOCÓ,2017,1,0.09
27800,UNGUÍA,CHOCÓ,2023,288,25.919999999999998
27810,UNIÓN PANAMERICANA,CHOCÓ,2002,3,0.27
27810,UNIÓN PANAMERICANA,CHOCÓ,2005,1,0.09
27810,UNIÓN PANAMERICANA,CHOCÓ,2007,3,0.27
27810,UNIÓN PANAMERICANA,CHOCÓ,2010,1,0.09
27810,UNIÓN PANAMERICANA,CHOCÓ,2011,2,0.18
27810,UNIÓN PANAMERICANA,CHOCÓ,2012,11,0.99
27810,UNIÓN PANAMERICANA,CHOCÓ,2013,1,0.09
27810,UNIÓN PANAMERICANA,CHOCÓ,2017,8,0.72
27810,UNIÓN PANAMERICANA,CHOCÓ,2020,13,1.17
27810,UNIÓN PANAMERICANA,CHOCÓ,2021,7,0.63
27810,UNIÓN PANAMERICANA,CHOCÓ,2022,5,0.44999999999999996
27810,UNIÓN PANAMERICANA,CHOCÓ,2023,14,1.26
41001,NEIVA,HUILA,2012,6,0.54
41006,ACEVEDO,HUILA,2001,23,2.07
41006,ACEVEDO,HUILA,2002,29,2.61
41006,ACEVEDO,HUILA,2003,21,1.89
41006,ACEVEDO,HUILA,2004,6,0.54
41006,ACEVEDO,HUILA,2005,26,2.34
41006,ACEVEDO,HUILA,2006,413,37.17
41006,ACEVEDO,HUILA,2007,93,8.37
41006,ACEVEDO,HUILA,2008,5,0.44999999999999996
41006,ACEVEDO,HUILA,2009,5,0.44999999999999996
41006,ACEVEDO,HUILA,2010,23,2.07
41006,ACEVEDO,HUILA,2011,106,9.54
41006,ACEVEDO,HUILA,2012,40,3.5999999999999996
41006,ACEVEDO,HUILA,2013,15,1.3499999999999999
41006,ACEVEDO,HUILA,2014,13,1.17
41006,ACEVEDO,HUILA,2015,16,1.44
41006,ACEVEDO,HUILA,2016,59,5.31
41006,ACEVEDO,HUILA,2017,191,17.189999999999998
41006,ACEVEDO,HUILA,2018,81,7.29
41006,ACEVEDO,HUILA,2019,20,1.7999999999999998
41006,ACEVEDO,HUILA,2020,40,3.5999999999999996
41006,ACEVEDO,HUILA,2021,17,1.53
41006,ACEVEDO,HUILA,2022,280,25.2
41006,ACEVEDO,HUILA,2023,77,6.93
41013,AGRADO,HUILA,2005,18,1.6199999999999999
41013,AGRADO,HUILA,2008,3,0.27
41013,AGRADO,HUILA,2009,22,1.98
41013,AGRADO,HUILA,2010,1,0.09
41013,AGRADO,HUILA,2012,3,0.27
41013,AGRADO,HUILA,2015,101,9.09
41013,AGRADO,HUILA,2016,52,4.68
41013,AGRADO,HUILA,2020,5,0.44999999999999996
41013,AGRADO,HUILA,2021,10,0.8999999999999999
41016,AIPE,HUILA,2001,4,0.36
41016,AIPE,HUILA,2005,2,0.18
41016,AIPE,HUILA,2006,14,1.26
41016,AIPE,HUILA,2009,2,0.18
41016,AIPE,HUILA,2010,1,0.09
41016,AIPE,HUILA,2011,8,0.72
41016,AIPE,HUILA,2012,9,0.8099999999999999
41016,AIPE,HUILA,2014,16,1.44
41016,AIPE,HUILA,2015,10,0.8999999999999999
41016,AIPE,HUILA,2016,14,1.26
41016,AIPE,HUILA,2017,16,1.44
41016,AIPE,HUILA,2018,25,2.25
41016,AIPE,HUILA,2019,26,2.34
41016,AIPE,HUILA,2020,43,3.8699999999999997
41016,AIPE,HUILA,2021,12,1.08
41016,AIPE,HUILA,2022,11,0.99
41016,AIPE,HUILA,2023,26,2.34
41020,ALGECIRAS,HUILA,2001,6,0.54
41020,ALGECIRAS,HUILA,2002,1,0.09
41020,ALGECIRAS,HUILA,2003,3,0.27
41020,ALGECIRAS,HUILA,2004,30,2.6999999999999997
41020,ALGECIRAS,HUILA,2005,25,2.25
41020,ALGECIRAS,HUILA,2006,28,2.52
41020,ALGECIRAS,HUILA,2007,2,0.18
41020,ALGECIRAS,HUILA,2008,19,1.71
41020,ALGECIRAS,HUILA,2009,41,3.69
41020,ALGECIRAS,HUILA,2010,13,1.17
41020,ALGECIRAS,HUILA,2011,7,0.63
41020,ALGECIRAS,HUILA,2012,56,5.04
41020,ALGECIRAS,HUILA,2013,83,7.47
41020,ALGECIRAS,HUILA,2014,405,36.449999999999996
41020,ALGECIRAS,HUILA,2015,57,5.13
41020,ALGECIRAS,HUILA,2016,191,17.189999999999998
41020,ALGECIRAS,HUILA,2017,110,9.9
41020,ALGECIRAS,HUILA,2018,60,5.3999999999999995
41020,ALGECIRAS,HUILA,2019,131,11.79
41020,ALGECIRAS,HUILA,2020,78,7.02
41020,ALGECIRAS,HUILA,2021,117,10.53
41020,ALGECIRAS,HUILA,2022,64,5.76
41020,ALGECIRAS,HUILA,2023,56,5.04
41026,ALTAMIRA,HUILA,2001,45,4.05
41026,ALTAMIRA,HUILA,2003,16,1.44
41026,ALTAMIRA,HUILA,2005,19,1.71
41026,ALTAMIRA,HUILA,2006,5,0.44999999999999996
41026,ALTAMIRA,HUILA,2007,1,0.09
41026,ALTAMIRA,HUILA,2008,32,2.88
41026,ALTAMIRA,HUILA,2009,71,6.39
41026,ALTAMIRA,HUILA,2010,15,1.3499999999999999
41026,ALTAMIRA,HUILA,2011,46,4.14
41026,ALTAMIRA,HUILA,2012,19,1.71
41026,ALTAMIRA,HUILA,2014,50,4.5
41026,ALTAMIRA,HUILA,2015,32,2.88
41026,ALTAMIRA,HUILA,2016,31,2.79
41026,ALTAMIRA,HUILA,2017,72,6.4799999999999995
41026,ALTAMIRA,HUILA,2018,59,5.31
41026,ALTAMIRA,HUILA,2019,79,7.109999999999999
41026,ALTAMIRA,HUILA,2020,20,1.7999999999999998
41026,ALTAMIRA,HUILA,2021,70,6.3
41026,ALTAMIRA,HUILA,2022,53,4.77
41026,ALTAMIRA,HUILA,2023,59,5.31
41078,BARAYA,HUILA,2001,74,6.66
41078,BARAYA,HUILA,2002,39,3.51
41078,BARAYA,HUILA,2003,15,1.3499999999999999
41078,BARAYA,HUILA,2004,22,1.98
41078,BARAYA,HUILA,2005,67,6.029999999999999
41078,BARAYA,HUILA,2006,48,4.32
41078,BARAYA,HUILA,2007,51,4.59
41078,BARAYA,HUILA,2008,23,2.07
41078,BARAYA,HUILA,2009,53,4.77
41078,BARAYA,HUILA,2010,32,2.88
41078,BARAYA,HUILA,2011,22,1.98
41078,BARAYA,HUILA,2012,51,4.59
41078,BARAYA,HUILA,2013,21,1.89
41078,BARAYA,HUILA,2014,23,2.07
41078,BARAYA,HUILA,2015,20,1.7999999999999998
41078,BARAYA,HUILA,2016,98,8.82
41078,BARAYA,HUILA,2017,65,5.85
41078,BARAYA,HUILA,2018,32,2.88
41078,BARAYA,HUILA,2019,64,5.76
41078,BARAYA,HUILA,2020,61,5.49
41078,BARAYA,HUILA,2021,59,5.31
41078,BARAYA,HUILA,2022,10,0.8999999999999999
41078,BARAYA,HUILA,2023,19,1.71
41132,CAMPOALEGRE,HUILA,2001,31,2.79
41132,CAMPOALEGRE,HUILA,2002,31,2.79
41132,CAMPOALEGRE,HUILA,2003,24,2.16
41132,CAMPOALEGRE,HUILA,2004,2,0.18
41132,CAMPOALEGRE,HUILA,2005,43,3.8699999999999997
41132,CAMPOALEGRE,HUILA,2006,5,0.44999999999999996
41132,CAMPOALEGRE,HUILA,2007,2,0.18
41132,CAMPOALEGRE,HUILA,2008,13,1.17
41132,CAMPOALEGRE,HUILA,2009,38,3.42
41132,CAMPOALEGRE,HUILA,2010,19,1.71
41132,CAMPOALEGRE,HUILA,2011,14,1.26
41132,CAMPOALEGRE,HUILA,2012,7,0.63
41132,CAMPOALEGRE,HUILA,2013,14,1.26
41132,CAMPOALEGRE,HUILA,2014,17,1.53
41132,CAMPOALEGRE,HUILA,2015,23,2.07
41132,CAMPOALEGRE,HUILA,2016,81,7.29
41132,CAMPOALEGRE,HUILA,2017,78,7.02
41132,CAMPOALEGRE,HUILA,2018,71,6.39
41132,CAMPOALEGRE,HUILA,2019,62,5.58
41132,CAMPOALEGRE,HUILA,2020,74,6.66
41132,CAMPOALEGRE,HUILA,2021,1,0.09
41132,CAMPOALEGRE,HUILA,2022,13,1.17
41132,CAMPOALEGRE,HUILA,2023,5,0.44999999999999996
41206,COLOMBIA,HUILA,2001,5,0.44999999999999996
41206,COLOMBIA,HUILA,2002,6,0.54
41206,COLOMBIA,HUILA,2003,3,0.27
41206,COLOMBIA,HUILA,2007,1,0.09
41206,COLOMBIA,HUILA,2008,4,0.36
41206,COLOMBIA,HUILA,2010,3,0.27
41206,COLOMBIA,HUILA,2011,323,29.07
41206,COLOMBIA,HUILA,2012,10,0.8999999999999999
41206,COLOMBIA,HUILA,2013,2,0.18
41206,COLOMBIA,HUILA,2014,2,0.18
41206,COLOMBIA,HUILA,2016,12,1.08
41244,ELÍAS,HUILA,2001,51,4.59
41244,ELÍAS,HUILA,2002,3,0.27
41244,ELÍAS,HUILA,2004,2,0.18
41244,ELÍAS,HUILA,2006,2,0.18
41244,ELÍAS,HUILA,2007,1,0.09
41244,ELÍAS,HUILA,2008,7,0.63
41244,ELÍAS,HUILA,2009,1,0.09
41244,ELÍAS,HUILA,2011,2,0.18
41244,ELÍAS,HUILA,2012,4,0.36
41244,ELÍAS,HUILA,2013,6,0.54
41244,ELÍAS,HUILA,2016,5,0.44999999999999996
41244,ELÍAS,HUILA,2017,9,0.8099999999999999
41244,ELÍAS,HUILA,2021,6,0.54
41244,ELÍAS,HUILA,2022,2,0.18
41298,GARZÓN,HUILA,2001,9,0.8099999999999999
41298,GARZÓN,HUILA,2002,2,0.18
41298,GARZÓN,HUILA,2003,5,0.44999999999999996
41298,GARZÓN,HUILA,2004,6,0.54
41298,GARZÓN,HUILA,2006,1,0.09
41298,GARZÓN,HUILA,2007,1,0.09
41298,GARZÓN,HUILA,2008,6,0.54
41298,GARZÓN,HUILA,2009,2,0.18
41298,GARZÓN,HUILA,2010,6,0.54
41298,GARZÓN,HUILA,2011,35,3.15
41298,GARZÓN,HUILA,2012,13,1.17
41298,GARZÓN,HUILA,2013,1,0.09
41298,GARZÓN,HUILA,2014,6,0.54
41298,GARZÓN,HUILA,2015,6,0.54
41298,GARZÓN,HUILA,2016,23,2.07
41298,GARZÓN,HUILA,2017,23,2.07
41298,GARZÓN,HUILA,2018,21,1.89
41298,GARZÓN,HUILA,2019,50,4.5
41298,GARZÓN,HUILA,2020,18,1.6199999999999999
41298,GARZÓN,HUILA,2021,15,1.3499999999999999
41298,GARZÓN,HUILA,2022,9,0.8099999999999999
41298,GARZÓN,HUILA,2023,48,4.32
41306,GIGANTE,HUILA,2001,6,0.54
41306,GIGANTE,HUILA,2002,1,0.09
41306,GIGANTE,HUILA,2003,14,1.26
41306,GIGANTE,HUILA,2004,19,1.71
41306,GIGANTE,HUILA,2005,7,0.63
41306,GIGANTE,HUILA,2006,5,0.44999999999999996
41306,GIGANTE,HUILA,2008,50,4.5
41306,GIGANTE,HUILA,2009,23,2.07
41306,GIGANTE,HUILA,2010,21,1.89
41306,GIGANTE,HUILA,2011,29,2.61
41306,GIGANTE,HUILA,2012,25,2.25
41306,GIGANTE,HUILA,2013,45,4.05
41306,GIGANTE,HUILA,2014,45,4.05
41306,GIGANTE,HUILA,2015,51,4.59
41306,GIGANTE,HUILA,2016,106,9.54
41306,GIGANTE,HUILA,2017,76,6.84
41306,GIGANTE,HUILA,2018,117,10.53
41306,GIGANTE,HUILA,2019,55,4.95
41306,GIGANTE,HUILA,2020,79,7.109999999999999
41306,GIGANTE,HUILA,2021,95,8.549999999999999
41306,GIGANTE,HUILA,2022,69,6.21
41306,GIGANTE,HUILA,2023,25,2.25
41319,GUADALUPE,HUILA,2001,7,0.63
41319,GUADALUPE,HUILA,2002,1,0.09
41319,GUADALUPE,HUILA,2003,2,0.18
41319,GUADALUPE,HUILA,2004,2,0.18
41319,GUADALUPE,HUILA,2007,1,0.09
41319,GUADALUPE,HUILA,2008,3,0.27
41319,GUADALUPE,HUILA,2010,3,0.27
41319,GUADALUPE,HUILA,2011,4,0.36
41319,GUADALUPE,HUILA,2012,7,0.63
41319,GUADALUPE,HUILA,2013,2,0.18
41319,GUADALUPE,HUILA,2016,16,1.44
41319,GUADALUPE,HUILA,2017,2,0.18
41319,GUADALUPE,HUILA,2018,9,0.8099999999999999
41319,GUADALUPE,HUILA,2019,434,39.059999999999995
41319,GUADALUPE,HUILA,2020,12,1.08
41319,GUADALUPE,HUILA,2021,5,0.44999999999999996
44279,FONSECA,LA GUAJIRA,2001,658,59.22
44279,FONSECA,LA GUAJIRA,2002,67,6.029999999999999
44279,FONSECA,LA GUAJIRA,2003,137,12.33
44279,FONSECA,LA GUAJIRA,2004,209,18.81
44279,FONSECA,LA GUAJIRA,2005,74,6.66
44279,FONSECA,LA GUAJIRA,2006,152,13.68
44279,FONSECA,LA GUAJIRA,2007,350,31.5
44279,FONSECA,LA GUAJIRA,2008,50,4.5
44279,FONSECA,LA GUAJIRA,2009,473,42.57
44279,FONSECA,LA GUAJIRA,2010,1162,104.58
44279,FONSECA,LA GUAJIRA,2011,61,5.49
44279,FONSECA,LA GUAJIRA,2012,205,18.45
44279,FONSECA,LA GUAJIRA,2013,182,16.38
44279,FONSECA,LA GUAJIRA,2014,118,10.62
44279,FONSECA,LA GUAJIRA,2015,62,5.58
44279,FONSECA,LA GUAJIRA,2016,23,2.07
44279,FONSECA,LA GUAJIRA,2018,13,1.17
44279,FONSECA,LA GUAJIRA,2020,4,0.36
44279,FONSECA,LA GUAJIRA,2021,3,0.27
44279,FONSECA,LA GUAJIRA,2022,15,1.3499999999999999
44279,FONSECA,LA GUAJIRA,2023,13,1.17
44378,HATONUEVO,LA GUAJIRA,2001,388,34.92
44378,HATONUEVO,LA GUAJIRA,2002,309,27.81
44378,HATONUEVO,LA GUAJIRA,2003,108,9.719999999999999
44378,HATONUEVO,LA GUAJIRA,2004,248,22.32
44378,HATONUEVO,LA GUAJIRA,2005,207,18.63
44378,HATONUEVO,LA GUAJIRA,2006,139,12.51
44378,HATONUEVO,LA GUAJIRA,2007,253,22.77
44378,HATONUEVO,LA GUAJIRA,2008,129,11.61
44378,HATONUEVO,LA GUAJIRA,2009,328,29.52
44378,HATONUEVO,LA GUAJIRA,2010,438,39.42
44378,HATONUEVO,LA GUAJIRA,2011,57,5.13
44378,HATONUEVO,LA GUAJIRA,2012,46,4.14
44378,HATONUEVO,LA GUAJIRA,2013,39,3.51
44378,HATONUEVO,LA GUAJIRA,2014,23,2.07
44378,HATONUEVO,LA GUAJIRA,2015,46,4.14
44378,HATONUEVO,LA GUAJIRA,2016,68,6.12
44378,HATONUEVO,LA GUAJIRA,2017,432,38.879999999999995
44378,HATONUEVO,LA GUAJIRA,2018,176,15.84
44378,HATONUEVO,LA GUAJIRA,2019,6,0.54
44378,HATONUEVO,LA GUAJIRA,2020,1,0.09
44378,HATONUEVO,LA GUAJIRA,2021,4,0.36
44378,HATONUEVO,LA GUAJIRA,2023,13,1.17
44420,LA JAGUA DEL PILAR,LA GUAJIRA,2001,15,1.3499999999999999
44420,LA JAGUA DEL PILAR,LA GUAJIRA,2002,4,0.36
44420,LA JAGUA DEL PILAR,LA GUAJIRA,2003,10,0.8999999999999999
44420,LA JAGUA DEL PILAR,LA GUAJIRA,2004,11,0.99
44420,LA JAGUA DEL PILAR,LA GUAJIRA,2005,36,3.2399999999999998
44420,LA JAGUA DEL PILAR,LA GUAJIRA,2006,24,2.16
44420,LA JAGUA DEL PILAR,LA GUAJIRA,2007,50,4.5
44420,LA JAGUA DEL PILAR,LA GUAJIRA,2008,40,3.5999999999999996
44420,LA JAGUA DEL PILAR,LA GUAJIRA,2009,87,7.83
44420,LA JAGUA DEL PILAR,LA GUAJIRA,2010,30,2.6999999999999997
44420,LA JAGUA DEL PILAR,LA GUAJIRA,2011,20,1.7999999999999998
44420,LA JAGUA DEL PILAR,LA GUAJIRA,2012,22,1.98
44420,LA JAGUA DEL PILAR,LA GUAJIRA,2013,4,0.36
44420,LA JAGUA DEL PILAR,LA GUAJIRA,2014,3,0.27
44420,LA JAGUA DEL PILAR,LA GUAJIRA,2015,6,0.54
44420,LA JAGUA DEL PILAR,LA GUAJIRA,2016,7,0.63
44420,LA JAGUA DEL PILAR,LA GUAJIRA,2019,5,0.44999999999999996
44430,MAICAO,LA GUAJIRA,2001,13,1.17
44430,MAICAO,LA GUAJIRA,2002,5,0.44999999999999996
44430,MAICAO,LA GUAJIRA,2003,5,0.44999999999999996
44430,MAICAO,LA GUAJIRA,2004,67,6.029999999999999
44430,MAICAO,LA GUAJIRA,2005,48,4.32
44430,MAICAO,LA GUAJIRA,2006,32,2.88
44430,MAICAO,LA GUAJIRA,2007,46,4.14
44430,MAICAO,LA GUAJIRA,2008,31,2.79
44430,MAICAO,LA GUAJIRA,2009,46,4.14
44430,MAICAO,LA GUAJIRA,2010,75,6.75
44430,MAICAO,LA GUAJIRA,2011,65,5.85
44430,MAICAO,LA GUAJIRA,2012,93,8.37
44430,MAICAO,LA GUAJIRA,2013,12,1.08
44430,MAICAO,LA GUAJIRA,2014,6,0.54
44430,MAICAO,LA GUAJIRA,2015,11,0.99
44430,MAICAO,LA GUAJIRA,2016,3,0.27
44430,MAICAO,LA GUAJIRA,2017,41,3.69
44430,MAICAO,LA GUAJIRA,2019,15,1.3499999999999999
44430,MAICAO,LA GUAJIRA,2020,67,6.029999999999999
44430,MAICAO,LA GUAJIRA,2021,1,0.09
44430,MAICAO,LA GUAJIRA,2022,3,0.27
44560,MANAURE,LA GUAJIRA,2001,12,1.08
44560,MANAURE,LA GUAJIRA,2002,13,1.17
44560,MANAURE,LA GUAJIRA,2003,13,1.17
44560,MANAURE,LA GUAJIRA,2004,56,5.04
44560,MANAURE,LA GUAJIRA,2005,12,1.08
44560,MANAURE,LA GUAJIRA,2006,14,1.26
44560,MANAURE,LA GUAJIRA,2007,34,3.06
44560,MANAURE,LA GUAJIRA,2008,5,0.44999999999999996
44560,MANAURE,LA GUAJIRA,2009,22,1.98
44560,MANAURE,LA GUAJIRA,2010,59,5.31
44560,MANAURE,LA GUAJIRA,2011,44,3.96
44560,MANAURE,LA GUAJIRA,2012,79,7.109999999999999
44560,MANAURE,LA GUAJIRA,2013,13,1.17
44560,MANAURE,LA GUAJIRA,2014,12,1.08
44560,MANAURE,LA GUAJIRA,2016,9,0.8099999999999999
44560,MANAURE,LA GUAJIRA,2018,10,0.8999999999999999
44560,MANAURE,LA GUAJIRA,2019,16,1.44
44560,MANAURE,LA GUAJIRA,2020,6,0.54
44560,MANAURE,LA GUAJIRA,2023,2,0.18
44650,SAN JUAN DEL CESAR,LA GUAJIRA,2001,45,4.05
44650,SAN JUAN DEL CESAR,LA GUAJIRA,2002,56,5.04
44650,SAN JUAN DEL CESAR,LA GUAJIRA,2003,11,0.99
44650,SAN JUAN DEL CESAR,LA GUAJIRA,2004,81,7.29
44650,SAN JUAN DEL CESAR,LA GUAJIRA,2005,52,4.68
44650,SAN JUAN DEL CESAR,LA GUAJIRA,2006,139,12.51
44650,SAN JUAN DEL CESAR,LA GUAJIRA,2007,73,6.569999999999999
44650,SAN JUAN DEL CESAR,LA GUAJIRA,2008,73,6.569999999999999
44650,SAN JUAN DEL CESAR,LA GUAJIRA,2009,71,6.39
44650,SAN JUAN DEL CESAR,LA GUAJIRA,2010,80,7.199999999999999
44650,SAN JUAN DEL CESAR,LA GUAJIRA,2011,220,19.8
44650,SAN JUAN DEL CESAR,LA GUAJIRA,2012,146,13.139999999999999
44650,SAN JUAN DEL CESAR,LA GUAJIRA,2013,7,0.63
44650,SAN JUAN DEL CESAR,LA GUAJIRA,2014,7,0.63
44650,SAN JUAN DEL CESAR,LA GUAJIRA,2015,6,0.54
44650,SAN JUAN DEL CESAR,LA GUAJIRA,2016,14,1.26
44650,SAN JUAN DEL CESAR,LA GUAJIRA,2017,366,32.94
44650,SAN JUAN DEL CESAR,LA GUAJIRA,2018,71,6.39
44650,SAN JUAN DEL CESAR,LA GUAJIRA,2019,222,19.98
44650,SAN JUAN DEL CESAR,LA GUAJIRA,2020,100,9.0
44650,SAN JUAN DEL CESAR,LA GUAJIRA,2021,58,5.22
44650,SAN JUAN DEL CESAR,LA GUAJIRA,2022,152,13.68
44650,SAN JUAN DEL CESAR,LA GUAJIRA,2023,61,5.49
44847,URIBIA,LA GUAJIRA,2001,158,14.219999999999999
44847,URIBIA,LA GUAJIRA,2002,277,24.93
44847,URIBIA,LA GUAJIRA,2003,75,6.75
44847,URIBIA,LA GUAJIRA,2004,326,29.34
44847,URIBIA,LA GUAJIRA,2005,337,30.33
44847,URIBIA,LA GUAJIRA,2006,214,19.259999999999998
44847,URIBIA,LA GUAJIRA,2007,194,17.46
44847,URIBIA,LA GUAJIRA,2008,125,11.25
44847,URIBIA,LA GUAJIRA,2009,164,14.76
44847,URIBIA,LA GUAJIRA,2010,24,2.16
44847,URIBIA,LA GUAJIRA,2011,95,8.549999999999999
44847,URIBIA,LA GUAJIRA,2012,251,22.59
44847,URIBIA,LA GUAJIRA,2013,10,0.8999999999999999
44847,URIBIA,LA GUAJIRA,2014,70,6.3
44847,URIBIA,LA GUAJIRA,2015,19,1.71
44847,URIBIA,LA GUAJIRA,2016,86,7.739999999999999
44847,URIBIA,LA GUAJIRA,2017,48,4.32
44847,URIBIA,LA GUAJIRA,2018,136,12.24
44847,URIBIA,LA GUAJIRA,2019,52,4.68
44847,URIBIA,LA GUAJIRA,2020,156,14.04
44847,URIBIA,LA GUAJIRA,2021,40,3.5999999999999996
44847,URIBIA,LA GUAJIRA,2022,37,3.33
44847,URIBIA,LA GUAJIRA,2023,101,9.09
44855,URUMITA,LA GUAJIRA,2001,148,13.32
44855,URUMITA,LA GUAJIRA,2002,251,22.59
44855,URUMITA,LA GUAJIRA,2003,158,14.219999999999999
44855,URUMITA,LA GUAJIRA,2004,138,12.42
44855,URUMITA,LA GUAJIRA,2005,255,22.95
44855,URUMITA,LA GUAJIRA,2006,119,10.709999999999999
44855,URUMITA,LA GUAJIRA,2007,130,11.7
44855,URUMITA,LA GUAJIRA,2008,118,10.62
44855,URUMITA,LA GUAJIRA,2009,177,15.93
44855,URUMITA,LA GUAJIRA,2010,180,16.2
44855,URUMITA,LA GUAJIRA,2011,228,20.52
44855,URUMITA,LA GUAJIRA,2012,145,13.049999999999999
44855,URUMITA,LA GUAJIRA,2013,164,14.76
44855,URUMITA,LA GUAJIRA,2014,180,16.2
44855,URUMITA,LA GUAJIRA,2015,25,2.25
44855,URUMITA,LA GUAJIRA,2016,83,7.47
44855,URUMITA,LA GUAJIRA,2017,247,22.23
44855,URUMITA,LA GUAJIRA,2018,238,21.419999999999998
44855,URUMITA,LA GUAJIRA,2019,145,13.049999999999999
44855,URUMITA,LA GUAJIRA,2020,61,5.49
44855,URUMITA,LA GUAJIRA,2021,165,14.85
44855,URUMITA,LA GUAJIRA,2022,267,24.029999999999998
44855,URUMITA,LA GUAJIRA,2023,174,15.66
44874,VILLANUEVA,LA GUAJIRA,2001,75,6.75
44874,VILLANUEVA,LA GUAJIRA,2002,51,4.59
44874,VILLANUEVA,LA GUAJIRA,2003,118,10.62
44874,VILLANUEVA,LA GUAJIRA,2004,99,8.91
44874,VILLANUEVA,LA GUAJIRA,2005,48,4.32
44874,VILLANUEVA,LA GUAJIRA,2006,155,13.95
44874,VILLANUEVA,LA GUAJIRA,2007,196,17.64
44874,VILLANUEVA,LA GUAJIRA,2008,38,3.42
44874,VILLANUEVA,LA GUAJIRA,2009,97,8.73
44874,VILLANUEVA,LA GUAJIRA,2010,100,9.0
44874,VILLANUEVA,LA GUAJIRA,2011,128,11.52
44874,VILLANUEVA,LA GUAJIRA,2012,55,4.95
44874,VILLANUEVA,LA GUAJIRA,2013,10,0.8999999999999999
44874,VILLANUEVA,LA GUAJIRA,2014,16,1.44
44874,VILLANUEVA,LA GUAJIRA,2015,6,0.54
44874,VILLANUEVA,LA GUAJIRA,2016,11,0.99
44874,VILLANUEVA,LA GUAJIRA,2017,42,3.78
44874,VILLANUEVA,LA GUAJIRA,2018,42,3.78
44874,VILLANUEVA,LA GUAJIRA,2019,45,4.05
44874,VILLANUEVA,LA GUAJIRA,2020,26,2.34
44874,VILLANUEVA,LA GUAJIRA,2022,53,4.77
47001,SANTA MARTA,MAGDALENA,2001,274,24.66
47001,SANTA MARTA,MAGDALENA,2002,377,33.93
47001,SANTA MARTA,MAGDALENA,2003,204,18.36
47001,SANTA MARTA,MAGDALENA,2004,1426,128.34
47001,SANTA MARTA,MAGDALENA,2005,444,39.96
47001,SANTA MARTA,MAGDALENA,2006,651,58.589999999999996
47001,SANTA MARTA,MAGDALENA,2007,301,27.09
47001,SANTA MARTA,MAGDALENA,2008,258,23.22
47001,SANTA MARTA,MAGDALENA,2009,1263,113.67
47001,SANTA MARTA,MAGDALENA,2010,198,17.82
47001,SANTA MARTA,MAGDALENA,2011,427,38.43
47001,SANTA MARTA,MAGDALENA,2012,142,12.78
47001,SANTA MARTA,MAGDALENA,2013,107,9.629999999999999
47001,SANTA MARTA,MAGDALENA,2014,43,3.8699999999999997
47001,SANTA MARTA,MAGDALENA,2015,41,3.69
47001,SANTA MARTA,MAGDALENA,2016,213,19.169999999999998
47001,SANTA MARTA,MAGDALENA,2017,1346,121.14
47001,SANTA MARTA,MAGDALENA,2018,559,50.309999999999995
47001,SANTA MARTA,MAGDALENA,2019,1229,110.61
47001,SANTA MARTA,MAGDALENA,2020,1376,123.83999999999999
47001,SANTA MARTA,MAGDALENA,2021,455,40.949999999999996
47001,SANTA MARTA,MAGDALENA,2022,253,22.77
47001,SANTA MARTA,MAGDALENA,2023,1018,91.61999999999999
47030,ALGARROBO,MAGDALENA,2001,54,4.859999999999999
47030,ALGARROBO,MAGDALENA,2002,136,12.24
47030,ALGARROBO,MAGDALENA,2003,10,0.8999999999999999
47030,ALGARROBO,MAGDALENA,2004,155,13.95
47030,ALGARROBO,MAGDALENA,2005,43,3.8699999999999997
47030,ALGARROBO,MAGDALENA,2006,362,32.58
47030,ALGARROBO,MAGDALENA,2007,68,6.12
47030,ALGARROBO,MAGDALENA,2008,113,10.17
47030,ALGARROBO,MAGDALENA,2009,312,28.08
47030,ALGARROBO,MAGDALENA,2010,25,2.25
47030,ALGARROBO,MAGDALENA,2011,26,2.34
47030,ALGARROBO,MAGDALENA,2012,139,12.51
47030,ALGARROBO,MAGDALENA,2013,407,36.629999999999995
47030,ALGARROBO,MAGDALENA,2014,549,49.41
47030,ALGARROBO,MAGDALENA,2015,304,27.36
47030,ALGARROBO,MAGDALENA,2016,500,45.0
47030,ALGARROBO,MAGDALENA,2017,875,78.75
47030,ALGARROBO,MAGDALENA,2018,278,25.02
47030,ALGARROBO,MAGDALENA,2019,511,45.989999999999995
47030,ALGARROBO,MAGDALENA,2020,230,20.7
47030,ALGARROBO,MAGDALENA,2021,123,11.07
47030,ALGARROBO,MAGDALENA,2022,291,26.189999999999998
47030,ALGARROBO,MAGDALENA,2023,512,46.08
47053,ARACATACA,MAGDALENA,2001,1,0.09
47053,ARACATACA,MAGDALENA,2002,12,1.08
47053,ARACATACA,MAGDALENA,2004,1,0.09
47053,ARACATACA,MAGDALENA,2006,2,0.18
47053,ARACATACA,MAGDALENA,2007,10,0.8999999999999999
47053,ARACATACA,MAGDALENA,2008,5,0.44999999999999996
47053,ARACATACA,MAGDALENA,2009,11,0.99
47053,ARACATACA,MAGDALENA,2010,2,0.18
47053,ARACATACA,MAGDALENA,2012,6,0.54
47053,ARACATACA,MAGDALENA,2013,1,0.09
47053,ARACATACA,MAGDALENA,2015,22,1.98
47058,ARIGUANÍ,MAGDALENA,2001,10,0.8999999999999999
47058,ARIGUANÍ,MAGDALENA,2002,4,0.36
47058,ARIGUANÍ,MAGDALENA,2003,2,0.18
47058,ARIGUANÍ,MAGDALENA,2004,21,1.89
47058,ARIGUANÍ,MAGDALENA,2005,1,0.09
47058,ARIGUANÍ,MAGDALENA,2006,8,0.72
47058,ARIGUANÍ,MAGDALENA,2007,20,1.7999999999999998
47058,ARIGUANÍ,MAGDALENA,2008,8,0.72
47058,ARIGUANÍ,MAGDALENA,2009,9,0.8099999999999999
47058,ARIGUANÍ,MAGDALENA,2010,6,0.54
47058,ARIGUANÍ,MAGDALENA,2012,14,1.26
47058,ARIGUANÍ,MAGDALENA,2013,2,0.18
47058,ARIGUANÍ,MAGDALENA,2014,1,0.09
47058,ARIGUANÍ,MAGDALENA,2015,21,1.89
47058,ARIGUANÍ,MAGDALENA,2016,4,0.36
47058,ARIGUANÍ,MAGDALENA,2018,12,1.08
47058,ARIGUANÍ,MAGDALENA,2020,1,0.09
47058,ARIGUANÍ,MAGDALENA,2021,17,1.53
47161,CERRO DE SAN ANTONIO,MAGDALENA,2001,19,1.71
47161,CERRO DE SAN ANTONIO,MAGDALENA,2002,4,0.36
47161,CERRO DE SAN ANTONIO,MAGDALENA,2003,10,0.8999999999999999
47161,CERRO DE SAN ANTONIO,MAGDALENA,2005,3,0.27
47161,CERRO DE SAN ANTONIO,MAGDALENA,2006,20,1.7999999999999998
47161,CERRO DE SAN ANTONIO,MAGDALENA,2007,36,3.2399999999999998
47161,CERRO DE SAN ANTONIO,MAGDALENA,2008,16,1.44
47161,CERRO DE SAN ANTONIO,MAGDALENA,2009,13,1.17
47161,CERRO DE SAN ANTONIO,MAGDALENA,2011,2,0.18
47161,CERRO DE SAN ANTONIO,MAGDALENA,2012,8,0.72
47161,CERRO DE SAN ANTONIO,MAGDALENA,2013,3,0.27
47161,CERRO DE SAN ANTONIO,MAGDALENA,2014,6,0.54
47161,CERRO DE SAN ANTONIO,MAGDALENA,2015,8,0.72
47161,CERRO DE SAN ANTONIO,MAGDALENA,2016,2,0.18
47161,CERRO DE SAN ANTONIO,MAGDALENA,2017,21,1.89
47161,CERRO DE SAN ANTONIO,MAGDALENA,2020,12,1.08
47161,CERRO DE SAN ANTONIO,MAGDALENA,2021,6,0.54
47161,CERRO DE SAN ANTONIO,MAGDALENA,2023,3,0.27
47170,CHIVOLO,MAGDALENA,2003,5,0.44999999999999996
47170,CHIVOLO,MAGDALENA,2004,71,6.39
47170,CHIVOLO,MAGDALENA,2005,2,0.18
47170,CHIVOLO,MAGDALENA,2006,20,1.7999999999999998
47170,CHIVOLO,MAGDALENA,2007,12,1.08
47170,CHIVOLO,MAGDALENA,2008,2,0.18
47170,CHIVOLO,MAGDALENA,2009,17,1.53
47170,CHIVOLO,MAGDALENA,2010,1,0.09
47170,CHIVOLO,MAGDALENA,2011,1,0.09
47170,CHIVOLO,MAGDALENA,2012,12,1.08
47170,CHIVOLO,MAGDALENA,2015,2,0.18
47170,CHIVOLO,MAGDALENA,2016,24,2.16
47170,CHIVOLO,MAGDALENA,2017,32,2.88
47170,CHIVOLO,MAGDALENA,2018,16,1.44
47170,CHIVOLO,MAGDALENA,2020,5,0.44999999999999996
47170,CHIVOLO,MAGDALENA,2021,90,8.1
47170,CHIVOLO,MAGDALENA,2022,224,20.16
47170,CHIVOLO,MAGDALENA,2023,396,35.64
47189,CIÉNAGA,MAGDALENA,2001,9,0.8099999999999999
47189,CIÉNAGA,MAGDALENA,2002,5,0.44999999999999996
47189,CIÉNAGA,MAGDALENA,2004,8,0.72
47189,CIÉNAGA,MAGDALENA,2005,1,0.09
47189,CIÉNAGA,MAGDALENA,2006,5,0.44999999999999996
47189,CIÉNAGA,MAGDALENA,2007,36,3.2399999999999998
47189,CIÉNAGA,MAGDALENA,2008,45,4.05
47189,CIÉNAGA,MAGDALENA,2009,184,16.56
47189,CIÉNAGA,MAGDALENA,2010,15,1.3499999999999999
47189,CIÉNAGA,MAGDALENA,2011,34,3.06
47189,CIÉNAGA,MAGDALENA,2012,9,0.8099999999999999
47189,CIÉNAGA,MAGDALENA,2014,5,0.44999999999999996
47189,CIÉNAGA,MAGDALENA,2015,29,2.61
47189,CIÉNAGA,MAGDALENA,2016,10,0.8999999999999999
47189,CIÉNAGA,MAGDALENA,2017,36,3.2399999999999998
47189,CIÉNAGA,MAGDALENA,2018,10,0.8999999999999999
47189,CIÉNAGA,MAGDALENA,2019,17,1.53
47189,CIÉNAGA,MAGDALENA,2020,45,4.05
47189,CIÉNAGA,MAGDALENA,2021,37,3.33
47189,CIÉNAGA,MAGDALENA,2022,50,4.5
47189,CIÉNAGA,MAGDALENA,2023,367,33.03
47205,CONCORDIA,MAGDALENA,2001,17,1.53
47205,CONCORDIA,MAGDALENA,2002,18,1.6199999999999999
47205,CONCORDIA,MAGDALENA,2003,30,2.6999999999999997
47205,CONCORDIA,MAGDALENA,2004,24,2.16
47205,CONCORDIA,MAGDALENA,2005,7,0.63
47205,CONCORDIA,MAGDALENA,2006,1,0.09
47205,CONCORDIA,MAGDALENA,2007,3,0.27
47205,CONCORDIA,MAGDALENA,2008,3,0.27
47205,CONCORDIA,MAGDALENA,2009,1,0.09
47205,CONCORDIA,MAGDALENA,2010,5,0.44999999999999996
47205,CONCORDIA,MAGDALENA,2011,6,0.54
47205,CONCORDIA,MAGDALENA,2012,8,0.72
47205,CONCORDIA,MAGDALENA,2016,5,0.44999999999999996
47205,CONCORDIA,MAGDALENA,2021,3,0.27
47245,EL BANCO,MAGDALENA,2001,65,5.85
47245,EL BANCO,MAGDALENA,2002,47,4.2299999999999995
47245,EL BANCO,MAGDALENA,2003,2,0.18
47245,EL BANCO,MAGDALENA,2004,9,0.8099999999999999
47245,EL BANCO,MAGDALENA,2005,11,0.99
47245,EL BANCO,MAGDALENA,2006,1,0.09
47245,EL BANCO,MAGDALENA,2008,3,0.27
47245,EL BANCO,MAGDALENA,2012,6,0.54
47245,EL BANCO,MAGDALENA,2021,54,4.859999999999999
47258,EL PIÑÓN,MAGDALENA,2001,30,2.6999999999999997
47258,EL PIÑÓN,MAGDALENA,2002,21,1.89
47258,EL PIÑÓN,MAGDALENA,2003,32,2.88
47258,EL PIÑÓN,MAGDALENA,2004,1,0.09
47258,EL PIÑÓN,MAGDALENA,2005,24,2.16
47258,EL PIÑÓN,MAGDALENA,2007,18,1.6199999999999999
47258,EL PIÑÓN,MAGDALENA,2008,6,0.54
47258,EL PIÑÓN,MAGDALENA,2009,20,1.7999999999999998
47258,EL PIÑÓN,MAGDALENA,2011,2,0.18
47258,EL PIÑÓN,MAGDALENA,2012,20,1.7999999999999998
47258,EL PIÑÓN,MAGDALENA,2014,17,1.53
47258,EL PIÑÓN,MAGDALENA,2015,22,1.98
47258,EL PIÑÓN,MAGDALENA,2016,31,2.79
47258,EL PIÑÓN,MAGDALENA,2017,72,6.4799999999999995
47258,EL PIÑÓN,MAGDALENA,2018,42,3.78
47258,EL PIÑÓN,MAGDALENA,2019,17,1.53
47258,EL PIÑÓN,MAGDALENA,2020,8,0.72
47258,EL PIÑÓN,MAGDALENA,2021,26,2.34
47258,EL PIÑÓN,MAGDALENA,2022,8,0.72
47268,EL RETÉN,MAGDALENA,2001,40,3.5999999999999996
47268,EL RETÉN,MAGDALENA,2002,176,15.84
47268,EL RETÉN,MAGDALENA,2003,116,10.44
47268,EL RETÉN,MAGDALENA,2004,68,6.12
47268,EL RETÉN,MAGDALENA,2005,177,15.93
47268,EL RETÉN,MAGDALENA,2006,122,10.98
47268,EL RETÉN,MAGDALENA,2007,14,1.26
47268,EL RETÉN,MAGDALENA,2009,9,0.8099999999999999
47268,EL RETÉN,MAGDALENA,2010,4,0.36
47268,EL RETÉN,MAGDALENA,2011,3,0.27
47268,EL RETÉN,MAGDALENA,2015,2,0.18
47268,EL RETÉN,MAGDALENA,2016,4,0.36
47268,EL RETÉN,MAGDALENA,2017,4,0.36
47268,EL RETÉN,MAGDALENA,2018,6,0.54
47268,EL RETÉN,MAGDALENA,2019,4,0.36
47268,EL RETÉN,MAGDALENA,2020,9,0.8099999999999999
47288,FUNDACIÓN,MAGDALENA,2001,63,5.67
47288,FUNDACIÓN,MAGDALENA,2002,127,11.43
47288,FUNDACIÓN,MAGDALENA,2003,34,3.06
47288,FUNDACIÓN,MAGDALENA,2004,81,7.29
47288,FUNDACIÓN,MAGDALENA,2005,131,11.79
47288,FUNDACIÓN,MAGDALENA,2006,14,1.26
47288,FUNDACIÓN,MAGDALENA,2007,1,0.09
47288,FUNDACIÓN,MAGDALENA,2008,44,3.96
47288,FUNDACIÓN,MAGDALENA,2009,16,1.44
47288,FUNDACIÓN,MAGDALENA,2010,20,1.7999999999999998
47288,FUNDACIÓN,MAGDALENA,2011,11,0.99
47288,FUNDACIÓN,MAGDALENA,2012,18,1.6199999999999999
47288,FUNDACIÓN,MAGDALENA,2013,1,0.09
47288,FUNDACIÓN,MAGDALENA,2014,3,0.27
47288,FUNDACIÓN,MAGDALENA,2016,16,1.44
47288,FUNDACIÓN,MAGDALENA,2017,19,1.71
47288,FUNDACIÓN,MAGDALENA,2018,20,1.7999999999999998
47288,FUNDACIÓN,MAGDALENA,2019,13,1.17
47288,FUNDACIÓN,MAGDALENA,2020,15,1.3499999999999999
47288,FUNDACIÓN,MAGDALENA,2021,19,1.71
47288,FUNDACIÓN,MAGDALENA,2022,17,1.53
47288,FUNDACIÓN,MAGDALENA,2023,12,1.08
47318,GUAMAL,MAGDALENA,2001,42,3.78
47318,GUAMAL,MAGDALENA,2002,108,9.719999999999999
47318,GUAMAL,MAGDALENA,2003,35,3.15
47318,GUAMAL,MAGDALENA,2004,210,18.9
47318,GUAMAL,MAGDALENA,2005,73,6.569999999999999
47318,GUAMAL,MAGDALENA,2006,6,0.54
47318,GUAMAL,MAGDALENA,2007,3,0.27
47318,GUAMAL,MAGDALENA,2008,24,2.16
47318,GUAMAL,MAGDALENA,2009,5,0.44999999999999996
47318,GUAMAL,MAGDALENA,2010,10,0.8999999999999999
47318,GUAMAL,MAGDALENA,2011,2,0.18
47318,GUAMAL,MAGDALENA,2012,1,0.09
47318,GUAMAL,MAGDALENA,2013,5,0.44999999999999996
47318,GUAMAL,MAGDALENA,2014,6,0.54
47318,GUAMAL,MAGDALENA,2015,30,2.6999999999999997
47318,GUAMAL,MAGDALENA,2016,20,1.7999999999999998
47318,GUAMAL,MAGDALENA,2017,94,8.459999999999999
47318,GUAMAL,MAGDALENA,2018,47,4.2299999999999995
47318,GUAMAL,MAGDALENA,2019,53,4.77
47318,GUAMAL,MAGDALENA,2020,158,14.219999999999999
47318,GUAMAL,MAGDALENA,2021,117,10.53
47318,GUAMAL,MAGDALENA,2022,128,11.52
47318,GUAMAL,MAGDALENA,2023,180,16.2
47460,NUEVA GRANADA,MAGDALENA,2001,14,1.26
47460,NUEVA GRANADA,MAGDALENA,2002,62,5.58
47460,NUEVA GRANADA,MAGDALENA,2003,55,4.95
47460,NUEVA GRANADA,MAGDALENA,2004,69,6.21
47460,NUEVA GRANADA,MAGDALENA,2005,2,0.18
47460,NUEVA GRANADA,MAGDALENA,2006,7,0.63
47460,NUEVA GRANADA,MAGDALENA,2008,27,2.4299999999999997
47460,NUEVA GRANADA,MAGDALENA,2009,2,0.18
47460,NUEVA GRANADA,MAGDALENA,2010,24,2.16
47460,NUEVA GRANADA,MAGDALENA,2011,2,0.18
47460,NUEVA GRANADA,MAGDALENA,2012,2,0.18
47460,NUEVA GRANADA,MAGDALENA,2013,1,0.09
47460,NUEVA GRANADA,MAGDALENA,2014,3,0.27
47460,NUEVA GRANADA,MAGDALENA,2016,19,1.71
47460,NUEVA GRANADA,MAGDALENA,2017,47,4.2299999999999995
47460,NUEVA GRANADA,MAGDALENA,2018,13,1.17
47460,NUEVA GRANADA,MAGDALENA,2019,12,1.08
47460,NUEVA GRANADA,MAGDALENA,2020,125,11.25
47460,NUEVA GRANADA,MAGDALENA,2021,29,2.61
47460,NUEVA GRANADA,MAGDALENA,2022,26,2.34
47460,NUEVA GRANADA,MAGDALENA,2023,48,4.32
47541,PEDRAZA,MAGDALENA,2001,12,1.08
47541,PEDRAZA,MAGDALENA,2002,34,3.06
47541,PEDRAZA,MAGDALENA,2003,128,11.52
47541,PEDRAZA,MAGDALENA,2004,11,0.99
47541,PEDRAZA,MAGDALENA,2005,17,1.53
47541,PEDRAZA,MAGDALENA,2006,5,0.44999999999999996
47541,PEDRAZA,MAGDALENA,2008,2,0.18
47541,PEDRAZA,MAGDALENA,2009,1,0.09
47541,PEDRAZA,MAGDALENA,2010,5,0.44999999999999996
47541,PEDRAZA,MAGDALENA,2011,7,0.63
47541,PEDRAZA,MAGDALENA,2019,24,2.16
47541,PEDRAZA,MAGDALENA,2021,13,1.17
47545,PIJIÑO DEL CARMEN,MAGDALENA,2001,8,0.72
47545,PIJIÑO DEL CARMEN,MAGDALENA,2002,87,7.83
47545,PIJIÑO DEL CARMEN,MAGDALENA,2003,13,1.17
47545,PIJIÑO DEL CARMEN,MAGDALENA,2005,15,1.3499999999999999
47545,PIJIÑO DEL CARMEN,MAGDALENA,2006,13,1.17
47545,PIJIÑO DEL CARMEN,MAGDALENA,2007,6,0.54
47545,PIJIÑO DEL CARMEN,MAGDALENA,2008,18,1.6199999999999999
47545,PIJIÑO DEL CARMEN,MAGDALENA,2009,8,0.72
47545,PIJIÑO DEL CARMEN,MAGDALENA,2010,4,0.36
47545,PIJIÑO DEL CARMEN,MAGDALENA,2011,7,0.63
47545,PIJIÑO DEL CARMEN,MAGDALENA,2012,10,0.8999999999999999
47545,PIJIÑO DEL CARMEN,MAGDALENA,2013,3,0.27
47545,PIJIÑO DEL CARMEN,MAGDALENA,2014,1,0.09
47545,PIJIÑO DEL CARMEN,MAGDALENA,2017,8,0.72
47545,PIJIÑO DEL CARMEN,MAGDALENA,2019,3,0.27
47545,PIJIÑO DEL CARMEN,MAGDALENA,2020,136,12.24
47545,PIJIÑO DEL CARMEN,MAGDALENA,2021,15,1.3499999999999999
47551,PIVIJAY,MAGDALENA,2001,192,17.28
47551,PIVIJAY,MAGDALENA,2002,132,11.879999999999999
47551,PIVIJAY,MAGDALENA,2003,31,2.79
47551,PIVIJAY,MAGDALENA,2004,7,0.63
47551,PIVIJAY,MAGDALENA,2005,28,2.52
47551,PIVIJAY,MAGDALENA,2006,33,2.9699999999999998
47551,PIVIJAY,MAGDALENA,2007,5,0.44999999999999996
47551,PIVIJAY,MAGDALENA,2008,12,1.08
47551,PIVIJAY,MAGDALENA,2009,48,4.32
47551,PIVIJAY,MAGDALENA,2010,1,0.09
47551,PIVIJAY,MAGDALENA,2011,1,0.09
47551,PIVIJAY,MAGDALENA,2012,19,1.71
47551,PIVIJAY,MAGDALENA,2013,1,0.09
47551,PIVIJAY,MAGDALENA,2014,28,2.52
47551,PIVIJAY,MAGDALENA,2015,28,2.52
47551,PIVIJAY,MAGDALENA,2017,10,0.8999999999999999
47551,PIVIJAY,MAGDALENA,2019,9,0.8099999999999999
47551,PIVIJAY,MAGDALENA,2023,12,1.08
47555,PLATO,MAGDALENA,2001,215,19.349999999999998
47555,PLATO,MAGDALENA,2002,222,19.98
47555,PLATO,MAGDALENA,2003,87,7.83
47555,PLATO,MAGDALENA,2004,130,11.7
47555,PLATO,MAGDALENA,2005,142,12.78
47555,PLATO,MAGDALENA,2006,469,42.21
47555,PLATO,MAGDALENA,2007,114,10.26
47555,PLATO,MAGDALENA,2008,76,6.84
47555,PLATO,MAGDALENA,2009,196,17.64
47555,PLATO,MAGDALENA,2010,52,4.68
47555,PLATO,MAGDALENA,2011,14,1.26
47555,PLATO,MAGDALENA,2012,38,3.42
47555,PLATO,MAGDALENA,2013,2,0.18
47555,PLATO,MAGDALENA,2014,30,2.6999999999999997
47555,PLATO,MAGDALENA,2015,71,6.39
47555,PLATO,MAGDALENA,2016,66,5.9399999999999995
47555,PLATO,MAGDALENA,2017,22,1.98
47555,PLATO,MAGDALENA,2018,53,4.77
47555,PLATO,MAGDALENA,2019,74,6.66
47555,PLATO,MAGDALENA,2020,218,19.62
47555,PLATO,MAGDALENA,2021,1,0.09
47555,PLATO,MAGDALENA,2022,18,1.6199999999999999
47570,PUEBLOVIEJO,MAGDALENA,2001,1,0.09
47570,PUEBLOVIEJO,MAGDALENA,2002,16,1.44
47570,PUEBLOVIEJO,MAGDALENA,2003,80,7.199999999999999
47570,PUEBLOVIEJO,MAGDALENA,2004,1,0.09
47570,PUEBLOVIEJO,MAGDALENA,2005,30,2.6999999999999997
47570,PUEBLOVIEJO,MAGDALENA,2006,91,8.19
47570,PUEBLOVIEJO,MAGDALENA,2007,5,0.44999999999999996
47570,PUEBLOVIEJO,MAGDALENA,2009,4,0.36
47570,PUEBLOVIEJO,MAGDALENA,2010,6,0.54
47570,PUEBLOVIEJO,MAGDALENA,2011,1,0.09
47570,PUEBLOVIEJO,MAGDALENA,2012,53,4.77
47570,PUEBLOVIEJO,MAGDALENA,2014,9,0.8099999999999999
47570,PUEBLOVIEJO,MAGDALENA,2016,34,3.06
47570,PUEBLOVIEJO,MAGDALENA,2017,13,1.17
47570,PUEBLOVIEJO,MAGDALENA,2018,8,0.72
47570,PUEBLOVIEJO,MAGDALENA,2021,4,0.36
47605,REMOLINO,MAGDALENA,2001,34,3.06
47605,REMOLINO,MAGDALENA,2002,13,1.17
47605,REMOLINO,MAGDALENA,2003,30,2.6999999999999997
47605,REMOLINO,MAGDALENA,2004,13,1.17
47605,REMOLINO,MAGDALENA,2005,14,1.26
47605,REMOLINO,MAGDALENA,2006,7,0.63
47605,REMOLINO,MAGDALENA,2007,100,9.0
47605,REMOLINO,MAGDALENA,2008,70,6.3
47605,REMOLINO,MAGDALENA,2009,1,0.09
47605,REMOLINO,MAGDALENA,2010,48,4.32
47605,REMOLINO,MAGDALENA,2011,5,0.44999999999999996
47605,REMOLINO,MAGDALENA,2012,90,8.1
47605,REMOLINO,MAGDALENA,2014,17,1.53
47605,REMOLINO,MAGDALENA,2015,21,1.89
47605,REMOLINO,MAGDALENA,2016,27,2.4299999999999997
47605,REMOLINO,MAGDALENA,2017,184,16.56
47605,REMOLINO,MAGDALENA,2018,26,2.34
47605,REMOLINO,MAGDALENA,2019,46,4.14
47605,REMOLINO,MAGDALENA,2020,3,0.27
47605,REMOLINO,MAGDALENA,2022,140,12.6
47605,REMOLINO,MAGDALENA,2023,16,1.44
47660,SABANAS DE SAN ÁNGEL,MAGDALENA,2001,88,7.92
47660,SABANAS DE SAN ÁNGEL,MAGDALENA,2002,11,0.99
47660,SABANAS DE SAN ÁNGEL,MAGDALENA,2003,16,1.44
47660,SABANAS DE SAN ÁNGEL,MAGDALENA,2004,21,1.89
47660,SABANAS DE SAN ÁNGEL,MAGDALENA,2005,173,15.57
47660,SABANAS DE SAN ÁNGEL,MAGDALENA,2006,56,5.04
47660,SABANAS DE SAN ÁNGEL,MAGDALENA,2007,101,9.09
47660,SABANAS DE SAN ÁNGEL,MAGDALENA,2008,140,12.6
47660,SABANAS DE SAN ÁNGEL,MAGDALENA,2009,407,36.629999999999995
47660,SABANAS DE SAN ÁNGEL,MAGDALENA,2010,357,32.129999999999995
47660,SABANAS DE SAN ÁNGEL,MAGDALENA,2011,77,6.93
47660,SABANAS DE SAN ÁNGEL,MAGDALENA,2012,252,22.68
47660,SABANAS DE SAN ÁNGEL,MAGDALENA,2013,32,2.88
47660,SABANAS DE SAN ÁNGEL,MAGDALENA,2014,169,15.209999999999999
47660,SABANAS DE SAN ÁNGEL,MAGDALENA,2015,112,10.08
47660,SABANAS DE SAN ÁNGEL,MAGDALENA,2016,259,23.31
47660,SABANAS DE SAN ÁNGEL,MAGDALENA,2017,414,37.26
47660,SABANAS DE SAN ÁNGEL,MAGDALENA,2018,316,28.439999999999998
47660,SABANAS DE SAN ÁNGEL,MAGDALENA,2019,243,21.869999999999997
47660,SABANAS DE SAN ÁNGEL,MAGDALENA,2020,905,81.45
47660,SABANAS DE SAN ÁNGEL,MAGDALENA,2021,196,17.64
47660,SABANAS DE SAN ÁNGEL,MAGDALENA,2022,315,28.349999999999998
47660,SABANAS DE SAN ÁNGEL,MAGDALENA,2023,204,18.36
47675,SALAMINA,MAGDALENA,2001,3,0.27
47675,SALAMINA,MAGDALENA,2005,4,0.36
47675,SALAMINA,MAGDALENA,2008,2,0.18
47675,SALAMINA,MAGDALENA,2009,6,0.54
47675,SALAMINA,MAGDALENA,2010,3,0.27
47675,SALAMINA,MAGDALENA,2011,6,0.54
47675,SALAMINA,MAGDALENA,2012,20,1.7999999999999998
47675,SALAMINA,MAGDALENA,2013,4,0.36
47675,SALAMINA,MAGDALENA,2014,4,0.36
47675,SALAMINA,MAGDALENA,2016,1,0.09
47675,SALAMINA,MAGDALENA,2018,49,4.41
47692,SAN SEBASTIÁN DE BUENAVISTA,MAGDALENA,2001,586,52.739999999999995
47692,SAN SEBASTIÁN DE BUENAVISTA,MAGDALENA,2002,161,14.49
47692,SAN SEBASTIÁN DE BUENAVISTA,MAGDALENA,2003,355,31.95
47692,SAN SEBASTIÁN DE BUENAVISTA,MAGDALENA,2004,336,30.24
47692,SAN SEBASTIÁN DE BUENAVISTA,MAGDALENA,2005,188,16.919999999999998
47692,SAN SEBASTIÁN DE BUENAVISTA,MAGDALENA,2006,189,17.009999999999998
47692,SAN SEBASTIÁN DE BUENAVISTA,MAGDALENA,2007,386,34.74
47692,SAN SEBASTIÁN DE BUENAVISTA,MAGDALENA,2008,191,17.189999999999998
47692,SAN SEBASTIÁN DE BUENAVISTA,MAGDALENA,2009,167,15.03
47692,SAN SEBASTIÁN DE BUENAVISTA,MAGDALENA,2010,410,36.9
47692,SAN SEBASTIÁN DE BUENAVISTA,MAGDALENA,2011,142,12.78
47692,SAN SEBASTIÁN DE BUENAVISTA,MAGDALENA,2012,153,13.77
47692,SAN SEBASTIÁN DE BUENAVISTA,MAGDALENA,2013,215,19.349999999999998
47692,SAN SEBASTIÁN DE BUENAVISTA,MAGDALENA,2014,286,25.74
47692,SAN SEBASTIÁN DE BUENAVISTA,MAGDALENA,2015,318,28.619999999999997
47692,SAN SEBASTIÁN DE BUENAVISTA,MAGDALENA,2016,657,59.129999999999995
47692,SAN SEBASTIÁN DE BUENAVISTA,MAGDALENA,2017,881,79.28999999999999
47692,SAN SEBASTIÁN DE BUENAVISTA,MAGDALENA,2018,541,48.69
47692,SAN SEBASTIÁN DE BUENAVISTA,MAGDALENA,2019,326,29.34
47692,SAN SEBASTIÁN DE BUENAVISTA,MAGDALENA,2020,475,42.75
47692,SAN SEBASTIÁN DE BUENAVISTA,MAGDALENA,2021,339,30.509999999999998
47692,SAN SEBASTIÁN DE BUENAVISTA,MAGDALENA,2022,166,14.94
47692,SAN SEBASTIÁN DE BUENAVISTA,MAGDALENA,2023,194,17.46
47703,SAN ZENÓN,MAGDALENA,2001,222,19.98
47703,SAN ZENÓN,MAGDALENA,2002,207,18.63
47703,SAN ZENÓN,MAGDALENA,2003,157,14.129999999999999
47703,SAN ZENÓN,MAGDALENA,2004,276,24.84
47703,SAN ZENÓN,MAGDALENA,2005,157,14.129999999999999
47703,SAN ZENÓN,MAGDALENA,2006,200,18.0
47703,SAN ZENÓN,MAGDALENA,2007,8,0.72
47703,SAN ZENÓN,MAGDALENA,2008,90,8.1
47703,SAN ZENÓN,MAGDALENA,2009,62,5.58
47703,SAN ZENÓN,MAGDALENA,2010,203,18.27
47703,SAN ZENÓN,MAGDALENA,2011,123,11.07
47703,SAN ZENÓN,MAGDALENA,2012,47,4.2299999999999995
47703,SAN ZENÓN,MAGDALENA,2013,166,14.94
47703,SAN ZENÓN,MAGDALENA,2014,197,17.73
47703,SAN ZENÓN,MAGDALENA,2015,233,20.97
47703,SAN ZENÓN,MAGDALENA,2016,325,29.25
47703,SAN ZENÓN,MAGDALENA,2017,588,52.919999999999995
47703,SAN ZENÓN,MAGDALENA,2018,307,27.63
47703,SAN ZENÓN,MAGDALENA,2019,318,28.619999999999997
47703,SAN ZENÓN,MAGDALENA,2020,2697,242.73
47703,SAN ZENÓN,MAGDALENA,2021,307,27.63
47703,SAN ZENÓN,MAGDALENA,2022,189,17.009999999999998
47703,SAN ZENÓN,MAGDALENA,2023,127,11.43
47707,SANTA ANA,MAGDALENA,2001,4,0.36
47707,SANTA ANA,MAGDALENA,2003,1,0.09
47707,SANTA ANA,MAGDALENA,2004,1,0.09
47707,SANTA ANA,MAGDALENA,2005,3,0.27
47707,SANTA ANA,MAGDALENA,2006,4,0.36
47707,SANTA ANA,MAGDALENA,2009,3,0.27
47707,SANTA ANA,MAGDALENA,2010,2,0.18
47707,SANTA ANA,MAGDALENA,2011,1,0.09
47707,SANTA ANA,MAGDALENA,2012,21,1.89
47707,SANTA ANA,MAGDALENA,2013,1,0.09
47707,SANTA ANA,MAGDALENA,2017,8,0.72
47707,SANTA ANA,MAGDALENA,2018,3,0.27
47707,SANTA ANA,MAGDALENA,2019,8,0.72
47720,SANTA BÁRBARA DE PINTO,MAGDALENA,2007,1,0.09
47720,SANTA BÁRBARA DE PINTO,MAGDALENA,2010,1,0.09
47720,SANTA BÁRBARA DE PINTO,MAGDALENA,2012,6,0.54
47720,SANTA BÁRBARA DE PINTO,MAGDALENA,2016,1,0.09
47720,SANTA BÁRBARA DE PINTO,MAGDALENA,2018,44,3.96
47720,SANTA BÁRBARA DE PINTO,MAGDALENA,2019,1,0.09
47745,SITIONUEVO,MAGDALENA,2006,3,0.27
47745,SITIONUEVO,MAGDALENA,2014,2,0.18
47745,SITIONUEVO,MAGDALENA,2017,17,1.53
47745,SITIONUEVO,MAGDALENA,2018,65,5.85
47745,SITIONUEVO,MAGDALENA,2019,6,0.54
47745,SITIONUEVO,MAGDALENA,2020,29,2.61
47745,SITIONUEVO,MAGDALENA,2021,24,2.16
47745,SITIONUEVO,MAGDALENA,2022,10,0.8999999999999999
47798,TENERIFE,MAGDALENA,2001,1,0.09
47798,TENERIFE,MAGDALENA,2003,5,0.44999999999999996
47798,TENERIFE,MAGDALENA,2004,1,0.09
47798,TENERIFE,MAGDALENA,2007,5,0.44999999999999996
47798,TENERIFE,MAGDALENA,2008,2,0.18
47798,TENERIFE,MAGDALENA,2009,3,0.27
47798,TENERIFE,MAGDALENA,2010,24,2.16
47798,TENERIFE,MAGDALENA,2011,3,0.27
47798,TENERIFE,MAGDALENA,2012,12,1.08
47798,TENERIFE,MAGDALENA,2013,3,0.27
47798,TENERIFE,MAGDALENA,2014,1,0.09
47960,ZAPAYÁN,MAGDALENA,2001,35,3.15
47960,ZAPAYÁN,MAGDALENA,2002,33,2.9699999999999998
47960,ZAPAYÁN,MAGDALENA,2003,44,3.96
47960,ZAPAYÁN,MAGDALENA,2004,31,2.79
47960,ZAPAYÁN,MAGDALENA,2005,4,0.36
47960,ZAPAYÁN,MAGDALENA,2006,8,0.72
47960,ZAPAYÁN,MAGDALENA,2007,8,0.72
47960,ZAPAYÁN,MAGDALENA,2008,8,0.72
47960,ZAPAYÁN,MAGDALENA,2009,1,0.09
47960,ZAPAYÁN,MAGDALENA,2010,16,1.44
47960,ZAPAYÁN,MAGDALENA,2012,13,1.17
47960,ZAPAYÁN,MAGDALENA,2013,30,2.6999999999999997
47960,ZAPAYÁN,MAGDALENA,2014,51,4.59
47960,ZAPAYÁN,MAGDALENA,2015,18,1.6199999999999999
47960,ZAPAYÁN,MAGDALENA,2016,2643,237.87
47960,ZAPAYÁN,MAGDALENA,2017,176,15.84
47960,ZAPAYÁN,MAGDALENA,2018,97,8.73
47960,ZAPAYÁN,MAGDALENA,2019,914,82.25999999999999
47960,ZAPAYÁN,MAGDALENA,2020,1075,96.75
47960,ZAPAYÁN,MAGDALENA,2021,65,5.85
47960,ZAPAYÁN,MAGDALENA,2022,96,8.64
47960,ZAPAYÁN,MAGDALENA,2023,272,24.48
47980,ZONA BANANERA,MAGDALENA,2001,631,56.79
47980,ZONA BANANERA,MAGDALENA,2002,62,5.58
47980,ZONA BANANERA,MAGDALENA,2003,45,4.05
47980,ZONA BANANERA,MAGDALENA,2004,113,10.17
47980,ZONA BANANERA,MAGDALENA,2005,41,3.69
47980,ZONA BANANERA,MAGDALENA,2006,23,2.07
47980,ZONA BANANERA,MAGDALENA,2007,33,2.9699999999999998
47980,ZONA BANANERA,MAGDALENA,2008,50,4.5
47980,ZONA BANANERA,MAGDALENA,2009,69,6.21
47980,ZONA BANANERA,MAGDALENA,2010,16,1.44
47980,ZONA BANANERA,MAGDALENA,2011,12,1.08
47980,ZONA BANANERA,MAGDALENA,2012,27,2.4299999999999997
47980,ZONA BANANERA,MAGDALENA,2013,115,10.35
47980,ZONA BANANERA,MAGDALENA,2014,274,24.66
47980,ZONA BANANERA,MAGDALENA,2015,30,2.6999999999999997
47980,ZONA BANANERA,MAGDALENA,2016,487,43.83
47980,ZONA BANANERA,MAGDALENA,2017,115,10.35
47980,ZONA BANANERA,MAGDALENA,2018,378,34.019999999999996
47980,ZONA BANANERA,MAGDALENA,2019,92,8.28
47980,ZONA BANANERA,MAGDALENA,2020,5396,485.64
47980,ZONA BANANERA,MAGDALENA,2021,750,67.5
47980,ZONA BANANERA,MAGDALENA,2022,206,18.54
47980,ZONA BANANERA,MAGDALENA,2023,145,13.049999999999999
50001,VILLAVICENCIO,META,2001,927,83.42999999999999
50001,VILLAVICENCIO,META,2002,60,5.3999999999999995
50001,VILLAVICENCIO,META,2003,117,10.53
50001,VILLAVICENCIO,META,2004,144,12.959999999999999
50001,VILLAVICENCIO,META,2005,290,26.099999999999998
50001,VILLAVICENCIO,META,2006,326,29.34
50001,VILLAVICENCIO,META,2007,196,17.64
50001,VILLAVICENCIO,META,2008,23,2.07
50001,VILLAVICENCIO,META,2009,20,1.7999999999999998
50001,VILLAVICENCIO,META,2010,407,36.629999999999995
50001,VILLAVICENCIO,META,2011,4,0.36
50001,VILLAVICENCIO,META,2012,38,3.42
50001,VILLAVICENCIO,META,2013,6,0.54
50001,VILLAVICENCIO,META,2014,20,1.7999999999999998
50001,VILLAVICENCIO,META,2015,70,6.3
50001,VILLAVICENCIO,META,2016,20,1.7999999999999998
50001,VILLAVICENCIO,META,2017,9,0.8099999999999999
50001,VILLAVICENCIO,META,2018,119,10.709999999999999
50001,VILLAVICENCIO,META,2019,26,2.34
50001,VILLAVICENCIO,META,2020,1371,123.39
50001,VILLAVICENCIO,META,2021,55,4.95
50001,VILLAVICENCIO,META,2022,1,0.09
50006,ACACÍAS,META,2001,56,5.04
50006,ACACÍAS,META,2002,41,3.69
50006,ACACÍAS,META,2003,19,1.71
50006,ACACÍAS,META,2004,12,1.08
50006,ACACÍAS,META,2005,112,10.08
50006,ACACÍAS,META,2006,12,1.08
50006,ACACÍAS,META,2007,26,2.34
50006,ACACÍAS,META,2008,44,3.96
50006,ACACÍAS,META,2009,62,5.58
50006,ACACÍAS,META,2010,26,2.34
50006,ACACÍAS,META,2011,12,1.08
50006,ACACÍAS,META,2012,6,0.54
50006,ACACÍAS,META,2013,93,8.37
50006,ACACÍAS,META,2014,61,5.49
50006,ACACÍAS,META,2015,64,5.76
50006,ACACÍAS,META,2016,66,5.9399999999999995
50006,ACACÍAS,META,2017,126,11.34
50006,ACACÍAS,META,2018,232,20.88
50006,ACACÍAS,META,2019,191,17.189999999999998
50006,ACACÍAS,META,2020,142,12.78
50006,ACACÍAS,META,2021,59,5.31
50006,ACACÍAS,META,2022,57,5.13
50006,ACACÍAS,META,2023,54,4.859999999999999
50110,BARRANCA DE UPÍA,META,2003,13,1.17
50110,BARRANCA DE UPÍA,META,2005,1,0.09
50110,BARRANCA DE UPÍA,META,2007,2,0.18
50110,BARRANCA DE UPÍA,META,2011,3,0.27
50110,BARRANCA DE UPÍA,META,2012,1,0.09
50110,BARRANCA DE UPÍA,META,2013,2,0.18
50124,CABUYARO,META,2002,6,0.54
50124,CABUYARO,META,2003,33,2.9699999999999998
50124,CABUYARO,META,2005,26,2.34
50124,CABUYARO,META,2007,41,3.69
50124,CABUYARO,META,2008,50,4.5
50124,CABUYARO,META,2009,25,2.25
50124,CABUYARO,META,2010,4,0.36
50124,CABUYARO,META,2011,37,3.33
50124,CABUYARO,META,2012,71,6.39
50124,CABUYARO,META,2013,38,3.42
50124,CABUYARO,META,2014,28,2.52
50124,CABUYARO,META,2015,16,1.44
50124,CABUYARO,META,2016,34,3.06
50124,CABUYARO,META,2017,40,3.5999999999999996
50124,CABUYARO,META,2018,98,8.82
50124,CABUYARO,META,2019,74,6.66
50124,CABUYARO,META,2020,70,6.3
50124,CABUYARO,META,2021,1,0.09
50124,CABUYARO,META,2022,61,5.49
50124,CABUYARO,META,2023,78,7.02
50150,CASTILLA LA NUEVA,META,2001,106,9.54
50150,CASTILLA LA NUEVA,META,2002,80,7.199999999999999
50150,CASTILLA LA NUEVA,META,2003,139,12.51
50150,CASTILLA LA NUEVA,META,2004,62,5.58
50150,CASTILLA LA NUEVA,META,2005,80,7.199999999999999
50150,CASTILLA LA NUEVA,META,2006,65,5.85
50150,CASTILLA LA NUEVA,META,2007,53,4.77
50150,CASTILLA LA NUEVA,META,2008,20,1.7999999999999998
50150,CASTILLA LA NUEVA,META,2009,27,2.4299999999999997
50150,CASTILLA LA NUEVA,META,2010,20,1.7999999999999998
50150,CASTILLA LA NUEVA,META,2011,94,8.459999999999999
50150,CASTILLA LA NUEVA,META,2012,59,5.31
50150,CASTILLA LA NUEVA,META,2013,63,5.67
50150,CASTILLA LA NUEVA,META,2014,66,5.9399999999999995
50150,CASTILLA LA NUEVA,META,2015,13,1.17
50150,CASTILLA LA NUEVA,META,2016,35,3.15
50150,CASTILLA LA NUEVA,META,2017,203,18.27
50150,CASTILLA LA NUEVA,META,2018,96,8.64
50150,CASTILLA LA NUEVA,META,2019,96,8.64
50150,CASTILLA LA NUEVA,META,2020,59,5.31
50150,CASTILLA LA NUEVA,META,2021,15,1.3499999999999999
50150,CASTILLA LA NUEVA,META,2022,160,14.399999999999999
50150,CASTILLA LA NUEVA,META,2023,168,15.12
50223,CUBARRAL,META,2006,1,0.09
50223,CUBARRAL,META,2012,7,0.63
50223,CUBARRAL,META,2013,1,0.09
50223,CUBARRAL,META,2014,19,1.71
50223,CUBARRAL,META,2015,8,0.72
50223,CUBARRAL,META,2016,5,0.44999999999999996
50226,CUMARAL,META,2001,1,0.09
50226,CUMARAL,META,2004,1,0.09
50226,CUMARAL,META,2005,1,0.09
50226,CUMARAL,META,2007,3,0.27
50226,CUMARAL,META,2009,1,0.09
50226,CUMARAL,META,2010,24,2.16
50226,CUMARAL,META,2011,17,1.53
50226,CUMARAL,META,2012,11,0.99
50226,CUMARAL,META,2013,1,0.09
50226,CUMARAL,META,2014,7,0.63
50226,CUMARAL,META,2023,7,0.63
50245,EL CALVARIO,META,2010,1,0.09
50245,EL CALVARIO,META,2012,3,0.27
50245,EL CALVARIO,META,2019,18,1.6199999999999999
50245,EL CALVARIO,META,2020,4,0.36
50245,EL CALVARIO,META,2021,31,2.79
50245,EL CALVARIO,META,2022,3,0.27
50251,EL CASTILLO,META,2008,2,0.18
50251,EL CASTILLO,META,2009,4,0.36
50251,EL CASTILLO,META,2010,1,0.09
50251,EL CASTILLO,META,2012,6,0.54
50251,EL CASTILLO,META,2016,8,0.72
50251,EL CASTILLO,META,2019,88,7.92
50251,EL CASTILLO,META,2020,7,0.63
50251,EL CASTILLO,META,2021,5,0.44999999999999996
50270,EL DORADO,META,2003,2,0.18
50270,EL DORADO,META,2011,1,0.09
50270,EL DORADO,META,2012,1,0.09
50270,EL DORADO,META,2013,28,2.52
50270,EL DORADO,META,2018,9,0.8099999999999999
50287,FUENTE DE ORO,META,2005,1,0.09
50287,FUENTE DE ORO,META,2006,1,0.09
50287,FUENTE DE ORO,META,2009,1,0.09
50287,FUENTE DE ORO,META,2011,1,0.09
50287,FUENTE DE ORO,META,2012,4,0.36
50313,GRANADA,META,2008,1,0.09
50313,GRANADA,META,2010,1,0.09
50313,GRANADA,META,2011,1,0.09
50313,GRANADA,META,2012,4,0.36
50318,GUAMAL,META,2002,1,0.09
50318,GUAMAL,META,2004,1,0.09
50318,GUAMAL,META,2005,1,0.09
50318,GUAMAL,META,2009,1,0.09
50318,GUAMAL,META,2011,8,0.72
50318,GUAMAL,META,2012,5,0.44999999999999996
50318,GUAMAL,META,2013,2,0.18
50318,GUAMAL,META,2017,1090,98.1
50318,GUAMAL,META,2020,5,0.44999999999999996
50318,GUAMAL,META,2022,45,4.05
50325,MAPIRIPÁN,META,2001,8,0.72
50325,MAPIRIPÁN,META,2002,20,1.7999999999999998
50325,MAPIRIPÁN,META,2003,19,1.71
50325,MAPIRIPÁN,META,2004,2,0.18
50325,MAPIRIPÁN,META,2005,28,2.52
50325,MAPIRIPÁN,META,2006,3,0.27
50325,MAPIRIPÁN,META,2007,15,1.3499999999999999
50325,MAPIRIPÁN,META,2008,37,3.33
50325,MAPIRIPÁN,META,2009,20,1.7999999999999998
50325,MAPIRIPÁN,META,2010,27,2.4299999999999997
50325,MAPIRIPÁN,META,2011,72,6.4799999999999995
50325,MAPIRIPÁN,META,2012,107,9.629999999999999
50325,MAPIRIPÁN,META,2013,57,5.13
50325,MAPIRIPÁN,META,2014,54,4.859999999999999
50325,MAPIRIPÁN,META,2015,44,3.96
50325,MAPIRIPÁN,META,2016,102,9.18
50325,MAPIRIPÁN,META,2017,136,12.24
50325,MAPIRIPÁN,META,2018,122,10.98
50325,MAPIRIPÁN,META,2019,108,9.719999999999999
50325,MAPIRIPÁN,META,2020,115,10.35
50325,MAPIRIPÁN,META,2021,63,5.67
50325,MAPIRIPÁN,META,2022,91,8.19
50325,MAPIRIPÁN,META,2023,84,7.56
50330,MESETAS,META,2001,9,0.8099999999999999
50330,MESETAS,META,2002,3,0.27
50330,MESETAS,META,2005,2,0.18
50330,MESETAS,META,2011,12,1.08
50330,MESETAS,META,2012,14,1.26
50350,LA MACARENA,META,2001,219,19.71
50350,LA MACARENA,META,2002,283,25.47
50350,LA MACARENA,META,2003,77,6.93
50350,LA MACARENA,META,2004,114,10.26
50350,LA MACARENA,META,2005,143,12.87
50350,LA MACARENA,META,2006,171,15.389999999999999
50350,LA MACARENA,META,2007,146,13.139999999999999
50350,LA MACARENA,META,2008,198,17.82
50350,LA MACARENA,META,2009,222,19.98
50350,LA MACARENA,META,2010,210,18.9
50350,LA MACARENA,META,2011,164,14.76
50350,LA MACARENA,META,2012,215,19.349999999999998
50350,LA MACARENA,META,2013,117,10.53
50350,LA MACARENA,META,2014,138,12.42
50350,LA MACARENA,META,2015,107,9.629999999999999
50350,LA MACARENA,META,2016,233,20.97
50350,LA MACARENA,META,2017,491,44.19
50350,LA MACARENA,META,2018,393,35.37
50350,LA MACARENA,META,2019,422,37.98
50350,LA MACARENA,META,2020,341,30.689999999999998
50350,LA MACARENA,META,2021,343,30.869999999999997
50350,LA MACARENA,META,2022,305,27.45
50350,LA MACARENA,META,2023,321,28.89
50370,URIBE,META,2001,8,0.72
50370,URIBE,META,2002,27,2.4299999999999997
50370,URIBE,META,2003,9,0.8099999999999999
50370,URIBE,META,2004,9,0.8099999999999999
50370,URIBE,META,2005,18,1.6199999999999999
50370,URIBE,META,2006,48,4.32
50370,URIBE,META,2008,21,1.89
50370,URIBE,META,2009,37,3.33
50370,URIBE,META,2010,7,0.63
50370,URIBE,META,2011,30,2.6999999999999997
50370,URIBE,META,2012,29,2.61
50370,URIBE,META,2013,11,0.99
50370,URIBE,META,2014,7,0.63
50370,URIBE,META,2015,21,1.89
50370,URIBE,META,2016,90,8.1
50370,URIBE,META,2017,23,2.07
50370,URIBE,META,2018,135,12.15
50370,URIBE,META,2019,91,8.19
50370,URIBE,META,2020,79,7.109999999999999
50370,URIBE,META,2021,88,7.92
50370,URIBE,META,2022,49,4.41
50370,URIBE,META,2023,111,9.99
50400,LEJANÍAS,META,2001,6,0.54
50400,LEJANÍAS,META,2002,70,6.3
50400,LEJANÍAS,META,2003,3,0.27
50400,LEJANÍAS,META,2004,1,0.09
50400,LEJANÍAS,META,2005,2,0.18
50400,LEJANÍAS,META,2006,15,1.3499999999999999
50400,LEJANÍAS,META,2007,5,0.44999999999999996
50400,LEJANÍAS,META,2008,12,1.08
50400,LEJANÍAS,META,2009,1,0.09
50400,LEJANÍAS,META,2010,3,0.27
50400,LEJANÍAS,META,2011,15,1.3499999999999999
50400,LEJANÍAS,META,2012,60,5.3999999999999995
50400,LEJANÍAS,META,2013,2,0.18
50400,LEJANÍAS,META,2014,3,0.27
50400,LEJANÍAS,META,2017,1,0.09
50400,LEJANÍAS,META,2019,71,6.39
50400,LEJANÍAS,META,2020,143,12.87
50400,LEJANÍAS,META,2021,1,0.09
52001,PASTO,NARIÑO,2001,11,0.99
52001,PASTO,NARIÑO,2002,41,3.69
52001,PASTO,NARIÑO,2003,65,5.85
52001,PASTO,NARIÑO,2004,154,13.86
52001,PASTO,NARIÑO,2005,33,2.9699999999999998
52001,PASTO,NARIÑO,2006,71,6.39
52001,PASTO,NARIÑO,2007,119,10.709999999999999
52001,PASTO,NARIÑO,2008,77,6.93
52001,PASTO,NARIÑO,2009,74,6.66
52001,PASTO,NARIÑO,2010,104,9.36
52001,PASTO,NARIÑO,2011,124,11.16
52001,PASTO,NARIÑO,2012,79,7.109999999999999
52001,PASTO,NARIÑO,2013,7,0.63
52001,PASTO,NARIÑO,2014,17,1.53
52001,PASTO,NARIÑO,2015,24,2.16
52001,PASTO,NARIÑO,2016,173,15.57
52001,PASTO,NARIÑO,2017,258,23.22
52001,PASTO,NARIÑO,2018,142,12.78
52001,PASTO,NARIÑO,2019,187,16.83
52001,PASTO,NARIÑO,2020,34,3.06
52001,PASTO,NARIÑO,2021,229,20.61
52001,PASTO,NARIÑO,2022,44,3.96
52001,PASTO,NARIÑO,2023,142,12.78
52019,ALBÁN,NARIÑO,2001,175,15.75
52019,ALBÁN,NARIÑO,2002,217,19.529999999999998
52019,ALBÁN,NARIÑO,2003,61,5.49
52019,ALBÁN,NARIÑO,2004,340,30.599999999999998
52019,ALBÁN,NARIÑO,2005,152,13.68
52019,ALBÁN,NARIÑO,2006,199,17.91
52019,ALBÁN,NARIÑO,2007,171,15.389999999999999
52019,ALBÁN,NARIÑO,2008,45,4.05
52019,ALBÁN,NARIÑO,2009,117,10.53
52019,ALBÁN,NARIÑO,2010,110,9.9
52019,ALBÁN,NARIÑO,2011,10,0.8999999999999999
52019,ALBÁN,NARIÑO,2012,37,3.33
52019,ALBÁN,NARIÑO,2013,24,2.16
52019,ALBÁN,NARIÑO,2014,14,1.26
52019,ALBÁN,NARIÑO,2015,5,0.44999999999999996
52019,ALBÁN,NARIÑO,2016,134,12.059999999999999
52019,ALBÁN,NARIÑO,2017,138,12.42
52019,ALBÁN,NARIÑO,2018,61,5.49
52019,ALBÁN,NARIÑO,2019,102,9.18
52019,ALBÁN,NARIÑO,2020,78,7.02
52019,ALBÁN,NARIÑO,2021,85,7.6499999999999995
52019,ALBÁN,NARIÑO,2022,118,10.62
52019,ALBÁN,NARIÑO,2023,6,0.54
52022,ALDANA,NARIÑO,2001,458,41.22
52022,ALDANA,NARIÑO,2002,161,14.49
52022,ALDANA,NARIÑO,2003,115,10.35
52022,ALDANA,NARIÑO,2004,360,32.4
52022,ALDANA,NARIÑO,2005,513,46.17
52022,ALDANA,NARIÑO,2006,357,32.129999999999995
52022,ALDANA,NARIÑO,2007,79,7.109999999999999
52022,ALDANA,NARIÑO,2008,97,8.73
52022,ALDANA,NARIÑO,2009,191,17.189999999999998
52022,ALDANA,NARIÑO,2010,42,3.78
52022,ALDANA,NARIÑO,2011,103,9.27
52022,ALDANA,NARIÑO,2012,326,29.34
52022,ALDANA,NARIÑO,2013,1574,141.66
52022,ALDANA,NARIÑO,2014,482,43.379999999999995
52022,ALDANA,NARIÑO,2015,44,3.96
52022,ALDANA,NARIÑO,2016,17,1.53
52022,ALDANA,NARIÑO,2017,597,53.73
52022,ALDANA,NARIÑO,2018,135,12.15
52022,ALDANA,NARIÑO,2019,895,80.55
52022,ALDANA,NARIÑO,2020,636,57.239999999999995
52022,ALDANA,NARIÑO,2021,2539,228.51
52022,ALDANA,NARIÑO,2022,34,3.06
52022,ALDANA,NARIÑO,2023,5,0.44999999999999996
52036,ANCUYA,NARIÑO,2001,57,5.13
52036,ANCUYA,NARIÑO,2002,78,7.02
52036,ANCUYA,NARIÑO,2003,27,2.4299999999999997
52036,ANCUYA,NARIÑO,2004,217,19.529999999999998
52036,ANCUYA,NARIÑO,2005,148,13.32
52036,ANCUYA,NARIÑO,2006,114,10.26
52036,ANCUYA,NARIÑO,2007,453,40.769999999999996
52036,ANCUYA,NARIÑO,2008,310,27.9
52036,ANCUYA,NARIÑO,2009,126,11.34
52036,ANCUYA,NARIÑO,2010,1099,98.91
52036,ANCUYA,NARIÑO,2011,863,77.67
52036,ANCUYA,NARIÑO,2012,450,40.5
52036,ANCUYA,NARIÑO,2013,523,47.07
52036,ANCUYA,NARIÑO,2014,313,28.169999999999998
52036,ANCUYA,NARIÑO,2015,53,4.77
52036,ANCUYA,NARIÑO,2016,40,3.5999999999999996
52036,ANCUYA,NARIÑO,2017,241,21.689999999999998
52036,ANCUYA,NARIÑO,2018,85,7.6499999999999995
52036,ANCUYA,NARIÑO,2019,279,25.11
52036,ANCUYA,NARIÑO,2020,33,2.9699999999999998
52036,ANCUYA,NARIÑO,2021,118,10.62
52036,ANCUYA,NARIÑO,2022,596,53.64
52036,ANCUYA,NARIÑO,2023,42,3.78
52051,ARBOLEDA,NARIÑO,2002,2,0.18
52051,ARBOLEDA,NARIÑO,2004,3,0.27
52051,ARBOLEDA,NARIÑO,2005,3,0.27
52051,ARBOLEDA,NARIÑO,2006,21,1.89
52051,ARBOLEDA,NARIÑO,2007,392,35.28
52051,ARBOLEDA,NARIÑO,2008,20,1.7999999999999998
52051,ARBOLEDA,NARIÑO,2009,97,8.73
52051,ARBOLEDA,NARIÑO,2010,7,0.63
52051,ARBOLEDA,NARIÑO,2011,130,11.7
52051,ARBOLEDA,NARIÑO,2012,7,0.63
52051,ARBOLEDA,NARIÑO,2013,37,3.33
52051,ARBOLEDA,NARIÑO,2014,30,2.6999999999999997
52051,ARBOLEDA,NARIÑO,2015,17,1.53
52051,ARBOLEDA,NARIÑO,2016,234,21.06
52051,ARBOLEDA,NARIÑO,2017,143,12.87
52051,ARBOLEDA,NARIÑO,2018,519,46.71
52051,ARBOLEDA,NARIÑO,2020,109,9.81
52051,ARBOLEDA,NARIÑO,2021,252,22.68
52051,ARBOLEDA,NARIÑO,2022,210,18.9
52051,ARBOLEDA,NARIÑO,2023,596,53.64
52079,BARBACOAS,NARIÑO,2001,173,15.57
52079,BARBACOAS,NARIÑO,2002,222,19.98
52079,BARBACOAS,NARIÑO,2003,201,18.09
52079,BARBACOAS,NARIÑO,2004,34,3.06
52079,BARBACOAS,NARIÑO,2006,59,5.31
52079,BARBACOAS,NARIÑO,2007,29,2.61
52079,BARBACOAS,NARIÑO,2008,113,10.17
52079,BARBACOAS,NARIÑO,2009,166,14.94
52079,BARBACOAS,NARIÑO,2010,1,0.09
52079,BARBACOAS,NARIÑO,2011,74,6.66
52079,BARBACOAS,NARIÑO,2012,215,19.349999999999998
52079,BARBACOAS,NARIÑO,2013,345,31.049999999999997
52079,BARBACOAS,NARIÑO,2014,54,4.859999999999999
52079,BARBACOAS,NARIÑO,2015,1,0.09
52079,BARBACOAS,NARIÑO,2017,2,0.18
52079,BARBACOAS,NARIÑO,2019,31,2.79
52079,BARBACOAS,NARIÑO,2020,959,86.31
52079,BARBACOAS,NARIÑO,2021,40,3.5999999999999996
52079,BARBACOAS,NARIÑO,2022,26,2.34
52079,BARBACOAS,NARIÑO,2023,264,23.759999999999998
52083,BELÉN,NARIÑO,2001,720,64.8
52083,BELÉN,NARIÑO,2002,178,16.02
52083,BELÉN,NARIÑO,2003,353,31.77
52083,BELÉN,NARIÑO,2004,181,16.29
52083,BELÉN,NARIÑO,2005,188,16.919999999999998
52083,BELÉN,NARIÑO,2006,426,38.339999999999996
52083,BELÉN,NARIÑO,2007,378,34.019999999999996
52083,BELÉN,NARIÑO,2008,488,43.92
52083,BELÉN,NARIÑO,2009,787,70.83
52083,BELÉN,NARIÑO,2010,107,9.629999999999999
52083,BELÉN,NARIÑO,2011,139,12.51
52083,BELÉN,NARIÑO,2012,273,24.57
52083,BELÉN,NARIÑO,2013,317,28.529999999999998
52083,BELÉN,NARIÑO,2014,456,41.04
52083,BELÉN,NARIÑO,2015,475,42.75
52083,BELÉN,NARIÑO,2016,453,40.769999999999996
52083,BELÉN,NARIÑO,2017,680,61.199999999999996
52083,BELÉN,NARIÑO,2018,322,28.98
52083,BELÉN,NARIÑO,2019,154,13.86
52083,BELÉN,NARIÑO,2020,650,58.5
52083,BELÉN,NARIÑO,2021,1285,115.64999999999999
52083,BELÉN,NARIÑO,2022,312,28.08
52083,BELÉN,NARIÑO,2023,388,34.92
52110,BUESACO,NARIÑO,2001,3,0.27
52110,BUESACO,NARIÑO,2002,3,0.27
52110,BUESACO,NARIÑO,2003,4,0.36
52110,BUESACO,NARIÑO,2004,20,1.7999999999999998
52110,BUESACO,NARIÑO,2005,24,2.16
52110,BUESACO,NARIÑO,2006,2,0.18
52110,BUESACO,NARIÑO,2007,4,0.36
52110,BUESACO,NARIÑO,2008,2,0.18
52110,BUESACO,NARIÑO,2009,4,0.36
52110,BUESACO,NARIÑO,2010,2,0.18
52110,BUESACO,NARIÑO,2012,4,0.36
52110,BUESACO,NARIÑO,2016,18,1.6199999999999999
52110,BUESACO,NARIÑO,2017,4,0.36
52110,BUESACO,NARIÑO,2018,1,0.09
52110,BUESACO,NARIÑO,2019,9,0.8099999999999999
52110,BUESACO,NARIÑO,2020,12,1.08
52110,BUESACO,NARIÑO,2022,10,0.8999999999999999
52110,BUESACO,NARIÑO,2023,2,0.18
52203,COLÓN,NARIÑO,2001,29,2.61
52203,COLÓN,NARIÑO,2002,13,1.17
52203,COLÓN,NARIÑO,2003,3,0.27
52203,COLÓN,NARIÑO,2004,1,0.09
52203,COLÓN,NARIÑO,2005,6,0.54
52203,COLÓN,NARIÑO,2007,2,0.18
52203,COLÓN,NARIÑO,2009,2,0.18
52203,COLÓN,NARIÑO,2010,1,0.09
52203,COLÓN,NARIÑO,2011,1,0.09
52203,COLÓN,NARIÑO,2012,11,0.99
52203,COLÓN,NARIÑO,2021,8,0.72
52207,CONSACÁ,NARIÑO,2001,9,0.8099999999999999
52207,CONSACÁ,NARIÑO,2002,11,0.99
52207,CONSACÁ,NARIÑO,2003,19,1.71
52207,CONSACÁ,NARIÑO,2005,17,1.53
52207,CONSACÁ,NARIÑO,2006,18,1.6199999999999999
52207,CONSACÁ,NARIÑO,2007,7,0.63
52207,CONSACÁ,NARIÑO,2008,9,0.8099999999999999
52207,CONSACÁ,NARIÑO,2011,3,0.27
52207,CONSACÁ,NARIÑO,2012,9,0.8099999999999999
52207,CONSACÁ,NARIÑO,2016,33,2.9699999999999998
52207,CONSACÁ,NARIÑO,2017,4,0.36
52207,CONSACÁ,NARIÑO,2019,13,1.17
52207,CONSACÁ,NARIÑO,2020,13,1.17
52207,CONSACÁ,NARIÑO,2021,38,3.42
52207,CONSACÁ,NARIÑO,2023,16,1.44
52210,CONTADERO,NARIÑO,2001,6,0.54
52210,CONTADERO,NARIÑO,2002,17,1.53
52210,CONTADERO,NARIÑO,2003,2,0.18
52210,CONTADERO,NARIÑO,2004,12,1.08
52210,CONTADERO,NARIÑO,2005,3,0.27
52210,CONTADERO,NARIÑO,2007,5,0.44999999999999996
52210,CONTADERO,NARIÑO,2009,2,0.18
52210,CONTADERO,NARIÑO,2012,34,3.06
52210,CONTADERO,NARIÑO,2013,5,0.44999999999999996
52210,CONTADERO,NARIÑO,2015,20,1.7999999999999998
52210,CONTADERO,NARIÑO,2017,6,0.54
52210,CONTADERO,NARIÑO,2018,2,0.18
52210,CONTADERO,NARIÑO,2019,10,0.8999999999999999
52210,CONTADERO,NARIÑO,2020,4,0.36
52210,CONTADERO,NARIÑO,2021,11,0.99
52215,CÓRDOBA,NARIÑO,2001,1,0.09
52215,CÓRDOBA,NARIÑO,2004,1,0.09
52215,CÓRDOBA,NARIÑO,2005,1,0.09
52215,CÓRDOBA,NARIÑO,2006,1,0.09
52215,CÓRDOBA,NARIÑO,2007,1,0.09
52215,CÓRDOBA,NARIÑO,2008,1,0.09
52215,CÓRDOBA,NARIÑO,2012,12,1.08
52215,CÓRDOBA,NARIÑO,2021,3,0.27
52224,CUASPUD CARLOSAMA,NARIÑO,2001,14,1.26
52224,CUASPUD CARLOSAMA,NARIÑO,2002,30,2.6999999999999997
52224,CUASPUD CARLOSAMA,NARIÑO,2003,2,0.18
52224,CUASPUD CARLOSAMA,NARIÑO,2008,27,2.4299999999999997
52224,CUASPUD CARLOSAMA,NARIÑO,2012,1,0.09
52224,CUASPUD CARLOSAMA,NARIÑO,2013,8,0.72
52224,CUASPUD CARLOSAMA,NARIÑO,2017,153,13.77
52224,CUASPUD CARLOSAMA,NARIÑO,2018,22,1.98
52224,CUASPUD CARLOSAMA,NARIÑO,2020,3,0.27
52227,CUMBAL,NARIÑO,2002,33,2.9699999999999998
52227,CUMBAL,NARIÑO,2003,5,0.44999999999999996
52227,CUMBAL,NARIÑO,2004,52,4.68
52227,CUMBAL,NARIÑO,2005,5,0.44999999999999996
52227,CUMBAL,NARIÑO,2006,2,0.18
52227,CUMBAL,NARIÑO,2007,5,0.44999999999999996
52227,CUMBAL,NARIÑO,2008,2,0.18
52227,CUMBAL,NARIÑO,2009,1,0.09
52227,CUMBAL,NARIÑO,2010,6,0.54
52227,CUMBAL,NARIÑO,2011,3,0.27
52227,CUMBAL,NARIÑO,2012,36,3.2399999999999998
52227,CUMBAL,NARIÑO,2013,2,0.18
52227,CUMBAL,NARIÑO,2014,19,1.71
52227,CUMBAL,NARIÑO,2016,6,0.54
52227,CUMBAL,NARIÑO,2019,3,0.27
52227,CUMBAL,NARIÑO,2020,17,1.53
52227,CUMBAL,NARIÑO,2021,1,0.09
52227,CUMBAL,NARIÑO,2022,3,0.27
52233,CUMBITARA,NARIÑO,2001,52,4.68
52233,CUMBITARA,NARIÑO,2002,89,8.01
52233,CUMBITARA,NARIÑO,2003,73,6.569999999999999
52233,CUMBITARA,NARIÑO,2004,77,6.93
52233,CUMBITARA,NARIÑO,2005,81,7.29
52233,CUMBITARA,NARIÑO,2006,43,3.8699999999999997
52233,CUMBITARA,NARIÑO,2007,26,2.34
52233,CUMBITARA,NARIÑO,2008,36,3.2399999999999998
52233,CUMBITARA,NARIÑO,2009,33,2.9699999999999998
52233,CUMBITARA,NARIÑO,2010,3,0.27
52233,CUMBITARA,NARIÑO,2011,74,6.66
52233,CUMBITARA,NARIÑO,2012,8,0.72
52233,CUMBITARA,NARIÑO,2014,16,1.44
52233,CUMBITARA,NARIÑO,2017,10,0.8999999999999999
52233,CUMBITARA,NARIÑO,2020,26,2.34
52233,CUMBITARA,NARIÑO,2021,10,0.8999999999999999
52233,CUMBITARA,NARIÑO,2022,14,1.26
52233,CUMBITARA,NARIÑO,2023,45,4.05
52240,CHACHAGÜÍ,NARIÑO,2002,2,0.18
52240,CHACHAGÜÍ,NARIÑO,2003,14,1.26
52240,CHACHAGÜÍ,NARIÑO,2004,19,1.71
52240,CHACHAGÜÍ,NARIÑO,2005,14,1.26
52240,CHACHAGÜÍ,NARIÑO,2006,3,0.27
52240,CHACHAGÜÍ,NARIÑO,2007,1,0.09
52240,CHACHAGÜÍ,NARIÑO,2008,6,0.54
52240,CHACHAGÜÍ,NARIÑO,2009,1,0.09
52240,CHACHAGÜÍ,NARIÑO,2010,10,0.8999999999999999
52240,CHACHAGÜÍ,NARIÑO,2011,7,0.63
52240,CHACHAGÜÍ,NARIÑO,2012,7,0.63
52240,CHACHAGÜÍ,NARIÑO,2016,15,1.3499999999999999
52250,EL CHARCO,NARIÑO,2001,1,0.09
52250,EL CHARCO,NARIÑO,2003,2,0.18
52250,EL CHARCO,NARIÑO,2005,4,0.36
52250,EL CHARCO,NARIÑO,2009,4,0.36
52250,EL CHARCO,NARIÑO,2011,1,0.09
52250,EL CHARCO,NARIÑO,2012,117,10.53
52250,EL CHARCO,NARIÑO,2016,1,0.09
52250,EL CHARCO,NARIÑO,2019,3,0.27
52254,EL PEÑOL,NARIÑO,2010,6,0.54
52254,EL PEÑOL,NARIÑO,2012,3,0.27
52256,EL ROSARIO,NARIÑO,2001,2,0.18
52256,EL ROSARIO,NARIÑO,2004,2,0.18
52256,EL ROSARIO,NARIÑO,2007,4,0.36
52256,EL ROSARIO,NARIÑO,2008,1,0.09
52256,EL ROSARIO,NARIÑO,2010,1,0.09
52256,EL ROSARIO,NARIÑO,2011,1,0.09
52256,EL ROSARIO,NARIÑO,2012,12,1.08
52258,EL TABLÓN DE GÓMEZ,NARIÑO,2001,3,0.27
52258,EL TABLÓN DE GÓMEZ,NARIÑO,2005,1,0.09
52258,EL TABLÓN DE GÓMEZ,NARIÑO,2008,1,0.09
52258,EL TABLÓN DE GÓMEZ,NARIÑO,2010,3,0.27
52258,EL TABLÓN DE GÓMEZ,NARIÑO,2011,1,0.09
52258,EL TABLÓN DE GÓMEZ,NARIÑO,2012,13,1.17
52258,EL TABLÓN DE GÓMEZ,NARIÑO,2014,10,0.8999999999999999
52258,EL TABLÓN DE GÓMEZ,NARIÑO,2018,4,0.36
52258,EL TABLÓN DE GÓMEZ,NARIÑO,2021,6,0.54
52260,EL TAMBO,NARIÑO,2001,3,0.27
52260,EL TAMBO,NARIÑO,2002,4,0.36
52260,EL TAMBO,NARIÑO,2009,1,0.09
52260,EL TAMBO,NARIÑO,2010,99,8.91
52260,EL TAMBO,NARIÑO,2012,29,2.61
52260,EL TAMBO,NARIÑO,2013,3,0.27
52260,EL TAMBO,NARIÑO,2017,53,4.77
52260,EL TAMBO,NARIÑO,2021,20,1.7999999999999998
52260,EL TAMBO,NARIÑO,2022,35,3.15
52260,EL TAMBO,NARIÑO,2023,15,1.3499999999999999
52287,FUNES,NARIÑO,2003,2,0.18
52287,FUNES,NARIÑO,2004,1,0.09
52287,FUNES,NARIÑO,2007,1,0.09
52287,FUNES,NARIÑO,2010,20,1.7999999999999998
52287,FUNES,NARIÑO,2011,42,3.78
52287,FUNES,NARIÑO,2012,26,2.34
52287,FUNES,NARIÑO,2013,1,0.09
52287,FUNES,NARIÑO,2014,14,1.26
52287,FUNES,NARIÑO,2015,32,2.88
52287,FUNES,NARIÑO,2016,35,3.15
52287,FUNES,NARIÑO,2017,24,2.16
52287,FUNES,NARIÑO,2018,51,4.59
52287,FUNES,NARIÑO,2019,280,25.2
52287,FUNES,NARIÑO,2020,44,3.96
52287,FUNES,NARIÑO,2021,88,7.92
52287,FUNES,NARIÑO,2022,87,7.83
52287,FUNES,NARIÑO,2023,1,0.09
52317,GUACHUCAL,NARIÑO,2001,151,13.59
52317,GUACHUCAL,NARIÑO,2002,119,10.709999999999999
52317,GUACHUCAL,NARIÑO,2003,563,50.669999999999995
52317,GUACHUCAL,NARIÑO,2004,133,11.969999999999999
52317,GUACHUCAL,NARIÑO,2005,98,8.82
52317,GUACHUCAL,NARIÑO,2006,127,11.43
52317,GUACHUCAL,NARIÑO,2007,111,9.99
52317,GUACHUCAL,NARIÑO,2008,201,18.09
52317,GUACHUCAL,NARIÑO,2009,134,12.059999999999999
52317,GUACHUCAL,NARIÑO,2010,282,25.38
52317,GUACHUCAL,NARIÑO,2011,105,9.45
52317,GUACHUCAL,NARIÑO,2012,310,27.9
52317,GUACHUCAL,NARIÑO,2013,176,15.84
52317,GUACHUCAL,NARIÑO,2014,188,16.919999999999998
52317,GUACHUCAL,NARIÑO,2015,360,32.4
52317,GUACHUCAL,NARIÑO,2016,616,55.44
52317,GUACHUCAL,NARIÑO,2017,717,64.53
52317,GUACHUCAL,NARIÑO,2018,416,37.44
52317,GUACHUCAL,NARIÑO,2019,365,32.85
52317,GUACHUCAL,NARIÑO,2020,794,71.46
52317,GUACHUCAL,NARIÑO,2021,263,23.669999999999998
52317,GUACHUCAL,NARIÑO,2022,125,11.25
52317,GUACHUCAL,NARIÑO,2023,343,30.869999999999997
52320,GUAITARILLA,NARIÑO,2001,12,1.08
52320,GUAITARILLA,NARIÑO,2002,1,0.09
52320,GUAITARILLA,NARIÑO,2004,6,0.54
52320,GUAITARILLA,NARIÑO,2005,2,0.18
52320,GUAITARILLA,NARIÑO,2009,20,1.7999999999999998
52320,GUAITARILLA,NARIÑO,2012,20,1.7999999999999998
52320,GUAITARILLA,NARIÑO,2020,38,3.42
52323,GUALMATÁN,NARIÑO,2001,13,1.17
52323,GUALMATÁN,NARIÑO,2002,15,1.3499999999999999
52323,GUALMATÁN,NARIÑO,2003,16,1.44
52323,GUALMATÁN,NARIÑO,2004,166,14.94
52323,GUALMATÁN,NARIÑO,2005,17,1.53
52323,GUALMATÁN,NARIÑO,2006,14,1.26
52323,GUALMATÁN,NARIÑO,2007,16,1.44
52323,GUALMATÁN,NARIÑO,2008,53,4.77
52323,GUALMATÁN,NARIÑO,2009,139,12.51
52323,GUALMATÁN,NARIÑO,2010,23,2.07
52323,GUALMATÁN,NARIÑO,2011,33,2.9699999999999998
52323,GUALMATÁN,NARIÑO,2012,20,1.7999999999999998
52323,GUALMATÁN,NARIÑO,2013,26,2.34
52323,GUALMATÁN,NARIÑO,2014,36,3.2399999999999998
52323,GUALMATÁN,NARIÑO,2015,16,1.44
52323,GUALMATÁN,NARIÑO,2016,57,5.13
52323,GUALMATÁN,NARIÑO,2017,95,8.549999999999999
52323,GUALMATÁN,NARIÑO,2018,61,5.49
52323,GUALMATÁN,NARIÑO,2019,81,7.29
52323,GUALMATÁN,NARIÑO,2020,173,15.57
52323,GUALMATÁN,NARIÑO,2021,128,11.52
52323,GUALMATÁN,NARIÑO,2022,40,3.5999999999999996
52323,GUALMATÁN,NARIÑO,2023,97,8.73
52352,ILES,NARIÑO,2001,13,1.17
52352,ILES,NARIÑO,2002,1,0.09
52352,ILES,NARIÑO,2003,6,0.54
52352,ILES,NARIÑO,2005,6,0.54
52352,ILES,NARIÑO,2006,5,0.44999999999999996
52352,ILES,NARIÑO,2007,1,0.09
52352,ILES,NARIÑO,2008,3,0.27
52352,ILES,NARIÑO,2009,5,0.44999999999999996
52352,ILES,NARIÑO,2010,5,0.44999999999999996
52352,ILES,NARIÑO,2011,1,0.09
52352,ILES,NARIÑO,2012,13,1.17
52352,ILES,NARIÑO,2013,1,0.09
52352,ILES,NARIÑO,2014,4,0.36
52352,ILES,NARIÑO,2017,11,0.99
52352,ILES,NARIÑO,2018,2,0.18
52352,ILES,NARIÑO,2023,62,5.58
52354,IMUÉS,NARIÑO,2001,1,0.09
52354,IMUÉS,NARIÑO,2002,3,0.27
52354,IMUÉS,NARIÑO,2003,2,0.18
52354,IMUÉS,NARIÑO,2004,1,0.09
52354,IMUÉS,NARIÑO,2005,3,0.27
52354,IMUÉS,NARIÑO,2007,37,3.33
52354,IMUÉS,NARIÑO,2011,1,0.09
52354,IMUÉS,NARIÑO,2012,13,1.17
52354,IMUÉS,NARIÑO,2013,7,0.63
52354,IMUÉS,NARIÑO,2014,5,0.44999999999999996
52354,IMUÉS,NARIÑO,2017,132,11.879999999999999
52354,IMUÉS,NARIÑO,2018,6,0.54
52354,IMUÉS,NARIÑO,2023,12,1.08
52356,IPIALES,NARIÑO,2003,3,0.27
52356,IPIALES,NARIÑO,2004,142,12.78
52356,IPIALES,NARIÑO,2005,1,0.09
52356,IPIALES,NARIÑO,2006,1,0.09
52356,IPIALES,NARIÑO,2007,5,0.44999999999999996
52356,IPIALES,NARIÑO,2008,4,0.36
52356,IPIALES,NARIÑO,2009,15,1.3499999999999999
52356,IPIALES,NARIÑO,2010,389,35.01
52356,IPIALES,NARIÑO,2011,1,0.09
52356,IPIALES,NARIÑO,2012,23,2.07
52356,IPIALES,NARIÑO,2013,14,1.26
52356,IPIALES,NARIÑO,2014,9,0.8099999999999999
52356,IPIALES,NARIÑO,2016,5,0.44999999999999996
52356,IPIALES,NARIÑO,2018,93,8.37
52356,IPIALES,NARIÑO,2021,27,2.4299999999999997
52356,IPIALES,NARIÑO,2022,19,1.71
52356,IPIALES,NARIÑO,2023,63,5.67
52378,LA CRUZ,NARIÑO,2001,2946,265.14
52378,LA CRUZ,NARIÑO,2002,181,16.29
52378,LA CRUZ,NARIÑO,2003,148,13.32
52378,LA CRUZ,NARIÑO,2004,2,0.18
52378,LA CRUZ,NARIÑO,2005,55,4.95
52378,LA CRUZ,NARIÑO,2007,41,3.69
52378,LA CRUZ,NARIÑO,2008,41,3.69
52378,LA CRUZ,NARIÑO,2009,3,0.27
52378,LA CRUZ,NARIÑO,2010,69,6.21
52378,LA CRUZ,NARIÑO,2011,3,0.27
52378,LA CRUZ,NARIÑO,2012,4,0.36
52378,LA CRUZ,NARIÑO,2013,4,0.36
52378,LA CRUZ,NARIÑO,2014,15,1.3499999999999999
52378,LA CRUZ,NARIÑO,2016,191,17.189999999999998
52378,LA CRUZ,NARIÑO,2017,846,76.14
52378,LA CRUZ,NARIÑO,2018,53,4.77
52378,LA CRUZ,NARIÑO,2019,2035,183.15
52378,LA CRUZ,NARIÑO,2020,633,56.97
52378,LA CRUZ,NARIÑO,2021,83,7.47
52378,LA CRUZ,NARIÑO,2022,79,7.109999999999999
52381,LA FLORIDA,NARIÑO,2001,257,23.13
52381,LA FLORIDA,NARIÑO,2002,4,0.36
52381,LA FLORIDA,NARIÑO,2003,135,12.15
52381,LA FLORIDA,NARIÑO,2004,30,2.6999999999999997
52381,LA FLORIDA,NARIÑO,2006,3,0.27
52381,LA FLORIDA,NARIÑO,2007,7,0.63
52381,LA FLORIDA,NARIÑO,2008,90,8.1
52381,LA FLORIDA,NARIÑO,2009,2,0.18
52381,LA FLORIDA,NARIÑO,2010,183,16.47
52381,LA FLORIDA,NARIÑO,2011,1,0.09
52381,LA FLORIDA,NARIÑO,2012,9,0.8099999999999999
52381,LA FLORIDA,NARIÑO,2013,27,2.4299999999999997
52381,LA FLORIDA,NARIÑO,2014,22,1.98
52381,LA FLORIDA,NARIÑO,2016,81,7.29
52381,LA FLORIDA,NARIÑO,2017,216,19.439999999999998
52381,LA FLORIDA,NARIÑO,2018,273,24.57
52381,LA FLORIDA,NARIÑO,2019,70,6.3
52381,LA FLORIDA,NARIÑO,2020,139,12.51
52381,LA FLORIDA,NARIÑO,2021,12,1.08
52381,LA FLORIDA,NARIÑO,2022,1,0.09
52385,LA LLANADA,NARIÑO,2001,27,2.4299999999999997
52385,LA LLANADA,NARIÑO,2002,10,0.8999999999999999
52385,LA LLANADA,NARIÑO,2003,1,0.09
52385,LA LLANADA,NARIÑO,2005,1,0.09
52385,LA LLANADA,NARIÑO,2007,42,3.78
52385,LA LLANADA,NARIÑO,2008,18,1.6199999999999999
52385,LA LLANADA,NARIÑO,2009,15,1.3499999999999999
52385,LA LLANADA,NARIÑO,2010,17,1.53
52385,LA LLANADA,NARIÑO,2011,70,6.3
52385,LA LLANADA,NARIÑO,2012,6,0.54
52385,LA LLANADA,NARIÑO,2013,45,4.05
52385,LA LLANADA,NARIÑO,2014,168,15.12
52385,LA LLANADA,NARIÑO,2015,120,10.799999999999999
52385,LA LLANADA,NARIÑO,2016,198,17.82
52385,LA LLANADA,NARIÑO,2017,51,4.59
52385,LA LLANADA,NARIÑO,2018,352,31.68
52385,LA LLANADA,NARIÑO,2019,188,16.919999999999998
52385,LA LLANADA,NARIÑO,2020,84,7.56
52385,LA LLANADA,NARIÑO,2021,148,13.32
52385,LA LLANADA,NARIÑO,2022,95,8.549999999999999
52385,LA LLANADA,NARIÑO,2023,242,21.779999999999998
52390,LA TOLA,NARIÑO,2003,15,1.3499999999999999
52390,LA TOLA,NARIÑO,2004,14,1.26
52390,LA TOLA,NARIÑO,2012,4,0.36
52390,LA TOLA,NARIÑO,2013,6,0.54
52390,LA TOLA,NARIÑO,2014,7,0.63
52390,LA TOLA,NARIÑO,2020,6,0.54
52399,LA UNIÓN,NARIÑO,2003,2,0.18
52399,LA UNIÓN,NARIÑO,2008,6,0.54
52399,LA UNIÓN,NARIÑO,2012,1,0.09
52399,LA UNIÓN,NARIÑO,2013,13,1.17
52399,LA UNIÓN,NARIÑO,2014,8,0.72
52405,LEIVA,NARIÑO,2001,28,2.52
52405,LEIVA,NARIÑO,2006,1,0.09
52405,LEIVA,NARIÑO,2009,29,2.61
52405,LEIVA,NARIÑO,2010,11,0.99
52405,LEIVA,NARIÑO,2011,2,0.18
52405,LEIVA,NARIÑO,2012,1,0.09
52405,LEIVA,NARIÑO,2017,7,0.63
52405,LEIVA,NARIÑO,2023,60,5.3999999999999995
52411,LINARES,NARIÑO,2001,19,1.71
52411,LINARES,NARIÑO,2004,1,0.09
52411,LINARES,NARIÑO,2006,2,0.18
52411,LINARES,NARIÑO,2007,4,0.36
52411,LINARES,NARIÑO,2008,30,2.6999999999999997
52411,LINARES,NARIÑO,2009,2,0.18
52411,LINARES,NARIÑO,2010,1,0.09
52411,LINARES,NARIÑO,2011,4,0.36
52411,LINARES,NARIÑO,2012,15,1.3499999999999999
52411,LINARES,NARIÑO,2013,14,1.26
52411,LINARES,NARIÑO,2014,1,0.09
52411,LINARES,NARIÑO,2017,7,0.63
52411,LINARES,NARIÑO,2020,19,1.71
52411,LINARES,NARIÑO,2023,8,0.72
52418,LOS ANDES,NARIÑO,2001,1,0.09
52418,LOS ANDES,NARIÑO,2007,1,0.09
52418,LOS ANDES,NARIÑO,2008,1,0.09
52418,LOS ANDES,NARIÑO,2009,1,0.09
52418,LOS ANDES,NARIÑO,2011,12,1.08
52418,LOS ANDES,NARIÑO,2012,5,0.44999999999999996
52418,LOS ANDES,NARIÑO,2019,1,0.09
52427,MAGÜÍ,NARIÑO,2001,4,0.36
52427,MAGÜÍ,NARIÑO,2002,1,0.09
52427,MAGÜÍ,NARIÑO,2003,2,0.18
52427,MAGÜÍ,NARIÑO,2008,1,0.09
52427,MAGÜÍ,NARIÑO,2009,2,0.18
52427,MAGÜÍ,NARIÑO,2010,2,0.18
52427,MAGÜÍ,NARIÑO,2011,2,0.18
52427,MAGÜÍ,NARIÑO,2012,18,1.6199999999999999
52427,MAGÜÍ,NARIÑO,2013,6,0.54
52427,MAGÜÍ,NARIÑO,2014,1,0.09
52435,MALLAMA,NARIÑO,2001,7,0.63
52435,MALLAMA,NARIÑO,2004,43,3.8699999999999997
52435,MALLAMA,NARIÑO,2005,199,17.91
52435,MALLAMA,NARIÑO,2006,10,0.8999999999999999
52435,MALLAMA,NARIÑO,2007,226,20.34
52435,MALLAMA,NARIÑO,2008,64,5.76
52435,MALLAMA,NARIÑO,2009,53,4.77
52435,MALLAMA,NARIÑO,2010,131,11.79
52435,MALLAMA,NARIÑO,2011,165,14.85
52435,MALLAMA,NARIÑO,2012,116,10.44
52435,MALLAMA,NARIÑO,2013,85,7.6499999999999995
52435,MALLAMA,NARIÑO,2014,192,17.28
52435,MALLAMA,NARIÑO,2015,67,6.029999999999999
52435,MALLAMA,NARIÑO,2016,84,7.56
52435,MALLAMA,NARIÑO,2017,252,22.68
52435,MALLAMA,NARIÑO,2018,162,14.58
52435,MALLAMA,NARIÑO,2019,117,10.53
52435,MALLAMA,NARIÑO,2020,91,8.19
52435,MALLAMA,NARIÑO,2021,80,7.199999999999999
52435,MALLAMA,NARIÑO,2022,102,9.18
52435,MALLAMA,NARIÑO,2023,155,13.95
52473,MOSQUERA,NARIÑO,2009,1,0.09
52473,MOSQUERA,NARIÑO,2010,1,0.09
52473,MOSQUERA,NARIÑO,2011,2,0.18
52473,MOSQUERA,NARIÑO,2012,14,1.26
52473,MOSQUERA,NARIÑO,2013,2,0.18
52473,MOSQUERA,NARIÑO,2014,105,9.45
52473,MOSQUERA,NARIÑO,2021,4,0.36
52480,NARIÑO,NARIÑO,2002,1,0.09
52480,NARIÑO,NARIÑO,2003,1,0.09
52480,NARIÑO,NARIÑO,2012,3,0.27
52480,NARIÑO,NARIÑO,2022,14,1.26
52490,OLAYA HERRERA,NARIÑO,2008,1,0.09
52490,OLAYA HERRERA,NARIÑO,2012,2,0.18
52490,OLAYA HERRERA,NARIÑO,2013,3,0.27
52490,OLAYA HERRERA,NARIÑO,2014,54,4.859999999999999
52506,OSPINA,NARIÑO,2002,32,2.88
52506,OSPINA,NARIÑO,2005,1,0.09
52506,OSPINA,NARIÑO,2008,6,0.54
52506,OSPINA,NARIÑO,2009,1,0.09
52506,OSPINA,NARIÑO,2011,9,0.8099999999999999
52506,OSPINA,NARIÑO,2012,36,3.2399999999999998
52506,OSPINA,NARIÑO,2013,3,0.27
52506,OSPINA,NARIÑO,2014,3,0.27
52506,OSPINA,NARIÑO,2020,3,0.27
52506,OSPINA,NARIÑO,2021,3,0.27
52506,OSPINA,NARIÑO,2023,114,10.26
52520,FRANCISCO PIZARRO,NARIÑO,2008,2,0.18
52520,FRANCISCO PIZARRO,NARIÑO,2009,2,0.18
52520,FRANCISCO PIZARRO,NARIÑO,2010,4,0.36
52520,FRANCISCO PIZARRO,NARIÑO,2011,11,0.99
52520,FRANCISCO PIZARRO,NARIÑO,2012,28,2.52
52520,FRANCISCO PIZARRO,NARIÑO,2013,8,0.72
52520,FRANCISCO PIZARRO,NARIÑO,2014,4,0.36
52520,FRANCISCO PIZARRO,NARIÑO,2017,17,1.53
52520,FRANCISCO PIZARRO,NARIÑO,2023,4,0.36
52540,POLICARPA,NARIÑO,2001,12,1.08
52540,POLICARPA,NARIÑO,2002,569,51.21
52540,POLICARPA,NARIÑO,2003,643,57.87
52540,POLICARPA,NARIÑO,2004,1251,112.58999999999999
52540,POLICARPA,NARIÑO,2005,749,67.41
52540,POLICARPA,NARIÑO,2006,263,23.669999999999998
52540,POLICARPA,NARIÑO,2007,51,4.59
52540,POLICARPA,NARIÑO,2008,14,1.26
52540,POLICARPA,NARIÑO,2009,2,0.18
52540,POLICARPA,NARIÑO,2010,20,1.7999999999999998
52540,POLICARPA,NARIÑO,2012,11,0.99
52540,POLICARPA,NARIÑO,2013,15,1.3499999999999999
52540,POLICARPA,NARIÑO,2014,1,0.09
52540,POLICARPA,NARIÑO,2016,2,0.18
52540,POLICARPA,NARIÑO,2018,2,0.18
52540,POLICARPA,NARIÑO,2019,304,27.36
52540,POLICARPA,NARIÑO,2020,19,1.71
52540,POLICARPA,NARIÑO,2021,7,0.63
52540,POLICARPA,NARIÑO,2022,48,4.32
52540,POLICARPA,NARIÑO,2023,29,2.61
52560,POTOSÍ,NARIÑO,2001,89,8.01
52560,POTOSÍ,NARIÑO,2002,53,4.77
52560,POTOSÍ,NARIÑO,2003,80,7.199999999999999
52560,POTOSÍ,NARIÑO,2004,3,0.27
52560,POTOSÍ,NARIÑO,2005,10,0.8999999999999999
52560,POTOSÍ,NARIÑO,2006,94,8.459999999999999
52560,POTOSÍ,NARIÑO,2007,61,5.49
52560,POTOSÍ,NARIÑO,2008,69,6.21
52560,POTOSÍ,NARIÑO,2009,62,5.58
52560,POTOSÍ,NARIÑO,2010,64,5.76
52560,POTOSÍ,NARIÑO,2011,102,9.18
52560,POTOSÍ,NARIÑO,2012,79,7.109999999999999
52560,POTOSÍ,NARIÑO,2013,65,5.85
52560,POTOSÍ,NARIÑO,2014,80,7.199999999999999
52560,POTOSÍ,NARIÑO,2015,24,2.16
52560,POTOSÍ,NARIÑO,2016,105,9.45
52560,POTOSÍ,NARIÑO,2017,162,14.58
52560,POTOSÍ,NARIÑO,2018,137,12.33
52560,POTOSÍ,NARIÑO,2019,481,43.29
52560,POTOSÍ,NARIÑO,2020,101,9.09
52560,POTOSÍ,NARIÑO,2021,103,9.27
52560,POTOSÍ,NARIÑO,2022,137,12.33
52560,POTOSÍ,NARIÑO,2023,210,18.9
52565,PROVIDENCIA,NARIÑO,2007,1,0.09
52565,PROVIDENCIA,NARIÑO,2008,2,0.18
52565,PROVIDENCIA,NARIÑO,2010,2,0.18
52565,PROVIDENCIA,NARIÑO,2011,3,0.27
52565,PROVIDENCIA,NARIÑO,2012,10,0.8999999999999999
52565,PROVIDENCIA,NARIÑO,2013,1,0.09
52565,PROVIDENCIA,NARIÑO,2014,8,0.72
52565,PROVIDENCIA,NARIÑO,2016,1,0.09
52573,PUERRES,NARIÑO,2001,4,0.36
52573,PUERRES,NARIÑO,2002,1,0.09
52573,PUERRES,NARIÑO,2003,1,0.09
52573,PUERRES,NARIÑO,2004,6,0.54
52573,PUERRES,NARIÑO,2005,1,0.09
52573,PUERRES,NARIÑO,2006,3,0.27
52573,PUERRES,NARIÑO,2008,1,0.09
52573,PUERRES,NARIÑO,2012,9,0.8099999999999999
52573,PUERRES,NARIÑO,2013,2,0.18
52585,PUPIALES,NARIÑO,2001,10,0.8999999999999999
52585,PUPIALES,NARIÑO,2002,2,0.18
52585,PUPIALES,NARIÑO,2003,334,30.06
52585,PUPIALES,NARIÑO,2004,3,0.27
52585,PUPIALES,NARIÑO,2005,5,0.44999999999999996
52585,PUPIALES,NARIÑO,2006,5,0.44999999999999996
52585,PUPIALES,NARIÑO,2007,6,0.54
52585,PUPIALES,NARIÑO,2008,1,0.09
52585,PUPIALES,NARIÑO,2009,27,2.4299999999999997
52585,PUPIALES,NARIÑO,2010,1,0.09
52585,PUPIALES,NARIÑO,2011,3,0.27
52585,PUPIALES,NARIÑO,2012,6,0.54
52585,PUPIALES,NARIÑO,2013,5,0.44999999999999996
52585,PUPIALES,NARIÑO,2014,4,0.36
52585,PUPIALES,NARIÑO,2015,3,0.27
52585,PUPIALES,NARIÑO,2016,5,0.44999999999999996
52585,PUPIALES,NARIÑO,2017,13,1.17
52585,PUPIALES,NARIÑO,2018,14,1.26
52585,PUPIALES,NARIÑO,2019,83,7.47
52585,PUPIALES,NARIÑO,2020,34,3.06
52585,PUPIALES,NARIÑO,2021,4,0.36
52585,PUPIALES,NARIÑO,2022,16,1.44
52585,PUPIALES,NARIÑO,2023,42,3.78
52612,RICAURTE,NARIÑO,2001,122,10.98
52612,RICAURTE,NARIÑO,2002,9,0.8099999999999999
52612,RICAURTE,NARIÑO,2003,179,16.11
52612,RICAURTE,NARIÑO,2004,5,0.44999999999999996
52612,RICAURTE,NARIÑO,2005,6,0.54
52612,RICAURTE,NARIÑO,2006,21,1.89
52612,RICAURTE,NARIÑO,2008,45,4.05
52612,RICAURTE,NARIÑO,2009,52,4.68
52612,RICAURTE,NARIÑO,2010,798,71.82
52612,RICAURTE,NARIÑO,2011,44,3.96
52612,RICAURTE,NARIÑO,2012,33,2.9699999999999998
52612,RICAURTE,NARIÑO,2013,11,0.99
52612,RICAURTE,NARIÑO,2014,13,1.17
52612,RICAURTE,NARIÑO,2015,65,5.85
52612,RICAURTE,NARIÑO,2016,25,2.25
52612,RICAURTE,NARIÑO,2017,12,1.08
52612,RICAURTE,NARIÑO,2018,4,0.36
52612,RICAURTE,NARIÑO,2019,359,32.31
52612,RICAURTE,NARIÑO,2020,32,2.88
52612,RICAURTE,NARIÑO,2022,8,0.72
52612,RICAURTE,NARIÑO,2023,14,1.26
52621,ROBERTO PAYÁN,NARIÑO,2002,2,0.18
52621,ROBERTO PAYÁN,NARIÑO,2003,4,0.36
52621,ROBERTO PAYÁN,NARIÑO,2005,1,0.09
52621,ROBERTO PAYÁN,NARIÑO,2006,5,0.44999999999999996
52621,ROBERTO PAYÁN,NARIÑO,2007,5,0.44999999999999996
52621,ROBERTO PAYÁN,NARIÑO,2008,4,0.36
52621,ROBERTO PAYÁN,NARIÑO,2009,1,0.09
52621,ROBERTO PAYÁN,NARIÑO,2010,9,0.8099999999999999
52621,ROBERTO PAYÁN,NARIÑO,2011,2,0.18
52621,ROBERTO PAYÁN,NARIÑO,2012,6,0.54
52621,ROBERTO PAYÁN,NARIÑO,2016,17,1.53
52621,ROBERTO PAYÁN,NARIÑO,2021,4,0.36
52678,SAMANIEGO,NARIÑO,2001,10,0.8999999999999999
52678,SAMANIEGO,NARIÑO,2002,14,1.26
52678,SAMANIEGO,NARIÑO,2004,3,0.27
52678,SAMANIEGO,NARIÑO,2005,20,1.7999999999999998
52678,SAMANIEGO,NARIÑO,2006,22,1.98
52678,SAMANIEGO,NARIÑO,2007,3,0.27
52678,SAMANIEGO,NARIÑO,2008,36,3.2399999999999998
52678,SAMANIEGO,NARIÑO,2010,2,0.18
52678,SAMANIEGO,NARIÑO,2011,2,0.18
52678,SAMANIEGO,NARIÑO,2012,69,6.21
52678,SAMANIEGO,NARIÑO,2016,35,3.15
52678,SAMANIEGO,NARIÑO,2018,130,11.7
52678,SAMANIEGO,NARIÑO,2019,1,0.09
52678,SAMANIEGO,NARIÑO,2020,52,4.68
52683,SANDONÁ,NARIÑO,2001,8,0.72
52683,SANDONÁ,NARIÑO,2002,11,0.99
52683,SANDONÁ,NARIÑO,2004,4,0.36
52683,SANDONÁ,NARIÑO,2005,2,0.18
52683,SANDONÁ,NARIÑO,2007,1,0.09
52683,SANDONÁ,NARIÑO,2008,2,0.18
52683,SANDONÁ,NARIÑO,2009,6,0.54
52683,SANDONÁ,NARIÑO,2010,10,0.8999999999999999
52683,SANDONÁ,NARIÑO,2011,9,0.8099999999999999
52683,SANDONÁ,NARIÑO,2012,14,1.26
52683,SANDONÁ,NARIÑO,2013,3,0.27
52683,SANDONÁ,NARIÑO,2014,95,8.549999999999999
52683,SANDONÁ,NARIÑO,2015,6,0.54
52683,SANDONÁ,NARIÑO,2016,2,0.18
52683,SANDONÁ,NARIÑO,2017,1,0.09
52683,SANDONÁ,NARIÑO,2020,4,0.36
52685,SAN BERNARDO,NARIÑO,2001,154,13.86
52685,SAN BERNARDO,NARIÑO,2002,124,11.16
52685,SAN BERNARDO,NARIÑO,2003,6,0.54
52685,SAN BERNARDO,NARIÑO,2004,69,6.21
52685,SAN BERNARDO,NARIÑO,2005,70,6.3
52685,SAN BERNARDO,NARIÑO,2006,12,1.08
52685,SAN BERNARDO,NARIÑO,2007,18,1.6199999999999999
52685,SAN BERNARDO,NARIÑO,2008,61,5.49
52685,SAN BERNARDO,NARIÑO,2009,69,6.21
52685,SAN BERNARDO,NARIÑO,2010,45,4.05
52685,SAN BERNARDO,NARIÑO,2011,50,4.5
52685,SAN BERNARDO,NARIÑO,2012,77,6.93
52685,SAN BERNARDO,NARIÑO,2013,65,5.85
52685,SAN BERNARDO,NARIÑO,2014,67,6.029999999999999
52685,SAN BERNARDO,NARIÑO,2015,68,6.12
52685,SAN BERNARDO,NARIÑO,2016,178,16.02
52685,SAN BERNARDO,NARIÑO,2017,123,11.07
52685,SAN BERNARDO,NARIÑO,2018,108,9.719999999999999
52685,SAN BERNARDO,NARIÑO,2019,106,9.54
52685,SAN BERNARDO,NARIÑO,2020,150,13.5
52685,SAN BERNARDO,NARIÑO,2021,49,4.41
52685,SAN BERNARDO,NARIÑO,2022,45,4.05
52685,SAN BERNARDO,NARIÑO,2023,112,10.08
52687,SAN LORENZO,NARIÑO,2008,3,0.27
52687,SAN LORENZO,NARIÑO,2009,218,19.62
52687,SAN LORENZO,NARIÑO,2010,3,0.27
52687,SAN LORENZO,NARIÑO,2011,2,0.18
52687,SAN LORENZO,NARIÑO,2012,63,5.67
52687,SAN LORENZO,NARIÑO,2013,41,3.69
52687,SAN LORENZO,NARIÑO,2014,39,3.51
52687,SAN LORENZO,NARIÑO,2015,50,4.5
52687,SAN LORENZO,NARIÑO,2016,9,0.8099999999999999
52687,SAN LORENZO,NARIÑO,2017,16,1.44
52687,SAN LORENZO,NARIÑO,2022,394,35.46
52687,SAN LORENZO,NARIÑO,2023,37,3.33
52693,SAN PABLO,NARIÑO,2005,1,0.09
52693,SAN PABLO,NARIÑO,2006,8,0.72
52693,SAN PABLO,NARIÑO,2008,5,0.44999999999999996
52693,SAN PABLO,NARIÑO,2009,2,0.18
52693,SAN PABLO,NARIÑO,2010,10,0.8999999999999999
52693,SAN PABLO,NARIÑO,2011,38,3.42
52693,SAN PABLO,NARIÑO,2012,23,2.07
52693,SAN PABLO,NARIÑO,2013,9,0.8099999999999999
52693,SAN PABLO,NARIÑO,2014,10,0.8999999999999999
52693,SAN PABLO,NARIÑO,2015,3,0.27
52693,SAN PABLO,NARIÑO,2017,2977,267.93
52693,SAN PABLO,NARIÑO,2018,58,5.22
54051,ARBOLEDAS,NORTE DE SANTANDER,2001,200,18.0
54051,ARBOLEDAS,NORTE DE SANTANDER,2002,122,10.98
54051,ARBOLEDAS,NORTE DE SANTANDER,2003,61,5.49
54051,ARBOLEDAS,NORTE DE SANTANDER,2004,299,26.91
54051,ARBOLEDAS,NORTE DE SANTANDER,2005,43,3.8699999999999997
54051,ARBOLEDAS,NORTE DE SANTANDER,2006,236,21.24
54051,ARBOLEDAS,NORTE DE SANTANDER,2007,15,1.3499999999999999
54051,ARBOLEDAS,NORTE DE SANTANDER,2008,66,5.9399999999999995
54051,ARBOLEDAS,NORTE DE SANTANDER,2009,150,13.5
54051,ARBOLEDAS,NORTE DE SANTANDER,2010,63,5.67
54051,ARBOLEDAS,NORTE DE SANTANDER,2011,124,11.16
54051,ARBOLEDAS,NORTE DE SANTANDER,2012,138,12.42
54051,ARBOLEDAS,NORTE DE SANTANDER,2013,62,5.58
54051,ARBOLEDAS,NORTE DE SANTANDER,2014,125,11.25
54051,ARBOLEDAS,NORTE DE SANTANDER,2015,1,0.09
54051,ARBOLEDAS,NORTE DE SANTANDER,2016,21,1.89
54051,ARBOLEDAS,NORTE DE SANTANDER,2020,2,0.18
54051,ARBOLEDAS,NORTE DE SANTANDER,2021,29,2.61
54051,ARBOLEDAS,NORTE DE SANTANDER,2022,5,0.44999999999999996
54099,BOCHALEMA,NORTE DE SANTANDER,2001,522,46.98
54099,BOCHALEMA,NORTE DE SANTANDER,2002,67,6.029999999999999
54099,BOCHALEMA,NORTE DE SANTANDER,2003,38,3.42
54099,BOCHALEMA,NORTE DE SANTANDER,2004,67,6.029999999999999
54099,BOCHALEMA,NORTE DE SANTANDER,2005,22,1.98
54099,BOCHALEMA,NORTE DE SANTANDER,2006,380,34.199999999999996
54099,BOCHALEMA,NORTE DE SANTANDER,2007,217,19.529999999999998
54099,BOCHALEMA,NORTE DE SANTANDER,2008,38,3.42
54099,BOCHALEMA,NORTE DE SANTANDER,2009,265,23.849999999999998
54099,BOCHALEMA,NORTE DE SANTANDER,2010,636,57.239999999999995
54099,BOCHALEMA,NORTE DE SANTANDER,2011,51,4.59
54099,BOCHALEMA,NORTE DE SANTANDER,2012,306,27.54
54099,BOCHALEMA,NORTE DE SANTANDER,2013,165,14.85
54099,BOCHALEMA,NORTE DE SANTANDER,2014,415,37.35
54099,BOCHALEMA,NORTE DE SANTANDER,2015,91,8.19
54099,BOCHALEMA,NORTE DE SANTANDER,2016,226,20.34
54099,BOCHALEMA,NORTE DE SANTANDER,2018,13,1.17
54099,BOCHALEMA,NORTE DE SANTANDER,2019,9,0.8099999999999999
54099,BOCHALEMA,NORTE DE SANTANDER,2020,209,18.81
54099,BOCHALEMA,NORTE DE SANTANDER,2021,3,0.27
54099,BOCHALEMA,NORTE DE SANTANDER,2022,1,0.09
54099,BOCHALEMA,NORTE DE SANTANDER,2023,34,3.06
54109,BUCARASICA,NORTE DE SANTANDER,2001,165,14.85
54109,BUCARASICA,NORTE DE SANTANDER,2002,38,3.42
54109,BUCARASICA,NORTE DE SANTANDER,2003,13,1.17
54109,BUCARASICA,NORTE DE SANTANDER,2004,12,1.08
54109,BUCARASICA,NORTE DE SANTANDER,2005,39,3.51
54109,BUCARASICA,NORTE DE SANTANDER,2006,36,3.2399999999999998
54109,BUCARASICA,NORTE DE SANTANDER,2007,118,10.62
54109,BUCARASICA,NORTE DE SANTANDER,2008,152,13.68
54109,BUCARASICA,NORTE DE SANTANDER,2009,64,5.76
54109,BUCARASICA,NORTE DE SANTANDER,2010,277,24.93
54109,BUCARASICA,NORTE DE SANTANDER,2011,160,14.399999999999999
54109,BUCARASICA,NORTE DE SANTANDER,2012,89,8.01
54109,BUCARASICA,NORTE DE SANTANDER,2013,17,1.53
54109,BUCARASICA,NORTE DE SANTANDER,2014,74,6.66
54109,BUCARASICA,NORTE DE SANTANDER,2015,3,0.27
54109,BUCARASICA,NORTE DE SANTANDER,2016,30,2.6999999999999997
54109,BUCARASICA,NORTE DE SANTANDER,2017,107,9.629999999999999
54109,BUCARASICA,NORTE DE SANTANDER,2018,91,8.19
54109,BUCARASICA,NORTE DE SANTANDER,2019,194,17.46
54109,BUCARASICA,NORTE DE SANTANDER,2020,539,48.51
54109,BUCARASICA,NORTE DE SANTANDER,2021,700,63.0
54109,BUCARASICA,NORTE DE SANTANDER,2022,15,1.3499999999999999
54109,BUCARASICA,NORTE DE SANTANDER,2023,57,5.13
54125,CÁCOTA,NORTE DE SANTANDER,2001,22,1.98
54125,CÁCOTA,NORTE DE SANTANDER,2002,21,1.89
54125,CÁCOTA,NORTE DE SANTANDER,2003,18,1.6199999999999999
54125,CÁCOTA,NORTE DE SANTANDER,2004,124,11.16
54125,CÁCOTA,NORTE DE SANTANDER,2005,30,2.6999999999999997
54125,CÁCOTA,NORTE DE SANTANDER,2006,69,6.21
54125,CÁCOTA,NORTE DE SANTANDER,2007,165,14.85
54125,CÁCOTA,NORTE DE SANTANDER,2008,63,5.67
54125,CÁCOTA,NORTE DE SANTANDER,2009,79,7.109999999999999
54125,CÁCOTA,NORTE DE SANTANDER,2010,7,0.63
54125,CÁCOTA,NORTE DE SANTANDER,2011,120,10.799999999999999
54125,CÁCOTA,NORTE DE SANTANDER,2012,139,12.51
54125,CÁCOTA,NORTE DE SANTANDER,2013,2,0.18
54125,CÁCOTA,NORTE DE SANTANDER,2014,6,0.54
54125,CÁCOTA,NORTE DE SANTANDER,2016,10,0.8999999999999999
54125,CÁCOTA,NORTE DE SANTANDER,2017,25,2.25
54125,CÁCOTA,NORTE DE SANTANDER,2019,272,24.48
54125,CÁCOTA,NORTE DE SANTANDER,2020,13,1.17
54128,CÁCHIRA,NORTE DE SANTANDER,2001,28,2.52
54128,CÁCHIRA,NORTE DE SANTANDER,2002,18,1.6199999999999999
54128,CÁCHIRA,NORTE DE SANTANDER,2003,33,2.9699999999999998
54128,CÁCHIRA,NORTE DE SANTANDER,2004,77,6.93
54128,CÁCHIRA,NORTE DE SANTANDER,2005,16,1.44
54128,CÁCHIRA,NORTE DE SANTANDER,2006,61,5.49
54128,CÁCHIRA,NORTE DE SANTANDER,2007,37,3.33
54128,CÁCHIRA,NORTE DE SANTANDER,2008,66,5.9399999999999995
54128,CÁCHIRA,NORTE DE SANTANDER,2009,21,1.89
54128,CÁCHIRA,NORTE DE SANTANDER,2010,19,1.71
54128,CÁCHIRA,NORTE DE SANTANDER,2011,92,8.28
54128,CÁCHIRA,NORTE DE SANTANDER,2012,120,10.799999999999999
54128,CÁCHIRA,NORTE DE SANTANDER,2013,3,0.27
54128,CÁCHIRA,NORTE DE SANTANDER,2014,2,0.18
54128,CÁCHIRA,NORTE DE SANTANDER,2015,2,0.18
54128,CÁCHIRA,NORTE DE SANTANDER,2020,1,0.09
54172,CHINÁCOTA,NORTE DE SANTANDER,2001,69,6.21
54172,CHINÁCOTA,NORTE DE SANTANDER,2002,5,0.44999999999999996
54172,CHINÁCOTA,NORTE DE SANTANDER,2003,29,2.61
54172,CHINÁCOTA,NORTE DE SANTANDER,2004,104,9.36
54172,CHINÁCOTA,NORTE DE SANTANDER,2005,16,1.44
54172,CHINÁCOTA,NORTE DE SANTANDER,2006,79,7.109999999999999
54172,CHINÁCOTA,NORTE DE SANTANDER,2007,176,15.84
54172,CHINÁCOTA,NORTE DE SANTANDER,2008,73,6.569999999999999
54172,CHINÁCOTA,NORTE DE SANTANDER,2009,206,18.54
54172,CHINÁCOTA,NORTE DE SANTANDER,2010,45,4.05
54172,CHINÁCOTA,NORTE DE SANTANDER,2011,63,5.67
54172,CHINÁCOTA,NORTE DE SANTANDER,2012,97,8.73
54172,CHINÁCOTA,NORTE DE SANTANDER,2013,1,0.09
54172,CHINÁCOTA,NORTE DE SANTANDER,2014,9,0.8099999999999999
54172,CHINÁCOTA,NORTE DE SANTANDER,2015,2,0.18
54172,CHINÁCOTA,NORTE DE SANTANDER,2016,31,2.79
54172,CHINÁCOTA,NORTE DE SANTANDER,2017,110,9.9
54172,CHINÁCOTA,NORTE DE SANTANDER,2018,14,1.26
54172,CHINÁCOTA,NORTE DE SANTANDER,2019,33,2.9699999999999998
54172,CHINÁCOTA,NORTE DE SANTANDER,2020,9,0.8099999999999999
54172,CHINÁCOTA,NORTE DE SANTANDER,2021,9,0.8099999999999999
54172,CHINÁCOTA,NORTE DE SANTANDER,2023,2,0.18
54174,CHITAGÁ,NORTE DE SANTANDER,2001,77,6.93
54174,CHITAGÁ,NORTE DE SANTANDER,2002,63,5.67
54174,CHITAGÁ,NORTE DE SANTANDER,2003,146,13.139999999999999
54174,CHITAGÁ,NORTE DE SANTANDER,2004,301,27.09
54174,CHITAGÁ,NORTE DE SANTANDER,2005,235,21.15
54174,CHITAGÁ,NORTE DE SANTANDER,2006,214,19.259999999999998
54174,CHITAGÁ,NORTE DE SANTANDER,2007,369,33.21
54174,CHITAGÁ,NORTE DE SANTANDER,2008,171,15.389999999999999
54174,CHITAGÁ,NORTE DE SANTANDER,2009,136,12.24
54174,CHITAGÁ,NORTE DE SANTANDER,2010,127,11.43
54174,CHITAGÁ,NORTE DE SANTANDER,2011,83,7.47
54174,CHITAGÁ,NORTE DE SANTANDER,2012,115,10.35
54174,CHITAGÁ,NORTE DE SANTANDER,2013,11,0.99
54174,CHITAGÁ,NORTE DE SANTANDER,2014,24,2.16
54174,CHITAGÁ,NORTE DE SANTANDER,2015,14,1.26
54174,CHITAGÁ,NORTE DE SANTANDER,2016,141,12.69
54174,CHITAGÁ,NORTE DE SANTANDER,2017,77,6.93
54174,CHITAGÁ,NORTE DE SANTANDER,2018,8,0.72
54174,CHITAGÁ,NORTE DE SANTANDER,2019,25,2.25
54174,CHITAGÁ,NORTE DE SANTANDER,2020,53,4.77
54174,CHITAGÁ,NORTE DE SANTANDER,2021,88,7.92
54174,CHITAGÁ,NORTE DE SANTANDER,2022,71,6.39
54174,CHITAGÁ,NORTE DE SANTANDER,2023,204,18.36
54206,CONVENCIÓN,NORTE DE SANTANDER,2001,240,21.599999999999998
54206,CONVENCIÓN,NORTE DE SANTANDER,2002,187,16.83
54206,CONVENCIÓN,NORTE DE SANTANDER,2003,188,16.919999999999998
54206,CONVENCIÓN,NORTE DE SANTANDER,2004,422,37.98
54206,CONVENCIÓN,NORTE DE SANTANDER,2005,316,28.439999999999998
54206,CONVENCIÓN,NORTE DE SANTANDER,2006,822,73.98
54206,CONVENCIÓN,NORTE DE SANTANDER,2007,592,53.28
54206,CONVENCIÓN,NORTE DE SANTANDER,2008,395,35.55
54206,CONVENCIÓN,NORTE DE SANTANDER,2009,260,23.4
54206,CONVENCIÓN,NORTE DE SANTANDER,2010,141,12.69
54206,CONVENCIÓN,NORTE DE SANTANDER,2011,276,24.84
54206,CONVENCIÓN,NORTE DE SANTANDER,2012,140,12.6
54206,CONVENCIÓN,NORTE DE SANTANDER,2013,18,1.6199999999999999
54206,CONVENCIÓN,NORTE DE SANTANDER,2014,19,1.71
54206,CONVENCIÓN,NORTE DE SANTANDER,2015,36,3.2399999999999998
54206,CONVENCIÓN,NORTE DE SANTANDER,2016,187,16.83
54206,CONVENCIÓN,NORTE DE SANTANDER,2017,191,17.189999999999998
54206,CONVENCIÓN,NORTE DE SANTANDER,2018,120,10.799999999999999
54206,CONVENCIÓN,NORTE DE SANTANDER,2019,103,9.27
54206,CONVENCIÓN,NORTE DE SANTANDER,2020,34,3.06
54206,CONVENCIÓN,NORTE DE SANTANDER,2021,30,2.6999999999999997
54206,CONVENCIÓN,NORTE DE SANTANDER,2022,78,7.02
54206,CONVENCIÓN,NORTE DE SANTANDER,2023,59,5.31
54223,CUCUTILLA,NORTE DE SANTANDER,2001,510,45.9
54223,CUCUTILLA,NORTE DE SANTANDER,2002,289,26.009999999999998
54223,CUCUTILLA,NORTE DE SANTANDER,2003,59,5.31
54223,CUCUTILLA,NORTE DE SANTANDER,2004,647,58.23
54223,CUCUTILLA,NORTE DE SANTANDER,2005,291,26.189999999999998
54223,CUCUTILLA,NORTE DE SANTANDER,2006,624,56.16
54223,CUCUTILLA,NORTE DE SANTANDER,2007,355,31.95
54223,CUCUTILLA,NORTE DE SANTANDER,2008,132,11.879999999999999
54223,CUCUTILLA,NORTE DE SANTANDER,2009,982,88.38
54223,CUCUTILLA,NORTE DE SANTANDER,2010,100,9.0
54223,CUCUTILLA,NORTE DE SANTANDER,2011,632,56.879999999999995
54223,CUCUTILLA,NORTE DE SANTANDER,2012,316,28.439999999999998
54223,CUCUTILLA,NORTE DE SANTANDER,2013,180,16.2
54223,CUCUTILLA,NORTE DE SANTANDER,2014,538,48.42
54223,CUCUTILLA,NORTE DE SANTANDER,2015,91,8.19
54223,CUCUTILLA,NORTE DE SANTANDER,2016,50,4.5
54223,CUCUTILLA,NORTE DE SANTANDER,2017,41,3.69
54223,CUCUTILLA,NORTE DE SANTANDER,2018,93,8.37
54223,CUCUTILLA,NORTE DE SANTANDER,2019,119,10.709999999999999
54223,CUCUTILLA,NORTE DE SANTANDER,2020,9,0.8099999999999999
54223,CUCUTILLA,NORTE DE SANTANDER,2021,28,2.52
54223,CUCUTILLA,NORTE DE SANTANDER,2022,30,2.6999999999999997
54223,CUCUTILLA,NORTE DE SANTANDER,2023,10,0.8999999999999999
54239,DURANIA,NORTE DE SANTANDER,2001,117,10.53
54239,DURANIA,NORTE DE SANTANDER,2002,174,15.66
54239,DURANIA,NORTE DE SANTANDER,2003,5,0.44999999999999996
54239,DURANIA,NORTE DE SANTANDER,2004,160,14.399999999999999
54239,DURANIA,NORTE DE SANTANDER,2005,72,6.4799999999999995
54239,DURANIA,NORTE DE SANTANDER,2006,81,7.29
54239,DURANIA,NORTE DE SANTANDER,2007,58,5.22
54239,DURANIA,NORTE DE SANTANDER,2008,64,5.76
54239,DURANIA,NORTE DE SANTANDER,2009,224,20.16
54239,DURANIA,NORTE DE SANTANDER,2010,6,0.54
54239,DURANIA,NORTE DE SANTANDER,2011,90,8.1
54239,DURANIA,NORTE DE SANTANDER,2012,14,1.26
54239,DURANIA,NORTE DE SANTANDER,2013,117,10.53
54239,DURANIA,NORTE DE SANTANDER,2014,33,2.9699999999999998
54239,DURANIA,NORTE DE SANTANDER,2015,14,1.26
54239,DURANIA,NORTE DE SANTANDER,2016,1,0.09
54239,DURANIA,NORTE DE SANTANDER,2017,7,0.63
54239,DURANIA,NORTE DE SANTANDER,2018,22,1.98
54239,DURANIA,NORTE DE SANTANDER,2020,27,2.4299999999999997
54245,EL CARMEN,NORTE DE SANTANDER,2001,104,9.36
54245,EL CARMEN,NORTE DE SANTANDER,2002,89,8.01
54245,EL CARMEN,NORTE DE SANTANDER,2003,351,31.59
54245,EL CARMEN,NORTE DE SANTANDER,2004,136,12.24
54245,EL CARMEN,NORTE DE SANTANDER,2005,56,5.04
54245,EL CARMEN,NORTE DE SANTANDER,2006,56,5.04
54245,EL CARMEN,NORTE DE SANTANDER,2007,127,11.43
54245,EL CARMEN,NORTE DE SANTANDER,2008,1003,90.27
54245,EL CARMEN,NORTE DE SANTANDER,2009,962,86.58
54245,EL CARMEN,NORTE DE SANTANDER,2010,33,2.9699999999999998
54245,EL CARMEN,NORTE DE SANTANDER,2011,263,23.669999999999998
54245,EL CARMEN,NORTE DE SANTANDER,2012,155,13.95
54245,EL CARMEN,NORTE DE SANTANDER,2013,560,50.4
54245,EL CARMEN,NORTE DE SANTANDER,2014,237,21.33
54245,EL CARMEN,NORTE DE SANTANDER,2015,209,18.81
54245,EL CARMEN,NORTE DE SANTANDER,2016,163,14.67
54245,EL CARMEN,NORTE DE SANTANDER,2017,686,61.739999999999995
54245,EL CARMEN,NORTE DE SANTANDER,2018,117,10.53
54245,EL CARMEN,NORTE DE SANTANDER,2019,54,4.859999999999999
54245,EL CARMEN,NORTE DE SANTANDER,2020,57,5.13
54245,EL CARMEN,NORTE DE SANTANDER,2021,724,65.16
54245,EL CARMEN,NORTE DE SANTANDER,2022,298,26.82
54245,EL CARMEN,NORTE DE SANTANDER,2023,21,1.89
54250,EL TARRA,NORTE DE SANTANDER,2001,64,5.76
54250,EL TARRA,NORTE DE SANTANDER,2002,2,0.18
54250,EL TARRA,NORTE DE SANTANDER,2003,3,0.27
54250,EL TARRA,NORTE DE SANTANDER,2004,4,0.36
54250,EL TARRA,NORTE DE SANTANDER,2005,12,1.08
54250,EL TARRA,NORTE DE SANTANDER,2006,8,0.72
54250,EL TARRA,NORTE DE SANTANDER,2007,22,1.98
54250,EL TARRA,NORTE DE SANTANDER,2008,96,8.64
54250,EL TARRA,NORTE DE SANTANDER,2009,47,4.2299999999999995
54250,EL TARRA,NORTE DE SANTANDER,2010,4,0.36
54250,EL TARRA,NORTE DE SANTANDER,2012,16,1.44
54250,EL TARRA,NORTE DE SANTANDER,2019,314,28.259999999999998
54250,EL TARRA,NORTE DE SANTANDER,2020,232,20.88
54250,EL TARRA,NORTE DE SANTANDER,2021,6,0.54
54250,EL TARRA,NORTE DE SANTANDER,2023,80,7.199999999999999
54261,EL ZULIA,NORTE DE SANTANDER,2001,3,0.27
54261,EL ZULIA,NORTE DE SANTANDER,2002,3,0.27
54261,EL ZULIA,NORTE DE SANTANDER,2003,1,0.09
54261,EL ZULIA,NORTE DE SANTANDER,2004,2,0.18
54261,EL ZULIA,NORTE DE SANTANDER,2005,7,0.63
54261,EL ZULIA,NORTE DE SANTANDER,2006,1,0.09
54261,EL ZULIA,NORTE DE SANTANDER,2007,14,1.26
54261,EL ZULIA,NORTE DE SANTANDER,2008,5,0.44999999999999996
54261,EL ZULIA,NORTE DE SANTANDER,2009,4,0.36
54261,EL ZULIA,NORTE DE SANTANDER,2012,1,0.09
54261,EL ZULIA,NORTE DE SANTANDER,2016,304,27.36
54261,EL ZULIA,NORTE DE SANTANDER,2017,74,6.66
54261,EL ZULIA,NORTE DE SANTANDER,2021,9,0.8099999999999999
54313,GRAMALOTE,NORTE DE SANTANDER,2001,3,0.27
54313,GRAMALOTE,NORTE DE SANTANDER,2002,1,0.09
54313,GRAMALOTE,NORTE DE SANTANDER,2003,3,0.27
54313,GRAMALOTE,NORTE DE SANTANDER,2004,5,0.44999999999999996
54313,GRAMALOTE,NORTE DE SANTANDER,2005,2,0.18
54313,GRAMALOTE,NORTE DE SANTANDER,2007,14,1.26
54313,GRAMALOTE,NORTE DE SANTANDER,2008,2,0.18
54313,GRAMALOTE,NORTE DE SANTANDER,2009,7,0.63
54313,GRAMALOTE,NORTE DE SANTANDER,2010,1,0.09
54313,GRAMALOTE,NORTE DE SANTANDER,2011,2,0.18
54313,GRAMALOTE,NORTE DE SANTANDER,2012,6,0.54
54313,GRAMALOTE,NORTE DE SANTANDER,2013,1,0.09
54313,GRAMALOTE,NORTE DE SANTANDER,2014,18,1.6199999999999999
54313,GRAMALOTE,NORTE DE SANTANDER,2018,9,0.8099999999999999
54313,GRAMALOTE,NORTE DE SANTANDER,2019,2,0.18
54344,HACARÍ,NORTE DE SANTANDER,2001,1,0.09
54344,HACARÍ,NORTE DE SANTANDER,2002,1,0.09
54344,HACARÍ,NORTE DE SANTANDER,2003,1,0.09
54344,HACARÍ,NORTE DE SANTANDER,2004,11,0.99
54344,HACARÍ,NORTE DE SANTANDER,2007,3,0.27
54344,HACARÍ,NORTE DE SANTANDER,2008,6,0.54
54344,HACARÍ,NORTE DE SANTANDER,2009,1,0.09
54344,HACARÍ,NORTE DE SANTANDER,2010,3,0.27
54344,HACARÍ,NORTE DE SANTANDER,2012,3,0.27
54344,HACARÍ,NORTE DE SANTANDER,2014,24,2.16
54344,HACARÍ,NORTE DE SANTANDER,2015,2,0.18
54344,HACARÍ,NORTE DE SANTANDER,2017,2,0.18
54344,HACARÍ,NORTE DE SANTANDER,2018,12,1.08
54344,HACARÍ,NORTE DE SANTANDER,2019,32,2.88
54344,HACARÍ,NORTE DE SANTANDER,2020,9,0.8099999999999999
54344,HACARÍ,NORTE DE SANTANDER,2022,103,9.27
54344,HACARÍ,NORTE DE SANTANDER,2023,84,7.56
54347,HERRÁN,NORTE DE SANTANDER,2001,13,1.17
54347,HERRÁN,NORTE DE SANTANDER,2002,21,1.89
54347,HERRÁN,NORTE DE SANTANDER,2003,3,0.27
54347,HERRÁN,NORTE DE SANTANDER,2004,10,0.8999999999999999
54347,HERRÁN,NORTE DE SANTANDER,2005,8,0.72
54347,HERRÁN,NORTE DE SANTANDER,2006,14,1.26
54347,HERRÁN,NORTE DE SANTANDER,2007,42,3.78
54347,HERRÁN,NORTE DE SANTANDER,2008,50,4.5
54347,HERRÁN,NORTE DE SANTANDER,2009,53,4.77
54347,HERRÁN,NORTE DE SANTANDER,2010,5,0.44999999999999996
54347,HERRÁN,NORTE DE SANTANDER,2011,1,0.09
54347,HERRÁN,NORTE DE SANTANDER,2012,88,7.92
54347,HERRÁN,NORTE DE SANTANDER,2013,10,0.8999999999999999
54347,HERRÁN,NORTE DE SANTANDER,2014,33,2.9699999999999998
54347,HERRÁN,NORTE DE SANTANDER,2015,120,10.799999999999999
54347,HERRÁN,NORTE DE SANTANDER,2016,72,6.4799999999999995
54347,HERRÁN,NORTE DE SANTANDER,2017,286,25.74
54347,HERRÁN,NORTE DE SANTANDER,2018,12,1.08
54347,HERRÁN,NORTE DE SANTANDER,2019,30,2.6999999999999997
54347,HERRÁN,NORTE DE SANTANDER,2020,91,8.19
54347,HERRÁN,NORTE DE SANTANDER,2021,43,3.8699999999999997
54347,HERRÁN,NORTE DE SANTANDER,2022,14,1.26
54347,HERRÁN,NORTE DE SANTANDER,2023,202,18.18
54377,LABATECA,NORTE DE SANTANDER,2001,1,0.09
54377,LABATECA,NORTE DE SANTANDER,2002,1,0.09
54377,LABATECA,NORTE DE SANTANDER,2005,2,0.18
54377,LABATECA,NORTE DE SANTANDER,2006,13,1.17
54377,LABATECA,NORTE DE SANTANDER,2007,48,4.32
54377,LABATECA,NORTE DE SANTANDER,2008,253,22.77
54377,LABATECA,NORTE DE SANTANDER,2009,5,0.44999999999999996
54377,LABATECA,NORTE DE SANTANDER,2010,10,0.8999999999999999
54377,LABATECA,NORTE DE SANTANDER,2012,21,1.89
54377,LABATECA,NORTE DE SANTANDER,2013,1,0.09
54377,LABATECA,NORTE DE SANTANDER,2014,1,0.09
54377,LABATECA,NORTE DE SANTANDER,2015,2,0.18
54377,LABATECA,NORTE DE SANTANDER,2016,1,0.09
54377,LABATECA,NORTE DE SANTANDER,2019,7,0.63
54377,LABATECA,NORTE DE SANTANDER,2020,5,0.44999999999999996
54385,LA ESPERANZA,NORTE DE SANTANDER,2001,6,0.54
54385,LA ESPERANZA,NORTE DE SANTANDER,2002,5,0.44999999999999996
54385,LA ESPERANZA,NORTE DE SANTANDER,2004,7,0.63
54385,LA ESPERANZA,NORTE DE SANTANDER,2005,4,0.36
54385,LA ESPERANZA,NORTE DE SANTANDER,2006,9,0.8099999999999999
54385,LA ESPERANZA,NORTE DE SANTANDER,2007,6,0.54
54385,LA ESPERANZA,NORTE DE SANTANDER,2008,3,0.27
54385,LA ESPERANZA,NORTE DE SANTANDER,2009,2,0.18
54385,LA ESPERANZA,NORTE DE SANTANDER,2010,8,0.72
54385,LA ESPERANZA,NORTE DE SANTANDER,2014,2,0.18
54385,LA ESPERANZA,NORTE DE SANTANDER,2015,15,1.3499999999999999
54385,LA ESPERANZA,NORTE DE SANTANDER,2016,5,0.44999999999999996
54385,LA ESPERANZA,NORTE DE SANTANDER,2018,15,1.3499999999999999
54385,LA ESPERANZA,NORTE DE SANTANDER,2020,11,0.99
54385,LA ESPERANZA,NORTE DE SANTANDER,2021,2,0.18
54385,LA ESPERANZA,NORTE DE SANTANDER,2023,31,2.79
54398,LA PLAYA,NORTE DE SANTANDER,2001,3,0.27
54398,LA PLAYA,NORTE DE SANTANDER,2005,1,0.09
54398,LA PLAYA,NORTE DE SANTANDER,2009,1,0.09
54398,LA PLAYA,NORTE DE SANTANDER,2010,2,0.18
54398,LA PLAYA,NORTE DE SANTANDER,2011,1,0.09
54398,LA PLAYA,NORTE DE SANTANDER,2012,11,0.99
54398,LA PLAYA,NORTE DE SANTANDER,2019,3,0.27
54405,LOS PATIOS,NORTE DE SANTANDER,2001,5,0.44999999999999996
54405,LOS PATIOS,NORTE DE SANTANDER,2002,14,1.26
54405,LOS PATIOS,NORTE DE SANTANDER,2003,23,2.07
54405,LOS PATIOS,NORTE DE SANTANDER,2004,4,0.36
54405,LOS PATIOS,NORTE DE SANTANDER,2005,26,2.34
54405,LOS PATIOS,NORTE DE SANTANDER,2008,16,1.44
54405,LOS PATIOS,NORTE DE SANTANDER,2009,8,0.72
54405,LOS PATIOS,NORTE DE SANTANDER,2012,21,1.89
54405,LOS PATIOS,NORTE DE SANTANDER,2019,2,0.18
54405,LOS PATIOS,NORTE DE SANTANDER,2020,14,1.26
54418,LOURDES,NORTE DE SANTANDER,2002,9,0.8099999999999999
54418,LOURDES,NORTE DE SANTANDER,2003,8,0.72
54418,LOURDES,NORTE DE SANTANDER,2004,5,0.44999999999999996
54418,LOURDES,NORTE DE SANTANDER,2005,4,0.36
54418,LOURDES,NORTE DE SANTANDER,2006,4,0.36
54418,LOURDES,NORTE DE SANTANDER,2007,2,0.18
54418,LOURDES,NORTE DE SANTANDER,2008,7,0.63
54418,LOURDES,NORTE DE SANTANDER,2010,2,0.18
54418,LOURDES,NORTE DE SANTANDER,2012,10,0.8999999999999999
54480,MUTISCUA,NORTE DE SANTANDER,2001,17,1.53
54480,MUTISCUA,NORTE DE SANTANDER,2003,5,0.44999999999999996
54480,MUTISCUA,NORTE DE SANTANDER,2004,1,0.09
54480,MUTISCUA,NORTE DE SANTANDER,2006,1,0.09
54480,MUTISCUA,NORTE DE SANTANDER,2007,2,0.18
54480,MUTISCUA,NORTE DE SANTANDER,2011,1,0.09
54480,MUTISCUA,NORTE DE SANTANDER,2012,4,0.36
54480,MUTISCUA,NORTE DE SANTANDER,2018,5,0.44999999999999996
54480,MUTISCUA,NORTE DE SANTANDER,2021,16,1.44
54498,OCAÑA,NORTE DE SANTANDER,2001,16,1.44
54498,OCAÑA,NORTE DE SANTANDER,2003,1,0.09
54498,OCAÑA,NORTE DE SANTANDER,2004,1,0.09
54498,OCAÑA,NORTE DE SANTANDER,2005,8,0.72
54498,OCAÑA,NORTE DE SANTANDER,2006,2,0.18
54498,OCAÑA,NORTE DE SANTANDER,2007,1,0.09
54498,OCAÑA,NORTE DE SANTANDER,2008,15,1.3499999999999999
54498,OCAÑA,NORTE DE SANTANDER,2009,4,0.36
54498,OCAÑA,NORTE DE SANTANDER,2011,1,0.09
54498,OCAÑA,NORTE DE SANTANDER,2012,8,0.72
54498,OCAÑA,NORTE DE SANTANDER,2014,2,0.18
54498,OCAÑA,NORTE DE SANTANDER,2015,21,1.89
54498,OCAÑA,NORTE DE SANTANDER,2016,15,1.3499999999999999
54498,OCAÑA,NORTE DE SANTANDER,2017,30,2.6999999999999997
54498,OCAÑA,NORTE DE SANTANDER,2018,20,1.7999999999999998
54498,OCAÑA,NORTE DE SANTANDER,2019,18,1.6199999999999999
54498,OCAÑA,NORTE DE SANTANDER,2020,15,1.3499999999999999
54498,OCAÑA,NORTE DE SANTANDER,2021,5,0.44999999999999996
54498,OCAÑA,NORTE DE SANTANDER,2022,12,1.08
54498,OCAÑA,NORTE DE SANTANDER,2023,22,1.98
54518,PAMPLONA,NORTE DE SANTANDER,2002,2,0.18
54518,PAMPLONA,NORTE DE SANTANDER,2003,8,0.72
54518,PAMPLONA,NORTE DE SANTANDER,2004,4,0.36
54518,PAMPLONA,NORTE DE SANTANDER,2006,5,0.44999999999999996
54518,PAMPLONA,NORTE DE SANTANDER,2007,2,0.18
54518,PAMPLONA,NORTE DE SANTANDER,2012,7,0.63
54520,PAMPLONITA,NORTE DE SANTANDER,2012,2,0.18
54553,PUERTO SANTANDER,NORTE DE SANTANDER,2001,1,0.09
54553,PUERTO SANTANDER,NORTE DE SANTANDER,2007,2,0.18
54553,PUERTO SANTANDER,NORTE DE SANTANDER,2010,1,0.09
54553,PUERTO SANTANDER,NORTE DE SANTANDER,2012,2,0.18
54553,PUERTO SANTANDER,NORTE DE SANTANDER,2016,1,0.09
54599,RAGONVALIA,NORTE DE SANTANDER,2006,47,4.2299999999999995
54599,RAGONVALIA,NORTE DE SANTANDER,2008,3,0.27
54599,RAGONVALIA,NORTE DE SANTANDER,2010,3,0.27
54599,RAGONVALIA,NORTE DE SANTANDER,2011,5,0.44999999999999996
54599,RAGONVALIA,NORTE DE SANTANDER,2012,15,1.3499999999999999
54599,RAGONVALIA,NORTE DE SANTANDER,2014,3,0.27
54599,RAGONVALIA,NORTE DE SANTANDER,2018,18,1.6199999999999999
54599,RAGONVALIA,NORTE DE SANTANDER,2019,44,3.96
54599,RAGONVALIA,NORTE DE SANTANDER,2020,51,4.59
54660,SALAZAR,NORTE DE SANTANDER,2004,3,0.27
54660,SALAZAR,NORTE DE SANTANDER,2011,4,0.36
54660,SALAZAR,NORTE DE SANTANDER,2012,33,2.9699999999999998
54660,SALAZAR,NORTE DE SANTANDER,2013,1,0.09
54660,SALAZAR,NORTE DE SANTANDER,2014,1,0.09
54660,SALAZAR,NORTE DE SANTANDER,2015,7,0.63
54660,SALAZAR,NORTE DE SANTANDER,2017,18,1.6199999999999999
54660,SALAZAR,NORTE DE SANTANDER,2018,17,1.53
54660,SALAZAR,NORTE DE SANTANDER,2019,17,1.53
54660,SALAZAR,NORTE DE SANTANDER,2020,3,0.27
54660,SALAZAR,NORTE DE SANTANDER,2021,29,2.61
54660,SALAZAR,NORTE DE SANTANDER,2023,7,0.63
54670,SAN CALIXTO,NORTE DE SANTANDER,2001,34,3.06
54670,SAN CALIXTO,NORTE DE SANTANDER,2002,108,9.719999999999999
54670,SAN CALIXTO,NORTE DE SANTANDER,2003,154,13.86
54670,SAN CALIXTO,NORTE DE SANTANDER,2004,251,22.59
54670,SAN CALIXTO,NORTE DE SANTANDER,2005,136,12.24
54670,SAN CALIXTO,NORTE DE SANTANDER,2006,412,37.08
54670,SAN CALIXTO,NORTE DE SANTANDER,2007,224,20.16
54670,SAN CALIXTO,NORTE DE SANTANDER,2008,132,11.879999999999999
54670,SAN CALIXTO,NORTE DE SANTANDER,2009,452,40.68
54670,SAN CALIXTO,NORTE DE SANTANDER,2010,278,25.02
54670,SAN CALIXTO,NORTE DE SANTANDER,2011,108,9.719999999999999
54670,SAN CALIXTO,NORTE DE SANTANDER,2012,1330,119.69999999999999
54670,SAN CALIXTO,NORTE DE SANTANDER,2013,634,57.059999999999995
54670,SAN CALIXTO,NORTE DE SANTANDER,2014,358,32.22
54670,SAN CALIXTO,NORTE DE SANTANDER,2015,309,27.81
54670,SAN CALIXTO,NORTE DE SANTANDER,2016,597,53.73
54670,SAN CALIXTO,NORTE DE SANTANDER,2017,1451,130.59
54670,SAN CALIXTO,NORTE DE SANTANDER,2018,680,61.199999999999996
54670,SAN CALIXTO,NORTE DE SANTANDER,2019,766,68.94
54670,SAN CALIXTO,NORTE DE SANTANDER,2020,1676,150.84
54670,SAN CALIXTO,NORTE DE SANTANDER,2021,641,57.69
54670,SAN CALIXTO,NORTE DE SANTANDER,2022,260,23.4
54670,SAN CALIXTO,NORTE DE SANTANDER,2023,557,50.129999999999995
54673,SAN CAYETANO,NORTE DE SANTANDER,2001,13,1.17
54673,SAN CAYETANO,NORTE DE SANTANDER,2002,4,0.36
54673,SAN CAYETANO,NORTE DE SANTANDER,2003,4,0.36
54673,SAN CAYETANO,NORTE DE SANTANDER,2004,18,1.6199999999999999
54673,SAN CAYETANO,NORTE DE SANTANDER,2007,7,0.63
54673,SAN CAYETANO,NORTE DE SANTANDER,2008,19,1.71
54673,SAN CAYETANO,NORTE DE SANTANDER,2009,43,3.8699999999999997
54673,SAN CAYETANO,NORTE DE SANTANDER,2010,7,0.63
54673,SAN CAYETANO,NORTE DE SANTANDER,2011,2,0.18
54673,SAN CAYETANO,NORTE DE SANTANDER,2012,7,0.63
54673,SAN CAYETANO,NORTE DE SANTANDER,2013,19,1.71
54673,SAN CAYETANO,NORTE DE SANTANDER,2014,19,1.71
54673,SAN CAYETANO,NORTE DE SANTANDER,2015,19,1.71
54673,SAN CAYETANO,NORTE DE SANTANDER,2016,330,29.7
54673,SAN CAYETANO,NORTE DE SANTANDER,2017,6,0.54
54673,SAN CAYETANO,NORTE DE SANTANDER,2018,12,1.08
54673,SAN CAYETANO,NORTE DE SANTANDER,2019,25,2.25
54673,SAN CAYETANO,NORTE DE SANTANDER,2020,352,31.68
54673,SAN CAYETANO,NORTE DE SANTANDER,2021,225,20.25
54673,SAN CAYETANO,NORTE DE SANTANDER,2022,38,3.42
54673,SAN CAYETANO,NORTE DE SANTANDER,2023,165,14.85
54680,SANTIAGO,NORTE DE SANTANDER,2001,9,0.8099999999999999
54680,SANTIAGO,NORTE DE SANTANDER,2002,7,0.63
54680,SANTIAGO,NORTE DE SANTANDER,2003,12,1.08
54680,SANTIAGO,NORTE DE SANTANDER,2004,23,2.07
54680,SANTIAGO,NORTE DE SANTANDER,2005,2,0.18
54680,SANTIAGO,NORTE DE SANTANDER,2006,1,0.09
54680,SANTIAGO,NORTE DE SANTANDER,2007,10,0.8999999999999999
54680,SANTIAGO,NORTE DE SANTANDER,2008,5,0.44999999999999996
54680,SANTIAGO,NORTE DE SANTANDER,2009,24,2.16
54680,SANTIAGO,NORTE DE SANTANDER,2010,1,0.09
54680,SANTIAGO,NORTE DE SANTANDER,2011,21,1.89
54680,SANTIAGO,NORTE DE SANTANDER,2012,18,1.6199999999999999
54680,SANTIAGO,NORTE DE SANTANDER,2013,1,0.09
54680,SANTIAGO,NORTE DE SANTANDER,2014,3,0.27
54680,SANTIAGO,NORTE DE SANTANDER,2015,7,0.63
54680,SANTIAGO,NORTE DE SANTANDER,2017,8,0.72
54680,SANTIAGO,NORTE DE SANTANDER,2018,8,0.72
54680,SANTIAGO,NORTE DE SANTANDER,2020,5,0.44999999999999996
54720,SARDINATA,NORTE DE SANTANDER,2002,4,0.36
54720,SARDINATA,NORTE DE SANTANDER,2004,2,0.18
54720,SARDINATA,NORTE DE SANTANDER,2007,3,0.27
54720,SARDINATA,NORTE DE SANTANDER,2012,1,0.09
54720,SARDINATA,NORTE DE SANTANDER,2013,2,0.18
54720,SARDINATA,NORTE DE SANTANDER,2017,30,2.6999999999999997
54720,SARDINATA,NORTE DE SANTANDER,2018,120,10.799999999999999
54720,SARDINATA,NORTE DE SANTANDER,2019,12,1.08
54720,SARDINATA,NORTE DE SANTANDER,2020,3,0.27
54720,SARDINATA,NORTE DE SANTANDER,2022,30,2.6999999999999997
54720,SARDINATA,NORTE DE SANTANDER,2023,69,6.21
54743,SILOS,NORTE DE SANTANDER,2001,1,0.09
54743,SILOS,NORTE DE SANTANDER,2002,1,0.09
54743,SILOS,NORTE DE SANTANDER,2003,1,0.09
54743,SILOS,NORTE DE SANTANDER,2005,4,0.36
54743,SILOS,NORTE DE SANTANDER,2008,4,0.36
54743,SILOS,NORTE DE SANTANDER,2009,3,0.27
54743,SILOS,NORTE DE SANTANDER,2010,2,0.18
54743,SILOS,NORTE DE SANTANDER,2011,1,0.09
54743,SILOS,NORTE DE SANTANDER,2012,9,0.8099999999999999
54743,SILOS,NORTE DE SANTANDER,2017,8,0.72
54743,SILOS,NORTE DE SANTANDER,2018,10,0.8999999999999999
54743,SILOS,NORTE DE SANTANDER,2019,5,0.44999999999999996
54800,TEORAMA,NORTE DE SANTANDER,2001,533,47.97
54800,TEORAMA,NORTE DE SANTANDER,2002,223,20.07
54800,TEORAMA,NORTE DE SANTANDER,2003,373,33.57
54800,TEORAMA,NORTE DE SANTANDER,2004,423,38.07
54800,TEORAMA,NORTE DE SANTANDER,2005,479,43.11
54800,TEORAMA,NORTE DE SANTANDER,2006,374,33.66
54800,TEORAMA,NORTE DE SANTANDER,2007,976,87.84
54800,TEORAMA,NORTE DE SANTANDER,2008,411,36.99
54800,TEORAMA,NORTE DE SANTANDER,2009,854,76.86
54800,TEORAMA,NORTE DE SANTANDER,2010,965,86.85
54800,TEORAMA,NORTE DE SANTANDER,2011,29,2.61
54800,TEORAMA,NORTE DE SANTANDER,2012,101,9.09
54800,TEORAMA,NORTE DE SANTANDER,2013,272,24.48
54800,TEORAMA,NORTE DE SANTANDER,2014,596,53.64
54800,TEORAMA,NORTE DE SANTANDER,2015,195,17.55
54800,TEORAMA,NORTE DE SANTANDER,2016,147,13.229999999999999
54800,TEORAMA,NORTE DE SANTANDER,2017,214,19.259999999999998
54800,TEORAMA,NORTE DE SANTANDER,2018,1255,112.95
54800,TEORAMA,NORTE DE SANTANDER,2019,213,19.169999999999998
54800,TEORAMA,NORTE DE SANTANDER,2020,473,42.57
54800,TEORAMA,NORTE DE SANTANDER,2021,115,10.35
54800,TEORAMA,NORTE DE SANTANDER,2022,159,14.309999999999999
54800,TEORAMA,NORTE DE SANTANDER,2023,204,18.36
54810,TIBÚ,NORTE DE SANTANDER,2001,109,9.81
54810,TIBÚ,NORTE DE SANTANDER,2002,17,1.53
54810,TIBÚ,NORTE DE SANTANDER,2003,33,2.9699999999999998
54810,TIBÚ,NORTE DE SANTANDER,2004,32,2.88
54810,TIBÚ,NORTE DE SANTANDER,2005,3,0.27
54810,TIBÚ,NORTE DE SANTANDER,2006,2,0.18
54810,TIBÚ,NORTE DE SANTANDER,2007,39,3.51
54810,TIBÚ,NORTE DE SANTANDER,2008,5,0.44999999999999996
54810,TIBÚ,NORTE DE SANTANDER,2009,25,2.25
54810,TIBÚ,NORTE DE SANTANDER,2010,3,0.27
54810,TIBÚ,NORTE DE SANTANDER,2012,15,1.3499999999999999
54810,TIBÚ,NORTE DE SANTANDER,2013,1,0.09
54810,TIBÚ,NORTE DE SANTANDER,2014,14,1.26
54810,TIBÚ,NORTE DE SANTANDER,2016,15,1.3499999999999999
54810,TIBÚ,NORTE DE SANTANDER,2017,26,2.34
54810,TIBÚ,NORTE DE SANTANDER,2018,14,1.26
54810,TIBÚ,NORTE DE SANTANDER,2019,54,4.859999999999999
54810,TIBÚ,NORTE DE SANTANDER,2020,13,1.17
54810,TIBÚ,NORTE DE SANTANDER,2021,12,1.08
54810,TIBÚ,NORTE DE SANTANDER,2022,6,0.54
54810,TIBÚ,NORTE DE SANTANDER,2023,15,1.3499999999999999
54820,TOLEDO,NORTE DE SANTANDER,2001,22,1.98
54820,TOLEDO,NORTE DE SANTANDER,2002,4,0.36
54820,TOLEDO,NORTE DE SANTANDER,2003,7,0.63
54820,TOLEDO,NORTE DE SANTANDER,2006,1,0.09
54820,TOLEDO,NORTE DE SANTANDER,2007,5,0.44999999999999996
54820,TOLEDO,NORTE DE SANTANDER,2008,30,2.6999999999999997
54820,TOLEDO,NORTE DE SANTANDER,2009,10,0.8999999999999999
54820,TOLEDO,NORTE DE SANTANDER,2010,2,0.18
54820,TOLEDO,NORTE DE SANTANDER,2011,6,0.54
54820,TOLEDO,NORTE DE SANTANDER,2012,18,1.6199999999999999
54820,TOLEDO,NORTE DE SANTANDER,2014,11,0.99
54820,TOLEDO,NORTE DE SANTANDER,2015,6,0.54
54820,TOLEDO,NORTE DE SANTANDER,2016,280,25.2
54820,TOLEDO,NORTE DE SANTANDER,2017,159,14.309999999999999
54820,TOLEDO,NORTE DE SANTANDER,2018,47,4.2299999999999995
54820,TOLEDO,NORTE DE SANTANDER,2019,164,14.76
54820,TOLEDO,NORTE DE SANTANDER,2020,87,7.83
54820,TOLEDO,NORTE DE SANTANDER,2021,8,0.72
54820,TOLEDO,NORTE DE SANTANDER,2022,14,1.26
54820,TOLEDO,NORTE DE SANTANDER,2023,57,5.13
54871,VILLA CARO,NORTE DE SANTANDER,2011,2,0.18
54871,VILLA CARO,NORTE DE SANTANDER,2012,1,0.09
54871,VILLA CARO,NORTE DE SANTANDER,2014,1,0.09
54871,VILLA CARO,NORTE DE SANTANDER,2017,1,0.09
54871,VILLA CARO,NORTE DE SANTANDER,2019,10,0.8999999999999999
54874,VILLA DEL ROSARIO,NORTE DE SANTANDER,2003,2,0.18
54874,VILLA DEL ROSARIO,NORTE DE SANTANDER,2009,1,0.09
54874,VILLA DEL ROSARIO,NORTE DE SANTANDER,2010,4,0.36
54874,VILLA DEL ROSARIO,NORTE DE SANTANDER,2011,2,0.18
54874,VILLA DEL ROSARIO,NORTE DE SANTANDER,2012,5,0.44999999999999996
54874,VILLA DEL ROSARIO,NORTE DE SANTANDER,2013,8,0.72
54874,VILLA DEL ROSARIO,NORTE DE SANTANDER,2014,1,0.09
54874,VILLA DEL ROSARIO,NORTE DE SANTANDER,2017,3,0.27
63190,CIRCASIA,QUINDÍO,2001,146,13.139999999999999
63190,CIRCASIA,QUINDÍO,2002,244,21.96
63190,CIRCASIA,QUINDÍO,2003,140,12.6
63190,CIRCASIA,QUINDÍO,2004,437,39.33
63190,CIRCASIA,QUINDÍO,2005,172,15.479999999999999
63190,CIRCASIA,QUINDÍO,2006,434,39.059999999999995
63190,CIRCASIA,QUINDÍO,2007,78,7.02
63190,CIRCASIA,QUINDÍO,2008,147,13.229999999999999
63190,CIRCASIA,QUINDÍO,2009,534,48.059999999999995
63190,CIRCASIA,QUINDÍO,2010,325,29.25
63190,CIRCASIA,QUINDÍO,2011,340,30.599999999999998
63190,CIRCASIA,QUINDÍO,2012,475,42.75
63190,CIRCASIA,QUINDÍO,2013,41,3.69
63190,CIRCASIA,QUINDÍO,2014,91,8.19
63190,CIRCASIA,QUINDÍO,2015,133,11.969999999999999
63190,CIRCASIA,QUINDÍO,2016,183,16.47
63190,CIRCASIA,QUINDÍO,2017,163,14.67
63190,CIRCASIA,QUINDÍO,2018,63,5.67
63190,CIRCASIA,QUINDÍO,2019,104,9.36
63190,CIRCASIA,QUINDÍO,2020,67,6.029999999999999
63190,CIRCASIA,QUINDÍO,2021,75,6.75
63190,CIRCASIA,QUINDÍO,2022,49,4.41
63190,CIRCASIA,QUINDÍO,2023,25,2.25
63212,CÓRDOBA,QUINDÍO,2001,188,16.919999999999998
63212,CÓRDOBA,QUINDÍO,2002,73,6.569999999999999
63212,CÓRDOBA,QUINDÍO,2003,105,9.45
63212,CÓRDOBA,QUINDÍO,2004,135,12.15
63212,CÓRDOBA,QUINDÍO,2005,22,1.98
63212,CÓRDOBA,QUINDÍO,2006,286,25.74
63212,CÓRDOBA,QUINDÍO,2007,117,10.53
63212,CÓRDOBA,QUINDÍO,2008,27,2.4299999999999997
63212,CÓRDOBA,QUINDÍO,2009,353,31.77
63212,CÓRDOBA,QUINDÍO,2010,1162,104.58
63212,CÓRDOBA,QUINDÍO,2011,54,4.859999999999999
63212,CÓRDOBA,QUINDÍO,2012,100,9.0
63212,CÓRDOBA,QUINDÍO,2013,36,3.2399999999999998
63212,CÓRDOBA,QUINDÍO,2014,98,8.82
63212,CÓRDOBA,QUINDÍO,2015,37,3.33
63212,CÓRDOBA,QUINDÍO,2016,22,1.98
63212,CÓRDOBA,QUINDÍO,2017,36,3.2399999999999998
63212,CÓRDOBA,QUINDÍO,2018,1,0.09
63212,CÓRDOBA,QUINDÍO,2019,1,0.09
63212,CÓRDOBA,QUINDÍO,2020,25,2.25
63212,CÓRDOBA,QUINDÍO,2021,4,0.36
63212,CÓRDOBA,QUINDÍO,2022,2,0.18
63212,CÓRDOBA,QUINDÍO,2023,6,0.54
63272,FILANDIA,QUINDÍO,2001,40,3.5999999999999996
63272,FILANDIA,QUINDÍO,2002,17,1.53
63272,FILANDIA,QUINDÍO,2003,2,0.18
63272,FILANDIA,QUINDÍO,2004,1,0.09
63272,FILANDIA,QUINDÍO,2005,24,2.16
63272,FILANDIA,QUINDÍO,2006,28,2.52
63272,FILANDIA,QUINDÍO,2007,38,3.42
63272,FILANDIA,QUINDÍO,2008,31,2.79
63272,FILANDIA,QUINDÍO,2009,33,2.9699999999999998
63272,FILANDIA,QUINDÍO,2010,1,0.09
63272,FILANDIA,QUINDÍO,2011,8,0.72
63272,FILANDIA,QUINDÍO,2012,27,2.4299999999999997
63272,FILANDIA,QUINDÍO,2013,11,0.99
63272,FILANDIA,QUINDÍO,2014,23,2.07
63272,FILANDIA,QUINDÍO,2015,4,0.36
63272,FILANDIA,QUINDÍO,2019,4,0.36
63272,FILANDIA,QUINDÍO,2020,4,0.36
63272,FILANDIA,QUINDÍO,2021,4,0.36
63272,FILANDIA,QUINDÍO,2022,4,0.36
63272,FILANDIA,QUINDÍO,2023,2,0.18
63302,GÉNOVA,QUINDÍO,2001,56,5.04
63302,GÉNOVA,QUINDÍO,2002,6,0.54
63302,GÉNOVA,QUINDÍO,2003,10,0.8999999999999999
63302,GÉNOVA,QUINDÍO,2004,7,0.63
63302,GÉNOVA,QUINDÍO,2005,14,1.26
63302,GÉNOVA,QUINDÍO,2006,16,1.44
63302,GÉNOVA,QUINDÍO,2007,53,4.77
63302,GÉNOVA,QUINDÍO,2008,4,0.36
63302,GÉNOVA,QUINDÍO,2009,29,2.61
63302,GÉNOVA,QUINDÍO,2010,21,1.89
63302,GÉNOVA,QUINDÍO,2011,27,2.4299999999999997
63302,GÉNOVA,QUINDÍO,2012,80,7.199999999999999
63302,GÉNOVA,QUINDÍO,2013,24,2.16
63302,GÉNOVA,QUINDÍO,2014,30,2.6999999999999997
63401,LA TEBAIDA,QUINDÍO,2001,67,6.029999999999999
63401,LA TEBAIDA,QUINDÍO,2002,3,0.27
63401,LA TEBAIDA,QUINDÍO,2003,3,0.27
63401,LA TEBAIDA,QUINDÍO,2004,15,1.3499999999999999
63401,LA TEBAIDA,QUINDÍO,2005,7,0.63
63401,LA TEBAIDA,QUINDÍO,2006,28,2.52
63401,LA TEBAIDA,QUINDÍO,2007,32,2.88
63401,LA TEBAIDA,QUINDÍO,2008,9,0.8099999999999999
63401,LA TEBAIDA,QUINDÍO,2009,57,5.13
63401,LA TEBAIDA,QUINDÍO,2010,39,3.51
63401,LA TEBAIDA,QUINDÍO,2011,8,0.72
63401,LA TEBAIDA,QUINDÍO,2012,216,19.439999999999998
63401,LA TEBAIDA,QUINDÍO,2013,18,1.6199999999999999
63401,LA TEBAIDA,QUINDÍO,2014,11,0.99
63401,LA TEBAIDA,QUINDÍO,2015,4,0.36
63401,LA TEBAIDA,QUINDÍO,2016,1,0.09
63470,MONTENEGRO,QUINDÍO,2001,175,15.75
63470,MONTENEGRO,QUINDÍO,2002,13,1.17
63470,MONTENEGRO,QUINDÍO,2003,63,5.67
63470,MONTENEGRO,QUINDÍO,2004,67,6.029999999999999
63470,MONTENEGRO,QUINDÍO,2005,1,0.09
63470,MONTENEGRO,QUINDÍO,2006,128,11.52
63470,MONTENEGRO,QUINDÍO,2007,260,23.4
63470,MONTENEGRO,QUINDÍO,2008,4,0.36
63470,MONTENEGRO,QUINDÍO,2009,107,9.629999999999999
63470,MONTENEGRO,QUINDÍO,2010,108,9.719999999999999
63470,MONTENEGRO,QUINDÍO,2011,120,10.799999999999999
63470,MONTENEGRO,QUINDÍO,2012,60,5.3999999999999995
63470,MONTENEGRO,QUINDÍO,2013,86,7.739999999999999
63470,MONTENEGRO,QUINDÍO,2014,104,9.36
63470,MONTENEGRO,QUINDÍO,2015,18,1.6199999999999999
63470,MONTENEGRO,QUINDÍO,2016,4,0.36
63470,MONTENEGRO,QUINDÍO,2017,2,0.18
63470,MONTENEGRO,QUINDÍO,2020,1,0.09
63470,MONTENEGRO,QUINDÍO,2021,1,0.09
63548,PIJAO,QUINDÍO,2001,2,0.18
63548,PIJAO,QUINDÍO,2002,3,0.27
63548,PIJAO,QUINDÍO,2003,11,0.99
63548,PIJAO,QUINDÍO,2004,15,1.3499999999999999
63548,PIJAO,QUINDÍO,2005,1,0.09
63548,PIJAO,QUINDÍO,2006,23,2.07
63548,PIJAO,QUINDÍO,2007,2,0.18
63548,PIJAO,QUINDÍO,2008,14,1.26
63548,PIJAO,QUINDÍO,2009,3,0.27
63548,PIJAO,QUINDÍO,2010,4,0.36
63548,PIJAO,QUINDÍO,2011,23,2.07
63548,PIJAO,QUINDÍO,2012,30,2.6999999999999997
63548,PIJAO,QUINDÍO,2013,3,0.27
63548,PIJAO,QUINDÍO,2014,6,0.54
63548,PIJAO,QUINDÍO,2016,8,0.72
63548,PIJAO,QUINDÍO,2017,2,0.18
63548,PIJAO,QUINDÍO,2023,92,8.28
63594,QUIMBAYA,QUINDÍO,2001,35,3.15
63594,QUIMBAYA,QUINDÍO,2002,139,12.51
63594,QUIMBAYA,QUINDÍO,2003,193,17.37
63594,QUIMBAYA,QUINDÍO,2004,173,15.57
63594,QUIMBAYA,QUINDÍO,2005,193,17.37
63594,QUIMBAYA,QUINDÍO,2006,243,21.869999999999997
63594,QUIMBAYA,QUINDÍO,2007,326,29.34
63594,QUIMBAYA,QUINDÍO,2008,152,13.68
63594,QUIMBAYA,QUINDÍO,2009,190,17.099999999999998
63594,QUIMBAYA,QUINDÍO,2010,60,5.3999999999999995
63594,QUIMBAYA,QUINDÍO,2011,81,7.29
63594,QUIMBAYA,QUINDÍO,2012,115,10.35
63594,QUIMBAYA,QUINDÍO,2013,5,0.44999999999999996
63594,QUIMBAYA,QUINDÍO,2014,43,3.8699999999999997
63594,QUIMBAYA,QUINDÍO,2015,4,0.36
63594,QUIMBAYA,QUINDÍO,2016,109,9.81
63594,QUIMBAYA,QUINDÍO,2017,125,11.25
63594,QUIMBAYA,QUINDÍO,2018,14,1.26
63594,QUIMBAYA,QUINDÍO,2019,163,14.67
63594,QUIMBAYA,QUINDÍO,2020,13,1.17
63594,QUIMBAYA,QUINDÍO,2021,16,1.44
63594,QUIMBAYA,QUINDÍO,2022,18,1.6199999999999999
63594,QUIMBAYA,QUINDÍO,2023,50,4.5
63690,SALENTO,QUINDÍO,2001,50,4.5
63690,SALENTO,QUINDÍO,2002,72,6.4799999999999995
63690,SALENTO,QUINDÍO,2003,100,9.0
63690,SALENTO,QUINDÍO,2004,292,26.279999999999998
63690,SALENTO,QUINDÍO,2005,88,7.92
63690,SALENTO,QUINDÍO,2006,424,38.16
63690,SALENTO,QUINDÍO,2007,335,30.15
63690,SALENTO,QUINDÍO,2008,337,30.33
63690,SALENTO,QUINDÍO,2009,223,20.07
63690,SALENTO,QUINDÍO,2010,92,8.28
63690,SALENTO,QUINDÍO,2011,100,9.0
63690,SALENTO,QUINDÍO,2012,260,23.4
63690,SALENTO,QUINDÍO,2013,10,0.8999999999999999
63690,SALENTO,QUINDÍO,2014,90,8.1
63690,SALENTO,QUINDÍO,2015,82,7.38
63690,SALENTO,QUINDÍO,2016,410,36.9
63690,SALENTO,QUINDÍO,2017,357,32.129999999999995
63690,SALENTO,QUINDÍO,2018,76,6.84
63690,SALENTO,QUINDÍO,2019,208,18.72
63690,SALENTO,QUINDÍO,2020,46,4.14
63690,SALENTO,QUINDÍO,2021,66,5.9399999999999995
63690,SALENTO,QUINDÍO,2022,93,8.37
63690,SALENTO,QUINDÍO,2023,121,10.889999999999999
66001,PEREIRA,RISARALDA,2001,280,25.2
66001,PEREIRA,RISARALDA,2002,78,7.02
66001,PEREIRA,RISARALDA,2003,128,11.52
66001,PEREIRA,RISARALDA,2004,803,72.27
66001,PEREIRA,RISARALDA,2005,320,28.799999999999997
66001,PEREIRA,RISARALDA,2006,316,28.439999999999998
66001,PEREIRA,RISARALDA,2007,833,74.97
66001,PEREIRA,RISARALDA,2008,95,8.549999999999999
66001,PEREIRA,RISARALDA,2009,622,55.98
66001,PEREIRA,RISARALDA,2010,233,20.97
66001,PEREIRA,RISARALDA,2011,108,9.719999999999999
66001,PEREIRA,RISARALDA,2012,70,6.3
66001,PEREIRA,RISARALDA,2013,39,3.51
66001,PEREIRA,RISARALDA,2014,86,7.739999999999999
66001,PEREIRA,RISARALDA,2015,115,10.35
66001,PEREIRA,RISARALDA,2016,280,25.2
66001,PEREIRA,RISARALDA,2017,179,16.11
66001,PEREIRA,RISARALDA,2018,73,6.569999999999999
66001,PEREIRA,RISARALDA,2019,115,10.35
66001,PEREIRA,RISARALDA,2020,72,6.4799999999999995
66001,PEREIRA,RISARALDA,2021,78,7.02
66001,PEREIRA,RISARALDA,2022,148,13.32
66001,PEREIRA,RISARALDA,2023,35,3.15
66045,APÍA,RISARALDA,2001,342,30.779999999999998
66045,APÍA,RISARALDA,2002,320,28.799999999999997
66045,APÍA,RISARALDA,2003,144,12.959999999999999
66045,APÍA,RISARALDA,2004,242,21.779999999999998
66045,APÍA,RISARALDA,2005,315,28.349999999999998
66045,APÍA,RISARALDA,2006,1179,106.11
66045,APÍA,RISARALDA,2007,858,77.22
66045,APÍA,RISARALDA,2008,240,21.599999999999998
66045,APÍA,RISARALDA,2009,605,54.449999999999996
66045,APÍA,RISARALDA,2010,136,12.24
66045,APÍA,RISARALDA,2011,482,43.379999999999995
66045,APÍA,RISARALDA,2012,354,31.86
66045,APÍA,RISARALDA,2013,84,7.56
66045,APÍA,RISARALDA,2014,85,7.6499999999999995
66045,APÍA,RISARALDA,2015,130,11.7
66045,APÍA,RISARALDA,2016,379,34.11
66045,APÍA,RISARALDA,2017,249,22.41
66045,APÍA,RISARALDA,2018,296,26.64
66045,APÍA,RISARALDA,2019,279,25.11
66045,APÍA,RISARALDA,2020,471,42.39
66045,APÍA,RISARALDA,2021,636,57.239999999999995
66045,APÍA,RISARALDA,2022,181,16.29
66045,APÍA,RISARALDA,2023,642,57.78
66075,BALBOA,RISARALDA,2001,25,2.25
66075,BALBOA,RISARALDA,2002,15,1.3499999999999999
66075,BALBOA,RISARALDA,2003,28,2.52
66075,BALBOA,RISARALDA,2004,70,6.3
66075,BALBOA,RISARALDA,2005,58,5.22
66075,BALBOA,RISARALDA,2006,97,8.73
66075,BALBOA,RISARALDA,2007,309,27.81
66075,BALBOA,RISARALDA,2008,390,35.1
66075,BALBOA,RISARALDA,2009,1563,140.67
66075,BALBOA,RISARALDA,2010,97,8.73
66075,BALBOA,RISARALDA,2011,472,42.48
66075,BALBOA,RISARALDA,2012,897,80.73
66075,BALBOA,RISARALDA,2013,857,77.13
66075,BALBOA,RISARALDA,2014,810,72.89999999999999
66075,BALBOA,RISARALDA,2015,2183,196.47
66075,BALBOA,RISARALDA,2016,964,86.75999999999999
66075,BALBOA,RISARALDA,2017,3219,289.71
66075,BALBOA,RISARALDA,2018,616,55.44
66075,BALBOA,RISARALDA,2019,545,49.05
66075,BALBOA,RISARALDA,2020,922,82.98
66075,BALBOA,RISARALDA,2021,1361,122.49
66075,BALBOA,RISARALDA,2022,799,71.91
66075,BALBOA,RISARALDA,2023,420,37.8
66088,BELÉN DE UMBRÍA,RISARALDA,2001,6,0.54
66088,BELÉN DE UMBRÍA,RISARALDA,2002,2,0.18
66088,BELÉN DE UMBRÍA,RISARALDA,2006,2,0.18
66088,BELÉN DE UMBRÍA,RISARALDA,2007,2,0.18
66088,BELÉN DE UMBRÍA,RISARALDA,2008,2,0.18
66088,BELÉN DE UMBRÍA,RISARALDA,2009,9,0.8099999999999999
66088,BELÉN DE UMBRÍA,RISARALDA,2010,2,0.18
66088,BELÉN DE UMBRÍA,RISARALDA,2011,1,0.09
66088,BELÉN DE UMBRÍA,RISARALDA,2012,7,0.63
66088,BELÉN DE UMBRÍA,RISARALDA,2014,5,0.44999999999999996
66088,BELÉN DE UMBRÍA,RISARALDA,2015,180,16.2
66088,BELÉN DE UMBRÍA,RISARALDA,2016,14,1.26
66088,BELÉN DE UMBRÍA,RISARALDA,2021,9,0.8099999999999999
66170,DOSQUEBRADAS,RISARALDA,2001,20,1.7999999999999998
66170,DOSQUEBRADAS,RISARALDA,2004,2,0.18
66170,DOSQUEBRADAS,RISARALDA,2005,51,4.59
66170,DOSQUEBRADAS,RISARALDA,2006,25,2.25
66170,DOSQUEBRADAS,RISARALDA,2007,30,2.6999999999999997
66170,DOSQUEBRADAS,RISARALDA,2008,6,0.54
66170,DOSQUEBRADAS,RISARALDA,2009,23,2.07
66170,DOSQUEBRADAS,RISARALDA,2010,1,0.09
66170,DOSQUEBRADAS,RISARALDA,2011,12,1.08
66170,DOSQUEBRADAS,RISARALDA,2012,6,0.54
66170,DOSQUEBRADAS,RISARALDA,2013,26,2.34
66170,DOSQUEBRADAS,RISARALDA,2014,53,4.77
66170,DOSQUEBRADAS,RISARALDA,2015,224,20.16
66170,DOSQUEBRADAS,RISARALDA,2016,24,2.16
66170,DOSQUEBRADAS,RISARALDA,2017,3,0.27
66170,DOSQUEBRADAS,RISARALDA,2018,3,0.27
66170,DOSQUEBRADAS,RISARALDA,2019,19,1.71
66170,DOSQUEBRADAS,RISARALDA,2020,536,48.239999999999995
66170,DOSQUEBRADAS,RISARALDA,2021,349,31.41
66170,DOSQUEBRADAS,RISARALDA,2022,253,22.77
66170,DOSQUEBRADAS,RISARALDA,2023,163,14.67
66318,GUÁTICA,RISARALDA,2001,6,0.54
66318,GUÁTICA,RISARALDA,2002,6,0.54
66318,GUÁTICA,RISARALDA,2004,2,0.18
66318,GUÁTICA,RISARALDA,2006,2,0.18
66318,GUÁTICA,RISARALDA,2007,1,0.09
66318,GUÁTICA,RISARALDA,2012,1,0.09
66318,GUÁTICA,RISARALDA,2019,3,0.27
66383,LA CELIA,RISARALDA,2002,1,0.09
66383,LA CELIA,RISARALDA,2003,1,0.09
66383,LA CELIA,RISARALDA,2004,1,0.09
66383,LA CELIA,RISARALDA,2006,2,0.18
66383,LA CELIA,RISARALDA,2007,11,0.99
66383,LA CELIA,RISARALDA,2008,29,2.61
66383,LA CELIA,RISARALDA,2009,4,0.36
66383,LA CELIA,RISARALDA,2012,3,0.27
66400,LA VIRGINIA,RISARALDA,2002,3,0.27
66400,LA VIRGINIA,RISARALDA,2003,2,0.18
66400,LA VIRGINIA,RISARALDA,2004,2,0.18
66400,LA VIRGINIA,RISARALDA,2005,1,0.09
66400,LA VIRGINIA,RISARALDA,2008,22,1.98
66400,LA VIRGINIA,RISARALDA,2009,7,0.63
66400,LA VIRGINIA,RISARALDA,2010,10,0.8999999999999999
66400,LA VIRGINIA,RISARALDA,2011,4,0.36
66400,LA VIRGINIA,RISARALDA,2012,4,0.36
66400,LA VIRGINIA,RISARALDA,2014,2,0.18
66400,LA VIRGINIA,RISARALDA,2016,1,0.09
66400,LA VIRGINIA,RISARALDA,2019,4,0.36
66400,LA VIRGINIA,RISARALDA,2020,9,0.8099999999999999
66400,LA VIRGINIA,RISARALDA,2022,4,0.36
66440,MARSELLA,RISARALDA,2001,1,0.09
66440,MARSELLA,RISARALDA,2002,2,0.18
66440,MARSELLA,RISARALDA,2003,2,0.18
66440,MARSELLA,RISARALDA,2004,3,0.27
66440,MARSELLA,RISARALDA,2009,5,0.44999999999999996
66440,MARSELLA,RISARALDA,2011,6,0.54
66440,MARSELLA,RISARALDA,2012,4,0.36
66440,MARSELLA,RISARALDA,2014,1,0.09
66440,MARSELLA,RISARALDA,2018,6,0.54
66440,MARSELLA,RISARALDA,2019,4,0.36
66440,MARSELLA,RISARALDA,2022,4,0.36
66440,MARSELLA,RISARALDA,2023,7,0.63
66456,MISTRATÓ,RISARALDA,2005,1,0.09
66456,MISTRATÓ,RISARALDA,2008,1,0.09
66456,MISTRATÓ,RISARALDA,2011,3,0.27
66456,MISTRATÓ,RISARALDA,2012,5,0.44999999999999996
66456,MISTRATÓ,RISARALDA,2014,3,0.27
66456,MISTRATÓ,RISARALDA,2016,3,0.27
66572,PUEBLO RICO,RISARALDA,2001,29,2.61
66572,PUEBLO RICO,RISARALDA,2002,22,1.98
66572,PUEBLO RICO,RISARALDA,2004,78,7.02
66572,PUEBLO RICO,RISARALDA,2005,30,2.6999999999999997
66572,PUEBLO RICO,RISARALDA,2006,35,3.15
66572,PUEBLO RICO,RISARALDA,2007,23,2.07
66572,PUEBLO RICO,RISARALDA,2008,70,6.3
66572,PUEBLO RICO,RISARALDA,2009,24,2.16
66572,PUEBLO RICO,RISARALDA,2010,61,5.49
66572,PUEBLO RICO,RISARALDA,2011,5,0.44999999999999996
66572,PUEBLO RICO,RISARALDA,2012,149,13.41
66572,PUEBLO RICO,RISARALDA,2013,61,5.49
66572,PUEBLO RICO,RISARALDA,2014,187,16.83
66572,PUEBLO RICO,RISARALDA,2015,29,2.61
66572,PUEBLO RICO,RISARALDA,2016,70,6.3
66572,PUEBLO RICO,RISARALDA,2017,68,6.12
66572,PUEBLO RICO,RISARALDA,2018,67,6.029999999999999
66572,PUEBLO RICO,RISARALDA,2019,26,2.34
66572,PUEBLO RICO,RISARALDA,2020,39,3.51
66572,PUEBLO RICO,RISARALDA,2021,22,1.98
66572,PUEBLO RICO,RISARALDA,2022,45,4.05
66572,PUEBLO RICO,RISARALDA,2023,56,5.04
66594,QUINCHÍA,RISARALDA,2002,2,0.18
66594,QUINCHÍA,RISARALDA,2009,1,0.09
66682,SANTA ROSA DE CABAL,RISARALDA,2001,3,0.27
66682,SANTA ROSA DE CABAL,RISARALDA,2003,1,0.09
66682,SANTA ROSA DE CABAL,RISARALDA,2004,1,0.09
66682,SANTA ROSA DE CABAL,RISARALDA,2005,1,0.09
66682,SANTA ROSA DE CABAL,RISARALDA,2007,9,0.8099999999999999
66682,SANTA ROSA DE CABAL,RISARALDA,2008,12,1.08
66682,SANTA ROSA DE CABAL,RISARALDA,2009,14,1.26
66682,SANTA ROSA DE CABAL,RISARALDA,2012,2,0.18
66687,SANTUARIO,RISARALDA,2004,1,0.09
66687,SANTUARIO,RISARALDA,2012,5,0.44999999999999996
66687,SANTUARIO,RISARALDA,2014,2,0.18
68001,BUCARAMANGA,SANTANDER,2002,2,0.18
68001,BUCARAMANGA,SANTANDER,2004,1,0.09
68001,BUCARAMANGA,SANTANDER,2005,3,0.27
68001,BUCARAMANGA,SANTANDER,2006,4,0.36
68001,BUCARAMANGA,SANTANDER,2007,8,0.72
68001,BUCARAMANGA,SANTANDER,2010,12,1.08
68001,BUCARAMANGA,SANTANDER,2016,1,0.09
68013,AGUADA,SANTANDER,2002,5,0.44999999999999996
68013,AGUADA,SANTANDER,2003,2,0.18
68013,AGUADA,SANTANDER,2004,9,0.8099999999999999
68013,AGUADA,SANTANDER,2005,25,2.25
68013,AGUADA,SANTANDER,2006,5,0.44999999999999996
68013,AGUADA,SANTANDER,2007,1,0.09
68013,AGUADA,SANTANDER,2008,11,0.99
68013,AGUADA,SANTANDER,2009,2,0.18
68013,AGUADA,SANTANDER,2012,6,0.54
68013,AGUADA,SANTANDER,2013,1,0.09
68013,AGUADA,SANTANDER,2014,3,0.27
68013,AGUADA,SANTANDER,2020,9,0.8099999999999999
68013,AGUADA,SANTANDER,2021,2,0.18
68020,ALBANIA,SANTANDER,2001,18,1.6199999999999999
68020,ALBANIA,SANTANDER,2002,28,2.52
68020,ALBANIA,SANTANDER,2003,51,4.59
68020,ALBANIA,SANTANDER,2004,8,0.72
68020,ALBANIA,SANTANDER,2005,17,1.53
68020,ALBANIA,SANTANDER,2006,11,0.99
68020,ALBANIA,SANTANDER,2007,5,0.44999999999999996
68020,ALBANIA,SANTANDER,2008,8,0.72
68020,ALBANIA,SANTANDER,2009,12,1.08
68020,ALBANIA,SANTANDER,2010,1,0.09
68020,ALBANIA,SANTANDER,2011,1,0.09
68020,ALBANIA,SANTANDER,2012,10,0.8999999999999999
68020,ALBANIA,SANTANDER,2014,9,0.8099999999999999
68020,ALBANIA,SANTANDER,2018,5,0.44999999999999996
68020,ALBANIA,SANTANDER,2019,10,0.8999999999999999
68020,ALBANIA,SANTANDER,2020,4,0.36
68020,ALBANIA,SANTANDER,2021,12,1.08
68051,ARATOCA,SANTANDER,2001,1,0.09
68051,ARATOCA,SANTANDER,2005,1,0.09
68051,ARATOCA,SANTANDER,2007,13,1.17
68051,ARATOCA,SANTANDER,2008,3,0.27
68051,ARATOCA,SANTANDER,2009,2,0.18
68051,ARATOCA,SANTANDER,2010,4,0.36
68051,ARATOCA,SANTANDER,2011,7,0.63
68051,ARATOCA,SANTANDER,2016,1,0.09
68051,ARATOCA,SANTANDER,2018,6,0.54
68051,ARATOCA,SANTANDER,2021,5,0.44999999999999996
68077,BARBOSA,SANTANDER,2001,1,0.09
68077,BARBOSA,SANTANDER,2003,1,0.09
68077,BARBOSA,SANTANDER,2004,13,1.17
68077,BARBOSA,SANTANDER,2005,3,0.27
68077,BARBOSA,SANTANDER,2007,18,1.6199999999999999
68077,BARBOSA,SANTANDER,2008,2,0.18
68077,BARBOSA,SANTANDER,2009,7,0.63
68077,BARBOSA,SANTANDER,2010,13,1.17
68077,BARBOSA,SANTANDER,2011,30,2.6999999999999997
68077,BARBOSA,SANTANDER,2012,10,0.8999999999999999
68077,BARBOSA,SANTANDER,2013,6,0.54
68077,BARBOSA,SANTANDER,2014,10,0.8999999999999999
68077,BARBOSA,SANTANDER,2015,10,0.8999999999999999
68077,BARBOSA,SANTANDER,2016,13,1.17
68077,BARBOSA,SANTANDER,2017,55,4.95
68077,BARBOSA,SANTANDER,2018,70,6.3
68077,BARBOSA,SANTANDER,2019,21,1.89
68077,BARBOSA,SANTANDER,2020,6,0.54
68077,BARBOSA,SANTANDER,2021,13,1.17
68077,BARBOSA,SANTANDER,2022,13,1.17
68077,BARBOSA,SANTANDER,2023,13,1.17
68079,BARICHARA,SANTANDER,2002,3,0.27
68079,BARICHARA,SANTANDER,2005,2,0.18
68079,BARICHARA,SANTANDER,2007,5,0.44999999999999996
68079,BARICHARA,SANTANDER,2008,4,0.36
68079,BARICHARA,SANTANDER,2012,21,1.89
68079,BARICHARA,SANTANDER,2013,24,2.16
68079,BARICHARA,SANTANDER,2016,53,4.77
68079,BARICHARA,SANTANDER,2022,42,3.78
68081,BARRANCABERMEJA,SANTANDER,2001,2,0.18
68081,BARRANCABERMEJA,SANTANDER,2004,9,0.8099999999999999
68081,BARRANCABERMEJA,SANTANDER,2006,71,6.39
68081,BARRANCABERMEJA,SANTANDER,2007,2,0.18
68081,BARRANCABERMEJA,SANTANDER,2009,1,0.09
68081,BARRANCABERMEJA,SANTANDER,2012,1,0.09
68081,BARRANCABERMEJA,SANTANDER,2014,3,0.27
68081,BARRANCABERMEJA,SANTANDER,2021,8,0.72
68092,BETULIA,SANTANDER,2002,4,0.36
68092,BETULIA,SANTANDER,2004,4,0.36
68092,BETULIA,SANTANDER,2009,1,0.09
68092,BETULIA,SANTANDER,2010,7,0.63
68092,BETULIA,SANTANDER,2011,2,0.18
68092,BETULIA,SANTANDER,2012,5,0.44999999999999996
68092,BETULIA,SANTANDER,2013,18,1.6199999999999999
68092,BETULIA,SANTANDER,2014,34,3.06
68092,BETULIA,SANTANDER,2015,51,4.59
68092,BETULIA,SANTANDER,2016,102,9.18
68092,BETULIA,SANTANDER,2017,203,18.27
68092,BETULIA,SANTANDER,2018,121,10.889999999999999
68092,BETULIA,SANTANDER,2019,160,14.399999999999999
68092,BETULIA,SANTANDER,2020,132,11.879999999999999
68092,BETULIA,SANTANDER,2021,128,11.52
68092,BETULIA,SANTANDER,2022,72,6.4799999999999995
68092,BETULIA,SANTANDER,2023,33,2.9699999999999998
68101,BOLÍVAR,SANTANDER,2002,61,5.49
68101,BOLÍVAR,SANTANDER,2003,4,0.36
68101,BOLÍVAR,SANTANDER,2004,55,4.95
68101,BOLÍVAR,SANTANDER,2006,8,0.72
68101,BOLÍVAR,SANTANDER,2008,3,0.27
68101,BOLÍVAR,SANTANDER,2009,2,0.18
68101,BOLÍVAR,SANTANDER,2010,28,2.52
68101,BOLÍVAR,SANTANDER,2012,15,1.3499999999999999
68101,BOLÍVAR,SANTANDER,2013,5,0.44999999999999996
68101,BOLÍVAR,SANTANDER,2014,25,2.25
68101,BOLÍVAR,SANTANDER,2015,29,2.61
68101,BOLÍVAR,SANTANDER,2017,6,0.54
68101,BOLÍVAR,SANTANDER,2018,11,0.99
68101,BOLÍVAR,SANTANDER,2019,28,2.52
68101,BOLÍVAR,SANTANDER,2020,31,2.79
68101,BOLÍVAR,SANTANDER,2021,37,3.33
68101,BOLÍVAR,SANTANDER,2022,55,4.95
68101,BOLÍVAR,SANTANDER,2023,19,1.71
68121,CABRERA,SANTANDER,2001,228,20.52
68121,CABRERA,SANTANDER,2002,306,27.54
68121,CABRERA,SANTANDER,2003,224,20.16
68121,CABRERA,SANTANDER,2004,358,32.22
68121,CABRERA,SANTANDER,2005,185,16.65
68121,CABRERA,SANTANDER,2006,586,52.739999999999995
68121,CABRERA,SANTANDER,2007,249,22.41
68121,CABRERA,SANTANDER,2008,321,28.89
68121,CABRERA,SANTANDER,2009,557,50.129999999999995
68121,CABRERA,SANTANDER,2010,431,38.79
68121,CABRERA,SANTANDER,2011,258,23.22
68121,CABRERA,SANTANDER,2012,461,41.49
68121,CABRERA,SANTANDER,2013,275,24.75
68121,CABRERA,SANTANDER,2014,452,40.68
68121,CABRERA,SANTANDER,2015,366,32.94
68121,CABRERA,SANTANDER,2016,960,86.39999999999999
68121,CABRERA,SANTANDER,2017,1982,178.38
68121,CABRERA,SANTANDER,2018,935,84.14999999999999
68121,CABRERA,SANTANDER,2019,963,86.67
68121,CABRERA,SANTANDER,2020,2029,182.60999999999999
68121,CABRERA,SANTANDER,2021,1043,93.86999999999999
68121,CABRERA,SANTANDER,2022,382,34.379999999999995
68121,CABRERA,SANTANDER,2023,763,68.67
68132,CALIFORNIA,SANTANDER,2001,25,2.25
68132,CALIFORNIA,SANTANDER,2002,2,0.18
68132,CALIFORNIA,SANTANDER,2003,6,0.54
68132,CALIFORNIA,SANTANDER,2004,20,1.7999999999999998
68132,CALIFORNIA,SANTANDER,2005,29,2.61
68132,CALIFORNIA,SANTANDER,2006,5,0.44999999999999996
68132,CALIFORNIA,SANTANDER,2007,9,0.8099999999999999
68132,CALIFORNIA,SANTANDER,2008,27,2.4299999999999997
68132,CALIFORNIA,SANTANDER,2009,36,3.2399999999999998
68132,CALIFORNIA,SANTANDER,2010,21,1.89
68132,CALIFORNIA,SANTANDER,2011,15,1.3499999999999999
68132,CALIFORNIA,SANTANDER,2012,15,1.3499999999999999
68132,CALIFORNIA,SANTANDER,2013,202,18.18
68132,CALIFORNIA,SANTANDER,2014,64,5.76
68132,CALIFORNIA,SANTANDER,2015,18,1.6199999999999999
68132,CALIFORNIA,SANTANDER,2016,137,12.33
68132,CALIFORNIA,SANTANDER,2017,122,10.98
68132,CALIFORNIA,SANTANDER,2018,291,26.189999999999998
68132,CALIFORNIA,SANTANDER,2019,82,7.38
68132,CALIFORNIA,SANTANDER,2020,85,7.6499999999999995
68132,CALIFORNIA,SANTANDER,2021,92,8.28
68132,CALIFORNIA,SANTANDER,2022,29,2.61
68132,CALIFORNIA,SANTANDER,2023,507,45.629999999999995
68147,CAPITANEJO,SANTANDER,2001,169,15.209999999999999
68147,CAPITANEJO,SANTANDER,2002,8,0.72
68147,CAPITANEJO,SANTANDER,2003,47,4.2299999999999995
68147,CAPITANEJO,SANTANDER,2004,53,4.77
68147,CAPITANEJO,SANTANDER,2005,71,6.39
68147,CAPITANEJO,SANTANDER,2006,81,7.29
68147,CAPITANEJO,SANTANDER,2007,104,9.36
68147,CAPITANEJO,SANTANDER,2008,118,10.62
68147,CAPITANEJO,SANTANDER,2009,171,15.389999999999999
68147,CAPITANEJO,SANTANDER,2010,76,6.84
68147,CAPITANEJO,SANTANDER,2011,32,2.88
68147,CAPITANEJO,SANTANDER,2012,72,6.4799999999999995
68147,CAPITANEJO,SANTANDER,2013,116,10.44
68147,CAPITANEJO,SANTANDER,2014,162,14.58
68147,CAPITANEJO,SANTANDER,2015,103,9.27
68147,CAPITANEJO,SANTANDER,2016,127,11.43
68147,CAPITANEJO,SANTANDER,2017,303,27.27
68147,CAPITANEJO,SANTANDER,2018,177,15.93
68147,CAPITANEJO,SANTANDER,2019,122,10.98
68147,CAPITANEJO,SANTANDER,2020,301,27.09
68147,CAPITANEJO,SANTANDER,2021,297,26.73
68147,CAPITANEJO,SANTANDER,2022,91,8.19
68147,CAPITANEJO,SANTANDER,2023,161,14.49
68152,CARCASÍ,SANTANDER,2002,3,0.27
68152,CARCASÍ,SANTANDER,2003,1,0.09
68152,CARCASÍ,SANTANDER,2008,6,0.54
68152,CARCASÍ,SANTANDER,2009,7,0.63
68152,CARCASÍ,SANTANDER,2011,3,0.27
68152,CARCASÍ,SANTANDER,2012,9,0.8099999999999999
68152,CARCASÍ,SANTANDER,2014,1,0.09
68152,CARCASÍ,SANTANDER,2015,2,0.18
68160,CEPITÁ,SANTANDER,2003,3,0.27
68160,CEPITÁ,SANTANDER,2005,3,0.27
68160,CEPITÁ,SANTANDER,2007,1,0.09
68160,CEPITÁ,SANTANDER,2008,1,0.09
68160,CEPITÁ,SANTANDER,2009,1,0.09
68160,CEPITÁ,SANTANDER,2012,5,0.44999999999999996
68160,CEPITÁ,SANTANDER,2014,12,1.08
68160,CEPITÁ,SANTANDER,2015,1,0.09
68160,CEPITÁ,SANTANDER,2016,2,0.18
68160,CEPITÁ,SANTANDER,2019,3,0.27
68160,CEPITÁ,SANTANDER,2021,3,0.27
68160,CEPITÁ,SANTANDER,2023,29,2.61
68162,CERRITO,SANTANDER,2001,3,0.27
68162,CERRITO,SANTANDER,2002,12,1.08
68162,CERRITO,SANTANDER,2003,110,9.9
68162,CERRITO,SANTANDER,2006,6,0.54
68162,CERRITO,SANTANDER,2007,3,0.27
68162,CERRITO,SANTANDER,2008,7,0.63
68162,CERRITO,SANTANDER,2009,5,0.44999999999999996
68162,CERRITO,SANTANDER,2010,1,0.09
68162,CERRITO,SANTANDER,2011,13,1.17
68162,CERRITO,SANTANDER,2012,24,2.16
68162,CERRITO,SANTANDER,2013,3,0.27
68162,CERRITO,SANTANDER,2014,7,0.63
68162,CERRITO,SANTANDER,2017,21,1.89
68162,CERRITO,SANTANDER,2019,47,4.2299999999999995
68162,CERRITO,SANTANDER,2023,22,1.98
68167,CHARALÁ,SANTANDER,2001,175,15.75
68167,CHARALÁ,SANTANDER,2002,46,4.14
68167,CHARALÁ,SANTANDER,2003,146,13.139999999999999
68167,CHARALÁ,SANTANDER,2004,218,19.62
68167,CHARALÁ,SANTANDER,2005,33,2.9699999999999998
68167,CHARALÁ,SANTANDER,2006,30,2.6999999999999997
68167,CHARALÁ,SANTANDER,2007,6,0.54
68167,CHARALÁ,SANTANDER,2008,62,5.58
68167,CHARALÁ,SANTANDER,2009,89,8.01
68167,CHARALÁ,SANTANDER,2010,275,24.75
68167,CHARALÁ,SANTANDER,2011,36,3.2399999999999998
68167,CHARALÁ,SANTANDER,2012,31,2.79
68167,CHARALÁ,SANTANDER,2013,42,3.78
68167,CHARALÁ,SANTANDER,2014,148,13.32
68167,CHARALÁ,SANTANDER,2015,38,3.42
68167,CHARALÁ,SANTANDER,2016,56,5.04
68167,CHARALÁ,SANTANDER,2017,163,14.67
68167,CHARALÁ,SANTANDER,2018,107,9.629999999999999
68167,CHARALÁ,SANTANDER,2019,342,30.779999999999998
68167,CHARALÁ,SANTANDER,2020,385,34.65
68167,CHARALÁ,SANTANDER,2021,260,23.4
68167,CHARALÁ,SANTANDER,2022,202,18.18
68167,CHARALÁ,SANTANDER,2023,418,37.62
68169,CHARTA,SANTANDER,2001,3,0.27
68169,CHARTA,SANTANDER,2004,2,0.18
68169,CHARTA,SANTANDER,2008,5,0.44999999999999996
68169,CHARTA,SANTANDER,2009,14,1.26
68169,CHARTA,SANTANDER,2011,22,1.98
68169,CHARTA,SANTANDER,2012,35,3.15
68169,CHARTA,SANTANDER,2013,82,7.38
68169,CHARTA,SANTANDER,2014,57,5.13
68169,CHARTA,SANTANDER,2015,55,4.95
68169,CHARTA,SANTANDER,2016,4,0.36
68169,CHARTA,SANTANDER,2017,45,4.05
68169,CHARTA,SANTANDER,2019,66,5.9399999999999995
68169,CHARTA,SANTANDER,2020,26,2.34
68176,CHIMA,SANTANDER,2001,25,2.25
68176,CHIMA,SANTANDER,2002,31,2.79
68176,CHIMA,SANTANDER,2003,16,1.44
68176,CHIMA,SANTANDER,2004,11,0.99
68176,CHIMA,SANTANDER,2005,3,0.27
68176,CHIMA,SANTANDER,2007,36,3.2399999999999998
68176,CHIMA,SANTANDER,2008,19,1.71
68176,CHIMA,SANTANDER,2009,7,0.63
68176,CHIMA,SANTANDER,2010,14,1.26
68176,CHIMA,SANTANDER,2011,4,0.36
68176,CHIMA,SANTANDER,2012,37,3.33
68176,CHIMA,SANTANDER,2013,2,0.18
68176,CHIMA,SANTANDER,2014,6,0.54
68176,CHIMA,SANTANDER,2015,4,0.36
68176,CHIMA,SANTANDER,2016,274,24.66
68176,CHIMA,SANTANDER,2017,11,0.99
68176,CHIMA,SANTANDER,2018,30,2.6999999999999997
68176,CHIMA,SANTANDER,2019,3244,291.96
68176,CHIMA,SANTANDER,2020,470,42.3
68176,CHIMA,SANTANDER,2021,9,0.8099999999999999
68176,CHIMA,SANTANDER,2022,8,0.72
68176,CHIMA,SANTANDER,2023,17,1.53
68179,CHIPATÁ,SANTANDER,2001,96,8.64
68179,CHIPATÁ,SANTANDER,2002,44,3.96
68179,CHIPATÁ,SANTANDER,2003,69,6.21
68179,CHIPATÁ,SANTANDER,2005,67,6.029999999999999
68179,CHIPATÁ,SANTANDER,2006,58,5.22
68179,CHIPATÁ,SANTANDER,2007,19,1.71
68179,CHIPATÁ,SANTANDER,2008,8,0.72
68179,CHIPATÁ,SANTANDER,2009,6,0.54
68179,CHIPATÁ,SANTANDER,2010,28,2.52
68179,CHIPATÁ,SANTANDER,2011,2,0.18
68179,CHIPATÁ,SANTANDER,2012,5,0.44999999999999996
68179,CHIPATÁ,SANTANDER,2013,172,15.479999999999999
68179,CHIPATÁ,SANTANDER,2014,414,37.26
68179,CHIPATÁ,SANTANDER,2016,45,4.05
68179,CHIPATÁ,SANTANDER,2017,16,1.44
68179,CHIPATÁ,SANTANDER,2018,11,0.99
68179,CHIPATÁ,SANTANDER,2019,52,4.68
68179,CHIPATÁ,SANTANDER,2020,97,8.73
68179,CHIPATÁ,SANTANDER,2021,2,0.18
68179,CHIPATÁ,SANTANDER,2022,22,1.98
68179,CHIPATÁ,SANTANDER,2023,22,1.98
68190,CIMITARRA,SANTANDER,2012,15,1.3499999999999999
68190,CIMITARRA,SANTANDER,2013,1,0.09
68190,CIMITARRA,SANTANDER,2014,3,0.27
68190,CIMITARRA,SANTANDER,2016,20,1.7999999999999998
68190,CIMITARRA,SANTANDER,2020,3,0.27
68207,CONCEPCIÓN,SANTANDER,2002,26,2.34
68207,CONCEPCIÓN,SANTANDER,2004,1,0.09
68207,CONCEPCIÓN,SANTANDER,2007,2,0.18
68207,CONCEPCIÓN,SANTANDER,2008,2,0.18
68207,CONCEPCIÓN,SANTANDER,2009,1,0.09
68207,CONCEPCIÓN,SANTANDER,2012,13,1.17
68207,CONCEPCIÓN,SANTANDER,2015,2,0.18
68207,CONCEPCIÓN,SANTANDER,2016,6,0.54
68207,CONCEPCIÓN,SANTANDER,2017,233,20.97
68207,CONCEPCIÓN,SANTANDER,2018,40,3.5999999999999996
68207,CONCEPCIÓN,SANTANDER,2020,6,0.54
68209,CONFINES,SANTANDER,2003,2,0.18
68209,CONFINES,SANTANDER,2005,2,0.18
68209,CONFINES,SANTANDER,2008,1,0.09
68209,CONFINES,SANTANDER,2009,1,0.09
68209,CONFINES,SANTANDER,2012,2,0.18
68209,CONFINES,SANTANDER,2013,6,0.54
68209,CONFINES,SANTANDER,2017,2,0.18
68211,CONTRATACIÓN,SANTANDER,2002,1,0.09
68211,CONTRATACIÓN,SANTANDER,2004,3,0.27
68211,CONTRATACIÓN,SANTANDER,2006,19,1.71
68211,CONTRATACIÓN,SANTANDER,2007,3,0.27
68211,CONTRATACIÓN,SANTANDER,2008,1,0.09
68211,CONTRATACIÓN,SANTANDER,2009,2,0.18
68211,CONTRATACIÓN,SANTANDER,2010,3,0.27
68211,CONTRATACIÓN,SANTANDER,2011,2,0.18
68211,CONTRATACIÓN,SANTANDER,2012,25,2.25
68211,CONTRATACIÓN,SANTANDER,2013,1,0.09
68211,CONTRATACIÓN,SANTANDER,2014,1,0.09
68211,CONTRATACIÓN,SANTANDER,2016,9,0.8099999999999999
68211,CONTRATACIÓN,SANTANDER,2017,308,27.72
68211,CONTRATACIÓN,SANTANDER,2018,19,1.71
68211,CONTRATACIÓN,SANTANDER,2019,11,0.99
68211,CONTRATACIÓN,SANTANDER,2020,17,1.53
68211,CONTRATACIÓN,SANTANDER,2021,4,0.36
68217,COROMORO,SANTANDER,2003,1,0.09
68217,COROMORO,SANTANDER,2010,2,0.18
68217,COROMORO,SANTANDER,2011,1,0.09
68217,COROMORO,SANTANDER,2012,3,0.27
68217,COROMORO,SANTANDER,2013,4,0.36
68217,COROMORO,SANTANDER,2014,1,0.09
68217,COROMORO,SANTANDER,2016,7,0.63
68217,COROMORO,SANTANDER,2017,1,0.09
68217,COROMORO,SANTANDER,2018,4,0.36
68217,COROMORO,SANTANDER,2023,19,1.71
68229,CURITÍ,SANTANDER,2001,141,12.69
68229,CURITÍ,SANTANDER,2002,39,3.51
68229,CURITÍ,SANTANDER,2003,70,6.3
68229,CURITÍ,SANTANDER,2004,23,2.07
68229,CURITÍ,SANTANDER,2005,64,5.76
68229,CURITÍ,SANTANDER,2006,3,0.27
68229,CURITÍ,SANTANDER,2007,92,8.28
68229,CURITÍ,SANTANDER,2008,174,15.66
68229,CURITÍ,SANTANDER,2009,45,4.05
68229,CURITÍ,SANTANDER,2010,47,4.2299999999999995
68229,CURITÍ,SANTANDER,2011,223,20.07
68229,CURITÍ,SANTANDER,2012,187,16.83
68229,CURITÍ,SANTANDER,2013,125,11.25
68229,CURITÍ,SANTANDER,2014,82,7.38
68229,CURITÍ,SANTANDER,2015,37,3.33
68229,CURITÍ,SANTANDER,2016,91,8.19
68229,CURITÍ,SANTANDER,2017,307,27.63
68229,CURITÍ,SANTANDER,2018,211,18.99
68229,CURITÍ,SANTANDER,2019,419,37.71
68229,CURITÍ,SANTANDER,2020,275,24.75
68229,CURITÍ,SANTANDER,2021,93,8.37
68229,CURITÍ,SANTANDER,2022,148,13.32
68229,CURITÍ,SANTANDER,2023,240,21.599999999999998
68235,EL CARMEN DE CHUCURÍ,SANTANDER,2004,6,0.54
68235,EL CARMEN DE CHUCURÍ,SANTANDER,2006,37,3.33
68235,EL CARMEN DE CHUCURÍ,SANTANDER,2007,14,1.26
68235,EL CARMEN DE CHUCURÍ,SANTANDER,2008,10,0.8999999999999999
68235,EL CARMEN DE CHUCURÍ,SANTANDER,2010,2,0.18
68235,EL CARMEN DE CHUCURÍ,SANTANDER,2011,2,0.18
68235,EL CARMEN DE CHUCURÍ,SANTANDER,2012,34,3.06
68235,EL CARMEN DE CHUCURÍ,SANTANDER,2013,40,3.5999999999999996
68235,EL CARMEN DE CHUCURÍ,SANTANDER,2014,98,8.82
68235,EL CARMEN DE CHUCURÍ,SANTANDER,2015,7,0.63
68235,EL CARMEN DE CHUCURÍ,SANTANDER,2016,38,3.42
68235,EL CARMEN DE CHUCURÍ,SANTANDER,2017,56,5.04
68235,EL CARMEN DE CHUCURÍ,SANTANDER,2018,40,3.5999999999999996
68235,EL CARMEN DE CHUCURÍ,SANTANDER,2019,4,0.36
68235,EL CARMEN DE CHUCURÍ,SANTANDER,2020,52,4.68
68235,EL CARMEN DE CHUCURÍ,SANTANDER,2021,19,1.71
68235,EL CARMEN DE CHUCURÍ,SANTANDER,2022,68,6.12
68235,EL CARMEN DE CHUCURÍ,SANTANDER,2023,27,2.4299999999999997
68245,EL GUACAMAYO,SANTANDER,2001,3,0.27
68245,EL GUACAMAYO,SANTANDER,2002,18,1.6199999999999999
68245,EL GUACAMAYO,SANTANDER,2003,253,22.77
68245,EL GUACAMAYO,SANTANDER,2004,423,38.07
68245,EL GUACAMAYO,SANTANDER,2006,1,0.09
68245,EL GUACAMAYO,SANTANDER,2007,1,0.09
68245,EL GUACAMAYO,SANTANDER,2008,6,0.54
68245,EL GUACAMAYO,SANTANDER,2009,1,0.09
68245,EL GUACAMAYO,SANTANDER,2010,5,0.44999999999999996
68245,EL GUACAMAYO,SANTANDER,2011,10,0.8999999999999999
68245,EL GUACAMAYO,SANTANDER,2012,36,3.2399999999999998
68245,EL GUACAMAYO,SANTANDER,2013,23,2.07
68245,EL GUACAMAYO,SANTANDER,2014,1,0.09
68250,EL PEÑÓN,SANTANDER,2011,13,1.17
68250,EL PEÑÓN,SANTANDER,2012,2,0.18
68255,EL PLAYÓN,SANTANDER,2004,1,0.09
68255,EL PLAYÓN,SANTANDER,2005,1,0.09
68255,EL PLAYÓN,SANTANDER,2006,10,0.8999999999999999
68255,EL PLAYÓN,SANTANDER,2007,2,0.18
68255,EL PLAYÓN,SANTANDER,2008,18,1.6199999999999999
68255,EL PLAYÓN,SANTANDER,2010,17,1.53
68255,EL PLAYÓN,SANTANDER,2011,5,0.44999999999999996
68255,EL PLAYÓN,SANTANDER,2012,15,1.3499999999999999
68255,EL PLAYÓN,SANTANDER,2013,9,0.8099999999999999
68255,EL PLAYÓN,SANTANDER,2014,24,2.16
68255,EL PLAYÓN,SANTANDER,2015,42,3.78
68255,EL PLAYÓN,SANTANDER,2016,9,0.8099999999999999
68255,EL PLAYÓN,SANTANDER,2017,48,4.32
68255,EL PLAYÓN,SANTANDER,2018,52,4.68
68255,EL PLAYÓN,SANTANDER,2019,86,7.739999999999999
68255,EL PLAYÓN,SANTANDER,2020,59,5.31
68255,EL PLAYÓN,SANTANDER,2021,63,5.67
68255,EL PLAYÓN,SANTANDER,2022,43,3.8699999999999997
68255,EL PLAYÓN,SANTANDER,2023,90,8.1
68264,ENCINO,SANTANDER,2003,5,0.44999999999999996
68264,ENCINO,SANTANDER,2007,2,0.18
68264,ENCINO,SANTANDER,2009,9,0.8099999999999999
68264,ENCINO,SANTANDER,2010,20,1.7999999999999998
68264,ENCINO,SANTANDER,2012,11,0.99
68264,ENCINO,SANTANDER,2015,3,0.27
68264,ENCINO,SANTANDER,2018,106,9.54
68264,ENCINO,SANTANDER,2019,23,2.07
68264,ENCINO,SANTANDER,2020,152,13.68
68264,ENCINO,SANTANDER,2021,89,8.01
68264,ENCINO,SANTANDER,2023,6,0.54
68266,ENCISO,SANTANDER,2002,1,0.09
68266,ENCISO,SANTANDER,2005,2,0.18
68266,ENCISO,SANTANDER,2012,17,1.53
68266,ENCISO,SANTANDER,2013,1,0.09
68271,FLORIÁN,SANTANDER,2002,3,0.27
68271,FLORIÁN,SANTANDER,2003,1,0.09
68271,FLORIÁN,SANTANDER,2004,2,0.18
68271,FLORIÁN,SANTANDER,2005,3,0.27
68271,FLORIÁN,SANTANDER,2007,3,0.27
68271,FLORIÁN,SANTANDER,2008,3,0.27
68271,FLORIÁN,SANTANDER,2009,7,0.63
68271,FLORIÁN,SANTANDER,2010,5,0.44999999999999996
68271,FLORIÁN,SANTANDER,2011,3,0.27
68271,FLORIÁN,SANTANDER,2012,31,2.79
68271,FLORIÁN,SANTANDER,2013,2,0.18
68276,FLORIDABLANCA,SANTANDER,2001,10,0.8999999999999999
68276,FLORIDABLANCA,SANTANDER,2002,3,0.27
68276,FLORIDABLANCA,SANTANDER,2003,3,0.27
68276,FLORIDABLANCA,SANTANDER,2004,4,0.36
68276,FLORIDABLANCA,SANTANDER,2005,1,0.09
68276,FLORIDABLANCA,SANTANDER,2006,4,0.36
68276,FLORIDABLANCA,SANTANDER,2007,4,0.36
68276,FLORIDABLANCA,SANTANDER,2008,1,0.09
68276,FLORIDABLANCA,SANTANDER,2009,6,0.54
68276,FLORIDABLANCA,SANTANDER,2010,6,0.54
68276,FLORIDABLANCA,SANTANDER,2011,6,0.54
68276,FLORIDABLANCA,SANTANDER,2012,122,10.98
68276,FLORIDABLANCA,SANTANDER,2013,3,0.27
68276,FLORIDABLANCA,SANTANDER,2014,3,0.27
68276,FLORIDABLANCA,SANTANDER,2018,38,3.42
68276,FLORIDABLANCA,SANTANDER,2020,147,13.229999999999999
68276,FLORIDABLANCA,SANTANDER,2022,3,0.27
68296,GALÁN,SANTANDER,2002,16,1.44
68296,GALÁN,SANTANDER,2007,4,0.36
68296,GALÁN,SANTANDER,2011,2,0.18
68296,GALÁN,SANTANDER,2012,4,0.36
68296,GALÁN,SANTANDER,2018,10,0.8999999999999999
68296,GALÁN,SANTANDER,2019,1,0.09
68298,GÁMBITA,SANTANDER,2001,16,1.44
68298,GÁMBITA,SANTANDER,2002,4,0.36
68298,GÁMBITA,SANTANDER,2003,38,3.42
68298,GÁMBITA,SANTANDER,2004,4,0.36
68298,GÁMBITA,SANTANDER,2006,5,0.44999999999999996
68298,GÁMBITA,SANTANDER,2007,1,0.09
68298,GÁMBITA,SANTANDER,2008,4,0.36
68298,GÁMBITA,SANTANDER,2009,2,0.18
68298,GÁMBITA,SANTANDER,2010,76,6.84
68298,GÁMBITA,SANTANDER,2011,12,1.08
68298,GÁMBITA,SANTANDER,2012,18,1.6199999999999999
68298,GÁMBITA,SANTANDER,2013,1,0.09
68298,GÁMBITA,SANTANDER,2014,19,1.71
68298,GÁMBITA,SANTANDER,2015,4,0.36
68298,GÁMBITA,SANTANDER,2019,71,6.39
68298,GÁMBITA,SANTANDER,2020,1,0.09
68307,GIRÓN,SANTANDER,2001,1146,103.14
68307,GIRÓN,SANTANDER,2002,80,7.199999999999999
68307,GIRÓN,SANTANDER,2003,684,61.559999999999995
68307,GIRÓN,SANTANDER,2004,78,7.02
68307,GIRÓN,SANTANDER,2005,131,11.79
68307,GIRÓN,SANTANDER,2006,119,10.709999999999999
68307,GIRÓN,SANTANDER,2007,204,18.36
68307,GIRÓN,SANTANDER,2008,147,13.229999999999999
68307,GIRÓN,SANTANDER,2009,193,17.37
68307,GIRÓN,SANTANDER,2010,113,10.17
68307,GIRÓN,SANTANDER,2011,217,19.529999999999998
68307,GIRÓN,SANTANDER,2012,372,33.48
68307,GIRÓN,SANTANDER,2013,209,18.81
68307,GIRÓN,SANTANDER,2014,157,14.129999999999999
68307,GIRÓN,SANTANDER,2015,212,19.08
68307,GIRÓN,SANTANDER,2016,347,31.23
68307,GIRÓN,SANTANDER,2017,394,35.46
68307,GIRÓN,SANTANDER,2018,945,85.05
68307,GIRÓN,SANTANDER,2019,1124,101.16
68307,GIRÓN,SANTANDER,2020,1100,99.0
68307,GIRÓN,SANTANDER,2021,189,17.009999999999998
68307,GIRÓN,SANTANDER,2022,76,6.84
68307,GIRÓN,SANTANDER,2023,635,57.15
68318,GUACA,SANTANDER,2006,1,0.09
68318,GUACA,SANTANDER,2012,3,0.27
68320,GUADALUPE,SANTANDER,2002,1,0.09
68320,GUADALUPE,SANTANDER,2005,2,0.18
68320,GUADALUPE,SANTANDER,2007,13,1.17
68320,GUADALUPE,SANTANDER,2008,1,0.09
68320,GUADALUPE,SANTANDER,2009,4,0.36
68320,GUADALUPE,SANTANDER,2012,69,6.21
68320,GUADALUPE,SANTANDER,2015,2,0.18
68320,GUADALUPE,SANTANDER,2016,6,0.54
68320,GUADALUPE,SANTANDER,2017,14,1.26
68320,GUADALUPE,SANTANDER,2018,1,0.09
68320,GUADALUPE,SANTANDER,2022,15,1.3499999999999999
68320,GUADALUPE,SANTANDER,2023,14,1.26
68322,GUAPOTÁ,SANTANDER,2001,61,5.49
68322,GUAPOTÁ,SANTANDER,2002,103,9.27
68322,GUAPOTÁ,SANTANDER,2003,251,22.59
68322,GUAPOTÁ,SANTANDER,2004,71,6.39
68322,GUAPOTÁ,SANTANDER,2005,69,6.21
68322,GUAPOTÁ,SANTANDER,2006,147,13.229999999999999
68322,GUAPOTÁ,SANTANDER,2007,89,8.01
68322,GUAPOTÁ,SANTANDER,2008,43,3.8699999999999997
68322,GUAPOTÁ,SANTANDER,2009,139,12.51
68322,GUAPOTÁ,SANTANDER,2010,322,28.98
68322,GUAPOTÁ,SANTANDER,2011,51,4.59
68322,GUAPOTÁ,SANTANDER,2012,663,59.669999999999995
68322,GUAPOTÁ,SANTANDER,2013,119,10.709999999999999
68322,GUAPOTÁ,SANTANDER,2014,72,6.4799999999999995
68322,GUAPOTÁ,SANTANDER,2015,104,9.36
68322,GUAPOTÁ,SANTANDER,2016,184,16.56
68322,GUAPOTÁ,SANTANDER,2017,254,22.86
68322,GUAPOTÁ,SANTANDER,2018,220,19.8
68322,GUAPOTÁ,SANTANDER,2019,224,20.16
68322,GUAPOTÁ,SANTANDER,2020,227,20.43
68322,GUAPOTÁ,SANTANDER,2021,190,17.099999999999998
68322,GUAPOTÁ,SANTANDER,2022,133,11.969999999999999
68322,GUAPOTÁ,SANTANDER,2023,290,26.099999999999998
68324,GUAVATÁ,SANTANDER,2001,7,0.63
68324,GUAVATÁ,SANTANDER,2002,10,0.8999999999999999
68324,GUAVATÁ,SANTANDER,2003,13,1.17
68324,GUAVATÁ,SANTANDER,2005,32,2.88
68324,GUAVATÁ,SANTANDER,2006,4,0.36
68324,GUAVATÁ,SANTANDER,2007,1,0.09
68324,GUAVATÁ,SANTANDER,2009,1,0.09
68324,GUAVATÁ,SANTANDER,2010,8,0.72
68324,GUAVATÁ,SANTANDER,2011,3,0.27
68324,GUAVATÁ,SANTANDER,2012,2,0.18
68324,GUAVATÁ,SANTANDER,2013,1,0.09
68324,GUAVATÁ,SANTANDER,2015,22,1.98
68324,GUAVATÁ,SANTANDER,2016,40,3.5999999999999996
68324,GUAVATÁ,SANTANDER,2017,3,0.27
68324,GUAVATÁ,SANTANDER,2018,7,0.63
68324,GUAVATÁ,SANTANDER,2023,4,0.36
68327,GÜEPSA,SANTANDER,2001,7,0.63
68327,GÜEPSA,SANTANDER,2002,5,0.44999999999999996
68327,GÜEPSA,SANTANDER,2003,40,3.5999999999999996
68327,GÜEPSA,SANTANDER,2004,6,0.54
68327,GÜEPSA,SANTANDER,2005,3,0.27
68327,GÜEPSA,SANTANDER,2006,20,1.7999999999999998
68327,GÜEPSA,SANTANDER,2007,1,0.09
68327,GÜEPSA,SANTANDER,2008,18,1.6199999999999999
68327,GÜEPSA,SANTANDER,2009,15,1.3499999999999999
68327,GÜEPSA,SANTANDER,2010,16,1.44
68327,GÜEPSA,SANTANDER,2011,8,0.72
68327,GÜEPSA,SANTANDER,2012,33,2.9699999999999998
68327,GÜEPSA,SANTANDER,2013,5,0.44999999999999996
68327,GÜEPSA,SANTANDER,2014,4,0.36
68327,GÜEPSA,SANTANDER,2015,9,0.8099999999999999
68327,GÜEPSA,SANTANDER,2016,26,2.34
68327,GÜEPSA,SANTANDER,2017,83,7.47
68327,GÜEPSA,SANTANDER,2018,18,1.6199999999999999
68327,GÜEPSA,SANTANDER,2019,80,7.199999999999999
68327,GÜEPSA,SANTANDER,2020,82,7.38
68327,GÜEPSA,SANTANDER,2021,19,1.71
68327,GÜEPSA,SANTANDER,2022,3,0.27
68327,GÜEPSA,SANTANDER,2023,16,1.44
68344,HATO,SANTANDER,2001,27,2.4299999999999997
68344,HATO,SANTANDER,2002,5,0.44999999999999996
68344,HATO,SANTANDER,2003,2,0.18
68344,HATO,SANTANDER,2004,15,1.3499999999999999
68344,HATO,SANTANDER,2005,2,0.18
68344,HATO,SANTANDER,2006,18,1.6199999999999999
68344,HATO,SANTANDER,2008,2,0.18
68344,HATO,SANTANDER,2010,1,0.09
68344,HATO,SANTANDER,2011,2,0.18
68344,HATO,SANTANDER,2012,89,8.01
68344,HATO,SANTANDER,2014,1,0.09
68344,HATO,SANTANDER,2016,12,1.08
68344,HATO,SANTANDER,2019,13,1.17
68344,HATO,SANTANDER,2020,17,1.53
68368,JESÚS MARÍA,SANTANDER,2004,2,0.18
68368,JESÚS MARÍA,SANTANDER,2007,3,0.27
68368,JESÚS MARÍA,SANTANDER,2010,2,0.18
68368,JESÚS MARÍA,SANTANDER,2011,6,0.54
68368,JESÚS MARÍA,SANTANDER,2012,13,1.17
68368,JESÚS MARÍA,SANTANDER,2014,2,0.18
68368,JESÚS MARÍA,SANTANDER,2020,11,0.99
68368,JESÚS MARÍA,SANTANDER,2021,55,4.95
68368,JESÚS MARÍA,SANTANDER,2022,7,0.63
68370,JORDÁN,SANTANDER,2005,1,0.09
68370,JORDÁN,SANTANDER,2007,2,0.18
68370,JORDÁN,SANTANDER,2011,3,0.27
68370,JORDÁN,SANTANDER,2012,27,2.4299999999999997
68370,JORDÁN,SANTANDER,2013,16,1.44
68370,JORDÁN,SANTANDER,2014,1,0.09
68377,LA BELLEZA,SANTANDER,2001,193,17.37
68377,LA BELLEZA,SANTANDER,2002,313,28.169999999999998
68377,LA BELLEZA,SANTANDER,2003,152,13.68
68377,LA BELLEZA,SANTANDER,2004,171,15.389999999999999
68377,LA BELLEZA,SANTANDER,2005,386,34.74
68377,LA BELLEZA,SANTANDER,2006,217,19.529999999999998
68377,LA BELLEZA,SANTANDER,2007,164,14.76
68377,LA BELLEZA,SANTANDER,2008,419,37.71
68377,LA BELLEZA,SANTANDER,2009,424,38.16
68377,LA BELLEZA,SANTANDER,2010,286,25.74
68377,LA BELLEZA,SANTANDER,2011,213,19.169999999999998
68377,LA BELLEZA,SANTANDER,2012,217,19.529999999999998
68377,LA BELLEZA,SANTANDER,2013,329,29.61
68377,LA BELLEZA,SANTANDER,2014,345,31.049999999999997
68377,LA BELLEZA,SANTANDER,2015,300,27.0
68377,LA BELLEZA,SANTANDER,2016,465,41.85
68377,LA BELLEZA,SANTANDER,2017,523,47.07
68377,LA BELLEZA,SANTANDER,2018,407,36.629999999999995
68377,LA BELLEZA,SANTANDER,2019,498,44.82
68377,LA BELLEZA,SANTANDER,2020,714,64.25999999999999
68377,LA BELLEZA,SANTANDER,2021,245,22.05
68377,LA BELLEZA,SANTANDER,2022,288,25.919999999999998
68377,LA BELLEZA,SANTANDER,2023,2699,242.91
68385,LANDÁZURI,SANTANDER,2001,30,2.6999999999999997
68385,LANDÁZURI,SANTANDER,2002,68,6.12
68385,LANDÁZURI,SANTANDER,2003,6,0.54
68385,LANDÁZURI,SANTANDER,2004,20,1.7999999999999998
68385,LANDÁZURI,SANTANDER,2005,25,2.25
68385,LANDÁZURI,SANTANDER,2006,11,0.99
68385,LANDÁZURI,SANTANDER,2007,30,2.6999999999999997
68385,LANDÁZURI,SANTANDER,2008,51,4.59
68385,LANDÁZURI,SANTANDER,2009,26,2.34
68385,LANDÁZURI,SANTANDER,2010,86,7.739999999999999
68385,LANDÁZURI,SANTANDER,2011,54,4.859999999999999
68385,LANDÁZURI,SANTANDER,2012,39,3.51
68385,LANDÁZURI,SANTANDER,2013,82,7.38
68385,LANDÁZURI,SANTANDER,2014,94,8.459999999999999
68385,LANDÁZURI,SANTANDER,2015,61,5.49
68385,LANDÁZURI,SANTANDER,2016,102,9.18
68385,LANDÁZURI,SANTANDER,2017,24,2.16
68385,LANDÁZURI,SANTANDER,2018,72,6.4799999999999995
68385,LANDÁZURI,SANTANDER,2019,68,6.12
68385,LANDÁZURI,SANTANDER,2020,165,14.85
68385,LANDÁZURI,SANTANDER,2021,72,6.4799999999999995
68385,LANDÁZURI,SANTANDER,2022,86,7.739999999999999
68385,LANDÁZURI,SANTANDER,2023,207,18.63
68397,LA PAZ,SANTANDER,2001,4,0.36
68397,LA PAZ,SANTANDER,2002,8,0.72
68397,LA PAZ,SANTANDER,2003,8,0.72
68397,LA PAZ,SANTANDER,2004,5,0.44999999999999996
68397,LA PAZ,SANTANDER,2005,38,3.42
68397,LA PAZ,SANTANDER,2006,3,0.27
68397,LA PAZ,SANTANDER,2007,1,0.09
68397,LA PAZ,SANTANDER,2008,56,5.04
68397,LA PAZ,SANTANDER,2009,30,2.6999999999999997
68397,LA PAZ,SANTANDER,2010,23,2.07
68397,LA PAZ,SANTANDER,2011,42,3.78
68397,LA PAZ,SANTANDER,2012,101,9.09
68397,LA PAZ,SANTANDER,2013,9,0.8099999999999999
68397,LA PAZ,SANTANDER,2014,11,0.99
68397,LA PAZ,SANTANDER,2015,48,4.32
68397,LA PAZ,SANTANDER,2016,18,1.6199999999999999
68397,LA PAZ,SANTANDER,2017,18,1.6199999999999999
68397,LA PAZ,SANTANDER,2018,3,0.27
68397,LA PAZ,SANTANDER,2019,9,0.8099999999999999
68397,LA PAZ,SANTANDER,2020,7,0.63
68397,LA PAZ,SANTANDER,2021,15,1.3499999999999999
68397,LA PAZ,SANTANDER,2022,19,1.71
68397,LA PAZ,SANTANDER,2023,12,1.08
68755,SOCORRO,SANTANDER,2001,112,10.08
68755,SOCORRO,SANTANDER,2002,32,2.88
68755,SOCORRO,SANTANDER,2003,39,3.51
68755,SOCORRO,SANTANDER,2004,63,5.67
68755,SOCORRO,SANTANDER,2005,38,3.42
68755,SOCORRO,SANTANDER,2006,71,6.39
68755,SOCORRO,SANTANDER,2007,101,9.09
68755,SOCORRO,SANTANDER,2008,41,3.69
68755,SOCORRO,SANTANDER,2009,62,5.58
68755,SOCORRO,SANTANDER,2010,89,8.01
68755,SOCORRO,SANTANDER,2011,53,4.77
68755,SOCORRO,SANTANDER,2012,75,6.75
68755,SOCORRO,SANTANDER,2013,25,2.25
68755,SOCORRO,SANTANDER,2014,68,6.12
68755,SOCORRO,SANTANDER,2015,18,1.6199999999999999
68755,SOCORRO,SANTANDER,2016,56,5.04
68755,SOCORRO,SANTANDER,2017,123,11.07
68755,SOCORRO,SANTANDER,2018,24,2.16
68755,SOCORRO,SANTANDER,2019,29,2.61
68755,SOCORRO,SANTANDER,2020,23,2.07
68755,SOCORRO,SANTANDER,2021,25,2.25
68755,SOCORRO,SANTANDER,2022,11,0.99
68755,SOCORRO,SANTANDER,2023,31,2.79
68770,SUAITA,SANTANDER,2001,42,3.78
68770,SUAITA,SANTANDER,2002,80,7.199999999999999
68770,SUAITA,SANTANDER,2003,24,2.16
68770,SUAITA,SANTANDER,2004,197,17.73
68770,SUAITA,SANTANDER,2005,87,7.83
68770,SUAITA,SANTANDER,2006,119,10.709999999999999
68770,SUAITA,SANTANDER,2007,73,6.569999999999999
68770,SUAITA,SANTANDER,2008,48,4.32
68770,SUAITA,SANTANDER,2009,216,19.439999999999998
68770,SUAITA,SANTANDER,2010,161,14.49
68770,SUAITA,SANTANDER,2011,118,10.62
68770,SUAITA,SANTANDER,2012,229,20.61
68770,SUAITA,SANTANDER,2013,29,2.61
68770,SUAITA,SANTANDER,2014,67,6.029999999999999
68770,SUAITA,SANTANDER,2015,21,1.89
68770,SUAITA,SANTANDER,2016,47,4.2299999999999995
68770,SUAITA,SANTANDER,2017,144,12.959999999999999
68770,SUAITA,SANTANDER,2018,39,3.51
68770,SUAITA,SANTANDER,2019,56,5.04
68770,SUAITA,SANTANDER,2020,71,6.39
68770,SUAITA,SANTANDER,2021,55,4.95
68770,SUAITA,SANTANDER,2022,36,3.2399999999999998
68770,SUAITA,SANTANDER,2023,52,4.68
68773,SUCRE,SANTANDER,2001,63,5.67
68773,SUCRE,SANTANDER,2002,52,4.68
68773,SUCRE,SANTANDER,2003,33,2.9699999999999998
68773,SUCRE,SANTANDER,2004,83,7.47
68773,SUCRE,SANTANDER,2005,53,4.77
68773,SUCRE,SANTANDER,2006,108,9.719999999999999
68773,SUCRE,SANTANDER,2007,57,5.13
68773,SUCRE,SANTANDER,2008,78,7.02
68773,SUCRE,SANTANDER,2009,106,9.54
68773,SUCRE,SANTANDER,2010,115,10.35
68773,SUCRE,SANTANDER,2011,74,6.66
68773,SUCRE,SANTANDER,2012,308,27.72
68773,SUCRE,SANTANDER,2013,14,1.26
68773,SUCRE,SANTANDER,2014,35,3.15
68773,SUCRE,SANTANDER,2015,15,1.3499999999999999
68773,SUCRE,SANTANDER,2016,2,0.18
68773,SUCRE,SANTANDER,2017,86,7.739999999999999
68773,SUCRE,SANTANDER,2018,80,7.199999999999999
68773,SUCRE,SANTANDER,2019,10,0.8999999999999999
68773,SUCRE,SANTANDER,2020,70,6.3
68773,SUCRE,SANTANDER,2021,201,18.09
68773,SUCRE,SANTANDER,2022,78,7.02
68773,SUCRE,SANTANDER,2023,43,3.8699999999999997
68780,SURATÁ,SANTANDER,2001,80,7.199999999999999
68780,SURATÁ,SANTANDER,2002,83,7.47
68780,SURATÁ,SANTANDER,2003,24,2.16
68780,SURATÁ,SANTANDER,2004,70,6.3
68780,SURATÁ,SANTANDER,2005,97,8.73
68780,SURATÁ,SANTANDER,2006,107,9.629999999999999
68780,SURATÁ,SANTANDER,2007,67,6.029999999999999
68780,SURATÁ,SANTANDER,2008,20,1.7999999999999998
68780,SURATÁ,SANTANDER,2009,30,2.6999999999999997
68780,SURATÁ,SANTANDER,2010,11,0.99
68780,SURATÁ,SANTANDER,2011,35,3.15
68780,SURATÁ,SANTANDER,2012,33,2.9699999999999998
68780,SURATÁ,SANTANDER,2013,12,1.08
68780,SURATÁ,SANTANDER,2014,3,0.27
68780,SURATÁ,SANTANDER,2015,5,0.44999999999999996
68780,SURATÁ,SANTANDER,2016,31,2.79
68780,SURATÁ,SANTANDER,2017,6,0.54
68780,SURATÁ,SANTANDER,2018,30,2.6999999999999997
68780,SURATÁ,SANTANDER,2022,11,0.99
68780,SURATÁ,SANTANDER,2023,45,4.05
68820,TONA,SANTANDER,2001,27,2.4299999999999997
68820,TONA,SANTANDER,2002,9,0.8099999999999999
68820,TONA,SANTANDER,2003,16,1.44
68820,TONA,SANTANDER,2004,105,9.45
68820,TONA,SANTANDER,2005,43,3.8699999999999997
68820,TONA,SANTANDER,2006,49,4.41
68820,TONA,SANTANDER,2007,27,2.4299999999999997
68820,TONA,SANTANDER,2008,20,1.7999999999999998
68820,TONA,SANTANDER,2009,34,3.06
68820,TONA,SANTANDER,2010,21,1.89
68820,TONA,SANTANDER,2011,86,7.739999999999999
68820,TONA,SANTANDER,2012,114,10.26
68820,TONA,SANTANDER,2013,17,1.53
68820,TONA,SANTANDER,2014,104,9.36
68820,TONA,SANTANDER,2015,30,2.6999999999999997
68820,TONA,SANTANDER,2016,51,4.59
68820,TONA,SANTANDER,2017,42,3.78
68820,TONA,SANTANDER,2018,1,0.09
68820,TONA,SANTANDER,2019,3,0.27
68820,TONA,SANTANDER,2023,11,0.99
68855,VALLE DE SAN JOSÉ,SANTANDER,2001,84,7.56
68855,VALLE DE SAN JOSÉ,SANTANDER,2002,16,1.44
68855,VALLE DE SAN JOSÉ,SANTANDER,2003,1,0.09
68855,VALLE DE SAN JOSÉ,SANTANDER,2004,198,17.82
68855,VALLE DE SAN JOSÉ,SANTANDER,2005,27,2.4299999999999997
68855,VALLE DE SAN JOSÉ,SANTANDER,2006,6,0.54
68855,VALLE DE SAN JOSÉ,SANTANDER,2007,171,15.389999999999999
68855,VALLE DE SAN JOSÉ,SANTANDER,2008,32,2.88
68855,VALLE DE SAN JOSÉ,SANTANDER,2009,57,5.13
68855,VALLE DE SAN JOSÉ,SANTANDER,2010,63,5.67
68855,VALLE DE SAN JOSÉ,SANTANDER,2011,232,20.88
68855,VALLE DE SAN JOSÉ,SANTANDER,2012,235,21.15
68855,VALLE DE SAN JOSÉ,SANTANDER,2013,134,12.059999999999999
68855,VALLE DE SAN JOSÉ,SANTANDER,2014,100,9.0
68855,VALLE DE SAN JOSÉ,SANTANDER,2015,225,20.25
68855,VALLE DE SAN JOSÉ,SANTANDER,2016,37,3.33
68855,VALLE DE SAN JOSÉ,SANTANDER,2017,30,2.6999999999999997
68855,VALLE DE SAN JOSÉ,SANTANDER,2018,14,1.26
68855,VALLE DE SAN JOSÉ,SANTANDER,2019,95,8.549999999999999
68855,VALLE DE SAN JOSÉ,SANTANDER,2020,67,6.029999999999999
68855,VALLE DE SAN JOSÉ,SANTANDER,2021,15,1.3499999999999999
68855,VALLE DE SAN JOSÉ,SANTANDER,2022,12,1.08
68855,VALLE DE SAN JOSÉ,SANTANDER,2023,374,33.66
68861,VÉLEZ,SANTANDER,2001,8,0.72
68861,VÉLEZ,SANTANDER,2002,25,2.25
68861,VÉLEZ,SANTANDER,2004,33,2.9699999999999998
68861,VÉLEZ,SANTANDER,2005,43,3.8699999999999997
68861,VÉLEZ,SANTANDER,2006,77,6.93
68861,VÉLEZ,SANTANDER,2007,60,5.3999999999999995
68861,VÉLEZ,SANTANDER,2008,89,8.01
68861,VÉLEZ,SANTANDER,2009,26,2.34
68861,VÉLEZ,SANTANDER,2010,39,3.51
68861,VÉLEZ,SANTANDER,2011,14,1.26
68861,VÉLEZ,SANTANDER,2012,50,4.5
68861,VÉLEZ,SANTANDER,2013,56,5.04
68861,VÉLEZ,SANTANDER,2014,23,2.07
68861,VÉLEZ,SANTANDER,2015,28,2.52
68861,VÉLEZ,SANTANDER,2016,11,0.99
68861,VÉLEZ,SANTANDER,2017,31,2.79
68861,VÉLEZ,SANTANDER,2018,5,0.44999999999999996
68861,VÉLEZ,SANTANDER,2019,7,0.63
68861,VÉLEZ,SANTANDER,2020,7,0.63
68861,VÉLEZ,SANTANDER,2021,5,0.44999999999999996
68867,VETAS,SANTANDER,2001,46,4.14
68867,VETAS,SANTANDER,2002,91,8.19
68867,VETAS,SANTANDER,2003,74,6.66
68867,VETAS,SANTANDER,2004,301,27.09
68867,VETAS,SANTANDER,2005,43,3.8699999999999997
68867,VETAS,SANTANDER,2006,238,21.419999999999998
68867,VETAS,SANTANDER,2007,56,5.04
68867,VETAS,SANTANDER,2008,156,14.04
68867,VETAS,SANTANDER,2009,104,9.36
68867,VETAS,SANTANDER,2010,99,8.91
68867,VETAS,SANTANDER,2011,75,6.75
68867,VETAS,SANTANDER,2012,94,8.459999999999999
68867,VETAS,SANTANDER,2013,4,0.36
68867,VETAS,SANTANDER,2014,16,1.44
68867,VETAS,SANTANDER,2015,10,0.8999999999999999
68867,VETAS,SANTANDER,2016,111,9.99
68867,VETAS,SANTANDER,2017,233,20.97
68867,VETAS,SANTANDER,2018,76,6.84
68867,VETAS,SANTANDER,2019,163,14.67
68867,VETAS,SANTANDER,2020,89,8.01
68867,VETAS,SANTANDER,2021,41,3.69
68867,VETAS,SANTANDER,2022,30,2.6999999999999997
68867,VETAS,SANTANDER,2023,91,8.19
68872,VILLANUEVA,SANTANDER,2001,30,2.6999999999999997
68872,VILLANUEVA,SANTANDER,2002,33,2.9699999999999998
68872,VILLANUEVA,SANTANDER,2003,14,1.26
68872,VILLANUEVA,SANTANDER,2004,142,12.78
68872,VILLANUEVA,SANTANDER,2005,38,3.42
68872,VILLANUEVA,SANTANDER,2006,102,9.18
68872,VILLANUEVA,SANTANDER,2007,35,3.15
68872,VILLANUEVA,SANTANDER,2008,78,7.02
68872,VILLANUEVA,SANTANDER,2009,79,7.109999999999999
68872,VILLANUEVA,SANTANDER,2010,919,82.71
68872,VILLANUEVA,SANTANDER,2011,45,4.05
68872,VILLANUEVA,SANTANDER,2012,108,9.719999999999999
68872,VILLANUEVA,SANTANDER,2013,6,0.54
68872,VILLANUEVA,SANTANDER,2015,17,1.53
68872,VILLANUEVA,SANTANDER,2016,35,3.15
68872,VILLANUEVA,SANTANDER,2017,27,2.4299999999999997
68872,VILLANUEVA,SANTANDER,2018,67,6.029999999999999
68872,VILLANUEVA,SANTANDER,2019,11,0.99
68872,VILLANUEVA,SANTANDER,2020,332,29.88
68872,VILLANUEVA,SANTANDER,2021,21,1.89
68872,VILLANUEVA,SANTANDER,2022,7,0.63
68872,VILLANUEVA,SANTANDER,2023,29,2.61
68895,ZAPATOCA,SANTANDER,2001,71,6.39
68895,ZAPATOCA,SANTANDER,2002,121,10.889999999999999
68895,ZAPATOCA,SANTANDER,2003,56,5.04
68895,ZAPATOCA,SANTANDER,2004,198,17.82
68895,ZAPATOCA,SANTANDER,2005,135,12.15
68895,ZAPATOCA,SANTANDER,2006,272,24.48
68895,ZAPATOCA,SANTANDER,2007,169,15.209999999999999
68895,ZAPATOCA,SANTANDER,2008,157,14.129999999999999
68895,ZAPATOCA,SANTANDER,2009,123,11.07
68895,ZAPATOCA,SANTANDER,2010,233,20.97
68895,ZAPATOCA,SANTANDER,2011,155,13.95
68895,ZAPATOCA,SANTANDER,2012,224,20.16
68895,ZAPATOCA,SANTANDER,2013,9,0.8099999999999999
68895,ZAPATOCA,SANTANDER,2014,27,2.4299999999999997
68895,ZAPATOCA,SANTANDER,2015,5,0.44999999999999996
68895,ZAPATOCA,SANTANDER,2016,319,28.709999999999997
68895,ZAPATOCA,SANTANDER,2017,135,12.15
68895,ZAPATOCA,SANTANDER,2018,228,20.52
68895,ZAPATOCA,SANTANDER,2019,193,17.37
68895,ZAPATOCA,SANTANDER,2020,172,15.479999999999999
68895,ZAPATOCA,SANTANDER,2021,28,2.52
68895,ZAPATOCA,SANTANDER,2022,104,9.36
68895,ZAPATOCA,SANTANDER,2023,59,5.31
70001,SINCELEJO,SUCRE,2001,518,46.62
70001,SINCELEJO,SUCRE,2002,58,5.22
70001,SINCELEJO,SUCRE,2003,251,22.59
70001,SINCELEJO,SUCRE,2004,538,48.42
70001,SINCELEJO,SUCRE,2005,710,63.9
70001,SINCELEJO,SUCRE,2006,695,62.55
70001,SINCELEJO,SUCRE,2007,991,89.19
70001,SINCELEJO,SUCRE,2008,224,20.16
70001,SINCELEJO,SUCRE,2009,453,40.769999999999996
70001,SINCELEJO,SUCRE,2010,761,68.49
70001,SINCELEJO,SUCRE,2011,269,24.21
70001,SINCELEJO,SUCRE,2012,243,21.869999999999997
70001,SINCELEJO,SUCRE,2013,42,3.78
70001,SINCELEJO,SUCRE,2014,79,7.109999999999999
70001,SINCELEJO,SUCRE,2015,78,7.02
70001,SINCELEJO,SUCRE,2016,171,15.389999999999999
70001,SINCELEJO,SUCRE,2017,94,8.459999999999999
70001,SINCELEJO,SUCRE,2018,39,3.51
70001,SINCELEJO,SUCRE,2019,106,9.54
70001,SINCELEJO,SUCRE,2020,47,4.2299999999999995
70001,SINCELEJO,SUCRE,2021,130,11.7
70001,SINCELEJO,SUCRE,2022,82,7.38
70001,SINCELEJO,SUCRE,2023,42,3.78
70110,BUENAVISTA,SUCRE,2001,338,30.419999999999998
70110,BUENAVISTA,SUCRE,2002,246,22.14
70110,BUENAVISTA,SUCRE,2003,491,44.19
70110,BUENAVISTA,SUCRE,2004,418,37.62
70110,BUENAVISTA,SUCRE,2005,525,47.25
70110,BUENAVISTA,SUCRE,2006,734,66.06
70110,BUENAVISTA,SUCRE,2007,1104,99.36
70110,BUENAVISTA,SUCRE,2008,665,59.849999999999994
70110,BUENAVISTA,SUCRE,2009,1291,116.19
70110,BUENAVISTA,SUCRE,2010,393,35.37
70110,BUENAVISTA,SUCRE,2011,535,48.15
70110,BUENAVISTA,SUCRE,2012,318,28.619999999999997
70110,BUENAVISTA,SUCRE,2013,175,15.75
70110,BUENAVISTA,SUCRE,2014,268,24.119999999999997
70110,BUENAVISTA,SUCRE,2015,107,9.629999999999999
70110,BUENAVISTA,SUCRE,2016,385,34.65
70110,BUENAVISTA,SUCRE,2017,1017,91.53
70110,BUENAVISTA,SUCRE,2018,236,21.24
70110,BUENAVISTA,SUCRE,2019,562,50.58
70110,BUENAVISTA,SUCRE,2020,709,63.809999999999995
70110,BUENAVISTA,SUCRE,2021,480,43.199999999999996
70110,BUENAVISTA,SUCRE,2022,426,38.339999999999996
70110,BUENAVISTA,SUCRE,2023,679,61.11
70124,CAIMITO,SUCRE,2001,142,12.78
70124,CAIMITO,SUCRE,2002,134,12.059999999999999
70124,CAIMITO,SUCRE,2003,13,1.17
70124,CAIMITO,SUCRE,2004,39,3.51
70124,CAIMITO,SUCRE,2005,19,1.71
70124,CAIMITO,SUCRE,2006,152,13.68
70124,CAIMITO,SUCRE,2007,88,7.92
70124,CAIMITO,SUCRE,2008,97,8.73
70124,CAIMITO,SUCRE,2009,335,30.15
70124,CAIMITO,SUCRE,2010,117,10.53
70124,CAIMITO,SUCRE,2011,73,6.569999999999999
70124,CAIMITO,SUCRE,2012,119,10.709999999999999
70124,CAIMITO,SUCRE,2013,71,6.39
70124,CAIMITO,SUCRE,2014,57,5.13
70124,CAIMITO,SUCRE,2015,335,30.15
70124,CAIMITO,SUCRE,2016,724,65.16
70124,CAIMITO,SUCRE,2017,1695,152.54999999999998
70124,CAIMITO,SUCRE,2018,811,72.99
70124,CAIMITO,SUCRE,2019,1361,122.49
70124,CAIMITO,SUCRE,2020,196,17.64
70124,CAIMITO,SUCRE,2021,52,4.68
70124,CAIMITO,SUCRE,2022,138,12.42
70124,CAIMITO,SUCRE,2023,371,33.39
70204,COLOSÓ,SUCRE,2001,92,8.28
70204,COLOSÓ,SUCRE,2002,31,2.79
70204,COLOSÓ,SUCRE,2003,3,0.27
70204,COLOSÓ,SUCRE,2004,8,0.72
70204,COLOSÓ,SUCRE,2005,33,2.9699999999999998
70204,COLOSÓ,SUCRE,2006,36,3.2399999999999998
70204,COLOSÓ,SUCRE,2007,24,2.16
70204,COLOSÓ,SUCRE,2008,22,1.98
70204,COLOSÓ,SUCRE,2009,30,2.6999999999999997
70204,COLOSÓ,SUCRE,2010,2,0.18
70204,COLOSÓ,SUCRE,2011,12,1.08
70204,COLOSÓ,SUCRE,2012,12,1.08
70204,COLOSÓ,SUCRE,2013,39,3.51
70204,COLOSÓ,SUCRE,2014,57,5.13
70204,COLOSÓ,SUCRE,2015,9,0.8099999999999999
70204,COLOSÓ,SUCRE,2016,10,0.8999999999999999
70204,COLOSÓ,SUCRE,2017,379,34.11
70204,COLOSÓ,SUCRE,2018,8,0.72
70204,COLOSÓ,SUCRE,2019,340,30.599999999999998
70204,COLOSÓ,SUCRE,2020,24,2.16
70204,COLOSÓ,SUCRE,2021,22,1.98
70204,COLOSÓ,SUCRE,2022,33,2.9699999999999998
70204,COLOSÓ,SUCRE,2023,916,82.44
70215,COROZAL,SUCRE,2001,103,9.27
70215,COROZAL,SUCRE,2002,36,3.2399999999999998
70215,COROZAL,SUCRE,2003,19,1.71
70215,COROZAL,SUCRE,2004,21,1.89
70215,COROZAL,SUCRE,2005,35,3.15
70215,COROZAL,SUCRE,2006,22,1.98
70215,COROZAL,SUCRE,2007,64,5.76
70215,COROZAL,SUCRE,2008,174,15.66
70215,COROZAL,SUCRE,2009,337,30.33
70215,COROZAL,SUCRE,2010,48,4.32
70215,COROZAL,SUCRE,2011,58,5.22
70215,COROZAL,SUCRE,2012,43,3.8699999999999997
70215,COROZAL,SUCRE,2013,10,0.8999999999999999
70215,COROZAL,SUCRE,2014,61,5.49
70215,COROZAL,SUCRE,2015,37,3.33
70215,COROZAL,SUCRE,2016,311,27.99
70215,COROZAL,SUCRE,2017,245,22.05
70215,COROZAL,SUCRE,2018,69,6.21
70215,COROZAL,SUCRE,2019,31,2.79
70215,COROZAL,SUCRE,2020,342,30.779999999999998
70215,COROZAL,SUCRE,2021,1068,96.11999999999999
70215,COROZAL,SUCRE,2022,393,35.37
70215,COROZAL,SUCRE,2023,477,42.93
70221,COVEÑAS,SUCRE,2001,1,0.09
70221,COVEÑAS,SUCRE,2002,1,0.09
70221,COVEÑAS,SUCRE,2003,2,0.18
70221,COVEÑAS,SUCRE,2004,2,0.18
70221,COVEÑAS,SUCRE,2005,2,0.18
70221,COVEÑAS,SUCRE,2006,3,0.27
70221,COVEÑAS,SUCRE,2007,4,0.36
70221,COVEÑAS,SUCRE,2008,33,2.9699999999999998
70221,COVEÑAS,SUCRE,2009,10,0.8999999999999999
70221,COVEÑAS,SUCRE,2010,2,0.18
70221,COVEÑAS,SUCRE,2011,7,0.63
70221,COVEÑAS,SUCRE,2017,10,0.8999999999999999
70221,COVEÑAS,SUCRE,2020,6,0.54
70230,CHALÁN,SUCRE,2001,12,1.08
70230,CHALÁN,SUCRE,2002,5,0.44999999999999996
70230,CHALÁN,SUCRE,2003,5,0.44999999999999996
70230,CHALÁN,SUCRE,2004,1,0.09
70230,CHALÁN,SUCRE,2006,1,0.09
70230,CHALÁN,SUCRE,2007,18,1.6199999999999999
70230,CHALÁN,SUCRE,2008,79,7.109999999999999
70230,CHALÁN,SUCRE,2009,112,10.08
70230,CHALÁN,SUCRE,2010,37,3.33
70230,CHALÁN,SUCRE,2011,29,2.61
70230,CHALÁN,SUCRE,2012,6,0.54
70230,CHALÁN,SUCRE,2013,2,0.18
70230,CHALÁN,SUCRE,2014,13,1.17
70230,CHALÁN,SUCRE,2015,29,2.61
70230,CHALÁN,SUCRE,2016,1,0.09
70230,CHALÁN,SUCRE,2017,53,4.77
70230,CHALÁN,SUCRE,2019,267,24.029999999999998
70230,CHALÁN,SUCRE,2020,219,19.71
70230,CHALÁN,SUCRE,2021,2,0.18
70230,CHALÁN,SUCRE,2022,145,13.049999999999999
70230,CHALÁN,SUCRE,2023,27,2.4299999999999997
70233,EL ROBLE,SUCRE,2001,3,0.27
70233,EL ROBLE,SUCRE,2003,1,0.09
70233,EL ROBLE,SUCRE,2006,3,0.27
70233,EL ROBLE,SUCRE,2007,7,0.63
70233,EL ROBLE,SUCRE,2009,45,4.05
70233,EL ROBLE,SUCRE,2010,5,0.44999999999999996
70233,EL ROBLE,SUCRE,2011,1,0.09
70233,EL ROBLE,SUCRE,2012,3,0.27
70233,EL ROBLE,SUCRE,2014,2,0.18
70233,EL ROBLE,SUCRE,2015,5,0.44999999999999996
70233,EL ROBLE,SUCRE,2018,6,0.54
70233,EL ROBLE,SUCRE,2019,55,4.95
70233,EL ROBLE,SUCRE,2020,38,3.42
70233,EL ROBLE,SUCRE,2021,96,8.64
70233,EL ROBLE,SUCRE,2022,39,3.51
70235,GALERAS,SUCRE,2004,4,0.36
70235,GALERAS,SUCRE,2006,2,0.18
70235,GALERAS,SUCRE,2009,1,0.09
70235,GALERAS,SUCRE,2012,1,0.09
70235,GALERAS,SUCRE,2014,6,0.54
70235,GALERAS,SUCRE,2016,1,0.09
70235,GALERAS,SUCRE,2017,63,5.67
70235,GALERAS,SUCRE,2018,5,0.44999999999999996
70235,GALERAS,SUCRE,2019,3,0.27
70235,GALERAS,SUCRE,2020,8,0.72
70235,GALERAS,SUCRE,2022,4,0.36
70235,GALERAS,SUCRE,2023,12,1.08
70265,GUARANDA,SUCRE,2005,4,0.36
70265,GUARANDA,SUCRE,2012,4,0.36
70265,GUARANDA,SUCRE,2013,1,0.09
70265,GUARANDA,SUCRE,2014,2,0.18
70265,GUARANDA,SUCRE,2019,4,0.36
70400,LA UNIÓN,SUCRE,2001,1,0.09
70400,LA UNIÓN,SUCRE,2002,10,0.8999999999999999
70400,LA UNIÓN,SUCRE,2003,28,2.52
70400,LA UNIÓN,SUCRE,2004,3,0.27
70400,LA UNIÓN,SUCRE,2005,35,3.15
70400,LA UNIÓN,SUCRE,2006,90,8.1
70400,LA UNIÓN,SUCRE,2007,356,32.04
70400,LA UNIÓN,SUCRE,2008,190,17.099999999999998
70400,LA UNIÓN,SUCRE,2009,268,24.119999999999997
70400,LA UNIÓN,SUCRE,2010,75,6.75
70400,LA UNIÓN,SUCRE,2011,1,0.09
70400,LA UNIÓN,SUCRE,2012,282,25.38
70400,LA UNIÓN,SUCRE,2013,33,2.9699999999999998
70400,LA UNIÓN,SUCRE,2014,568,51.12
70400,LA UNIÓN,SUCRE,2015,133,11.969999999999999
70400,LA UNIÓN,SUCRE,2016,3,0.27
70400,LA UNIÓN,SUCRE,2018,168,15.12
70400,LA UNIÓN,SUCRE,2019,80,7.199999999999999
70400,LA UNIÓN,SUCRE,2020,24,2.16
70400,LA UNIÓN,SUCRE,2021,15,1.3499999999999999
70400,LA UNIÓN,SUCRE,2022,123,11.07
70400,LA UNIÓN,SUCRE,2023,224,20.16
70418,LOS PALMITOS,SUCRE,2004,6,0.54
70418,LOS PALMITOS,SUCRE,2008,1,0.09
70418,LOS PALMITOS,SUCRE,2009,1,0.09
70418,LOS PALMITOS,SUCRE,2013,4,0.36
70418,LOS PALMITOS,SUCRE,2017,15,1.3499999999999999
70429,MAJAGUAL,SUCRE,2001,13,1.17
70429,MAJAGUAL,SUCRE,2002,9,0.8099999999999999
70429,MAJAGUAL,SUCRE,2003,2,0.18
70429,MAJAGUAL,SUCRE,2004,2,0.18
70429,MAJAGUAL,SUCRE,2005,3,0.27
70429,MAJAGUAL,SUCRE,2007,5,0.44999999999999996
70429,MAJAGUAL,SUCRE,2008,6,0.54
70429,MAJAGUAL,SUCRE,2009,5,0.44999999999999996
70429,MAJAGUAL,SUCRE,2013,2,0.18
70429,MAJAGUAL,SUCRE,2016,11,0.99
70429,MAJAGUAL,SUCRE,2022,1,0.09
70473,MORROA,SUCRE,2003,9,0.8099999999999999
70473,MORROA,SUCRE,2006,2,0.18
70473,MORROA,SUCRE,2007,8,0.72
70473,MORROA,SUCRE,2008,5,0.44999999999999996
70473,MORROA,SUCRE,2011,1,0.09
70473,MORROA,SUCRE,2012,9,0.8099999999999999
70473,MORROA,SUCRE,2020,10,0.8999999999999999
70473,MORROA,SUCRE,2021,9,0.8099999999999999
70473,MORROA,SUCRE,2022,2,0.18
70473,MORROA,SUCRE,2023,8,0.72
70508,OVEJAS,SUCRE,2001,1,0.09
70508,OVEJAS,SUCRE,2002,1,0.09
70508,OVEJAS,SUCRE,2003,13,1.17
70508,OVEJAS,SUCRE,2006,1,0.09
70508,OVEJAS,SUCRE,2011,6,0.54
70508,OVEJAS,SUCRE,2012,6,0.54
70508,OVEJAS,SUCRE,2020,2,0.18
70508,OVEJAS,SUCRE,2021,4,0.36
70523,PALMITO,SUCRE,2004,4,0.36
70523,PALMITO,SUCRE,2006,2,0.18
70523,PALMITO,SUCRE,2007,1,0.09
70523,PALMITO,SUCRE,2008,2,0.18
70523,PALMITO,SUCRE,2009,9,0.8099999999999999
70523,PALMITO,SUCRE,2010,2,0.18
70523,PALMITO,SUCRE,2011,4,0.36
70523,PALMITO,SUCRE,2012,5,0.44999999999999996
70670,SAMPUÉS,SUCRE,2001,2,0.18
70670,SAMPUÉS,SUCRE,2002,1,0.09
70670,SAMPUÉS,SUCRE,2011,7,0.63
70670,SAMPUÉS,SUCRE,2021,14,1.26
70678,SAN BENITO ABAD,SUCRE,2001,5,0.44999999999999996
70678,SAN BENITO ABAD,SUCRE,2006,10,0.8999999999999999
70678,SAN BENITO ABAD,SUCRE,2008,5,0.44999999999999996
70678,SAN BENITO ABAD,SUCRE,2010,13,1.17
70678,SAN BENITO ABAD,SUCRE,2011,6,0.54
70678,SAN BENITO ABAD,SUCRE,2012,15,1.3499999999999999
70678,SAN BENITO ABAD,SUCRE,2013,4,0.36
70678,SAN BENITO ABAD,SUCRE,2016,1,0.09
70678,SAN BENITO ABAD,SUCRE,2021,7,0.63
70702,SAN JUAN DE BETULIA,SUCRE,2006,6,0.54
70702,SAN JUAN DE BETULIA,SUCRE,2007,1,0.09
70702,SAN JUAN DE BETULIA,SUCRE,2009,1,0.09
70702,SAN JUAN DE BETULIA,SUCRE,2010,5,0.44999999999999996
70702,SAN JUAN DE BETULIA,SUCRE,2011,1,0.09
70702,SAN JUAN DE BETULIA,SUCRE,2012,6,0.54
70702,SAN JUAN DE BETULIA,SUCRE,2013,4,0.36
70702,SAN JUAN DE BETULIA,SUCRE,2015,1,0.09
70702,SAN JUAN DE BETULIA,SUCRE,2016,17,1.53
70702,SAN JUAN DE BETULIA,SUCRE,2021,8,0.72
70708,SAN MARCOS,SUCRE,2001,8,0.72
70708,SAN MARCOS,SUCRE,2004,1,0.09
70708,SAN MARCOS,SUCRE,2007,1,0.09
70708,SAN MARCOS,SUCRE,2008,1,0.09
70708,SAN MARCOS,SUCRE,2009,30,2.6999999999999997
70708,SAN MARCOS,SUCRE,2010,2,0.18
70708,SAN MARCOS,SUCRE,2012,2,0.18
70708,SAN MARCOS,SUCRE,2013,1,0.09
70708,SAN MARCOS,SUCRE,2015,3,0.27
70708,SAN MARCOS,SUCRE,2019,6,0.54
70708,SAN MARCOS,SUCRE,2020,6,0.54
70708,SAN MARCOS,SUCRE,2022,7,0.63
70713,SAN ONOFRE,SUCRE,2003,2,0.18
70713,SAN ONOFRE,SUCRE,2004,8,0.72
70713,SAN ONOFRE,SUCRE,2006,4,0.36
70713,SAN ONOFRE,SUCRE,2007,6,0.54
70713,SAN ONOFRE,SUCRE,2008,7,0.63
70713,SAN ONOFRE,SUCRE,2009,13,1.17
70713,SAN ONOFRE,SUCRE,2010,1,0.09
70713,SAN ONOFRE,SUCRE,2012,4,0.36
70713,SAN ONOFRE,SUCRE,2013,10,0.8999999999999999
70713,SAN ONOFRE,SUCRE,2016,11,0.99
70713,SAN ONOFRE,SUCRE,2017,3,0.27
70713,SAN ONOFRE,SUCRE,2018,2,0.18
70713,SAN ONOFRE,SUCRE,2020,4,0.36
70713,SAN ONOFRE,SUCRE,2021,8,0.72
70717,SAN PEDRO,SUCRE,2001,2,0.18
70717,SAN PEDRO,SUCRE,2003,7,0.63
70717,SAN PEDRO,SUCRE,2007,1,0.09
70717,SAN PEDRO,SUCRE,2010,17,1.53
70717,SAN PEDRO,SUCRE,2011,4,0.36
70717,SAN PEDRO,SUCRE,2013,1,0.09
70717,SAN PEDRO,SUCRE,2017,40,3.5999999999999996
70717,SAN PEDRO,SUCRE,2020,48,4.32
70717,SAN PEDRO,SUCRE,2021,10,0.8999999999999999
70742,SAN LUIS DE SINCÉ,SUCRE,2001,6,0.54
70742,SAN LUIS DE SINCÉ,SUCRE,2002,57,5.13
70742,SAN LUIS DE SINCÉ,SUCRE,2003,17,1.53
70742,SAN LUIS DE SINCÉ,SUCRE,2004,589,53.01
70742,SAN LUIS DE SINCÉ,SUCRE,2005,125,11.25
70742,SAN LUIS DE SINCÉ,SUCRE,2006,275,24.75
70742,SAN LUIS DE SINCÉ,SUCRE,2007,263,23.669999999999998
70742,SAN LUIS DE SINCÉ,SUCRE,2008,106,9.54
70742,SAN LUIS DE SINCÉ,SUCRE,2009,124,11.16
70742,SAN LUIS DE SINCÉ,SUCRE,2010,258,23.22
70742,SAN LUIS DE SINCÉ,SUCRE,2011,15,1.3499999999999999
70742,SAN LUIS DE SINCÉ,SUCRE,2012,421,37.89
70742,SAN LUIS DE SINCÉ,SUCRE,2013,16,1.44
70742,SAN LUIS DE SINCÉ,SUCRE,2014,33,2.9699999999999998
70742,SAN LUIS DE SINCÉ,SUCRE,2015,2,0.18
70742,SAN LUIS DE SINCÉ,SUCRE,2016,166,14.94
70742,SAN LUIS DE SINCÉ,SUCRE,2017,160,14.399999999999999
70742,SAN LUIS DE SINCÉ,SUCRE,2018,108,9.719999999999999
70742,SAN LUIS DE SINCÉ,SUCRE,2019,154,13.86
70742,SAN LUIS DE SINCÉ,SUCRE,2020,502,45.18
70742,SAN LUIS DE SINCÉ,SUCRE,2021,176,15.84
70742,SAN LUIS DE SINCÉ,SUCRE,2022,173,15.57
70742,SAN LUIS DE SINCÉ,SUCRE,2023,109,9.81
70771,SUCRE,SUCRE,2001,138,12.42
70771,SUCRE,SUCRE,2002,68,6.12
70771,SUCRE,SUCRE,2003,12,1.08
70771,SUCRE,SUCRE,2004,135,12.15
70771,SUCRE,SUCRE,2005,158,14.219999999999999
70771,SUCRE,SUCRE,2006,173,15.57
70771,SUCRE,SUCRE,2007,148,13.32
70771,SUCRE,SUCRE,2008,450,40.5
70771,SUCRE,SUCRE,2009,492,44.28
70771,SUCRE,SUCRE,2010,519,46.71
70771,SUCRE,SUCRE,2011,202,18.18
70771,SUCRE,SUCRE,2012,114,10.26
70771,SUCRE,SUCRE,2013,253,22.77
70771,SUCRE,SUCRE,2014,556,50.04
70771,SUCRE,SUCRE,2015,411,36.99
70771,SUCRE,SUCRE,2016,481,43.29
70771,SUCRE,SUCRE,2017,1982,178.38
70771,SUCRE,SUCRE,2018,774,69.66
70771,SUCRE,SUCRE,2019,988,88.92
70771,SUCRE,SUCRE,2020,1936,174.23999999999998
70771,SUCRE,SUCRE,2021,982,88.38
70771,SUCRE,SUCRE,2022,346,31.14
70771,SUCRE,SUCRE,2023,511,45.989999999999995
70820,SANTIAGO DE TOLÚ,SUCRE,2001,35,3.15
70820,SANTIAGO DE TOLÚ,SUCRE,2002,1,0.09
70820,SANTIAGO DE TOLÚ,SUCRE,2003,11,0.99
70820,SANTIAGO DE TOLÚ,SUCRE,2004,13,1.17
70820,SANTIAGO DE TOLÚ,SUCRE,2005,2,0.18
70820,SANTIAGO DE TOLÚ,SUCRE,2006,4,0.36
70820,SANTIAGO DE TOLÚ,SUCRE,2007,10,0.8999999999999999
70820,SANTIAGO DE TOLÚ,SUCRE,2008,7,0.63
70820,SANTIAGO DE TOLÚ,SUCRE,2009,4,0.36
70820,SANTIAGO DE TOLÚ,SUCRE,2011,7,0.63
70820,SANTIAGO DE TOLÚ,SUCRE,2012,36,3.2399999999999998
70820,SANTIAGO DE TOLÚ,SUCRE,2013,3,0.27
70820,SANTIAGO DE TOLÚ,SUCRE,2014,20,1.7999999999999998
70820,SANTIAGO DE TOLÚ,SUCRE,2015,37,3.33
70820,SANTIAGO DE TOLÚ,SUCRE,2017,27,2.4299999999999997
70820,SANTIAGO DE TOLÚ,SUCRE,2018,44,3.96
70820,SANTIAGO DE TOLÚ,SUCRE,2019,72,6.4799999999999995
70820,SANTIAGO DE TOLÚ,SUCRE,2020,31,2.79
70820,SANTIAGO DE TOLÚ,SUCRE,2021,9,0.8099999999999999
70820,SANTIAGO DE TOLÚ,SUCRE,2022,115,10.35
70820,SANTIAGO DE TOLÚ,SUCRE,2023,24,2.16
70823,SAN JOSÉ DE TOLUVIEJO,SUCRE,2001,4,0.36
70823,SAN JOSÉ DE TOLUVIEJO,SUCRE,2002,18,1.6199999999999999
70823,SAN JOSÉ DE TOLUVIEJO,SUCRE,2003,31,2.79
70823,SAN JOSÉ DE TOLUVIEJO,SUCRE,2004,2,0.18
70823,SAN JOSÉ DE TOLUVIEJO,SUCRE,2005,28,2.52
70823,SAN JOSÉ DE TOLUVIEJO,SUCRE,2006,43,3.8699999999999997
70823,SAN JOSÉ DE TOLUVIEJO,SUCRE,2007,102,9.18
70823,SAN JOSÉ DE TOLUVIEJO,SUCRE,2008,337,30.33
70823,SAN JOSÉ DE TOLUVIEJO,SUCRE,2009,98,8.82
70823,SAN JOSÉ DE TOLUVIEJO,SUCRE,2010,54,4.859999999999999
70823,SAN JOSÉ DE TOLUVIEJO,SUCRE,2011,24,2.16
70823,SAN JOSÉ DE TOLUVIEJO,SUCRE,2012,73,6.569999999999999
70823,SAN JOSÉ DE TOLUVIEJO,SUCRE,2013,86,7.739999999999999
70823,SAN JOSÉ DE TOLUVIEJO,SUCRE,2014,185,16.65
70823,SAN JOSÉ DE TOLUVIEJO,SUCRE,2015,30,2.6999999999999997
70823,SAN JOSÉ DE TOLUVIEJO,SUCRE,2016,231,20.79
70823,SAN JOSÉ DE TOLUVIEJO,SUCRE,2017,231,20.79
70823,SAN JOSÉ DE TOLUVIEJO,SUCRE,2018,93,8.37
70823,SAN JOSÉ DE TOLUVIEJO,SUCRE,2019,203,18.27
70823,SAN JOSÉ DE TOLUVIEJO,SUCRE,2020,3400,306.0
70823,SAN JOSÉ DE TOLUVIEJO,SUCRE,2021,357,32.129999999999995
70823,SAN JOSÉ DE TOLUVIEJO,SUCRE,2022,117,10.53
70823,SAN JOSÉ DE TOLUVIEJO,SUCRE,2023,201,18.09
73001,IBAGUÉ,TOLIMA,2001,2,0.18
73001,IBAGUÉ,TOLIMA,2003,9,0.8099999999999999
73001,IBAGUÉ,TOLIMA,2004,18,1.6199999999999999
73001,IBAGUÉ,TOLIMA,2005,2,0.18
73001,IBAGUÉ,TOLIMA,2007,6,0.54
73001,IBAGUÉ,TOLIMA,2008,1,0.09
73001,IBAGUÉ,TOLIMA,2010,1,0.09
73001,IBAGUÉ,TOLIMA,2011,3,0.27
73001,IBAGUÉ,TOLIMA,2012,4,0.36
73001,IBAGUÉ,TOLIMA,2013,2,0.18
73001,IBAGUÉ,TOLIMA,2014,2,0.18
73001,IBAGUÉ,TOLIMA,2015,1,0.09
73001,IBAGUÉ,TOLIMA,2016,1,0.09
73001,IBAGUÉ,TOLIMA,2017,9,0.8099999999999999
73001,IBAGUÉ,TOLIMA,2020,5,0.44999999999999996
73001,IBAGUÉ,TOLIMA,2021,9,0.8099999999999999
73001,IBAGUÉ,TOLIMA,2023,9,0.8099999999999999
73024,ALPUJARRA,TOLIMA,2001,11,0.99
73024,ALPUJARRA,TOLIMA,2002,2,0.18
73024,ALPUJARRA,TOLIMA,2004,1,0.09
73024,ALPUJARRA,TOLIMA,2005,1,0.09
73024,ALPUJARRA,TOLIMA,2007,5,0.44999999999999996
73024,ALPUJARRA,TOLIMA,2009,5,0.44999999999999996
73024,ALPUJARRA,TOLIMA,2011,6,0.54
73024,ALPUJARRA,TOLIMA,2012,4,0.36
73024,ALPUJARRA,TOLIMA,2015,4,0.36
73024,ALPUJARRA,TOLIMA,2016,11,0.99
73024,ALPUJARRA,TOLIMA,2017,79,7.109999999999999
73024,ALPUJARRA,TOLIMA,2018,7,0.63
73026,ALVARADO,TOLIMA,2001,12,1.08
73026,ALVARADO,TOLIMA,2003,85,7.6499999999999995
73026,ALVARADO,TOLIMA,2004,7,0.63
73026,ALVARADO,TOLIMA,2005,1,0.09
73026,ALVARADO,TOLIMA,2006,33,2.9699999999999998
73026,ALVARADO,TOLIMA,2007,913,82.17
73026,ALVARADO,TOLIMA,2008,63,5.67
73026,ALVARADO,TOLIMA,2009,33,2.9699999999999998
73026,ALVARADO,TOLIMA,2010,5,0.44999999999999996
73026,ALVARADO,TOLIMA,2011,9,0.8099999999999999
73026,ALVARADO,TOLIMA,2012,10,0.8999999999999999
73026,ALVARADO,TOLIMA,2016,31,2.79
73026,ALVARADO,TOLIMA,2019,101,9.09
73026,ALVARADO,TOLIMA,2020,139,12.51
73026,ALVARADO,TOLIMA,2021,39,3.51
73026,ALVARADO,TOLIMA,2022,1,0.09
73026,ALVARADO,TOLIMA,2023,5,0.44999999999999996
73030,AMBALEMA,TOLIMA,2007,1,0.09
73030,AMBALEMA,TOLIMA,2009,1,0.09
73030,AMBALEMA,TOLIMA,2011,3,0.27
73030,AMBALEMA,TOLIMA,2012,5,0.44999999999999996
73030,AMBALEMA,TOLIMA,2013,1,0.09
73030,AMBALEMA,TOLIMA,2014,3,0.27
73030,AMBALEMA,TOLIMA,2018,3,0.27
73030,AMBALEMA,TOLIMA,2020,3,0.27
73043,ANZOÁTEGUI,TOLIMA,2001,4,0.36
73043,ANZOÁTEGUI,TOLIMA,2002,1,0.09
73043,ANZOÁTEGUI,TOLIMA,2003,2,0.18
73043,ANZOÁTEGUI,TOLIMA,2004,2,0.18
73043,ANZOÁTEGUI,TOLIMA,2005,9,0.8099999999999999
73043,ANZOÁTEGUI,TOLIMA,2006,1,0.09
73043,ANZOÁTEGUI,TOLIMA,2007,9,0.8099999999999999
73043,ANZOÁTEGUI,TOLIMA,2008,1,0.09
73043,ANZOÁTEGUI,TOLIMA,2009,1,0.09
73043,ANZOÁTEGUI,TOLIMA,2010,7,0.63
73043,ANZOÁTEGUI,TOLIMA,2011,1,0.09
73043,ANZOÁTEGUI,TOLIMA,2012,28,2.52
73043,ANZOÁTEGUI,TOLIMA,2014,5,0.44999999999999996
73043,ANZOÁTEGUI,TOLIMA,2016,9,0.8099999999999999
73043,ANZOÁTEGUI,TOLIMA,2017,2,0.18
73043,ANZOÁTEGUI,TOLIMA,2019,35,3.15
73043,ANZOÁTEGUI,TOLIMA,2020,15,1.3499999999999999
73055,ARMERO,TOLIMA,2001,178,16.02
73055,ARMERO,TOLIMA,2002,7,0.63
73055,ARMERO,TOLIMA,2003,7,0.63
73055,ARMERO,TOLIMA,2005,13,1.17
73055,ARMERO,TOLIMA,2006,27,2.4299999999999997
73055,ARMERO,TOLIMA,2007,32,2.88
73055,ARMERO,TOLIMA,2008,109,9.81
73055,ARMERO,TOLIMA,2009,20,1.7999999999999998
73055,ARMERO,TOLIMA,2010,107,9.629999999999999
73055,ARMERO,TOLIMA,2012,5,0.44999999999999996
73055,ARMERO,TOLIMA,2013,22,1.98
73055,ARMERO,TOLIMA,2014,12,1.08
73055,ARMERO,TOLIMA,2016,1,0.09
73055,ARMERO,TOLIMA,2018,6,0.54
73055,ARMERO,TOLIMA,2019,4,0.36
73055,ARMERO,TOLIMA,2020,9,0.8099999999999999
73055,ARMERO,TOLIMA,2022,4,0.36
73055,ARMERO,TOLIMA,2023,50,4.5
73067,ATACO,TOLIMA,2007,2,0.18
73067,ATACO,TOLIMA,2008,1,0.09
73067,ATACO,TOLIMA,2009,1,0.09
73067,ATACO,TOLIMA,2010,1,0.09
73067,ATACO,TOLIMA,2012,11,0.99
73124,CAJAMARCA,TOLIMA,2012,2,0.18
73124,CAJAMARCA,TOLIMA,2013,1,0.09
73124,CAJAMARCA,TOLIMA,2014,3,0.27
73124,CAJAMARCA,TOLIMA,2015,2,0.18
73124,CAJAMARCA,TOLIMA,2016,9,0.8099999999999999
73148,CARMEN DE APICALÁ,TOLIMA,2006,2,0.18
73148,CARMEN DE APICALÁ,TOLIMA,2007,2,0.18
73148,CARMEN DE APICALÁ,TOLIMA,2010,1,0.09
73148,CARMEN DE APICALÁ,TOLIMA,2012,1,0.09
73148,CARMEN DE APICALÁ,TOLIMA,2013,8,0.72
73152,CASABIANCA,TOLIMA,2001,1,0.09
73152,CASABIANCA,TOLIMA,2002,8,0.72
73152,CASABIANCA,TOLIMA,2003,3,0.27
73152,CASABIANCA,TOLIMA,2007,3,0.27
73152,CASABIANCA,TOLIMA,2010,1,0.09
73152,CASABIANCA,TOLIMA,2012,2,0.18
73152,CASABIANCA,TOLIMA,2013,2,0.18
73152,CASABIANCA,TOLIMA,2014,2,0.18
73152,CASABIANCA,TOLIMA,2017,1,0.09
73168,CHAPARRAL,TOLIMA,2001,4,0.36
73168,CHAPARRAL,TOLIMA,2002,11,0.99
73168,CHAPARRAL,TOLIMA,2003,56,5.04
73168,CHAPARRAL,TOLIMA,2004,20,1.7999999999999998
73168,CHAPARRAL,TOLIMA,2005,25,2.25
73168,CHAPARRAL,TOLIMA,2006,13,1.17
73168,CHAPARRAL,TOLIMA,2007,6,0.54
73168,CHAPARRAL,TOLIMA,2008,21,1.89
73168,CHAPARRAL,TOLIMA,2009,13,1.17
73168,CHAPARRAL,TOLIMA,2010,43,3.8699999999999997
73168,CHAPARRAL,TOLIMA,2011,11,0.99
73168,CHAPARRAL,TOLIMA,2012,16,1.44
73168,CHAPARRAL,TOLIMA,2013,19,1.71
73168,CHAPARRAL,TOLIMA,2014,8,0.72
73168,CHAPARRAL,TOLIMA,2016,3,0.27
73168,CHAPARRAL,TOLIMA,2019,5,0.44999999999999996
73168,CHAPARRAL,TOLIMA,2020,20,1.7999999999999998
73168,CHAPARRAL,TOLIMA,2021,4,0.36
73168,CHAPARRAL,TOLIMA,2022,12,1.08
73200,COELLO,TOLIMA,2002,1,0.09
73200,COELLO,TOLIMA,2007,13,1.17
73200,COELLO,TOLIMA,2010,4,0.36
73200,COELLO,TOLIMA,2011,3,0.27
73200,COELLO,TOLIMA,2012,5,0.44999999999999996
73200,COELLO,TOLIMA,2013,2,0.18
73200,COELLO,TOLIMA,2014,3,0.27
73200,COELLO,TOLIMA,2017,16,1.44
73200,COELLO,TOLIMA,2019,5,0.44999999999999996
73217,COYAIMA,TOLIMA,2002,2,0.18
73217,COYAIMA,TOLIMA,2003,36,3.2399999999999998
73217,COYAIMA,TOLIMA,2004,3,0.27
73217,COYAIMA,TOLIMA,2006,2,0.18
73217,COYAIMA,TOLIMA,2009,1,0.09
73217,COYAIMA,TOLIMA,2010,1,0.09
73217,COYAIMA,TOLIMA,2011,5,0.44999999999999996
73217,COYAIMA,TOLIMA,2012,18,1.6199999999999999
73217,COYAIMA,TOLIMA,2013,30,2.6999999999999997
73217,COYAIMA,TOLIMA,2014,4,0.36
73217,COYAIMA,TOLIMA,2018,1,0.09
73217,COYAIMA,TOLIMA,2022,1,0.09
73217,COYAIMA,TOLIMA,2023,8,0.72
73226,CUNDAY,TOLIMA,2001,1,0.09
73226,CUNDAY,TOLIMA,2002,2,0.18
73226,CUNDAY,TOLIMA,2006,7,0.63
73226,CUNDAY,TOLIMA,2007,8,0.72
73226,CUNDAY,TOLIMA,2010,1,0.09
73226,CUNDAY,TOLIMA,2011,1,0.09
73226,CUNDAY,TOLIMA,2012,30,2.6999999999999997
73226,CUNDAY,TOLIMA,2013,3,0.27
73226,CUNDAY,TOLIMA,2019,13,1.17
73236,DOLORES,TOLIMA,2002,1,0.09
73236,DOLORES,TOLIMA,2007,2,0.18
73236,DOLORES,TOLIMA,2009,1,0.09
73236,DOLORES,TOLIMA,2010,5,0.44999999999999996
73236,DOLORES,TOLIMA,2011,1,0.09
73236,DOLORES,TOLIMA,2012,17,1.53
73236,DOLORES,TOLIMA,2021,8,0.72
73268,ESPINAL,TOLIMA,2008,2,0.18
73268,ESPINAL,TOLIMA,2009,2,0.18
73268,ESPINAL,TOLIMA,2010,1,0.09
73268,ESPINAL,TOLIMA,2011,7,0.63
73268,ESPINAL,TOLIMA,2012,6,0.54
73268,ESPINAL,TOLIMA,2013,2,0.18
73270,FALAN,TOLIMA,2001,28,2.52
73270,FALAN,TOLIMA,2002,5,0.44999999999999996
73270,FALAN,TOLIMA,2004,1,0.09
73270,FALAN,TOLIMA,2005,7,0.63
73270,FALAN,TOLIMA,2007,11,0.99
73270,FALAN,TOLIMA,2008,3,0.27
73270,FALAN,TOLIMA,2010,13,1.17
73270,FALAN,TOLIMA,2012,15,1.3499999999999999
73270,FALAN,TOLIMA,2013,6,0.54
73270,FALAN,TOLIMA,2014,2,0.18
73270,FALAN,TOLIMA,2016,2,0.18
73275,FLANDES,TOLIMA,2001,6,0.54
73275,FLANDES,TOLIMA,2005,1,0.09
73275,FLANDES,TOLIMA,2006,4,0.36
73275,FLANDES,TOLIMA,2007,2,0.18
73275,FLANDES,TOLIMA,2009,2,0.18
73275,FLANDES,TOLIMA,2012,10,0.8999999999999999
73275,FLANDES,TOLIMA,2016,22,1.98
73275,FLANDES,TOLIMA,2017,18,1.6199999999999999
73275,FLANDES,TOLIMA,2022,58,5.22
73283,FRESNO,TOLIMA,2001,330,29.7
73283,FRESNO,TOLIMA,2002,15,1.3499999999999999
73283,FRESNO,TOLIMA,2003,2496,224.64
73283,FRESNO,TOLIMA,2004,8,0.72
73283,FRESNO,TOLIMA,2005,29,2.61
73283,FRESNO,TOLIMA,2006,7,0.63
73283,FRESNO,TOLIMA,2007,44,3.96
73283,FRESNO,TOLIMA,2008,14,1.26
73283,FRESNO,TOLIMA,2009,82,7.38
73283,FRESNO,TOLIMA,2010,44,3.96
73283,FRESNO,TOLIMA,2011,12,1.08
73283,FRESNO,TOLIMA,2012,64,5.76
73283,FRESNO,TOLIMA,2013,5,0.44999999999999996
73283,FRESNO,TOLIMA,2014,3,0.27
73283,FRESNO,TOLIMA,2019,1,0.09
73283,FRESNO,TOLIMA,2020,5,0.44999999999999996
73319,GUAMO,TOLIMA,2001,4,0.36
73319,GUAMO,TOLIMA,2003,2,0.18
73319,GUAMO,TOLIMA,2004,1,0.09
73319,GUAMO,TOLIMA,2005,2,0.18
73319,GUAMO,TOLIMA,2007,5,0.44999999999999996
73319,GUAMO,TOLIMA,2009,6,0.54
73319,GUAMO,TOLIMA,2010,23,2.07
73319,GUAMO,TOLIMA,2012,33,2.9699999999999998
73319,GUAMO,TOLIMA,2013,5,0.44999999999999996
73319,GUAMO,TOLIMA,2014,1,0.09
73319,GUAMO,TOLIMA,2018,18,1.6199999999999999
73319,GUAMO,TOLIMA,2019,3,0.27
73319,GUAMO,TOLIMA,2020,30,2.6999999999999997
73319,GUAMO,TOLIMA,2021,7,0.63
73319,GUAMO,TOLIMA,2022,6,0.54
73319,GUAMO,TOLIMA,2023,16,1.44
73347,HERVEO,TOLIMA,2005,1,0.09
73347,HERVEO,TOLIMA,2009,2,0.18
73347,HERVEO,TOLIMA,2010,1,0.09
73347,HERVEO,TOLIMA,2011,1,0.09
73347,HERVEO,TOLIMA,2012,25,2.25
73347,HERVEO,TOLIMA,2013,4,0.36
73347,HERVEO,TOLIMA,2017,189,17.009999999999998
73347,HERVEO,TOLIMA,2021,30,2.6999999999999997
73349,HONDA,TOLIMA,2001,7,0.63
73349,HONDA,TOLIMA,2002,12,1.08
73349,HONDA,TOLIMA,2003,11,0.99
73349,HONDA,TOLIMA,2004,7,0.63
73349,HONDA,TOLIMA,2005,7,0.63
73349,HONDA,TOLIMA,2006,24,2.16
73349,HONDA,TOLIMA,2007,7,0.63
73349,HONDA,TOLIMA,2008,4,0.36
73349,HONDA,TOLIMA,2009,28,2.52
73349,HONDA,TOLIMA,2010,3,0.27
73349,HONDA,TOLIMA,2011,27,2.4299999999999997
73349,HONDA,TOLIMA,2012,280,25.2
73349,HONDA,TOLIMA,2013,19,1.71
73349,HONDA,TOLIMA,2014,2,0.18
73349,HONDA,TOLIMA,2020,1,0.09
73352,ICONONZO,TOLIMA,2001,121,10.889999999999999
73352,ICONONZO,TOLIMA,2002,63,5.67
73352,ICONONZO,TOLIMA,2003,708,63.72
73352,ICONONZO,TOLIMA,2004,22,1.98
73352,ICONONZO,TOLIMA,2005,79,7.109999999999999
73352,ICONONZO,TOLIMA,2006,74,6.66
73352,ICONONZO,TOLIMA,2007,167,15.03
73352,ICONONZO,TOLIMA,2008,102,9.18
73352,ICONONZO,TOLIMA,2009,57,5.13
73352,ICONONZO,TOLIMA,2010,147,13.229999999999999
73352,ICONONZO,TOLIMA,2011,100,9.0
73352,ICONONZO,TOLIMA,2012,1276,114.83999999999999
73352,ICONONZO,TOLIMA,2013,122,10.98
73352,ICONONZO,TOLIMA,2014,188,16.919999999999998
73352,ICONONZO,TOLIMA,2015,98,8.82
73352,ICONONZO,TOLIMA,2016,410,36.9
73352,ICONONZO,TOLIMA,2017,129,11.61
73352,ICONONZO,TOLIMA,2018,374,33.66
73352,ICONONZO,TOLIMA,2019,2883,259.46999999999997
73352,ICONONZO,TOLIMA,2020,515,46.35
73352,ICONONZO,TOLIMA,2021,28,2.52
73352,ICONONZO,TOLIMA,2022,62,5.58
73352,ICONONZO,TOLIMA,2023,288,25.919999999999998
73408,LÉRIDA,TOLIMA,2001,1,0.09
73408,LÉRIDA,TOLIMA,2004,1,0.09
73408,LÉRIDA,TOLIMA,2012,19,1.71
73408,LÉRIDA,TOLIMA,2013,1,0.09
73408,LÉRIDA,TOLIMA,2014,22,1.98
73408,LÉRIDA,TOLIMA,2017,51,4.59
73408,LÉRIDA,TOLIMA,2020,15,1.3499999999999999
73408,LÉRIDA,TOLIMA,2023,80,7.199999999999999
73411,LÍBANO,TOLIMA,2002,3,0.27
73411,LÍBANO,TOLIMA,2003,34,3.06
73411,LÍBANO,TOLIMA,2005,10,0.8999999999999999
73411,LÍBANO,TOLIMA,2008,1,0.09
73411,LÍBANO,TOLIMA,2011,2,0.18
73411,LÍBANO,TOLIMA,2012,42,3.78
73411,LÍBANO,TOLIMA,2016,1,0.09
73411,LÍBANO,TOLIMA,2021,10,0.8999999999999999
73411,LÍBANO,TOLIMA,2023,336,30.24
73443,SAN SEBASTIÁN DE MARIQUITA,TOLIMA,2004,5,0.44999999999999996
73443,SAN SEBASTIÁN DE MARIQUITA,TOLIMA,2009,3,0.27
73443,SAN SEBASTIÁN DE MARIQUITA,TOLIMA,2010,2,0.18
73443,SAN SEBASTIÁN DE MARIQUITA,TOLIMA,2011,16,1.44
73443,SAN SEBASTIÁN DE MARIQUITA,TOLIMA,2012,3,0.27
73443,SAN SEBASTIÁN DE MARIQUITA,TOLIMA,2015,16,1.44
73443,SAN SEBASTIÁN DE MARIQUITA,TOLIMA,2016,4,0.36
73443,SAN SEBASTIÁN DE MARIQUITA,TOLIMA,2019,6,0.54
73443,SAN SEBASTIÁN DE MARIQUITA,TOLIMA,2023,494,44.46
73449,MELGAR,TOLIMA,2001,162,14.58
73449,MELGAR,TOLIMA,2002,4,0.36
73449,MELGAR,TOLIMA,2003,1,0.09
73449,MELGAR,TOLIMA,2004,82,7.38
73449,MELGAR,TOLIMA,2006,8,0.72
73449,MELGAR,TOLIMA,2007,2,0.18
73449,MELGAR,TOLIMA,2008,1,0.09
73449,MELGAR,TOLIMA,2009,22,1.98
73449,MELGAR,TOLIMA,2011,9,0.8099999999999999
73449,MELGAR,TOLIMA,2012,207,18.63
73449,MELGAR,TOLIMA,2013,14,1.26
73449,MELGAR,TOLIMA,2014,8,0.72
73449,MELGAR,TOLIMA,2015,2,0.18
73449,MELGAR,TOLIMA,2016,6,0.54
73449,MELGAR,TOLIMA,2017,5,0.44999999999999996
73449,MELGAR,TOLIMA,2018,16,1.44
73461,MURILLO,TOLIMA,2001,20,1.7999999999999998
73461,MURILLO,TOLIMA,2002,3,0.27
73461,MURILLO,TOLIMA,2003,5,0.44999999999999996
73461,MURILLO,TOLIMA,2004,3,0.27
73461,MURILLO,TOLIMA,2005,5,0.44999999999999996
73461,MURILLO,TOLIMA,2006,1,0.09
73461,MURILLO,TOLIMA,2007,3,0.27
73461,MURILLO,TOLIMA,2008,2,0.18
73461,MURILLO,TOLIMA,2009,2,0.18
73461,MURILLO,TOLIMA,2010,4,0.36
73461,MURILLO,TOLIMA,2011,10,0.8999999999999999
73461,MURILLO,TOLIMA,2012,8,0.72
73461,MURILLO,TOLIMA,2013,2,0.18
73461,MURILLO,TOLIMA,2016,42,3.78
73461,MURILLO,TOLIMA,2021,9,0.8099999999999999
73461,MURILLO,TOLIMA,2022,22,1.98
73461,MURILLO,TOLIMA,2023,28,2.52
73483,NATAGAIMA,TOLIMA,2003,1,0.09
73483,NATAGAIMA,TOLIMA,2004,1,0.09
73483,NATAGAIMA,TOLIMA,2005,2,0.18
73483,NATAGAIMA,TOLIMA,2006,4,0.36
73483,NATAGAIMA,TOLIMA,2010,3,0.27
73483,NATAGAIMA,TOLIMA,2011,4,0.36
73483,NATAGAIMA,TOLIMA,2012,3,0.27
73483,NATAGAIMA,TOLIMA,2013,2,0.18
73483,NATAGAIMA,TOLIMA,2014,1,0.09
73483,NATAGAIMA,TOLIMA,2016,2,0.18
73483,NATAGAIMA,TOLIMA,2017,5,0.44999999999999996
73504,ORTEGA,TOLIMA,2001,68,6.12
73504,ORTEGA,TOLIMA,2002,46,4.14
73504,ORTEGA,TOLIMA,2003,63,5.67
73504,ORTEGA,TOLIMA,2004,28,2.52
73504,ORTEGA,TOLIMA,2005,48,4.32
73504,ORTEGA,TOLIMA,2006,24,2.16
73504,ORTEGA,TOLIMA,2007,27,2.4299999999999997
73504,ORTEGA,TOLIMA,2008,65,5.85
73504,ORTEGA,TOLIMA,2009,21,1.89
73504,ORTEGA,TOLIMA,2010,33,2.9699999999999998
73504,ORTEGA,TOLIMA,2011,22,1.98
73504,ORTEGA,TOLIMA,2012,22,1.98
73504,ORTEGA,TOLIMA,2014,8,0.72
73504,ORTEGA,TOLIMA,2015,9,0.8099999999999999
73504,ORTEGA,TOLIMA,2016,37,3.33
73504,ORTEGA,TOLIMA,2017,25,2.25
73504,ORTEGA,TOLIMA,2018,62,5.58
73504,ORTEGA,TOLIMA,2019,126,11.34
73504,ORTEGA,TOLIMA,2020,155,13.95
73504,ORTEGA,TOLIMA,2021,61,5.49
73504,ORTEGA,TOLIMA,2022,60,5.3999999999999995
73504,ORTEGA,TOLIMA,2023,53,4.77
73520,PALOCABILDO,TOLIMA,2001,671,60.39
73520,PALOCABILDO,TOLIMA,2002,420,37.8
73520,PALOCABILDO,TOLIMA,2003,309,27.81
73520,PALOCABILDO,TOLIMA,2004,261,23.49
73520,PALOCABILDO,TOLIMA,2005,399,35.91
73520,PALOCABILDO,TOLIMA,2006,461,41.49
73520,PALOCABILDO,TOLIMA,2007,252,22.68
73520,PALOCABILDO,TOLIMA,2008,364,32.76
73520,PALOCABILDO,TOLIMA,2009,637,57.33
73520,PALOCABILDO,TOLIMA,2010,254,22.86
73520,PALOCABILDO,TOLIMA,2011,319,28.709999999999997
73520,PALOCABILDO,TOLIMA,2012,469,42.21
73520,PALOCABILDO,TOLIMA,2013,318,28.619999999999997
73520,PALOCABILDO,TOLIMA,2014,521,46.89
73520,PALOCABILDO,TOLIMA,2015,424,38.16
73520,PALOCABILDO,TOLIMA,2016,750,67.5
73520,PALOCABILDO,TOLIMA,2017,707,63.629999999999995
73520,PALOCABILDO,TOLIMA,2018,555,49.949999999999996
73520,PALOCABILDO,TOLIMA,2019,1105,99.45
73520,PALOCABILDO,TOLIMA,2020,894,80.46
73520,PALOCABILDO,TOLIMA,2021,267,24.029999999999998
73520,PALOCABILDO,TOLIMA,2022,314,28.259999999999998
73520,PALOCABILDO,TOLIMA,2023,533,47.97
73547,PIEDRAS,TOLIMA,2001,8,0.72
73547,PIEDRAS,TOLIMA,2002,39,3.51
73547,PIEDRAS,TOLIMA,2003,77,6.93
73547,PIEDRAS,TOLIMA,2004,8,0.72
73547,PIEDRAS,TOLIMA,2005,18,1.6199999999999999
73547,PIEDRAS,TOLIMA,2006,36,3.2399999999999998
73547,PIEDRAS,TOLIMA,2007,41,3.69
73547,PIEDRAS,TOLIMA,2008,31,2.79
73547,PIEDRAS,TOLIMA,2009,38,3.42
73547,PIEDRAS,TOLIMA,2010,16,1.44
73547,PIEDRAS,TOLIMA,2011,23,2.07
73547,PIEDRAS,TOLIMA,2012,63,5.67
73547,PIEDRAS,TOLIMA,2013,39,3.51
73547,PIEDRAS,TOLIMA,2014,58,5.22
73547,PIEDRAS,TOLIMA,2015,136,12.24
73547,PIEDRAS,TOLIMA,2016,58,5.22
73547,PIEDRAS,TOLIMA,2017,135,12.15
73547,PIEDRAS,TOLIMA,2018,129,11.61
73547,PIEDRAS,TOLIMA,2019,244,21.96
73547,PIEDRAS,TOLIMA,2020,305,27.45
73547,PIEDRAS,TOLIMA,2021,142,12.78
73547,PIEDRAS,TOLIMA,2022,138,12.42
73547,PIEDRAS,TOLIMA,2023,147,13.229999999999999
73555,PLANADAS,TOLIMA,2006,1,0.09
73555,PLANADAS,TOLIMA,2008,2,0.18
73555,PLANADAS,TOLIMA,2009,2,0.18
73555,PLANADAS,TOLIMA,2012,24,2.16
73555,PLANADAS,TOLIMA,2013,14,1.26
73555,PLANADAS,TOLIMA,2014,14,1.26
73555,PLANADAS,TOLIMA,2015,5,0.44999999999999996
73555,PLANADAS,TOLIMA,2016,13,1.17
73555,PLANADAS,TOLIMA,2019,700,63.0
73555,PLANADAS,TOLIMA,2020,372,33.48
73563,PRADO,TOLIMA,2004,1,0.09
73563,PRADO,TOLIMA,2005,2,0.18
73563,PRADO,TOLIMA,2006,1,0.09
73563,PRADO,TOLIMA,2009,3,0.27
73563,PRADO,TOLIMA,2010,2,0.18
73563,PRADO,TOLIMA,2012,13,1.17
73563,PRADO,TOLIMA,2013,5,0.44999999999999996
73563,PRADO,TOLIMA,2014,1,0.09
73563,PRADO,TOLIMA,2015,521,46.89
73563,PRADO,TOLIMA,2016,8,0.72
73563,PRADO,TOLIMA,2019,93,8.37
73563,PRADO,TOLIMA,2020,12,1.08
73563,PRADO,TOLIMA,2021,4,0.36
76250,EL DOVIO,VALLE DEL CAUCA,2001,160,14.399999999999999
76250,EL DOVIO,VALLE DEL CAUCA,2002,66,5.9399999999999995
76250,EL DOVIO,VALLE DEL CAUCA,2003,115,10.35
76250,EL DOVIO,VALLE DEL CAUCA,2004,238,21.419999999999998
76250,EL DOVIO,VALLE DEL CAUCA,2005,166,14.94
76250,EL DOVIO,VALLE DEL CAUCA,2006,155,13.95
76250,EL DOVIO,VALLE DEL CAUCA,2007,143,12.87
76250,EL DOVIO,VALLE DEL CAUCA,2008,282,25.38
76250,EL DOVIO,VALLE DEL CAUCA,2009,237,21.33
76250,EL DOVIO,VALLE DEL CAUCA,2010,179,16.11
76250,EL DOVIO,VALLE DEL CAUCA,2011,136,12.24
76250,EL DOVIO,VALLE DEL CAUCA,2012,179,16.11
76250,EL DOVIO,VALLE DEL CAUCA,2013,224,20.16
76250,EL DOVIO,VALLE DEL CAUCA,2014,216,19.439999999999998
76250,EL DOVIO,VALLE DEL CAUCA,2015,185,16.65
76250,EL DOVIO,VALLE DEL CAUCA,2016,333,29.97
76250,EL DOVIO,VALLE DEL CAUCA,2017,1046,94.14
76250,EL DOVIO,VALLE DEL CAUCA,2018,433,38.97
76250,EL DOVIO,VALLE DEL CAUCA,2019,481,43.29
76250,EL DOVIO,VALLE DEL CAUCA,2020,361,32.49
76250,EL DOVIO,VALLE DEL CAUCA,2021,658,59.22
76250,EL DOVIO,VALLE DEL CAUCA,2022,236,21.24
76250,EL DOVIO,VALLE DEL CAUCA,2023,137,12.33
76275,FLORIDA,VALLE DEL CAUCA,2001,9,0.8099999999999999
76275,FLORIDA,VALLE DEL CAUCA,2002,14,1.26
76275,FLORIDA,VALLE DEL CAUCA,2003,6,0.54
76275,FLORIDA,VALLE DEL CAUCA,2004,46,4.14
76275,FLORIDA,VALLE DEL CAUCA,2005,64,5.76
76275,FLORIDA,VALLE DEL CAUCA,2006,12,1.08
76275,FLORIDA,VALLE DEL CAUCA,2007,2,0.18
76275,FLORIDA,VALLE DEL CAUCA,2008,11,0.99
76275,FLORIDA,VALLE DEL CAUCA,2009,28,2.52
76275,FLORIDA,VALLE DEL CAUCA,2010,6,0.54
76275,FLORIDA,VALLE DEL CAUCA,2011,17,1.53
76275,FLORIDA,VALLE DEL CAUCA,2012,40,3.5999999999999996
76275,FLORIDA,VALLE DEL CAUCA,2013,16,1.44
76275,FLORIDA,VALLE DEL CAUCA,2014,15,1.3499999999999999
76275,FLORIDA,VALLE DEL CAUCA,2015,1,0.09
76275,FLORIDA,VALLE DEL CAUCA,2016,6,0.54
76275,FLORIDA,VALLE DEL CAUCA,2017,30,2.6999999999999997
76275,FLORIDA,VALLE DEL CAUCA,2018,117,10.53
76275,FLORIDA,VALLE DEL CAUCA,2019,65,5.85
76275,FLORIDA,VALLE DEL CAUCA,2020,19,1.71
76275,FLORIDA,VALLE DEL CAUCA,2021,10,0.8999999999999999
76275,FLORIDA,VALLE DEL CAUCA,2022,8,0.72
76275,FLORIDA,VALLE DEL CAUCA,2023,25,2.25
76306,GINEBRA,VALLE DEL CAUCA,2001,412,37.08
76306,GINEBRA,VALLE DEL CAUCA,2002,153,13.77
76306,GINEBRA,VALLE DEL CAUCA,2003,136,12.24
76306,GINEBRA,VALLE DEL CAUCA,2004,425,38.25
76306,GINEBRA,VALLE DEL CAUCA,2005,464,41.76
76306,GINEBRA,VALLE DEL CAUCA,2006,533,47.97
76306,GINEBRA,VALLE DEL CAUCA,2007,216,19.439999999999998
76306,GINEBRA,VALLE DEL CAUCA,2008,204,18.36
76306,GINEBRA,VALLE DEL CAUCA,2009,497,44.73
76306,GINEBRA,VALLE DEL CAUCA,2010,621,55.89
76306,GINEBRA,VALLE DEL CAUCA,2011,553,49.769999999999996
76306,GINEBRA,VALLE DEL CAUCA,2012,1208,108.72
76306,GINEBRA,VALLE DEL CAUCA,2013,248,22.32
76306,GINEBRA,VALLE DEL CAUCA,2014,267,24.029999999999998
76306,GINEBRA,VALLE DEL CAUCA,2015,58,5.22
76306,GINEBRA,VALLE DEL CAUCA,2016,38,3.42
76306,GINEBRA,VALLE DEL CAUCA,2017,696,62.64
76306,GINEBRA,VALLE DEL CAUCA,2018,372,33.48
76306,GINEBRA,VALLE DEL CAUCA,2019,131,11.79
76306,GINEBRA,VALLE DEL CAUCA,2020,264,23.759999999999998
76306,GINEBRA,VALLE DEL CAUCA,2021,252,22.68
76306,GINEBRA,VALLE DEL CAUCA,2022,399,35.91
76306,GINEBRA,VALLE DEL CAUCA,2023,289,26.009999999999998
76318,GUACARÍ,VALLE DEL CAUCA,2001,69,6.21
76318,GUACARÍ,VALLE DEL CAUCA,2002,72,6.4799999999999995
76318,GUACARÍ,VALLE DEL CAUCA,2003,184,16.56
76318,GUACARÍ,VALLE DEL CAUCA,2004,210,18.9
76318,GUACARÍ,VALLE DEL CAUCA,2005,262,23.58
76318,GUACARÍ,VALLE DEL CAUCA,2006,266,23.939999999999998
76318,GUACARÍ,VALLE DEL CAUCA,2007,212,19.08
76318,GUACARÍ,VALLE DEL CAUCA,2008,276,24.84
76318,GUACARÍ,VALLE DEL CAUCA,2009,118,10.62
76318,GUACARÍ,VALLE DEL CAUCA,2010,72,6.4799999999999995
76318,GUACARÍ,VALLE DEL CAUCA,2011,184,16.56
76318,GUACARÍ,VALLE DEL CAUCA,2012,250,22.5
76318,GUACARÍ,VALLE DEL CAUCA,2013,37,3.33
76318,GUACARÍ,VALLE DEL CAUCA,2014,61,5.49
76318,GUACARÍ,VALLE DEL CAUCA,2015,5,0.44999999999999996
76318,GUACARÍ,VALLE DEL CAUCA,2016,30,2.6999999999999997
76318,GUACARÍ,VALLE DEL CAUCA,2017,538,48.42
76318,GUACARÍ,VALLE DEL CAUCA,2018,69,6.21
76318,GUACARÍ,VALLE DEL CAUCA,2019,30,2.6999999999999997
76318,GUACARÍ,VALLE DEL CAUCA,2020,39,3.51
76318,GUACARÍ,VALLE DEL CAUCA,2021,29,2.61
76318,GUACARÍ,VALLE DEL CAUCA,2022,52,4.68
76318,GUACARÍ,VALLE DEL CAUCA,2023,28,2.52
76364,JAMUNDÍ,VALLE DEL CAUCA,2001,1,0.09
76364,JAMUNDÍ,VALLE DEL CAUCA,2002,1,0.09
76364,JAMUNDÍ,VALLE DEL CAUCA,2003,7,0.63
76364,JAMUNDÍ,VALLE DEL CAUCA,2004,4,0.36
76364,JAMUNDÍ,VALLE DEL CAUCA,2005,5,0.44999999999999996
76364,JAMUNDÍ,VALLE DEL CAUCA,2006,3,0.27
76364,JAMUNDÍ,VALLE DEL CAUCA,2007,2,0.18
76364,JAMUNDÍ,VALLE DEL CAUCA,2008,15,1.3499999999999999
76364,JAMUNDÍ,VALLE DEL CAUCA,2009,20,1.7999999999999998
76364,JAMUNDÍ,VALLE DEL CAUCA,2010,5,0.44999999999999996
76364,JAMUNDÍ,VALLE DEL CAUCA,2011,27,2.4299999999999997
76364,JAMUNDÍ,VALLE DEL CAUCA,2012,23,2.07
76364,JAMUNDÍ,VALLE DEL CAUCA,2013,20,1.7999999999999998
76364,JAMUNDÍ,VALLE DEL CAUCA,2014,9,0.8099999999999999
76364,JAMUNDÍ,VALLE DEL CAUCA,2015,11,0.99
76364,JAMUNDÍ,VALLE DEL CAUCA,2016,9,0.8099999999999999
76364,JAMUNDÍ,VALLE DEL CAUCA,2017,50,4.5
76364,JAMUNDÍ,VALLE DEL CAUCA,2018,8,0.72
76364,JAMUNDÍ,VALLE DEL CAUCA,2019,9,0.8099999999999999
76377,LA CUMBRE,VALLE DEL CAUCA,2001,7,0.63
76377,LA CUMBRE,VALLE DEL CAUCA,2002,2,0.18
76377,LA CUMBRE,VALLE DEL CAUCA,2003,18,1.6199999999999999
76377,LA CUMBRE,VALLE DEL CAUCA,2004,1,0.09
76377,LA CUMBRE,VALLE DEL CAUCA,2005,7,0.63
76377,LA CUMBRE,VALLE DEL CAUCA,2006,20,1.7999999999999998
76377,LA CUMBRE,VALLE DEL CAUCA,2007,26,2.34
76377,LA CUMBRE,VALLE DEL CAUCA,2008,80,7.199999999999999
76377,LA CUMBRE,VALLE DEL CAUCA,2009,6,0.54
76377,LA CUMBRE,VALLE DEL CAUCA,2010,20,1.7999999999999998
76377,LA CUMBRE,VALLE DEL CAUCA,2011,148,13.32
76377,LA CUMBRE,VALLE DEL CAUCA,2012,96,8.64
76377,LA CUMBRE,VALLE DEL CAUCA,2013,5,0.44999999999999996
76377,LA CUMBRE,VALLE DEL CAUCA,2014,3,0.27
76400,LA UNIÓN,VALLE DEL CAUCA,2001,54,4.859999999999999
76400,LA UNIÓN,VALLE DEL CAUCA,2002,40,3.5999999999999996
76400,LA UNIÓN,VALLE DEL CAUCA,2003,41,3.69
76400,LA UNIÓN,VALLE DEL CAUCA,2004,30,2.6999999999999997
76400,LA UNIÓN,VALLE DEL CAUCA,2005,10,0.8999999999999999
76400,LA UNIÓN,VALLE DEL CAUCA,2006,24,2.16
76400,LA UNIÓN,VALLE DEL CAUCA,2007,68,6.12
76400,LA UNIÓN,VALLE DEL CAUCA,2008,14,1.26
76400,LA UNIÓN,VALLE DEL CAUCA,2009,27,2.4299999999999997
76400,LA UNIÓN,VALLE DEL CAUCA,2010,48,4.32
76400,LA UNIÓN,VALLE DEL CAUCA,2011,65,5.85
76400,LA UNIÓN,VALLE DEL CAUCA,2012,60,5.3999999999999995
76400,LA UNIÓN,VALLE DEL CAUCA,2013,20,1.7999999999999998
76400,LA UNIÓN,VALLE DEL CAUCA,2014,8,0.72
76400,LA UNIÓN,VALLE DEL CAUCA,2015,7,0.63
76400,LA UNIÓN,VALLE DEL CAUCA,2017,27,2.4299999999999997
76400,LA UNIÓN,VALLE DEL CAUCA,2020,2,0.18
76403,LA VICTORIA,VALLE DEL CAUCA,2001,5,0.44999999999999996
76403,LA VICTORIA,VALLE DEL CAUCA,2002,1,0.09
76403,LA VICTORIA,VALLE DEL CAUCA,2003,2,0.18
76403,LA VICTORIA,VALLE DEL CAUCA,2004,51,4.59
76403,LA VICTORIA,VALLE DEL CAUCA,2005,15,1.3499999999999999
76403,LA VICTORIA,VALLE DEL CAUCA,2006,9,0.8099999999999999
76403,LA VICTORIA,VALLE DEL CAUCA,2007,21,1.89
76403,LA VICTORIA,VALLE DEL CAUCA,2008,6,0.54
76403,LA VICTORIA,VALLE DEL CAUCA,2009,37,3.33
76403,LA VICTORIA,VALLE DEL CAUCA,2010,8,0.72
76403,LA VICTORIA,VALLE DEL CAUCA,2011,12,1.08
76403,LA VICTORIA,VALLE DEL CAUCA,2012,24,2.16
76403,LA VICTORIA,VALLE DEL CAUCA,2013,1,0.09
76403,LA VICTORIA,VALLE DEL CAUCA,2016,9,0.8099999999999999
76403,LA VICTORIA,VALLE DEL CAUCA,2017,1,0.09
76497,OBANDO,VALLE DEL CAUCA,2001,2,0.18
76497,OBANDO,VALLE DEL CAUCA,2003,9,0.8099999999999999
76497,OBANDO,VALLE DEL CAUCA,2004,109,9.81
76497,OBANDO,VALLE DEL CAUCA,2005,31,2.79
76497,OBANDO,VALLE DEL CAUCA,2006,20,1.7999999999999998
76497,OBANDO,VALLE DEL CAUCA,2007,26,2.34
76497,OBANDO,VALLE DEL CAUCA,2008,66,5.9399999999999995
76497,OBANDO,VALLE DEL CAUCA,2009,45,4.05
76497,OBANDO,VALLE DEL CAUCA,2010,17,1.53
76497,OBANDO,VALLE DEL CAUCA,2011,54,4.859999999999999
76497,OBANDO,VALLE DEL CAUCA,2012,93,8.37
76497,OBANDO,VALLE DEL CAUCA,2013,1,0.09
76497,OBANDO,VALLE DEL CAUCA,2014,5,0.44999999999999996
76497,OBANDO,VALLE DEL CAUCA,2016,4,0.36
76497,OBANDO,VALLE DEL CAUCA,2017,28,2.52
76497,OBANDO,VALLE DEL CAUCA,2018,1,0.09
76497,OBANDO,VALLE DEL CAUCA,2019,5,0.44999999999999996
76497,OBANDO,VALLE DEL CAUCA,2020,1,0.09
76520,PALMIRA,VALLE DEL CAUCA,2001,309,27.81
76520,PALMIRA,VALLE DEL CAUCA,2002,155,13.95
76520,PALMIRA,VALLE DEL CAUCA,2003,697,62.73
76520,PALMIRA,VALLE DEL CAUCA,2004,357,32.129999999999995
76520,PALMIRA,VALLE DEL CAUCA,2005,350,31.5
76520,PALMIRA,VALLE DEL CAUCA,2006,713,64.17
76520,PALMIRA,VALLE DEL CAUCA,2007,491,44.19
76520,PALMIRA,VALLE DEL CAUCA,2008,307,27.63
76520,PALMIRA,VALLE DEL CAUCA,2009,624,56.16
76520,PALMIRA,VALLE DEL CAUCA,2010,615,55.35
76520,PALMIRA,VALLE DEL CAUCA,2011,456,41.04
76520,PALMIRA,VALLE DEL CAUCA,2012,254,22.86
76520,PALMIRA,VALLE DEL CAUCA,2013,7,0.63
76520,PALMIRA,VALLE DEL CAUCA,2014,22,1.98
76520,PALMIRA,VALLE DEL CAUCA,2015,56,5.04
76520,PALMIRA,VALLE DEL CAUCA,2016,417,37.53
76520,PALMIRA,VALLE DEL CAUCA,2017,191,17.189999999999998
76520,PALMIRA,VALLE DEL CAUCA,2018,112,10.08
76520,PALMIRA,VALLE DEL CAUCA,2019,382,34.379999999999995
76520,PALMIRA,VALLE DEL CAUCA,2020,435,39.15
76520,PALMIRA,VALLE DEL CAUCA,2021,265,23.849999999999998
76520,PALMIRA,VALLE DEL CAUCA,2022,273,24.57
76520,PALMIRA,VALLE DEL CAUCA,2023,230,20.7
76563,PRADERA,VALLE DEL CAUCA,2001,458,41.22
76563,PRADERA,VALLE DEL CAUCA,2002,177,15.93
76563,PRADERA,VALLE DEL CAUCA,2003,207,18.63
76563,PRADERA,VALLE DEL CAUCA,2004,321,28.89
76563,PRADERA,VALLE DEL CAUCA,2005,159,14.309999999999999
76563,PRADERA,VALLE DEL CAUCA,2006,692,62.28
76563,PRADERA,VALLE DEL CAUCA,2007,835,75.14999999999999
76563,PRADERA,VALLE DEL CAUCA,2008,301,27.09
76563,PRADERA,VALLE DEL CAUCA,2009,697,62.73
76563,PRADERA,VALLE DEL CAUCA,2010,548,49.32
76563,PRADERA,VALLE DEL CAUCA,2011,242,21.779999999999998
76563,PRADERA,VALLE DEL CAUCA,2012,874,78.66
76563,PRADERA,VALLE DEL CAUCA,2013,9,0.8099999999999999
76563,PRADERA,VALLE DEL CAUCA,2014,17,1.53
76563,PRADERA,VALLE DEL CAUCA,2015,51,4.59
76563,PRADERA,VALLE DEL CAUCA,2016,169,15.209999999999999
76563,PRADERA,VALLE DEL CAUCA,2017,92,8.28
76563,PRADERA,VALLE DEL CAUCA,2018,105,9.45
76563,PRADERA,VALLE DEL CAUCA,2019,106,9.54
76563,PRADERA,VALLE DEL CAUCA,2020,111,9.99
76563,PRADERA,VALLE DEL CAUCA,2021,47,4.2299999999999995
76563,PRADERA,VALLE DEL CAUCA,2022,24,2.16
76563,PRADERA,VALLE DEL CAUCA,2023,38,3.42
76606,RESTREPO,VALLE DEL CAUCA,2001,341,30.689999999999998
76606,RESTREPO,VALLE DEL CAUCA,2002,53,4.77
76606,RESTREPO,VALLE DEL CAUCA,2003,62,5.58
76606,RESTREPO,VALLE DEL CAUCA,2004,126,11.34
76606,RESTREPO,VALLE DEL CAUCA,2005,276,24.84
76606,RESTREPO,VALLE DEL CAUCA,2006,394,35.46
76606,RESTREPO,VALLE DEL CAUCA,2007,293,26.369999999999997
76606,RESTREPO,VALLE DEL CAUCA,2008,217,19.529999999999998
76606,RESTREPO,VALLE DEL CAUCA,2009,427,38.43
76606,RESTREPO,VALLE DEL CAUCA,2010,40,3.5999999999999996
76606,RESTREPO,VALLE DEL CAUCA,2011,155,13.95
76606,RESTREPO,VALLE DEL CAUCA,2012,213,19.169999999999998
76606,RESTREPO,VALLE DEL CAUCA,2013,49,4.41
76606,RESTREPO,VALLE DEL CAUCA,2014,35,3.15
76606,RESTREPO,VALLE DEL CAUCA,2015,190,17.099999999999998
76606,RESTREPO,VALLE DEL CAUCA,2016,82,7.38
76606,RESTREPO,VALLE DEL CAUCA,2017,168,15.12
76606,RESTREPO,VALLE DEL CAUCA,2018,206,18.54
76606,RESTREPO,VALLE DEL CAUCA,2019,269,24.21
76606,RESTREPO,VALLE DEL CAUCA,2020,456,41.04
76606,RESTREPO,VALLE DEL CAUCA,2021,278,25.02
76606,RESTREPO,VALLE DEL CAUCA,2022,195,17.55
76606,RESTREPO,VALLE DEL CAUCA,2023,265,23.849999999999998
76616,RIOFRÍO,VALLE DEL CAUCA,2001,317,28.529999999999998
76616,RIOFRÍO,VALLE DEL CAUCA,2002,116,10.44
76616,RIOFRÍO,VALLE DEL CAUCA,2003,55,4.95
76616,RIOFRÍO,VALLE DEL CAUCA,2004,51,4.59
76616,RIOFRÍO,VALLE DEL CAUCA,2005,121,10.889999999999999
76616,RIOFRÍO,VALLE DEL CAUCA,2006,222,19.98
76616,RIOFRÍO,VALLE DEL CAUCA,2007,94,8.459999999999999
76616,RIOFRÍO,VALLE DEL CAUCA,2008,79,7.109999999999999
76616,RIOFRÍO,VALLE DEL CAUCA,2009,134,12.059999999999999
76616,RIOFRÍO,VALLE DEL CAUCA,2010,5,0.44999999999999996
76616,RIOFRÍO,VALLE DEL CAUCA,2011,141,12.69
76616,RIOFRÍO,VALLE DEL CAUCA,2012,67,6.029999999999999
76616,RIOFRÍO,VALLE DEL CAUCA,2014,17,1.53
76616,RIOFRÍO,VALLE DEL CAUCA,2015,75,6.75
76616,RIOFRÍO,VALLE DEL CAUCA,2017,350,31.5
76616,RIOFRÍO,VALLE DEL CAUCA,2018,564,50.76
76616,RIOFRÍO,VALLE DEL CAUCA,2019,860,77.39999999999999
76616,RIOFRÍO,VALLE DEL CAUCA,2020,1226,110.33999999999999
76616,RIOFRÍO,VALLE DEL CAUCA,2021,200,18.0
76616,RIOFRÍO,VALLE DEL CAUCA,2023,109,9.81
76622,ROLDANILLO,VALLE DEL CAUCA,2001,112,10.08
76622,ROLDANILLO,VALLE DEL CAUCA,2002,34,3.06
76622,ROLDANILLO,VALLE DEL CAUCA,2003,37,3.33
76622,ROLDANILLO,VALLE DEL CAUCA,2004,2,0.18
76622,ROLDANILLO,VALLE DEL CAUCA,2005,16,1.44
76622,ROLDANILLO,VALLE DEL CAUCA,2006,13,1.17
76622,ROLDANILLO,VALLE DEL CAUCA,2007,3,0.27
76622,ROLDANILLO,VALLE DEL CAUCA,2008,9,0.8099999999999999
76622,ROLDANILLO,VALLE DEL CAUCA,2009,175,15.75
76622,ROLDANILLO,VALLE DEL CAUCA,2011,8,0.72
76622,ROLDANILLO,VALLE DEL CAUCA,2012,16,1.44
76622,ROLDANILLO,VALLE DEL CAUCA,2013,25,2.25
76622,ROLDANILLO,VALLE DEL CAUCA,2014,38,3.42
76622,ROLDANILLO,VALLE DEL CAUCA,2015,3,0.27
76622,ROLDANILLO,VALLE DEL CAUCA,2016,7,0.63
76622,ROLDANILLO,VALLE DEL CAUCA,2017,17,1.53
76622,ROLDANILLO,VALLE DEL CAUCA,2020,403,36.269999999999996
76622,ROLDANILLO,VALLE DEL CAUCA,2021,17,1.53
76670,SAN PEDRO,VALLE DEL CAUCA,2001,23,2.07
76670,SAN PEDRO,VALLE DEL CAUCA,2002,30,2.6999999999999997
76670,SAN PEDRO,VALLE DEL CAUCA,2003,96,8.64
76670,SAN PEDRO,VALLE DEL CAUCA,2004,319,28.709999999999997
76670,SAN PEDRO,VALLE DEL CAUCA,2005,342,30.779999999999998
76670,SAN PEDRO,VALLE DEL CAUCA,2006,566,50.94
76670,SAN PEDRO,VALLE DEL CAUCA,2007,787,70.83
76670,SAN PEDRO,VALLE DEL CAUCA,2008,339,30.509999999999998
76670,SAN PEDRO,VALLE DEL CAUCA,2009,202,18.18
76670,SAN PEDRO,VALLE DEL CAUCA,2010,117,10.53
76670,SAN PEDRO,VALLE DEL CAUCA,2011,123,11.07
76670,SAN PEDRO,VALLE DEL CAUCA,2012,51,4.59
76670,SAN PEDRO,VALLE DEL CAUCA,2013,22,1.98
76670,SAN PEDRO,VALLE DEL CAUCA,2014,134,12.059999999999999
76670,SAN PEDRO,VALLE DEL CAUCA,2015,19,1.71
76670,SAN PEDRO,VALLE DEL CAUCA,2016,47,4.2299999999999995
76670,SAN PEDRO,VALLE DEL CAUCA,2017,598,53.82
76670,SAN PEDRO,VALLE DEL CAUCA,2018,626,56.339999999999996
76670,SAN PEDRO,VALLE DEL CAUCA,2019,519,46.71
76670,SAN PEDRO,VALLE DEL CAUCA,2020,155,13.95
76670,SAN PEDRO,VALLE DEL CAUCA,2021,271,24.39
76670,SAN PEDRO,VALLE DEL CAUCA,2022,157,14.129999999999999
76670,SAN PEDRO,VALLE DEL CAUCA,2023,752,67.67999999999999
76736,SEVILLA,VALLE DEL CAUCA,2001,34,3.06
76736,SEVILLA,VALLE DEL CAUCA,2002,3,0.27
76736,SEVILLA,VALLE DEL CAUCA,2003,3,0.27
76736,SEVILLA,VALLE DEL CAUCA,2004,2,0.18
76736,SEVILLA,VALLE DEL CAUCA,2005,1,0.09
76736,SEVILLA,VALLE DEL CAUCA,2006,3,0.27
76736,SEVILLA,VALLE DEL CAUCA,2007,5,0.44999999999999996
76736,SEVILLA,VALLE DEL CAUCA,2009,23,2.07
76736,SEVILLA,VALLE DEL CAUCA,2016,1,0.09
76736,SEVILLA,VALLE DEL CAUCA,2018,62,5.58
76736,SEVILLA,VALLE DEL CAUCA,2021,8,0.72
76736,SEVILLA,VALLE DEL CAUCA,2023,6,0.54
76823,TORO,VALLE DEL CAUCA,2001,7,0.63
76823,TORO,VALLE DEL CAUCA,2002,6,0.54
76823,TORO,VALLE DEL CAUCA,2003,3,0.27
76823,TORO,VALLE DEL CAUCA,2006,6,0.54
76823,TORO,VALLE DEL CAUCA,2007,4,0.36
76823,TORO,VALLE DEL CAUCA,2008,6,0.54
76823,TORO,VALLE DEL CAUCA,2009,25,2.25
76823,TORO,VALLE DEL CAUCA,2010,1,0.09
76823,TORO,VALLE DEL CAUCA,2011,7,0.63
76823,TORO,VALLE DEL CAUCA,2022,3,0.27
76828,TRUJILLO,VALLE DEL CAUCA,2002,5,0.44999999999999996
76828,TRUJILLO,VALLE DEL CAUCA,2007,5,0.44999999999999996
76828,TRUJILLO,VALLE DEL CAUCA,2009,2,0.18
76828,TRUJILLO,VALLE DEL CAUCA,2011,2,0.18
76828,TRUJILLO,VALLE DEL CAUCA,2012,18,1.6199999999999999
76828,TRUJILLO,VALLE DEL CAUCA,2014,4,0.36
76828,TRUJILLO,VALLE DEL CAUCA,2020,23,2.07
76828,TRUJILLO,VALLE DEL CAUCA,2022,111,9.99
76828,TRUJILLO,VALLE DEL CAUCA,2023,49,4.41
76834,TULUÁ,VALLE DEL CAUCA,2001,5,0.44999999999999996
76834,TULUÁ,VALLE DEL CAUCA,2004,1,0.09
76834,TULUÁ,VALLE DEL CAUCA,2005,1,0.09
76834,TULUÁ,VALLE DEL CAUCA,2006,3,0.27
76834,TULUÁ,VALLE DEL CAUCA,2007,2,0.18
76834,TULUÁ,VALLE DEL CAUCA,2009,1,0.09
76834,TULUÁ,VALLE DEL CAUCA,2010,1,0.09
76834,TULUÁ,VALLE DEL CAUCA,2014,3,0.27
76834,TULUÁ,VALLE DEL CAUCA,2015,4,0.36
76845,ULLOA,VALLE DEL CAUCA,2008,13,1.17
76845,ULLOA,VALLE DEL CAUCA,2009,54,4.859999999999999
76845,ULLOA,VALLE DEL CAUCA,2012,3,0.27
76863,VERSALLES,VALLE DEL CAUCA,2002,1,0.09
76863,VERSALLES,VALLE DEL CAUCA,2003,5,0.44999999999999996
76863,VERSALLES,VALLE DEL CAUCA,2004,1,0.09
76863,VERSALLES,VALLE DEL CAUCA,2005,2,0.18
76863,VERSALLES,VALLE DEL CAUCA,2006,8,0.72
76863,VERSALLES,VALLE DEL CAUCA,2007,12,1.08
76863,VERSALLES,VALLE DEL CAUCA,2009,9,0.8099999999999999
76863,VERSALLES,VALLE DEL CAUCA,2010,3,0.27
76863,VERSALLES,VALLE DEL CAUCA,2011,3,0.27
76863,VERSALLES,VALLE DEL CAUCA,2012,17,1.53
76863,VERSALLES,VALLE DEL CAUCA,2013,3,0.27
76863,VERSALLES,VALLE DEL CAUCA,2017,26,2.34
76863,VERSALLES,VALLE DEL CAUCA,2018,6,0.54
76863,VERSALLES,VALLE DEL CAUCA,2019,35,3.15
76863,VERSALLES,VALLE DEL CAUCA,2020,29,2.61
76863,VERSALLES,VALLE DEL CAUCA,2021,21,1.89
76863,VERSALLES,VALLE DEL CAUCA,2022,5,0.44999999999999996
76863,VERSALLES,VALLE DEL CAUCA,2023,5,0.44999999999999996
76869,VIJES,VALLE DEL CAUCA,2002,19,1.71
76869,VIJES,VALLE DEL CAUCA,2003,13,1.17
76869,VIJES,VALLE DEL CAUCA,2005,2,0.18
76869,VIJES,VALLE DEL CAUCA,2007,11,0.99
76869,VIJES,VALLE DEL CAUCA,2008,1,0.09
76869,VIJES,VALLE DEL CAUCA,2009,32,2.88
76869,VIJES,VALLE DEL CAUCA,2011,2,0.18
76869,VIJES,VALLE DEL CAUCA,2012,9,0.8099999999999999
76869,VIJES,VALLE DEL CAUCA,2013,2,0.18
76869,VIJES,VALLE DEL CAUCA,2016,14,1.26
76869,VIJES,VALLE DEL CAUCA,2018,114,10.26
76869,VIJES,VALLE DEL CAUCA,2019,64,5.76
76869,VIJES,VALLE DEL CAUCA,2020,16,1.44
76869,VIJES,VALLE DEL CAUCA,2021,5,0.44999999999999996
76869,VIJES,VALLE DEL CAUCA,2022,5,0.44999999999999996
76869,VIJES,VALLE DEL CAUCA,2023,27,2.4299999999999997
76890,YOTOCO,VALLE DEL CAUCA,2001,2,0.18
76890,YOTOCO,VALLE DEL CAUCA,2002,20,1.7999999999999998
76890,YOTOCO,VALLE DEL CAUCA,2003,29,2.61
76890,YOTOCO,VALLE DEL CAUCA,2004,75,6.75
76890,YOTOCO,VALLE DEL CAUCA,2005,75,6.75
76890,YOTOCO,VALLE DEL CAUCA,2006,7,0.63
76890,YOTOCO,VALLE DEL CAUCA,2007,162,14.58
76890,YOTOCO,VALLE DEL CAUCA,2008,99,8.91
76890,YOTOCO,VALLE DEL CAUCA,2009,64,5.76
76890,YOTOCO,VALLE DEL CAUCA,2010,57,5.13
76890,YOTOCO,VALLE DEL CAUCA,2011,23,2.07
76890,YOTOCO,VALLE DEL CAUCA,2012,136,12.24
76890,YOTOCO,VALLE DEL CAUCA,2014,17,1.53
76890,YOTOCO,VALLE DEL CAUCA,2015,2,0.18
76890,YOTOCO,VALLE DEL CAUCA,2016,3,0.27
76890,YOTOCO,VALLE DEL CAUCA,2017,97,8.73
76890,YOTOCO,VALLE DEL CAUCA,2018,65,5.85
76890,YOTOCO,VALLE DEL CAUCA,2019,30,2.6999999999999997
76890,YOTOCO,VALLE DEL CAUCA,2020,15,1.3499999999999999
76890,YOTOCO,VALLE DEL CAUCA,2021,11,0.99
76890,YOTOCO,VALLE DEL CAUCA,2022,33,2.9699999999999998
76890,YOTOCO,VALLE DEL CAUCA,2023,27,2.4299999999999997
76892,YUMBO,VALLE DEL CAUCA,2001,1,0.09
76892,YUMBO,VALLE DEL CAUCA,2002,2,0.18
76892,YUMBO,VALLE DEL CAUCA,2003,5,0.44999999999999996
76892,YUMBO,VALLE DEL CAUCA,2004,2,0.18
76892,YUMBO,VALLE DEL CAUCA,2008,12,1.08
76892,YUMBO,VALLE DEL CAUCA,2009,1,0.09
76892,YUMBO,VALLE DEL CAUCA,2012,29,2.61
76892,YUMBO,VALLE DEL CAUCA,2020,9,0.8099999999999999
76892,YUMBO,VALLE DEL CAUCA,2021,23,2.07
76892,YUMBO,VALLE DEL CAUCA,2022,5,0.44999999999999996
76895,ZARZAL,VALLE DEL CAUCA,2001,17,1.53
76895,ZARZAL,VALLE DEL CAUCA,2002,39,3.51
76895,ZARZAL,VALLE DEL CAUCA,2004,1,0.09
76895,ZARZAL,VALLE DEL CAUCA,2005,2,0.18
76895,ZARZAL,VALLE DEL CAUCA,2006,3,0.27
76895,ZARZAL,VALLE DEL CAUCA,2008,3,0.27
76895,ZARZAL,VALLE DEL CAUCA,2009,6,0.54
76895,ZARZAL,VALLE DEL CAUCA,2010,3,0.27
76895,ZARZAL,VALLE DEL CAUCA,2012,10,0.8999999999999999
76895,ZARZAL,VALLE DEL CAUCA,2017,6,0.54
76895,ZARZAL,VALLE DEL CAUCA,2018,12,1.08
76895,ZARZAL,VALLE DEL CAUCA,2021,1,0.09
81001,ARAUCA,ARAUCA,2001,1,0.09
81001,ARAUCA,ARAUCA,2006,1,0.09
81001,ARAUCA,ARAUCA,2007,1,0.09
81001,ARAUCA,ARAUCA,2009,19,1.71
81001,ARAUCA,ARAUCA,2010,2,0.18
81001,ARAUCA,ARAUCA,2011,13,1.17
81001,ARAUCA,ARAUCA,2012,62,5.58
81001,ARAUCA,ARAUCA,2013,84,7.56
81001,ARAUCA,ARAUCA,2014,2,0.18
81001,ARAUCA,ARAUCA,2016,2,0.18
81001,ARAUCA,ARAUCA,2019,3,0.27
81001,ARAUCA,ARAUCA,2021,21,1.89
81001,ARAUCA,ARAUCA,2022,3,0.27
81065,ARAUQUITA,ARAUCA,2008,1,0.09
81065,ARAUQUITA,ARAUCA,2009,4,0.36
81065,ARAUQUITA,ARAUCA,2010,4,0.36
81065,ARAUQUITA,ARAUCA,2011,412,37.08
81065,ARAUQUITA,ARAUCA,2012,175,15.75
81065,ARAUQUITA,ARAUCA,2013,12,1.08
81220,CRAVO NORTE,ARAUCA,2001,1,0.09
81220,CRAVO NORTE,ARAUCA,2002,4,0.36
81220,CRAVO NORTE,ARAUCA,2005,13,1.17
81220,CRAVO NORTE,ARAUCA,2006,2,0.18
81220,CRAVO NORTE,ARAUCA,2007,2,0.18
81220,CRAVO NORTE,ARAUCA,2009,32,2.88
81220,CRAVO NORTE,ARAUCA,2010,5,0.44999999999999996
81220,CRAVO NORTE,ARAUCA,2011,1,0.09
81220,CRAVO NORTE,ARAUCA,2012,12,1.08
81220,CRAVO NORTE,ARAUCA,2013,1,0.09
81220,CRAVO NORTE,ARAUCA,2014,2,0.18
81220,CRAVO NORTE,ARAUCA,2021,2,0.18
81220,CRAVO NORTE,ARAUCA,2022,742,66.78
81220,CRAVO NORTE,ARAUCA,2023,1329,119.61
81300,FORTUL,ARAUCA,2001,1,0.09
81300,FORTUL,ARAUCA,2004,1,0.09
81300,FORTUL,ARAUCA,2006,1,0.09
81300,FORTUL,ARAUCA,2010,2,0.18
81300,FORTUL,ARAUCA,2012,7,0.63
81300,FORTUL,ARAUCA,2013,18,1.6199999999999999
81300,FORTUL,ARAUCA,2014,1,0.09
81300,FORTUL,ARAUCA,2020,4,0.36
81300,FORTUL,ARAUCA,2021,118,10.62
81300,FORTUL,ARAUCA,2022,4,0.36
81591,PUERTO RONDÓN,ARAUCA,2001,69,6.21
81591,PUERTO RONDÓN,ARAUCA,2002,94,8.459999999999999
81591,PUERTO RONDÓN,ARAUCA,2003,213,19.169999999999998
81591,PUERTO RONDÓN,ARAUCA,2004,59,5.31
81591,PUERTO RONDÓN,ARAUCA,2005,21,1.89
81591,PUERTO RONDÓN,ARAUCA,2006,28,2.52
81591,PUERTO RONDÓN,ARAUCA,2007,127,11.43
81591,PUERTO RONDÓN,ARAUCA,2008,148,13.32
81591,PUERTO RONDÓN,ARAUCA,2009,206,18.54
81591,PUERTO RONDÓN,ARAUCA,2010,197,17.73
81591,PUERTO RONDÓN,ARAUCA,2011,36,3.2399999999999998
81591,PUERTO RONDÓN,ARAUCA,2012,184,16.56
81591,PUERTO RONDÓN,ARAUCA,2013,126,11.34
81591,PUERTO RONDÓN,ARAUCA,2014,159,14.309999999999999
81591,PUERTO RONDÓN,ARAUCA,2015,169,15.209999999999999
81591,PUERTO RONDÓN,ARAUCA,2016,115,10.35
81591,PUERTO RONDÓN,ARAUCA,2017,470,42.3
81591,PUERTO RONDÓN,ARAUCA,2018,215,19.349999999999998
81591,PUERTO RONDÓN,ARAUCA,2019,242,21.779999999999998
81591,PUERTO RONDÓN,ARAUCA,2020,235,21.15
81591,PUERTO RONDÓN,ARAUCA,2021,100,9.0
81591,PUERTO RONDÓN,ARAUCA,2022,30,2.6999999999999997
81591,PUERTO RONDÓN,ARAUCA,2023,90,8.1
81736,SARAVENA,ARAUCA,2001,10,0.8999999999999999
81736,SARAVENA,ARAUCA,2002,43,3.8699999999999997
81736,SARAVENA,ARAUCA,2003,26,2.34
81736,SARAVENA,ARAUCA,2004,56,5.04
81736,SARAVENA,ARAUCA,2005,78,7.02
81736,SARAVENA,ARAUCA,2006,37,3.33
81736,SARAVENA,ARAUCA,2007,41,3.69
81736,SARAVENA,ARAUCA,2008,29,2.61
81736,SARAVENA,ARAUCA,2009,59,5.31
81736,SARAVENA,ARAUCA,2010,13,1.17
81736,SARAVENA,ARAUCA,2011,46,4.14
81736,SARAVENA,ARAUCA,2012,134,12.059999999999999
81736,SARAVENA,ARAUCA,2013,51,4.59
81736,SARAVENA,ARAUCA,2014,284,25.56
81736,SARAVENA,ARAUCA,2015,22,1.98
81736,SARAVENA,ARAUCA,2016,1925,173.25
81736,SARAVENA,ARAUCA,2017,501,45.089999999999996
81736,SARAVENA,ARAUCA,2018,129,11.61
81736,SARAVENA,ARAUCA,2019,138,12.42
81736,SARAVENA,ARAUCA,2020,1217,109.53
81736,SARAVENA,ARAUCA,2021,91,8.19
81736,SARAVENA,ARAUCA,2022,74,6.66
81736,SARAVENA,ARAUCA,2023,26,2.34
81794,TAME,ARAUCA,2001,429,38.61
81794,TAME,ARAUCA,2002,50,4.5
81794,TAME,ARAUCA,2003,363,32.67
81794,TAME,ARAUCA,2004,359,32.31
81794,TAME,ARAUCA,2005,234,21.06
81794,TAME,ARAUCA,2006,69,6.21
81794,TAME,ARAUCA,2007,44,3.96
81794,TAME,ARAUCA,2008,790,71.1
81794,TAME,ARAUCA,2009,387,34.83
81794,TAME,ARAUCA,2010,67,6.029999999999999
81794,TAME,ARAUCA,2011,163,14.67
81794,TAME,ARAUCA,2012,75,6.75
81794,TAME,ARAUCA,2013,280,25.2
81794,TAME,ARAUCA,2014,323,29.07
81794,TAME,ARAUCA,2015,159,14.309999999999999
81794,TAME,ARAUCA,2016,261,23.49
81794,TAME,ARAUCA,2017,328,29.52
81794,TAME,ARAUCA,2018,406,36.54
81794,TAME,ARAUCA,2019,1254,112.86
81794,TAME,ARAUCA,2020,1965,176.85
81794,TAME,ARAUCA,2021,547,49.23
81794,TAME,ARAUCA,2022,44,3.96
81794,TAME,ARAUCA,2023,216,19.439999999999998
85001,YOPAL,CASANARE,2002,2,0.18
85001,YOPAL,CASANARE,2012,4,0.36
85001,YOPAL,CASANARE,2023,50,4.5
85010,AGUAZUL,CASANARE,2005,4,0.36
85010,AGUAZUL,CASANARE,2006,1,0.09
85010,AGUAZUL,CASANARE,2007,3,0.27
85010,AGUAZUL,CASANARE,2008,4,0.36
85010,AGUAZUL,CASANARE,2010,1,0.09
85010,AGUAZUL,CASANARE,2011,2,0.18
85010,AGUAZUL,CASANARE,2012,2,0.18
85010,AGUAZUL,CASANARE,2013,2,0.18
85010,AGUAZUL,CASANARE,2014,1,0.09
85010,AGUAZUL,CASANARE,2022,7,0.63
85015,CHÁMEZA,CASANARE,2005,1,0.09
85015,CHÁMEZA,CASANARE,2006,1,0.09
85015,CHÁMEZA,CASANARE,2008,1,0.09
85015,CHÁMEZA,CASANARE,2011,3,0.27
85015,CHÁMEZA,CASANARE,2012,1,0.09
85015,CHÁMEZA,CASANARE,2013,3,0.27
85015,CHÁMEZA,CASANARE,2017,9,0.8099999999999999
85015,CHÁMEZA,CASANARE,2018,4,0.36
85125,HATO COROZAL,CASANARE,2002,1,0.09
85125,HATO COROZAL,CASANARE,2006,1,0.09
85125,HATO COROZAL,CASANARE,2007,1,0.09
85125,HATO COROZAL,CASANARE,2009,1,0.09
85125,HATO COROZAL,CASANARE,2010,4,0.36
85125,HATO COROZAL,CASANARE,2011,6,0.54
85125,HATO COROZAL,CASANARE,2013,6,0.54
85125,HATO COROZAL,CASANARE,2014,3,0.27
85125,HATO COROZAL,CASANARE,2016,14,1.26
85125,HATO COROZAL,CASANARE,2017,3,0.27
85136,LA SALINA,CASANARE,2002,3,0.27
85136,LA SALINA,CASANARE,2003,2,0.18
85136,LA SALINA,CASANARE,2004,7,0.63
85136,LA SALINA,CASANARE,2005,4,0.36
85136,LA SALINA,CASANARE,2007,9,0.8099999999999999
85136,LA SALINA,CASANARE,2008,3,0.27
85136,LA SALINA,CASANARE,2009,1,0.09
85136,LA SALINA,CASANARE,2010,4,0.36
85136,LA SALINA,CASANARE,2011,1,0.09
85136,LA SALINA,CASANARE,2013,8,0.72
85136,LA SALINA,CASANARE,2014,9,0.8099999999999999
85136,LA SALINA,CASANARE,2015,3,0.27
85136,LA SALINA,CASANARE,2016,4,0.36
85136,LA SALINA,CASANARE,2018,8,0.72
85136,LA SALINA,CASANARE,2020,76,6.84
85136,LA SALINA,CASANARE,2021,32,2.88
85136,LA SALINA,CASANARE,2022,37,3.33
85136,LA SALINA,CASANARE,2023,52,4.68
85139,MANÍ,CASANARE,2001,1,0.09
85139,MANÍ,CASANARE,2002,2,0.18
85139,MANÍ,CASANARE,2003,4,0.36
85139,MANÍ,CASANARE,2004,1,0.09
85139,MANÍ,CASANARE,2007,2,0.18
85139,MANÍ,CASANARE,2009,1,0.09
85139,MANÍ,CASANARE,2010,21,1.89
85139,MANÍ,CASANARE,2011,2,0.18
85139,MANÍ,CASANARE,2012,6,0.54
85139,MANÍ,CASANARE,2013,81,7.29
85139,MANÍ,CASANARE,2014,6,0.54
85139,MANÍ,CASANARE,2017,2,0.18
85162,MONTERREY,CASANARE,2001,3,0.27
85162,MONTERREY,CASANARE,2002,1,0.09
85162,MONTERREY,CASANARE,2003,1,0.09
85162,MONTERREY,CASANARE,2004,2,0.18
85162,MONTERREY,CASANARE,2006,2,0.18
85162,MONTERREY,CASANARE,2007,5,0.44999999999999996
85162,MONTERREY,CASANARE,2009,4,0.36
85162,MONTERREY,CASANARE,2010,8,0.72
85162,MONTERREY,CASANARE,2011,9,0.8099999999999999
85162,MONTERREY,CASANARE,2012,11,0.99
85162,MONTERREY,CASANARE,2013,11,0.99
85162,MONTERREY,CASANARE,2014,9,0.8099999999999999
85162,MONTERREY,CASANARE,2017,8,0.72
85162,MONTERREY,CASANARE,2023,5,0.44999999999999996
85225,NUNCHÍA,CASANARE,2001,6,0.54
85225,NUNCHÍA,CASANARE,2002,3,0.27
85225,NUNCHÍA,CASANARE,2003,5,0.44999999999999996
85225,NUNCHÍA,CASANARE,2004,4,0.36
85225,NUNCHÍA,CASANARE,2006,3,0.27
85225,NUNCHÍA,CASANARE,2007,10,0.8999999999999999
85225,NUNCHÍA,CASANARE,2008,1,0.09
85225,NUNCHÍA,CASANARE,2009,7,0.63
85225,NUNCHÍA,CASANARE,2010,7,0.63
85225,NUNCHÍA,CASANARE,2011,12,1.08
85225,NUNCHÍA,CASANARE,2012,17,1.53
85225,NUNCHÍA,CASANARE,2013,23,2.07
85225,NUNCHÍA,CASANARE,2014,7,0.63
85230,OROCUÉ,CASANARE,2001,2,0.18
85230,OROCUÉ,CASANARE,2002,1,0.09
85230,OROCUÉ,CASANARE,2003,2,0.18
85230,OROCUÉ,CASANARE,2004,1,0.09
85230,OROCUÉ,CASANARE,2005,1,0.09
85230,OROCUÉ,CASANARE,2006,5,0.44999999999999996
85230,OROCUÉ,CASANARE,2007,12,1.08
85230,OROCUÉ,CASANARE,2008,3,0.27
85230,OROCUÉ,CASANARE,2009,6,0.54
85230,OROCUÉ,CASANARE,2010,1,0.09
85230,OROCUÉ,CASANARE,2011,7,0.63
85230,OROCUÉ,CASANARE,2012,40,3.5999999999999996
85230,OROCUÉ,CASANARE,2013,7,0.63
85230,OROCUÉ,CASANARE,2014,13,1.17
85230,OROCUÉ,CASANARE,2019,98,8.82
85230,OROCUÉ,CASANARE,2020,8,0.72
85250,PAZ DE ARIPORO,CASANARE,2001,1,0.09
85250,PAZ DE ARIPORO,CASANARE,2006,88,7.92
85250,PAZ DE ARIPORO,CASANARE,2007,51,4.59
85250,PAZ DE ARIPORO,CASANARE,2008,131,11.79
85250,PAZ DE ARIPORO,CASANARE,2009,82,7.38
85250,PAZ DE ARIPORO,CASANARE,2010,108,9.719999999999999
85250,PAZ DE ARIPORO,CASANARE,2011,75,6.75
85250,PAZ DE ARIPORO,CASANARE,2012,82,7.38
85250,PAZ DE ARIPORO,CASANARE,2013,65,5.85
85250,PAZ DE ARIPORO,CASANARE,2014,133,11.969999999999999
85250,PAZ DE ARIPORO,CASANARE,2015,16,1.44
85250,PAZ DE ARIPORO,CASANARE,2016,151,13.59
85250,PAZ DE ARIPORO,CASANARE,2017,230,20.7
85250,PAZ DE ARIPORO,CASANARE,2018,333,29.97
85250,PAZ DE ARIPORO,CASANARE,2019,261,23.49
85250,PAZ DE ARIPORO,CASANARE,2020,409,36.809999999999995
85250,PAZ DE ARIPORO,CASANARE,2021,23,2.07
85250,PAZ DE ARIPORO,CASANARE,2022,278,25.02
85250,PAZ DE ARIPORO,CASANARE,2023,301,27.09
85263,PORE,CASANARE,2002,1,0.09
85263,PORE,CASANARE,2010,2,0.18
85263,PORE,CASANARE,2012,4,0.36
85263,PORE,CASANARE,2013,1,0.09
85263,PORE,CASANARE,2016,11,0.99
85263,PORE,CASANARE,2017,11,0.99
85263,PORE,CASANARE,2019,11,0.99
85263,PORE,CASANARE,2020,4,0.36
85263,PORE,CASANARE,2021,4,0.36
85263,PORE,CASANARE,2023,20,1.7999999999999998
85279,RECETOR,CASANARE,2001,1,0.09
85279,RECETOR,CASANARE,2003,2,0.18
85279,RECETOR,CASANARE,2005,1,0.09
85279,RECETOR,CASANARE,2006,3,0.27
85279,RECETOR,CASANARE,2011,2,0.18
85279,RECETOR,CASANARE,2012,2,0.18
85279,RECETOR,CASANARE,2013,1,0.09
85279,RECETOR,CASANARE,2014,1,0.09
85279,RECETOR,CASANARE,2018,3,0.27
85300,SABANALARGA,CASANARE,2001,1429,128.60999999999999
85300,SABANALARGA,CASANARE,2002,65,5.85
85300,SABANALARGA,CASANARE,2003,94,8.459999999999999
85300,SABANALARGA,CASANARE,2004,14,1.26
85300,SABANALARGA,CASANARE,2005,52,4.68
85300,SABANALARGA,CASANARE,2006,63,5.67
85300,SABANALARGA,CASANARE,2007,106,9.54
85300,SABANALARGA,CASANARE,2008,18,1.6199999999999999
85300,SABANALARGA,CASANARE,2009,14,1.26
85300,SABANALARGA,CASANARE,2010,1144,102.96
85300,SABANALARGA,CASANARE,2011,10,0.8999999999999999
85300,SABANALARGA,CASANARE,2012,40,3.5999999999999996
85300,SABANALARGA,CASANARE,2013,1,0.09
85300,SABANALARGA,CASANARE,2014,46,4.14
85300,SABANALARGA,CASANARE,2016,38,3.42
85300,SABANALARGA,CASANARE,2017,5,0.44999999999999996
85300,SABANALARGA,CASANARE,2019,6,0.54
85300,SABANALARGA,CASANARE,2020,2,0.18
85300,SABANALARGA,CASANARE,2023,19,1.71
85315,SÁCAMA,CASANARE,2001,930,83.7
85315,SÁCAMA,CASANARE,2002,16,1.44
85315,SÁCAMA,CASANARE,2003,775,69.75
85315,SÁCAMA,CASANARE,2004,9,0.8099999999999999
85315,SÁCAMA,CASANARE,2005,39,3.51
85315,SÁCAMA,CASANARE,2006,82,7.38
85315,SÁCAMA,CASANARE,2007,2070,186.29999999999998
85315,SÁCAMA,CASANARE,2008,100,9.0
85315,SÁCAMA,CASANARE,2009,39,3.51
85315,SÁCAMA,CASANARE,2010,1254,112.86
85315,SÁCAMA,CASANARE,2011,23,2.07
85315,SÁCAMA,CASANARE,2012,128,11.52
85315,SÁCAMA,CASANARE,2013,10,0.8999999999999999
85315,SÁCAMA,CASANARE,2014,76,6.84
85315,SÁCAMA,CASANARE,2015,4,0.36
85315,SÁCAMA,CASANARE,2016,34,3.06
85315,SÁCAMA,CASANARE,2017,49,4.41
85315,SÁCAMA,CASANARE,2018,119,10.709999999999999
85315,SÁCAMA,CASANARE,2019,6531,587.79
85315,SÁCAMA,CASANARE,2020,534,48.059999999999995
85315,SÁCAMA,CASANARE,2021,48,4.32
85315,SÁCAMA,CASANARE,2023,65,5.85
85325,SAN LUIS DE PALENQUE,CASANARE,2002,5,0.44999999999999996
85325,SAN LUIS DE PALENQUE,CASANARE,2005,9,0.8099999999999999
85325,SAN LUIS DE PALENQUE,CASANARE,2007,13,1.17
85325,SAN LUIS DE PALENQUE,CASANARE,2008,6,0.54
85325,SAN LUIS DE PALENQUE,CASANARE,2010,4,0.36
85325,SAN LUIS DE PALENQUE,CASANARE,2011,4,0.36
85325,SAN LUIS DE PALENQUE,CASANARE,2012,18,1.6199999999999999
85325,SAN LUIS DE PALENQUE,CASANARE,2013,5,0.44999999999999996
85325,SAN LUIS DE PALENQUE,CASANARE,2014,17,1.53
85325,SAN LUIS DE PALENQUE,CASANARE,2015,18,1.6199999999999999
85325,SAN LUIS DE PALENQUE,CASANARE,2017,16,1.44
85325,SAN LUIS DE PALENQUE,CASANARE,2018,26,2.34
85325,SAN LUIS DE PALENQUE,CASANARE,2019,108,9.719999999999999
85325,SAN LUIS DE PALENQUE,CASANARE,2020,75,6.75
85325,SAN LUIS DE PALENQUE,CASANARE,2021,1,0.09
85325,SAN LUIS DE PALENQUE,CASANARE,2023,56,5.04
85400,TÁMARA,CASANARE,2001,4,0.36
85400,TÁMARA,CASANARE,2002,5,0.44999999999999996
85400,TÁMARA,CASANARE,2003,6,0.54
85400,TÁMARA,CASANARE,2004,9,0.8099999999999999
85400,TÁMARA,CASANARE,2005,7,0.63
85400,TÁMARA,CASANARE,2006,4,0.36
85400,TÁMARA,CASANARE,2007,1,0.09
85400,TÁMARA,CASANARE,2008,2,0.18
85400,TÁMARA,CASANARE,2009,11,0.99
85400,TÁMARA,CASANARE,2010,3,0.27
85400,TÁMARA,CASANARE,2011,10,0.8999999999999999
85400,TÁMARA,CASANARE,2012,32,2.88
85400,TÁMARA,CASANARE,2013,8,0.72
85400,TÁMARA,CASANARE,2014,34,3.06
85400,TÁMARA,CASANARE,2016,14,1.26
85400,TÁMARA,CASANARE,2017,8,0.72
85400,TÁMARA,CASANARE,2018,4,0.36
85400,TÁMARA,CASANARE,2019,6,0.54
85400,TÁMARA,CASANARE,2020,3,0.27
85400,TÁMARA,CASANARE,2022,3,0.27
85410,TAURAMENA,CASANARE,2003,6,0.54
85410,TAURAMENA,CASANARE,2004,15,1.3499999999999999
85410,TAURAMENA,CASANARE,2005,8,0.72
85410,TAURAMENA,CASANARE,2006,16,1.44
85410,TAURAMENA,CASANARE,2007,14,1.26
85410,TAURAMENA,CASANARE,2008,8,0.72
85410,TAURAMENA,CASANARE,2009,36,3.2399999999999998
85410,TAURAMENA,CASANARE,2012,18,1.6199999999999999
85410,TAURAMENA,CASANARE,2013,10,0.8999999999999999
85410,TAURAMENA,CASANARE,2014,130,11.7
85410,TAURAMENA,CASANARE,2015,14,1.26
85410,TAURAMENA,CASANARE,2017,12,1.08
85410,TAURAMENA,CASANARE,2018,51,4.59
85410,TAURAMENA,CASANARE,2019,504,45.36
85410,TAURAMENA,CASANARE,2020,81,7.29
85410,TAURAMENA,CASANARE,2021,42,3.78
85410,TAURAMENA,CASANARE,2022,130,11.7
85410,TAURAMENA,CASANARE,2023,66,5.9399999999999995
85430,TRINIDAD,CASANARE,2001,99,8.91
85430,TRINIDAD,CASANARE,2002,6,0.54
85430,TRINIDAD,CASANARE,2003,269,24.21
85430,TRINIDAD,CASANARE,2004,22,1.98
85430,TRINIDAD,CASANARE,2005,24,2.16
85430,TRINIDAD,CASANARE,2006,3,0.27
85430,TRINIDAD,CASANARE,2007,17,1.53
85430,TRINIDAD,CASANARE,2008,38,3.42
85430,TRINIDAD,CASANARE,2009,70,6.3
85430,TRINIDAD,CASANARE,2010,75,6.75
85430,TRINIDAD,CASANARE,2011,20,1.7999999999999998
85430,TRINIDAD,CASANARE,2012,82,7.38
85430,TRINIDAD,CASANARE,2013,18,1.6199999999999999
85430,TRINIDAD,CASANARE,2014,36,3.2399999999999998
85430,TRINIDAD,CASANARE,2015,3,0.27
85430,TRINIDAD,CASANARE,2016,1099,98.91
85430,TRINIDAD,CASANARE,2017,124,11.16
85430,TRINIDAD,CASANARE,2018,53,4.77
85430,TRINIDAD,CASANARE,2019,175,15.75
85430,TRINIDAD,CASANARE,2020,112,10.08
85430,TRINIDAD,CASANARE,2021,5,0.44999999999999996
85430,TRINIDAD,CASANARE,2023,6,0.54
85440,VILLANUEVA,CASANARE,2001,2,0.18
85440,VILLANUEVA,CASANARE,2004,1,0.09
85440,VILLANUEVA,CASANARE,2006,1,0.09
85440,VILLANUEVA,CASANARE,2008,2,0.18
85440,VILLANUEVA,CASANARE,2009,2,0.18
85440,VILLANUEVA,CASANARE,2010,3,0.27
85440,VILLANUEVA,CASANARE,2011,2,0.18
85440,VILLANUEVA,CASANARE,2012,3,0.27
85440,VILLANUEVA,CASANARE,2013,1,0.09
85440,VILLANUEVA,CASANARE,2014,7,0.63
85440,VILLANUEVA,CASANARE,2016,8,0.72
85440,VILLANUEVA,CASANARE,2017,17,1.53
85440,VILLANUEVA,CASANARE,2018,6,0.54
85440,VILLANUEVA,CASANARE,2020,5,0.44999999999999996
85440,VILLANUEVA,CASANARE,2021,24,2.16
86001,MOCOA,PUTUMAYO,2003,7,0.63
86001,MOCOA,PUTUMAYO,2004,2,0.18
86001,MOCOA,PUTUMAYO,2005,1,0.09
86001,MOCOA,PUTUMAYO,2006,2,0.18
86001,MOCOA,PUTUMAYO,2007,2,0.18
86001,MOCOA,PUTUMAYO,2008,4,0.36
86001,MOCOA,PUTUMAYO,2010,3,0.27
86001,MOCOA,PUTUMAYO,2011,4,0.36
86001,MOCOA,PUTUMAYO,2012,7,0.63
86001,MOCOA,PUTUMAYO,2014,4,0.36
86001,MOCOA,PUTUMAYO,2015,49,4.41
86001,MOCOA,PUTUMAYO,2021,20,1.7999999999999998
86219,COLÓN,PUTUMAYO,2002,4,0.36
86219,COLÓN,PUTUMAYO,2003,1,0.09
86219,COLÓN,PUTUMAYO,2004,2,0.18
86219,COLÓN,PUTUMAYO,2005,6,0.54
86219,COLÓN,PUTUMAYO,2007,5,0.44999999999999996
86219,COLÓN,PUTUMAYO,2008,3,0.27
86219,COLÓN,PUTUMAYO,2009,30,2.6999999999999997
86219,COLÓN,PUTUMAYO,2010,3,0.27
86219,COLÓN,PUTUMAYO,2011,6,0.54
86219,COLÓN,PUTUMAYO,2012,6,0.54
86219,COLÓN,PUTUMAYO,2013,3,0.27
86219,COLÓN,PUTUMAYO,2014,2,0.18
86219,COLÓN,PUTUMAYO,2015,12,1.08
86219,COLÓN,PUTUMAYO,2016,2,0.18
86219,COLÓN,PUTUMAYO,2021,13,1.17
86320,ORITO,PUTUMAYO,2002,13,1.17
86320,ORITO,PUTUMAYO,2003,5,0.44999999999999996
86320,ORITO,PUTUMAYO,2006,14,1.26
86320,ORITO,PUTUMAYO,2008,13,1.17
86320,ORITO,PUTUMAYO,2009,1,0.09
86320,ORITO,PUTUMAYO,2011,2,0.18
86320,ORITO,PUTUMAYO,2012,6,0.54
86320,ORITO,PUTUMAYO,2013,10,0.8999999999999999
86320,ORITO,PUTUMAYO,2014,18,1.6199999999999999
86320,ORITO,PUTUMAYO,2015,78,7.02
86320,ORITO,PUTUMAYO,2017,13,1.17
86320,ORITO,PUTUMAYO,2023,16,1.44
94001,INÍRIDA,GUAINÍA,2001,1406,126.53999999999999
94001,INÍRIDA,GUAINÍA,2002,1889,170.01
94001,INÍRIDA,GUAINÍA,2003,2130,191.7
94001,INÍRIDA,GUAINÍA,2004,2587,232.82999999999998
94001,INÍRIDA,GUAINÍA,2005,1063,95.67
94001,INÍRIDA,GUAINÍA,2006,1758,158.22
94001,INÍRIDA,GUAINÍA,2007,1231,110.78999999999999
94001,INÍRIDA,GUAINÍA,2008,1069,96.21
94001,INÍRIDA,GUAINÍA,2009,1497,134.73
94001,INÍRIDA,GUAINÍA,2010,494,44.46
94001,INÍRIDA,GUAINÍA,2011,496,44.64
94001,INÍRIDA,GUAINÍA,2012,1234,111.06
94001,INÍRIDA,GUAINÍA,2013,271,24.39
94001,INÍRIDA,GUAINÍA,2014,1123,101.07
94001,INÍRIDA,GUAINÍA,2015,467,42.03
94001,INÍRIDA,GUAINÍA,2016,612,55.08
94001,INÍRIDA,GUAINÍA,2017,872,78.48
94001,INÍRIDA,GUAINÍA,2018,722,64.98
94001,INÍRIDA,GUAINÍA,2019,315,28.349999999999998
94001,INÍRIDA,GUAINÍA,2020,238,21.419999999999998
94001,INÍRIDA,GUAINÍA,2021,938,84.42
94001,INÍRIDA,GUAINÍA,2022,437,39.33
94001,INÍRIDA,GUAINÍA,2023,657,59.129999999999995
94343,BARRANCOMINAS,GUAINÍA,2001,56,5.04
94343,BARRANCOMINAS,GUAINÍA,2002,43,3.8699999999999997
94343,BARRANCOMINAS,GUAINÍA,2003,76,6.84
94343,BARRANCOMINAS,GUAINÍA,2004,70,6.3
94343,BARRANCOMINAS,GUAINÍA,2005,84,7.56
94343,BARRANCOMINAS,GUAINÍA,2006,123,11.07
94343,BARRANCOMINAS,GUAINÍA,2007,50,4.5
94343,BARRANCOMINAS,GUAINÍA,2008,83,7.47
94343,BARRANCOMINAS,GUAINÍA,2009,135,12.15
94343,BARRANCOMINAS,GUAINÍA,2010,43,3.8699999999999997
94343,BARRANCOMINAS,GUAINÍA,2011,72,6.4799999999999995
94343,BARRANCOMINAS,GUAINÍA,2012,117,10.53
94343,BARRANCOMINAS,GUAINÍA,2013,32,2.88
94343,BARRANCOMINAS,GUAINÍA,2014,37,3.33
94343,BARRANCOMINAS,GUAINÍA,2015,75,6.75
94343,BARRANCOMINAS,GUAINÍA,2016,301,27.09
94343,BARRANCOMINAS,GUAINÍA,2017,490,44.1
94343,BARRANCOMINAS,GUAINÍA,2018,549,49.41
94343,BARRANCOMINAS,GUAINÍA,2019,174,15.66
94343,BARRANCOMINAS,GUAINÍA,2020,142,12.78
94343,BARRANCOMINAS,GUAINÍA,2021,224,20.16
94343,BARRANCOMINAS,GUAINÍA,2022,51,4.59
94343,BARRANCOMINAS,GUAINÍA,2023,101,9.09
94883,SAN FELIPE,GUAINÍA,2001,41,3.69
94883,SAN FELIPE,GUAINÍA,2002,42,3.78
94883,SAN FELIPE,GUAINÍA,2003,18,1.6199999999999999
94883,SAN FELIPE,GUAINÍA,2004,39,3.51
94883,SAN FELIPE,GUAINÍA,2005,68,6.12
94883,SAN FELIPE,GUAINÍA,2006,56,5.04
94883,SAN FELIPE,GUAINÍA,2007,134,12.059999999999999
94883,SAN FELIPE,GUAINÍA,2008,49,4.41
94883,SAN FELIPE,GUAINÍA,2009,172,15.479999999999999
94883,SAN FELIPE,GUAINÍA,2010,48,4.32
94883,SAN FELIPE,GUAINÍA,2011,100,9.0
94883,SAN FELIPE,GUAINÍA,2012,46,4.14
94883,SAN FELIPE,GUAINÍA,2013,19,1.71
94883,SAN FELIPE,GUAINÍA,2014,32,2.88
94883,SAN FELIPE,GUAINÍA,2015,12,1.08
94883,SAN FELIPE,GUAINÍA,2016,51,4.59
94883,SAN FELIPE,GUAINÍA,2017,111,9.99
94883,SAN FELIPE,GUAINÍA,2018,167,15.03
94883,SAN FELIPE,GUAINÍA,2019,17,1.53
94883,SAN FELIPE,GUAINÍA,2020,21,1.89
94883,SAN FELIPE,GUAINÍA,2021,58,5.22
94883,SAN FELIPE,GUAINÍA,2022,54,4.859999999999999
94883,SAN FELIPE,GUAINÍA,2023,51,4.59
94884,PUERTO COLOMBIA,GUAINÍA,2001,67,6.029999999999999
94884,PUERTO COLOMBIA,GUAINÍA,2002,121,10.889999999999999
94884,PUERTO COLOMBIA,GUAINÍA,2003,288,25.919999999999998
94884,PUERTO COLOMBIA,GUAINÍA,2004,73,6.569999999999999
94884,PUERTO COLOMBIA,GUAINÍA,2005,175,15.75
94884,PUERTO COLOMBIA,GUAINÍA,2006,80,7.199999999999999
94884,PUERTO COLOMBIA,GUAINÍA,2007,60,5.3999999999999995
94884,PUERTO COLOMBIA,GUAINÍA,2008,106,9.54
94884,PUERTO COLOMBIA,GUAINÍA,2009,157,14.129999999999999
94884,PUERTO COLOMBIA,GUAINÍA,2010,43,3.8699999999999997
94884,PUERTO COLOMBIA,GUAINÍA,2011,78,7.02
94884,PUERTO COLOMBIA,GUAINÍA,2012,116,10.44
94884,PUERTO COLOMBIA,GUAINÍA,2013,6,0.54
94884,PUERTO COLOMBIA,GUAINÍA,2014,14,1.26
94884,PUERTO COLOMBIA,GUAINÍA,2015,46,4.14
94884,PUERTO COLOMBIA,GUAINÍA,2016,94,8.459999999999999
94884,PUERTO COLOMBIA,GUAINÍA,2017,437,39.33
94884,PUERTO COLOMBIA,GUAINÍA,2018,195,17.55
94884,PUERTO COLOMBIA,GUAINÍA,2019,49,4.41
94884,PUERTO COLOMBIA,GUAINÍA,2020,64,5.76
94884,PUERTO COLOMBIA,GUAINÍA,2021,77,6.93
94884,PUERTO COLOMBIA,GUAINÍA,2022,146,13.139999999999999
94884,PUERTO COLOMBIA,GUAINÍA,2023,191,17.189999999999998
94885,LA GUADALUPE,GUAINÍA,2001,72,6.4799999999999995
94885,LA GUADALUPE,GUAINÍA,2002,37,3.33
94885,LA GUADALUPE,GUAINÍA,2003,125,11.25
94885,LA GUADALUPE,GUAINÍA,2004,40,3.5999999999999996
94885,LA GUADALUPE,GUAINÍA,2005,150,13.5
94885,LA GUADALUPE,GUAINÍA,2006,111,9.99
94885,LA GUADALUPE,GUAINÍA,2007,117,10.53
94885,LA GUADALUPE,GUAINÍA,2008,74,6.66
94885,LA GUADALUPE,GUAINÍA,2009,48,4.32
94885,LA GUADALUPE,GUAINÍA,2010,45,4.05
94885,LA GUADALUPE,GUAINÍA,2011,148,13.32
94885,LA GUADALUPE,GUAINÍA,2012,81,7.29
94885,LA GUADALUPE,GUAINÍA,2013,15,1.3499999999999999
94885,LA GUADALUPE,GUAINÍA,2014,34,3.06
94885,LA GUADALUPE,GUAINÍA,2015,14,1.26
94885,LA GUADALUPE,GUAINÍA,2016,15,1.3499999999999999
94885,LA GUADALUPE,GUAINÍA,2017,166,14.94
94885,LA GUADALUPE,GUAINÍA,2018,42,3.78
94885,LA GUADALUPE,GUAINÍA,2019,23,2.07
94885,LA GUADALUPE,GUAINÍA,2020,9,0.8099999999999999
94885,LA GUADALUPE,GUAINÍA,2022,5,0.44999999999999996
94885,LA GUADALUPE,GUAINÍA,2023,32,2.88
94886,CACAHUAL,GUAINÍA,2001,34,3.06
94886,CACAHUAL,GUAINÍA,2002,25,2.25
94886,CACAHUAL,GUAINÍA,2003,20,1.7999999999999998
94886,CACAHUAL,GUAINÍA,2004,96,8.64
94886,CACAHUAL,GUAINÍA,2005,62,5.58
94886,CACAHUAL,GUAINÍA,2006,54,4.859999999999999
94886,CACAHUAL,GUAINÍA,2007,65,5.85
94886,CACAHUAL,GUAINÍA,2008,49,4.41
94886,CACAHUAL,GUAINÍA,2009,36,3.2399999999999998
94886,CACAHUAL,GUAINÍA,2010,11,0.99
94886,CACAHUAL,GUAINÍA,2011,185,16.65
94886,CACAHUAL,GUAINÍA,2012,71,6.39
94886,CACAHUAL,GUAINÍA,2013,12,1.08
94886,CACAHUAL,GUAINÍA,2014,7,0.63
94886,CACAHUAL,GUAINÍA,2015,2,0.18
94886,CACAHUAL,GUAINÍA,2016,5,0.44999999999999996
94886,CACAHUAL,GUAINÍA,2017,11,0.99
94886,CACAHUAL,GUAINÍA,2022,11,0.99
94886,CACAHUAL,GUAINÍA,2023,6,0.54
94887,PANA PANA,GUAINÍA,2001,18,1.6199999999999999
94887,PANA PANA,GUAINÍA,2002,3,0.27
94887,PANA PANA,GUAINÍA,2003,6,0.54
94887,PANA PANA,GUAINÍA,2004,17,1.53
94887,PANA PANA,GUAINÍA,2005,4,0.36
94887,PANA PANA,GUAINÍA,2006,15,1.3499999999999999
94887,PANA PANA,GUAINÍA,2007,23,2.07
94887,PANA PANA,GUAINÍA,2008,8,0.72
94887,PANA PANA,GUAINÍA,2009,6,0.54
94887,PANA PANA,GUAINÍA,2010,15,1.3499999999999999
94887,PANA PANA,GUAINÍA,2011,11,0.99
94887,PANA PANA,GUAINÍA,2012,33,2.9699999999999998
94887,PANA PANA,GUAINÍA,2013,14,1.26
94887,PANA PANA,GUAINÍA,2014,11,0.99
94887,PANA PANA,GUAINÍA,2017,23,2.07
94887,PANA PANA,GUAINÍA,2018,5,0.44999999999999996
94887,PANA PANA,GUAINÍA,2022,6,0.54
94888,MORICHAL,GUAINÍA,2001,29,2.61
94888,MORICHAL,GUAINÍA,2002,20,1.7999999999999998
94888,MORICHAL,GUAINÍA,2003,5,0.44999999999999996
94888,MORICHAL,GUAINÍA,2004,28,2.52
94888,MORICHAL,GUAINÍA,2005,18,1.6199999999999999
94888,MORICHAL,GUAINÍA,2006,61,5.49
94888,MORICHAL,GUAINÍA,2007,29,2.61
94888,MORICHAL,GUAINÍA,2008,32,2.88
94888,MORICHAL,GUAINÍA,2009,35,3.15
94888,MORICHAL,GUAINÍA,2010,18,1.6199999999999999
94888,MORICHAL,GUAINÍA,2011,15,1.3499999999999999
94888,MORICHAL,GUAINÍA,2012,144,12.959999999999999
94888,MORICHAL,GUAINÍA,2013,22,1.98
94888,MORICHAL,GUAINÍA,2014,53,4.77
94888,MORICHAL,GUAINÍA,2015,23,2.07
94888,MORICHAL,GUAINÍA,2016,7,0.63
94888,MORICHAL,GUAINÍA,2017,14,1.26
94888,MORICHAL,GUAINÍA,2018,3,0.27
94888,MORICHAL,GUAINÍA,2020,1,0.09
94888,MORICHAL,GUAINÍA,2023,9,0.8099999999999999
95001,SAN JOSÉ DEL GUAVIARE,GUAVIARE,2001,2,0.18
95001,SAN JOSÉ DEL GUAVIARE,GUAVIARE,2002,1,0.09
95001,SAN JOSÉ DEL GUAVIARE,GUAVIARE,2003,6,0.54
95001,SAN JOSÉ DEL GUAVIARE,GUAVIARE,2004,3,0.27
95001,SAN JOSÉ DEL GUAVIARE,GUAVIARE,2005,11,0.99
95001,SAN JOSÉ DEL GUAVIARE,GUAVIARE,2006,9,0.8099999999999999
95001,SAN JOSÉ DEL GUAVIARE,GUAVIARE,2007,4,0.36
95001,SAN JOSÉ DEL GUAVIARE,GUAVIARE,2008,10,0.8999999999999999
95001,SAN JOSÉ DEL GUAVIARE,GUAVIARE,2009,12,1.08
95001,SAN JOSÉ DEL GUAVIARE,GUAVIARE,2010,9,0.8099999999999999
95001,SAN JOSÉ DEL GUAVIARE,GUAVIARE,2011,31,2.79
95001,SAN JOSÉ DEL GUAVIARE,GUAVIARE,2012,61,5.49
95001,SAN JOSÉ DEL GUAVIARE,GUAVIARE,2013,2,0.18
95001,SAN JOSÉ DEL GUAVIARE,GUAVIARE,2014,8,0.72
95001,SAN JOSÉ DEL GUAVIARE,GUAVIARE,2015,18,1.6199999999999999
95001,SAN JOSÉ DEL GUAVIARE,GUAVIARE,2016,58,5.22
95001,SAN JOSÉ DEL GUAVIARE,GUAVIARE,2017,145,13.049999999999999
95001,SAN JOSÉ DEL GUAVIARE,GUAVIARE,2018,3,0.27
95001,SAN JOSÉ DEL GUAVIARE,GUAVIARE,2019,5,0.44999999999999996
95001,SAN JOSÉ DEL GUAVIARE,GUAVIARE,2023,10,0.8999999999999999
95015,CALAMAR,GUAVIARE,2001,18,1.6199999999999999
95015,CALAMAR,GUAVIARE,2002,1,0.09
95015,CALAMAR,GUAVIARE,2003,2,0.18
95015,CALAMAR,GUAVIARE,2004,16,1.44
95015,CALAMAR,GUAVIARE,2005,2,0.18
95015,CALAMAR,GUAVIARE,2006,4,0.36
95015,CALAMAR,GUAVIARE,2007,3,0.27
95015,CALAMAR,GUAVIARE,2008,16,1.44
95015,CALAMAR,GUAVIARE,2009,2,0.18
95015,CALAMAR,GUAVIARE,2010,12,1.08
95015,CALAMAR,GUAVIARE,2011,1,0.09
95015,CALAMAR,GUAVIARE,2012,15,1.3499999999999999
95015,CALAMAR,GUAVIARE,2014,1,0.09
95015,CALAMAR,GUAVIARE,2016,3,0.27
95015,CALAMAR,GUAVIARE,2019,11,0.99
95015,CALAMAR,GUAVIARE,2020,49,4.41
95015,CALAMAR,GUAVIARE,2021,15,1.3499999999999999
95025,EL RETORNO,GUAVIARE,2001,89,8.01
95025,EL RETORNO,GUAVIARE,2002,31,2.79
95025,EL RETORNO,GUAVIARE,2003,156,14.04
95025,EL RETORNO,GUAVIARE,2004,63,5.67
95025,EL RETORNO,GUAVIARE,2005,16,1.44
95025,EL RETORNO,GUAVIARE,2006,102,9.18
95025,EL RETORNO,GUAVIARE,2007,84,7.56
95025,EL RETORNO,GUAVIARE,2008,29,2.61
95025,EL RETORNO,GUAVIARE,2009,32,2.88
95025,EL RETORNO,GUAVIARE,2010,186,16.74
95025,EL RETORNO,GUAVIARE,2011,38,3.42
95025,EL RETORNO,GUAVIARE,2012,49,4.41
95025,EL RETORNO,GUAVIARE,2013,6,0.54
95025,EL RETORNO,GUAVIARE,2014,14,1.26
95025,EL RETORNO,GUAVIARE,2015,45,4.05
95025,EL RETORNO,GUAVIARE,2016,33,2.9699999999999998
95025,EL RETORNO,GUAVIARE,2017,40,3.5999999999999996
95025,EL RETORNO,GUAVIARE,2018,43,3.8699999999999997
95025,EL RETORNO,GUAVIARE,2019,79,7.109999999999999
95025,EL RETORNO,GUAVIARE,2020,67,6.029999999999999
95025,EL RETORNO,GUAVIARE,2021,79,7.109999999999999
95025,EL RETORNO,GUAVIARE,2022,61,5.49
95025,EL RETORNO,GUAVIARE,2023,105,9.45
95200,MIRAFLORES,GUAVIARE,2001,1339,120.50999999999999
95200,MIRAFLORES,GUAVIARE,2002,11,0.99
95200,MIRAFLORES,GUAVIARE,2003,45,4.05
95200,MIRAFLORES,GUAVIARE,2004,232,20.88
95200,MIRAFLORES,GUAVIARE,2005,453,40.769999999999996
95200,MIRAFLORES,GUAVIARE,2006,204,18.36
95200,MIRAFLORES,GUAVIARE,2007,990,89.1
95200,MIRAFLORES,GUAVIARE,2008,522,46.98
95200,MIRAFLORES,GUAVIARE,2009,273,24.57
95200,MIRAFLORES,GUAVIARE,2010,343,30.869999999999997
95200,MIRAFLORES,GUAVIARE,2011,251,22.59
95200,MIRAFLORES,GUAVIARE,2012,193,17.37
95200,MIRAFLORES,GUAVIARE,2013,12,1.08
95200,MIRAFLORES,GUAVIARE,2014,177,15.93
95200,MIRAFLORES,GUAVIARE,2015,26,2.34
95200,MIRAFLORES,GUAVIARE,2016,234,21.06
95200,MIRAFLORES,GUAVIARE,2017,320,28.799999999999997
95200,MIRAFLORES,GUAVIARE,2018,258,23.22
95200,MIRAFLORES,GUAVIARE,2019,439,39.51
95200,MIRAFLORES,GUAVIARE,2020,280,25.2
95200,MIRAFLORES,GUAVIARE,2021,271,24.39
95200,MIRAFLORES,GUAVIARE,2022,22,1.98
95200,MIRAFLORES,GUAVIARE,2023,34,3.06
97001,MITÚ,VAUPÉS,2001,5,0.44999999999999996
97001,MITÚ,VAUPÉS,2002,19,1.71
97001,MITÚ,VAUPÉS,2003,17,1.53
97001,MITÚ,VAUPÉS,2004,16,1.44
97001,MITÚ,VAUPÉS,2005,87,7.83
97001,MITÚ,VAUPÉS,2006,8,0.72
97001,MITÚ,VAUPÉS,2007,10,0.8999999999999999
97001,MITÚ,VAUPÉS,2008,141,12.69
97001,MITÚ,VAUPÉS,2009,417,37.53
97001,MITÚ,VAUPÉS,2010,184,16.56
97001,MITÚ,VAUPÉS,2011,244,21.96
97001,MITÚ,VAUPÉS,2012,159,14.309999999999999
97001,MITÚ,VAUPÉS,2013,371,33.39
97001,MITÚ,VAUPÉS,2014,113,10.17
97001,MITÚ,VAUPÉS,2015,83,7.47
97001,MITÚ,VAUPÉS,2016,124,11.16
97001,MITÚ,VAUPÉS,2017,93,8.37
97001,MITÚ,VAUPÉS,2018,103,9.27
97001,MITÚ,VAUPÉS,2019,84,7.56
97001,MITÚ,VAUPÉS,2020,180,16.2
97001,MITÚ,VAUPÉS,2021,193,17.37
97001,MITÚ,VAUPÉS,2022,98,8.82
97001,MITÚ,VAUPÉS,2023,256,23.04
97161,CARURÚ,VAUPÉS,2001,170,15.299999999999999
97161,CARURÚ,VAUPÉS,2002,157,14.129999999999999
97161,CARURÚ,VAUPÉS,2003,158,14.219999999999999
97161,CARURÚ,VAUPÉS,2004,247,22.23
97161,CARURÚ,VAUPÉS,2005,182,16.38
97161,CARURÚ,VAUPÉS,2006,141,12.69
97161,CARURÚ,VAUPÉS,2007,123,11.07
97161,CARURÚ,VAUPÉS,2008,316,28.439999999999998
97161,CARURÚ,VAUPÉS,2009,619,55.71
97161,CARURÚ,VAUPÉS,2010,92,8.28
97161,CARURÚ,VAUPÉS,2011,131,11.79
97161,CARURÚ,VAUPÉS,2012,76,6.84
97161,CARURÚ,VAUPÉS,2013,45,4.05
97161,CARURÚ,VAUPÉS,2014,179,16.11
97161,CARURÚ,VAUPÉS,2015,212,19.08
97161,CARURÚ,VAUPÉS,2016,290,26.099999999999998
97161,CARURÚ,VAUPÉS,2017,718,64.62
97161,CARURÚ,VAUPÉS,2018,499,44.91
97161,CARURÚ,VAUPÉS,2019,2505,225.45
97161,CARURÚ,VAUPÉS,2020,940,84.6
97161,CARURÚ,VAUPÉS,2021,507,45.629999999999995
97161,CARURÚ,VAUPÉS,2022,1605,144.45
97161,CARURÚ,VAUPÉS,2023,1249,112.41
97511,PACOA,VAUPÉS,2001,114,10.26
97511,PACOA,VAUPÉS,2002,142,12.78
97511,PACOA,VAUPÉS,2003,13,1.17
97511,PACOA,VAUPÉS,2004,9,0.8099999999999999
97511,PACOA,VAUPÉS,2005,36,3.2399999999999998
97511,PACOA,VAUPÉS,2006,26,2.34
97511,PACOA,VAUPÉS,2007,63,5.67
97511,PACOA,VAUPÉS,2008,43,3.8699999999999997
97511,PACOA,VAUPÉS,2009,26,2.34
97511,PACOA,VAUPÉS,2010,71,6.39
97511,PACOA,VAUPÉS,2011,7,0.63
97511,PACOA,VAUPÉS,2012,50,4.5
97511,PACOA,VAUPÉS,2013,19,1.71
97511,PACOA,VAUPÉS,2014,21,1.89
97511,PACOA,VAUPÉS,2015,27,2.4299999999999997
97511,PACOA,VAUPÉS,2016,66,5.9399999999999995
97511,PACOA,VAUPÉS,2017,79,7.109999999999999
97511,PACOA,VAUPÉS,2018,16,1.44
97511,PACOA,VAUPÉS,2019,49,4.41
97511,PACOA,VAUPÉS,2020,57,5.13
97511,PACOA,VAUPÉS,2021,149,13.41
97511,PACOA,VAUPÉS,2022,42,3.78
97511,PACOA,VAUPÉS,2023,180,16.2
97666,TARAIRA,VAUPÉS,2001,36,3.2399999999999998
97666,TARAIRA,VAUPÉS,2002,7,0.63
97666,TARAIRA,VAUPÉS,2003,6,0.54
97666,TARAIRA,VAUPÉS,2004,7,0.63
97666,TARAIRA,VAUPÉS,2005,17,1.53
97666,TARAIRA,VAUPÉS,2006,5,0.44999999999999996
97666,TARAIRA,VAUPÉS,2007,20,1.7999999999999998
97666,TARAIRA,VAUPÉS,2008,58,5.22
97666,TARAIRA,VAUPÉS,2009,37,3.33
97666,TARAIRA,VAUPÉS,2011,5,0.44999999999999996
97666,TARAIRA,VAUPÉS,2012,25,2.25
97666,TARAIRA,VAUPÉS,2013,1,0.09
97666,TARAIRA,VAUPÉS,2014,22,1.98
97666,TARAIRA,VAUPÉS,2015,9,0.8099999999999999
97666,TARAIRA,VAUPÉS,2016,71,6.39
97666,TARAIRA,VAUPÉS,2017,154,13.86
97666,TARAIRA,VAUPÉS,2018,29,2.61
97666,TARAIRA,VAUPÉS,2019,55,4.95
97666,TARAIRA,VAUPÉS,2020,6,0.54
97666,TARAIRA,VAUPÉS,2021,36,3.2399999999999998
97666,TARAIRA,VAUPÉS,2022,56,5.04
97666,TARAIRA,VAUPÉS,2023,96,8.64
97777,PAPUNAHUA,VAUPÉS,2001,9,0.8099999999999999
97777,PAPUNAHUA,VAUPÉS,2002,14,1.26
97777,PAPUNAHUA,VAUPÉS,2003,8,0.72
97777,PAPUNAHUA,VAUPÉS,2004,14,1.26
97777,PAPUNAHUA,VAUPÉS,2005,16,1.44
97777,PAPUNAHUA,VAUPÉS,2006,8,0.72
97777,PAPUNAHUA,VAUPÉS,2007,103,9.27
97777,PAPUNAHUA,VAUPÉS,2008,42,3.78
97777,PAPUNAHUA,VAUPÉS,2009,44,3.96
97777,PAPUNAHUA,VAUPÉS,2010,4,0.36
97777,PAPUNAHUA,VAUPÉS,2011,10,0.8999999999999999
97777,PAPUNAHUA,VAUPÉS,2012,26,2.34
97777,PAPUNAHUA,VAUPÉS,2013,1,0.09
97777,PAPUNAHUA,VAUPÉS,2014,14,1.26
97777,PAPUNAHUA,VAUPÉS,2015,23,2.07
97777,PAPUNAHUA,VAUPÉS,2016,18,1.6199999999999999
97777,PAPUNAHUA,VAUPÉS,2017,78,7.02
97777,PAPUNAHUA,VAUPÉS,2018,20,1.7999999999999998
97777,PAPUNAHUA,VAUPÉS,2019,1,0.09
97777,PAPUNAHUA,VAUPÉS,2020,38,3.42
97777,PAPUNAHUA,VAUPÉS,2021,37,3.33
97777,PAPUNAHUA,VAUPÉS,2022,4,0.36
97777,PAPUNAHUA,VAUPÉS,2023,7,0.63
97889,YAVARATÉ,VAUPÉS,2001,3,0.27
97889,YAVARATÉ,VAUPÉS,2003,1,0.09
97889,YAVARATÉ,VAUPÉS,2004,1,0.09
97889,YAVARATÉ,VAUPÉS,2005,3,0.27
97889,YAVARATÉ,VAUPÉS,2007,2,0.18
97889,YAVARATÉ,VAUPÉS,2008,14,1.26
97889,YAVARATÉ,VAUPÉS,2009,12,1.08
97889,YAVARATÉ,VAUPÉS,2011,4,0.36
97889,YAVARATÉ,VAUPÉS,2012,1,0.09
97889,YAVARATÉ,VAUPÉS,2014,9,0.8099999999999999
97889,YAVARATÉ,VAUPÉS,2015,29,2.61
97889,YAVARATÉ,VAUPÉS,2016,1,0.09
97889,YAVARATÉ,VAUPÉS,2019,23,2.07
97889,YAVARATÉ,VAUPÉS,2020,4,0.36
97889,YAVARATÉ,VAUPÉS,2021,3,0.27
99001,PUERTO CARREÑO,VICHADA,2001,2,0.18
99001,PUERTO CARREÑO,VICHADA,2002,5,0.44999999999999996
99001,PUERTO CARREÑO,VICHADA,2005,3,0.27
99001,PUERTO CARREÑO,VICHADA,2008,1,0.09
99001,PUERTO CARREÑO,VICHADA,2009,11,0.99
99001,PUERTO CARREÑO,VICHADA,2014,2,0.18
99001,PUERTO CARREÑO,VICHADA,2015,2,0.18
99001,PUERTO CARREÑO,VICHADA,2021,14,1.26
99001,PUERTO CARREÑO,VICHADA,2022,5,0.44999999999999996
99001,PUERTO CARREÑO,VICHADA,2023,44,3.96
99524,LA PRIMAVERA,VICHADA,2001,1,0.09
99524,LA PRIMAVERA,VICHADA,2002,6,0.54
99524,LA PRIMAVERA,VICHADA,2003,2,0.18
99524,LA PRIMAVERA,VICHADA,2005,3,0.27
99524,LA PRIMAVERA,VICHADA,2007,3,0.27
99524,LA PRIMAVERA,VICHADA,2008,2,0.18
99524,LA PRIMAVERA,VICHADA,2009,3,0.27
99524,LA PRIMAVERA,VICHADA,2010,1,0.09
99524,LA PRIMAVERA,VICHADA,2011,5,0.44999999999999996
99524,LA PRIMAVERA,VICHADA,2012,4,0.36
99524,LA PRIMAVERA,VICHADA,2013,3,0.27
99524,LA PRIMAVERA,VICHADA,2016,7,0.63
99524,LA PRIMAVERA,VICHADA,2019,4,0.36
99524,LA PRIMAVERA,VICHADA,2020,2,0.18
99524,LA PRIMAVERA,VICHADA,2021,21,1.89
99524,LA PRIMAVERA,VICHADA,2022,36,3.2399999999999998
99624,SANTA ROSALÍA,VICHADA,2001,7,0.63
99624,SANTA ROSALÍA,VICHADA,2005,3,0.27
99624,SANTA ROSALÍA,VICHADA,2006,23,2.07
99624,SANTA ROSALÍA,VICHADA,2007,21,1.89
99624,SANTA ROSALÍA,VICHADA,2008,1,0.09
99624,SANTA ROSALÍA,VICHADA,2012,11,0.99
99624,SANTA ROSALÍA,VICHADA,2018,1,0.09
99624,SANTA ROSALÍA,VICHADA,2020,142,12.78
99624,SANTA ROSALÍA,VICHADA,2021,71,6.39
99624,SANTA ROSALÍA,VICHADA,2022,21,1.89
99773,CUMARIBO,VICHADA,2004,1,0.09
99773,CUMARIBO,VICHADA,2005,3,0.27
99773,CUMARIBO,VICHADA,2010,4,0.36
99773,CUMARIBO,VICHADA,2014,1,0.09
99773,CUMARIBO,VICHADA,2018,23,2.07
