COD_DANE,year,poblacion_dane,temp_media_c,prec_anual_mm,proyectos_carbono_co
11001,2001,,,,0
11001,2002,,,,0
11001,2003,,,,0
11001,2004,,,,0
11001,2005,,,,0
11001,2006,,,,0
11001,2007,,,,0
11001,2008,,,,0
11001,2009,,,,0
11001,2010,,,,0
11001,2011,,,,0
11001,2012,,,,0
11001,2013,,,,0
11001,2014,,,,0
11001,2015,,,,0
11001,2016,,,,0
11001,2017,,,,0
11001,2018,,,,0
11001,2019,,,,0
11001,2020,,,,0
11001,2021,,,,0
11001,2022,,,,0
11001,2023,,,,0
11001,2024,,,,0
13001,2001,,,,0
13001,2002,,,,0
13001,2003,,,,0
13001,2004,,,,0
13001,2005,,,,0
13001,2006,,,,0
13001,2007,,,,0
13001,2008,,,,0
13001,2009,,,,0
13001,2010,,,,0
13001,2011,,,,0
13001,2012,,,,0
13001,2013,,,,0
13001,2014,,,,0
13001,2015,,,,0
13001,2016,,,,0
13001,2017,,,,0
13001,2018,,,,0
13001,2019,,,,0
13001,2020,,,,0
13001,2021,,,,0
13001,2022,,,,0
13001,2023,,,,0
13001,2024,,,,0
13006,2001,,,,0
13006,2002,,,,0
13006,2003,,,,0
13006,2004,,,,0
13006,2005,,,,0
13006,2006,,,,0
13006,2007,,,,0
13006,2008,,,,0
13006,2009,,,,0
13006,2010,,,,0
13006,2011,,,,0
13006,2012,,,,0
13006,2013,,,,0
13006,2014,,,,0
13006,2015,,,,0
13006,2016,,,,0
13006,2017,,,,0
13006,2018,,,,0
13006,2019,,,,0
13006,2020,,,,0
13006,2021,,,,0
13006,2022,,,,0
13006,2023,,,,0
13006,2024,,,,0
13030,2001,,,,0
13030,2002,,,,0
13030,2003,,,,0
13030,2004,,,,0
13030,2005,,,,0
13030,2006,,,,0
13030,2007,,,,0
13030,2008,,,,0
13030,2009,,,,0
13030,2010,,,,0
13030,2011,,,,0
13030,2012,,,,0
13030,2013,,,,0
13030,2014,,,,0
13030,2015,,,,0
13030,2016,,,,0
13030,2017,,,,0
13030,2018,,,,0
13030,2019,,,,0
13030,2020,,,,0
13030,2021,,,,0
13030,2022,,,,0
13030,2023,,,,0
13030,2024,,,,0
13042,2001,,,,0
13042,2002,,,,0
13042,2003,,,,0
13042,2004,,,,0
13042,2005,,,,0
13042,2006,,,,0
13042,2007,,,,0
13042,2008,,,,0
13042,2009,,,,0
13042,2010,,,,0
13042,2011,,,,0
13042,2012,,,,0
13042,2013,,,,0
13042,2014,,,,0
13042,2015,,,,0
13042,2016,,,,0
13042,2017,,,,0
13042,2018,,,,0
13042,2019,,,,0
13042,2020,,,,0
13042,2021,,,,0
13042,2022,,,,0
13042,2023,,,,0
13042,2024,,,,0
13052,2001,,,,0
13052,2002,,,,0
13052,2003,,,,0
13052,2004,,,,0
13052,2005,,,,0
13052,2006,,,,0
13052,2007,,,,0
13052,2008,,,,0
13052,2009,,,,0
13052,2010,,,,0
13052,2011,,,,0
13052,2012,,,,0
13052,2013,,,,0
13052,2014,,,,0
13052,2015,,,,0
13052,2016,,,,0
13052,2017,,,,0
13052,2018,,,,0
13052,2019,,,,0
13052,2020,,,,0
13052,2021,,,,0
13052,2022,,,,0
13052,2023,,,,0
13052,2024,,,,0
13062,2001,,,,0
13062,2002,,,,0
13062,2003,,,,0
13062,2004,,,,0
13062,2005,,,,0
13062,2006,,,,0
13062,2007,,,,0
13062,2008,,,,0
13062,2009,,,,0
13062,2010,,,,0
13062,2011,,,,0
13062,2012,,,,0
13062,2013,,,,0
13062,2014,,,,0
13062,2015,,,,0
13062,2016,,,,0
13062,2017,,,,0
13062,2018,,,,0
13062,2019,,,,0
13062,2020,,,,0
13062,2021,,,,0
13062,2022,,,,0
13062,2023,,,,0
13062,2024,,,,0
13074,2001,,,,0
13074,2002,,,,0
13074,2003,,,,0
13074,2004,,,,0
13074,2005,,,,0
13074,2006,,,,0
13074,2007,,,,0
13074,2008,,,,0
13074,2009,,,,0
13074,2010,,,,0
13074,2011,,,,0
13074,2012,,,,0
13074,2013,,,,0
13074,2014,,,,0
13074,2015,,,,0
13074,2016,,,,0
13074,2017,,,,0
13074,2018,,,,0
13074,2019,,,,0
13074,2020,,,,0
13074,2021,,,,0
13074,2022,,,,0
13074,2023,,,,0
13074,2024,,,,0
13140,2001,,,,0
13140,2002,,,,0
13140,2003,,,,0
13140,2004,,,,0
13140,2005,,,,0
13140,2006,,,,0
13140,2007,,,,0
13140,2008,,,,0
13140,2009,,,,0
13140,2010,,,,0
13140,2011,,,,0
13140,2012,,,,0
13140,2013,,,,0
13140,2014,,,,0
13140,2015,,,,0
13140,2016,,,,0
13140,2017,,,,0
13140,2018,,,,0
13140,2019,,,,0
13140,2020,,,,0
13140,2021,,,,0
13140,2022,,,,0
13140,2023,,,,0
13140,2024,,,,0
13160,2001,,,,0
13160,2002,,,,0
13160,2003,,,,0
13160,2004,,,,0
13160,2005,,,,0
13160,2006,,,,0
13160,2007,,,,0
13160,2008,,,,0
13160,2009,,,,0
13160,2010,,,,0
13160,2011,,,,0
13160,2012,,,,0
13160,2013,,,,0
13160,2014,,,,0
13160,2015,,,,0
13160,2016,,,,0
13160,2017,,,,0
13160,2018,,,,0
13160,2019,,,,0
13160,2020,,,,0
13160,2021,,,,0
13160,2022,,,,0
13160,2023,,,,0
13160,2024,,,,0
13188,2001,,,,0
13188,2002,,,,0
13188,2003,,,,0
13188,2004,,,,0
13188,2005,,,,0
13188,2006,,,,0
13188,2007,,,,0
13188,2008,,,,0
13188,2009,,,,0
13188,2010,,,,0
13188,2011,,,,0
13188,2012,,,,0
13188,2013,,,,0
13188,2014,,,,0
13188,2015,,,,0
13188,2016,,,,0
13188,2017,,,,0
13188,2018,,,,0
13188,2019,,,,0
13188,2020,,,,0
13188,2021,,,,0
13188,2022,,,,0
13188,2023,,,,0
13188,2024,,,,0
13212,2001,,,,0
13212,2002,,,,0
13212,2003,,,,0
13212,2004,,,,0
13212,2005,,,,0
13212,2006,,,,0
13212,2007,,,,0
13212,2008,,,,0
13212,2009,,,,0
13212,2010,,,,0
13212,2011,,,,0
13212,2012,,,,0
13212,2013,,,,0
13212,2014,,,,0
13212,2015,,,,0
13212,2016,,,,0
13212,2017,,,,0
13212,2018,,,,0
13212,2019,,,,0
13212,2020,,,,0
13212,2021,,,,0
13212,2022,,,,0
13212,2023,,,,0
13212,2024,,,,0
13222,2001,,,,0
13222,2002,,,,0
13222,2003,,,,0
13222,2004,,,,0
13222,2005,,,,0
13222,2006,,,,0
13222,2007,,,,0
13222,2008,,,,0
13222,2009,,,,0
13222,2010,,,,0
13222,2011,,,,0
13222,2012,,,,0
13222,2013,,,,0
13222,2014,,,,0
13222,2015,,,,0
13222,2016,,,,0
13222,2017,,,,0
13222,2018,,,,0
13222,2019,,,,0
13222,2020,,,,0
13222,2021,,,,0
13222,2022,,,,0
13222,2023,,,,0
13222,2024,,,,0
13244,2001,,,,0
13244,2002,,,,0
13244,2003,,,,0
13244,2004,,,,0
13244,2005,,,,0
13244,2006,,,,0
13244,2007,,,,0
13244,2008,,,,0
13244,2009,,,,0
13244,2010,,,,0
13244,2011,,,,0
13244,2012,,,,0
13244,2013,,,,0
13244,2014,,,,0
13244,2015,,,,0
13244,2016,,,,0
13244,2017,,,,0
13244,2018,,,,0
13244,2019,,,,0
13244,2020,,,,0
13244,2021,,,,0
13244,2022,,,,0
13244,2023,,,,0
13244,2024,,,,0
13248,2001,,,,0
13248,2002,,,,0
13248,2003,,,,0
13248,2004,,,,0
13248,2005,,,,0
13248,2006,,,,0
13248,2007,,,,0
13248,2008,,,,0
13248,2009,,,,0
13248,2010,,,,0
13248,2011,,,,0
13248,2012,,,,0
13248,2013,,,,0
13248,2014,,,,0
13248,2015,,,,0
13248,2016,,,,0
13248,2017,,,,0
13248,2018,,,,0
13248,2019,,,,0
13248,2020,,,,0
13248,2021,,,,0
13248,2022,,,,0
13248,2023,,,,0
13248,2024,,,,0
13268,2001,,,,0
13268,2002,,,,0
13268,2003,,,,0
13268,2004,,,,0
13268,2005,,,,0
13268,2006,,,,0
13268,2007,,,,0
13268,2008,,,,0
13268,2009,,,,0
13268,2010,,,,0
13268,2011,,,,0
13268,2012,,,,0
13268,2013,,,,0
13268,2014,,,,0
13268,2015,,,,0
13268,2016,,,,0
13268,2017,,,,0
13268,2018,,,,0
13268,2019,,,,0
13268,2020,,,,0
13268,2021,,,,0
13268,2022,,,,0
13268,2023,,,,0
13268,2024,,,,0
13300,2001,,,,0
13300,2002,,,,0
13300,2003,,,,0
13300,2004,,,,0
13300,2005,,,,0
13300,2006,,,,0
13300,2007,,,,0
13300,2008,,,,0
13300,2009,,,,0
13300,2010,,,,0
13300,2011,,,,0
13300,2012,,,,0
13300,2013,,,,0
13300,2014,,,,0
13300,2015,,,,0
13300,2016,,,,0
13300,2017,,,,0
13300,2018,,,,0
13300,2019,,,,0
13300,2020,,,,0
13300,2021,,,,0
13300,2022,,,,0
13300,2023,,,,0
13300,2024,,,,0
13430,2001,,,,0
13430,2002,,,,0
13430,2003,,,,0
13430,2004,,,,0
13430,2005,,,,0
13430,2006,,,,0
13430,2007,,,,0
13430,2008,,,,0
13430,2009,,,,0
13430,2010,,,,0
13430,2011,,,,0
13430,2012,,,,0
13430,2013,,,,0
13430,2014,,,,0
13430,2015,,,,0
13430,2016,,,,0
13430,2017,,,,0
13430,2018,,,,0
13430,2019,,,,0
13430,2020,,,,0
13430,2021,,,,0
13430,2022,,,,0
13430,2023,,,,0
13430,2024,,,,0
13433,2001,,,,0
13433,2002,,,,0
13433,2003,,,,0
13433,2004,,,,0
13433,2005,,,,0
13433,2006,,,,0
13433,2007,,,,0
13433,2008,,,,0
13433,2009,,,,0
13433,2010,,,,0
13433,2011,,,,0
13433,2012,,,,0
13433,2013,,,,0
13433,2014,,,,0
13433,2015,,,,0
13433,2016,,,,0
13433,2017,,,,0
13433,2018,,,,0
13433,2019,,,,0
13433,2020,,,,0
13433,2021,,,,0
13433,2022,,,,0
13433,2023,,,,0
13433,2024,,,,0
13440,2001,,,,0
13440,2002,,,,0
13440,2003,,,,0
13440,2004,,,,0
13440,2005,,,,0
13440,2006,,,,0
13440,2007,,,,0
13440,2008,,,,0
13440,2009,,,,0
13440,2010,,,,0
13440,2011,,,,0
13440,2012,,,,0
13440,2013,,,,0
13440,2014,,,,0
13440,2015,,,,0
13440,2016,,,,0
13440,2017,,,,0
13440,2018,,,,0
13440,2019,,,,0
13440,2020,,,,0
13440,2021,,,,0
13440,2022,,,,0
13440,2023,,,,0
13440,2024,,,,0
13442,2001,,,,0
13442,2002,,,,0
13442,2003,,,,0
13442,2004,,,,0
13442,2005,,,,0
13442,2006,,,,0
13442,2007,,,,0
13442,2008,,,,0
13442,2009,,,,0
13442,2010,,,,0
13442,2011,,,,0
13442,2012,,,,0
13442,2013,,,,0
13442,2014,,,,0
13442,2015,,,,0
13442,2016,,,,0
13442,2017,,,,0
13442,2018,,,,0
13442,2019,,,,0
13442,2020,,,,0
13442,2021,,,,0
13442,2022,,,,0
13442,2023,,,,0
13442,2024,,,,0
13458,2001,,,,0
13458,2002,,,,0
13458,2003,,,,0
13458,2004,,,,0
13458,2005,,,,0
13458,2006,,,,0
13458,2007,,,,0
13458,2008,,,,0
13458,2009,,,,0
13458,2010,,,,0
13458,2011,,,,0
13458,2012,,,,0
13458,2013,,,,0
13458,2014,,,,0
13458,2015,,,,0
13458,2016,,,,0
13458,2017,,,,0
13458,2018,,,,0
13458,2019,,,,0
13458,2020,,,,0
13458,2021,,,,0
13458,2022,,,,0
13458,2023,,,,0
13458,2024,,,,0
13468,2001,,,,0
13468,2002,,,,0
13468,2003,,,,0
13468,2004,,,,0
13468,2005,,,,0
13468,2006,,,,0
13468,2007,,,,0
13468,2008,,,,0
13468,2009,,,,0
13468,2010,,,,0
13468,2011,,,,0
13468,2012,,,,0
13468,2013,,,,0
13468,2014,,,,0
13468,2015,,,,0
13468,2016,,,,0
13468,2017,,,,0
13468,2018,,,,0
13468,2019,,,,0
13468,2020,,,,0
13468,2021,,,,0
13468,2022,,,,0
13468,2023,,,,0
13468,2024,,,,0
13473,2001,,,,0
13473,2002,,,,0
13473,2003,,,,0
13473,2004,,,,0
13473,2005,,,,0
13473,2006,,,,0
13473,2007,,,,0
13473,2008,,,,0
13473,2009,,,,0
13473,2010,,,,0
13473,2011,,,,0
13473,2012,,,,0
13473,2013,,,,0
13473,2014,,,,0
13473,2015,,,,0
13473,2016,,,,0
13473,2017,,,,0
13473,2018,,,,0
13473,2019,,,,0
13473,2020,,,,0
13473,2021,,,,0
13473,2022,,,,0
13473,2023,,,,0
13473,2024,,,,0
13490,2001,,,,0
13490,2002,,,,0
13490,2003,,,,0
13490,2004,,,,0
13490,2005,,,,0
13490,2006,,,,0
13490,2007,,,,0
13490,2008,,,,0
13490,2009,,,,0
13490,2010,,,,0
13490,2011,,,,0
13490,2012,,,,0
13490,2013,,,,0
13490,2014,,,,0
13490,2015,,,,0
13490,2016,,,,0
13490,2017,,,,0
13490,2018,,,,0
13490,2019,,,,0
13490,2020,,,,0
13490,2021,,,,0
13490,2022,,,,0
13490,2023,,,,0
13490,2024,,,,0
13549,2001,,,,0
13549,2002,,,,0
13549,2003,,,,0
13549,2004,,,,0
13549,2005,,,,0
13549,2006,,,,0
13549,2007,,,,0
13549,2008,,,,0
13549,2009,,,,0
13549,2010,,,,0
13549,2011,,,,0
13549,2012,,,,0
13549,2013,,,,0
13549,2014,,,,0
13549,2015,,,,0
13549,2016,,,,0
13549,2017,,,,0
13549,2018,,,,0
13549,2019,,,,0
13549,2020,,,,0
13549,2021,,,,0
13549,2022,,,,0
13549,2023,,,,0
13549,2024,,,,0
13580,2001,,,,0
13580,2002,,,,0
13580,2003,,,,0
13580,2004,,,,0
13580,2005,,,,0
13580,2006,,,,0
13580,2007,,,,0
13580,2008,,,,0
13580,2009,,,,0
13580,2010,,,,0
13580,2011,,,,0
13580,2012,,,,0
13580,2013,,,,0
13580,2014,,,,0
13580,2015,,,,0
13580,2016,,,,0
13580,2017,,,,0
13580,2018,,,,0
13580,2019,,,,0
13580,2020,,,,0
13580,2021,,,,0
13580,2022,,,,0
13580,2023,,,,0
13580,2024,,,,0
13600,2001,,,,0
13600,2002,,,,0
13600,2003,,,,0
13600,2004,,,,0
13600,2005,,,,0
13600,2006,,,,0
13600,2007,,,,0
13600,2008,,,,0
13600,2009,,,,0
13600,2010,,,,0
13600,2011,,,,0
13600,2012,,,,0
13600,2013,,,,0
13600,2014,,,,0
13600,2015,,,,0
13600,2016,,,,0
13600,2017,,,,0
13600,2018,,,,0
13600,2019,,,,0
13600,2020,,,,0
13600,2021,,,,0
13600,2022,,,,0
13600,2023,,,,0
13600,2024,,,,0
13620,2001,,,,0
13620,2002,,,,0
13620,2003,,,,0
13620,2004,,,,0
13620,2005,,,,0
13620,2006,,,,0
13620,2007,,,,0
13620,2008,,,,0
13620,2009,,,,0
13620,2010,,,,0
13620,2011,,,,0
13620,2012,,,,0
13620,2013,,,,0
13620,2014,,,,0
13620,2015,,,,0
13620,2016,,,,0
13620,2017,,,,0
13620,2018,,,,0
13620,2019,,,,0
13620,2020,,,,0
13620,2021,,,,0
13620,2022,,,,0
13620,2023,,,,0
13620,2024,,,,0
13647,2001,,,,0
13647,2002,,,,0
13647,2003,,,,0
13647,2004,,,,0
13647,2005,,,,0
13647,2006,,,,0
13647,2007,,,,0
13647,2008,,,,0
13647,2009,,,,0
13647,2010,,,,0
13647,2011,,,,0
13647,2012,,,,0
13647,2013,,,,0
13647,2014,,,,0
13647,2015,,,,0
13647,2016,,,,0
13647,2017,,,,0
13647,2018,,,,0
13647,2019,,,,0
13647,2020,,,,0
13647,2021,,,,0
13647,2022,,,,0
13647,2023,,,,0
13647,2024,,,,0
13650,2001,,,,0
13650,2002,,,,0
13650,2003,,,,0
13650,2004,,,,0
13650,2005,,,,0
13650,2006,,,,0
13650,2007,,,,0
13650,2008,,,,0
13650,2009,,,,0
13650,2010,,,,0
13650,2011,,,,0
13650,2012,,,,0
13650,2013,,,,0
13650,2014,,,,0
13650,2015,,,,0
13650,2016,,,,0
13650,2017,,,,0
13650,2018,,,,0
13650,2019,,,,0
13650,2020,,,,0
13650,2021,,,,0
13650,2022,,,,0
13650,2023,,,,0
13650,2024,,,,0
13654,2001,,,,0
13654,2002,,,,0
13654,2003,,,,0
13654,2004,,,,0
13654,2005,,,,0
13654,2006,,,,0
13654,2007,,,,0
13654,2008,,,,0
13654,2009,,,,0
13654,2010,,,,0
13654,2011,,,,0
13654,2012,,,,0
13654,2013,,,,0
13654,2014,,,,0
13654,2015,,,,0
13654,2016,,,,0
13654,2017,,,,0
13654,2018,,,,0
13654,2019,,,,0
13654,2020,,,,0
13654,2021,,,,0
13654,2022,,,,0
13654,2023,,,,0
13654,2024,,,,0
13655,2001,,,,0
13655,2002,,,,0
13655,2003,,,,0
13655,2004,,,,0
13655,2005,,,,0
13655,2006,,,,0
13655,2007,,,,0
13655,2008,,,,0
13655,2009,,,,0
13655,2010,,,,0
13655,2011,,,,0
13655,2012,,,,0
13655,2013,,,,0
13655,2014,,,,0
13655,2015,,,,0
13655,2016,,,,0
13655,2017,,,,0
13655,2018,,,,0
13655,2019,,,,0
13655,2020,,,,0
13655,2021,,,,0
13655,2022,,,,0
13655,2023,,,,0
13655,2024,,,,0
13657,2001,,,,0
13657,2002,,,,0
13657,2003,,,,0
13657,2004,,,,0
13657,2005,,,,0
13657,2006,,,,0
13657,2007,,,,0
13657,2008,,,,0
13657,2009,,,,0
13657,2010,,,,0
13657,2011,,,,0
13657,2012,,,,0
13657,2013,,,,0
13657,2014,,,,0
13657,2015,,,,0
13657,2016,,,,0
13657,2017,,,,0
13657,2018,,,,0
13657,2019,,,,0
13657,2020,,,,0
13657,2021,,,,0
13657,2022,,,,0
13657,2023,,,,0
13657,2024,,,,0
13667,2001,,,,0
13667,2002,,,,0
13667,2003,,,,0
13667,2004,,,,0
13667,2005,,,,0
13667,2006,,,,0
13667,2007,,,,0
13667,2008,,,,0
13667,2009,,,,0
13667,2010,,,,0
13667,2011,,,,0
13667,2012,,,,0
13667,2013,,,,0
13667,2014,,,,0
13667,2015,,,,0
13667,2016,,,,0
13667,2017,,,,0
13667,2018,,,,0
13667,2019,,,,0
13667,2020,,,,0
13667,2021,,,,0
13667,2022,,,,0
13667,2023,,,,0
13667,2024,,,,0
13670,2001,,,,0
13670,2002,,,,0
13670,2003,,,,0
13670,2004,,,,0
13670,2005,,,,0
13670,2006,,,,0
13670,2007,,,,0
13670,2008,,,,0
13670,2009,,,,0
13670,2010,,,,0
13670,2011,,,,0
13670,2012,,,,0
13670,2013,,,,0
13670,2014,,,,0
13670,2015,,,,0
13670,2016,,,,0
13670,2017,,,,0
13670,2018,,,,0
13670,2019,,,,0
13670,2020,,,,0
13670,2021,,,,0
13670,2022,,,,0
13670,2023,,,,0
13670,2024,,,,0
13673,2001,,,,0
13673,2002,,,,0
13673,2003,,,,0
13673,2004,,,,0
13673,2005,,,,0
13673,2006,,,,0
13673,2007,,,,0
13673,2008,,,,0
13673,2009,,,,0
13673,2010,,,,0
13673,2011,,,,0
13673,2012,,,,0
13673,2013,,,,0
13673,2014,,,,0
13673,2015,,,,0
13673,2016,,,,0
13673,2017,,,,0
13673,2018,,,,0
13673,2019,,,,0
13673,2020,,,,0
13673,2021,,,,0
13673,2022,,,,0
13673,2023,,,,0
13673,2024,,,,0
13683,2001,,,,0
13683,2002,,,,0
13683,2003,,,,0
13683,2004,,,,0
13683,2005,,,,0
13683,2006,,,,0
13683,2007,,,,0
13683,2008,,,,0
13683,2009,,,,0
13683,2010,,,,0
13683,2011,,,,0
13683,2012,,,,0
13683,2013,,,,0
13683,2014,,,,0
13683,2015,,,,0
13683,2016,,,,0
13683,2017,,,,0
13683,2018,,,,0
13683,2019,,,,0
13683,2020,,,,0
13683,2021,,,,0
13683,2022,,,,0
13683,2023,,,,0
13683,2024,,,,0
13688,2001,,,,0
13688,2002,,,,0
13688,2003,,,,0
13688,2004,,,,0
13688,2005,,,,0
13688,2006,,,,0
13688,2007,,,,0
13688,2008,,,,0
13688,2009,,,,0
13688,2010,,,,0
13688,2011,,,,0
13688,2012,,,,0
13688,2013,,,,0
13688,2014,,,,0
13688,2015,,,,0
13688,2016,,,,0
13688,2017,,,,0
13688,2018,,,,0
13688,2019,,,,0
13688,2020,,,,0
13688,2021,,,,0
13688,2022,,,,0
13688,2023,,,,0
13688,2024,,,,0
13744,2001,,,,0
13744,2002,,,,0
13744,2003,,,,0
13744,2004,,,,0
13744,2005,,,,0
13744,2006,,,,0
13744,2007,,,,0
13744,2008,,,,0
13744,2009,,,,0
13744,2010,,,,0
13744,2011,,,,0
13744,2012,,,,0
13744,2013,,,,0
13744,2014,,,,0
13744,2015,,,,0
13744,2016,,,,0
13744,2017,,,,0
13744,2018,,,,0
13744,2019,,,,0
13744,2020,,,,0
13744,2021,,,,0
13744,2022,,,,0
13744,2023,,,,0
13744,2024,,,,0
13760,2001,,,,0
13760,2002,,,,0
13760,2003,,,,0
13760,2004,,,,0
13760,2005,,,,0
13760,2006,,,,0
13760,2007,,,,0
13760,2008,,,,0
13760,2009,,,,0
13760,2010,,,,0
13760,2011,,,,0
13760,2012,,,,0
13760,2013,,,,0
13760,2014,,,,0
13760,2015,,,,0
13760,2016,,,,0
13760,2017,,,,0
13760,2018,,,,0
13760,2019,,,,0
13760,2020,,,,0
13760,2021,,,,0
13760,2022,,,,0
13760,2023,,,,0
13760,2024,,,,0
13780,2001,,,,0
13780,2002,,,,0
13780,2003,,,,0
13780,2004,,,,0
13780,2005,,,,0
13780,2006,,,,0
13780,2007,,,,0
13780,2008,,,,0
13780,2009,,,,0
13780,2010,,,,0
13780,2011,,,,0
13780,2012,,,,0
13780,2013,,,,0
13780,2014,,,,0
13780,2015,,,,0
13780,2016,,,,0
13780,2017,,,,0
13780,2018,,,,0
13780,2019,,,,0
13780,2020,,,,0
13780,2021,,,,0
13780,2022,,,,0
13780,2023,,,,0
13780,2024,,,,0
13810,2001,,,,0
13810,2002,,,,0
13810,2003,,,,0
13810,2004,,,,0
13810,2005,,,,0
13810,2006,,,,0
13810,2007,,,,0
13810,2008,,,,0
13810,2009,,,,0
13810,2010,,,,0
13810,2011,,,,0
13810,2012,,,,0
13810,2013,,,,0
13810,2014,,,,0
13810,2015,,,,0
13810,2016,,,,0
13810,2017,,,,0
13810,2018,,,,0
13810,2019,,,,0
13810,2020,,,,0
13810,2021,,,,0
13810,2022,,,,0
13810,2023,,,,0
13810,2024,,,,0
13836,2001,,,,0
13836,2002,,,,0
13836,2003,,,,0
13836,2004,,,,0
13836,2005,,,,0
13836,2006,,,,0
13836,2007,,,,0
13836,2008,,,,0
13836,2009,,,,0
13836,2010,,,,0
13836,2011,,,,0
13836,2012,,,,0
13836,2013,,,,0
13836,2014,,,,0
13836,2015,,,,0
13836,2016,,,,0
13836,2017,,,,0
13836,2018,,,,0
13836,2019,,,,0
13836,2020,,,,0
13836,2021,,,,0
13836,2022,,,,0
13836,2023,,,,0
13836,2024,,,,0
13838,2001,,,,0
13838,2002,,,,0
13838,2003,,,,0
13838,2004,,,,0
13838,2005,,,,0
13838,2006,,,,0
13838,2007,,,,0
13838,2008,,,,0
13838,2009,,,,0
13838,2010,,,,0
13838,2011,,,,0
13838,2012,,,,0
13838,2013,,,,0
13838,2014,,,,0
13838,2015,,,,0
13838,2016,,,,0
13838,2017,,,,0
13838,2018,,,,0
13838,2019,,,,0
13838,2020,,,,0
13838,2021,,,,0
13838,2022,,,,0
13838,2023,,,,0
13838,2024,,,,0
13873,2001,,,,0
13873,2002,,,,0
13873,2003,,,,0
13873,2004,,,,0
13873,2005,,,,0
13873,2006,,,,0
13873,2007,,,,0
13873,2008,,,,0
13873,2009,,,,0
13873,2010,,,,0
13873,2011,,,,0
13873,2012,,,,0
13873,2013,,,,0
13873,2014,,,,0
13873,2015,,,,0
13873,2016,,,,0
13873,2017,,,,0
13873,2018,,,,0
13873,2019,,,,0
13873,2020,,,,0
13873,2021,,,,0
13873,2022,,,,0
13873,2023,,,,0
13873,2024,,,,0
13894,2001,,,,0
13894,2002,,,,0
13894,2003,,,,0
13894,2004,,,,0
13894,2005,,,,0
13894,2006,,,,0
13894,2007,,,,0
13894,2008,,,,0
13894,2009,,,,0
13894,2010,,,,0
13894,2011,,,,0
13894,2012,,,,0
13894,2013,,,,0
13894,2014,,,,0
13894,2015,,,,0
13894,2016,,,,0
13894,2017,,,,0
13894,2018,,,,0
13894,2019,,,,0
13894,2020,,,,0
13894,2021,,,,0
13894,2022,,,,0
13894,2023,,,,0
13894,2024,,,,0
15001,2001,,,,0
15001,2002,,,,0
15001,2003,,,,0
15001,2004,,,,0
15001,2005,,,,0
15001,2006,,,,0
15001,2007,,,,0
15001,2008,,,,0
15001,2009,,,,0
15001,2010,,,,0
15001,2011,,,,0
15001,2012,,,,0
15001,2013,,,,0
15001,2014,,,,0
15001,2015,,,,0
15001,2016,,,,0
15001,2017,,,,0
15001,2018,,,,0
15001,2019,,,,0
15001,2020,,,,0
15001,2021,,,,0
15001,2022,,,,0
15001,2023,,,,0
15001,2024,,,,0
15022,2001,,,,0
15022,2002,,,,0
15022,2003,,,,0
15022,2004,,,,0
15022,2005,,,,0
15022,2006,,,,0
15022,2007,,,,0
15022,2008,,,,0
15022,2009,,,,0
15022,2010,,,,0
15022,2011,,,,0
15022,2012,,,,0
15022,2013,,,,0
15022,2014,,,,0
15022,2015,,,,0
15022,2016,,,,0
15022,2017,,,,0
15022,2018,,,,0
15022,2019,,,,0
15022,2020,,,,0
15022,2021,,,,0
15022,2022,,,,0
15022,2023,,,,0
15022,2024,,,,0
15047,2001,,,,0
15047,2002,,,,0
15047,2003,,,,0
15047,2004,,,,0
15047,2005,,,,0
15047,2006,,,,0
15047,2007,,,,0
15047,2008,,,,0
15047,2009,,,,0
15047,2010,,,,0
15047,2011,,,,0
15047,2012,,,,0
15047,2013,,,,0
15047,2014,,,,0
15047,2015,,,,0
15047,2016,,,,0
15047,2017,,,,0
15047,2018,,,,0
15047,2019,,,,0
15047,2020,,,,0
15047,2021,,,,0
15047,2022,,,,0
15047,2023,,,,0
15047,2024,,,,0
15051,2001,,,,0
15051,2002,,,,0
15051,2003,,,,0
15051,2004,,,,0
15051,2005,,,,0
15051,2006,,,,0
15051,2007,,,,0
15051,2008,,,,0
15051,2009,,,,0
15051,2010,,,,0
15051,2011,,,,0
15051,2012,,,,0
15051,2013,,,,0
15051,2014,,,,0
15051,2015,,,,0
15051,2016,,,,0
15051,2017,,,,0
15051,2018,,,,0
15051,2019,,,,0
15051,2020,,,,0
15051,2021,,,,0
15051,2022,,,,0
15051,2023,,,,0
15051,2024,,,,0
15087,2001,,,,0
15087,2002,,,,0
15087,2003,,,,0
15087,2004,,,,0
15087,2005,,,,0
15087,2006,,,,0
15087,2007,,,,0
15087,2008,,,,0
15087,2009,,,,0
15087,2010,,,,0
15087,2011,,,,0
15087,2012,,,,0
15087,2013,,,,0
15087,2014,,,,0
15087,2015,,,,0
15087,2016,,,,0
15087,2017,,,,0
15087,2018,,,,0
15087,2019,,,,0
15087,2020,,,,0
15087,2021,,,,0
15087,2022,,,,0
15087,2023,,,,0
15087,2024,,,,0
15090,2001,,,,0
15090,2002,,,,0
15090,2003,,,,0
15090,2004,,,,0
15090,2005,,,,0
15090,2006,,,,0
15090,2007,,,,0
15090,2008,,,,0
15090,2009,,,,0
15090,2010,,,,0
15090,2011,,,,0
15090,2012,,,,0
15090,2013,,,,0
15090,2014,,,,0
15090,2015,,,,0
15090,2016,,,,0
15090,2017,,,,0
15090,2018,,,,0
15090,2019,,,,0
15090,2020,,,,0
15090,2021,,,,0
15090,2022,,,,0
15090,2023,,,,0
15090,2024,,,,0
15092,2001,,,,0
15092,2002,,,,0
15092,2003,,,,0
15092,2004,,,,0
15092,2005,,,,0
15092,2006,,,,0
15092,2007,,,,0
15092,2008,,,,0
15092,2009,,,,0
15092,2010,,,,0
15092,2011,,,,0
15092,2012,,,,0
15092,2013,,,,0
15092,2014,,,,0
15092,2015,,,,0
15092,2016,,,,0
15092,2017,,,,0
15092,2018,,,,0
15092,2019,,,,0
15092,2020,,,,0
15092,2021,,,,0
15092,2022,,,,0
15092,2023,,,,0
15092,2024,,,,0
15097,2001,,,,0
15097,2002,,,,0
15097,2003,,,,0
15097,2004,,,,0
15097,2005,,,,0
15097,2006,,,,0
15097,2007,,,,0
15097,2008,,,,0
15097,2009,,,,0
15097,2010,,,,0
15097,2011,,,,0
15097,2012,,,,0
15097,2013,,,,0
15097,2014,,,,0
15097,2015,,,,0
15097,2016,,,,0
15097,2017,,,,0
15097,2018,,,,0
15097,2019,,,,0
15097,2020,,,,0
15097,2021,,,,0
15097,2022,,,,0
15097,2023,,,,0
15097,2024,,,,0
15104,2001,,,,0
15104,2002,,,,0
15104,2003,,,,0
15104,2004,,,,0
15104,2005,,,,0
15104,2006,,,,0
15104,2007,,,,0
15104,2008,,,,0
15104,2009,,,,0
15104,2010,,,,0
15104,2011,,,,0
15104,2012,,,,0
15104,2013,,,,0
15104,2014,,,,0
15104,2015,,,,0
15104,2016,,,,0
15104,2017,,,,0
15104,2018,,,,0
15104,2019,,,,0
15104,2020,,,,0
15104,2021,,,,0
15104,2022,,,,0
15104,2023,,,,0
15104,2024,,,,0
15106,2001,,,,0
15106,2002,,,,0
15106,2003,,,,0
15106,2004,,,,0
15106,2005,,,,0
15106,2006,,,,0
15106,2007,,,,0
15106,2008,,,,0
15106,2009,,,,0
15106,2010,,,,0
15106,2011,,,,0
15106,2012,,,,0
15106,2013,,,,0
15106,2014,,,,0
15106,2015,,,,0
15106,2016,,,,0
15106,2017,,,,0
15106,2018,,,,0
15106,2019,,,,0
15106,2020,,,,0
15106,2021,,,,0
15106,2022,,,,0
15106,2023,,,,0
15106,2024,,,,0
15109,2001,,,,0
15109,2002,,,,0
15109,2003,,,,0
15109,2004,,,,0
15109,2005,,,,0
15109,2006,,,,0
15109,2007,,,,0
15109,2008,,,,0
15109,2009,,,,0
15109,2010,,,,0
15109,2011,,,,0
15109,2012,,,,0
15109,2013,,,,0
15109,2014,,,,0
15109,2015,,,,0
15109,2016,,,,0
15109,2017,,,,0
15109,2018,,,,0
15109,2019,,,,0
15109,2020,,,,0
15109,2021,,,,0
15109,2022,,,,0
15109,2023,,,,0
15109,2024,,,,0
15114,2001,,,,0
15114,2002,,,,0
15114,2003,,,,0
15114,2004,,,,0
15114,2005,,,,0
15114,2006,,,,0
15114,2007,,,,0
15114,2008,,,,0
15114,2009,,,,0
15114,2010,,,,0
15114,2011,,,,0
15114,2012,,,,0
15114,2013,,,,0
15114,2014,,,,0
15114,2015,,,,0
15114,2016,,,,0
15114,2017,,,,0
15114,2018,,,,0
15114,2019,,,,0
15114,2020,,,,0
15114,2021,,,,0
15114,2022,,,,0
15114,2023,,,,0
15114,2024,,,,0
15131,2001,,,,0
15131,2002,,,,0
15131,2003,,,,0
15131,2004,,,,0
15131,2005,,,,0
15131,2006,,,,0
15131,2007,,,,0
15131,2008,,,,0
15131,2009,,,,0
15131,2010,,,,0
15131,2011,,,,0
15131,2012,,,,0
15131,2013,,,,0
15131,2014,,,,0
15131,2015,,,,0
15131,2016,,,,0
15131,2017,,,,0
15131,2018,,,,0
15131,2019,,,,0
15131,2020,,,,0
15131,2021,,,,0
15131,2022,,,,0
15131,2023,,,,0
15131,2024,,,,0
15135,2001,,,,0
15135,2002,,,,0
15135,2003,,,,0
15135,2004,,,,0
15135,2005,,,,0
15135,2006,,,,0
15135,2007,,,,0
15135,2008,,,,0
15135,2009,,,,0
15135,2010,,,,0
15135,2011,,,,0
15135,2012,,,,0
15135,2013,,,,0
15135,2014,,,,0
15135,2015,,,,0
15135,2016,,,,0
15135,2017,,,,0
15135,2018,,,,0
15135,2019,,,,0
15135,2020,,,,0
15135,2021,,,,0
15135,2022,,,,0
15135,2023,,,,0
15135,2024,,,,0
15162,2001,,,,0
15162,2002,,,,0
15162,2003,,,,0
15162,2004,,,,0
15162,2005,,,,0
15162,2006,,,,0
15162,2007,,,,0
15162,2008,,,,0
15162,2009,,,,0
15162,2010,,,,0
15162,2011,,,,0
15162,2012,,,,0
15162,2013,,,,0
15162,2014,,,,0
15162,2015,,,,0
15162,2016,,,,0
15162,2017,,,,0
15162,2018,,,,0
15162,2019,,,,0
15162,2020,,,,0
15162,2021,,,,0
15162,2022,,,,0
15162,2023,,,,0
15162,2024,,,,0
15172,2001,,,,0
15172,2002,,,,0
15172,2003,,,,0
15172,2004,,,,0
15172,2005,,,,0
15172,2006,,,,0
15172,2007,,,,0
15172,2008,,,,0
15172,2009,,,,0
15172,2010,,,,0
15172,2011,,,,0
15172,2012,,,,0
15172,2013,,,,0
15172,2014,,,,0
15172,2015,,,,0
15172,2016,,,,0
15172,2017,,,,0
15172,2018,,,,0
15172,2019,,,,0
15172,2020,,,,0
15172,2021,,,,0
15172,2022,,,,0
15172,2023,,,,0
15172,2024,,,,0
15176,2001,,,,0
15176,2002,,,,0
15176,2003,,,,0
15176,2004,,,,0
15176,2005,,,,0
15176,2006,,,,0
15176,2007,,,,0
15176,2008,,,,0
15176,2009,,,,0
15176,2010,,,,0
15176,2011,,,,0
15176,2012,,,,0
15176,2013,,,,0
15176,2014,,,,0
15176,2015,,,,0
15176,2016,,,,0
15176,2017,,,,0
15176,2018,,,,0
15176,2019,,,,0
15176,2020,,,,0
15176,2021,,,,0
15176,2022,,,,0
15176,2023,,,,0
15176,2024,,,,0
15180,2001,,,,0
15180,2002,,,,0
15180,2003,,,,0
15180,2004,,,,0
15180,2005,,,,0
15180,2006,,,,0
15180,2007,,,,0
15180,2008,,,,0
15180,2009,,,,0
15180,2010,,,,0
15180,2011,,,,0
15180,2012,,,,0
15180,2013,,,,0
15180,2014,,,,0
15180,2015,,,,0
15180,2016,,,,0
15180,2017,,,,0
15180,2018,,,,0
15180,2019,,,,0
15180,2020,,,,0
15180,2021,,,,0
15180,2022,,,,0
15180,2023,,,,0
15180,2024,,,,0
15183,2001,,,,0
15183,2002,,,,0
15183,2003,,,,0
15183,2004,,,,0
15183,2005,,,,0
15183,2006,,,,0
15183,2007,,,,0
15183,2008,,,,0
15183,2009,,,,0
15183,2010,,,,0
15183,2011,,,,0
15183,2012,,,,0
15183,2013,,,,0
15183,2014,,,,0
15183,2015,,,,0
15183,2016,,,,0
15183,2017,,,,0
15183,2018,,,,0
15183,2019,,,,0
15183,2020,,,,0
15183,2021,,,,0
15183,2022,,,,0
15183,2023,,,,0
15183,2024,,,,0
15185,2001,,,,0
15185,2002,,,,0
15185,2003,,,,0
15185,2004,,,,0
15185,2005,,,,0
15185,2006,,,,0
15185,2007,,,,0
15185,2008,,,,0
15185,2009,,,,0
15185,2010,,,,0
15185,2011,,,,0
15185,2012,,,,0
15185,2013,,,,0
15185,2014,,,,0
15185,2015,,,,0
15185,2016,,,,0
15185,2017,,,,0
15185,2018,,,,0
15185,2019,,,,0
15185,2020,,,,0
15185,2021,,,,0
15185,2022,,,,0
15185,2023,,,,0
15185,2024,,,,0
15187,2001,,,,0
15187,2002,,,,0
15187,2003,,,,0
15187,2004,,,,0
15187,2005,,,,0
15187,2006,,,,0
15187,2007,,,,0
15187,2008,,,,0
15187,2009,,,,0
15187,2010,,,,0
15187,2011,,,,0
15187,2012,,,,0
15187,2013,,,,0
15187,2014,,,,0
15187,2015,,,,0
15187,2016,,,,0
15187,2017,,,,0
15187,2018,,,,0
15187,2019,,,,0
15187,2020,,,,0
15187,2021,,,,0
15187,2022,,,,0
15187,2023,,,,0
15187,2024,,,,0
15189,2001,,,,0
15189,2002,,,,0
15189,2003,,,,0
15189,2004,,,,0
15189,2005,,,,0
15189,2006,,,,0
15189,2007,,,,0
15189,2008,,,,0
15189,2009,,,,0
15189,2010,,,,0
15189,2011,,,,0
15189,2012,,,,0
15189,2013,,,,0
15189,2014,,,,0
15189,2015,,,,0
15189,2016,,,,0
15189,2017,,,,0
15189,2018,,,,0
15189,2019,,,,0
15189,2020,,,,0
15189,2021,,,,0
15189,2022,,,,0
15189,2023,,,,0
15189,2024,,,,0
15204,2001,,,,0
15204,2002,,,,0
15204,2003,,,,0
15204,2004,,,,0
15204,2005,,,,0
15204,2006,,,,0
15204,2007,,,,0
15204,2008,,,,0
15204,2009,,,,0
15204,2010,,,,0
15204,2011,,,,0
15204,2012,,,,0
15204,2013,,,,0
15204,2014,,,,0
15204,2015,,,,0
15204,2016,,,,0
15204,2017,,,,0
15204,2018,,,,0
15204,2019,,,,0
15204,2020,,,,0
15204,2021,,,,0
15204,2022,,,,0
15204,2023,,,,0
15204,2024,,,,0
15212,2001,,,,0
15212,2002,,,,0
15212,2003,,,,0
15212,2004,,,,0
15212,2005,,,,0
15212,2006,,,,0
15212,2007,,,,0
15212,2008,,,,0
15212,2009,,,,0
15212,2010,,,,0
15212,2011,,,,0
15212,2012,,,,0
15212,2013,,,,0
15212,2014,,,,0
15212,2015,,,,0
15212,2016,,,,0
15212,2017,,,,0
15212,2018,,,,0
15212,2019,,,,0
15212,2020,,,,0
15212,2021,,,,0
15212,2022,,,,0
15212,2023,,,,0
15212,2024,,,,0
15215,2001,,,,0
15215,2002,,,,0
15215,2003,,,,0
15215,2004,,,,0
15215,2005,,,,0
15215,2006,,,,0
15215,2007,,,,0
15215,2008,,,,0
15215,2009,,,,0
15215,2010,,,,0
15215,2011,,,,0
15215,2012,,,,0
15215,2013,,,,0
15215,2014,,,,0
15215,2015,,,,0
15215,2016,,,,0
15215,2017,,,,0
15215,2018,,,,0
15215,2019,,,,0
15215,2020,,,,0
15215,2021,,,,0
15215,2022,,,,0
15215,2023,,,,0
15215,2024,,,,0
15218,2001,,,,0
15218,2002,,,,0
15218,2003,,,,0
15218,2004,,,,0
15218,2005,,,,0
15218,2006,,,,0
15218,2007,,,,0
15218,2008,,,,0
15218,2009,,,,0
15218,2010,,,,0
15218,2011,,,,0
15218,2012,,,,0
15218,2013,,,,0
15218,2014,,,,0
15218,2015,,,,0
15218,2016,,,,0
15218,2017,,,,0
15218,2018,,,,0
15218,2019,,,,0
15218,2020,,,,0
15218,2021,,,,0
15218,2022,,,,0
15218,2023,,,,0
15218,2024,,,,0
15223,2001,,,,0
15223,2002,,,,0
15223,2003,,,,0
15223,2004,,,,0
15223,2005,,,,0
15223,2006,,,,0
15223,2007,,,,0
15223,2008,,,,0
15223,2009,,,,0
15223,2010,,,,0
15223,2011,,,,0
15223,2012,,,,0
15223,2013,,,,0
15223,2014,,,,0
15223,2015,,,,0
15223,2016,,,,0
15223,2017,,,,0
15223,2018,,,,0
15223,2019,,,,0
15223,2020,,,,0
15223,2021,,,,0
15223,2022,,,,0
15223,2023,,,,0
15223,2024,,,,0
15224,2001,,,,0
15224,2002,,,,0
15224,2003,,,,0
15224,2004,,,,0
15224,2005,,,,0
15224,2006,,,,0
15224,2007,,,,0
15224,2008,,,,0
15224,2009,,,,0
15224,2010,,,,0
15224,2011,,,,0
15224,2012,,,,0
15224,2013,,,,0
15224,2014,,,,0
15224,2015,,,,0
15224,2016,,,,0
15224,2017,,,,0
15224,2018,,,,0
15224,2019,,,,0
15224,2020,,,,0
15224,2021,,,,0
15224,2022,,,,0
15224,2023,,,,0
15224,2024,,,,0
15226,2001,,,,0
15226,2002,,,,0
15226,2003,,,,0
15226,2004,,,,0
15226,2005,,,,0
15226,2006,,,,0
15226,2007,,,,0
15226,2008,,,,0
15226,2009,,,,0
15226,2010,,,,0
15226,2011,,,,0
15226,2012,,,,0
15226,2013,,,,0
15226,2014,,,,0
15226,2015,,,,0
15226,2016,,,,0
15226,2017,,,,0
15226,2018,,,,0
15226,2019,,,,0
15226,2020,,,,0
15226,2021,,,,0
15226,2022,,,,0
15226,2023,,,,0
15226,2024,,,,0
15232,2001,,,,0
15232,2002,,,,0
15232,2003,,,,0
15232,2004,,,,0
15232,2005,,,,0
15232,2006,,,,0
15232,2007,,,,0
15232,2008,,,,0
15232,2009,,,,0
15232,2010,,,,0
15232,2011,,,,0
15232,2012,,,,0
15232,2013,,,,0
15232,2014,,,,0
15232,2015,,,,0
15232,2016,,,,0
15232,2017,,,,0
15232,2018,,,,0
15232,2019,,,,0
15232,2020,,,,0
15232,2021,,,,0
15232,2022,,,,0
15232,2023,,,,0
15232,2024,,,,0
15236,2001,,,,0
15236,2002,,,,0
15236,2003,,,,0
15236,2004,,,,0
15236,2005,,,,0
15236,2006,,,,0
15236,2007,,,,0
15236,2008,,,,0
15236,2009,,,,0
15236,2010,,,,0
15236,2011,,,,0
15236,2012,,,,0
15236,2013,,,,0
15236,2014,,,,0
15236,2015,,,,0
15236,2016,,,,0
15236,2017,,,,0
15236,2018,,,,0
15236,2019,,,,0
15236,2020,,,,0
15236,2021,,,,0
15236,2022,,,,0
15236,2023,,,,0
15236,2024,,,,0
15238,2001,,,,0
15238,2002,,,,0
15238,2003,,,,0
15238,2004,,,,0
15238,2005,,,,0
15238,2006,,,,0
15238,2007,,,,0
15238,2008,,,,0
15238,2009,,,,0
15238,2010,,,,0
15238,2011,,,,0
15238,2012,,,,0
15238,2013,,,,0
15238,2014,,,,0
15238,2015,,,,0
15238,2016,,,,0
15238,2017,,,,0
15238,2018,,,,0
15238,2019,,,,0
15238,2020,,,,0
15238,2021,,,,0
15238,2022,,,,0
15238,2023,,,,0
15238,2024,,,,0
15244,2001,,,,0
15244,2002,,,,0
15244,2003,,,,0
15244,2004,,,,0
15244,2005,,,,0
15244,2006,,,,0
15244,2007,,,,0
15244,2008,,,,0
15244,2009,,,,0
15244,2010,,,,0
15244,2011,,,,0
15244,2012,,,,0
15244,2013,,,,0
15244,2014,,,,0
15244,2015,,,,0
15244,2016,,,,0
15244,2017,,,,0
15244,2018,,,,0
15244,2019,,,,0
15244,2020,,,,0
15244,2021,,,,0
15244,2022,,,,0
15244,2023,,,,0
15244,2024,,,,0
15248,2001,,,,0
15248,2002,,,,0
15248,2003,,,,0
15248,2004,,,,0
15248,2005,,,,0
15248,2006,,,,0
15248,2007,,,,0
15248,2008,,,,0
15248,2009,,,,0
15248,2010,,,,0
15248,2011,,,,0
15248,2012,,,,0
15248,2013,,,,0
15248,2014,,,,0
15248,2015,,,,0
15248,2016,,,,0
15248,2017,,,,0
15248,2018,,,,0
15248,2019,,,,0
15248,2020,,,,0
15248,2021,,,,0
15248,2022,,,,0
15248,2023,,,,0
15248,2024,,,,0
15272,2001,,,,0
15272,2002,,,,0
15272,2003,,,,0
15272,2004,,,,0
15272,2005,,,,0
15272,2006,,,,0
15272,2007,,,,0
15272,2008,,,,0
15272,2009,,,,0
15272,2010,,,,0
15272,2011,,,,0
15272,2012,,,,0
15272,2013,,,,0
15272,2014,,,,0
15272,2015,,,,0
15272,2016,,,,0
15272,2017,,,,0
15272,2018,,,,0
15272,2019,,,,0
15272,2020,,,,0
15272,2021,,,,0
15272,2022,,,,0
15272,2023,,,,0
15272,2024,,,,0
15276,2001,,,,0
15276,2002,,,,0
15276,2003,,,,0
15276,2004,,,,0
15276,2005,,,,0
15276,2006,,,,0
15276,2007,,,,0
15276,2008,,,,0
15276,2009,,,,0
15276,2010,,,,0
15276,2011,,,,0
15276,2012,,,,0
15276,2013,,,,0
15276,2014,,,,0
15276,2015,,,,0
15276,2016,,,,0
15276,2017,,,,0
15276,2018,,,,0
15276,2019,,,,0
15276,2020,,,,0
15276,2021,,,,0
15276,2022,,,,0
15276,2023,,,,0
15276,2024,,,,0
15293,2001,,,,0
15293,2002,,,,0
15293,2003,,,,0
15293,2004,,,,0
15293,2005,,,,0
15293,2006,,,,0
15293,2007,,,,0
15293,2008,,,,0
15293,2009,,,,0
15293,2010,,,,0
15293,2011,,,,0
15293,2012,,,,0
15293,2013,,,,0
15293,2014,,,,0
15293,2015,,,,0
15293,2016,,,,0
15293,2017,,,,0
15293,2018,,,,0
15293,2019,,,,0
15293,2020,,,,0
15293,2021,,,,0
15293,2022,,,,0
15293,2023,,,,0
15293,2024,,,,0
15296,2001,,,,0
15296,2002,,,,0
15296,2003,,,,0
15296,2004,,,,0
15296,2005,,,,0
15296,2006,,,,0
15296,2007,,,,0
15296,2008,,,,0
15296,2009,,,,0
15296,2010,,,,0
15296,2011,,,,0
15296,2012,,,,0
15296,2013,,,,0
15296,2014,,,,0
15296,2015,,,,0
15296,2016,,,,0
15296,2017,,,,0
15296,2018,,,,0
15296,2019,,,,0
15296,2020,,,,0
15296,2021,,,,0
15296,2022,,,,0
15296,2023,,,,0
15296,2024,,,,0
15299,2001,,,,0
15299,2002,,,,0
15299,2003,,,,0
15299,2004,,,,0
15299,2005,,,,0
15299,2006,,,,0
15299,2007,,,,0
15299,2008,,,,0
15299,2009,,,,0
15299,2010,,,,0
15299,2011,,,,0
15299,2012,,,,0
15299,2013,,,,0
15299,2014,,,,0
15299,2015,,,,0
15299,2016,,,,0
15299,2017,,,,0
15299,2018,,,,0
15299,2019,,,,0
15299,2020,,,,0
15299,2021,,,,0
15299,2022,,,,0
15299,2023,,,,0
15299,2024,,,,0
15317,2001,,,,0
15317,2002,,,,0
15317,2003,,,,0
15317,2004,,,,0
15317,2005,,,,0
15317,2006,,,,0
15317,2007,,,,0
15317,2008,,,,0
15317,2009,,,,0
15317,2010,,,,0
15317,2011,,,,0
15317,2012,,,,0
15317,2013,,,,0
15317,2014,,,,0
15317,2015,,,,0
15317,2016,,,,0
15317,2017,,,,0
15317,2018,,,,0
15317,2019,,,,0
15317,2020,,,,0
15317,2021,,,,0
15317,2022,,,,0
15317,2023,,,,0
15317,2024,,,,0
15322,2001,,,,0
15322,2002,,,,0
15322,2003,,,,0
15322,2004,,,,0
15322,2005,,,,0
15322,2006,,,,0
15322,2007,,,,0
15322,2008,,,,0
15322,2009,,,,0
15322,2010,,,,0
15322,2011,,,,0
15322,2012,,,,0
15322,2013,,,,0
15322,2014,,,,0
15322,2015,,,,0
15322,2016,,,,0
15322,2017,,,,0
15322,2018,,,,0
15322,2019,,,,0
15322,2020,,,,0
15322,2021,,,,0
15322,2022,,,,0
15322,2023,,,,0
15322,2024,,,,0
15325,2001,,,,0
15325,2002,,,,0
15325,2003,,,,0
15325,2004,,,,0
15325,2005,,,,0
15325,2006,,,,0
15325,2007,,,,0
15325,2008,,,,0
15325,2009,,,,0
15325,2010,,,,0
15325,2011,,,,0
15325,2012,,,,0
15325,2013,,,,0
15325,2014,,,,0
15325,2015,,,,0
15325,2016,,,,0
15325,2017,,,,0
15325,2018,,,,0
15325,2019,,,,0
15325,2020,,,,0
15325,2021,,,,0
15325,2022,,,,0
15325,2023,,,,0
15325,2024,,,,0
15332,2001,,,,0
15332,2002,,,,0
15332,2003,,,,0
15332,2004,,,,0
15332,2005,,,,0
15332,2006,,,,0
15332,2007,,,,0
15332,2008,,,,0
15332,2009,,,,0
15332,2010,,,,0
15332,2011,,,,0
15332,2012,,,,0
15332,2013,,,,0
15332,2014,,,,0
15332,2015,,,,0
15332,2016,,,,0
15332,2017,,,,0
15332,2018,,,,0
15332,2019,,,,0
15332,2020,,,,0
15332,2021,,,,0
15332,2022,,,,0
15332,2023,,,,0
15332,2024,,,,0
15362,2001,,,,0
15362,2002,,,,0
15362,2003,,,,0
15362,2004,,,,0
15362,2005,,,,0
15362,2006,,,,0
15362,2007,,,,0
15362,2008,,,,0
15362,2009,,,,0
15362,2010,,,,0
15362,2011,,,,0
15362,2012,,,,0
15362,2013,,,,0
15362,2014,,,,0
15362,2015,,,,0
15362,2016,,,,0
15362,2017,,,,0
15362,2018,,,,0
15362,2019,,,,0
15362,2020,,,,0
15362,2021,,,,0
15362,2022,,,,0
15362,2023,,,,0
15362,2024,,,,0
15367,2001,,,,0
15367,2002,,,,0
15367,2003,,,,0
15367,2004,,,,0
15367,2005,,,,0
15367,2006,,,,0
15367,2007,,,,0
15367,2008,,,,0
15367,2009,,,,0
15367,2010,,,,0
15367,2011,,,,0
15367,2012,,,,0
15367,2013,,,,0
15367,2014,,,,0
15367,2015,,,,0
15367,2016,,,,0
15367,2017,,,,0
15367,2018,,,,0
15367,2019,,,,0
15367,2020,,,,0
15367,2021,,,,0
15367,2022,,,,0
15367,2023,,,,0
15367,2024,,,,0
15368,2001,,,,0
15368,2002,,,,0
15368,2003,,,,0
15368,2004,,,,0
15368,2005,,,,0
15368,2006,,,,0
15368,2007,,,,0
15368,2008,,,,0
15368,2009,,,,0
15368,2010,,,,0
15368,2011,,,,0
15368,2012,,,,0
15368,2013,,,,0
15368,2014,,,,0
15368,2015,,,,0
15368,2016,,,,0
15368,2017,,,,0
15368,2018,,,,0
15368,2019,,,,0
15368,2020,,,,0
15368,2021,,,,0
15368,2022,,,,0
15368,2023,,,,0
15368,2024,,,,0
15377,2001,,,,0
15377,2002,,,,0
15377,2003,,,,0
15377,2004,,,,0
15377,2005,,,,0
15377,2006,,,,0
15377,2007,,,,0
15377,2008,,,,0
15377,2009,,,,0
15377,2010,,,,0
15377,2011,,,,0
15377,2012,,,,0
15377,2013,,,,0
15377,2014,,,,0
15377,2015,,,,0
15377,2016,,,,0
15377,2017,,,,0
15377,2018,,,,0
15377,2019,,,,0
15377,2020,,,,0
15377,2021,,,,0
15377,2022,,,,0
15377,2023,,,,0
15377,2024,,,,0
15380,2001,,,,0
15380,2002,,,,0
15380,2003,,,,0
15380,2004,,,,0
15380,2005,,,,0
15380,2006,,,,0
15380,2007,,,,0
15380,2008,,,,0
15380,2009,,,,0
15380,2010,,,,0
15380,2011,,,,0
15380,2012,,,,0
15380,2013,,,,0
15380,2014,,,,0
15380,2015,,,,0
15380,2016,,,,0
15380,2017,,,,0
15380,2018,,,,0
15380,2019,,,,0
15380,2020,,,,0
15380,2021,,,,0
15380,2022,,,,0
15380,2023,,,,0
15380,2024,,,,0
15401,2001,,,,0
15401,2002,,,,0
15401,2003,,,,0
15401,2004,,,,0
15401,2005,,,,0
15401,2006,,,,0
15401,2007,,,,0
15401,2008,,,,0
15401,2009,,,,0
15401,2010,,,,0
15401,2011,,,,0
15401,2012,,,,0
15401,2013,,,,0
15401,2014,,,,0
15401,2015,,,,0
15401,2016,,,,0
15401,2017,,,,0
15401,2018,,,,0
15401,2019,,,,0
15401,2020,,,,0
15401,2021,,,,0
15401,2022,,,,0
15401,2023,,,,0
15401,2024,,,,0
15403,2001,,,,0
15403,2002,,,,0
15403,2003,,,,0
15403,2004,,,,0
15403,2005,,,,0
15403,2006,,,,0
15403,2007,,,,0
15403,2008,,,,0
15403,2009,,,,0
15403,2010,,,,0
15403,2011,,,,0
15403,2012,,,,0
15403,2013,,,,0
15403,2014,,,,0
15403,2015,,,,0
15403,2016,,,,0
15403,2017,,,,0
15403,2018,,,,0
15403,2019,,,,0
15403,2020,,,,0
15403,2021,,,,0
15403,2022,,,,0
15403,2023,,,,0
15403,2024,,,,0
15407,2001,,,,0
15407,2002,,,,0
15407,2003,,,,0
15407,2004,,,,0
15407,2005,,,,0
15407,2006,,,,0
15407,2007,,,,0
15407,2008,,,,0
15407,2009,,,,0
15407,2010,,,,0
15407,2011,,,,0
15407,2012,,,,0
15407,2013,,,,0
15407,2014,,,,0
15407,2015,,,,0
15407,2016,,,,0
15407,2017,,,,0
15407,2018,,,,0
15407,2019,,,,0
15407,2020,,,,0
15407,2021,,,,0
15407,2022,,,,0
15407,2023,,,,0
15407,2024,,,,0
15425,2001,,,,0
15425,2002,,,,0
15425,2003,,,,0
15425,2004,,,,0
15425,2005,,,,0
15425,2006,,,,0
15425,2007,,,,0
15425,2008,,,,0
15425,2009,,,,0
15425,2010,,,,0
15425,2011,,,,0
15425,2012,,,,0
15425,2013,,,,0
15425,2014,,,,0
15425,2015,,,,0
15425,2016,,,,0
15425,2017,,,,0
15425,2018,,,,0
15425,2019,,,,0
15425,2020,,,,0
15425,2021,,,,0
15425,2022,,,,0
15425,2023,,,,0
15425,2024,,,,0
15442,2001,,,,0
15442,2002,,,,0
15442,2003,,,,0
15442,2004,,,,0
15442,2005,,,,0
15442,2006,,,,0
15442,2007,,,,0
15442,2008,,,,0
15442,2009,,,,0
15442,2010,,,,0
15442,2011,,,,0
15442,2012,,,,0
15442,2013,,,,0
15442,2014,,,,0
15442,2015,,,,0
15442,2016,,,,0
15442,2017,,,,0
15442,2018,,,,0
15442,2019,,,,0
15442,2020,,,,0
15442,2021,,,,0
15442,2022,,,,0
15442,2023,,,,0
15442,2024,,,,0
15455,2001,,,,0
15455,2002,,,,0
15455,2003,,,,0
15455,2004,,,,0
15455,2005,,,,0
15455,2006,,,,0
15455,2007,,,,0
15455,2008,,,,0
15455,2009,,,,0
15455,2010,,,,0
15455,2011,,,,0
15455,2012,,,,0
15455,2013,,,,0
15455,2014,,,,0
15455,2015,,,,0
15455,2016,,,,0
15455,2017,,,,0
15455,2018,,,,0
15455,2019,,,,0
15455,2020,,,,0
15455,2021,,,,0
15455,2022,,,,0
15455,2023,,,,0
15455,2024,,,,0
15464,2001,,,,0
15464,2002,,,,0
15464,2003,,,,0
15464,2004,,,,0
15464,2005,,,,0
15464,2006,,,,0
15464,2007,,,,0
15464,2008,,,,0
15464,2009,,,,0
15464,2010,,,,0
15464,2011,,,,0
15464,2012,,,,0
15464,2013,,,,0
15464,2014,,,,0
15464,2015,,,,0
15464,2016,,,,0
15464,2017,,,,0
15464,2018,,,,0
15464,2019,,,,0
15464,2020,,,,0
15464,2021,,,,0
15464,2022,,,,0
15464,2023,,,,0
15464,2024,,,,0
15466,2001,,,,0
15466,2002,,,,0
15466,2003,,,,0
15466,2004,,,,0
15466,2005,,,,0
15466,2006,,,,0
15466,2007,,,,0
15466,2008,,,,0
15466,2009,,,,0
15466,2010,,,,0
15466,2011,,,,0
15466,2012,,,,0
15466,2013,,,,0
15466,2014,,,,0
15466,2015,,,,0
15466,2016,,,,0
15466,2017,,,,0
15466,2018,,,,0
15466,2019,,,,0
15466,2020,,,,0
15466,2021,,,,0
15466,2022,,,,0
15466,2023,,,,0
15466,2024,,,,0
15469,2001,,,,0
15469,2002,,,,0
15469,2003,,,,0
15469,2004,,,,0
15469,2005,,,,0
15469,2006,,,,0
15469,2007,,,,0
15469,2008,,,,0
15469,2009,,,,0
15469,2010,,,,0
15469,2011,,,,0
15469,2012,,,,0
15469,2013,,,,0
15469,2014,,,,0
15469,2015,,,,0
15469,2016,,,,0
15469,2017,,,,0
15469,2018,,,,0
15469,2019,,,,0
15469,2020,,,,0
15469,2021,,,,0
15469,2022,,,,0
15469,2023,,,,0
15469,2024,,,,0
15476,2001,,,,0
15476,2002,,,,0
15476,2003,,,,0
15476,2004,,,,0
15476,2005,,,,0
15476,2006,,,,0
15476,2007,,,,0
15476,2008,,,,0
15476,2009,,,,0
15476,2010,,,,0
15476,2011,,,,0
15476,2012,,,,0
15476,2013,,,,0
15476,2014,,,,0
15476,2015,,,,0
15476,2016,,,,0
15476,2017,,,,0
15476,2018,,,,0
15476,2019,,,,0
15476,2020,,,,0
15476,2021,,,,0
15476,2022,,,,0
15476,2023,,,,0
15476,2024,,,,0
15480,2001,,,,0
15480,2002,,,,0
15480,2003,,,,0
15480,2004,,,,0
15480,2005,,,,0
15480,2006,,,,0
15480,2007,,,,0
15480,2008,,,,0
15480,2009,,,,0
15480,2010,,,,0
15480,2011,,,,0
15480,2012,,,,0
15480,2013,,,,0
15480,2014,,,,0
15480,2015,,,,0
15480,2016,,,,0
15480,2017,,,,0
15480,2018,,,,0
15480,2019,,,,0
15480,2020,,,,0
15480,2021,,,,0
15480,2022,,,,0
15480,2023,,,,0
15480,2024,,,,0
15491,2001,,,,0
15491,2002,,,,0
15491,2003,,,,0
15491,2004,,,,0
15491,2005,,,,0
15491,2006,,,,0
15491,2007,,,,0
15491,2008,,,,0
15491,2009,,,,0
15491,2010,,,,0
15491,2011,,,,0
15491,2012,,,,0
15491,2013,,,,0
15491,2014,,,,0
15491,2015,,,,0
15491,2016,,,,0
15491,2017,,,,0
15491,2018,,,,0
15491,2019,,,,0
15491,2020,,,,0
15491,2021,,,,0
15491,2022,,,,0
15491,2023,,,,0
15491,2024,,,,0
15494,2001,,,,0
15494,2002,,,,0
15494,2003,,,,0
15494,2004,,,,0
15494,2005,,,,0
15494,2006,,,,0
15494,2007,,,,0
15494,2008,,,,0
15494,2009,,,,0
15494,2010,,,,0
15494,2011,,,,0
15494,2012,,,,0
15494,2013,,,,0
15494,2014,,,,0
15494,2015,,,,0
15494,2016,,,,0
15494,2017,,,,0
15494,2018,,,,0
15494,2019,,,,0
15494,2020,,,,0
15494,2021,,,,0
15494,2022,,,,0
15494,2023,,,,0
15494,2024,,,,0
15500,2001,,,,0
15500,2002,,,,0
15500,2003,,,,0
15500,2004,,,,0
15500,2005,,,,0
15500,2006,,,,0
15500,2007,,,,0
15500,2008,,,,0
15500,2009,,,,0
15500,2010,,,,0
15500,2011,,,,0
15500,2012,,,,0
15500,2013,,,,0
15500,2014,,,,0
15500,2015,,,,0
15500,2016,,,,0
15500,2017,,,,0
15500,2018,,,,0
15500,2019,,,,0
15500,2020,,,,0
15500,2021,,,,0
15500,2022,,,,0
15500,2023,,,,0
15500,2024,,,,0
15507,2001,,,,0
15507,2002,,,,0
15507,2003,,,,0
15507,2004,,,,0
15507,2005,,,,0
15507,2006,,,,0
15507,2007,,,,0
15507,2008,,,,0
15507,2009,,,,0
15507,2010,,,,0
15507,2011,,,,0
15507,2012,,,,0
15507,2013,,,,0
15507,2014,,,,0
15507,2015,,,,0
15507,2016,,,,0
15507,2017,,,,0
15507,2018,,,,0
15507,2019,,,,0
15507,2020,,,,0
15507,2021,,,,0
15507,2022,,,,0
15507,2023,,,,0
15507,2024,,,,0
15511,2001,,,,0
15511,2002,,,,0
15511,2003,,,,0
15511,2004,,,,0
15511,2005,,,,0
15511,2006,,,,0
15511,2007,,,,0
15511,2008,,,,0
15511,2009,,,,0
15511,2010,,,,0
15511,2011,,,,0
15511,2012,,,,0
15511,2013,,,,0
15511,2014,,,,0
15511,2015,,,,0
15511,2016,,,,0
15511,2017,,,,0
15511,2018,,,,0
15511,2019,,,,0
15511,2020,,,,0
15511,2021,,,,0
15511,2022,,,,0
15511,2023,,,,0
15511,2024,,,,0
15514,2001,,,,0
15514,2002,,,,0
15514,2003,,,,0
15514,2004,,,,0
15514,2005,,,,0
15514,2006,,,,0
15514,2007,,,,0
15514,2008,,,,0
15514,2009,,,,0
15514,2010,,,,0
15514,2011,,,,0
15514,2012,,,,0
15514,2013,,,,0
15514,2014,,,,0
15514,2015,,,,0
15514,2016,,,,0
15514,2017,,,,0
15514,2018,,,,0
15514,2019,,,,0
15514,2020,,,,0
15514,2021,,,,0
15514,2022,,,,0
15514,2023,,,,0
15514,2024,,,,0
15516,2001,,,,0
15516,2002,,,,0
15516,2003,,,,0
15516,2004,,,,0
15516,2005,,,,0
15516,2006,,,,0
15516,2007,,,,0
15516,2008,,,,0
15516,2009,,,,0
15516,2010,,,,0
15516,2011,,,,0
15516,2012,,,,0
15516,2013,,,,0
15516,2014,,,,0
15516,2015,,,,0
15516,2016,,,,0
15516,2017,,,,0
15516,2018,,,,0
15516,2019,,,,0
15516,2020,,,,0
15516,2021,,,,0
15516,2022,,,,0
15516,2023,,,,0
15516,2024,,,,0
15518,2001,,,,0
15518,2002,,,,0
15518,2003,,,,0
15518,2004,,,,0
15518,2005,,,,0
15518,2006,,,,0
15518,2007,,,,0
15518,2008,,,,0
15518,2009,,,,0
15518,2010,,,,0
15518,2011,,,,0
15518,2012,,,,0
15518,2013,,,,0
15518,2014,,,,0
15518,2015,,,,0
15518,2016,,,,0
15518,2017,,,,0
15518,2018,,,,0
15518,2019,,,,0
15518,2020,,,,0
15518,2021,,,,0
15518,2022,,,,0
15518,2023,,,,0
15518,2024,,,,0
15522,2001,,,,0
15522,2002,,,,0
15522,2003,,,,0
15522,2004,,,,0
15522,2005,,,,0
15522,2006,,,,0
15522,2007,,,,0
15522,2008,,,,0
15522,2009,,,,0
15522,2010,,,,0
15522,2011,,,,0
15522,2012,,,,0
15522,2013,,,,0
15522,2014,,,,0
15522,2015,,,,0
15522,2016,,,,0
15522,2017,,,,0
15522,2018,,,,0
15522,2019,,,,0
15522,2020,,,,0
15522,2021,,,,0
15522,2022,,,,0
15522,2023,,,,0
15522,2024,,,,0
15531,2001,,,,0
15531,2002,,,,0
15531,2003,,,,0
15531,2004,,,,0
15531,2005,,,,0
15531,2006,,,,0
15531,2007,,,,0
15531,2008,,,,0
15531,2009,,,,0
15531,2010,,,,0
15531,2011,,,,0
15531,2012,,,,0
15531,2013,,,,0
15531,2014,,,,0
15531,2015,,,,0
15531,2016,,,,0
15531,2017,,,,0
15531,2018,,,,0
15531,2019,,,,0
15531,2020,,,,0
15531,2021,,,,0
15531,2022,,,,0
15531,2023,,,,0
15531,2024,,,,0
15533,2001,,,,0
15533,2002,,,,0
15533,2003,,,,0
15533,2004,,,,0
15533,2005,,,,0
15533,2006,,,,0
15533,2007,,,,0
15533,2008,,,,0
15533,2009,,,,0
15533,2010,,,,0
15533,2011,,,,0
15533,2012,,,,0
15533,2013,,,,0
15533,2014,,,,0
15533,2015,,,,0
15533,2016,,,,0
15533,2017,,,,0
15533,2018,,,,0
15533,2019,,,,0
15533,2020,,,,0
15533,2021,,,,0
15533,2022,,,,0
15533,2023,,,,0
15533,2024,,,,0
15537,2001,,,,0
15537,2002,,,,0
15537,2003,,,,0
15537,2004,,,,0
15537,2005,,,,0
15537,2006,,,,0
15537,2007,,,,0
15537,2008,,,,0
15537,2009,,,,0
15537,2010,,,,0
15537,2011,,,,0
15537,2012,,,,0
15537,2013,,,,0
15537,2014,,,,0
15537,2015,,,,0
15537,2016,,,,0
15537,2017,,,,0
15537,2018,,,,0
15537,2019,,,,0
15537,2020,,,,0
15537,2021,,,,0
15537,2022,,,,0
15537,2023,,,,0
15537,2024,,,,0
15542,2001,,,,0
15542,2002,,,,0
15542,2003,,,,0
15542,2004,,,,0
15542,2005,,,,0
15542,2006,,,,0
15542,2007,,,,0
15542,2008,,,,0
15542,2009,,,,0
15542,2010,,,,0
15542,2011,,,,0
15542,2012,,,,0
15542,2013,,,,0
15542,2014,,,,0
15542,2015,,,,0
15542,2016,,,,0
15542,2017,,,,0
15542,2018,,,,0
15542,2019,,,,0
15542,2020,,,,0
15542,2021,,,,0
15542,2022,,,,0
15542,2023,,,,0
15542,2024,,,,0
15550,2001,,,,0
15550,2002,,,,0
15550,2003,,,,0
15550,2004,,,,0
15550,2005,,,,0
15550,2006,,,,0
15550,2007,,,,0
15550,2008,,,,0
15550,2009,,,,0
15550,2010,,,,0
15550,2011,,,,0
15550,2012,,,,0
15550,2013,,,,0
15550,2014,,,,0
15550,2015,,,,0
15550,2016,,,,0
15550,2017,,,,0
15550,2018,,,,0
15550,2019,,,,0
15550,2020,,,,0
15550,2021,,,,0
15550,2022,,,,0
15550,2023,,,,0
15550,2024,,,,0
15572,2001,,,,0
15572,2002,,,,0
15572,2003,,,,0
15572,2004,,,,0
15572,2005,,,,0
15572,2006,,,,0
15572,2007,,,,0
15572,2008,,,,0
15572,2009,,,,0
15572,2010,,,,0
15572,2011,,,,0
15572,2012,,,,0
15572,2013,,,,0
15572,2014,,,,0
15572,2015,,,,0
15572,2016,,,,0
15572,2017,,,,0
15572,2018,,,,0
15572,2019,,,,0
15572,2020,,,,0
15572,2021,,,,0
15572,2022,,,,0
15572,2023,,,,0
15572,2024,,,,0
15580,2001,,,,0
15580,2002,,,,0
15580,2003,,,,0
15580,2004,,,,0
15580,2005,,,,0
15580,2006,,,,0
15580,2007,,,,0
15580,2008,,,,0
15580,2009,,,,0
15580,2010,,,,0
15580,2011,,,,0
15580,2012,,,,0
15580,2013,,,,0
15580,2014,,,,0
15580,2015,,,,0
15580,2016,,,,0
15580,2017,,,,0
15580,2018,,,,0
15580,2019,,,,0
15580,2020,,,,0
15580,2021,,,,0
15580,2022,,,,0
15580,2023,,,,0
15580,2024,,,,0
15599,2001,,,,0
15599,2002,,,,0
15599,2003,,,,0
15599,2004,,,,0
15599,2005,,,,0
15599,2006,,,,0
15599,2007,,,,0
15599,2008,,,,0
15599,2009,,,,0
15599,2010,,,,0
15599,2011,,,,0
15599,2012,,,,0
15599,2013,,,,0
15599,2014,,,,0
15599,2015,,,,0
15599,2016,,,,0
15599,2017,,,,0
15599,2018,,,,0
15599,2019,,,,0
15599,2020,,,,0
15599,2021,,,,0
15599,2022,,,,0
15599,2023,,,,0
15599,2024,,,,0
15600,2001,,,,0
15600,2002,,,,0
15600,2003,,,,0
15600,2004,,,,0
15600,2005,,,,0
15600,2006,,,,0
15600,2007,,,,0
15600,2008,,,,0
15600,2009,,,,0
15600,2010,,,,0
15600,2011,,,,0
15600,2012,,,,0
15600,2013,,,,0
15600,2014,,,,0
15600,2015,,,,0
15600,2016,,,,0
15600,2017,,,,0
15600,2018,,,,0
15600,2019,,,,0
15600,2020,,,,0
15600,2021,,,,0
15600,2022,,,,0
15600,2023,,,,0
15600,2024,,,,0
15621,2001,,,,0
15621,2002,,,,0
15621,2003,,,,0
15621,2004,,,,0
15621,2005,,,,0
15621,2006,,,,0
15621,2007,,,,0
15621,2008,,,,0
15621,2009,,,,0
15621,2010,,,,0
15621,2011,,,,0
15621,2012,,,,0
15621,2013,,,,0
15621,2014,,,,0
15621,2015,,,,0
15621,2016,,,,0
15621,2017,,,,0
15621,2018,,,,0
15621,2019,,,,0
15621,2020,,,,0
15621,2021,,,,0
15621,2022,,,,0
15621,2023,,,,0
15621,2024,,,,0
15632,2001,,,,0
15632,2002,,,,0
15632,2003,,,,0
15632,2004,,,,0
15632,2005,,,,0
15632,2006,,,,0
15632,2007,,,,0
15632,2008,,,,0
15632,2009,,,,0
15632,2010,,,,0
15632,2011,,,,0
15632,2012,,,,0
15632,2013,,,,0
15632,2014,,,,0
15632,2015,,,,0
15632,2016,,,,0
15632,2017,,,,0
15632,2018,,,,0
15632,2019,,,,0
15632,2020,,,,0
15632,2021,,,,0
15632,2022,,,,0
15632,2023,,,,0
15632,2024,,,,0
15638,2001,,,,0
15638,2002,,,,0
15638,2003,,,,0
15638,2004,,,,0
15638,2005,,,,0
15638,2006,,,,0
15638,2007,,,,0
15638,2008,,,,0
15638,2009,,,,0
15638,2010,,,,0
15638,2011,,,,0
15638,2012,,,,0
15638,2013,,,,0
15638,2014,,,,0
15638,2015,,,,0
15638,2016,,,,0
15638,2017,,,,0
15638,2018,,,,0
15638,2019,,,,0
15638,2020,,,,0
15638,2021,,,,0
15638,2022,,,,0
15638,2023,,,,0
15638,2024,,,,0
15646,2001,,,,0
15646,2002,,,,0
15646,2003,,,,0
15646,2004,,,,0
15646,2005,,,,0
15646,2006,,,,0
15646,2007,,,,0
15646,2008,,,,0
15646,2009,,,,0
15646,2010,,,,0
15646,2011,,,,0
15646,2012,,,,0
15646,2013,,,,0
15646,2014,,,,0
15646,2015,,,,0
15646,2016,,,,0
15646,2017,,,,0
15646,2018,,,,0
15646,2019,,,,0
15646,2020,,,,0
15646,2021,,,,0
15646,2022,,,,0
15646,2023,,,,0
15646,2024,,,,0
15660,2001,,,,0
15660,2002,,,,0
15660,2003,,,,0
15660,2004,,,,0
15660,2005,,,,0
15660,2006,,,,0
15660,2007,,,,0
15660,2008,,,,0
15660,2009,,,,0
15660,2010,,,,0
15660,2011,,,,0
15660,2012,,,,0
15660,2013,,,,0
15660,2014,,,,0
15660,2015,,,,0
15660,2016,,,,0
15660,2017,,,,0
15660,2018,,,,0
15660,2019,,,,0
15660,2020,,,,0
15660,2021,,,,0
15660,2022,,,,0
15660,2023,,,,0
15660,2024,,,,0
15664,2001,,,,0
15664,2002,,,,0
15664,2003,,,,0
15664,2004,,,,0
15664,2005,,,,0
15664,2006,,,,0
15664,2007,,,,0
15664,2008,,,,0
15664,2009,,,,0
15664,2010,,,,0
15664,2011,,,,0
15664,2012,,,,0
15664,2013,,,,0
15664,2014,,,,0
15664,2015,,,,0
15664,2016,,,,0
15664,2017,,,,0
15664,2018,,,,0
15664,2019,,,,0
15664,2020,,,,0
15664,2021,,,,0
15664,2022,,,,0
15664,2023,,,,0
15664,2024,,,,0
15667,2001,,,,0
15667,2002,,,,0
15667,2003,,,,0
15667,2004,,,,0
15667,2005,,,,0
15667,2006,,,,0
15667,2007,,,,0
15667,2008,,,,0
15667,2009,,,,0
15667,2010,,,,0
15667,2011,,,,0
15667,2012,,,,0
15667,2013,,,,0
15667,2014,,,,0
15667,2015,,,,0
15667,2016,,,,0
15667,2017,,,,0
15667,2018,,,,0
15667,2019,,,,0
15667,2020,,,,0
15667,2021,,,,0
15667,2022,,,,0
15667,2023,,,,0
15667,2024,,,,0
15673,2001,,,,0
15673,2002,,,,0
15673,2003,,,,0
15673,2004,,,,0
15673,2005,,,,0
15673,2006,,,,0
15673,2007,,,,0
15673,2008,,,,0
15673,2009,,,,0
15673,2010,,,,0
15673,2011,,,,0
15673,2012,,,,0
15673,2013,,,,0
15673,2014,,,,0
15673,2015,,,,0
15673,2016,,,,0
15673,2017,,,,0
15673,2018,,,,0
15673,2019,,,,0
15673,2020,,,,0
15673,2021,,,,0
15673,2022,,,,0
15673,2023,,,,0
15673,2024,,,,0
15676,2001,,,,0
15676,2002,,,,0
15676,2003,,,,0
15676,2004,,,,0
15676,2005,,,,0
15676,2006,,,,0
15676,2007,,,,0
15676,2008,,,,0
15676,2009,,,,0
15676,2010,,,,0
15676,2011,,,,0
15676,2012,,,,0
15676,2013,,,,0
15676,2014,,,,0
15676,2015,,,,0
15676,2016,,,,0
15676,2017,,,,0
15676,2018,,,,0
15676,2019,,,,0
15676,2020,,,,0
15676,2021,,,,0
15676,2022,,,,0
15676,2023,,,,0
15676,2024,,,,0
15681,2001,,,,0
15681,2002,,,,0
15681,2003,,,,0
15681,2004,,,,0
15681,2005,,,,0
15681,2006,,,,0
15681,2007,,,,0
15681,2008,,,,0
15681,2009,,,,0
15681,2010,,,,0
15681,2011,,,,0
15681,2012,,,,0
15681,2013,,,,0
15681,2014,,,,0
15681,2015,,,,0
15681,2016,,,,0
15681,2017,,,,0
15681,2018,,,,0
15681,2019,,,,0
15681,2020,,,,0
15681,2021,,,,0
15681,2022,,,,0
15681,2023,,,,0
15681,2024,,,,0
15686,2001,,,,0
15686,2002,,,,0
15686,2003,,,,0
15686,2004,,,,0
15686,2005,,,,0
15686,2006,,,,0
15686,2007,,,,0
15686,2008,,,,0
15686,2009,,,,0
15686,2010,,,,0
15686,2011,,,,0
15686,2012,,,,0
15686,2013,,,,0
15686,2014,,,,0
15686,2015,,,,0
15686,2016,,,,0
15686,2017,,,,0
15686,2018,,,,0
15686,2019,,,,0
15686,2020,,,,0
15686,2021,,,,0
15686,2022,,,,0
15686,2023,,,,0
15686,2024,,,,0
15690,2001,,,,0
15690,2002,,,,0
15690,2003,,,,0
15690,2004,,,,0
15690,2005,,,,0
15690,2006,,,,0
15690,2007,,,,0
15690,2008,,,,0
15690,2009,,,,0
15690,2010,,,,0
15690,2011,,,,0
15690,2012,,,,0
15690,2013,,,,0
15690,2014,,,,0
15690,2015,,,,0
15690,2016,,,,0
15690,2017,,,,0
15690,2018,,,,0
15690,2019,,,,0
15690,2020,,,,0
15690,2021,,,,0
15690,2022,,,,0
15690,2023,,,,0
15690,2024,,,,0
15693,2001,,,,0
15693,2002,,,,0
15693,2003,,,,0
15693,2004,,,,0
15693,2005,,,,0
15693,2006,,,,0
15693,2007,,,,0
15693,2008,,,,0
15693,2009,,,,0
15693,2010,,,,0
15693,2011,,,,0
15693,2012,,,,0
15693,2013,,,,0
15693,2014,,,,0
15693,2015,,,,0
15693,2016,,,,0
15693,2017,,,,0
15693,2018,,,,0
15693,2019,,,,0
15693,2020,,,,0
15693,2021,,,,0
15693,2022,,,,0
15693,2023,,,,0
15693,2024,,,,0
15696,2001,,,,0
15696,2002,,,,0
15696,2003,,,,0
15696,2004,,,,0
15696,2005,,,,0
15696,2006,,,,0
15696,2007,,,,0
15696,2008,,,,0
15696,2009,,,,0
15696,2010,,,,0
15696,2011,,,,0
15696,2012,,,,0
15696,2013,,,,0
15696,2014,,,,0
15696,2015,,,,0
15696,2016,,,,0
15696,2017,,,,0
15696,2018,,,,0
15696,2019,,,,0
15696,2020,,,,0
15696,2021,,,,0
15696,2022,,,,0
15696,2023,,,,0
15696,2024,,,,0
15720,2001,,,,0
15720,2002,,,,0
15720,2003,,,,0
15720,2004,,,,0
15720,2005,,,,0
15720,2006,,,,0
15720,2007,,,,0
15720,2008,,,,0
15720,2009,,,,0
15720,2010,,,,0
15720,2011,,,,0
15720,2012,,,,0
15720,2013,,,,0
15720,2014,,,,0
15720,2015,,,,0
15720,2016,,,,0
15720,2017,,,,0
15720,2018,,,,0
15720,2019,,,,0
15720,2020,,,,0
15720,2021,,,,0
15720,2022,,,,0
15720,2023,,,,0
15720,2024,,,,0
15723,2001,,,,0
15723,2002,,,,0
15723,2003,,,,0
15723,2004,,,,0
15723,2005,,,,0
15723,2006,,,,0
15723,2007,,,,0
15723,2008,,,,0
15723,2009,,,,0
15723,2010,,,,0
15723,2011,,,,0
15723,2012,,,,0
15723,2013,,,,0
15723,2014,,,,0
15723,2015,,,,0
15723,2016,,,,0
15723,2017,,,,0
15723,2018,,,,0
15723,2019,,,,0
15723,2020,,,,0
15723,2021,,,,0
15723,2022,,,,0
15723,2023,,,,0
15723,2024,,,,0
15740,2001,,,,0
15740,2002,,,,0
15740,2003,,,,0
15740,2004,,,,0
15740,2005,,,,0
15740,2006,,,,0
15740,2007,,,,0
15740,2008,,,,0
15740,2009,,,,0
15740,2010,,,,0
15740,2011,,,,0
15740,2012,,,,0
15740,2013,,,,0
15740,2014,,,,0
15740,2015,,,,0
15740,2016,,,,0
15740,2017,,,,0
15740,2018,,,,0
15740,2019,,,,0
15740,2020,,,,0
15740,2021,,,,0
15740,2022,,,,0
15740,2023,,,,0
15740,2024,,,,0
15753,2001,,,,0
15753,2002,,,,0
15753,2003,,,,0
15753,2004,,,,0
15753,2005,,,,0
15753,2006,,,,0
15753,2007,,,,0
15753,2008,,,,0
15753,2009,,,,0
15753,2010,,,,0
15753,2011,,,,0
15753,2012,,,,0
15753,2013,,,,0
15753,2014,,,,0
15753,2015,,,,0
15753,2016,,,,0
15753,2017,,,,0
15753,2018,,,,0
15753,2019,,,,0
15753,2020,,,,0
15753,2021,,,,0
15753,2022,,,,0
15753,2023,,,,0
15753,2024,,,,0
15755,2001,,,,0
15755,2002,,,,0
15755,2003,,,,0
15755,2004,,,,0
15755,2005,,,,0
15755,2006,,,,0
15755,2007,,,,0
15755,2008,,,,0
15755,2009,,,,0
15755,2010,,,,0
15755,2011,,,,0
15755,2012,,,,0
15755,2013,,,,0
15755,2014,,,,0
15755,2015,,,,0
15755,2016,,,,0
15755,2017,,,,0
15755,2018,,,,0
15755,2019,,,,0
15755,2020,,,,0
15755,2021,,,,0
15755,2022,,,,0
15755,2023,,,,0
15755,2024,,,,0
15757,2001,,,,0
15757,2002,,,,0
15757,2003,,,,0
15757,2004,,,,0
15757,2005,,,,0
15757,2006,,,,0
15757,2007,,,,0
15757,2008,,,,0
15757,2009,,,,0
15757,2010,,,,0
15757,2011,,,,0
15757,2012,,,,0
15757,2013,,,,0
15757,2014,,,,0
15757,2015,,,,0
15757,2016,,,,0
15757,2017,,,,0
15757,2018,,,,0
15757,2019,,,,0
15757,2020,,,,0
15757,2021,,,,0
15757,2022,,,,0
15757,2023,,,,0
15757,2024,,,,0
15759,2001,,,,0
15759,2002,,,,0
15759,2003,,,,0
15759,2004,,,,0
15759,2005,,,,0
15759,2006,,,,0
15759,2007,,,,0
15759,2008,,,,0
15759,2009,,,,0
15759,2010,,,,0
15759,2011,,,,0
15759,2012,,,,0
15759,2013,,,,0
15759,2014,,,,0
15759,2015,,,,0
15759,2016,,,,0
15759,2017,,,,0
15759,2018,,,,0
15759,2019,,,,0
15759,2020,,,,0
15759,2021,,,,0
15759,2022,,,,0
15759,2023,,,,0
15759,2024,,,,0
15761,2001,,,,0
15761,2002,,,,0
15761,2003,,,,0
15761,2004,,,,0
15761,2005,,,,0
15761,2006,,,,0
15761,2007,,,,0
15761,2008,,,,0
15761,2009,,,,0
15761,2010,,,,0
15761,2011,,,,0
15761,2012,,,,0
15761,2013,,,,0
15761,2014,,,,0
15761,2015,,,,0
15761,2016,,,,0
15761,2017,,,,0
15761,2018,,,,0
15761,2019,,,,0
15761,2020,,,,0
15761,2021,,,,0
15761,2022,,,,0
15761,2023,,,,0
15761,2024,,,,0
15762,2001,,,,0
15762,2002,,,,0
15762,2003,,,,0
15762,2004,,,,0
15762,2005,,,,0
15762,2006,,,,0
15762,2007,,,,0
15762,2008,,,,0
15762,2009,,,,0
15762,2010,,,,0
15762,2011,,,,0
15762,2012,,,,0
15762,2013,,,,0
15762,2014,,,,0
15762,2015,,,,0
15762,2016,,,,0
15762,2017,,,,0
15762,2018,,,,0
15762,2019,,,,0
15762,2020,,,,0
15762,2021,,,,0
15762,2022,,,,0
15762,2023,,,,0
15762,2024,,,,0
15763,2001,,,,0
15763,2002,,,,0
15763,2003,,,,0
15763,2004,,,,0
15763,2005,,,,0
15763,2006,,,,0
15763,2007,,,,0
15763,2008,,,,0
15763,2009,,,,0
15763,2010,,,,0
15763,2011,,,,0
15763,2012,,,,0
15763,2013,,,,0
15763,2014,,,,0
15763,2015,,,,0
15763,2016,,,,0
15763,2017,,,,0
15763,2018,,,,0
15763,2019,,,,0
15763,2020,,,,0
15763,2021,,,,0
15763,2022,,,,0
15763,2023,,,,0
15763,2024,,,,0
15764,2001,,,,0
15764,2002,,,,0
15764,2003,,,,0
15764,2004,,,,0
15764,2005,,,,0
15764,2006,,,,0
15764,2007,,,,0
15764,2008,,,,0
15764,2009,,,,0
15764,2010,,,,0
15764,2011,,,,0
15764,2012,,,,0
15764,2013,,,,0
15764,2014,,,,0
15764,2015,,,,0
15764,2016,,,,0
15764,2017,,,,0
15764,2018,,,,0
15764,2019,,,,0
15764,2020,,,,0
15764,2021,,,,0
15764,2022,,,,0
15764,2023,,,,0
15764,2024,,,,0
15774,2001,,,,0
15774,2002,,,,0
15774,2003,,,,0
15774,2004,,,,0
15774,2005,,,,0
15774,2006,,,,0
15774,2007,,,,0
15774,2008,,,,0
15774,2009,,,,0
15774,2010,,,,0
15774,2011,,,,0
15774,2012,,,,0
15774,2013,,,,0
15774,2014,,,,0
15774,2015,,,,0
15774,2016,,,,0
15774,2017,,,,0
15774,2018,,,,0
15774,2019,,,,0
15774,2020,,,,0
15774,2021,,,,0
15774,2022,,,,0
15774,2023,,,,0
15774,2024,,,,0
15776,2001,,,,0
15776,2002,,,,0
15776,2003,,,,0
15776,2004,,,,0
15776,2005,,,,0
15776,2006,,,,0
15776,2007,,,,0
15776,2008,,,,0
15776,2009,,,,0
15776,2010,,,,0
15776,2011,,,,0
15776,2012,,,,0
15776,2013,,,,0
15776,2014,,,,0
15776,2015,,,,0
15776,2016,,,,0
15776,2017,,,,0
15776,2018,,,,0
15776,2019,,,,0
15776,2020,,,,0
15776,2021,,,,0
15776,2022,,,,0
15776,2023,,,,0
15776,2024,,,,0
15778,2001,,,,0
15778,2002,,,,0
15778,2003,,,,0
15778,2004,,,,0
15778,2005,,,,0
15778,2006,,,,0
15778,2007,,,,0
15778,2008,,,,0
15778,2009,,,,0
15778,2010,,,,0
15778,2011,,,,0
15778,2012,,,,0
15778,2013,,,,0
15778,2014,,,,0
15778,2015,,,,0
15778,2016,,,,0
15778,2017,,,,0
15778,2018,,,,0
15778,2019,,,,0
15778,2020,,,,0
15778,2021,,,,0
15778,2022,,,,0
15778,2023,,,,0
15778,2024,,,,0
15790,2001,,,,0
15790,2002,,,,0
15790,2003,,,,0
15790,2004,,,,0
15790,2005,,,,0
15790,2006,,,,0
15790,2007,,,,0
15790,2008,,,,0
15790,2009,,,,0
15790,2010,,,,0
15790,2011,,,,0
15790,2012,,,,0
15790,2013,,,,0
15790,2014,,,,0
15790,2015,,,,0
15790,2016,,,,0
15790,2017,,,,0
15790,2018,,,,0
15790,2019,,,,0
15790,2020,,,,0
15790,2021,,,,0
15790,2022,,,,0
15790,2023,,,,0
15790,2024,,,,0
15798,2001,,,,0
15798,2002,,,,0
15798,2003,,,,0
15798,2004,,,,0
15798,2005,,,,0
15798,2006,,,,0
15798,2007,,,,0
15798,2008,,,,0
15798,2009,,,,0
15798,2010,,,,0
15798,2011,,,,0
15798,2012,,,,0
15798,2013,,,,0
15798,2014,,,,0
15798,2015,,,,0
15798,2016,,,,0
15798,2017,,,,0
15798,2018,,,,0
15798,2019,,,,0
15798,2020,,,,0
15798,2021,,,,0
15798,2022,,,,0
15798,2023,,,,0
15798,2024,,,,0
15804,2001,,,,0
15804,2002,,,,0
15804,2003,,,,0
15804,2004,,,,0
15804,2005,,,,0
15804,2006,,,,0
15804,2007,,,,0
15804,2008,,,,0
15804,2009,,,,0
15804,2010,,,,0
15804,2011,,,,0
15804,2012,,,,0
15804,2013,,,,0
15804,2014,,,,0
15804,2015,,,,0
15804,2016,,,,0
15804,2017,,,,0
15804,2018,,,,0
15804,2019,,,,0
15804,2020,,,,0
15804,2021,,,,0
15804,2022,,,,0
15804,2023,,,,0
15804,2024,,,,0
15806,2001,,,,0
15806,2002,,,,0
15806,2003,,,,0
15806,2004,,,,0
15806,2005,,,,0
15806,2006,,,,0
15806,2007,,,,0
15806,2008,,,,0
15806,2009,,,,0
15806,2010,,,,0
15806,2011,,,,0
15806,2012,,,,0
15806,2013,,,,0
15806,2014,,,,0
15806,2015,,,,0
15806,2016,,,,0
15806,2017,,,,0
15806,2018,,,,0
15806,2019,,,,0
15806,2020,,,,0
15806,2021,,,,0
15806,2022,,,,0
15806,2023,,,,0
15806,2024,,,,0
15808,2001,,,,0
15808,2002,,,,0
15808,2003,,,,0
15808,2004,,,,0
15808,2005,,,,0
15808,2006,,,,0
15808,2007,,,,0
15808,2008,,,,0
15808,2009,,,,0
15808,2010,,,,0
15808,2011,,,,0
15808,2012,,,,0
15808,2013,,,,0
15808,2014,,,,0
15808,2015,,,,0
15808,2016,,,,0
15808,2017,,,,0
15808,2018,,,,0
15808,2019,,,,0
15808,2020,,,,0
15808,2021,,,,0
15808,2022,,,,0
15808,2023,,,,0
15808,2024,,,,0
15810,2001,,,,0
15810,2002,,,,0
15810,2003,,,,0
15810,2004,,,,0
15810,2005,,,,0
15810,2006,,,,0
15810,2007,,,,0
15810,2008,,,,0
15810,2009,,,,0
15810,2010,,,,0
15810,2011,,,,0
15810,2012,,,,0
15810,2013,,,,0
15810,2014,,,,0
15810,2015,,,,0
15810,2016,,,,0
15810,2017,,,,0
15810,2018,,,,0
15810,2019,,,,0
15810,2020,,,,0
15810,2021,,,,0
15810,2022,,,,0
15810,2023,,,,0
15810,2024,,,,0
15814,2001,,,,0
15814,2002,,,,0
15814,2003,,,,0
15814,2004,,,,0
15814,2005,,,,0
15814,2006,,,,0
15814,2007,,,,0
15814,2008,,,,0
15814,2009,,,,0
15814,2010,,,,0
15814,2011,,,,0
15814,2012,,,,0
15814,2013,,,,0
15814,2014,,,,0
15814,2015,,,,0
15814,2016,,,,0
15814,2017,,,,0
15814,2018,,,,0
15814,2019,,,,0
15814,2020,,,,0
15814,2021,,,,0
15814,2022,,,,0
15814,2023,,,,0
15814,2024,,,,0
15816,2001,,,,0
15816,2002,,,,0
15816,2003,,,,0
15816,2004,,,,0
15816,2005,,,,0
15816,2006,,,,0
15816,2007,,,,0
15816,2008,,,,0
15816,2009,,,,0
15816,2010,,,,0
15816,2011,,,,0
15816,2012,,,,0
15816,2013,,,,0
15816,2014,,,,0
15816,2015,,,,0
15816,2016,,,,0
15816,2017,,,,0
15816,2018,,,,0
15816,2019,,,,0
15816,2020,,,,0
15816,2021,,,,0
15816,2022,,,,0
15816,2023,,,,0
15816,2024,,,,0
15820,2001,,,,0
15820,2002,,,,0
15820,2003,,,,0
15820,2004,,,,0
15820,2005,,,,0
15820,2006,,,,0
15820,2007,,,,0
15820,2008,,,,0
15820,2009,,,,0
15820,2010,,,,0
15820,2011,,,,0
15820,2012,,,,0
15820,2013,,,,0
15820,2014,,,,0
15820,2015,,,,0
15820,2016,,,,0
15820,2017,,,,0
15820,2018,,,,0
15820,2019,,,,0
15820,2020,,,,0
15820,2021,,,,0
15820,2022,,,,0
15820,2023,,,,0
15820,2024,,,,0
15822,2001,,,,0
15822,2002,,,,0
15822,2003,,,,0
15822,2004,,,,0
15822,2005,,,,0
15822,2006,,,,0
15822,2007,,,,0
15822,2008,,,,0
15822,2009,,,,0
15822,2010,,,,0
15822,2011,,,,0
15822,2012,,,,0
15822,2013,,,,0
15822,2014,,,,0
15822,2015,,,,0
15822,2016,,,,0
15822,2017,,,,0
15822,2018,,,,0
15822,2019,,,,0
15822,2020,,,,0
15822,2021,,,,0
15822,2022,,,,0
15822,2023,,,,0
15822,2024,,,,0
15832,2001,,,,0
15832,2002,,,,0
15832,2003,,,,0
15832,2004,,,,0
15832,2005,,,,0
15832,2006,,,,0
15832,2007,,,,0
15832,2008,,,,0
15832,2009,,,,0
15832,2010,,,,0
15832,2011,,,,0
15832,2012,,,,0
15832,2013,,,,0
15832,2014,,,,0
15832,2015,,,,0
15832,2016,,,,0
15832,2017,,,,0
15832,2018,,,,0
15832,2019,,,,0
15832,2020,,,,0
15832,2021,,,,0
15832,2022,,,,0
15832,2023,,,,0
15832,2024,,,,0
15835,2001,,,,0
15835,2002,,,,0
15835,2003,,,,0
15835,2004,,,,0
15835,2005,,,,0
15835,2006,,,,0
15835,2007,,,,0
15835,2008,,,,0
15835,2009,,,,0
15835,2010,,,,0
15835,2011,,,,0
15835,2012,,,,0
15835,2013,,,,0
15835,2014,,,,0
15835,2015,,,,0
15835,2016,,,,0
15835,2017,,,,0
15835,2018,,,,0
15835,2019,,,,0
15835,2020,,,,0
15835,2021,,,,0
15835,2022,,,,0
15835,2023,,,,0
15835,2024,,,,0
15837,2001,,,,0
15837,2002,,,,0
15837,2003,,,,0
15837,2004,,,,0
15837,2005,,,,0
15837,2006,,,,0
15837,2007,,,,0
15837,2008,,,,0
15837,2009,,,,0
15837,2010,,,,0
15837,2011,,,,0
15837,2012,,,,0
15837,2013,,,,0
15837,2014,,,,0
15837,2015,,,,0
15837,2016,,,,0
15837,2017,,,,0
15837,2018,,,,0
15837,2019,,,,0
15837,2020,,,,0
15837,2021,,,,0
15837,2022,,,,0
15837,2023,,,,0
15837,2024,,,,0
15839,2001,,,,0
15839,2002,,,,0
15839,2003,,,,0
15839,2004,,,,0
15839,2005,,,,0
15839,2006,,,,0
15839,2007,,,,0
15839,2008,,,,0
15839,2009,,,,0
15839,2010,,,,0
15839,2011,,,,0
15839,2012,,,,0
15839,2013,,,,0
15839,2014,,,,0
15839,2015,,,,0
15839,2016,,,,0
15839,2017,,,,0
15839,2018,,,,0
15839,2019,,,,0
15839,2020,,,,0
15839,2021,,,,0
15839,2022,,,,0
15839,2023,,,,0
15839,2024,,,,0
15842,2001,,,,0
15842,2002,,,,0
15842,2003,,,,0
15842,2004,,,,0
15842,2005,,,,0
15842,2006,,,,0
15842,2007,,,,0
15842,2008,,,,0
15842,2009,,,,0
15842,2010,,,,0
15842,2011,,,,0
15842,2012,,,,0
15842,2013,,,,0
15842,2014,,,,0
15842,2015,,,,0
15842,2016,,,,0
15842,2017,,,,0
15842,2018,,,,0
15842,2019,,,,0
15842,2020,,,,0
15842,2021,,,,0
15842,2022,,,,0
15842,2023,,,,0
15842,2024,,,,0
15861,2001,,,,0
15861,2002,,,,0
15861,2003,,,,0
15861,2004,,,,0
15861,2005,,,,0
15861,2006,,,,0
15861,2007,,,,0
15861,2008,,,,0
15861,2009,,,,0
15861,2010,,,,0
15861,2011,,,,0
15861,2012,,,,0
15861,2013,,,,0
15861,2014,,,,0
15861,2015,,,,0
15861,2016,,,,0
15861,2017,,,,0
15861,2018,,,,0
15861,2019,,,,0
15861,2020,,,,0
15861,2021,,,,0
15861,2022,,,,0
15861,2023,,,,0
15861,2024,,,,0
15879,2001,,,,0
15879,2002,,,,0
15879,2003,,,,0
15879,2004,,,,0
15879,2005,,,,0
15879,2006,,,,0
15879,2007,,,,0
15879,2008,,,,0
15879,2009,,,,0
15879,2010,,,,0
15879,2011,,,,0
15879,2012,,,,0
15879,2013,,,,0
15879,2014,,,,0
15879,2015,,,,0
15879,2016,,,,0
15879,2017,,,,0
15879,2018,,,,0
15879,2019,,,,0
15879,2020,,,,0
15879,2021,,,,0
15879,2022,,,,0
15879,2023,,,,0
15879,2024,,,,0
15897,2001,,,,0
15897,2002,,,,0
15897,2003,,,,0
15897,2004,,,,0
15897,2005,,,,0
15897,2006,,,,0
15897,2007,,,,0
15897,2008,,,,0
15897,2009,,,,0
15897,2010,,,,0
15897,2011,,,,0
15897,2012,,,,0
15897,2013,,,,0
15897,2014,,,,0
15897,2015,,,,0
15897,2016,,,,0
15897,2017,,,,0
15897,2018,,,,0
15897,2019,,,,0
15897,2020,,,,0
15897,2021,,,,0
15897,2022,,,,0
15897,2023,,,,0
15897,2024,,,,0
17001,2001,,,,0
17001,2002,,,,0
17001,2003,,,,0
17001,2004,,,,0
17001,2005,,,,0
17001,2006,,,,0
17001,2007,,,,0
17001,2008,,,,0
17001,2009,,,,0
17001,2010,,,,0
17001,2011,,,,0
17001,2012,,,,0
17001,2013,,,,0
17001,2014,,,,0
17001,2015,,,,0
17001,2016,,,,0
17001,2017,,,,0
17001,2018,,,,0
17001,2019,,,,0
17001,2020,,,,0
17001,2021,,,,0
17001,2022,,,,0
17001,2023,,,,0
17001,2024,,,,0
17013,2001,,,,0
17013,2002,,,,0
17013,2003,,,,0
17013,2004,,,,0
17013,2005,,,,0
17013,2006,,,,0
17013,2007,,,,0
17013,2008,,,,0
17013,2009,,,,0
17013,2010,,,,0
17013,2011,,,,0
17013,2012,,,,0
17013,2013,,,,0
17013,2014,,,,0
17013,2015,,,,0
17013,2016,,,,0
17013,2017,,,,0
17013,2018,,,,0
17013,2019,,,,0
17013,2020,,,,0
17013,2021,,,,0
17013,2022,,,,0
17013,2023,,,,0
17013,2024,,,,0
17042,2001,,,,0
17042,2002,,,,0
17042,2003,,,,0
17042,2004,,,,0
17042,2005,,,,0
17042,2006,,,,0
17042,2007,,,,0
17042,2008,,,,0
17042,2009,,,,0
17042,2010,,,,0
17042,2011,,,,0
17042,2012,,,,0
17042,2013,,,,0
17042,2014,,,,0
17042,2015,,,,0
17042,2016,,,,0
17042,2017,,,,0
17042,2018,,,,0
17042,2019,,,,0
17042,2020,,,,0
17042,2021,,,,0
17042,2022,,,,0
17042,2023,,,,0
17042,2024,,,,0
17050,2001,,,,0
17050,2002,,,,0
17050,2003,,,,0
17050,2004,,,,0
17050,2005,,,,0
17050,2006,,,,0
17050,2007,,,,0
17050,2008,,,,0
17050,2009,,,,0
17050,2010,,,,0
17050,2011,,,,0
17050,2012,,,,0
17050,2013,,,,0
17050,2014,,,,0
17050,2015,,,,0
17050,2016,,,,0
17050,2017,,,,0
17050,2018,,,,0
17050,2019,,,,0
17050,2020,,,,0
17050,2021,,,,0
17050,2022,,,,0
17050,2023,,,,0
17050,2024,,,,0
17088,2001,,,,0
17088,2002,,,,0
17088,2003,,,,0
17088,2004,,,,0
17088,2005,,,,0
17088,2006,,,,0
17088,2007,,,,0
17088,2008,,,,0
17088,2009,,,,0
17088,2010,,,,0
17088,2011,,,,0
17088,2012,,,,0
17088,2013,,,,0
17088,2014,,,,0
17088,2015,,,,0
17088,2016,,,,0
17088,2017,,,,0
17088,2018,,,,0
17088,2019,,,,0
17088,2020,,,,0
17088,2021,,,,0
17088,2022,,,,0
17088,2023,,,,0
17088,2024,,,,0
17174,2001,,,,0
17174,2002,,,,0
17174,2003,,,,0
17174,2004,,,,0
17174,2005,,,,0
17174,2006,,,,0
17174,2007,,,,0
17174,2008,,,,0
17174,2009,,,,0
17174,2010,,,,0
17174,2011,,,,0
17174,2012,,,,0
17174,2013,,,,0
17174,2014,,,,0
17174,2015,,,,0
17174,2016,,,,0
17174,2017,,,,0
17174,2018,,,,0
17174,2019,,,,0
17174,2020,,,,0
17174,2021,,,,0
17174,2022,,,,0
17174,2023,,,,0
17174,2024,,,,0
17272,2001,,,,0
17272,2002,,,,0
17272,2003,,,,0
17272,2004,,,,0
17272,2005,,,,0
17272,2006,,,,0
17272,2007,,,,0
17272,2008,,,,0
17272,2009,,,,0
17272,2010,,,,0
17272,2011,,,,0
17272,2012,,,,0
17272,2013,,,,0
17272,2014,,,,0
17272,2015,,,,0
17272,2016,,,,0
17272,2017,,,,0
17272,2018,,,,0
17272,2019,,,,0
17272,2020,,,,0
17272,2021,,,,0
17272,2022,,,,0
17272,2023,,,,0
17272,2024,,,,0
17380,2001,,,,0
17380,2002,,,,0
17380,2003,,,,0
17380,2004,,,,0
17380,2005,,,,0
17380,2006,,,,0
17380,2007,,,,0
17380,2008,,,,0
17380,2009,,,,0
17380,2010,,,,0
17380,2011,,,,0
17380,2012,,,,0
17380,2013,,,,0
17380,2014,,,,0
17380,2015,,,,0
17380,2016,,,,0
17380,2017,,,,0
17380,2018,,,,0
17380,2019,,,,0
17380,2020,,,,0
17380,2021,,,,0
17380,2022,,,,0
17380,2023,,,,0
17380,2024,,,,0
17388,2001,,,,0
17388,2002,,,,0
17388,2003,,,,0
17388,2004,,,,0
17388,2005,,,,0
17388,2006,,,,0
17388,2007,,,,0
17388,2008,,,,0
17388,2009,,,,0
17388,2010,,,,0
17388,2011,,,,0
17388,2012,,,,0
17388,2013,,,,0
17388,2014,,,,0
17388,2015,,,,0
17388,2016,,,,0
17388,2017,,,,0
17388,2018,,,,0
17388,2019,,,,0
17388,2020,,,,0
17388,2021,,,,0
17388,2022,,,,0
17388,2023,,,,0
17388,2024,,,,0
17433,2001,,,,0
17433,2002,,,,0
17433,2003,,,,0
17433,2004,,,,0
17433,2005,,,,0
17433,2006,,,,0
17433,2007,,,,0
17433,2008,,,,0
17433,2009,,,,0
17433,2010,,,,0
17433,2011,,,,0
17433,2012,,,,0
17433,2013,,,,0
17433,2014,,,,0
17433,2015,,,,0
17433,2016,,,,0
17433,2017,,,,0
17433,2018,,,,0
17433,2019,,,,0
17433,2020,,,,0
17433,2021,,,,0
17433,2022,,,,0
17433,2023,,,,0
17433,2024,,,,0
17442,2001,,,,0
17442,2002,,,,0
17442,2003,,,,0
17442,2004,,,,0
17442,2005,,,,0
17442,2006,,,,0
17442,2007,,,,0
17442,2008,,,,0
17442,2009,,,,0
17442,2010,,,,0
17442,2011,,,,0
17442,2012,,,,0
17442,2013,,,,0
17442,2014,,,,0
17442,2015,,,,0
17442,2016,,,,0
17442,2017,,,,0
17442,2018,,,,0
17442,2019,,,,0
17442,2020,,,,0
17442,2021,,,,0
17442,2022,,,,0
17442,2023,,,,0
17442,2024,,,,0
17444,2001,,,,0
17444,2002,,,,0
17444,2003,,,,0
17444,2004,,,,0
17444,2005,,,,0
17444,2006,,,,0
17444,2007,,,,0
17444,2008,,,,0
17444,2009,,,,0
17444,2010,,,,0
17444,2011,,,,0
17444,2012,,,,0
17444,2013,,,,0
17444,2014,,,,0
17444,2015,,,,0
17444,2016,,,,0
17444,2017,,,,0
17444,2018,,,,0
17444,2019,,,,0
17444,2020,,,,0
17444,2021,,,,0
17444,2022,,,,0
17444,2023,,,,0
17444,2024,,,,0
17446,2001,,,,0
17446,2002,,,,0
17446,2003,,,,0
17446,2004,,,,0
17446,2005,,,,0
17446,2006,,,,0
17446,2007,,,,0
17446,2008,,,,0
17446,2009,,,,0
17446,2010,,,,0
17446,2011,,,,0
17446,2012,,,,0
17446,2013,,,,0
17446,2014,,,,0
17446,2015,,,,0
17446,2016,,,,0
17446,2017,,,,0
17446,2018,,,,0
17446,2019,,,,0
17446,2020,,,,0
17446,2021,,,,0
17446,2022,,,,0
17446,2023,,,,0
17446,2024,,,,0
17486,2001,,,,0
17486,2002,,,,0
17486,2003,,,,0
17486,2004,,,,0
17486,2005,,,,0
17486,2006,,,,0
17486,2007,,,,0
17486,2008,,,,0
17486,2009,,,,0
17486,2010,,,,0
17486,2011,,,,0
17486,2012,,,,0
17486,2013,,,,0
17486,2014,,,,0
17486,2015,,,,0
17486,2016,,,,0
17486,2017,,,,0
17486,2018,,,,0
17486,2019,,,,0
17486,2020,,,,0
17486,2021,,,,0
17486,2022,,,,0
17486,2023,,,,0
17486,2024,,,,0
17495,2001,,,,0
17495,2002,,,,0
17495,2003,,,,0
17495,2004,,,,0
17495,2005,,,,0
17495,2006,,,,0
17495,2007,,,,0
17495,2008,,,,0
17495,2009,,,,0
17495,2010,,,,0
17495,2011,,,,0
17495,2012,,,,0
17495,2013,,,,0
17495,2014,,,,0
17495,2015,,,,0
17495,2016,,,,0
17495,2017,,,,0
17495,2018,,,,0
17495,2019,,,,0
17495,2020,,,,0
17495,2021,,,,0
17495,2022,,,,0
17495,2023,,,,0
17495,2024,,,,0
17513,2001,,,,0
17513,2002,,,,0
17513,2003,,,,0
17513,2004,,,,0
17513,2005,,,,0
17513,2006,,,,0
17513,2007,,,,0
17513,2008,,,,0
17513,2009,,,,0
17513,2010,,,,0
17513,2011,,,,0
17513,2012,,,,0
17513,2013,,,,0
17513,2014,,,,0
17513,2015,,,,0
17513,2016,,,,0
17513,2017,,,,0
17513,2018,,,,0
17513,2019,,,,0
17513,2020,,,,0
17513,2021,,,,0
17513,2022,,,,0
17513,2023,,,,0
17513,2024,,,,0
17524,2001,,,,0
17524,2002,,,,0
17524,2003,,,,0
17524,2004,,,,0
17524,2005,,,,0
17524,2006,,,,0
17524,2007,,,,0
17524,2008,,,,0
17524,2009,,,,0
17524,2010,,,,0
17524,2011,,,,0
17524,2012,,,,0
17524,2013,,,,0
17524,2014,,,,0
17524,2015,,,,0
17524,2016,,,,0
17524,2017,,,,0
17524,2018,,,,0
17524,2019,,,,0
17524,2020,,,,0
17524,2021,,,,0
17524,2022,,,,0
17524,2023,,,,0
17524,2024,,,,0
17541,2001,,,,0
17541,2002,,,,0
17541,2003,,,,0
17541,2004,,,,0
17541,2005,,,,0
17541,2006,,,,0
17541,2007,,,,0
17541,2008,,,,0
17541,2009,,,,0
17541,2010,,,,0
17541,2011,,,,0
17541,2012,,,,0
17541,2013,,,,0
17541,2014,,,,0
17541,2015,,,,0
17541,2016,,,,0
17541,2017,,,,0
17541,2018,,,,0
17541,2019,,,,0
17541,2020,,,,0
17541,2021,,,,0
17541,2022,,,,0
17541,2023,,,,0
17541,2024,,,,0
17614,2001,,,,0
17614,2002,,,,0
17614,2003,,,,0
17614,2004,,,,0
17614,2005,,,,0
17614,2006,,,,0
17614,2007,,,,0
17614,2008,,,,0
17614,2009,,,,0
17614,2010,,,,0
17614,2011,,,,0
17614,2012,,,,0
17614,2013,,,,0
17614,2014,,,,0
17614,2015,,,,0
17614,2016,,,,0
17614,2017,,,,0
17614,2018,,,,0
17614,2019,,,,0
17614,2020,,,,0
17614,2021,,,,0
17614,2022,,,,0
17614,2023,,,,0
17614,2024,,,,0
17616,2001,,,,0
17616,2002,,,,0
17616,2003,,,,0
17616,2004,,,,0
17616,2005,,,,0
17616,2006,,,,0
17616,2007,,,,0
17616,2008,,,,0
17616,2009,,,,0
17616,2010,,,,0
17616,2011,,,,0
17616,2012,,,,0
17616,2013,,,,0
17616,2014,,,,0
17616,2015,,,,0
17616,2016,,,,0
17616,2017,,,,0
17616,2018,,,,0
17616,2019,,,,0
17616,2020,,,,0
17616,2021,,,,0
17616,2022,,,,0
17616,2023,,,,0
17616,2024,,,,0
17653,2001,,,,0
17653,2002,,,,0
17653,2003,,,,0
17653,2004,,,,0
17653,2005,,,,0
17653,2006,,,,0
17653,2007,,,,0
17653,2008,,,,0
17653,2009,,,,0
17653,2010,,,,0
17653,2011,,,,0
17653,2012,,,,0
17653,2013,,,,0
17653,2014,,,,0
17653,2015,,,,0
17653,2016,,,,0
17653,2017,,,,0
17653,2018,,,,0
17653,2019,,,,0
17653,2020,,,,0
17653,2021,,,,0
17653,2022,,,,0
17653,2023,,,,0
17653,2024,,,,0
17662,2001,,,,0
17662,2002,,,,0
17662,2003,,,,0
17662,2004,,,,0
17662,2005,,,,0
17662,2006,,,,0
17662,2007,,,,0
17662,2008,,,,0
17662,2009,,,,0
17662,2010,,,,0
17662,2011,,,,0
17662,2012,,,,0
17662,2013,,,,0
17662,2014,,,,0
17662,2015,,,,0
17662,2016,,,,0
17662,2017,,,,0
17662,2018,,,,0
17662,2019,,,,0
17662,2020,,,,0
17662,2021,,,,0
17662,2022,,,,0
17662,2023,,,,0
17662,2024,,,,0
17665,2001,,,,0
17665,2002,,,,0
17665,2003,,,,0
17665,2004,,,,0
17665,2005,,,,0
17665,2006,,,,0
17665,2007,,,,0
17665,2008,,,,0
17665,2009,,,,0
17665,2010,,,,0
17665,2011,,,,0
17665,2012,,,,0
17665,2013,,,,0
17665,2014,,,,0
17665,2015,,,,0
17665,2016,,,,0
17665,2017,,,,0
17665,2018,,,,0
17665,2019,,,,0
17665,2020,,,,0
17665,2021,,,,0
17665,2022,,,,0
17665,2023,,,,0
17665,2024,,,,0
17777,2001,,,,0
17777,2002,,,,0
17777,2003,,,,0
17777,2004,,,,0
17777,2005,,,,0
17777,2006,,,,0
17777,2007,,,,0
17777,2008,,,,0
17777,2009,,,,0
17777,2010,,,,0
17777,2011,,,,0
17777,2012,,,,0
17777,2013,,,,0
17777,2014,,,,0
17777,2015,,,,0
17777,2016,,,,0
17777,2017,,,,0
17777,2018,,,,0
17777,2019,,,,0
17777,2020,,,,0
17777,2021,,,,0
17777,2022,,,,0
17777,2023,,,,0
17777,2024,,,,0
17867,2001,,,,0
17867,2002,,,,0
17867,2003,,,,0
17867,2004,,,,0
17867,2005,,,,0
17867,2006,,,,0
17867,2007,,,,0
17867,2008,,,,0
17867,2009,,,,0
17867,2010,,,,0
17867,2011,,,,0
17867,2012,,,,0
17867,2013,,,,0
17867,2014,,,,0
17867,2015,,,,0
17867,2016,,,,0
17867,2017,,,,0
17867,2018,,,,0
17867,2019,,,,0
17867,2020,,,,0
17867,2021,,,,0
17867,2022,,,,0
17867,2023,,,,0
17867,2024,,,,0
17873,2001,,,,0
17873,2002,,,,0
17873,2003,,,,0
17873,2004,,,,0
17873,2005,,,,0
17873,2006,,,,0
17873,2007,,,,0
17873,2008,,,,0
17873,2009,,,,0
17873,2010,,,,0
17873,2011,,,,0
17873,2012,,,,0
17873,2013,,,,0
17873,2014,,,,0
17873,2015,,,,0
17873,2016,,,,0
17873,2017,,,,0
17873,2018,,,,0
17873,2019,,,,0
17873,2020,,,,0
17873,2021,,,,0
17873,2022,,,,0
17873,2023,,,,0
17873,2024,,,,0
17877,2001,,,,0
17877,2002,,,,0
17877,2003,,,,0
17877,2004,,,,0
17877,2005,,,,0
17877,2006,,,,0
17877,2007,,,,0
17877,2008,,,,0
17877,2009,,,,0
17877,2010,,,,0
17877,2011,,,,0
17877,2012,,,,0
17877,2013,,,,0
17877,2014,,,,0
17877,2015,,,,0
17877,2016,,,,0
17877,2017,,,,0
17877,2018,,,,0
17877,2019,,,,0
17877,2020,,,,0
17877,2021,,,,0
17877,2022,,,,0
17877,2023,,,,0
17877,2024,,,,0
18001,2001,,,,0
18001,2002,,,,0
18001,2003,,,,0
18001,2004,,,,0
18001,2005,,,,0
18001,2006,,,,0
18001,2007,,,,0
18001,2008,,,,0
18001,2009,,,,0
18001,2010,,,,0
18001,2011,,,,0
18001,2012,,,,0
18001,2013,,,,0
18001,2014,,,,0
18001,2015,,,,0
18001,2016,,,,0
18001,2017,,,,0
18001,2018,,,,0
18001,2019,,,,0
18001,2020,,,,0
18001,2021,,,,0
18001,2022,,,,0
18001,2023,,,,0
18001,2024,,,,0
18029,2001,,,,0
18029,2002,,,,0
18029,2003,,,,0
18029,2004,,,,0
18029,2005,,,,0
18029,2006,,,,0
18029,2007,,,,0
18029,2008,,,,0
18029,2009,,,,0
18029,2010,,,,0
18029,2011,,,,0
18029,2012,,,,0
18029,2013,,,,0
18029,2014,,,,0
18029,2015,,,,0
18029,2016,,,,0
18029,2017,,,,0
18029,2018,,,,0
18029,2019,,,,0
18029,2020,,,,0
18029,2021,,,,0
18029,2022,,,,0
18029,2023,,,,0
18029,2024,,,,0
18094,2001,,,,0
18094,2002,,,,0
18094,2003,,,,0
18094,2004,,,,0
18094,2005,,,,0
18094,2006,,,,0
18094,2007,,,,0
18094,2008,,,,0
18094,2009,,,,0
18094,2010,,,,0
18094,2011,,,,0
18094,2012,,,,0
18094,2013,,,,0
18094,2014,,,,0
18094,2015,,,,0
18094,2016,,,,0
18094,2017,,,,0
18094,2018,,,,0
18094,2019,,,,0
18094,2020,,,,0
18094,2021,,,,0
18094,2022,,,,0
18094,2023,,,,0
18094,2024,,,,0
18150,2001,,,,0
18150,2002,,,,0
18150,2003,,,,0
18150,2004,,,,0
18150,2005,,,,0
18150,2006,,,,0
18150,2007,,,,0
18150,2008,,,,0
18150,2009,,,,0
18150,2010,,,,0
18150,2011,,,,0
18150,2012,,,,0
18150,2013,,,,0
18150,2014,,,,0
18150,2015,,,,0
18150,2016,,,,0
18150,2017,,,,0
18150,2018,,,,0
18150,2019,,,,0
18150,2020,,,,0
18150,2021,,,,0
18150,2022,,,,0
18150,2023,,,,0
18150,2024,,,,0
18205,2001,,,,0
18205,2002,,,,0
18205,2003,,,,0
18205,2004,,,,0
18205,2005,,,,0
18205,2006,,,,0
18205,2007,,,,0
18205,2008,,,,0
18205,2009,,,,0
18205,2010,,,,0
18205,2011,,,,0
18205,2012,,,,0
18205,2013,,,,0
18205,2014,,,,0
18205,2015,,,,0
18205,2016,,,,0
18205,2017,,,,0
18205,2018,,,,0
18205,2019,,,,0
18205,2020,,,,0
18205,2021,,,,0
18205,2022,,,,0
18205,2023,,,,0
18205,2024,,,,0
18247,2001,,,,0
18247,2002,,,,0
18247,2003,,,,0
18247,2004,,,,0
18247,2005,,,,0
18247,2006,,,,0
18247,2007,,,,0
18247,2008,,,,0
18247,2009,,,,0
18247,2010,,,,0
18247,2011,,,,0
18247,2012,,,,0
18247,2013,,,,0
18247,2014,,,,0
18247,2015,,,,0
18247,2016,,,,0
18247,2017,,,,0
18247,2018,,,,0
18247,2019,,,,0
18247,2020,,,,0
18247,2021,,,,0
18247,2022,,,,0
18247,2023,,,,0
18247,2024,,,,0
18256,2001,,,,0
18256,2002,,,,0
18256,2003,,,,0
18256,2004,,,,0
18256,2005,,,,0
18256,2006,,,,0
18256,2007,,,,0
18256,2008,,,,0
18256,2009,,,,0
18256,2010,,,,0
18256,2011,,,,0
18256,2012,,,,0
18256,2013,,,,0
18256,2014,,,,0
18256,2015,,,,0
18256,2016,,,,0
18256,2017,,,,0
18256,2018,,,,0
18256,2019,,,,0
18256,2020,,,,0
18256,2021,,,,0
18256,2022,,,,0
18256,2023,,,,0
18256,2024,,,,0
18410,2001,,,,0
18410,2002,,,,0
18410,2003,,,,0
18410,2004,,,,0
18410,2005,,,,0
18410,2006,,,,0
18410,2007,,,,0
18410,2008,,,,0
18410,2009,,,,0
18410,2010,,,,0
18410,2011,,,,0
18410,2012,,,,0
18410,2013,,,,0
18410,2014,,,,0
18410,2015,,,,0
18410,2016,,,,0
18410,2017,,,,0
18410,2018,,,,0
18410,2019,,,,0
18410,2020,,,,0
18410,2021,,,,0
18410,2022,,,,0
18410,2023,,,,0
18410,2024,,,,0
18460,2001,,,,0
18460,2002,,,,0
18460,2003,,,,0
18460,2004,,,,0
18460,2005,,,,0
18460,2006,,,,0
18460,2007,,,,0
18460,2008,,,,0
18460,2009,,,,0
18460,2010,,,,0
18460,2011,,,,0
18460,2012,,,,0
18460,2013,,,,0
18460,2014,,,,0
18460,2015,,,,0
18460,2016,,,,0
18460,2017,,,,0
18460,2018,,,,0
18460,2019,,,,0
18460,2020,,,,0
18460,2021,,,,0
18460,2022,,,,0
18460,2023,,,,0
18460,2024,,,,0
18479,2001,,,,0
18479,2002,,,,0
18479,2003,,,,0
18479,2004,,,,0
18479,2005,,,,0
18479,2006,,,,0
18479,2007,,,,0
18479,2008,,,,0
18479,2009,,,,0
18479,2010,,,,0
18479,2011,,,,0
18479,2012,,,,0
18479,2013,,,,0
18479,2014,,,,0
18479,2015,,,,0
18479,2016,,,,0
18479,2017,,,,0
18479,2018,,,,0
18479,2019,,,,0
18479,2020,,,,0
18479,2021,,,,0
18479,2022,,,,0
18479,2023,,,,0
18479,2024,,,,0
18592,2001,,,,0
18592,2002,,,,0
18592,2003,,,,0
18592,2004,,,,0
18592,2005,,,,0
18592,2006,,,,0
18592,2007,,,,0
18592,2008,,,,0
18592,2009,,,,0
18592,2010,,,,0
18592,2011,,,,0
18592,2012,,,,0
18592,2013,,,,0
18592,2014,,,,0
18592,2015,,,,0
18592,2016,,,,0
18592,2017,,,,0
18592,2018,,,,0
18592,2019,,,,0
18592,2020,,,,0
18592,2021,,,,0
18592,2022,,,,0
18592,2023,,,,0
18592,2024,,,,0
18610,2001,,,,0
18610,2002,,,,0
18610,2003,,,,0
18610,2004,,,,0
18610,2005,,,,0
18610,2006,,,,0
18610,2007,,,,0
18610,2008,,,,0
18610,2009,,,,0
18610,2010,,,,0
18610,2011,,,,0
18610,2012,,,,0
18610,2013,,,,0
18610,2014,,,,0
18610,2015,,,,0
18610,2016,,,,0
18610,2017,,,,0
18610,2018,,,,0
18610,2019,,,,0
18610,2020,,,,0
18610,2021,,,,0
18610,2022,,,,0
18610,2023,,,,0
18610,2024,,,,0
18753,2001,,,,0
18753,2002,,,,0
18753,2003,,,,0
18753,2004,,,,0
18753,2005,,,,0
18753,2006,,,,0
18753,2007,,,,0
18753,2008,,,,0
18753,2009,,,,0
18753,2010,,,,0
18753,2011,,,,0
18753,2012,,,,0
18753,2013,,,,0
18753,2014,,,,0
18753,2015,,,,0
18753,2016,,,,0
18753,2017,,,,0
18753,2018,,,,0
18753,2019,,,,0
18753,2020,,,,0
18753,2021,,,,0
18753,2022,,,,0
18753,2023,,,,0
18753,2024,,,,0
18756,2001,,,,0
18756,2002,,,,0
18756,2003,,,,0
18756,2004,,,,0
18756,2005,,,,0
18756,2006,,,,0
18756,2007,,,,0
18756,2008,,,,0
18756,2009,,,,0
18756,2010,,,,0
18756,2011,,,,0
18756,2012,,,,0
18756,2013,,,,0
18756,2014,,,,0
18756,2015,,,,0
18756,2016,,,,0
18756,2017,,,,0
18756,2018,,,,0
18756,2019,,,,0
18756,2020,,,,0
18756,2021,,,,0
18756,2022,,,,0
18756,2023,,,,0
18756,2024,,,,0
18785,2001,,,,0
18785,2002,,,,0
18785,2003,,,,0
18785,2004,,,,0
18785,2005,,,,0
18785,2006,,,,0
18785,2007,,,,0
18785,2008,,,,0
18785,2009,,,,0
18785,2010,,,,0
18785,2011,,,,0
18785,2012,,,,0
18785,2013,,,,0
18785,2014,,,,0
18785,2015,,,,0
18785,2016,,,,0
18785,2017,,,,0
18785,2018,,,,0
18785,2019,,,,0
18785,2020,,,,0
18785,2021,,,,0
18785,2022,,,,0
18785,2023,,,,0
18785,2024,,,,0
18860,2001,,,,0
18860,2002,,,,0
18860,2003,,,,0
18860,2004,,,,0
18860,2005,,,,0
18860,2006,,,,0
18860,2007,,,,0
18860,2008,,,,0
18860,2009,,,,0
18860,2010,,,,0
18860,2011,,,,0
18860,2012,,,,0
18860,2013,,,,0
18860,2014,,,,0
18860,2015,,,,0
18860,2016,,,,0
18860,2017,,,,0
18860,2018,,,,0
18860,2019,,,,0
18860,2020,,,,0
18860,2021,,,,0
18860,2022,,,,0
18860,2023,,,,0
18860,2024,,,,0
19001,2001,,,,0
19001,2002,,,,0
19001,2003,,,,0
19001,2004,,,,0
19001,2005,,,,0
19001,2006,,,,0
19001,2007,,,,0
19001,2008,,,,0
19001,2009,,,,0
19001,2010,,,,0
19001,2011,,,,0
19001,2012,,,,0
19001,2013,,,,0
19001,2014,,,,0
19001,2015,,,,0
19001,2016,,,,0
19001,2017,,,,0
19001,2018,,,,0
19001,2019,,,,0
19001,2020,,,,0
19001,2021,,,,0
19001,2022,,,,0
19001,2023,,,,0
19001,2024,,,,0
19022,2001,,,,0
19022,2002,,,,0
19022,2003,,,,0
19022,2004,,,,0
19022,2005,,,,0
19022,2006,,,,0
19022,2007,,,,0
19022,2008,,,,0
19022,2009,,,,0
19022,2010,,,,0
19022,2011,,,,0
19022,2012,,,,0
19022,2013,,,,0
19022,2014,,,,0
19022,2015,,,,0
19022,2016,,,,0
19022,2017,,,,0
19022,2018,,,,0
19022,2019,,,,0
19022,2020,,,,0
19022,2021,,,,0
19022,2022,,,,0
19022,2023,,,,0
19022,2024,,,,0
19050,2001,,,,0
19050,2002,,,,0
19050,2003,,,,0
19050,2004,,,,0
19050,2005,,,,0
19050,2006,,,,0
19050,2007,,,,0
19050,2008,,,,0
19050,2009,,,,0
19050,2010,,,,0
19050,2011,,,,0
19050,2012,,,,0
19050,2013,,,,0
19050,2014,,,,0
19050,2015,,,,0
19050,2016,,,,0
19050,2017,,,,0
19050,2018,,,,0
19050,2019,,,,0
19050,2020,,,,0
19050,2021,,,,0
19050,2022,,,,0
19050,2023,,,,0
19050,2024,,,,0
19075,2001,,,,0
19075,2002,,,,0
19075,2003,,,,0
19075,2004,,,,0
19075,2005,,,,0
19075,2006,,,,0
19075,2007,,,,0
19075,2008,,,,0
19075,2009,,,,0
19075,2010,,,,0
19075,2011,,,,0
19075,2012,,,,0
19075,2013,,,,0
19075,2014,,,,0
19075,2015,,,,0
19075,2016,,,,0
19075,2017,,,,0
19075,2018,,,,0
19075,2019,,,,0
19075,2020,,,,0
19075,2021,,,,0
19075,2022,,,,0
19075,2023,,,,0
19075,2024,,,,0
19100,2001,,,,0
19100,2002,,,,0
19100,2003,,,,0
19100,2004,,,,0
19100,2005,,,,0
19100,2006,,,,0
19100,2007,,,,0
19100,2008,,,,0
19100,2009,,,,0
19100,2010,,,,0
19100,2011,,,,0
19100,2012,,,,0
19100,2013,,,,0
19100,2014,,,,0
19100,2015,,,,0
19100,2016,,,,0
19100,2017,,,,0
19100,2018,,,,0
19100,2019,,,,0
19100,2020,,,,0
19100,2021,,,,0
19100,2022,,,,0
19100,2023,,,,0
19100,2024,,,,0
19110,2001,,,,0
19110,2002,,,,0
19110,2003,,,,0
19110,2004,,,,0
19110,2005,,,,0
19110,2006,,,,0
19110,2007,,,,0
19110,2008,,,,0
19110,2009,,,,0
19110,2010,,,,0
19110,2011,,,,0
19110,2012,,,,0
19110,2013,,,,0
19110,2014,,,,0
19110,2015,,,,0
19110,2016,,,,0
19110,2017,,,,0
19110,2018,,,,0
19110,2019,,,,0
19110,2020,,,,0
19110,2021,,,,0
19110,2022,,,,0
19110,2023,,,,0
19110,2024,,,,0
19130,2001,,,,0
19130,2002,,,,0
19130,2003,,,,0
19130,2004,,,,0
19130,2005,,,,0
19130,2006,,,,0
19130,2007,,,,0
19130,2008,,,,0
19130,2009,,,,0
19130,2010,,,,0
19130,2011,,,,0
19130,2012,,,,0
19130,2013,,,,0
19130,2014,,,,0
19130,2015,,,,0
19130,2016,,,,0
19130,2017,,,,0
19130,2018,,,,0
19130,2019,,,,0
19130,2020,,,,0
19130,2021,,,,0
19130,2022,,,,0
19130,2023,,,,0
19130,2024,,,,0
19137,2001,,,,0
19137,2002,,,,0
19137,2003,,,,0
19137,2004,,,,0
19137,2005,,,,0
19137,2006,,,,0
19137,2007,,,,0
19137,2008,,,,0
19137,2009,,,,0
19137,2010,,,,0
19137,2011,,,,0
19137,2012,,,,0
19137,2013,,,,0
19137,2014,,,,0
19137,2015,,,,0
19137,2016,,,,0
19137,2017,,,,0
19137,2018,,,,0
19137,2019,,,,0
19137,2020,,,,0
19137,2021,,,,0
19137,2022,,,,0
19137,2023,,,,0
19137,2024,,,,0
19142,2001,,,,0
19142,2002,,,,0
19142,2003,,,,0
19142,2004,,,,0
19142,2005,,,,0
19142,2006,,,,0
19142,2007,,,,0
19142,2008,,,,0
19142,2009,,,,0
19142,2010,,,,0
19142,2011,,,,0
19142,2012,,,,0
19142,2013,,,,0
19142,2014,,,,0
19142,2015,,,,0
19142,2016,,,,0
19142,2017,,,,0
19142,2018,,,,0
19142,2019,,,,0
19142,2020,,,,0
19142,2021,,,,0
19142,2022,,,,0
19142,2023,,,,0
19142,2024,,,,0
19212,2001,,,,0
19212,2002,,,,0
19212,2003,,,,0
19212,2004,,,,0
19212,2005,,,,0
19212,2006,,,,0
19212,2007,,,,0
19212,2008,,,,0
19212,2009,,,,0
19212,2010,,,,0
19212,2011,,,,0
19212,2012,,,,0
19212,2013,,,,0
19212,2014,,,,0
19212,2015,,,,0
19212,2016,,,,0
19212,2017,,,,0
19212,2018,,,,0
19212,2019,,,,0
19212,2020,,,,0
19212,2021,,,,0
19212,2022,,,,0
19212,2023,,,,0
19212,2024,,,,0
19256,2001,,,,0
19256,2002,,,,0
19256,2003,,,,0
19256,2004,,,,0
19256,2005,,,,0
19256,2006,,,,0
19256,2007,,,,0
19256,2008,,,,0
19256,2009,,,,0
19256,2010,,,,0
19256,2011,,,,0
19256,2012,,,,0
19256,2013,,,,0
19256,2014,,,,0
19256,2015,,,,0
19256,2016,,,,0
19256,2017,,,,0
19256,2018,,,,0
19256,2019,,,,0
19256,2020,,,,0
19256,2021,,,,0
19256,2022,,,,0
19256,2023,,,,0
19256,2024,,,,0
19290,2001,,,,0
19290,2002,,,,0
19290,2003,,,,0
19290,2004,,,,0
19290,2005,,,,0
19290,2006,,,,0
19290,2007,,,,0
19290,2008,,,,0
19290,2009,,,,0
19290,2010,,,,0
19290,2011,,,,0
19290,2012,,,,0
19290,2013,,,,0
19290,2014,,,,0
19290,2015,,,,0
19290,2016,,,,0
19290,2017,,,,0
19290,2018,,,,0
19290,2019,,,,0
19290,2020,,,,0
19290,2021,,,,0
19290,2022,,,,0
19290,2023,,,,0
19290,2024,,,,0
19300,2001,,,,0
19300,2002,,,,0
19300,2003,,,,0
19300,2004,,,,0
19300,2005,,,,0
19300,2006,,,,0
19300,2007,,,,0
19300,2008,,,,0
19300,2009,,,,0
19300,2010,,,,0
19300,2011,,,,0
19300,2012,,,,0
19300,2013,,,,0
19300,2014,,,,0
19300,2015,,,,0
19300,2016,,,,0
19300,2017,,,,0
19300,2018,,,,0
19300,2019,,,,0
19300,2020,,,,0
19300,2021,,,,0
19300,2022,,,,0
19300,2023,,,,0
19300,2024,,,,0
19318,2001,,,,0
19318,2002,,,,0
19318,2003,,,,0
19318,2004,,,,0
19318,2005,,,,0
19318,2006,,,,0
19318,2007,,,,0
19318,2008,,,,0
19318,2009,,,,0
19318,2010,,,,0
19318,2011,,,,0
19318,2012,,,,0
19318,2013,,,,0
19318,2014,,,,0
19318,2015,,,,0
19318,2016,,,,0
19318,2017,,,,0
19318,2018,,,,0
19318,2019,,,,0
19318,2020,,,,0
19318,2021,,,,0
19318,2022,,,,0
19318,2023,,,,0
19318,2024,,,,0
19355,2001,,,,0
19355,2002,,,,0
19355,2003,,,,0
19355,2004,,,,0
19355,2005,,,,0
19355,2006,,,,0
19355,2007,,,,0
19355,2008,,,,0
19355,2009,,,,0
19355,2010,,,,0
19355,2011,,,,0
19355,2012,,,,0
19355,2013,,,,0
19355,2014,,,,0
19355,2015,,,,0
19355,2016,,,,0
19355,2017,,,,0
19355,2018,,,,0
19355,2019,,,,0
19355,2020,,,,0
19355,2021,,,,0
19355,2022,,,,0
19355,2023,,,,0
19355,2024,,,,0
19364,2001,,,,0
19364,2002,,,,0
19364,2003,,,,0
19364,2004,,,,0
19364,2005,,,,0
19364,2006,,,,0
19364,2007,,,,0
19364,2008,,,,0
19364,2009,,,,0
19364,2010,,,,0
19364,2011,,,,0
19364,2012,,,,0
19364,2013,,,,0
19364,2014,,,,0
19364,2015,,,,0
19364,2016,,,,0
19364,2017,,,,0
19364,2018,,,,0
19364,2019,,,,0
19364,2020,,,,0
19364,2021,,,,0
19364,2022,,,,0
19364,2023,,,,0
19364,2024,,,,0
19392,2001,,,,0
19392,2002,,,,0
19392,2003,,,,0
19392,2004,,,,0
19392,2005,,,,0
19392,2006,,,,0
19392,2007,,,,0
19392,2008,,,,0
19392,2009,,,,0
19392,2010,,,,0
19392,2011,,,,0
19392,2012,,,,0
19392,2013,,,,0
19392,2014,,,,0
19392,2015,,,,0
19392,2016,,,,0
19392,2017,,,,0
19392,2018,,,,0
19392,2019,,,,0
19392,2020,,,,0
19392,2021,,,,0
19392,2022,,,,0
19392,2023,,,,0
19392,2024,,,,0
19397,2001,,,,0
19397,2002,,,,0
19397,2003,,,,0
19397,2004,,,,0
19397,2005,,,,0
19397,2006,,,,0
19397,2007,,,,0
19397,2008,,,,0
19397,2009,,,,0
19397,2010,,,,0
19397,2011,,,,0
19397,2012,,,,0
19397,2013,,,,0
19397,2014,,,,0
19397,2015,,,,0
19397,2016,,,,0
19397,2017,,,,0
19397,2018,,,,0
19397,2019,,,,0
19397,2020,,,,0
19397,2021,,,,0
19397,2022,,,,0
19397,2023,,,,0
19397,2024,,,,0
19418,2001,,,,0
19418,2002,,,,0
19418,2003,,,,0
19418,2004,,,,0
19418,2005,,,,0
19418,2006,,,,0
19418,2007,,,,0
19418,2008,,,,0
19418,2009,,,,0
19418,2010,,,,0
19418,2011,,,,0
19418,2012,,,,0
19418,2013,,,,0
19418,2014,,,,0
19418,2015,,,,0
19418,2016,,,,0
19418,2017,,,,0
19418,2018,,,,0
19418,2019,,,,0
19418,2020,,,,0
19418,2021,,,,0
19418,2022,,,,0
19418,2023,,,,0
19418,2024,,,,0
19450,2001,,,,0
19450,2002,,,,0
19450,2003,,,,0
19450,2004,,,,0
19450,2005,,,,0
19450,2006,,,,0
19450,2007,,,,0
19450,2008,,,,0
19450,2009,,,,0
19450,2010,,,,0
19450,2011,,,,0
19450,2012,,,,0
19450,2013,,,,0
19450,2014,,,,0
19450,2015,,,,0
19450,2016,,,,0
19450,2017,,,,0
19450,2018,,,,0
19450,2019,,,,0
19450,2020,,,,0
19450,2021,,,,0
19450,2022,,,,0
19450,2023,,,,0
19450,2024,,,,0
19455,2001,,,,0
19455,2002,,,,0
19455,2003,,,,0
19455,2004,,,,0
19455,2005,,,,0
19455,2006,,,,0
19455,2007,,,,0
19455,2008,,,,0
19455,2009,,,,0
19455,2010,,,,0
19455,2011,,,,0
19455,2012,,,,0
19455,2013,,,,0
19455,2014,,,,0
19455,2015,,,,0
19455,2016,,,,0
19455,2017,,,,0
19455,2018,,,,0
19455,2019,,,,0
19455,2020,,,,0
19455,2021,,,,0
19455,2022,,,,0
19455,2023,,,,0
19455,2024,,,,0
19473,2001,,,,0
19473,2002,,,,0
19473,2003,,,,0
19473,2004,,,,0
19473,2005,,,,0
19473,2006,,,,0
19473,2007,,,,0
19473,2008,,,,0
19473,2009,,,,0
19473,2010,,,,0
19473,2011,,,,0
19473,2012,,,,0
19473,2013,,,,0
19473,2014,,,,0
19473,2015,,,,0
19473,2016,,,,0
19473,2017,,,,0
19473,2018,,,,0
19473,2019,,,,0
19473,2020,,,,0
19473,2021,,,,0
19473,2022,,,,0
19473,2023,,,,0
19473,2024,,,,0
19513,2001,,,,0
19513,2002,,,,0
19513,2003,,,,0
19513,2004,,,,0
19513,2005,,,,0
19513,2006,,,,0
19513,2007,,,,0
19513,2008,,,,0
19513,2009,,,,0
19513,2010,,,,0
19513,2011,,,,0
19513,2012,,,,0
19513,2013,,,,0
19513,2014,,,,0
19513,2015,,,,0
19513,2016,,,,0
19513,2017,,,,0
19513,2018,,,,0
19513,2019,,,,0
19513,2020,,,,0
19513,2021,,,,0
19513,2022,,,,0
19513,2023,,,,0
19513,2024,,,,0
19517,2001,,,,0
19517,2002,,,,0
19517,2003,,,,0
19517,2004,,,,0
19517,2005,,,,0
19517,2006,,,,0
19517,2007,,,,0
19517,2008,,,,0
19517,2009,,,,0
19517,2010,,,,0
19517,2011,,,,0
19517,2012,,,,0
19517,2013,,,,0
19517,2014,,,,0
19517,2015,,,,0
19517,2016,,,,0
19517,2017,,,,0
19517,2018,,,,0
19517,2019,,,,0
19517,2020,,,,0
19517,2021,,,,0
19517,2022,,,,0
19517,2023,,,,0
19517,2024,,,,0
19532,2001,,,,0
19532,2002,,,,0
19532,2003,,,,0
19532,2004,,,,0
19532,2005,,,,0
19532,2006,,,,0
19532,2007,,,,0
19532,2008,,,,0
19532,2009,,,,0
19532,2010,,,,0
19532,2011,,,,0
19532,2012,,,,0
19532,2013,,,,0
19532,2014,,,,0
19532,2015,,,,0
19532,2016,,,,0
19532,2017,,,,0
19532,2018,,,,0
19532,2019,,,,0
19532,2020,,,,0
19532,2021,,,,0
19532,2022,,,,0
19532,2023,,,,0
19532,2024,,,,0
19533,2001,,,,0
19533,2002,,,,0
19533,2003,,,,0
19533,2004,,,,0
19533,2005,,,,0
19533,2006,,,,0
19533,2007,,,,0
19533,2008,,,,0
19533,2009,,,,0
19533,2010,,,,0
19533,2011,,,,0
19533,2012,,,,0
19533,2013,,,,0
19533,2014,,,,0
19533,2015,,,,0
19533,2016,,,,0
19533,2017,,,,0
19533,2018,,,,0
19533,2019,,,,0
19533,2020,,,,0
19533,2021,,,,0
19533,2022,,,,0
19533,2023,,,,0
19533,2024,,,,0
19548,2001,,,,0
19548,2002,,,,0
19548,2003,,,,0
19548,2004,,,,0
19548,2005,,,,0
19548,2006,,,,0
19548,2007,,,,0
19548,2008,,,,0
19548,2009,,,,0
19548,2010,,,,0
19548,2011,,,,0
19548,2012,,,,0
19548,2013,,,,0
19548,2014,,,,0
19548,2015,,,,0
19548,2016,,,,0
19548,2017,,,,0
19548,2018,,,,0
19548,2019,,,,0
19548,2020,,,,0
19548,2021,,,,0
19548,2022,,,,0
19548,2023,,,,0
19548,2024,,,,0
19573,2001,,,,0
19573,2002,,,,0
19573,2003,,,,0
19573,2004,,,,0
19573,2005,,,,0
19573,2006,,,,0
19573,2007,,,,0
19573,2008,,,,0
19573,2009,,,,0
19573,2010,,,,0
19573,2011,,,,0
19573,2012,,,,0
19573,2013,,,,0
19573,2014,,,,0
19573,2015,,,,0
19573,2016,,,,0
19573,2017,,,,0
19573,2018,,,,0
19573,2019,,,,0
19573,2020,,,,0
19573,2021,,,,0
19573,2022,,,,0
19573,2023,,,,0
19573,2024,,,,0
19585,2001,,,,0
19585,2002,,,,0
19585,2003,,,,0
19585,2004,,,,0
19585,2005,,,,0
19585,2006,,,,0
19585,2007,,,,0
19585,2008,,,,0
19585,2009,,,,0
19585,2010,,,,0
19585,2011,,,,0
19585,2012,,,,0
19585,2013,,,,0
19585,2014,,,,0
19585,2015,,,,0
19585,2016,,,,0
19585,2017,,,,0
19585,2018,,,,0
19585,2019,,,,0
19585,2020,,,,0
19585,2021,,,,0
19585,2022,,,,0
19585,2023,,,,0
19585,2024,,,,0
19622,2001,,,,0
19622,2002,,,,0
19622,2003,,,,0
19622,2004,,,,0
19622,2005,,,,0
19622,2006,,,,0
19622,2007,,,,0
19622,2008,,,,0
19622,2009,,,,0
19622,2010,,,,0
19622,2011,,,,0
19622,2012,,,,0
19622,2013,,,,0
19622,2014,,,,0
19622,2015,,,,0
19622,2016,,,,0
19622,2017,,,,0
19622,2018,,,,0
19622,2019,,,,0
19622,2020,,,,0
19622,2021,,,,0
19622,2022,,,,0
19622,2023,,,,0
19622,2024,,,,0
19693,2001,,,,0
19693,2002,,,,0
19693,2003,,,,0
19693,2004,,,,0
19693,2005,,,,0
19693,2006,,,,0
19693,2007,,,,0
19693,2008,,,,0
19693,2009,,,,0
19693,2010,,,,0
19693,2011,,,,0
19693,2012,,,,0
19693,2013,,,,0
19693,2014,,,,0
19693,2015,,,,0
19693,2016,,,,0
19693,2017,,,,0
19693,2018,,,,0
19693,2019,,,,0
19693,2020,,,,0
19693,2021,,,,0
19693,2022,,,,0
19693,2023,,,,0
19693,2024,,,,0
19698,2001,,,,0
19698,2002,,,,0
19698,2003,,,,0
19698,2004,,,,0
19698,2005,,,,0
19698,2006,,,,0
19698,2007,,,,0
19698,2008,,,,0
19698,2009,,,,0
19698,2010,,,,0
19698,2011,,,,0
19698,2012,,,,0
19698,2013,,,,0
19698,2014,,,,0
19698,2015,,,,0
19698,2016,,,,0
19698,2017,,,,0
19698,2018,,,,0
19698,2019,,,,0
19698,2020,,,,0
19698,2021,,,,0
19698,2022,,,,0
19698,2023,,,,0
19698,2024,,,,0
19701,2001,,,,0
19701,2002,,,,0
19701,2003,,,,0
19701,2004,,,,0
19701,2005,,,,0
19701,2006,,,,0
19701,2007,,,,0
19701,2008,,,,0
19701,2009,,,,0
19701,2010,,,,0
19701,2011,,,,0
19701,2012,,,,0
19701,2013,,,,0
19701,2014,,,,0
19701,2015,,,,0
19701,2016,,,,0
19701,2017,,,,0
19701,2018,,,,0
19701,2019,,,,0
19701,2020,,,,0
19701,2021,,,,0
19701,2022,,,,0
19701,2023,,,,0
19701,2024,,,,0
19743,2001,,,,0
19743,2002,,,,0
19743,2003,,,,0
19743,2004,,,,0
19743,2005,,,,0
19743,2006,,,,0
19743,2007,,,,0
19743,2008,,,,0
19743,2009,,,,0
19743,2010,,,,0
19743,2011,,,,0
19743,2012,,,,0
19743,2013,,,,0
19743,2014,,,,0
19743,2015,,,,0
19743,2016,,,,0
19743,2017,,,,0
19743,2018,,,,0
19743,2019,,,,0
19743,2020,,,,0
19743,2021,,,,0
19743,2022,,,,0
19743,2023,,,,0
19743,2024,,,,0
19760,2001,,,,0
19760,2002,,,,0
19760,2003,,,,0
19760,2004,,,,0
19760,2005,,,,0
19760,2006,,,,0
19760,2007,,,,0
19760,2008,,,,0
19760,2009,,,,0
19760,2010,,,,0
19760,2011,,,,0
19760,2012,,,,0
19760,2013,,,,0
19760,2014,,,,0
19760,2015,,,,0
19760,2016,,,,0
19760,2017,,,,0
19760,2018,,,,0
19760,2019,,,,0
19760,2020,,,,0
19760,2021,,,,0
19760,2022,,,,0
19760,2023,,,,0
19760,2024,,,,0
19780,2001,,,,0
19780,2002,,,,0
19780,2003,,,,0
19780,2004,,,,0
19780,2005,,,,0
19780,2006,,,,0
19780,2007,,,,0
19780,2008,,,,0
19780,2009,,,,0
19780,2010,,,,0
19780,2011,,,,0
19780,2012,,,,0
19780,2013,,,,0
19780,2014,,,,0
19780,2015,,,,0
19780,2016,,,,0
19780,2017,,,,0
19780,2018,,,,0
19780,2019,,,,0
19780,2020,,,,0
19780,2021,,,,0
19780,2022,,,,0
19780,2023,,,,0
19780,2024,,,,0
19785,2001,,,,0
19785,2002,,,,0
19785,2003,,,,0
19785,2004,,,,0
19785,2005,,,,0
19785,2006,,,,0
19785,2007,,,,0
19785,2008,,,,0
19785,2009,,,,0
19785,2010,,,,0
19785,2011,,,,0
19785,2012,,,,0
19785,2013,,,,0
19785,2014,,,,0
19785,2015,,,,0
19785,2016,,,,0
19785,2017,,,,0
19785,2018,,,,0
19785,2019,,,,0
19785,2020,,,,0
19785,2021,,,,0
19785,2022,,,,0
19785,2023,,,,0
19785,2024,,,,0
19807,2001,,,,0
19807,2002,,,,0
19807,2003,,,,0
19807,2004,,,,0
19807,2005,,,,0
19807,2006,,,,0
19807,2007,,,,0
19807,2008,,,,0
19807,2009,,,,0
19807,2010,,,,0
19807,2011,,,,0
19807,2012,,,,0
19807,2013,,,,0
19807,2014,,,,0
19807,2015,,,,0
19807,2016,,,,0
19807,2017,,,,0
19807,2018,,,,0
19807,2019,,,,0
19807,2020,,,,0
19807,2021,,,,0
19807,2022,,,,0
19807,2023,,,,0
19807,2024,,,,0
19809,2001,,,,0
19809,2002,,,,0
19809,2003,,,,0
19809,2004,,,,0
19809,2005,,,,0
19809,2006,,,,0
19809,2007,,,,0
19809,2008,,,,0
19809,2009,,,,0
19809,2010,,,,0
19809,2011,,,,0
19809,2012,,,,0
19809,2013,,,,0
19809,2014,,,,0
19809,2015,,,,0
19809,2016,,,,0
19809,2017,,,,0
19809,2018,,,,0
19809,2019,,,,0
19809,2020,,,,0
19809,2021,,,,0
19809,2022,,,,0
19809,2023,,,,0
19809,2024,,,,0
19821,2001,,,,0
19821,2002,,,,0
19821,2003,,,,0
19821,2004,,,,0
19821,2005,,,,0
19821,2006,,,,0
19821,2007,,,,0
19821,2008,,,,0
19821,2009,,,,0
19821,2010,,,,0
19821,2011,,,,0
19821,2012,,,,0
19821,2013,,,,0
19821,2014,,,,0
19821,2015,,,,0
19821,2016,,,,0
19821,2017,,,,0
19821,2018,,,,0
19821,2019,,,,0
19821,2020,,,,0
19821,2021,,,,0
19821,2022,,,,0
19821,2023,,,,0
19821,2024,,,,0
19824,2001,,,,0
19824,2002,,,,0
19824,2003,,,,0
19824,2004,,,,0
19824,2005,,,,0
19824,2006,,,,0
19824,2007,,,,0
19824,2008,,,,0
19824,2009,,,,0
19824,2010,,,,0
19824,2011,,,,0
19824,2012,,,,0
19824,2013,,,,0
19824,2014,,,,0
19824,2015,,,,0
19824,2016,,,,0
19824,2017,,,,0
19824,2018,,,,0
19824,2019,,,,0
19824,2020,,,,0
19824,2021,,,,0
19824,2022,,,,0
19824,2023,,,,0
19824,2024,,,,0
19845,2001,,,,0
19845,2002,,,,0
19845,2003,,,,0
19845,2004,,,,0
19845,2005,,,,0
19845,2006,,,,0
19845,2007,,,,0
19845,2008,,,,0
19845,2009,,,,0
19845,2010,,,,0
19845,2011,,,,0
19845,2012,,,,0
19845,2013,,,,0
19845,2014,,,,0
19845,2015,,,,0
19845,2016,,,,0
19845,2017,,,,0
19845,2018,,,,0
19845,2019,,,,0
19845,2020,,,,0
19845,2021,,,,0
19845,2022,,,,0
19845,2023,,,,0
19845,2024,,,,0
20001,2001,,,,0
20001,2002,,,,0
20001,2003,,,,0
20001,2004,,,,0
20001,2005,,,,0
20001,2006,,,,0
20001,2007,,,,0
20001,2008,,,,0
20001,2009,,,,0
20001,2010,,,,0
20001,2011,,,,0
20001,2012,,,,0
20001,2013,,,,0
20001,2014,,,,0
20001,2015,,,,0
20001,2016,,,,0
20001,2017,,,,0
20001,2018,,,,0
20001,2019,,,,0
20001,2020,,,,0
20001,2021,,,,0
20001,2022,,,,0
20001,2023,,,,0
20001,2024,,,,0
20011,2001,,,,0
20011,2002,,,,0
20011,2003,,,,0
20011,2004,,,,0
20011,2005,,,,0
20011,2006,,,,0
20011,2007,,,,0
20011,2008,,,,0
20011,2009,,,,0
20011,2010,,,,0
20011,2011,,,,0
20011,2012,,,,0
20011,2013,,,,0
20011,2014,,,,0
20011,2015,,,,0
20011,2016,,,,0
20011,2017,,,,0
20011,2018,,,,0
20011,2019,,,,0
20011,2020,,,,0
20011,2021,,,,0
20011,2022,,,,0
20011,2023,,,,0
20011,2024,,,,0
20013,2001,,,,0
20013,2002,,,,0
20013,2003,,,,0
20013,2004,,,,0
20013,2005,,,,0
20013,2006,,,,0
20013,2007,,,,0
20013,2008,,,,0
20013,2009,,,,0
20013,2010,,,,0
20013,2011,,,,0
20013,2012,,,,0
20013,2013,,,,0
20013,2014,,,,0
20013,2015,,,,0
20013,2016,,,,0
20013,2017,,,,0
20013,2018,,,,0
20013,2019,,,,0
20013,2020,,,,0
20013,2021,,,,0
20013,2022,,,,0
20013,2023,,,,0
20013,2024,,,,0
20032,2001,,,,0
20032,2002,,,,0
20032,2003,,,,0
20032,2004,,,,0
20032,2005,,,,0
20032,2006,,,,0
20032,2007,,,,0
20032,2008,,,,0
20032,2009,,,,0
20032,2010,,,,0
20032,2011,,,,0
20032,2012,,,,0
20032,2013,,,,0
20032,2014,,,,0
20032,2015,,,,0
20032,2016,,,,0
20032,2017,,,,0
20032,2018,,,,0
20032,2019,,,,0
20032,2020,,,,0
20032,2021,,,,0
20032,2022,,,,0
20032,2023,,,,0
20032,2024,,,,0
20045,2001,,,,0
20045,2002,,,,0
20045,2003,,,,0
20045,2004,,,,0
20045,2005,,,,0
20045,2006,,,,0
20045,2007,,,,0
20045,2008,,,,0
20045,2009,,,,0
20045,2010,,,,0
20045,2011,,,,0
20045,2012,,,,0
20045,2013,,,,0
20045,2014,,,,0
20045,2015,,,,0
20045,2016,,,,0
20045,2017,,,,0
20045,2018,,,,0
20045,2019,,,,0
20045,2020,,,,0
20045,2021,,,,0
20045,2022,,,,0
20045,2023,,,,0
20045,2024,,,,0
20060,2001,,,,0
20060,2002,,,,0
20060,2003,,,,0
20060,2004,,,,0
20060,2005,,,,0
20060,2006,,,,0
20060,2007,,,,0
20060,2008,,,,0
20060,2009,,,,0
20060,2010,,,,0
20060,2011,,,,0
20060,2012,,,,0
20060,2013,,,,0
20060,2014,,,,0
20060,2015,,,,0
20060,2016,,,,0
20060,2017,,,,0
20060,2018,,,,0
20060,2019,,,,0
20060,2020,,,,0
20060,2021,,,,0
20060,2022,,,,0
20060,2023,,,,0
20060,2024,,,,0
20175,2001,,,,0
20175,2002,,,,0
20175,2003,,,,0
20175,2004,,,,0
20175,2005,,,,0
20175,2006,,,,0
20175,2007,,,,0
20175,2008,,,,0
20175,2009,,,,0
20175,2010,,,,0
20175,2011,,,,0
20175,2012,,,,0
20175,2013,,,,0
20175,2014,,,,0
20175,2015,,,,0
20175,2016,,,,0
20175,2017,,,,0
20175,2018,,,,0
20175,2019,,,,0
20175,2020,,,,0
20175,2021,,,,0
20175,2022,,,,0
20175,2023,,,,0
20175,2024,,,,0
20178,2001,,,,0
20178,2002,,,,0
20178,2003,,,,0
20178,2004,,,,0
20178,2005,,,,0
20178,2006,,,,0
20178,2007,,,,0
20178,2008,,,,0
20178,2009,,,,0
20178,2010,,,,0
20178,2011,,,,0
20178,2012,,,,0
20178,2013,,,,0
20178,2014,,,,0
20178,2015,,,,0
20178,2016,,,,0
20178,2017,,,,0
20178,2018,,,,0
20178,2019,,,,0
20178,2020,,,,0
20178,2021,,,,0
20178,2022,,,,0
20178,2023,,,,0
20178,2024,,,,0
20228,2001,,,,0
20228,2002,,,,0
20228,2003,,,,0
20228,2004,,,,0
20228,2005,,,,0
20228,2006,,,,0
20228,2007,,,,0
20228,2008,,,,0
20228,2009,,,,0
20228,2010,,,,0
20228,2011,,,,0
20228,2012,,,,0
20228,2013,,,,0
20228,2014,,,,0
20228,2015,,,,0
20228,2016,,,,0
20228,2017,,,,0
20228,2018,,,,0
20228,2019,,,,0
20228,2020,,,,0
20228,2021,,,,0
20228,2022,,,,0
20228,2023,,,,0
20228,2024,,,,0
20238,2001,,,,0
20238,2002,,,,0
20238,2003,,,,0
20238,2004,,,,0
20238,2005,,,,0
20238,2006,,,,0
20238,2007,,,,0
20238,2008,,,,0
20238,2009,,,,0
20238,2010,,,,0
20238,2011,,,,0
20238,2012,,,,0
20238,2013,,,,0
20238,2014,,,,0
20238,2015,,,,0
20238,2016,,,,0
20238,2017,,,,0
20238,2018,,,,0
20238,2019,,,,0
20238,2020,,,,0
20238,2021,,,,0
20238,2022,,,,0
20238,2023,,,,0
20238,2024,,,,0
20250,2001,,,,0
20250,2002,,,,0
20250,2003,,,,0
20250,2004,,,,0
20250,2005,,,,0
20250,2006,,,,0
20250,2007,,,,0
20250,2008,,,,0
20250,2009,,,,0
20250,2010,,,,0
20250,2011,,,,0
20250,2012,,,,0
20250,2013,,,,0
20250,2014,,,,0
20250,2015,,,,0
20250,2016,,,,0
20250,2017,,,,0
20250,2018,,,,0
20250,2019,,,,0
20250,2020,,,,0
20250,2021,,,,0
20250,2022,,,,0
20250,2023,,,,0
20250,2024,,,,0
20295,2001,,,,0
20295,2002,,,,0
20295,2003,,,,0
20295,2004,,,,0
20295,2005,,,,0
20295,2006,,,,0
20295,2007,,,,0
20295,2008,,,,0
20295,2009,,,,0
20295,2010,,,,0
20295,2011,,,,0
20295,2012,,,,0
20295,2013,,,,0
20295,2014,,,,0
20295,2015,,,,0
20295,2016,,,,0
20295,2017,,,,0
20295,2018,,,,0
20295,2019,,,,0
20295,2020,,,,0
20295,2021,,,,0
20295,2022,,,,0
20295,2023,,,,0
20295,2024,,,,0
20310,2001,,,,0
20310,2002,,,,0
20310,2003,,,,0
20310,2004,,,,0
20310,2005,,,,0
20310,2006,,,,0
20310,2007,,,,0
20310,2008,,,,0
20310,2009,,,,0
20310,2010,,,,0
20310,2011,,,,0
20310,2012,,,,0
20310,2013,,,,0
20310,2014,,,,0
20310,2015,,,,0
20310,2016,,,,0
20310,2017,,,,0
20310,2018,,,,0
20310,2019,,,,0
20310,2020,,,,0
20310,2021,,,,0
20310,2022,,,,0
20310,2023,,,,0
20310,2024,,,,0
20383,2001,,,,0
20383,2002,,,,0
20383,2003,,,,0
20383,2004,,,,0
20383,2005,,,,0
20383,2006,,,,0
20383,2007,,,,0
20383,2008,,,,0
20383,2009,,,,0
20383,2010,,,,0
20383,2011,,,,0
20383,2012,,,,0
20383,2013,,,,0
20383,2014,,,,0
20383,2015,,,,0
20383,2016,,,,0
20383,2017,,,,0
20383,2018,,,,0
20383,2019,,,,0
20383,2020,,,,0
20383,2021,,,,0
20383,2022,,,,0
20383,2023,,,,0
20383,2024,,,,0
20400,2001,,,,0
20400,2002,,,,0
20400,2003,,,,0
20400,2004,,,,0
20400,2005,,,,0
20400,2006,,,,0
20400,2007,,,,0
20400,2008,,,,0
20400,2009,,,,0
20400,2010,,,,0
20400,2011,,,,0
20400,2012,,,,0
20400,2013,,,,0
20400,2014,,,,0
20400,2015,,,,0
20400,2016,,,,0
20400,2017,,,,0
20400,2018,,,,0
20400,2019,,,,0
20400,2020,,,,0
20400,2021,,,,0
20400,2022,,,,0
20400,2023,,,,0
20400,2024,,,,0
20443,2001,,,,0
20443,2002,,,,0
20443,2003,,,,0
20443,2004,,,,0
20443,2005,,,,0
20443,2006,,,,0
20443,2007,,,,0
20443,2008,,,,0
20443,2009,,,,0
20443,2010,,,,0
20443,2011,,,,0
20443,2012,,,,0
20443,2013,,,,0
20443,2014,,,,0
20443,2015,,,,0
20443,2016,,,,0
20443,2017,,,,0
20443,2018,,,,0
20443,2019,,,,0
20443,2020,,,,0
20443,2021,,,,0
20443,2022,,,,0
20443,2023,,,,0
20443,2024,,,,0
20517,2001,,,,0
20517,2002,,,,0
20517,2003,,,,0
20517,2004,,,,0
20517,2005,,,,0
20517,2006,,,,0
20517,2007,,,,0
20517,2008,,,,0
20517,2009,,,,0
20517,2010,,,,0
20517,2011,,,,0
20517,2012,,,,0
20517,2013,,,,0
20517,2014,,,,0
20517,2015,,,,0
20517,2016,,,,0
20517,2017,,,,0
20517,2018,,,,0
20517,2019,,,,0
20517,2020,,,,0
20517,2021,,,,0
20517,2022,,,,0
20517,2023,,,,0
20517,2024,,,,0
20550,2001,,,,0
20550,2002,,,,0
20550,2003,,,,0
20550,2004,,,,0
20550,2005,,,,0
20550,2006,,,,0
20550,2007,,,,0
20550,2008,,,,0
20550,2009,,,,0
20550,2010,,,,0
20550,2011,,,,0
20550,2012,,,,0
20550,2013,,,,0
20550,2014,,,,0
20550,2015,,,,0
20550,2016,,,,0
20550,2017,,,,0
20550,2018,,,,0
20550,2019,,,,0
20550,2020,,,,0
20550,2021,,,,0
20550,2022,,,,0
20550,2023,,,,0
20550,2024,,,,0
20570,2001,,,,0
20570,2002,,,,0
20570,2003,,,,0
20570,2004,,,,0
20570,2005,,,,0
20570,2006,,,,0
20570,2007,,,,0
20570,2008,,,,0
20570,2009,,,,0
20570,2010,,,,0
20570,2011,,,,0
20570,2012,,,,0
20570,2013,,,,0
20570,2014,,,,0
20570,2015,,,,0
20570,2016,,,,0
20570,2017,,,,0
20570,2018,,,,0
20570,2019,,,,0
20570,2020,,,,0
20570,2021,,,,0
20570,2022,,,,0
20570,2023,,,,0
20570,2024,,,,0
20614,2001,,,,0
20614,2002,,,,0
20614,2003,,,,0
20614,2004,,,,0
20614,2005,,,,0
20614,2006,,,,0
20614,2007,,,,0
20614,2008,,,,0
20614,2009,,,,0
20614,2010,,,,0
20614,2011,,,,0
20614,2012,,,,0
20614,2013,,,,0
20614,2014,,,,0
20614,2015,,,,0
20614,2016,,,,0
20614,2017,,,,0
20614,2018,,,,0
20614,2019,,,,0
20614,2020,,,,0
20614,2021,,,,0
20614,2022,,,,0
20614,2023,,,,0
20614,2024,,,,0
20621,2001,,,,0
20621,2002,,,,0
20621,2003,,,,0
20621,2004,,,,0
20621,2005,,,,0
20621,2006,,,,0
20621,2007,,,,0
20621,2008,,,,0
20621,2009,,,,0
20621,2010,,,,0
20621,2011,,,,0
20621,2012,,,,0
20621,2013,,,,0
20621,2014,,,,0
20621,2015,,,,0
20621,2016,,,,0
20621,2017,,,,0
20621,2018,,,,0
20621,2019,,,,0
20621,2020,,,,0
20621,2021,,,,0
20621,2022,,,,0
20621,2023,,,,0
20621,2024,,,,0
20710,2001,,,,0
20710,2002,,,,0
20710,2003,,,,0
20710,2004,,,,0
20710,2005,,,,0
20710,2006,,,,0
20710,2007,,,,0
20710,2008,,,,0
20710,2009,,,,0
20710,2010,,,,0
20710,2011,,,,0
20710,2012,,,,0
20710,2013,,,,0
20710,2014,,,,0
20710,2015,,,,0
20710,2016,,,,0
20710,2017,,,,0
20710,2018,,,,0
20710,2019,,,,0
20710,2020,,,,0
20710,2021,,,,0
20710,2022,,,,0
20710,2023,,,,0
20710,2024,,,,0
20750,2001,,,,0
20750,2002,,,,0
20750,2003,,,,0
20750,2004,,,,0
20750,2005,,,,0
20750,2006,,,,0
20750,2007,,,,0
20750,2008,,,,0
20750,2009,,,,0
20750,2010,,,,0
20750,2011,,,,0
20750,2012,,,,0
20750,2013,,,,0
20750,2014,,,,0
20750,2015,,,,0
20750,2016,,,,0
20750,2017,,,,0
20750,2018,,,,0
20750,2019,,,,0
20750,2020,,,,0
20750,2021,,,,0
20750,2022,,,,0
20750,2023,,,,0
20750,2024,,,,0
20770,2001,,,,0
20770,2002,,,,0
20770,2003,,,,0
20770,2004,,,,0
20770,2005,,,,0
20770,2006,,,,0
20770,2007,,,,0
20770,2008,,,,0
20770,2009,,,,0
20770,2010,,,,0
20770,2011,,,,0
20770,2012,,,,0
20770,2013,,,,0
20770,2014,,,,0
20770,2015,,,,0
20770,2016,,,,0
20770,2017,,,,0
20770,2018,,,,0
20770,2019,,,,0
20770,2020,,,,0
20770,2021,,,,0
20770,2022,,,,0
20770,2023,,,,0
20770,2024,,,,0
20787,2001,,,,0
20787,2002,,,,0
20787,2003,,,,0
20787,2004,,,,0
20787,2005,,,,0
20787,2006,,,,0
20787,2007,,,,0
20787,2008,,,,0
20787,2009,,,,0
20787,2010,,,,0
20787,2011,,,,0
20787,2012,,,,0
20787,2013,,,,0
20787,2014,,,,0
20787,2015,,,,0
20787,2016,,,,0
20787,2017,,,,0
20787,2018,,,,0
20787,2019,,,,0
20787,2020,,,,0
20787,2021,,,,0
20787,2022,,,,0
20787,2023,,,,0
20787,2024,,,,0
23001,2001,,,,0
23001,2002,,,,0
23001,2003,,,,0
23001,2004,,,,0
23001,2005,,,,0
23001,2006,,,,0
23001,2007,,,,0
23001,2008,,,,0
23001,2009,,,,0
23001,2010,,,,0
23001,2011,,,,0
23001,2012,,,,0
23001,2013,,,,0
23001,2014,,,,0
23001,2015,,,,0
23001,2016,,,,0
23001,2017,,,,0
23001,2018,,,,0
23001,2019,,,,0
23001,2020,,,,0
23001,2021,,,,0
23001,2022,,,,0
23001,2023,,,,0
23001,2024,,,,0
23068,2001,,,,0
23068,2002,,,,0
23068,2003,,,,0
23068,2004,,,,0
23068,2005,,,,0
23068,2006,,,,0
23068,2007,,,,0
23068,2008,,,,0
23068,2009,,,,0
23068,2010,,,,0
23068,2011,,,,0
23068,2012,,,,0
23068,2013,,,,0
23068,2014,,,,0
23068,2015,,,,0
23068,2016,,,,0
23068,2017,,,,0
23068,2018,,,,0
23068,2019,,,,0
23068,2020,,,,0
23068,2021,,,,0
23068,2022,,,,0
23068,2023,,,,0
23068,2024,,,,0
23079,2001,,,,0
23079,2002,,,,0
23079,2003,,,,0
23079,2004,,,,0
23079,2005,,,,0
23079,2006,,,,0
23079,2007,,,,0
23079,2008,,,,0
23079,2009,,,,0
23079,2010,,,,0
23079,2011,,,,0
23079,2012,,,,0
23079,2013,,,,0
23079,2014,,,,0
23079,2015,,,,0
23079,2016,,,,0
23079,2017,,,,0
23079,2018,,,,0
23079,2019,,,,0
23079,2020,,,,0
23079,2021,,,,0
23079,2022,,,,0
23079,2023,,,,0
23079,2024,,,,0
23090,2001,,,,0
23090,2002,,,,0
23090,2003,,,,0
23090,2004,,,,0
23090,2005,,,,0
23090,2006,,,,0
23090,2007,,,,0
23090,2008,,,,0
23090,2009,,,,0
23090,2010,,,,0
23090,2011,,,,0
23090,2012,,,,0
23090,2013,,,,0
23090,2014,,,,0
23090,2015,,,,0
23090,2016,,,,0
23090,2017,,,,0
23090,2018,,,,0
23090,2019,,,,0
23090,2020,,,,0
23090,2021,,,,0
23090,2022,,,,0
23090,2023,,,,0
23090,2024,,,,0
23162,2001,,,,0
23162,2002,,,,0
23162,2003,,,,0
23162,2004,,,,0
23162,2005,,,,0
23162,2006,,,,0
23162,2007,,,,0
23162,2008,,,,0
23162,2009,,,,0
23162,2010,,,,0
23162,2011,,,,0
23162,2012,,,,0
23162,2013,,,,0
23162,2014,,,,0
23162,2015,,,,0
23162,2016,,,,0
23162,2017,,,,0
23162,2018,,,,0
23162,2019,,,,0
23162,2020,,,,0
23162,2021,,,,0
23162,2022,,,,0
23162,2023,,,,0
23162,2024,,,,0
23168,2001,,,,0
23168,2002,,,,0
23168,2003,,,,0
23168,2004,,,,0
23168,2005,,,,0
23168,2006,,,,0
23168,2007,,,,0
23168,2008,,,,0
23168,2009,,,,0
23168,2010,,,,0
23168,2011,,,,0
23168,2012,,,,0
23168,2013,,,,0
23168,2014,,,,0
23168,2015,,,,0
23168,2016,,,,0
23168,2017,,,,0
23168,2018,,,,0
23168,2019,,,,0
23168,2020,,,,0
23168,2021,,,,0
23168,2022,,,,0
23168,2023,,,,0
23168,2024,,,,0
23182,2001,,,,0
23182,2002,,,,0
23182,2003,,,,0
23182,2004,,,,0
23182,2005,,,,0
23182,2006,,,,0
23182,2007,,,,0
23182,2008,,,,0
23182,2009,,,,0
23182,2010,,,,0
23182,2011,,,,0
23182,2012,,,,0
23182,2013,,,,0
23182,2014,,,,0
23182,2015,,,,0
23182,2016,,,,0
23182,2017,,,,0
23182,2018,,,,0
23182,2019,,,,0
23182,2020,,,,0
23182,2021,,,,0
23182,2022,,,,0
23182,2023,,,,0
23182,2024,,,,0
23189,2001,,,,0
23189,2002,,,,0
23189,2003,,,,0
23189,2004,,,,0
23189,2005,,,,0
23189,2006,,,,0
23189,2007,,,,0
23189,2008,,,,0
23189,2009,,,,0
23189,2010,,,,0
23189,2011,,,,0
23189,2012,,,,0
23189,2013,,,,0
23189,2014,,,,0
23189,2015,,,,0
23189,2016,,,,0
23189,2017,,,,0
23189,2018,,,,0
23189,2019,,,,0
23189,2020,,,,0
23189,2021,,,,0
23189,2022,,,,0
23189,2023,,,,0
23189,2024,,,,0
23300,2001,,,,0
23300,2002,,,,0
23300,2003,,,,0
23300,2004,,,,0
23300,2005,,,,0
23300,2006,,,,0
23300,2007,,,,0
23300,2008,,,,0
23300,2009,,,,0
23300,2010,,,,0
23300,2011,,,,0
23300,2012,,,,0
23300,2013,,,,0
23300,2014,,,,0
23300,2015,,,,0
23300,2016,,,,0
23300,2017,,,,0
23300,2018,,,,0
23300,2019,,,,0
23300,2020,,,,0
23300,2021,,,,0
23300,2022,,,,0
23300,2023,,,,0
23300,2024,,,,0
23350,2001,,,,0
23350,2002,,,,0
23350,2003,,,,0
23350,2004,,,,0
23350,2005,,,,0
23350,2006,,,,0
23350,2007,,,,0
23350,2008,,,,0
23350,2009,,,,0
23350,2010,,,,0
23350,2011,,,,0
23350,2012,,,,0
23350,2013,,,,0
23350,2014,,,,0
23350,2015,,,,0
23350,2016,,,,0
23350,2017,,,,0
23350,2018,,,,0
23350,2019,,,,0
23350,2020,,,,0
23350,2021,,,,0
23350,2022,,,,0
23350,2023,,,,0
23350,2024,,,,0
23417,2001,,,,0
23417,2002,,,,0
23417,2003,,,,0
23417,2004,,,,0
23417,2005,,,,0
23417,2006,,,,0
23417,2007,,,,0
23417,2008,,,,0
23417,2009,,,,0
23417,2010,,,,0
23417,2011,,,,0
23417,2012,,,,0
23417,2013,,,,0
23417,2014,,,,0
23417,2015,,,,0
23417,2016,,,,0
23417,2017,,,,0
23417,2018,,,,0
23417,2019,,,,0
23417,2020,,,,0
23417,2021,,,,0
23417,2022,,,,0
23417,2023,,,,0
23417,2024,,,,0
23419,2001,,,,0
23419,2002,,,,0
23419,2003,,,,0
23419,2004,,,,0
23419,2005,,,,0
23419,2006,,,,0
23419,2007,,,,0
23419,2008,,,,0
23419,2009,,,,0
23419,2010,,,,0
23419,2011,,,,0
23419,2012,,,,0
23419,2013,,,,0
23419,2014,,,,0
23419,2015,,,,0
23419,2016,,,,0
23419,2017,,,,0
23419,2018,,,,0
23419,2019,,,,0
23419,2020,,,,0
23419,2021,,,,0
23419,2022,,,,0
23419,2023,,,,0
23419,2024,,,,0
23464,2001,,,,0
23464,2002,,,,0
23464,2003,,,,0
23464,2004,,,,0
23464,2005,,,,0
23464,2006,,,,0
23464,2007,,,,0
23464,2008,,,,0
23464,2009,,,,0
23464,2010,,,,0
23464,2011,,,,0
23464,2012,,,,0
23464,2013,,,,0
23464,2014,,,,0
23464,2015,,,,0
23464,2016,,,,0
23464,2017,,,,0
23464,2018,,,,0
23464,2019,,,,0
23464,2020,,,,0
23464,2021,,,,0
23464,2022,,,,0
23464,2023,,,,0
23464,2024,,,,0
23466,2001,,,,0
23466,2002,,,,0
23466,2003,,,,0
23466,2004,,,,0
23466,2005,,,,0
23466,2006,,,,0
23466,2007,,,,0
23466,2008,,,,0
23466,2009,,,,0
23466,2010,,,,0
23466,2011,,,,0
23466,2012,,,,0
23466,2013,,,,0
23466,2014,,,,0
23466,2015,,,,0
23466,2016,,,,0
23466,2017,,,,0
23466,2018,,,,0
23466,2019,,,,0
23466,2020,,,,0
23466,2021,,,,0
23466,2022,,,,0
23466,2023,,,,0
23466,2024,,,,0
23500,2001,,,,0
23500,2002,,,,0
23500,2003,,,,0
23500,2004,,,,0
23500,2005,,,,0
23500,2006,,,,0
23500,2007,,,,0
23500,2008,,,,0
23500,2009,,,,0
23500,2010,,,,0
23500,2011,,,,0
23500,2012,,,,0
23500,2013,,,,0
23500,2014,,,,0
23500,2015,,,,1
23500,2016,,,,1
23500,2017,,,,1
23500,2018,,,,1
23500,2019,,,,1
23500,2020,,,,1
23500,2021,,,,1
23500,2022,,,,1
23500,2023,,,,1
23500,2024,,,,1
23555,2001,,,,0
23555,2002,,,,0
23555,2003,,,,0
23555,2004,,,,0
23555,2005,,,,0
23555,2006,,,,0
23555,2007,,,,0
23555,2008,,,,0
23555,2009,,,,0
23555,2010,,,,0
23555,2011,,,,0
23555,2012,,,,0
23555,2013,,,,0
23555,2014,,,,0
23555,2015,,,,0
23555,2016,,,,0
23555,2017,,,,0
23555,2018,,,,0
23555,2019,,,,0
23555,2020,,,,0
23555,2021,,,,0
23555,2022,,,,0
23555,2023,,,,0
23555,2024,,,,0
23570,2001,,,,0
23570,2002,,,,0
23570,2003,,,,0
23570,2004,,,,0
23570,2005,,,,0
23570,2006,,,,0
23570,2007,,,,0
23570,2008,,,,0
23570,2009,,,,0
23570,2010,,,,0
23570,2011,,,,0
23570,2012,,,,0
23570,2013,,,,0
23570,2014,,,,0
23570,2015,,,,0
23570,2016,,,,0
23570,2017,,,,0
23570,2018,,,,0
23570,2019,,,,0
23570,2020,,,,0
23570,2021,,,,0
23570,2022,,,,0
23570,2023,,,,0
23570,2024,,,,0
23574,2001,,,,0
23574,2002,,,,0
23574,2003,,,,0
23574,2004,,,,0
23574,2005,,,,0
23574,2006,,,,0
23574,2007,,,,0
23574,2008,,,,0
23574,2009,,,,0
23574,2010,,,,0
23574,2011,,,,0
23574,2012,,,,0
23574,2013,,,,0
23574,2014,,,,0
23574,2015,,,,1
23574,2016,,,,1
23574,2017,,,,1
23574,2018,,,,1
23574,2019,,,,1
23574,2020,,,,1
23574,2021,,,,1
23574,2022,,,,1
23574,2023,,,,1
23574,2024,,,,1
23580,2001,,,,0
23580,2002,,,,0
23580,2003,,,,0
23580,2004,,,,0
23580,2005,,,,0
23580,2006,,,,0
23580,2007,,,,0
23580,2008,,,,0
23580,2009,,,,0
23580,2010,,,,0
23580,2011,,,,0
23580,2012,,,,0
23580,2013,,,,0
23580,2014,,,,0
23580,2015,,,,0
23580,2016,,,,0
23580,2017,,,,0
23580,2018,,,,0
23580,2019,,,,0
23580,2020,,,,0
23580,2021,,,,0
23580,2022,,,,0
23580,2023,,,,0
23580,2024,,,,0
23586,2001,,,,0
23586,2002,,,,0
23586,2003,,,,0
23586,2004,,,,0
23586,2005,,,,0
23586,2006,,,,0
23586,2007,,,,0
23586,2008,,,,0
23586,2009,,,,0
23586,2010,,,,0
23586,2011,,,,0
23586,2012,,,,0
23586,2013,,,,0
23586,2014,,,,0
23586,2015,,,,0
23586,2016,,,,0
23586,2017,,,,0
23586,2018,,,,0
23586,2019,,,,0
23586,2020,,,,0
23586,2021,,,,0
23586,2022,,,,0
23586,2023,,,,0
23586,2024,,,,0
23660,2001,,,,0
23660,2002,,,,0
23660,2003,,,,0
23660,2004,,,,0
23660,2005,,,,0
23660,2006,,,,0
23660,2007,,,,0
23660,2008,,,,0
23660,2009,,,,0
23660,2010,,,,0
23660,2011,,,,0
23660,2012,,,,0
23660,2013,,,,0
23660,2014,,,,0
23660,2015,,,,0
23660,2016,,,,0
23660,2017,,,,0
23660,2018,,,,0
23660,2019,,,,0
23660,2020,,,,0
23660,2021,,,,0
23660,2022,,,,0
23660,2023,,,,0
23660,2024,,,,0
23670,2001,,,,0
23670,2002,,,,0
23670,2003,,,,0
23670,2004,,,,0
23670,2005,,,,0
23670,2006,,,,0
23670,2007,,,,0
23670,2008,,,,0
23670,2009,,,,0
23670,2010,,,,0
23670,2011,,,,0
23670,2012,,,,0
23670,2013,,,,0
23670,2014,,,,0
23670,2015,,,,0
23670,2016,,,,0
23670,2017,,,,0
23670,2018,,,,0
23670,2019,,,,0
23670,2020,,,,0
23670,2021,,,,0
23670,2022,,,,0
23670,2023,,,,0
23670,2024,,,,0
23672,2001,,,,0
23672,2002,,,,0
23672,2003,,,,0
23672,2004,,,,0
23672,2005,,,,0
23672,2006,,,,0
23672,2007,,,,0
23672,2008,,,,0
23672,2009,,,,0
23672,2010,,,,0
23672,2011,,,,0
23672,2012,,,,0
23672,2013,,,,0
23672,2014,,,,0
23672,2015,,,,1
23672,2016,,,,1
23672,2017,,,,1
23672,2018,,,,1
23672,2019,,,,1
23672,2020,,,,1
23672,2021,,,,1
23672,2022,,,,1
23672,2023,,,,1
23672,2024,,,,1
23675,2001,,,,0
23675,2002,,,,0
23675,2003,,,,0
23675,2004,,,,0
23675,2005,,,,0
23675,2006,,,,0
23675,2007,,,,0
23675,2008,,,,0
23675,2009,,,,0
23675,2010,,,,0
23675,2011,,,,0
23675,2012,,,,0
23675,2013,,,,0
23675,2014,,,,0
23675,2015,,,,1
23675,2016,,,,1
23675,2017,,,,1
23675,2018,,,,1
23675,2019,,,,1
23675,2020,,,,1
23675,2021,,,,1
23675,2022,,,,1
23675,2023,,,,1
23675,2024,,,,1
23678,2001,,,,0
23678,2002,,,,0
23678,2003,,,,0
23678,2004,,,,0
23678,2005,,,,0
23678,2006,,,,0
23678,2007,,,,0
23678,2008,,,,0
23678,2009,,,,0
23678,2010,,,,0
23678,2011,,,,0
23678,2012,,,,0
23678,2013,,,,0
23678,2014,,,,0
23678,2015,,,,0
23678,2016,,,,0
23678,2017,,,,0
23678,2018,,,,0
23678,2019,,,,0
23678,2020,,,,0
23678,2021,,,,0
23678,2022,,,,0
23678,2023,,,,0
23678,2024,,,,0
23682,2001,,,,0
23682,2002,,,,0
23682,2003,,,,0
23682,2004,,,,0
23682,2005,,,,0
23682,2006,,,,0
23682,2007,,,,0
23682,2008,,,,0
23682,2009,,,,0
23682,2010,,,,0
23682,2011,,,,0
23682,2012,,,,0
23682,2013,,,,0
23682,2014,,,,0
23682,2015,,,,0
23682,2016,,,,0
23682,2017,,,,0
23682,2018,,,,0
23682,2019,,,,0
23682,2020,,,,0
23682,2021,,,,0
23682,2022,,,,0
23682,2023,,,,0
23682,2024,,,,0
23686,2001,,,,0
23686,2002,,,,0
23686,2003,,,,0
23686,2004,,,,0
23686,2005,,,,0
23686,2006,,,,0
23686,2007,,,,0
23686,2008,,,,0
23686,2009,,,,0
23686,2010,,,,0
23686,2011,,,,0
23686,2012,,,,0
23686,2013,,,,0
23686,2014,,,,0
23686,2015,,,,0
23686,2016,,,,0
23686,2017,,,,0
23686,2018,,,,0
23686,2019,,,,0
23686,2020,,,,0
23686,2021,,,,0
23686,2022,,,,0
23686,2023,,,,0
23686,2024,,,,0
23807,2001,,,,0
23807,2002,,,,0
23807,2003,,,,0
23807,2004,,,,0
23807,2005,,,,0
23807,2006,,,,0
23807,2007,,,,0
23807,2008,,,,0
23807,2009,,,,0
23807,2010,,,,0
23807,2011,,,,0
23807,2012,,,,0
23807,2013,,,,0
23807,2014,,,,0
23807,2015,,,,0
23807,2016,,,,0
23807,2017,,,,0
23807,2018,,,,0
23807,2019,,,,0
23807,2020,,,,0
23807,2021,,,,0
23807,2022,,,,0
23807,2023,,,,0
23807,2024,,,,0
23815,2001,,,,0
23815,2002,,,,0
23815,2003,,,,0
23815,2004,,,,0
23815,2005,,,,0
23815,2006,,,,0
23815,2007,,,,0
23815,2008,,,,0
23815,2009,,,,0
23815,2010,,,,0
23815,2011,,,,0
23815,2012,,,,0
23815,2013,,,,0
23815,2014,,,,0
23815,2015,,,,0
23815,2016,,,,0
23815,2017,,,,0
23815,2018,,,,0
23815,2019,,,,0
23815,2020,,,,0
23815,2021,,,,0
23815,2022,,,,0
23815,2023,,,,0
23815,2024,,,,0
23855,2001,,,,0
23855,2002,,,,0
23855,2003,,,,0
23855,2004,,,,0
23855,2005,,,,0
23855,2006,,,,0
23855,2007,,,,0
23855,2008,,,,0
23855,2009,,,,0
23855,2010,,,,0
23855,2011,,,,0
23855,2012,,,,0
23855,2013,,,,0
23855,2014,,,,0
23855,2015,,,,0
23855,2016,,,,0
23855,2017,,,,0
23855,2018,,,,0
23855,2019,,,,0
23855,2020,,,,0
23855,2021,,,,0
23855,2022,,,,0
23855,2023,,,,0
23855,2024,,,,0
25001,2001,,,,0
25001,2002,,,,0
25001,2003,,,,0
25001,2004,,,,0
25001,2005,,,,0
25001,2006,,,,0
25001,2007,,,,0
25001,2008,,,,0
25001,2009,,,,0
25001,2010,,,,0
25001,2011,,,,0
25001,2012,,,,0
25001,2013,,,,0
25001,2014,,,,0
25001,2015,,,,0
25001,2016,,,,0
25001,2017,,,,0
25001,2018,,,,0
25001,2019,,,,0
25001,2020,,,,0
25001,2021,,,,0
25001,2022,,,,0
25001,2023,,,,0
25001,2024,,,,0
25019,2001,,,,0
25019,2002,,,,0
25019,2003,,,,0
25019,2004,,,,0
25019,2005,,,,0
25019,2006,,,,0
25019,2007,,,,0
25019,2008,,,,0
25019,2009,,,,0
25019,2010,,,,0
25019,2011,,,,0
25019,2012,,,,0
25019,2013,,,,0
25019,2014,,,,0
25019,2015,,,,0
25019,2016,,,,0
25019,2017,,,,0
25019,2018,,,,0
25019,2019,,,,0
25019,2020,,,,0
25019,2021,,,,0
25019,2022,,,,0
25019,2023,,,,0
25019,2024,,,,0
25035,2001,,,,0
25035,2002,,,,0
25035,2003,,,,0
25035,2004,,,,0
25035,2005,,,,0
25035,2006,,,,0
25035,2007,,,,0
25035,2008,,,,0
25035,2009,,,,0
25035,2010,,,,0
25035,2011,,,,0
25035,2012,,,,0
25035,2013,,,,0
25035,2014,,,,0
25035,2015,,,,0
25035,2016,,,,0
25035,2017,,,,0
25035,2018,,,,0
25035,2019,,,,0
25035,2020,,,,0
25035,2021,,,,0
25035,2022,,,,0
25035,2023,,,,0
25035,2024,,,,0
25040,2001,,,,0
25040,2002,,,,0
25040,2003,,,,0
25040,2004,,,,0
25040,2005,,,,0
25040,2006,,,,0
25040,2007,,,,0
25040,2008,,,,0
25040,2009,,,,0
25040,2010,,,,0
25040,2011,,,,0
25040,2012,,,,0
25040,2013,,,,0
25040,2014,,,,0
25040,2015,,,,0
25040,2016,,,,0
25040,2017,,,,0
25040,2018,,,,0
25040,2019,,,,0
25040,2020,,,,0
25040,2021,,,,0
25040,2022,,,,0
25040,2023,,,,0
25040,2024,,,,0
25053,2001,,,,0
25053,2002,,,,0
25053,2003,,,,0
25053,2004,,,,0
25053,2005,,,,0
25053,2006,,,,0
25053,2007,,,,0
25053,2008,,,,0
25053,2009,,,,0
25053,2010,,,,0
25053,2011,,,,0
25053,2012,,,,0
25053,2013,,,,0
25053,2014,,,,0
25053,2015,,,,0
25053,2016,,,,0
25053,2017,,,,0
25053,2018,,,,0
25053,2019,,,,0
25053,2020,,,,0
25053,2021,,,,0
25053,2022,,,,0
25053,2023,,,,0
25053,2024,,,,0
25086,2001,,,,0
25086,2002,,,,0
25086,2003,,,,0
25086,2004,,,,0
25086,2005,,,,0
25086,2006,,,,0
25086,2007,,,,0
25086,2008,,,,0
25086,2009,,,,0
25086,2010,,,,0
25086,2011,,,,0
25086,2012,,,,0
25086,2013,,,,0
25086,2014,,,,0
25086,2015,,,,0
25086,2016,,,,0
25086,2017,,,,0
25086,2018,,,,0
25086,2019,,,,0
25086,2020,,,,0
25086,2021,,,,0
25086,2022,,,,0
25086,2023,,,,0
25086,2024,,,,0
25095,2001,,,,0
25095,2002,,,,0
25095,2003,,,,0
25095,2004,,,,0
25095,2005,,,,0
25095,2006,,,,0
25095,2007,,,,0
25095,2008,,,,0
25095,2009,,,,0
25095,2010,,,,0
25095,2011,,,,0
25095,2012,,,,0
25095,2013,,,,0
25095,2014,,,,0
25095,2015,,,,0
25095,2016,,,,0
25095,2017,,,,0
25095,2018,,,,0
25095,2019,,,,0
25095,2020,,,,0
25095,2021,,,,0
25095,2022,,,,0
25095,2023,,,,0
25095,2024,,,,0
25099,2001,,,,0
25099,2002,,,,0
25099,2003,,,,0
25099,2004,,,,0
25099,2005,,,,0
25099,2006,,,,0
25099,2007,,,,0
25099,2008,,,,0
25099,2009,,,,0
25099,2010,,,,0
25099,2011,,,,0
25099,2012,,,,0
25099,2013,,,,0
25099,2014,,,,0
25099,2015,,,,0
25099,2016,,,,0
25099,2017,,,,0
25099,2018,,,,0
25099,2019,,,,0
25099,2020,,,,0
25099,2021,,,,0
25099,2022,,,,0
25099,2023,,,,0
25099,2024,,,,0
25120,2001,,,,0
25120,2002,,,,0
25120,2003,,,,0
25120,2004,,,,0
25120,2005,,,,0
25120,2006,,,,0
25120,2007,,,,0
25120,2008,,,,0
25120,2009,,,,0
25120,2010,,,,0
25120,2011,,,,0
25120,2012,,,,0
25120,2013,,,,0
25120,2014,,,,0
25120,2015,,,,0
25120,2016,,,,0
25120,2017,,,,0
25120,2018,,,,0
25120,2019,,,,0
25120,2020,,,,0
25120,2021,,,,0
25120,2022,,,,0
25120,2023,,,,0
25120,2024,,,,0
25123,2001,,,,0
25123,2002,,,,0
25123,2003,,,,0
25123,2004,,,,0
25123,2005,,,,0
25123,2006,,,,0
25123,2007,,,,0
25123,2008,,,,0
25123,2009,,,,0
25123,2010,,,,0
25123,2011,,,,0
25123,2012,,,,0
25123,2013,,,,0
25123,2014,,,,0
25123,2015,,,,0
25123,2016,,,,0
25123,2017,,,,0
25123,2018,,,,0
25123,2019,,,,0
25123,2020,,,,0
25123,2021,,,,0
25123,2022,,,,0
25123,2023,,,,0
25123,2024,,,,0
25126,2001,,,,0
25126,2002,,,,0
25126,2003,,,,0
25126,2004,,,,0
25126,2005,,,,0
25126,2006,,,,0
25126,2007,,,,0
25126,2008,,,,0
25126,2009,,,,0
25126,2010,,,,0
25126,2011,,,,0
25126,2012,,,,0
25126,2013,,,,0
25126,2014,,,,0
25126,2015,,,,0
25126,2016,,,,0
25126,2017,,,,0
25126,2018,,,,0
25126,2019,,,,0
25126,2020,,,,0
25126,2021,,,,0
25126,2022,,,,0
25126,2023,,,,0
25126,2024,,,,0
25148,2001,,,,0
25148,2002,,,,0
25148,2003,,,,0
25148,2004,,,,0
25148,2005,,,,0
25148,2006,,,,0
25148,2007,,,,0
25148,2008,,,,0
25148,2009,,,,0
25148,2010,,,,0
25148,2011,,,,0
25148,2012,,,,0
25148,2013,,,,0
25148,2014,,,,0
25148,2015,,,,0
25148,2016,,,,0
25148,2017,,,,0
25148,2018,,,,0
25148,2019,,,,0
25148,2020,,,,0
25148,2021,,,,0
25148,2022,,,,0
25148,2023,,,,0
25148,2024,,,,0
25151,2001,,,,0
25151,2002,,,,0
25151,2003,,,,0
25151,2004,,,,0
25151,2005,,,,0
25151,2006,,,,0
25151,2007,,,,0
25151,2008,,,,0
25151,2009,,,,0
25151,2010,,,,0
25151,2011,,,,0
25151,2012,,,,0
25151,2013,,,,0
25151,2014,,,,0
25151,2015,,,,0
25151,2016,,,,0
25151,2017,,,,0
25151,2018,,,,0
25151,2019,,,,0
25151,2020,,,,0
25151,2021,,,,0
25151,2022,,,,0
25151,2023,,,,0
25151,2024,,,,0
25154,2001,,,,0
25154,2002,,,,0
25154,2003,,,,0
25154,2004,,,,0
25154,2005,,,,0
25154,2006,,,,0
25154,2007,,,,0
25154,2008,,,,0
25154,2009,,,,0
25154,2010,,,,0
25154,2011,,,,0
25154,2012,,,,0
25154,2013,,,,0
25154,2014,,,,0
25154,2015,,,,0
25154,2016,,,,0
25154,2017,,,,0
25154,2018,,,,0
25154,2019,,,,0
25154,2020,,,,0
25154,2021,,,,0
25154,2022,,,,0
25154,2023,,,,0
25154,2024,,,,0
25168,2001,,,,0
25168,2002,,,,0
25168,2003,,,,0
25168,2004,,,,0
25168,2005,,,,0
25168,2006,,,,0
25168,2007,,,,0
25168,2008,,,,0
25168,2009,,,,0
25168,2010,,,,0
25168,2011,,,,0
25168,2012,,,,0
25168,2013,,,,0
25168,2014,,,,0
25168,2015,,,,0
25168,2016,,,,0
25168,2017,,,,0
25168,2018,,,,0
25168,2019,,,,0
25168,2020,,,,0
25168,2021,,,,0
25168,2022,,,,0
25168,2023,,,,0
25168,2024,,,,0
25175,2001,,,,0
25175,2002,,,,0
25175,2003,,,,0
25175,2004,,,,0
25175,2005,,,,0
25175,2006,,,,0
25175,2007,,,,0
25175,2008,,,,0
25175,2009,,,,0
25175,2010,,,,0
25175,2011,,,,0
25175,2012,,,,0
25175,2013,,,,0
25175,2014,,,,0
25175,2015,,,,0
25175,2016,,,,0
25175,2017,,,,0
25175,2018,,,,0
25175,2019,,,,0
25175,2020,,,,0
25175,2021,,,,0
25175,2022,,,,0
25175,2023,,,,0
25175,2024,,,,0
25178,2001,,,,0
25178,2002,,,,0
25178,2003,,,,0
25178,2004,,,,0
25178,2005,,,,0
25178,2006,,,,0
25178,2007,,,,0
25178,2008,,,,0
25178,2009,,,,0
25178,2010,,,,0
25178,2011,,,,0
25178,2012,,,,0
25178,2013,,,,0
25178,2014,,,,0
25178,2015,,,,0
25178,2016,,,,0
25178,2017,,,,0
25178,2018,,,,0
25178,2019,,,,0
25178,2020,,,,0
25178,2021,,,,0
25178,2022,,,,0
25178,2023,,,,0
25178,2024,,,,0
25181,2001,,,,0
25181,2002,,,,0
25181,2003,,,,0
25181,2004,,,,0
25181,2005,,,,0
25181,2006,,,,0
25181,2007,,,,0
25181,2008,,,,0
25181,2009,,,,0
25181,2010,,,,0
25181,2011,,,,0
25181,2012,,,,0
25181,2013,,,,0
25181,2014,,,,0
25181,2015,,,,0
25181,2016,,,,0
25181,2017,,,,0
25181,2018,,,,0
25181,2019,,,,0
25181,2020,,,,0
25181,2021,,,,0
25181,2022,,,,0
25181,2023,,,,0
25181,2024,,,,0
25183,2001,,,,0
25183,2002,,,,0
25183,2003,,,,0
25183,2004,,,,0
25183,2005,,,,0
25183,2006,,,,0
25183,2007,,,,0
25183,2008,,,,0
25183,2009,,,,0
25183,2010,,,,0
25183,2011,,,,0
25183,2012,,,,0
25183,2013,,,,0
25183,2014,,,,0
25183,2015,,,,0
25183,2016,,,,0
25183,2017,,,,0
25183,2018,,,,0
25183,2019,,,,0
25183,2020,,,,0
25183,2021,,,,0
25183,2022,,,,0
25183,2023,,,,0
25183,2024,,,,0
25200,2001,,,,0
25200,2002,,,,0
25200,2003,,,,0
25200,2004,,,,0
25200,2005,,,,0
25200,2006,,,,0
25200,2007,,,,0
25200,2008,,,,0
25200,2009,,,,0
25200,2010,,,,0
25200,2011,,,,0
25200,2012,,,,0
25200,2013,,,,0
25200,2014,,,,0
25200,2015,,,,0
25200,2016,,,,0
25200,2017,,,,0
25200,2018,,,,0
25200,2019,,,,0
25200,2020,,,,0
25200,2021,,,,0
25200,2022,,,,0
25200,2023,,,,0
25200,2024,,,,0
25214,2001,,,,0
25214,2002,,,,0
25214,2003,,,,0
25214,2004,,,,0
25214,2005,,,,0
25214,2006,,,,0
25214,2007,,,,0
25214,2008,,,,0
25214,2009,,,,0
25214,2010,,,,0
25214,2011,,,,0
25214,2012,,,,0
25214,2013,,,,0
25214,2014,,,,0
25214,2015,,,,0
25214,2016,,,,0
25214,2017,,,,0
25214,2018,,,,0
25214,2019,,,,0
25214,2020,,,,0
25214,2021,,,,0
25214,2022,,,,0
25214,2023,,,,0
25214,2024,,,,0
25224,2001,,,,0
25224,2002,,,,0
25224,2003,,,,0
25224,2004,,,,0
25224,2005,,,,0
25224,2006,,,,0
25224,2007,,,,0
25224,2008,,,,0
25224,2009,,,,0
25224,2010,,,,0
25224,2011,,,,0
25224,2012,,,,0
25224,2013,,,,0
25224,2014,,,,0
25224,2015,,,,0
25224,2016,,,,0
25224,2017,,,,0
25224,2018,,,,0
25224,2019,,,,0
25224,2020,,,,0
25224,2021,,,,0
25224,2022,,,,0
25224,2023,,,,0
25224,2024,,,,0
25245,2001,,,,0
25245,2002,,,,0
25245,2003,,,,0
25245,2004,,,,0
25245,2005,,,,0
25245,2006,,,,0
25245,2007,,,,0
25245,2008,,,,0
25245,2009,,,,0
25245,2010,,,,0
25245,2011,,,,0
25245,2012,,,,0
25245,2013,,,,0
25245,2014,,,,0
25245,2015,,,,0
25245,2016,,,,0
25245,2017,,,,0
25245,2018,,,,0
25245,2019,,,,0
25245,2020,,,,0
25245,2021,,,,0
25245,2022,,,,0
25245,2023,,,,0
25245,2024,,,,0
25258,2001,,,,0
25258,2002,,,,0
25258,2003,,,,0
25258,2004,,,,0
25258,2005,,,,0
25258,2006,,,,0
25258,2007,,,,0
25258,2008,,,,0
25258,2009,,,,0
25258,2010,,,,0
25258,2011,,,,0
25258,2012,,,,0
25258,2013,,,,0
25258,2014,,,,0
25258,2015,,,,0
25258,2016,,,,0
25258,2017,,,,0
25258,2018,,,,0
25258,2019,,,,0
25258,2020,,,,0
25258,2021,,,,0
25258,2022,,,,0
25258,2023,,,,0
25258,2024,,,,0
25260,2001,,,,0
25260,2002,,,,0
25260,2003,,,,0
25260,2004,,,,0
25260,2005,,,,0
25260,2006,,,,0
25260,2007,,,,0
25260,2008,,,,0
25260,2009,,,,0
25260,2010,,,,0
25260,2011,,,,0
25260,2012,,,,0
25260,2013,,,,0
25260,2014,,,,0
25260,2015,,,,0
25260,2016,,,,0
25260,2017,,,,0
25260,2018,,,,0
25260,2019,,,,0
25260,2020,,,,0
25260,2021,,,,0
25260,2022,,,,0
25260,2023,,,,0
25260,2024,,,,0
25269,2001,,,,0
25269,2002,,,,0
25269,2003,,,,0
25269,2004,,,,0
25269,2005,,,,0
25269,2006,,,,0
25269,2007,,,,0
25269,2008,,,,0
25269,2009,,,,0
25269,2010,,,,0
25269,2011,,,,0
25269,2012,,,,0
25269,2013,,,,0
25269,2014,,,,0
25269,2015,,,,0
25269,2016,,,,0
25269,2017,,,,0
25269,2018,,,,0
25269,2019,,,,0
25269,2020,,,,0
25269,2021,,,,0
25269,2022,,,,0
25269,2023,,,,0
25269,2024,,,,0
25279,2001,,,,0
25279,2002,,,,0
25279,2003,,,,0
25279,2004,,,,0
25279,2005,,,,0
25279,2006,,,,0
25279,2007,,,,0
25279,2008,,,,0
25279,2009,,,,0
25279,2010,,,,0
25279,2011,,,,0
25279,2012,,,,0
25279,2013,,,,0
25279,2014,,,,0
25279,2015,,,,0
25279,2016,,,,0
25279,2017,,,,0
25279,2018,,,,0
25279,2019,,,,0
25279,2020,,,,0
25279,2021,,,,0
25279,2022,,,,0
25279,2023,,,,0
25279,2024,,,,0
25281,2001,,,,0
25281,2002,,,,0
25281,2003,,,,0
25281,2004,,,,0
25281,2005,,,,0
25281,2006,,,,0
25281,2007,,,,0
25281,2008,,,,0
25281,2009,,,,0
25281,2010,,,,0
25281,2011,,,,0
25281,2012,,,,0
25281,2013,,,,0
25281,2014,,,,0
25281,2015,,,,0
25281,2016,,,,0
25281,2017,,,,0
25281,2018,,,,0
25281,2019,,,,0
25281,2020,,,,0
25281,2021,,,,0
25281,2022,,,,0
25281,2023,,,,0
25281,2024,,,,0
25286,2001,,,,0
25286,2002,,,,0
25286,2003,,,,0
25286,2004,,,,0
25286,2005,,,,0
25286,2006,,,,0
25286,2007,,,,0
25286,2008,,,,0
25286,2009,,,,0
25286,2010,,,,0
25286,2011,,,,0
25286,2012,,,,0
25286,2013,,,,0
25286,2014,,,,0
25286,2015,,,,0
25286,2016,,,,0
25286,2017,,,,0
25286,2018,,,,0
25286,2019,,,,0
25286,2020,,,,0
25286,2021,,,,0
25286,2022,,,,0
25286,2023,,,,0
25286,2024,,,,0
25288,2001,,,,0
25288,2002,,,,0
25288,2003,,,,0
25288,2004,,,,0
25288,2005,,,,0
25288,2006,,,,0
25288,2007,,,,0
25288,2008,,,,0
25288,2009,,,,0
25288,2010,,,,0
25288,2011,,,,0
25288,2012,,,,0
25288,2013,,,,0
25288,2014,,,,0
25288,2015,,,,0
25288,2016,,,,0
25288,2017,,,,0
25288,2018,,,,0
25288,2019,,,,0
25288,2020,,,,0
25288,2021,,,,0
25288,2022,,,,0
25288,2023,,,,0
25288,2024,,,,0
25290,2001,,,,0
25290,2002,,,,0
25290,2003,,,,0
25290,2004,,,,0
25290,2005,,,,0
25290,2006,,,,0
25290,2007,,,,0
25290,2008,,,,0
25290,2009,,,,0
25290,2010,,,,0
25290,2011,,,,0
25290,2012,,,,0
25290,2013,,,,0
25290,2014,,,,0
25290,2015,,,,0
25290,2016,,,,0
25290,2017,,,,0
25290,2018,,,,0
25290,2019,,,,0
25290,2020,,,,0
25290,2021,,,,0
25290,2022,,,,0
25290,2023,,,,0
25290,2024,,,,0
25293,2001,,,,0
25293,2002,,,,0
25293,2003,,,,0
25293,2004,,,,0
25293,2005,,,,0
25293,2006,,,,0
25293,2007,,,,0
25293,2008,,,,0
25293,2009,,,,0
25293,2010,,,,0
25293,2011,,,,0
25293,2012,,,,0
25293,2013,,,,0
25293,2014,,,,0
25293,2015,,,,0
25293,2016,,,,0
25293,2017,,,,0
25293,2018,,,,0
25293,2019,,,,0
25293,2020,,,,0
25293,2021,,,,0
25293,2022,,,,0
25293,2023,,,,0
25293,2024,,,,0
25295,2001,,,,0
25295,2002,,,,0
25295,2003,,,,0
25295,2004,,,,0
25295,2005,,,,0
25295,2006,,,,0
25295,2007,,,,0
25295,2008,,,,0
25295,2009,,,,0
25295,2010,,,,0
25295,2011,,,,0
25295,2012,,,,0
25295,2013,,,,0
25295,2014,,,,0
25295,2015,,,,0
25295,2016,,,,0
25295,2017,,,,0
25295,2018,,,,0
25295,2019,,,,0
25295,2020,,,,0
25295,2021,,,,0
25295,2022,,,,0
25295,2023,,,,0
25295,2024,,,,0
25297,2001,,,,0
25297,2002,,,,0
25297,2003,,,,0
25297,2004,,,,0
25297,2005,,,,0
25297,2006,,,,0
25297,2007,,,,0
25297,2008,,,,0
25297,2009,,,,0
25297,2010,,,,0
25297,2011,,,,0
25297,2012,,,,0
25297,2013,,,,0
25297,2014,,,,0
25297,2015,,,,0
25297,2016,,,,0
25297,2017,,,,0
25297,2018,,,,0
25297,2019,,,,0
25297,2020,,,,0
25297,2021,,,,0
25297,2022,,,,0
25297,2023,,,,0
25297,2024,,,,0
25299,2001,,,,0
25299,2002,,,,0
25299,2003,,,,0
25299,2004,,,,0
25299,2005,,,,0
25299,2006,,,,0
25299,2007,,,,0
25299,2008,,,,0
25299,2009,,,,0
25299,2010,,,,0
25299,2011,,,,0
25299,2012,,,,0
25299,2013,,,,0
25299,2014,,,,0
25299,2015,,,,0
25299,2016,,,,0
25299,2017,,,,0
25299,2018,,,,0
25299,2019,,,,0
25299,2020,,,,0
25299,2021,,,,0
25299,2022,,,,0
25299,2023,,,,0
25299,2024,,,,0
25307,2001,,,,0
25307,2002,,,,0
25307,2003,,,,0
25307,2004,,,,0
25307,2005,,,,0
25307,2006,,,,0
25307,2007,,,,0
25307,2008,,,,0
25307,2009,,,,0
25307,2010,,,,0
25307,2011,,,,0
25307,2012,,,,0
25307,2013,,,,0
25307,2014,,,,0
25307,2015,,,,0
25307,2016,,,,0
25307,2017,,,,0
25307,2018,,,,0
25307,2019,,,,0
25307,2020,,,,0
25307,2021,,,,0
25307,2022,,,,0
25307,2023,,,,0
25307,2024,,,,0
25312,2001,,,,0
25312,2002,,,,0
25312,2003,,,,0
25312,2004,,,,0
25312,2005,,,,0
25312,2006,,,,0
25312,2007,,,,0
25312,2008,,,,0
25312,2009,,,,0
25312,2010,,,,0
25312,2011,,,,0
25312,2012,,,,0
25312,2013,,,,0
25312,2014,,,,0
25312,2015,,,,0
25312,2016,,,,0
25312,2017,,,,0
25312,2018,,,,0
25312,2019,,,,0
25312,2020,,,,0
25312,2021,,,,0
25312,2022,,,,0
25312,2023,,,,0
25312,2024,,,,0
25317,2001,,,,0
25317,2002,,,,0
25317,2003,,,,0
25317,2004,,,,0
25317,2005,,,,0
25317,2006,,,,0
25317,2007,,,,0
25317,2008,,,,0
25317,2009,,,,0
25317,2010,,,,0
25317,2011,,,,0
25317,2012,,,,0
25317,2013,,,,0
25317,2014,,,,0
25317,2015,,,,0
25317,2016,,,,0
25317,2017,,,,0
25317,2018,,,,0
25317,2019,,,,0
25317,2020,,,,0
25317,2021,,,,0
25317,2022,,,,0
25317,2023,,,,0
25317,2024,,,,0
25320,2001,,,,0
25320,2002,,,,0
25320,2003,,,,0
25320,2004,,,,0
25320,2005,,,,0
25320,2006,,,,0
25320,2007,,,,0
25320,2008,,,,0
25320,2009,,,,0
25320,2010,,,,0
25320,2011,,,,0
25320,2012,,,,0
25320,2013,,,,0
25320,2014,,,,0
25320,2015,,,,0
25320,2016,,,,0
25320,2017,,,,0
25320,2018,,,,0
25320,2019,,,,0
25320,2020,,,,0
25320,2021,,,,0
25320,2022,,,,0
25320,2023,,,,0
25320,2024,,,,0
25322,2001,,,,0
25322,2002,,,,0
25322,2003,,,,0
25322,2004,,,,0
25322,2005,,,,0
25322,2006,,,,0
25322,2007,,,,0
25322,2008,,,,0
25322,2009,,,,0
25322,2010,,,,0
25322,2011,,,,0
25322,2012,,,,0
25322,2013,,,,0
25322,2014,,,,0
25322,2015,,,,0
25322,2016,,,,0
25322,2017,,,,0
25322,2018,,,,0
25322,2019,,,,0
25322,2020,,,,0
25322,2021,,,,0
25322,2022,,,,0
25322,2023,,,,0
25322,2024,,,,0
25324,2001,,,,0
25324,2002,,,,0
25324,2003,,,,0
25324,2004,,,,0
25324,2005,,,,0
25324,2006,,,,0
25324,2007,,,,0
25324,2008,,,,0
25324,2009,,,,0
25324,2010,,,,0
25324,2011,,,,0
25324,2012,,,,0
25324,2013,,,,0
25324,2014,,,,0
25324,2015,,,,0
25324,2016,,,,0
25324,2017,,,,0
25324,2018,,,,0
25324,2019,,,,0
25324,2020,,,,0
25324,2021,,,,0
25324,2022,,,,0
25324,2023,,,,0
25324,2024,,,,0
25326,2001,,,,0
25326,2002,,,,0
25326,2003,,,,0
25326,2004,,,,0
25326,2005,,,,0
25326,2006,,,,0
25326,2007,,,,0
25326,2008,,,,0
25326,2009,,,,0
25326,2010,,,,0
25326,2011,,,,0
25326,2012,,,,0
25326,2013,,,,0
25326,2014,,,,0
25326,2015,,,,0
25326,2016,,,,0
25326,2017,,,,0
25326,2018,,,,0
25326,2019,,,,0
25326,2020,,,,0
25326,2021,,,,0
25326,2022,,,,0
25326,2023,,,,0
25326,2024,,,,0
25328,2001,,,,0
25328,2002,,,,0
25328,2003,,,,0
25328,2004,,,,0
25328,2005,,,,0
25328,2006,,,,0
25328,2007,,,,0
25328,2008,,,,0
25328,2009,,,,0
25328,2010,,,,0
25328,2011,,,,0
25328,2012,,,,0
25328,2013,,,,0
25328,2014,,,,0
25328,2015,,,,0
25328,2016,,,,0
25328,2017,,,,0
25328,2018,,,,0
25328,2019,,,,0
25328,2020,,,,0
25328,2021,,,,0
25328,2022,,,,0
25328,2023,,,,0
25328,2024,,,,0
25335,2001,,,,0
25335,2002,,,,0
25335,2003,,,,0
25335,2004,,,,0
25335,2005,,,,0
25335,2006,,,,0
25335,2007,,,,0
25335,2008,,,,0
25335,2009,,,,0
25335,2010,,,,0
25335,2011,,,,0
25335,2012,,,,0
25335,2013,,,,0
25335,2014,,,,0
25335,2015,,,,0
25335,2016,,,,0
25335,2017,,,,0
25335,2018,,,,0
25335,2019,,,,0
25335,2020,,,,0
25335,2021,,,,0
25335,2022,,,,0
25335,2023,,,,0
25335,2024,,,,0
25339,2001,,,,0
25339,2002,,,,0
25339,2003,,,,0
25339,2004,,,,0
25339,2005,,,,0
25339,2006,,,,0
25339,2007,,,,0
25339,2008,,,,0
25339,2009,,,,0
25339,2010,,,,0
25339,2011,,,,0
25339,2012,,,,0
25339,2013,,,,0
25339,2014,,,,0
25339,2015,,,,0
25339,2016,,,,0
25339,2017,,,,0
25339,2018,,,,0
25339,2019,,,,0
25339,2020,,,,0
25339,2021,,,,0
25339,2022,,,,0
25339,2023,,,,0
25339,2024,,,,0
25368,2001,,,,0
25368,2002,,,,0
25368,2003,,,,0
25368,2004,,,,0
25368,2005,,,,0
25368,2006,,,,0
25368,2007,,,,0
25368,2008,,,,0
25368,2009,,,,0
25368,2010,,,,0
25368,2011,,,,0
25368,2012,,,,0
25368,2013,,,,0
25368,2014,,,,0
25368,2015,,,,0
25368,2016,,,,0
25368,2017,,,,0
25368,2018,,,,0
25368,2019,,,,0
25368,2020,,,,0
25368,2021,,,,0
25368,2022,,,,0
25368,2023,,,,0
25368,2024,,,,0
25372,2001,,,,0
25372,2002,,,,0
25372,2003,,,,0
25372,2004,,,,0
25372,2005,,,,0
25372,2006,,,,0
25372,2007,,,,0
25372,2008,,,,0
25372,2009,,,,0
25372,2010,,,,0
25372,2011,,,,0
25372,2012,,,,0
25372,2013,,,,0
25372,2014,,,,0
25372,2015,,,,0
25372,2016,,,,0
25372,2017,,,,0
25372,2018,,,,0
25372,2019,,,,0
25372,2020,,,,0
25372,2021,,,,0
25372,2022,,,,0
25372,2023,,,,0
25372,2024,,,,0
25377,2001,,,,0
25377,2002,,,,0
25377,2003,,,,0
25377,2004,,,,0
25377,2005,,,,0
25377,2006,,,,0
25377,2007,,,,0
25377,2008,,,,0
25377,2009,,,,0
25377,2010,,,,0
25377,2011,,,,0
25377,2012,,,,0
25377,2013,,,,0
25377,2014,,,,0
25377,2015,,,,0
25377,2016,,,,0
25377,2017,,,,0
25377,2018,,,,0
25377,2019,,,,0
25377,2020,,,,0
25377,2021,,,,0
25377,2022,,,,0
25377,2023,,,,0
25377,2024,,,,0
25386,2001,,,,0
25386,2002,,,,0
25386,2003,,,,0
25386,2004,,,,0
25386,2005,,,,0
25386,2006,,,,0
25386,2007,,,,0
25386,2008,,,,0
25386,2009,,,,0
25386,2010,,,,0
25386,2011,,,,0
25386,2012,,,,0
25386,2013,,,,0
25386,2014,,,,0
25386,2015,,,,0
25386,2016,,,,0
25386,2017,,,,0
25386,2018,,,,0
25386,2019,,,,0
25386,2020,,,,0
25386,2021,,,,0
25386,2022,,,,0
25386,2023,,,,0
25386,2024,,,,0
25394,2001,,,,0
25394,2002,,,,0
25394,2003,,,,0
25394,2004,,,,0
25394,2005,,,,0
25394,2006,,,,0
25394,2007,,,,0
25394,2008,,,,0
25394,2009,,,,0
25394,2010,,,,0
25394,2011,,,,0
25394,2012,,,,0
25394,2013,,,,0
25394,2014,,,,0
25394,2015,,,,0
25394,2016,,,,0
25394,2017,,,,0
25394,2018,,,,0
25394,2019,,,,0
25394,2020,,,,0
25394,2021,,,,0
25394,2022,,,,0
25394,2023,,,,0
25394,2024,,,,0
25398,2001,,,,0
25398,2002,,,,0
25398,2003,,,,0
25398,2004,,,,0
25398,2005,,,,0
25398,2006,,,,0
25398,2007,,,,0
25398,2008,,,,0
25398,2009,,,,0
25398,2010,,,,0
25398,2011,,,,0
25398,2012,,,,0
25398,2013,,,,0
25398,2014,,,,0
25398,2015,,,,0
25398,2016,,,,0
25398,2017,,,,0
25398,2018,,,,0
25398,2019,,,,0
25398,2020,,,,0
25398,2021,,,,0
25398,2022,,,,0
25398,2023,,,,0
25398,2024,,,,0
25402,2001,,,,0
25402,2002,,,,0
25402,2003,,,,0
25402,2004,,,,0
25402,2005,,,,0
25402,2006,,,,0
25402,2007,,,,0
25402,2008,,,,0
25402,2009,,,,0
25402,2010,,,,0
25402,2011,,,,0
25402,2012,,,,0
25402,2013,,,,0
25402,2014,,,,0
25402,2015,,,,0
25402,2016,,,,0
25402,2017,,,,0
25402,2018,,,,0
25402,2019,,,,0
25402,2020,,,,0
25402,2021,,,,0
25402,2022,,,,0
25402,2023,,,,0
25402,2024,,,,0
25407,2001,,,,0
25407,2002,,,,0
25407,2003,,,,0
25407,2004,,,,0
25407,2005,,,,0
25407,2006,,,,0
25407,2007,,,,0
25407,2008,,,,0
25407,2009,,,,0
25407,2010,,,,0
25407,2011,,,,0
25407,2012,,,,0
25407,2013,,,,0
25407,2014,,,,0
25407,2015,,,,0
25407,2016,,,,0
25407,2017,,,,0
25407,2018,,,,0
25407,2019,,,,0
25407,2020,,,,0
25407,2021,,,,0
25407,2022,,,,0
25407,2023,,,,0
25407,2024,,,,0
25426,2001,,,,0
25426,2002,,,,0
25426,2003,,,,0
25426,2004,,,,0
25426,2005,,,,0
25426,2006,,,,0
25426,2007,,,,0
25426,2008,,,,0
25426,2009,,,,0
25426,2010,,,,0
25426,2011,,,,0
25426,2012,,,,0
25426,2013,,,,0
25426,2014,,,,0
25426,2015,,,,0
25426,2016,,,,0
25426,2017,,,,0
25426,2018,,,,0
25426,2019,,,,0
25426,2020,,,,0
25426,2021,,,,0
25426,2022,,,,0
25426,2023,,,,0
25426,2024,,,,0
25430,2001,,,,0
25430,2002,,,,0
25430,2003,,,,0
25430,2004,,,,0
25430,2005,,,,0
25430,2006,,,,0
25430,2007,,,,0
25430,2008,,,,0
25430,2009,,,,0
25430,2010,,,,0
25430,2011,,,,0
25430,2012,,,,0
25430,2013,,,,0
25430,2014,,,,0
25430,2015,,,,0
25430,2016,,,,0
25430,2017,,,,0
25430,2018,,,,0
25430,2019,,,,0
25430,2020,,,,0
25430,2021,,,,0
25430,2022,,,,0
25430,2023,,,,0
25430,2024,,,,0
25436,2001,,,,0
25436,2002,,,,0
25436,2003,,,,0
25436,2004,,,,0
25436,2005,,,,0
25436,2006,,,,0
25436,2007,,,,0
25436,2008,,,,0
25436,2009,,,,0
25436,2010,,,,0
25436,2011,,,,0
25436,2012,,,,0
25436,2013,,,,0
25436,2014,,,,0
25436,2015,,,,0
25436,2016,,,,0
25436,2017,,,,0
25436,2018,,,,0
25436,2019,,,,0
25436,2020,,,,0
25436,2021,,,,0
25436,2022,,,,0
25436,2023,,,,0
25436,2024,,,,0
25438,2001,,,,0
25438,2002,,,,0
25438,2003,,,,0
25438,2004,,,,0
25438,2005,,,,0
25438,2006,,,,0
25438,2007,,,,0
25438,2008,,,,0
25438,2009,,,,0
25438,2010,,,,0
25438,2011,,,,0
25438,2012,,,,0
25438,2013,,,,0
25438,2014,,,,0
25438,2015,,,,0
25438,2016,,,,0
25438,2017,,,,0
25438,2018,,,,0
25438,2019,,,,0
25438,2020,,,,0
25438,2021,,,,0
25438,2022,,,,0
25438,2023,,,,0
25438,2024,,,,0
25473,2001,,,,0
25473,2002,,,,0
25473,2003,,,,0
25473,2004,,,,0
25473,2005,,,,0
25473,2006,,,,0
25473,2007,,,,0
25473,2008,,,,0
25473,2009,,,,0
25473,2010,,,,0
25473,2011,,,,0
25473,2012,,,,0
25473,2013,,,,0
25473,2014,,,,0
25473,2015,,,,0
25473,2016,,,,0
25473,2017,,,,0
25473,2018,,,,0
25473,2019,,,,0
25473,2020,,,,0
25473,2021,,,,0
25473,2022,,,,0
25473,2023,,,,0
25473,2024,,,,0
25483,2001,,,,0
25483,2002,,,,0
25483,2003,,,,0
25483,2004,,,,0
25483,2005,,,,0
25483,2006,,,,0
25483,2007,,,,0
25483,2008,,,,0
25483,2009,,,,0
25483,2010,,,,0
25483,2011,,,,0
25483,2012,,,,0
25483,2013,,,,0
25483,2014,,,,0
25483,2015,,,,0
25483,2016,,,,0
25483,2017,,,,0
25483,2018,,,,0
25483,2019,,,,0
25483,2020,,,,0
25483,2021,,,,0
25483,2022,,,,0
25483,2023,,,,0
25483,2024,,,,0
25486,2001,,,,0
25486,2002,,,,0
25486,2003,,,,0
25486,2004,,,,0
25486,2005,,,,0
25486,2006,,,,0
25486,2007,,,,0
25486,2008,,,,0
25486,2009,,,,0
25486,2010,,,,0
25486,2011,,,,0
25486,2012,,,,0
25486,2013,,,,0
25486,2014,,,,0
25486,2015,,,,0
25486,2016,,,,0
25486,2017,,,,0
25486,2018,,,,0
25486,2019,,,,0
25486,2020,,,,0
25486,2021,,,,0
25486,2022,,,,0
25486,2023,,,,0
25486,2024,,,,0
25488,2001,,,,0
25488,2002,,,,0
25488,2003,,,,0
25488,2004,,,,0
25488,2005,,,,0
25488,2006,,,,0
25488,2007,,,,0
25488,2008,,,,0
25488,2009,,,,0
25488,2010,,,,0
25488,2011,,,,0
25488,2012,,,,0
25488,2013,,,,0
25488,2014,,,,0
25488,2015,,,,0
25488,2016,,,,0
25488,2017,,,,0
25488,2018,,,,0
25488,2019,,,,0
25488,2020,,,,0
25488,2021,,,,0
25488,2022,,,,0
25488,2023,,,,0
25488,2024,,,,0
25489,2001,,,,0
25489,2002,,,,0
25489,2003,,,,0
25489,2004,,,,0
25489,2005,,,,0
25489,2006,,,,0
25489,2007,,,,0
25489,2008,,,,0
25489,2009,,,,0
25489,2010,,,,0
25489,2011,,,,0
25489,2012,,,,0
25489,2013,,,,0
25489,2014,,,,0
25489,2015,,,,0
25489,2016,,,,0
25489,2017,,,,0
25489,2018,,,,0
25489,2019,,,,0
25489,2020,,,,0
25489,2021,,,,0
25489,2022,,,,0
25489,2023,,,,0
25489,2024,,,,0
25491,2001,,,,0
25491,2002,,,,0
25491,2003,,,,0
25491,2004,,,,0
25491,2005,,,,0
25491,2006,,,,0
25491,2007,,,,0
25491,2008,,,,0
25491,2009,,,,0
25491,2010,,,,0
25491,2011,,,,0
25491,2012,,,,0
25491,2013,,,,0
25491,2014,,,,0
25491,2015,,,,0
25491,2016,,,,0
25491,2017,,,,0
25491,2018,,,,0
25491,2019,,,,0
25491,2020,,,,0
25491,2021,,,,0
25491,2022,,,,0
25491,2023,,,,0
25491,2024,,,,0
25506,2001,,,,0
25506,2002,,,,0
25506,2003,,,,0
25506,2004,,,,0
25506,2005,,,,0
25506,2006,,,,0
25506,2007,,,,0
25506,2008,,,,0
25506,2009,,,,0
25506,2010,,,,0
25506,2011,,,,0
25506,2012,,,,0
25506,2013,,,,0
25506,2014,,,,0
25506,2015,,,,0
25506,2016,,,,0
25506,2017,,,,0
25506,2018,,,,0
25506,2019,,,,0
25506,2020,,,,0
25506,2021,,,,0
25506,2022,,,,0
25506,2023,,,,0
25506,2024,,,,0
25513,2001,,,,0
25513,2002,,,,0
25513,2003,,,,0
25513,2004,,,,0
25513,2005,,,,0
25513,2006,,,,0
25513,2007,,,,0
25513,2008,,,,0
25513,2009,,,,0
25513,2010,,,,0
25513,2011,,,,0
25513,2012,,,,0
25513,2013,,,,0
25513,2014,,,,0
25513,2015,,,,0
25513,2016,,,,0
25513,2017,,,,0
25513,2018,,,,0
25513,2019,,,,0
25513,2020,,,,0
25513,2021,,,,0
25513,2022,,,,0
25513,2023,,,,0
25513,2024,,,,0
25518,2001,,,,0
25518,2002,,,,0
25518,2003,,,,0
25518,2004,,,,0
25518,2005,,,,0
25518,2006,,,,0
25518,2007,,,,0
25518,2008,,,,0
25518,2009,,,,0
25518,2010,,,,0
25518,2011,,,,0
25518,2012,,,,0
25518,2013,,,,0
25518,2014,,,,0
25518,2015,,,,0
25518,2016,,,,0
25518,2017,,,,0
25518,2018,,,,0
25518,2019,,,,0
25518,2020,,,,0
25518,2021,,,,0
25518,2022,,,,0
25518,2023,,,,0
25518,2024,,,,0
25524,2001,,,,0
25524,2002,,,,0
25524,2003,,,,0
25524,2004,,,,0
25524,2005,,,,0
25524,2006,,,,0
25524,2007,,,,0
25524,2008,,,,0
25524,2009,,,,0
25524,2010,,,,0
25524,2011,,,,0
25524,2012,,,,0
25524,2013,,,,0
25524,2014,,,,0
25524,2015,,,,0
25524,2016,,,,0
25524,2017,,,,0
25524,2018,,,,0
25524,2019,,,,0
25524,2020,,,,0
25524,2021,,,,0
25524,2022,,,,0
25524,2023,,,,0
25524,2024,,,,0
25530,2001,,,,0
25530,2002,,,,0
25530,2003,,,,0
25530,2004,,,,0
25530,2005,,,,0
25530,2006,,,,0
25530,2007,,,,0
25530,2008,,,,0
25530,2009,,,,0
25530,2010,,,,0
25530,2011,,,,0
25530,2012,,,,0
25530,2013,,,,0
25530,2014,,,,0
25530,2015,,,,0
25530,2016,,,,0
25530,2017,,,,0
25530,2018,,,,0
25530,2019,,,,0
25530,2020,,,,0
25530,2021,,,,0
25530,2022,,,,0
25530,2023,,,,0
25530,2024,,,,0
25535,2001,,,,0
25535,2002,,,,0
25535,2003,,,,0
25535,2004,,,,0
25535,2005,,,,0
25535,2006,,,,0
25535,2007,,,,0
25535,2008,,,,0
25535,2009,,,,0
25535,2010,,,,0
25535,2011,,,,0
25535,2012,,,,0
25535,2013,,,,0
25535,2014,,,,0
25535,2015,,,,0
25535,2016,,,,0
25535,2017,,,,0
25535,2018,,,,0
25535,2019,,,,0
25535,2020,,,,0
25535,2021,,,,0
25535,2022,,,,0
25535,2023,,,,0
25535,2024,,,,0
25572,2001,,,,0
25572,2002,,,,0
25572,2003,,,,0
25572,2004,,,,0
25572,2005,,,,0
25572,2006,,,,0
25572,2007,,,,0
25572,2008,,,,0
25572,2009,,,,0
25572,2010,,,,0
25572,2011,,,,0
25572,2012,,,,0
25572,2013,,,,0
25572,2014,,,,0
25572,2015,,,,0
25572,2016,,,,0
25572,2017,,,,0
25572,2018,,,,0
25572,2019,,,,0
25572,2020,,,,0
25572,2021,,,,0
25572,2022,,,,0
25572,2023,,,,0
25572,2024,,,,0
25580,2001,,,,0
25580,2002,,,,0
25580,2003,,,,0
25580,2004,,,,0
25580,2005,,,,0
25580,2006,,,,0
25580,2007,,,,0
25580,2008,,,,0
25580,2009,,,,0
25580,2010,,,,0
25580,2011,,,,0
25580,2012,,,,0
25580,2013,,,,0
25580,2014,,,,0
25580,2015,,,,0
25580,2016,,,,0
25580,2017,,,,0
25580,2018,,,,0
25580,2019,,,,0
25580,2020,,,,0
25580,2021,,,,0
25580,2022,,,,0
25580,2023,,,,0
25580,2024,,,,0
25592,2001,,,,0
25592,2002,,,,0
25592,2003,,,,0
25592,2004,,,,0
25592,2005,,,,0
25592,2006,,,,0
25592,2007,,,,0
25592,2008,,,,0
25592,2009,,,,0
25592,2010,,,,0
25592,2011,,,,0
25592,2012,,,,0
25592,2013,,,,0
25592,2014,,,,0
25592,2015,,,,0
25592,2016,,,,0
25592,2017,,,,0
25592,2018,,,,0
25592,2019,,,,0
25592,2020,,,,0
25592,2021,,,,0
25592,2022,,,,0
25592,2023,,,,0
25592,2024,,,,0
25594,2001,,,,0
25594,2002,,,,0
25594,2003,,,,0
25594,2004,,,,0
25594,2005,,,,0
25594,2006,,,,0
25594,2007,,,,0
25594,2008,,,,0
25594,2009,,,,0
25594,2010,,,,0
25594,2011,,,,0
25594,2012,,,,0
25594,2013,,,,0
25594,2014,,,,0
25594,2015,,,,0
25594,2016,,,,0
25594,2017,,,,0
25594,2018,,,,0
25594,2019,,,,0
25594,2020,,,,0
25594,2021,,,,0
25594,2022,,,,0
25594,2023,,,,0
25594,2024,,,,0
25596,2001,,,,0
25596,2002,,,,0
25596,2003,,,,0
25596,2004,,,,0
25596,2005,,,,0
25596,2006,,,,0
25596,2007,,,,0
25596,2008,,,,0
25596,2009,,,,0
25596,2010,,,,0
25596,2011,,,,0
25596,2012,,,,0
25596,2013,,,,0
25596,2014,,,,0
25596,2015,,,,0
25596,2016,,,,0
25596,2017,,,,0
25596,2018,,,,0
25596,2019,,,,0
25596,2020,,,,0
25596,2021,,,,0
25596,2022,,,,0
25596,2023,,,,0
25596,2024,,,,0
25599,2001,,,,0
25599,2002,,,,0
25599,2003,,,,0
25599,2004,,,,0
25599,2005,,,,0
25599,2006,,,,0
25599,2007,,,,0
25599,2008,,,,0
25599,2009,,,,0
25599,2010,,,,0
25599,2011,,,,0
25599,2012,,,,0
25599,2013,,,,0
25599,2014,,,,0
25599,2015,,,,0
25599,2016,,,,0
25599,2017,,,,0
25599,2018,,,,0
25599,2019,,,,0
25599,2020,,,,0
25599,2021,,,,0
25599,2022,,,,0
25599,2023,,,,0
25599,2024,,,,0
25612,2001,,,,0
25612,2002,,,,0
25612,2003,,,,0
25612,2004,,,,0
25612,2005,,,,0
25612,2006,,,,0
25612,2007,,,,0
25612,2008,,,,0
25612,2009,,,,0
25612,2010,,,,0
25612,2011,,,,0
25612,2012,,,,0
25612,2013,,,,0
25612,2014,,,,0
25612,2015,,,,0
25612,2016,,,,0
25612,2017,,,,0
25612,2018,,,,0
25612,2019,,,,0
25612,2020,,,,0
25612,2021,,,,0
25612,2022,,,,0
25612,2023,,,,0
25612,2024,,,,0
25645,2001,,,,0
25645,2002,,,,0
25645,2003,,,,0
25645,2004,,,,0
25645,2005,,,,0
25645,2006,,,,0
25645,2007,,,,0
25645,2008,,,,0
25645,2009,,,,0
25645,2010,,,,0
25645,2011,,,,0
25645,2012,,,,0
25645,2013,,,,0
25645,2014,,,,0
25645,2015,,,,0
25645,2016,,,,0
25645,2017,,,,0
25645,2018,,,,0
25645,2019,,,,0
25645,2020,,,,0
25645,2021,,,,0
25645,2022,,,,0
25645,2023,,,,0
25645,2024,,,,0
25649,2001,,,,0
25649,2002,,,,0
25649,2003,,,,0
25649,2004,,,,0
25649,2005,,,,0
25649,2006,,,,0
25649,2007,,,,0
25649,2008,,,,0
25649,2009,,,,0
25649,2010,,,,0
25649,2011,,,,0
25649,2012,,,,0
25649,2013,,,,0
25649,2014,,,,0
25649,2015,,,,0
25649,2016,,,,0
25649,2017,,,,0
25649,2018,,,,0
25649,2019,,,,0
25649,2020,,,,0
25649,2021,,,,0
25649,2022,,,,0
25649,2023,,,,0
25649,2024,,,,0
25653,2001,,,,0
25653,2002,,,,0
25653,2003,,,,0
25653,2004,,,,0
25653,2005,,,,0
25653,2006,,,,0
25653,2007,,,,0
25653,2008,,,,0
25653,2009,,,,0
25653,2010,,,,0
25653,2011,,,,0
25653,2012,,,,0
25653,2013,,,,0
25653,2014,,,,0
25653,2015,,,,0
25653,2016,,,,0
25653,2017,,,,0
25653,2018,,,,0
25653,2019,,,,0
25653,2020,,,,0
25653,2021,,,,0
25653,2022,,,,0
25653,2023,,,,0
25653,2024,,,,0
25658,2001,,,,0
25658,2002,,,,0
25658,2003,,,,0
25658,2004,,,,0
25658,2005,,,,0
25658,2006,,,,0
25658,2007,,,,0
25658,2008,,,,0
25658,2009,,,,0
25658,2010,,,,0
25658,2011,,,,0
25658,2012,,,,0
25658,2013,,,,0
25658,2014,,,,0
25658,2015,,,,0
25658,2016,,,,0
25658,2017,,,,0
25658,2018,,,,0
25658,2019,,,,0
25658,2020,,,,0
25658,2021,,,,0
25658,2022,,,,0
25658,2023,,,,0
25658,2024,,,,0
25662,2001,,,,0
25662,2002,,,,0
25662,2003,,,,0
25662,2004,,,,0
25662,2005,,,,0
25662,2006,,,,0
25662,2007,,,,0
25662,2008,,,,0
25662,2009,,,,0
25662,2010,,,,0
25662,2011,,,,0
25662,2012,,,,0
25662,2013,,,,0
25662,2014,,,,0
25662,2015,,,,0
25662,2016,,,,0
25662,2017,,,,0
25662,2018,,,,0
25662,2019,,,,0
25662,2020,,,,0
25662,2021,,,,0
25662,2022,,,,0
25662,2023,,,,0
25662,2024,,,,0
25718,2001,,,,0
25718,2002,,,,0
25718,2003,,,,0
25718,2004,,,,0
25718,2005,,,,0
25718,2006,,,,0
25718,2007,,,,0
25718,2008,,,,0
25718,2009,,,,0
25718,2010,,,,0
25718,2011,,,,0
25718,2012,,,,0
25718,2013,,,,0
25718,2014,,,,0
25718,2015,,,,0
25718,2016,,,,0
25718,2017,,,,0
25718,2018,,,,0
25718,2019,,,,0
25718,2020,,,,0
25718,2021,,,,0
25718,2022,,,,0
25718,2023,,,,0
25718,2024,,,,0
25736,2001,,,,0
25736,2002,,,,0
25736,2003,,,,0
25736,2004,,,,0
25736,2005,,,,0
25736,2006,,,,0
25736,2007,,,,0
25736,2008,,,,0
25736,2009,,,,0
25736,2010,,,,0
25736,2011,,,,0
25736,2012,,,,0
25736,2013,,,,0
25736,2014,,,,0
25736,2015,,,,0
25736,2016,,,,0
25736,2017,,,,0
25736,2018,,,,0
25736,2019,,,,0
25736,2020,,,,0
25736,2021,,,,0
25736,2022,,,,0
25736,2023,,,,0
25736,2024,,,,0
25740,2001,,,,0
25740,2002,,,,0
25740,2003,,,,0
25740,2004,,,,0
25740,2005,,,,0
25740,2006,,,,0
25740,2007,,,,0
25740,2008,,,,0
25740,2009,,,,0
25740,2010,,,,0
25740,2011,,,,0
25740,2012,,,,0
25740,2013,,,,0
25740,2014,,,,0
25740,2015,,,,0
25740,2016,,,,0
25740,2017,,,,0
25740,2018,,,,0
25740,2019,,,,0
25740,2020,,,,0
25740,2021,,,,0
25740,2022,,,,0
25740,2023,,,,0
25740,2024,,,,0
25743,2001,,,,0
25743,2002,,,,0
25743,2003,,,,0
25743,2004,,,,0
25743,2005,,,,0
25743,2006,,,,0
25743,2007,,,,0
25743,2008,,,,0
25743,2009,,,,0
25743,2010,,,,0
25743,2011,,,,0
25743,2012,,,,0
25743,2013,,,,0
25743,2014,,,,0
25743,2015,,,,0
25743,2016,,,,0
25743,2017,,,,0
25743,2018,,,,0
25743,2019,,,,0
25743,2020,,,,0
25743,2021,,,,0
25743,2022,,,,0
25743,2023,,,,0
25743,2024,,,,0
25745,2001,,,,0
25745,2002,,,,0
25745,2003,,,,0
25745,2004,,,,0
25745,2005,,,,0
25745,2006,,,,0
25745,2007,,,,0
25745,2008,,,,0
25745,2009,,,,0
25745,2010,,,,0
25745,2011,,,,0
25745,2012,,,,0
25745,2013,,,,0
25745,2014,,,,0
25745,2015,,,,0
25745,2016,,,,0
25745,2017,,,,0
25745,2018,,,,0
25745,2019,,,,0
25745,2020,,,,0
25745,2021,,,,0
25745,2022,,,,0
25745,2023,,,,0
25745,2024,,,,0
25754,2001,,,,0
25754,2002,,,,0
25754,2003,,,,0
25754,2004,,,,0
25754,2005,,,,0
25754,2006,,,,0
25754,2007,,,,0
25754,2008,,,,0
25754,2009,,,,0
25754,2010,,,,0
25754,2011,,,,0
25754,2012,,,,0
25754,2013,,,,0
25754,2014,,,,0
25754,2015,,,,0
25754,2016,,,,0
25754,2017,,,,0
25754,2018,,,,0
25754,2019,,,,0
25754,2020,,,,0
25754,2021,,,,0
25754,2022,,,,0
25754,2023,,,,0
25754,2024,,,,0
25758,2001,,,,0
25758,2002,,,,0
25758,2003,,,,0
25758,2004,,,,0
25758,2005,,,,0
25758,2006,,,,0
25758,2007,,,,0
25758,2008,,,,0
25758,2009,,,,0
25758,2010,,,,0
25758,2011,,,,0
25758,2012,,,,0
25758,2013,,,,0
25758,2014,,,,0
25758,2015,,,,0
25758,2016,,,,0
25758,2017,,,,0
25758,2018,,,,0
25758,2019,,,,0
25758,2020,,,,0
25758,2021,,,,0
25758,2022,,,,0
25758,2023,,,,0
25758,2024,,,,0
25769,2001,,,,0
25769,2002,,,,0
25769,2003,,,,0
25769,2004,,,,0
25769,2005,,,,0
25769,2006,,,,0
25769,2007,,,,0
25769,2008,,,,0
25769,2009,,,,0
25769,2010,,,,0
25769,2011,,,,0
25769,2012,,,,0
25769,2013,,,,0
25769,2014,,,,0
25769,2015,,,,0
25769,2016,,,,0
25769,2017,,,,0
25769,2018,,,,0
25769,2019,,,,0
25769,2020,,,,0
25769,2021,,,,0
25769,2022,,,,0
25769,2023,,,,0
25769,2024,,,,0
25772,2001,,,,0
25772,2002,,,,0
25772,2003,,,,0
25772,2004,,,,0
25772,2005,,,,0
25772,2006,,,,0
25772,2007,,,,0
25772,2008,,,,0
25772,2009,,,,0
25772,2010,,,,0
25772,2011,,,,0
25772,2012,,,,0
25772,2013,,,,0
25772,2014,,,,0
25772,2015,,,,0
25772,2016,,,,0
25772,2017,,,,0
25772,2018,,,,0
25772,2019,,,,0
25772,2020,,,,0
25772,2021,,,,0
25772,2022,,,,0
25772,2023,,,,0
25772,2024,,,,0
25777,2001,,,,0
25777,2002,,,,0
25777,2003,,,,0
25777,2004,,,,0
25777,2005,,,,0
25777,2006,,,,0
25777,2007,,,,0
25777,2008,,,,0
25777,2009,,,,0
25777,2010,,,,0
25777,2011,,,,0
25777,2012,,,,0
25777,2013,,,,0
25777,2014,,,,0
25777,2015,,,,0
25777,2016,,,,0
25777,2017,,,,0
25777,2018,,,,0
25777,2019,,,,0
25777,2020,,,,0
25777,2021,,,,0
25777,2022,,,,0
25777,2023,,,,0
25777,2024,,,,0
25779,2001,,,,0
25779,2002,,,,0
25779,2003,,,,0
25779,2004,,,,0
25779,2005,,,,0
25779,2006,,,,0
25779,2007,,,,0
25779,2008,,,,0
25779,2009,,,,0
25779,2010,,,,0
25779,2011,,,,0
25779,2012,,,,0
25779,2013,,,,0
25779,2014,,,,0
25779,2015,,,,0
25779,2016,,,,0
25779,2017,,,,0
25779,2018,,,,0
25779,2019,,,,0
25779,2020,,,,0
25779,2021,,,,0
25779,2022,,,,0
25779,2023,,,,0
25779,2024,,,,0
25781,2001,,,,0
25781,2002,,,,0
25781,2003,,,,0
25781,2004,,,,0
25781,2005,,,,0
25781,2006,,,,0
25781,2007,,,,0
25781,2008,,,,0
25781,2009,,,,0
25781,2010,,,,0
25781,2011,,,,0
25781,2012,,,,0
25781,2013,,,,0
25781,2014,,,,0
25781,2015,,,,0
25781,2016,,,,0
25781,2017,,,,0
25781,2018,,,,0
25781,2019,,,,0
25781,2020,,,,0
25781,2021,,,,0
25781,2022,,,,0
25781,2023,,,,0
25781,2024,,,,0
25785,2001,,,,0
25785,2002,,,,0
25785,2003,,,,0
25785,2004,,,,0
25785,2005,,,,0
25785,2006,,,,0
25785,2007,,,,0
25785,2008,,,,0
25785,2009,,,,0
25785,2010,,,,0
25785,2011,,,,0
25785,2012,,,,0
25785,2013,,,,0
25785,2014,,,,0
25785,2015,,,,0
25785,2016,,,,0
25785,2017,,,,0
25785,2018,,,,0
25785,2019,,,,0
25785,2020,,,,0
25785,2021,,,,0
25785,2022,,,,0
25785,2023,,,,0
25785,2024,,,,0
25793,2001,,,,0
25793,2002,,,,0
25793,2003,,,,0
25793,2004,,,,0
25793,2005,,,,0
25793,2006,,,,0
25793,2007,,,,0
25793,2008,,,,0
25793,2009,,,,0
25793,2010,,,,0
25793,2011,,,,0
25793,2012,,,,0
25793,2013,,,,0
25793,2014,,,,0
25793,2015,,,,0
25793,2016,,,,0
25793,2017,,,,0
25793,2018,,,,0
25793,2019,,,,0
25793,2020,,,,0
25793,2021,,,,0
25793,2022,,,,0
25793,2023,,,,0
25793,2024,,,,0
25797,2001,,,,0
25797,2002,,,,0
25797,2003,,,,0
25797,2004,,,,0
25797,2005,,,,0
25797,2006,,,,0
25797,2007,,,,0
25797,2008,,,,0
25797,2009,,,,0
25797,2010,,,,0
25797,2011,,,,0
25797,2012,,,,0
25797,2013,,,,0
25797,2014,,,,0
25797,2015,,,,0
25797,2016,,,,0
25797,2017,,,,0
25797,2018,,,,0
25797,2019,,,,0
25797,2020,,,,0
25797,2021,,,,0
25797,2022,,,,0
25797,2023,,,,0
25797,2024,,,,0
25799,2001,,,,0
25799,2002,,,,0
25799,2003,,,,0
25799,2004,,,,0
25799,2005,,,,0
25799,2006,,,,0
25799,2007,,,,0
25799,2008,,,,0
25799,2009,,,,0
25799,2010,,,,0
25799,2011,,,,0
25799,2012,,,,0
25799,2013,,,,0
25799,2014,,,,0
25799,2015,,,,0
25799,2016,,,,0
25799,2017,,,,0
25799,2018,,,,0
25799,2019,,,,0
25799,2020,,,,0
25799,2021,,,,0
25799,2022,,,,0
25799,2023,,,,0
25799,2024,,,,0
25805,2001,,,,0
25805,2002,,,,0
25805,2003,,,,0
25805,2004,,,,0
25805,2005,,,,0
25805,2006,,,,0
25805,2007,,,,0
25805,2008,,,,0
25805,2009,,,,0
25805,2010,,,,0
25805,2011,,,,0
25805,2012,,,,0
25805,2013,,,,0
25805,2014,,,,0
25805,2015,,,,0
25805,2016,,,,0
25805,2017,,,,0
25805,2018,,,,0
25805,2019,,,,0
25805,2020,,,,0
25805,2021,,,,0
25805,2022,,,,0
25805,2023,,,,0
25805,2024,,,,0
25807,2001,,,,0
25807,2002,,,,0
25807,2003,,,,0
25807,2004,,,,0
25807,2005,,,,0
25807,2006,,,,0
25807,2007,,,,0
25807,2008,,,,0
25807,2009,,,,0
25807,2010,,,,0
25807,2011,,,,0
25807,2012,,,,0
25807,2013,,,,0
25807,2014,,,,0
25807,2015,,,,0
25807,2016,,,,0
25807,2017,,,,0
25807,2018,,,,0
25807,2019,,,,0
25807,2020,,,,0
25807,2021,,,,0
25807,2022,,,,0
25807,2023,,,,0
25807,2024,,,,0
25815,2001,,,,0
25815,2002,,,,0
25815,2003,,,,0
25815,2004,,,,0
25815,2005,,,,0
25815,2006,,,,0
25815,2007,,,,0
25815,2008,,,,0
25815,2009,,,,0
25815,2010,,,,0
25815,2011,,,,0
25815,2012,,,,0
25815,2013,,,,0
25815,2014,,,,0
25815,2015,,,,0
25815,2016,,,,0
25815,2017,,,,0
25815,2018,,,,0
25815,2019,,,,0
25815,2020,,,,0
25815,2021,,,,0
25815,2022,,,,0
25815,2023,,,,0
25815,2024,,,,0
25817,2001,,,,0
25817,2002,,,,0
25817,2003,,,,0
25817,2004,,,,0
25817,2005,,,,0
25817,2006,,,,0
25817,2007,,,,0
25817,2008,,,,0
25817,2009,,,,0
25817,2010,,,,0
25817,2011,,,,0
25817,2012,,,,0
25817,2013,,,,0
25817,2014,,,,0
25817,2015,,,,0
25817,2016,,,,0
25817,2017,,,,0
25817,2018,,,,0
25817,2019,,,,0
25817,2020,,,,0
25817,2021,,,,0
25817,2022,,,,0
25817,2023,,,,0
25817,2024,,,,0
25823,2001,,,,0
25823,2002,,,,0
25823,2003,,,,0
25823,2004,,,,0
25823,2005,,,,0
25823,2006,,,,0
25823,2007,,,,0
25823,2008,,,,0
25823,2009,,,,0
25823,2010,,,,0
25823,2011,,,,0
25823,2012,,,,0
25823,2013,,,,0
25823,2014,,,,0
25823,2015,,,,0
25823,2016,,,,0
25823,2017,,,,0
25823,2018,,,,0
25823,2019,,,,0
25823,2020,,,,0
25823,2021,,,,0
25823,2022,,,,0
25823,2023,,,,0
25823,2024,,,,0
25839,2001,,,,0
25839,2002,,,,0
25839,2003,,,,0
25839,2004,,,,0
25839,2005,,,,0
25839,2006,,,,0
25839,2007,,,,0
25839,2008,,,,0
25839,2009,,,,0
25839,2010,,,,0
25839,2011,,,,0
25839,2012,,,,0
25839,2013,,,,0
25839,2014,,,,0
25839,2015,,,,0
25839,2016,,,,0
25839,2017,,,,0
25839,2018,,,,0
25839,2019,,,,0
25839,2020,,,,0
25839,2021,,,,0
25839,2022,,,,0
25839,2023,,,,0
25839,2024,,,,0
25841,2001,,,,0
25841,2002,,,,0
25841,2003,,,,0
25841,2004,,,,0
25841,2005,,,,0
25841,2006,,,,0
25841,2007,,,,0
25841,2008,,,,0
25841,2009,,,,0
25841,2010,,,,0
25841,2011,,,,0
25841,2012,,,,0
25841,2013,,,,0
25841,2014,,,,0
25841,2015,,,,0
25841,2016,,,,0
25841,2017,,,,0
25841,2018,,,,0
25841,2019,,,,0
25841,2020,,,,0
25841,2021,,,,0
25841,2022,,,,0
25841,2023,,,,0
25841,2024,,,,0
25843,2001,,,,0
25843,2002,,,,0
25843,2003,,,,0
25843,2004,,,,0
25843,2005,,,,0
25843,2006,,,,0
25843,2007,,,,0
25843,2008,,,,0
25843,2009,,,,0
25843,2010,,,,0
25843,2011,,,,0
25843,2012,,,,0
25843,2013,,,,0
25843,2014,,,,0
25843,2015,,,,0
25843,2016,,,,0
25843,2017,,,,0
25843,2018,,,,0
25843,2019,,,,0
25843,2020,,,,0
25843,2021,,,,0
25843,2022,,,,0
25843,2023,,,,0
25843,2024,,,,0
25845,2001,,,,0
25845,2002,,,,0
25845,2003,,,,0
25845,2004,,,,0
25845,2005,,,,0
25845,2006,,,,0
25845,2007,,,,0
25845,2008,,,,0
25845,2009,,,,0
25845,2010,,,,0
25845,2011,,,,0
25845,2012,,,,0
25845,2013,,,,0
25845,2014,,,,0
25845,2015,,,,0
25845,2016,,,,0
25845,2017,,,,0
25845,2018,,,,0
25845,2019,,,,0
25845,2020,,,,0
25845,2021,,,,0
25845,2022,,,,0
25845,2023,,,,0
25845,2024,,,,0
25851,2001,,,,0
25851,2002,,,,0
25851,2003,,,,0
25851,2004,,,,0
25851,2005,,,,0
25851,2006,,,,0
25851,2007,,,,0
25851,2008,,,,0
25851,2009,,,,0
25851,2010,,,,0
25851,2011,,,,0
25851,2012,,,,0
25851,2013,,,,0
25851,2014,,,,0
25851,2015,,,,0
25851,2016,,,,0
25851,2017,,,,0
25851,2018,,,,0
25851,2019,,,,0
25851,2020,,,,0
25851,2021,,,,0
25851,2022,,,,0
25851,2023,,,,0
25851,2024,,,,0
25862,2001,,,,0
25862,2002,,,,0
25862,2003,,,,0
25862,2004,,,,0
25862,2005,,,,0
25862,2006,,,,0
25862,2007,,,,0
25862,2008,,,,0
25862,2009,,,,0
25862,2010,,,,0
25862,2011,,,,0
25862,2012,,,,0
25862,2013,,,,0
25862,2014,,,,0
25862,2015,,,,0
25862,2016,,,,0
25862,2017,,,,0
25862,2018,,,,0
25862,2019,,,,0
25862,2020,,,,0
25862,2021,,,,0
25862,2022,,,,0
25862,2023,,,,0
25862,2024,,,,0
25867,2001,,,,0
25867,2002,,,,0
25867,2003,,,,0
25867,2004,,,,0
25867,2005,,,,0
25867,2006,,,,0
25867,2007,,,,0
25867,2008,,,,0
25867,2009,,,,0
25867,2010,,,,0
25867,2011,,,,0
25867,2012,,,,0
25867,2013,,,,0
25867,2014,,,,0
25867,2015,,,,0
25867,2016,,,,0
25867,2017,,,,0
25867,2018,,,,0
25867,2019,,,,0
25867,2020,,,,0
25867,2021,,,,0
25867,2022,,,,0
25867,2023,,,,0
25867,2024,,,,0
25871,2001,,,,0
25871,2002,,,,0
25871,2003,,,,0
25871,2004,,,,0
25871,2005,,,,0
25871,2006,,,,0
25871,2007,,,,0
25871,2008,,,,0
25871,2009,,,,0
25871,2010,,,,0
25871,2011,,,,0
25871,2012,,,,0
25871,2013,,,,0
25871,2014,,,,0
25871,2015,,,,0
25871,2016,,,,0
25871,2017,,,,0
25871,2018,,,,0
25871,2019,,,,0
25871,2020,,,,0
25871,2021,,,,0
25871,2022,,,,0
25871,2023,,,,0
25871,2024,,,,0
25873,2001,,,,0
25873,2002,,,,0
25873,2003,,,,0
25873,2004,,,,0
25873,2005,,,,0
25873,2006,,,,0
25873,2007,,,,0
25873,2008,,,,0
25873,2009,,,,0
25873,2010,,,,0
25873,2011,,,,0
25873,2012,,,,0
25873,2013,,,,0
25873,2014,,,,0
25873,2015,,,,0
25873,2016,,,,0
25873,2017,,,,0
25873,2018,,,,0
25873,2019,,,,0
25873,2020,,,,0
25873,2021,,,,0
25873,2022,,,,0
25873,2023,,,,0
25873,2024,,,,0
25875,2001,,,,0
25875,2002,,,,0
25875,2003,,,,0
25875,2004,,,,0
25875,2005,,,,0
25875,2006,,,,0
25875,2007,,,,0
25875,2008,,,,0
25875,2009,,,,0
25875,2010,,,,0
25875,2011,,,,0
25875,2012,,,,0
25875,2013,,,,0
25875,2014,,,,0
25875,2015,,,,0
25875,2016,,,,0
25875,2017,,,,0
25875,2018,,,,0
25875,2019,,,,0
25875,2020,,,,0
25875,2021,,,,0
25875,2022,,,,0
25875,2023,,,,0
25875,2024,,,,0
25878,2001,,,,0
25878,2002,,,,0
25878,2003,,,,0
25878,2004,,,,0
25878,2005,,,,0
25878,2006,,,,0
25878,2007,,,,0
25878,2008,,,,0
25878,2009,,,,0
25878,2010,,,,0
25878,2011,,,,0
25878,2012,,,,0
25878,2013,,,,0
25878,2014,,,,0
25878,2015,,,,0
25878,2016,,,,0
25878,2017,,,,0
25878,2018,,,,0
25878,2019,,,,0
25878,2020,,,,0
25878,2021,,,,0
25878,2022,,,,0
25878,2023,,,,0
25878,2024,,,,0
25885,2001,,,,0
25885,2002,,,,0
25885,2003,,,,0
25885,2004,,,,0
25885,2005,,,,0
25885,2006,,,,0
25885,2007,,,,0
25885,2008,,,,0
25885,2009,,,,0
25885,2010,,,,0
25885,2011,,,,0
25885,2012,,,,0
25885,2013,,,,0
25885,2014,,,,0
25885,2015,,,,0
25885,2016,,,,0
25885,2017,,,,0
25885,2018,,,,0
25885,2019,,,,0
25885,2020,,,,0
25885,2021,,,,0
25885,2022,,,,0
25885,2023,,,,0
25885,2024,,,,0
25898,2001,,,,0
25898,2002,,,,0
25898,2003,,,,0
25898,2004,,,,0
25898,2005,,,,0
25898,2006,,,,0
25898,2007,,,,0
25898,2008,,,,0
25898,2009,,,,0
25898,2010,,,,0
25898,2011,,,,0
25898,2012,,,,0
25898,2013,,,,0
25898,2014,,,,0
25898,2015,,,,0
25898,2016,,,,0
25898,2017,,,,0
25898,2018,,,,0
25898,2019,,,,0
25898,2020,,,,0
25898,2021,,,,0
25898,2022,,,,0
25898,2023,,,,0
25898,2024,,,,0
25899,2001,,,,0
25899,2002,,,,0
25899,2003,,,,0
25899,2004,,,,0
25899,2005,,,,0
25899,2006,,,,0
25899,2007,,,,0
25899,2008,,,,0
25899,2009,,,,0
25899,2010,,,,0
25899,2011,,,,0
25899,2012,,,,0
25899,2013,,,,0
25899,2014,,,,0
25899,2015,,,,0
25899,2016,,,,0
25899,2017,,,,0
25899,2018,,,,0
25899,2019,,,,0
25899,2020,,,,0
25899,2021,,,,0
25899,2022,,,,0
25899,2023,,,,0
25899,2024,,,,0
27001,2001,,,,0
27001,2002,,,,0
27001,2003,,,,0
27001,2004,,,,0
27001,2005,,,,0
27001,2006,,,,0
27001,2007,,,,0
27001,2008,,,,0
27001,2009,,,,0
27001,2010,,,,0
27001,2011,,,,0
27001,2012,,,,0
27001,2013,,,,0
27001,2014,,,,0
27001,2015,,,,0
27001,2016,,,,0
27001,2017,,,,0
27001,2018,,,,0
27001,2019,,,,0
27001,2020,,,,0
27001,2021,,,,0
27001,2022,,,,0
27001,2023,,,,0
27001,2024,,,,0
27006,2001,,,,0
27006,2002,,,,0
27006,2003,,,,0
27006,2004,,,,0
27006,2005,,,,0
27006,2006,,,,0
27006,2007,,,,0
27006,2008,,,,0
27006,2009,,,,0
27006,2010,,,,0
27006,2011,,,,0
27006,2012,,,,0
27006,2013,,,,0
27006,2014,,,,0
27006,2015,,,,0
27006,2016,,,,0
27006,2017,,,,0
27006,2018,,,,0
27006,2019,,,,0
27006,2020,,,,0
27006,2021,,,,0
27006,2022,,,,0
27006,2023,,,,0
27006,2024,,,,0
27025,2001,,,,0
27025,2002,,,,0
27025,2003,,,,0
27025,2004,,,,0
27025,2005,,,,0
27025,2006,,,,0
27025,2007,,,,0
27025,2008,,,,0
27025,2009,,,,0
27025,2010,,,,0
27025,2011,,,,0
27025,2012,,,,0
27025,2013,,,,0
27025,2014,,,,0
27025,2015,,,,0
27025,2016,,,,0
27025,2017,,,,0
27025,2018,,,,0
27025,2019,,,,0
27025,2020,,,,0
27025,2021,,,,0
27025,2022,,,,0
27025,2023,,,,0
27025,2024,,,,0
27050,2001,,,,0
27050,2002,,,,0
27050,2003,,,,0
27050,2004,,,,0
27050,2005,,,,0
27050,2006,,,,0
27050,2007,,,,0
27050,2008,,,,0
27050,2009,,,,0
27050,2010,,,,0
27050,2011,,,,0
27050,2012,,,,0
27050,2013,,,,0
27050,2014,,,,0
27050,2015,,,,0
27050,2016,,,,0
27050,2017,,,,0
27050,2018,,,,0
27050,2019,,,,0
27050,2020,,,,0
27050,2021,,,,0
27050,2022,,,,0
27050,2023,,,,0
27050,2024,,,,0
27073,2001,,,,0
27073,2002,,,,0
27073,2003,,,,0
27073,2004,,,,0
27073,2005,,,,0
27073,2006,,,,0
27073,2007,,,,0
27073,2008,,,,0
27073,2009,,,,0
27073,2010,,,,0
27073,2011,,,,0
27073,2012,,,,0
27073,2013,,,,0
27073,2014,,,,0
27073,2015,,,,0
27073,2016,,,,0
27073,2017,,,,0
27073,2018,,,,0
27073,2019,,,,0
27073,2020,,,,0
27073,2021,,,,0
27073,2022,,,,0
27073,2023,,,,0
27073,2024,,,,0
27075,2001,,,,0
27075,2002,,,,0
27075,2003,,,,0
27075,2004,,,,0
27075,2005,,,,0
27075,2006,,,,0
27075,2007,,,,0
27075,2008,,,,0
27075,2009,,,,0
27075,2010,,,,0
27075,2011,,,,0
27075,2012,,,,0
27075,2013,,,,0
27075,2014,,,,0
27075,2015,,,,0
27075,2016,,,,0
27075,2017,,,,0
27075,2018,,,,0
27075,2019,,,,0
27075,2020,,,,0
27075,2021,,,,0
27075,2022,,,,0
27075,2023,,,,0
27075,2024,,,,0
27077,2001,,,,0
27077,2002,,,,0
27077,2003,,,,0
27077,2004,,,,0
27077,2005,,,,0
27077,2006,,,,0
27077,2007,,,,0
27077,2008,,,,0
27077,2009,,,,0
27077,2010,,,,0
27077,2011,,,,0
27077,2012,,,,0
27077,2013,,,,0
27077,2014,,,,0
27077,2015,,,,0
27077,2016,,,,0
27077,2017,,,,0
27077,2018,,,,0
27077,2019,,,,0
27077,2020,,,,0
27077,2021,,,,0
27077,2022,,,,0
27077,2023,,,,0
27077,2024,,,,0
27099,2001,,,,0
27099,2002,,,,0
27099,2003,,,,0
27099,2004,,,,0
27099,2005,,,,0
27099,2006,,,,0
27099,2007,,,,0
27099,2008,,,,0
27099,2009,,,,0
27099,2010,,,,0
27099,2011,,,,0
27099,2012,,,,0
27099,2013,,,,0
27099,2014,,,,0
27099,2015,,,,0
27099,2016,,,,0
27099,2017,,,,0
27099,2018,,,,0
27099,2019,,,,0
27099,2020,,,,0
27099,2021,,,,0
27099,2022,,,,0
27099,2023,,,,0
27099,2024,,,,0
27135,2001,,,,0
27135,2002,,,,0
27135,2003,,,,0
27135,2004,,,,0
27135,2005,,,,0
27135,2006,,,,0
27135,2007,,,,0
27135,2008,,,,0
27135,2009,,,,0
27135,2010,,,,0
27135,2011,,,,0
27135,2012,,,,0
27135,2013,,,,0
27135,2014,,,,0
27135,2015,,,,0
27135,2016,,,,0
27135,2017,,,,0
27135,2018,,,,0
27135,2019,,,,0
27135,2020,,,,0
27135,2021,,,,0
27135,2022,,,,0
27135,2023,,,,0
27135,2024,,,,0
27150,2001,,,,0
27150,2002,,,,0
27150,2003,,,,0
27150,2004,,,,0
27150,2005,,,,0
27150,2006,,,,0
27150,2007,,,,0
27150,2008,,,,0
27150,2009,,,,0
27150,2010,,,,0
27150,2011,,,,0
27150,2012,,,,0
27150,2013,,,,0
27150,2014,,,,0
27150,2015,,,,0
27150,2016,,,,0
27150,2017,,,,0
27150,2018,,,,0
27150,2019,,,,0
27150,2020,,,,0
27150,2021,,,,0
27150,2022,,,,0
27150,2023,,,,0
27150,2024,,,,0
27160,2001,,,,0
27160,2002,,,,0
27160,2003,,,,0
27160,2004,,,,0
27160,2005,,,,0
27160,2006,,,,0
27160,2007,,,,0
27160,2008,,,,0
27160,2009,,,,0
27160,2010,,,,0
27160,2011,,,,0
27160,2012,,,,0
27160,2013,,,,0
27160,2014,,,,0
27160,2015,,,,0
27160,2016,,,,0
27160,2017,,,,0
27160,2018,,,,0
27160,2019,,,,0
27160,2020,,,,0
27160,2021,,,,0
27160,2022,,,,0
27160,2023,,,,0
27160,2024,,,,0
27205,2001,,,,0
27205,2002,,,,0
27205,2003,,,,0
27205,2004,,,,0
27205,2005,,,,0
27205,2006,,,,0
27205,2007,,,,0
27205,2008,,,,0
27205,2009,,,,0
27205,2010,,,,0
27205,2011,,,,0
27205,2012,,,,0
27205,2013,,,,0
27205,2014,,,,0
27205,2015,,,,0
27205,2016,,,,0
27205,2017,,,,0
27205,2018,,,,0
27205,2019,,,,0
27205,2020,,,,0
27205,2021,,,,0
27205,2022,,,,0
27205,2023,,,,0
27205,2024,,,,0
27245,2001,,,,0
27245,2002,,,,0
27245,2003,,,,0
27245,2004,,,,0
27245,2005,,,,0
27245,2006,,,,0
27245,2007,,,,0
27245,2008,,,,0
27245,2009,,,,0
27245,2010,,,,0
27245,2011,,,,0
27245,2012,,,,0
27245,2013,,,,0
27245,2014,,,,0
27245,2015,,,,0
27245,2016,,,,0
27245,2017,,,,0
27245,2018,,,,0
27245,2019,,,,0
27245,2020,,,,0
27245,2021,,,,0
27245,2022,,,,0
27245,2023,,,,0
27245,2024,,,,0
27250,2001,,,,0
27250,2002,,,,0
27250,2003,,,,0
27250,2004,,,,0
27250,2005,,,,0
27250,2006,,,,0
27250,2007,,,,0
27250,2008,,,,0
27250,2009,,,,0
27250,2010,,,,0
27250,2011,,,,0
27250,2012,,,,0
27250,2013,,,,0
27250,2014,,,,0
27250,2015,,,,0
27250,2016,,,,0
27250,2017,,,,0
27250,2018,,,,0
27250,2019,,,,0
27250,2020,,,,0
27250,2021,,,,0
27250,2022,,,,0
27250,2023,,,,0
27250,2024,,,,0
27361,2001,,,,0
27361,2002,,,,0
27361,2003,,,,0
27361,2004,,,,0
27361,2005,,,,0
27361,2006,,,,0
27361,2007,,,,0
27361,2008,,,,0
27361,2009,,,,0
27361,2010,,,,0
27361,2011,,,,0
27361,2012,,,,0
27361,2013,,,,0
27361,2014,,,,0
27361,2015,,,,0
27361,2016,,,,0
27361,2017,,,,0
27361,2018,,,,0
27361,2019,,,,0
27361,2020,,,,0
27361,2021,,,,0
27361,2022,,,,0
27361,2023,,,,0
27361,2024,,,,0
27372,2001,,,,0
27372,2002,,,,0
27372,2003,,,,0
27372,2004,,,,0
27372,2005,,,,0
27372,2006,,,,0
27372,2007,,,,0
27372,2008,,,,0
27372,2009,,,,0
27372,2010,,,,0
27372,2011,,,,0
27372,2012,,,,0
27372,2013,,,,0
27372,2014,,,,0
27372,2015,,,,0
27372,2016,,,,0
27372,2017,,,,0
27372,2018,,,,0
27372,2019,,,,0
27372,2020,,,,0
27372,2021,,,,0
27372,2022,,,,0
27372,2023,,,,0
27372,2024,,,,0
27413,2001,,,,0
27413,2002,,,,0
27413,2003,,,,0
27413,2004,,,,0
27413,2005,,,,0
27413,2006,,,,0
27413,2007,,,,0
27413,2008,,,,0
27413,2009,,,,0
27413,2010,,,,0
27413,2011,,,,0
27413,2012,,,,0
27413,2013,,,,0
27413,2014,,,,0
27413,2015,,,,0
27413,2016,,,,0
27413,2017,,,,0
27413,2018,,,,0
27413,2019,,,,0
27413,2020,,,,0
27413,2021,,,,0
27413,2022,,,,0
27413,2023,,,,0
27413,2024,,,,0
27425,2001,,,,0
27425,2002,,,,0
27425,2003,,,,0
27425,2004,,,,0
27425,2005,,,,0
27425,2006,,,,0
27425,2007,,,,0
27425,2008,,,,0
27425,2009,,,,0
27425,2010,,,,0
27425,2011,,,,0
27425,2012,,,,0
27425,2013,,,,0
27425,2014,,,,0
27425,2015,,,,0
27425,2016,,,,0
27425,2017,,,,0
27425,2018,,,,0
27425,2019,,,,0
27425,2020,,,,0
27425,2021,,,,0
27425,2022,,,,0
27425,2023,,,,0
27425,2024,,,,0
27430,2001,,,,0
27430,2002,,,,0
27430,2003,,,,0
27430,2004,,,,0
27430,2005,,,,0
27430,2006,,,,0
27430,2007,,,,0
27430,2008,,,,0
27430,2009,,,,0
27430,2010,,,,0
27430,2011,,,,0
27430,2012,,,,0
27430,2013,,,,0
27430,2014,,,,0
27430,2015,,,,0
27430,2016,,,,0
27430,2017,,,,0
27430,2018,,,,0
27430,2019,,,,0
27430,2020,,,,0
27430,2021,,,,0
27430,2022,,,,0
27430,2023,,,,0
27430,2024,,,,0
27450,2001,,,,0
27450,2002,,,,0
27450,2003,,,,0
27450,2004,,,,0
27450,2005,,,,0
27450,2006,,,,0
27450,2007,,,,0
27450,2008,,,,0
27450,2009,,,,0
27450,2010,,,,0
27450,2011,,,,0
27450,2012,,,,0
27450,2013,,,,0
27450,2014,,,,0
27450,2015,,,,0
27450,2016,,,,0
27450,2017,,,,0
27450,2018,,,,0
27450,2019,,,,0
27450,2020,,,,0
27450,2021,,,,0
27450,2022,,,,0
27450,2023,,,,0
27450,2024,,,,0
27491,2001,,,,0
27491,2002,,,,0
27491,2003,,,,0
27491,2004,,,,0
27491,2005,,,,0
27491,2006,,,,0
27491,2007,,,,0
27491,2008,,,,0
27491,2009,,,,0
27491,2010,,,,0
27491,2011,,,,0
27491,2012,,,,0
27491,2013,,,,0
27491,2014,,,,0
27491,2015,,,,0
27491,2016,,,,0
27491,2017,,,,0
27491,2018,,,,0
27491,2019,,,,0
27491,2020,,,,0
27491,2021,,,,0
27491,2022,,,,0
27491,2023,,,,0
27491,2024,,,,0
27493,2001,,,,0
27493,2002,,,,0
27493,2003,,,,0
27493,2004,,,,0
27493,2005,,,,0
27493,2006,,,,0
27493,2007,,,,0
27493,2008,,,,0
27493,2009,,,,0
27493,2010,,,,0
27493,2011,,,,0
27493,2012,,,,0
27493,2013,,,,0
27493,2014,,,,0
27493,2015,,,,0
27493,2016,,,,0
27493,2017,,,,0
27493,2018,,,,0
27493,2019,,,,0
27493,2020,,,,0
27493,2021,,,,0
27493,2022,,,,0
27493,2023,,,,0
27493,2024,,,,0
27495,2001,,,,0
27495,2002,,,,0
27495,2003,,,,0
27495,2004,,,,0
27495,2005,,,,0
27495,2006,,,,0
27495,2007,,,,0
27495,2008,,,,0
27495,2009,,,,0
27495,2010,,,,0
27495,2011,,,,0
27495,2012,,,,0
27495,2013,,,,0
27495,2014,,,,0
27495,2015,,,,0
27495,2016,,,,0
27495,2017,,,,0
27495,2018,,,,0
27495,2019,,,,0
27495,2020,,,,0
27495,2021,,,,0
27495,2022,,,,0
27495,2023,,,,0
27495,2024,,,,0
27580,2001,,,,0
27580,2002,,,,0
27580,2003,,,,0
27580,2004,,,,0
27580,2005,,,,0
27580,2006,,,,0
27580,2007,,,,0
27580,2008,,,,0
27580,2009,,,,0
27580,2010,,,,0
27580,2011,,,,0
27580,2012,,,,0
27580,2013,,,,0
27580,2014,,,,0
27580,2015,,,,0
27580,2016,,,,0
27580,2017,,,,0
27580,2018,,,,0
27580,2019,,,,0
27580,2020,,,,0
27580,2021,,,,0
27580,2022,,,,0
27580,2023,,,,0
27580,2024,,,,0
27600,2001,,,,0
27600,2002,,,,0
27600,2003,,,,0
27600,2004,,,,0
27600,2005,,,,0
27600,2006,,,,0
27600,2007,,,,0
27600,2008,,,,0
27600,2009,,,,0
27600,2010,,,,0
27600,2011,,,,0
27600,2012,,,,0
27600,2013,,,,0
27600,2014,,,,0
27600,2015,,,,0
27600,2016,,,,0
27600,2017,,,,0
27600,2018,,,,0
27600,2019,,,,0
27600,2020,,,,0
27600,2021,,,,0
27600,2022,,,,0
27600,2023,,,,0
27600,2024,,,,0
27615,2001,,,,0
27615,2002,,,,0
27615,2003,,,,0
27615,2004,,,,0
27615,2005,,,,0
27615,2006,,,,0
27615,2007,,,,0
27615,2008,,,,0
27615,2009,,,,0
27615,2010,,,,0
27615,2011,,,,0
27615,2012,,,,0
27615,2013,,,,0
27615,2014,,,,0
27615,2015,,,,0
27615,2016,,,,0
27615,2017,,,,0
27615,2018,,,,0
27615,2019,,,,0
27615,2020,,,,0
27615,2021,,,,0
27615,2022,,,,0
27615,2023,,,,0
27615,2024,,,,0
27660,2001,,,,0
27660,2002,,,,0
27660,2003,,,,0
27660,2004,,,,0
27660,2005,,,,0
27660,2006,,,,0
27660,2007,,,,0
27660,2008,,,,0
27660,2009,,,,0
27660,2010,,,,0
27660,2011,,,,0
27660,2012,,,,0
27660,2013,,,,0
27660,2014,,,,0
27660,2015,,,,0
27660,2016,,,,0
27660,2017,,,,0
27660,2018,,,,0
27660,2019,,,,0
27660,2020,,,,0
27660,2021,,,,0
27660,2022,,,,0
27660,2023,,,,0
27660,2024,,,,0
27745,2001,,,,0
27745,2002,,,,0
27745,2003,,,,0
27745,2004,,,,0
27745,2005,,,,0
27745,2006,,,,0
27745,2007,,,,0
27745,2008,,,,0
27745,2009,,,,0
27745,2010,,,,0
27745,2011,,,,0
27745,2012,,,,0
27745,2013,,,,0
27745,2014,,,,0
27745,2015,,,,0
27745,2016,,,,0
27745,2017,,,,0
27745,2018,,,,0
27745,2019,,,,0
27745,2020,,,,0
27745,2021,,,,0
27745,2022,,,,0
27745,2023,,,,0
27745,2024,,,,0
27787,2001,,,,0
27787,2002,,,,0
27787,2003,,,,0
27787,2004,,,,0
27787,2005,,,,0
27787,2006,,,,0
27787,2007,,,,0
27787,2008,,,,0
27787,2009,,,,0
27787,2010,,,,0
27787,2011,,,,0
27787,2012,,,,0
27787,2013,,,,0
27787,2014,,,,0
27787,2015,,,,0
27787,2016,,,,0
27787,2017,,,,0
27787,2018,,,,0
27787,2019,,,,0
27787,2020,,,,0
27787,2021,,,,0
27787,2022,,,,0
27787,2023,,,,0
27787,2024,,,,0
27800,2001,,,,0
27800,2002,,,,0
27800,2003,,,,0
27800,2004,,,,0
27800,2005,,,,0
27800,2006,,,,0
27800,2007,,,,0
27800,2008,,,,0
27800,2009,,,,0
27800,2010,,,,0
27800,2011,,,,0
27800,2012,,,,0
27800,2013,,,,0
27800,2014,,,,0
27800,2015,,,,0
27800,2016,,,,0
27800,2017,,,,0
27800,2018,,,,0
27800,2019,,,,0
27800,2020,,,,0
27800,2021,,,,0
27800,2022,,,,0
27800,2023,,,,0
27800,2024,,,,0
27810,2001,,,,0
27810,2002,,,,0
27810,2003,,,,0
27810,2004,,,,0
27810,2005,,,,0
27810,2006,,,,0
27810,2007,,,,0
27810,2008,,,,0
27810,2009,,,,0
27810,2010,,,,0
27810,2011,,,,0
27810,2012,,,,0
27810,2013,,,,0
27810,2014,,,,0
27810,2015,,,,0
27810,2016,,,,0
27810,2017,,,,0
27810,2018,,,,0
27810,2019,,,,0
27810,2020,,,,0
27810,2021,,,,0
27810,2022,,,,0
27810,2023,,,,0
27810,2024,,,,0
41001,2001,,,,0
41001,2002,,,,0
41001,2003,,,,0
41001,2004,,,,0
41001,2005,,,,0
41001,2006,,,,0
41001,2007,,,,0
41001,2008,,,,0
41001,2009,,,,0
41001,2010,,,,0
41001,2011,,,,0
41001,2012,,,,0
41001,2013,,,,0
41001,2014,,,,0
41001,2015,,,,0
41001,2016,,,,0
41001,2017,,,,0
41001,2018,,,,0
41001,2019,,,,0
41001,2020,,,,0
41001,2021,,,,0
41001,2022,,,,0
41001,2023,,,,0
41001,2024,,,,0
41006,2001,,,,0
41006,2002,,,,0
41006,2003,,,,0
41006,2004,,,,0
41006,2005,,,,0
41006,2006,,,,0
41006,2007,,,,0
41006,2008,,,,0
41006,2009,,,,0
41006,2010,,,,0
41006,2011,,,,0
41006,2012,,,,0
41006,2013,,,,0
41006,2014,,,,0
41006,2015,,,,0
41006,2016,,,,0
41006,2017,,,,0
41006,2018,,,,0
41006,2019,,,,0
41006,2020,,,,0
41006,2021,,,,0
41006,2022,,,,0
41006,2023,,,,0
41006,2024,,,,0
41013,2001,,,,0
41013,2002,,,,0
41013,2003,,,,0
41013,2004,,,,0
41013,2005,,,,0
41013,2006,,,,0
41013,2007,,,,0
41013,2008,,,,0
41013,2009,,,,0
41013,2010,,,,0
41013,2011,,,,0
41013,2012,,,,0
41013,2013,,,,0
41013,2014,,,,0
41013,2015,,,,0
41013,2016,,,,0
41013,2017,,,,0
41013,2018,,,,0
41013,2019,,,,0
41013,2020,,,,0
41013,2021,,,,0
41013,2022,,,,0
41013,2023,,,,0
41013,2024,,,,0
41016,2001,,,,0
41016,2002,,,,0
41016,2003,,,,0
41016,2004,,,,0
41016,2005,,,,0
41016,2006,,,,0
41016,2007,,,,0
41016,2008,,,,0
41016,2009,,,,0
41016,2010,,,,0
41016,2011,,,,0
41016,2012,,,,0
41016,2013,,,,0
41016,2014,,,,0
41016,2015,,,,0
41016,2016,,,,0
41016,2017,,,,0
41016,2018,,,,0
41016,2019,,,,0
41016,2020,,,,0
41016,2021,,,,0
41016,2022,,,,0
41016,2023,,,,0
41016,2024,,,,0
41020,2001,,,,0
41020,2002,,,,0
41020,2003,,,,0
41020,2004,,,,0
41020,2005,,,,0
41020,2006,,,,0
41020,2007,,,,0
41020,2008,,,,0
41020,2009,,,,0
41020,2010,,,,0
41020,2011,,,,0
41020,2012,,,,0
41020,2013,,,,0
41020,2014,,,,0
41020,2015,,,,0
41020,2016,,,,0
41020,2017,,,,0
41020,2018,,,,0
41020,2019,,,,0
41020,2020,,,,0
41020,2021,,,,0
41020,2022,,,,0
41020,2023,,,,0
41020,2024,,,,0
41026,2001,,,,0
41026,2002,,,,0
41026,2003,,,,0
41026,2004,,,,0
41026,2005,,,,0
41026,2006,,,,0
41026,2007,,,,0
41026,2008,,,,0
41026,2009,,,,0
41026,2010,,,,0
41026,2011,,,,0
41026,2012,,,,0
41026,2013,,,,0
41026,2014,,,,0
41026,2015,,,,0
41026,2016,,,,0
41026,2017,,,,0
41026,2018,,,,0
41026,2019,,,,0
41026,2020,,,,0
41026,2021,,,,0
41026,2022,,,,0
41026,2023,,,,0
41026,2024,,,,0
41078,2001,,,,0
41078,2002,,,,0
41078,2003,,,,0
41078,2004,,,,0
41078,2005,,,,0
41078,2006,,,,0
41078,2007,,,,0
41078,2008,,,,0
41078,2009,,,,0
41078,2010,,,,0
41078,2011,,,,0
41078,2012,,,,0
41078,2013,,,,0
41078,2014,,,,0
41078,2015,,,,0
41078,2016,,,,0
41078,2017,,,,0
41078,2018,,,,0
41078,2019,,,,0
41078,2020,,,,0
41078,2021,,,,0
41078,2022,,,,0
41078,2023,,,,0
41078,2024,,,,0
41132,2001,,,,0
41132,2002,,,,0
41132,2003,,,,0
41132,2004,,,,0
41132,2005,,,,0
41132,2006,,,,0
41132,2007,,,,0
41132,2008,,,,0
41132,2009,,,,0
41132,2010,,,,0
41132,2011,,,,0
41132,2012,,,,0
41132,2013,,,,0
41132,2014,,,,0
41132,2015,,,,0
41132,2016,,,,0
41132,2017,,,,0
41132,2018,,,,0
41132,2019,,,,0
41132,2020,,,,0
41132,2021,,,,0
41132,2022,,,,0
41132,2023,,,,0
41132,2024,,,,0
41206,2001,,,,0
41206,2002,,,,0
41206,2003,,,,0
41206,2004,,,,0
41206,2005,,,,0
41206,2006,,,,0
41206,2007,,,,0
41206,2008,,,,0
41206,2009,,,,0
41206,2010,,,,0
41206,2011,,,,0
41206,2012,,,,0
41206,2013,,,,0
41206,2014,,,,0
41206,2015,,,,0
41206,2016,,,,0
41206,2017,,,,0
41206,2018,,,,0
41206,2019,,,,0
41206,2020,,,,0
41206,2021,,,,0
41206,2022,,,,0
41206,2023,,,,0
41206,2024,,,,0
41244,2001,,,,0
41244,2002,,,,0
41244,2003,,,,0
41244,2004,,,,0
41244,2005,,,,0
41244,2006,,,,0
41244,2007,,,,0
41244,2008,,,,0
41244,2009,,,,0
41244,2010,,,,0
41244,2011,,,,0
41244,2012,,,,0
41244,2013,,,,0
41244,2014,,,,0
41244,2015,,,,0
41244,2016,,,,0
41244,2017,,,,0
41244,2018,,,,0
41244,2019,,,,0
41244,2020,,,,0
41244,2021,,,,0
41244,2022,,,,0
41244,2023,,,,0
41244,2024,,,,0
41298,2001,,,,0
41298,2002,,,,0
41298,2003,,,,0
41298,2004,,,,0
41298,2005,,,,0
41298,2006,,,,0
41298,2007,,,,0
41298,2008,,,,0
41298,2009,,,,0
41298,2010,,,,0
41298,2011,,,,0
41298,2012,,,,0
41298,2013,,,,0
41298,2014,,,,0
41298,2015,,,,0
41298,2016,,,,0
41298,2017,,,,0
41298,2018,,,,0
41298,2019,,,,0
41298,2020,,,,0
41298,2021,,,,0
41298,2022,,,,0
41298,2023,,,,0
41298,2024,,,,0
41306,2001,,,,0
41306,2002,,,,0
41306,2003,,,,0
41306,2004,,,,0
41306,2005,,,,0
41306,2006,,,,0
41306,2007,,,,0
41306,2008,,,,0
41306,2009,,,,0
41306,2010,,,,0
41306,2011,,,,0
41306,2012,,,,0
41306,2013,,,,0
41306,2014,,,,0
41306,2015,,,,0
41306,2016,,,,0
41306,2017,,,,0
41306,2018,,,,0
41306,2019,,,,0
41306,2020,,,,0
41306,2021,,,,0
41306,2022,,,,0
41306,2023,,,,0
41306,2024,,,,0
41319,2001,,,,0
41319,2002,,,,0
41319,2003,,,,0
41319,2004,,,,0
41319,2005,,,,0
41319,2006,,,,0
41319,2007,,,,0
41319,2008,,,,0
41319,2009,,,,0
41319,2010,,,,0
41319,2011,,,,0
41319,2012,,,,0
41319,2013,,,,0
41319,2014,,,,0
41319,2015,,,,0
41319,2016,,,,0
41319,2017,,,,0
41319,2018,,,,0
41319,2019,,,,0
41319,2020,,,,0
41319,2021,,,,0
41319,2022,,,,0
41319,2023,,,,0
41319,2024,,,,0
41349,2001,,,,0
41349,2002,,,,0
41349,2003,,,,0
41349,2004,,,,0
41349,2005,,,,0
41349,2006,,,,0
41349,2007,,,,0
41349,2008,,,,0
41349,2009,,,,0
41349,2010,,,,0
41349,2011,,,,0
41349,2012,,,,0
41349,2013,,,,0
41349,2014,,,,0
41349,2015,,,,0
41349,2016,,,,0
41349,2017,,,,0
41349,2018,,,,0
41349,2019,,,,0
41349,2020,,,,0
41349,2021,,,,0
41349,2022,,,,0
41349,2023,,,,0
41349,2024,,,,0
41357,2001,,,,0
41357,2002,,,,0
41357,2003,,,,0
41357,2004,,,,0
41357,2005,,,,0
41357,2006,,,,0
41357,2007,,,,0
41357,2008,,,,0
41357,2009,,,,0
41357,2010,,,,0
41357,2011,,,,0
41357,2012,,,,0
41357,2013,,,,0
41357,2014,,,,0
41357,2015,,,,0
41357,2016,,,,0
41357,2017,,,,0
41357,2018,,,,0
41357,2019,,,,0
41357,2020,,,,0
41357,2021,,,,0
41357,2022,,,,0
41357,2023,,,,0
41357,2024,,,,0
41359,2001,,,,0
41359,2002,,,,0
41359,2003,,,,0
41359,2004,,,,0
41359,2005,,,,0
41359,2006,,,,0
41359,2007,,,,0
41359,2008,,,,0
41359,2009,,,,0
41359,2010,,,,0
41359,2011,,,,0
41359,2012,,,,0
41359,2013,,,,0
41359,2014,,,,0
41359,2015,,,,0
41359,2016,,,,0
41359,2017,,,,0
41359,2018,,,,0
41359,2019,,,,0
41359,2020,,,,0
41359,2021,,,,0
41359,2022,,,,0
41359,2023,,,,0
41359,2024,,,,0
41378,2001,,,,0
41378,2002,,,,0
41378,2003,,,,0
41378,2004,,,,0
41378,2005,,,,0
41378,2006,,,,0
41378,2007,,,,0
41378,2008,,,,0
41378,2009,,,,0
41378,2010,,,,0
41378,2011,,,,0
41378,2012,,,,0
41378,2013,,,,0
41378,2014,,,,0
41378,2015,,,,0
41378,2016,,,,0
41378,2017,,,,0
41378,2018,,,,0
41378,2019,,,,0
41378,2020,,,,0
41378,2021,,,,0
41378,2022,,,,0
41378,2023,,,,0
41378,2024,,,,0
41396,2001,,,,0
41396,2002,,,,0
41396,2003,,,,0
41396,2004,,,,0
41396,2005,,,,0
41396,2006,,,,0
41396,2007,,,,0
41396,2008,,,,0
41396,2009,,,,0
41396,2010,,,,0
41396,2011,,,,0
41396,2012,,,,0
41396,2013,,,,0
41396,2014,,,,0
41396,2015,,,,0
41396,2016,,,,0
41396,2017,,,,0
41396,2018,,,,0
41396,2019,,,,0
41396,2020,,,,0
41396,2021,,,,0
41396,2022,,,,0
41396,2023,,,,0
41396,2024,,,,0
41483,2001,,,,0
41483,2002,,,,0
41483,2003,,,,0
41483,2004,,,,0
41483,2005,,,,0
41483,2006,,,,0
41483,2007,,,,0
41483,2008,,,,0
41483,2009,,,,0
41483,2010,,,,0
41483,2011,,,,0
41483,2012,,,,0
41483,2013,,,,0
41483,2014,,,,0
41483,2015,,,,0
41483,2016,,,,0
41483,2017,,,,0
41483,2018,,,,0
41483,2019,,,,0
41483,2020,,,,0
41483,2021,,,,0
41483,2022,,,,0
41483,2023,,,,0
41483,2024,,,,0
41503,2001,,,,0
41503,2002,,,,0
41503,2003,,,,0
41503,2004,,,,0
41503,2005,,,,0
41503,2006,,,,0
41503,2007,,,,0
41503,2008,,,,0
41503,2009,,,,0
41503,2010,,,,0
41503,2011,,,,0
41503,2012,,,,0
41503,2013,,,,0
41503,2014,,,,0
41503,2015,,,,0
41503,2016,,,,0
41503,2017,,,,0
41503,2018,,,,0
41503,2019,,,,0
41503,2020,,,,0
41503,2021,,,,0
41503,2022,,,,0
41503,2023,,,,0
41503,2024,,,,0
41518,2001,,,,0
41518,2002,,,,0
41518,2003,,,,0
41518,2004,,,,0
41518,2005,,,,0
41518,2006,,,,0
41518,2007,,,,0
41518,2008,,,,0
41518,2009,,,,0
41518,2010,,,,0
41518,2011,,,,0
41518,2012,,,,0
41518,2013,,,,0
41518,2014,,,,0
41518,2015,,,,0
41518,2016,,,,0
41518,2017,,,,0
41518,2018,,,,0
41518,2019,,,,0
41518,2020,,,,0
41518,2021,,,,0
41518,2022,,,,0
41518,2023,,,,0
41518,2024,,,,0
41524,2001,,,,0
41524,2002,,,,0
41524,2003,,,,0
41524,2004,,,,0
41524,2005,,,,0
41524,2006,,,,0
41524,2007,,,,0
41524,2008,,,,0
41524,2009,,,,0
41524,2010,,,,0
41524,2011,,,,0
41524,2012,,,,0
41524,2013,,,,0
41524,2014,,,,0
41524,2015,,,,0
41524,2016,,,,0
41524,2017,,,,0
41524,2018,,,,0
41524,2019,,,,0
41524,2020,,,,0
41524,2021,,,,0
41524,2022,,,,0
41524,2023,,,,0
41524,2024,,,,0
41530,2001,,,,0
41530,2002,,,,0
41530,2003,,,,0
41530,2004,,,,0
41530,2005,,,,0
41530,2006,,,,0
41530,2007,,,,0
41530,2008,,,,0
41530,2009,,,,0
41530,2010,,,,0
41530,2011,,,,0
41530,2012,,,,0
41530,2013,,,,0
41530,2014,,,,0
41530,2015,,,,0
41530,2016,,,,0
41530,2017,,,,0
41530,2018,,,,0
41530,2019,,,,0
41530,2020,,,,0
41530,2021,,,,0
41530,2022,,,,0
41530,2023,,,,0
41530,2024,,,,0
41548,2001,,,,0
41548,2002,,,,0
41548,2003,,,,0
41548,2004,,,,0
41548,2005,,,,0
41548,2006,,,,0
41548,2007,,,,0
41548,2008,,,,0
41548,2009,,,,0
41548,2010,,,,0
41548,2011,,,,0
41548,2012,,,,0
41548,2013,,,,0
41548,2014,,,,0
41548,2015,,,,0
41548,2016,,,,0
41548,2017,,,,0
41548,2018,,,,0
41548,2019,,,,0
41548,2020,,,,0
41548,2021,,,,0
41548,2022,,,,0
41548,2023,,,,0
41548,2024,,,,0
41551,2001,,,,0
41551,2002,,,,0
41551,2003,,,,0
41551,2004,,,,0
41551,2005,,,,0
41551,2006,,,,0
41551,2007,,,,0
41551,2008,,,,0
41551,2009,,,,0
41551,2010,,,,0
41551,2011,,,,0
41551,2012,,,,0
41551,2013,,,,0
41551,2014,,,,0
41551,2015,,,,0
41551,2016,,,,0
41551,2017,,,,0
41551,2018,,,,0
41551,2019,,,,0
41551,2020,,,,0
41551,2021,,,,0
41551,2022,,,,0
41551,2023,,,,0
41551,2024,,,,0
41615,2001,,,,0
41615,2002,,,,0
41615,2003,,,,0
41615,2004,,,,0
41615,2005,,,,0
41615,2006,,,,0
41615,2007,,,,0
41615,2008,,,,0
41615,2009,,,,0
41615,2010,,,,0
41615,2011,,,,0
41615,2012,,,,0
41615,2013,,,,0
41615,2014,,,,0
41615,2015,,,,0
41615,2016,,,,0
41615,2017,,,,0
41615,2018,,,,0
41615,2019,,,,0
41615,2020,,,,0
41615,2021,,,,0
41615,2022,,,,0
41615,2023,,,,0
41615,2024,,,,0
41660,2001,,,,0
41660,2002,,,,0
41660,2003,,,,0
41660,2004,,,,0
41660,2005,,,,0
41660,2006,,,,0
41660,2007,,,,0
41660,2008,,,,0
41660,2009,,,,0
41660,2010,,,,0
41660,2011,,,,0
41660,2012,,,,0
41660,2013,,,,0
41660,2014,,,,0
41660,2015,,,,0
41660,2016,,,,0
41660,2017,,,,0
41660,2018,,,,0
41660,2019,,,,0
41660,2020,,,,0
41660,2021,,,,0
41660,2022,,,,0
41660,2023,,,,0
41660,2024,,,,0
41668,2001,,,,0
41668,2002,,,,0
41668,2003,,,,0
41668,2004,,,,0
41668,2005,,,,0
41668,2006,,,,0
41668,2007,,,,0
41668,2008,,,,0
41668,2009,,,,0
41668,2010,,,,0
41668,2011,,,,0
41668,2012,,,,0
41668,2013,,,,0
41668,2014,,,,0
41668,2015,,,,0
41668,2016,,,,0
41668,2017,,,,0
41668,2018,,,,0
41668,2019,,,,0
41668,2020,,,,0
41668,2021,,,,0
41668,2022,,,,0
41668,2023,,,,0
41668,2024,,,,0
41676,2001,,,,0
41676,2002,,,,0
41676,2003,,,,0
41676,2004,,,,0
41676,2005,,,,0
41676,2006,,,,0
41676,2007,,,,0
41676,2008,,,,0
41676,2009,,,,0
41676,2010,,,,0
41676,2011,,,,0
41676,2012,,,,0
41676,2013,,,,0
41676,2014,,,,0
41676,2015,,,,0
41676,2016,,,,0
41676,2017,,,,0
41676,2018,,,,0
41676,2019,,,,0
41676,2020,,,,0
41676,2021,,,,0
41676,2022,,,,0
41676,2023,,,,0
41676,2024,,,,0
41770,2001,,,,0
41770,2002,,,,0
41770,2003,,,,0
41770,2004,,,,0
41770,2005,,,,0
41770,2006,,,,0
41770,2007,,,,0
41770,2008,,,,0
41770,2009,,,,0
41770,2010,,,,0
41770,2011,,,,0
41770,2012,,,,0
41770,2013,,,,0
41770,2014,,,,0
41770,2015,,,,0
41770,2016,,,,0
41770,2017,,,,0
41770,2018,,,,0
41770,2019,,,,0
41770,2020,,,,0
41770,2021,,,,0
41770,2022,,,,0
41770,2023,,,,0
41770,2024,,,,0
41791,2001,,,,0
41791,2002,,,,0
41791,2003,,,,0
41791,2004,,,,0
41791,2005,,,,0
41791,2006,,,,0
41791,2007,,,,0
41791,2008,,,,0
41791,2009,,,,0
41791,2010,,,,0
41791,2011,,,,0
41791,2012,,,,0
41791,2013,,,,0
41791,2014,,,,0
41791,2015,,,,0
41791,2016,,,,0
41791,2017,,,,0
41791,2018,,,,0
41791,2019,,,,0
41791,2020,,,,0
41791,2021,,,,0
41791,2022,,,,0
41791,2023,,,,0
41791,2024,,,,0
41797,2001,,,,0
41797,2002,,,,0
41797,2003,,,,0
41797,2004,,,,0
41797,2005,,,,0
41797,2006,,,,0
41797,2007,,,,0
41797,2008,,,,0
41797,2009,,,,0
41797,2010,,,,0
41797,2011,,,,0
41797,2012,,,,0
41797,2013,,,,0
41797,2014,,,,0
41797,2015,,,,0
41797,2016,,,,0
41797,2017,,,,0
41797,2018,,,,0
41797,2019,,,,0
41797,2020,,,,0
41797,2021,,,,0
41797,2022,,,,0
41797,2023,,,,0
41797,2024,,,,0
41799,2001,,,,0
41799,2002,,,,0
41799,2003,,,,0
41799,2004,,,,0
41799,2005,,,,0
41799,2006,,,,0
41799,2007,,,,0
41799,2008,,,,0
41799,2009,,,,0
41799,2010,,,,0
41799,2011,,,,0
41799,2012,,,,0
41799,2013,,,,0
41799,2014,,,,0
41799,2015,,,,0
41799,2016,,,,0
41799,2017,,,,0
41799,2018,,,,0
41799,2019,,,,0
41799,2020,,,,0
41799,2021,,,,0
41799,2022,,,,0
41799,2023,,,,0
41799,2024,,,,0
41801,2001,,,,0
41801,2002,,,,0
41801,2003,,,,0
41801,2004,,,,0
41801,2005,,,,0
41801,2006,,,,0
41801,2007,,,,0
41801,2008,,,,0
41801,2009,,,,0
41801,2010,,,,0
41801,2011,,,,0
41801,2012,,,,0
41801,2013,,,,0
41801,2014,,,,0
41801,2015,,,,0
41801,2016,,,,0
41801,2017,,,,0
41801,2018,,,,0
41801,2019,,,,0
41801,2020,,,,0
41801,2021,,,,0
41801,2022,,,,0
41801,2023,,,,0
41801,2024,,,,0
41807,2001,,,,0
41807,2002,,,,0
41807,2003,,,,0
41807,2004,,,,0
41807,2005,,,,0
41807,2006,,,,0
41807,2007,,,,0
41807,2008,,,,0
41807,2009,,,,0
41807,2010,,,,0
41807,2011,,,,0
41807,2012,,,,0
41807,2013,,,,0
41807,2014,,,,0
41807,2015,,,,0
41807,2016,,,,0
41807,2017,,,,0
41807,2018,,,,0
41807,2019,,,,0
41807,2020,,,,0
41807,2021,,,,0
41807,2022,,,,0
41807,2023,,,,0
41807,2024,,,,0
41872,2001,,,,0
41872,2002,,,,0
41872,2003,,,,0
41872,2004,,,,0
41872,2005,,,,0
41872,2006,,,,0
41872,2007,,,,0
41872,2008,,,,0
41872,2009,,,,0
41872,2010,,,,0
41872,2011,,,,0
41872,2012,,,,0
41872,2013,,,,0
41872,2014,,,,0
41872,2015,,,,0
41872,2016,,,,0
41872,2017,,,,0
41872,2018,,,,0
41872,2019,,,,0
41872,2020,,,,0
41872,2021,,,,0
41872,2022,,,,0
41872,2023,,,,0
41872,2024,,,,0
41885,2001,,,,0
41885,2002,,,,0
41885,2003,,,,0
41885,2004,,,,0
41885,2005,,,,0
41885,2006,,,,0
41885,2007,,,,0
41885,2008,,,,0
41885,2009,,,,0
41885,2010,,,,0
41885,2011,,,,0
41885,2012,,,,0
41885,2013,,,,0
41885,2014,,,,0
41885,2015,,,,0
41885,2016,,,,0
41885,2017,,,,0
41885,2018,,,,0
41885,2019,,,,0
41885,2020,,,,0
41885,2021,,,,0
41885,2022,,,,0
41885,2023,,,,0
41885,2024,,,,0
44001,2001,,,,0
44001,2002,,,,0
44001,2003,,,,0
44001,2004,,,,0
44001,2005,,,,0
44001,2006,,,,0
44001,2007,,,,0
44001,2008,,,,0
44001,2009,,,,0
44001,2010,,,,0
44001,2011,,,,0
44001,2012,,,,0
44001,2013,,,,0
44001,2014,,,,0
44001,2015,,,,0
44001,2016,,,,0
44001,2017,,,,0
44001,2018,,,,0
44001,2019,,,,0
44001,2020,,,,0
44001,2021,,,,0
44001,2022,,,,0
44001,2023,,,,0
44001,2024,,,,0
44035,2001,,,,0
44035,2002,,,,0
44035,2003,,,,0
44035,2004,,,,0
44035,2005,,,,0
44035,2006,,,,0
44035,2007,,,,0
44035,2008,,,,0
44035,2009,,,,0
44035,2010,,,,0
44035,2011,,,,0
44035,2012,,,,0
44035,2013,,,,0
44035,2014,,,,0
44035,2015,,,,0
44035,2016,,,,0
44035,2017,,,,0
44035,2018,,,,0
44035,2019,,,,0
44035,2020,,,,0
44035,2021,,,,0
44035,2022,,,,0
44035,2023,,,,0
44035,2024,,,,0
44078,2001,,,,0
44078,2002,,,,0
44078,2003,,,,0
44078,2004,,,,0
44078,2005,,,,0
44078,2006,,,,0
44078,2007,,,,0
44078,2008,,,,0
44078,2009,,,,0
44078,2010,,,,0
44078,2011,,,,0
44078,2012,,,,0
44078,2013,,,,0
44078,2014,,,,0
44078,2015,,,,0
44078,2016,,,,0
44078,2017,,,,0
44078,2018,,,,0
44078,2019,,,,0
44078,2020,,,,0
44078,2021,,,,0
44078,2022,,,,0
44078,2023,,,,0
44078,2024,,,,0
44090,2001,,,,0
44090,2002,,,,0
44090,2003,,,,0
44090,2004,,,,0
44090,2005,,,,0
44090,2006,,,,0
44090,2007,,,,0
44090,2008,,,,0
44090,2009,,,,0
44090,2010,,,,0
44090,2011,,,,0
44090,2012,,,,0
44090,2013,,,,0
44090,2014,,,,0
44090,2015,,,,0
44090,2016,,,,0
44090,2017,,,,0
44090,2018,,,,0
44090,2019,,,,0
44090,2020,,,,0
44090,2021,,,,0
44090,2022,,,,0
44090,2023,,,,0
44090,2024,,,,0
44098,2001,,,,0
44098,2002,,,,0
44098,2003,,,,0
44098,2004,,,,0
44098,2005,,,,0
44098,2006,,,,0
44098,2007,,,,0
44098,2008,,,,0
44098,2009,,,,0
44098,2010,,,,0
44098,2011,,,,0
44098,2012,,,,0
44098,2013,,,,0
44098,2014,,,,0
44098,2015,,,,0
44098,2016,,,,0
44098,2017,,,,0
44098,2018,,,,0
44098,2019,,,,0
44098,2020,,,,0
44098,2021,,,,0
44098,2022,,,,0
44098,2023,,,,0
44098,2024,,,,0
44110,2001,,,,0
44110,2002,,,,0
44110,2003,,,,0
44110,2004,,,,0
44110,2005,,,,0
44110,2006,,,,0
44110,2007,,,,0
44110,2008,,,,0
44110,2009,,,,0
44110,2010,,,,0
44110,2011,,,,0
44110,2012,,,,0
44110,2013,,,,0
44110,2014,,,,0
44110,2015,,,,0
44110,2016,,,,0
44110,2017,,,,0
44110,2018,,,,0
44110,2019,,,,0
44110,2020,,,,0
44110,2021,,,,0
44110,2022,,,,0
44110,2023,,,,0
44110,2024,,,,0
44279,2001,,,,0
44279,2002,,,,0
44279,2003,,,,0
44279,2004,,,,0
44279,2005,,,,0
44279,2006,,,,0
44279,2007,,,,0
44279,2008,,,,0
44279,2009,,,,0
44279,2010,,,,0
44279,2011,,,,0
44279,2012,,,,0
44279,2013,,,,0
44279,2014,,,,0
44279,2015,,,,0
44279,2016,,,,0
44279,2017,,,,0
44279,2018,,,,0
44279,2019,,,,0
44279,2020,,,,0
44279,2021,,,,0
44279,2022,,,,0
44279,2023,,,,0
44279,2024,,,,0
44378,2001,,,,0
44378,2002,,,,0
44378,2003,,,,0
44378,2004,,,,0
44378,2005,,,,0
44378,2006,,,,0
44378,2007,,,,0
44378,2008,,,,0
44378,2009,,,,0
44378,2010,,,,0
44378,2011,,,,0
44378,2012,,,,0
44378,2013,,,,0
44378,2014,,,,0
44378,2015,,,,0
44378,2016,,,,0
44378,2017,,,,0
44378,2018,,,,0
44378,2019,,,,0
44378,2020,,,,0
44378,2021,,,,0
44378,2022,,,,0
44378,2023,,,,0
44378,2024,,,,0
44420,2001,,,,0
44420,2002,,,,0
44420,2003,,,,0
44420,2004,,,,0
44420,2005,,,,0
44420,2006,,,,0
44420,2007,,,,0
44420,2008,,,,0
44420,2009,,,,0
44420,2010,,,,0
44420,2011,,,,0
44420,2012,,,,0
44420,2013,,,,0
44420,2014,,,,0
44420,2015,,,,0
44420,2016,,,,0
44420,2017,,,,0
44420,2018,,,,0
44420,2019,,,,0
44420,2020,,,,0
44420,2021,,,,0
44420,2022,,,,0
44420,2023,,,,0
44420,2024,,,,0
44430,2001,,,,0
44430,2002,,,,0
44430,2003,,,,0
44430,2004,,,,0
44430,2005,,,,0
44430,2006,,,,0
44430,2007,,,,0
44430,2008,,,,0
44430,2009,,,,0
44430,2010,,,,0
44430,2011,,,,0
44430,2012,,,,0
44430,2013,,,,0
44430,2014,,,,0
44430,2015,,,,0
44430,2016,,,,0
44430,2017,,,,0
44430,2018,,,,0
44430,2019,,,,0
44430,2020,,,,0
44430,2021,,,,0
44430,2022,,,,0
44430,2023,,,,0
44430,2024,,,,0
44560,2001,,,,0
44560,2002,,,,0
44560,2003,,,,0
44560,2004,,,,0
44560,2005,,,,0
44560,2006,,,,0
44560,2007,,,,0
44560,2008,,,,0
44560,2009,,,,0
44560,2010,,,,0
44560,2011,,,,0
44560,2012,,,,0
44560,2013,,,,0
44560,2014,,,,0
44560,2015,,,,0
44560,2016,,,,0
44560,2017,,,,0
44560,2018,,,,0
44560,2019,,,,0
44560,2020,,,,0
44560,2021,,,,0
44560,2022,,,,0
44560,2023,,,,0
44560,2024,,,,0
44650,2001,,,,0
44650,2002,,,,0
44650,2003,,,,0
44650,2004,,,,0
44650,2005,,,,0
44650,2006,,,,0
44650,2007,,,,0
44650,2008,,,,0
44650,2009,,,,0
44650,2010,,,,0
44650,2011,,,,0
44650,2012,,,,0
44650,2013,,,,0
44650,2014,,,,0
44650,2015,,,,0
44650,2016,,,,0
44650,2017,,,,0
44650,2018,,,,0
44650,2019,,,,0
44650,2020,,,,0
44650,2021,,,,0
44650,2022,,,,0
44650,2023,,,,0
44650,2024,,,,0
44847,2001,,,,0
44847,2002,,,,0
44847,2003,,,,0
44847,2004,,,,0
44847,2005,,,,0
44847,2006,,,,0
44847,2007,,,,0
44847,2008,,,,0
44847,2009,,,,0
44847,2010,,,,0
44847,2011,,,,0
44847,2012,,,,0
44847,2013,,,,0
44847,2014,,,,0
44847,2015,,,,0
44847,2016,,,,0
44847,2017,,,,0
44847,2018,,,,0
44847,2019,,,,0
44847,2020,,,,0
44847,2021,,,,0
44847,2022,,,,0
44847,2023,,,,0
44847,2024,,,,0
44855,2001,,,,0
44855,2002,,,,0
44855,2003,,,,0
44855,2004,,,,0
44855,2005,,,,0
44855,2006,,,,0
44855,2007,,,,0
44855,2008,,,,0
44855,2009,,,,0
44855,2010,,,,0
44855,2011,,,,0
44855,2012,,,,0
44855,2013,,,,0
44855,2014,,,,0
44855,2015,,,,0
44855,2016,,,,0
44855,2017,,,,0
44855,2018,,,,0
44855,2019,,,,0
44855,2020,,,,0
44855,2021,,,,0
44855,2022,,,,0
44855,2023,,,,0
44855,2024,,,,0
44874,2001,,,,0
44874,2002,,,,0
44874,2003,,,,0
44874,2004,,,,0
44874,2005,,,,0
44874,2006,,,,0
44874,2007,,,,0
44874,2008,,,,0
44874,2009,,,,0
44874,2010,,,,0
44874,2011,,,,0
44874,2012,,,,0
44874,2013,,,,0
44874,2014,,,,0
44874,2015,,,,0
44874,2016,,,,0
44874,2017,,,,0
44874,2018,,,,0
44874,2019,,,,0
44874,2020,,,,0
44874,2021,,,,0
44874,2022,,,,0
44874,2023,,,,0
44874,2024,,,,0
47001,2001,,,,0
47001,2002,,,,0
47001,2003,,,,0
47001,2004,,,,0
47001,2005,,,,0
47001,2006,,,,0
47001,2007,,,,0
47001,2008,,,,0
47001,2009,,,,0
47001,2010,,,,0
47001,2011,,,,0
47001,2012,,,,0
47001,2013,,,,0
47001,2014,,,,0
47001,2015,,,,0
47001,2016,,,,0
47001,2017,,,,0
47001,2018,,,,0
47001,2019,,,,0
47001,2020,,,,0
47001,2021,,,,0
47001,2022,,,,0
47001,2023,,,,0
47001,2024,,,,0
47030,2001,,,,0
47030,2002,,,,0
47030,2003,,,,0
47030,2004,,,,0
47030,2005,,,,0
47030,2006,,,,0
47030,2007,,,,0
47030,2008,,,,0
47030,2009,,,,0
47030,2010,,,,0
47030,2011,,,,0
47030,2012,,,,0
47030,2013,,,,0
47030,2014,,,,0
47030,2015,,,,0
47030,2016,,,,0
47030,2017,,,,0
47030,2018,,,,0
47030,2019,,,,0
47030,2020,,,,0
47030,2021,,,,0
47030,2022,,,,0
47030,2023,,,,0
47030,2024,,,,0
47053,2001,,,,0
47053,2002,,,,0
47053,2003,,,,0
47053,2004,,,,0
47053,2005,,,,0
47053,2006,,,,0
47053,2007,,,,0
47053,2008,,,,0
47053,2009,,,,0
47053,2010,,,,0
47053,2011,,,,0
47053,2012,,,,0
47053,2013,,,,0
47053,2014,,,,0
47053,2015,,,,0
47053,2016,,,,0
47053,2017,,,,0
47053,2018,,,,0
47053,2019,,,,0
47053,2020,,,,0
47053,2021,,,,0
47053,2022,,,,0
47053,2023,,,,0
47053,2024,,,,0
47058,2001,,,,0
47058,2002,,,,0
47058,2003,,,,0
47058,2004,,,,0
47058,2005,,,,0
47058,2006,,,,0
47058,2007,,,,0
47058,2008,,,,0
47058,2009,,,,0
47058,2010,,,,0
47058,2011,,,,0
47058,2012,,,,0
47058,2013,,,,0
47058,2014,,,,0
47058,2015,,,,0
47058,2016,,,,0
47058,2017,,,,0
47058,2018,,,,0
47058,2019,,,,0
47058,2020,,,,0
47058,2021,,,,0
47058,2022,,,,0
47058,2023,,,,0
47058,2024,,,,0
47161,2001,,,,0
47161,2002,,,,0
47161,2003,,,,0
47161,2004,,,,0
47161,2005,,,,0
47161,2006,,,,0
47161,2007,,,,0
47161,2008,,,,0
47161,2009,,,,0
47161,2010,,,,0
47161,2011,,,,0
47161,2012,,,,0
47161,2013,,,,0
47161,2014,,,,0
47161,2015,,,,0
47161,2016,,,,0
47161,2017,,,,0
47161,2018,,,,0
47161,2019,,,,0
47161,2020,,,,0
47161,2021,,,,0
47161,2022,,,,0
47161,2023,,,,0
47161,2024,,,,0
47170,2001,,,,0
47170,2002,,,,0
47170,2003,,,,0
47170,2004,,,,0
47170,2005,,,,0
47170,2006,,,,0
47170,2007,,,,0
47170,2008,,,,0
47170,2009,,,,0
47170,2010,,,,0
47170,2011,,,,0
47170,2012,,,,0
47170,2013,,,,0
47170,2014,,,,0
47170,2015,,,,0
47170,2016,,,,0
47170,2017,,,,0
47170,2018,,,,0
47170,2019,,,,0
47170,2020,,,,0
47170,2021,,,,0
47170,2022,,,,0
47170,2023,,,,0
47170,2024,,,,0
47189,2001,,,,0
47189,2002,,,,0
47189,2003,,,,0
47189,2004,,,,0
47189,2005,,,,0
47189,2006,,,,0
47189,2007,,,,0
47189,2008,,,,0
47189,2009,,,,0
47189,2010,,,,0
47189,2011,,,,0
47189,2012,,,,0
47189,2013,,,,0
47189,2014,,,,0
47189,2015,,,,0
47189,2016,,,,0
47189,2017,,,,0
47189,2018,,,,0
47189,2019,,,,0
47189,2020,,,,0
47189,2021,,,,0
47189,2022,,,,0
47189,2023,,,,0
47189,2024,,,,0
47205,2001,,,,0
47205,2002,,,,0
47205,2003,,,,0
47205,2004,,,,0
47205,2005,,,,0
47205,2006,,,,0
47205,2007,,,,0
47205,2008,,,,0
47205,2009,,,,0
47205,2010,,,,0
47205,2011,,,,0
47205,2012,,,,0
47205,2013,,,,0
47205,2014,,,,0
47205,2015,,,,0
47205,2016,,,,0
47205,2017,,,,0
47205,2018,,,,0
47205,2019,,,,0
47205,2020,,,,0
47205,2021,,,,0
47205,2022,,,,0
47205,2023,,,,0
47205,2024,,,,0
47245,2001,,,,0
47245,2002,,,,0
47245,2003,,,,0
47245,2004,,,,0
47245,2005,,,,0
47245,2006,,,,0
47245,2007,,,,0
47245,2008,,,,0
47245,2009,,,,0
47245,2010,,,,0
47245,2011,,,,0
47245,2012,,,,0
47245,2013,,,,0
47245,2014,,,,0
47245,2015,,,,0
47245,2016,,,,0
47245,2017,,,,0
47245,2018,,,,0
47245,2019,,,,0
47245,2020,,,,0
47245,2021,,,,0
47245,2022,,,,0
47245,2023,,,,0
47245,2024,,,,0
47258,2001,,,,0
47258,2002,,,,0
47258,2003,,,,0
47258,2004,,,,0
47258,2005,,,,0
47258,2006,,,,0
47258,2007,,,,0
47258,2008,,,,0
47258,2009,,,,0
47258,2010,,,,0
47258,2011,,,,0
47258,2012,,,,0
47258,2013,,,,0
47258,2014,,,,0
47258,2015,,,,0
47258,2016,,,,0
47258,2017,,,,0
47258,2018,,,,0
47258,2019,,,,0
47258,2020,,,,0
47258,2021,,,,0
47258,2022,,,,0
47258,2023,,,,0
47258,2024,,,,0
47268,2001,,,,0
47268,2002,,,,0
47268,2003,,,,0
47268,2004,,,,0
47268,2005,,,,0
47268,2006,,,,0
47268,2007,,,,0
47268,2008,,,,0
47268,2009,,,,0
47268,2010,,,,0
47268,2011,,,,0
47268,2012,,,,0
47268,2013,,,,0
47268,2014,,,,0
47268,2015,,,,0
47268,2016,,,,0
47268,2017,,,,0
47268,2018,,,,0
47268,2019,,,,0
47268,2020,,,,0
47268,2021,,,,0
47268,2022,,,,0
47268,2023,,,,0
47268,2024,,,,0
47288,2001,,,,0
47288,2002,,,,0
47288,2003,,,,0
47288,2004,,,,0
47288,2005,,,,0
47288,2006,,,,0
47288,2007,,,,0
47288,2008,,,,0
47288,2009,,,,0
47288,2010,,,,0
47288,2011,,,,0
47288,2012,,,,0
47288,2013,,,,0
47288,2014,,,,0
47288,2015,,,,0
47288,2016,,,,0
47288,2017,,,,0
47288,2018,,,,0
47288,2019,,,,0
47288,2020,,,,0
47288,2021,,,,0
47288,2022,,,,0
47288,2023,,,,0
47288,2024,,,,0
47318,2001,,,,0
47318,2002,,,,0
47318,2003,,,,0
47318,2004,,,,0
47318,2005,,,,0
47318,2006,,,,0
47318,2007,,,,0
47318,2008,,,,0
47318,2009,,,,0
47318,2010,,,,0
47318,2011,,,,0
47318,2012,,,,0
47318,2013,,,,0
47318,2014,,,,0
47318,2015,,,,0
47318,2016,,,,0
47318,2017,,,,0
47318,2018,,,,0
47318,2019,,,,0
47318,2020,,,,0
47318,2021,,,,0
47318,2022,,,,0
47318,2023,,,,0
47318,2024,,,,0
47460,2001,,,,0
47460,2002,,,,0
47460,2003,,,,0
47460,2004,,,,0
47460,2005,,,,0
47460,2006,,,,0
47460,2007,,,,0
47460,2008,,,,0
47460,2009,,,,0
47460,2010,,,,0
47460,2011,,,,0
47460,2012,,,,0
47460,2013,,,,0
47460,2014,,,,0
47460,2015,,,,0
47460,2016,,,,0
47460,2017,,,,0
47460,2018,,,,0
47460,2019,,,,0
47460,2020,,,,0
47460,2021,,,,0
47460,2022,,,,0
47460,2023,,,,0
47460,2024,,,,0
47541,2001,,,,0
47541,2002,,,,0
47541,2003,,,,0
47541,2004,,,,0
47541,2005,,,,0
47541,2006,,,,0
47541,2007,,,,0
47541,2008,,,,0
47541,2009,,,,0
47541,2010,,,,0
47541,2011,,,,0
47541,2012,,,,0
47541,2013,,,,0
47541,2014,,,,0
47541,2015,,,,0
47541,2016,,,,0
47541,2017,,,,0
47541,2018,,,,0
47541,2019,,,,0
47541,2020,,,,0
47541,2021,,,,0
47541,2022,,,,0
47541,2023,,,,0
47541,2024,,,,0
47545,2001,,,,0
47545,2002,,,,0
47545,2003,,,,0
47545,2004,,,,0
47545,2005,,,,0
47545,2006,,,,0
47545,2007,,,,0
47545,2008,,,,0
47545,2009,,,,0
47545,2010,,,,0
47545,2011,,,,0
47545,2012,,,,0
47545,2013,,,,0
47545,2014,,,,0
47545,2015,,,,0
47545,2016,,,,0
47545,2017,,,,0
47545,2018,,,,0
47545,2019,,,,0
47545,2020,,,,0
47545,2021,,,,0
47545,2022,,,,0
47545,2023,,,,0
47545,2024,,,,0
47551,2001,,,,0
47551,2002,,,,0
47551,2003,,,,0
47551,2004,,,,0
47551,2005,,,,0
47551,2006,,,,0
47551,2007,,,,0
47551,2008,,,,0
47551,2009,,,,0
47551,2010,,,,0
47551,2011,,,,0
47551,2012,,,,0
47551,2013,,,,0
47551,2014,,,,0
47551,2015,,,,0
47551,2016,,,,0
47551,2017,,,,0
47551,2018,,,,0
47551,2019,,,,0
47551,2020,,,,0
47551,2021,,,,0
47551,2022,,,,0
47551,2023,,,,0
47551,2024,,,,0
47555,2001,,,,0
47555,2002,,,,0
47555,2003,,,,0
47555,2004,,,,0
47555,2005,,,,0
47555,2006,,,,0
47555,2007,,,,0
47555,2008,,,,0
47555,2009,,,,0
47555,2010,,,,0
47555,2011,,,,0
47555,2012,,,,0
47555,2013,,,,0
47555,2014,,,,0
47555,2015,,,,0
47555,2016,,,,0
47555,2017,,,,0
47555,2018,,,,0
47555,2019,,,,0
47555,2020,,,,0
47555,2021,,,,0
47555,2022,,,,0
47555,2023,,,,0
47555,2024,,,,0
47570,2001,,,,0
47570,2002,,,,0
47570,2003,,,,0
47570,2004,,,,0
47570,2005,,,,0
47570,2006,,,,0
47570,2007,,,,0
47570,2008,,,,0
47570,2009,,,,0
47570,2010,,,,0
47570,2011,,,,0
47570,2012,,,,0
47570,2013,,,,0
47570,2014,,,,0
47570,2015,,,,0
47570,2016,,,,0
47570,2017,,,,0
47570,2018,,,,0
47570,2019,,,,0
47570,2020,,,,0
47570,2021,,,,0
47570,2022,,,,0
47570,2023,,,,0
47570,2024,,,,0
47605,2001,,,,0
47605,2002,,,,0
47605,2003,,,,0
47605,2004,,,,0
47605,2005,,,,0
47605,2006,,,,0
47605,2007,,,,0
47605,2008,,,,0
47605,2009,,,,0
47605,2010,,,,0
47605,2011,,,,0
47605,2012,,,,0
47605,2013,,,,0
47605,2014,,,,0
47605,2015,,,,0
47605,2016,,,,0
47605,2017,,,,0
47605,2018,,,,0
47605,2019,,,,0
47605,2020,,,,0
47605,2021,,,,0
47605,2022,,,,0
47605,2023,,,,0
47605,2024,,,,0
47660,2001,,,,0
47660,2002,,,,0
47660,2003,,,,0
47660,2004,,,,0
47660,2005,,,,0
47660,2006,,,,0
47660,2007,,,,0
47660,2008,,,,0
47660,2009,,,,0
47660,2010,,,,0
47660,2011,,,,0
47660,2012,,,,0
47660,2013,,,,0
47660,2014,,,,0
47660,2015,,,,0
47660,2016,,,,0
47660,2017,,,,0
47660,2018,,,,0
47660,2019,,,,0
47660,2020,,,,0
47660,2021,,,,0
47660,2022,,,,0
47660,2023,,,,0
47660,2024,,,,0
47675,2001,,,,0
47675,2002,,,,0
47675,2003,,,,0
47675,2004,,,,0
47675,2005,,,,0
47675,2006,,,,0
47675,2007,,,,0
47675,2008,,,,0
47675,2009,,,,0
47675,2010,,,,0
47675,2011,,,,0
47675,2012,,,,0
47675,2013,,,,0
47675,2014,,,,0
47675,2015,,,,0
47675,2016,,,,0
47675,2017,,,,0
47675,2018,,,,0
47675,2019,,,,0
47675,2020,,,,0
47675,2021,,,,0
47675,2022,,,,0
47675,2023,,,,0
47675,2024,,,,0
47692,2001,,,,0
47692,2002,,,,0
47692,2003,,,,0
47692,2004,,,,0
47692,2005,,,,0
47692,2006,,,,0
47692,2007,,,,0
47692,2008,,,,0
47692,2009,,,,0
47692,2010,,,,0
47692,2011,,,,0
47692,2012,,,,0
47692,2013,,,,0
47692,2014,,,,0
47692,2015,,,,0
47692,2016,,,,0
47692,2017,,,,0
47692,2018,,,,0
47692,2019,,,,0
47692,2020,,,,0
47692,2021,,,,0
47692,2022,,,,0
47692,2023,,,,0
47692,2024,,,,0
47703,2001,,,,0
47703,2002,,,,0
47703,2003,,,,0
47703,2004,,,,0
47703,2005,,,,0
47703,2006,,,,0
47703,2007,,,,0
47703,2008,,,,0
47703,2009,,,,0
47703,2010,,,,0
47703,2011,,,,0
47703,2012,,,,0
47703,2013,,,,0
47703,2014,,,,0
47703,2015,,,,0
47703,2016,,,,0
47703,2017,,,,0
47703,2018,,,,0
47703,2019,,,,0
47703,2020,,,,0
47703,2021,,,,0
47703,2022,,,,0
47703,2023,,,,0
47703,2024,,,,0
47707,2001,,,,0
47707,2002,,,,0
47707,2003,,,,0
47707,2004,,,,0
47707,2005,,,,0
47707,2006,,,,0
47707,2007,,,,0
47707,2008,,,,0
47707,2009,,,,0
47707,2010,,,,0
47707,2011,,,,0
47707,2012,,,,0
47707,2013,,,,0
47707,2014,,,,0
47707,2015,,,,0
47707,2016,,,,0
47707,2017,,,,0
47707,2018,,,,0
47707,2019,,,,0
47707,2020,,,,0
47707,2021,,,,0
47707,2022,,,,0
47707,2023,,,,0
47707,2024,,,,0
47720,2001,,,,0
47720,2002,,,,0
47720,2003,,,,0
47720,2004,,,,0
47720,2005,,,,0
47720,2006,,,,0
47720,2007,,,,0
47720,2008,,,,0
47720,2009,,,,0
47720,2010,,,,0
47720,2011,,,,0
47720,2012,,,,0
47720,2013,,,,0
47720,2014,,,,0
47720,2015,,,,0
47720,2016,,,,0
47720,2017,,,,0
47720,2018,,,,0
47720,2019,,,,0
47720,2020,,,,0
47720,2021,,,,0
47720,2022,,,,0
47720,2023,,,,0
47720,2024,,,,0
47745,2001,,,,0
47745,2002,,,,0
47745,2003,,,,0
47745,2004,,,,0
47745,2005,,,,0
47745,2006,,,,0
47745,2007,,,,0
47745,2008,,,,0
47745,2009,,,,0
47745,2010,,,,0
47745,2011,,,,0
47745,2012,,,,0
47745,2013,,,,0
47745,2014,,,,0
47745,2015,,,,0
47745,2016,,,,0
47745,2017,,,,0
47745,2018,,,,0
47745,2019,,,,0
47745,2020,,,,0
47745,2021,,,,0
47745,2022,,,,0
47745,2023,,,,0
47745,2024,,,,0
47798,2001,,,,0
47798,2002,,,,0
47798,2003,,,,0
47798,2004,,,,0
47798,2005,,,,0
47798,2006,,,,0
47798,2007,,,,0
47798,2008,,,,0
47798,2009,,,,0
47798,2010,,,,0
47798,2011,,,,0
47798,2012,,,,0
47798,2013,,,,0
47798,2014,,,,0
47798,2015,,,,0
47798,2016,,,,0
47798,2017,,,,0
47798,2018,,,,0
47798,2019,,,,0
47798,2020,,,,0
47798,2021,,,,0
47798,2022,,,,0
47798,2023,,,,0
47798,2024,,,,0
47960,2001,,,,0
47960,2002,,,,0
47960,2003,,,,0
47960,2004,,,,0
47960,2005,,,,0
47960,2006,,,,0
47960,2007,,,,0
47960,2008,,,,0
47960,2009,,,,0
47960,2010,,,,0
47960,2011,,,,0
47960,2012,,,,0
47960,2013,,,,0
47960,2014,,,,0
47960,2015,,,,0
47960,2016,,,,0
47960,2017,,,,0
47960,2018,,,,0
47960,2019,,,,0
47960,2020,,,,0
47960,2021,,,,0
47960,2022,,,,0
47960,2023,,,,0
47960,2024,,,,0
47980,2001,,,,0
47980,2002,,,,0
47980,2003,,,,0
47980,2004,,,,0
47980,2005,,,,0
47980,2006,,,,0
47980,2007,,,,0
47980,2008,,,,0
47980,2009,,,,0
47980,2010,,,,0
47980,2011,,,,0
47980,2012,,,,0
47980,2013,,,,0
47980,2014,,,,0
47980,2015,,,,0
47980,2016,,,,0
47980,2017,,,,0
47980,2018,,,,0
47980,2019,,,,0
47980,2020,,,,0
47980,2021,,,,0
47980,2022,,,,0
47980,2023,,,,0
47980,2024,,,,0
50001,2001,,,,0
50001,2002,,,,0
50001,2003,,,,0
50001,2004,,,,0
50001,2005,,,,0
50001,2006,,,,0
50001,2007,,,,0
50001,2008,,,,0
50001,2009,,,,0
50001,2010,,,,0
50001,2011,,,,0
50001,2012,,,,0
50001,2013,,,,0
50001,2014,,,,0
50001,2015,,,,0
50001,2016,,,,0
50001,2017,,,,0
50001,2018,,,,0
50001,2019,,,,0
50001,2020,,,,0
50001,2021,,,,0
50001,2022,,,,0
50001,2023,,,,0
50001,2024,,,,0
50006,2001,,,,0
50006,2002,,,,0
50006,2003,,,,0
50006,2004,,,,0
50006,2005,,,,0
50006,2006,,,,0
50006,2007,,,,0
50006,2008,,,,0
50006,2009,,,,0
50006,2010,,,,0
50006,2011,,,,0
50006,2012,,,,0
50006,2013,,,,0
50006,2014,,,,0
50006,2015,,,,0
50006,2016,,,,0
50006,2017,,,,0
50006,2018,,,,0
50006,2019,,,,0
50006,2020,,,,0
50006,2021,,,,0
50006,2022,,,,0
50006,2023,,,,0
50006,2024,,,,0
5001,2001,,,,0
5001,2002,,,,0
5001,2003,,,,0
5001,2004,,,,0
5001,2005,,,,0
5001,2006,,,,0
5001,2007,,,,0
5001,2008,,,,0
5001,2009,,,,0
5001,2010,,,,0
5001,2011,,,,0
5001,2012,,,,0
5001,2013,,,,0
5001,2014,,,,0
5001,2015,,,,0
5001,2016,,,,0
5001,2017,,,,0
5001,2018,,,,0
5001,2019,,,,0
5001,2020,,,,0
5001,2021,,,,0
5001,2022,,,,0
5001,2023,,,,0
5001,2024,,,,0
5002,2001,,,,0
5002,2002,,,,0
5002,2003,,,,0
5002,2004,,,,0
5002,2005,,,,0
5002,2006,,,,0
5002,2007,,,,0
5002,2008,,,,0
5002,2009,,,,0
5002,2010,,,,0
5002,2011,,,,0
5002,2012,,,,0
5002,2013,,,,0
5002,2014,,,,0
5002,2015,,,,0
5002,2016,,,,0
5002,2017,,,,0
5002,2018,,,,0
5002,2019,,,,0
5002,2020,,,,0
5002,2021,,,,0
5002,2022,,,,0
5002,2023,,,,0
5002,2024,,,,0
5004,2001,,,,0
5004,2002,,,,0
5004,2003,,,,0
5004,2004,,,,0
5004,2005,,,,0
5004,2006,,,,0
5004,2007,,,,0
5004,2008,,,,0
5004,2009,,,,0
5004,2010,,,,0
5004,2011,,,,0
5004,2012,,,,0
5004,2013,,,,0
5004,2014,,,,0
5004,2015,,,,0
5004,2016,,,,0
5004,2017,,,,0
5004,2018,,,,0
5004,2019,,,,0
5004,2020,,,,0
5004,2021,,,,0
5004,2022,,,,0
5004,2023,,,,0
5004,2024,,,,0
50110,2001,,,,0
50110,2002,,,,0
50110,2003,,,,0
50110,2004,,,,0
50110,2005,,,,0
50110,2006,,,,0
50110,2007,,,,0
50110,2008,,,,0
50110,2009,,,,0
50110,2010,,,,0
50110,2011,,,,0
50110,2012,,,,0
50110,2013,,,,0
50110,2014,,,,0
50110,2015,,,,0
50110,2016,,,,0
50110,2017,,,,0
50110,2018,,,,0
50110,2019,,,,0
50110,2020,,,,0
50110,2021,,,,0
50110,2022,,,,0
50110,2023,,,,0
50110,2024,,,,0
50124,2001,,,,0
50124,2002,,,,0
50124,2003,,,,0
50124,2004,,,,0
50124,2005,,,,0
50124,2006,,,,0
50124,2007,,,,0
50124,2008,,,,0
50124,2009,,,,0
50124,2010,,,,0
50124,2011,,,,0
50124,2012,,,,0
50124,2013,,,,0
50124,2014,,,,0
50124,2015,,,,0
50124,2016,,,,0
50124,2017,,,,0
50124,2018,,,,0
50124,2019,,,,0
50124,2020,,,,0
50124,2021,,,,0
50124,2022,,,,0
50124,2023,,,,0
50124,2024,,,,0
50150,2001,,,,0
50150,2002,,,,0
50150,2003,,,,0
50150,2004,,,,0
50150,2005,,,,0
50150,2006,,,,0
50150,2007,,,,0
50150,2008,,,,0
50150,2009,,,,0
50150,2010,,,,0
50150,2011,,,,0
50150,2012,,,,0
50150,2013,,,,0
50150,2014,,,,0
50150,2015,,,,0
50150,2016,,,,0
50150,2017,,,,0
50150,2018,,,,0
50150,2019,,,,0
50150,2020,,,,0
50150,2021,,,,0
50150,2022,,,,0
50150,2023,,,,0
50150,2024,,,,0
5021,2001,,,,0
5021,2002,,,,0
5021,2003,,,,0
5021,2004,,,,0
5021,2005,,,,0
5021,2006,,,,0
5021,2007,,,,0
5021,2008,,,,0
5021,2009,,,,0
5021,2010,,,,0
5021,2011,,,,0
5021,2012,,,,0
5021,2013,,,,0
5021,2014,,,,0
5021,2015,,,,0
5021,2016,,,,0
5021,2017,,,,0
5021,2018,,,,0
5021,2019,,,,0
5021,2020,,,,0
5021,2021,,,,0
5021,2022,,,,0
5021,2023,,,,0
5021,2024,,,,0
50223,2001,,,,0
50223,2002,,,,0
50223,2003,,,,0
50223,2004,,,,0
50223,2005,,,,0
50223,2006,,,,0
50223,2007,,,,0
50223,2008,,,,0
50223,2009,,,,0
50223,2010,,,,0
50223,2011,,,,0
50223,2012,,,,0
50223,2013,,,,0
50223,2014,,,,0
50223,2015,,,,0
50223,2016,,,,0
50223,2017,,,,0
50223,2018,,,,0
50223,2019,,,,0
50223,2020,,,,0
50223,2021,,,,0
50223,2022,,,,0
50223,2023,,,,0
50223,2024,,,,0
50226,2001,,,,0
50226,2002,,,,0
50226,2003,,,,0
50226,2004,,,,0
50226,2005,,,,0
50226,2006,,,,0
50226,2007,,,,0
50226,2008,,,,0
50226,2009,,,,0
50226,2010,,,,0
50226,2011,,,,0
50226,2012,,,,0
50226,2013,,,,0
50226,2014,,,,0
50226,2015,,,,0
50226,2016,,,,0
50226,2017,,,,0
50226,2018,,,,0
50226,2019,,,,0
50226,2020,,,,0
50226,2021,,,,0
50226,2022,,,,0
50226,2023,,,,0
50226,2024,,,,0
50245,2001,,,,0
50245,2002,,,,0
50245,2003,,,,0
50245,2004,,,,0
50245,2005,,,,0
50245,2006,,,,0
50245,2007,,,,0
50245,2008,,,,0
50245,2009,,,,0
50245,2010,,,,0
50245,2011,,,,0
50245,2012,,,,0
50245,2013,,,,0
50245,2014,,,,0
50245,2015,,,,0
50245,2016,,,,0
50245,2017,,,,0
50245,2018,,,,0
50245,2019,,,,0
50245,2020,,,,0
50245,2021,,,,0
50245,2022,,,,0
50245,2023,,,,0
50245,2024,,,,0
50251,2001,,,,0
50251,2002,,,,0
50251,2003,,,,0
50251,2004,,,,0
50251,2005,,,,0
50251,2006,,,,0
50251,2007,,,,0
50251,2008,,,,0
50251,2009,,,,0
50251,2010,,,,0
50251,2011,,,,0
50251,2012,,,,0
50251,2013,,,,0
50251,2014,,,,0
50251,2015,,,,0
50251,2016,,,,0
50251,2017,,,,0
50251,2018,,,,0
50251,2019,,,,0
50251,2020,,,,0
50251,2021,,,,0
50251,2022,,,,0
50251,2023,,,,0
50251,2024,,,,0
50270,2001,,,,0
50270,2002,,,,0
50270,2003,,,,0
50270,2004,,,,0
50270,2005,,,,0
50270,2006,,,,0
50270,2007,,,,0
50270,2008,,,,0
50270,2009,,,,0
50270,2010,,,,0
50270,2011,,,,0
50270,2012,,,,0
50270,2013,,,,0
50270,2014,,,,0
50270,2015,,,,0
50270,2016,,,,0
50270,2017,,,,0
50270,2018,,,,0
50270,2019,,,,0
50270,2020,,,,0
50270,2021,,,,0
50270,2022,,,,0
50270,2023,,,,0
50270,2024,,,,0
50287,2001,,,,0
50287,2002,,,,0
50287,2003,,,,0
50287,2004,,,,0
50287,2005,,,,0
50287,2006,,,,0
50287,2007,,,,0
50287,2008,,,,0
50287,2009,,,,0
50287,2010,,,,0
50287,2011,,,,0
50287,2012,,,,0
50287,2013,,,,0
50287,2014,,,,0
50287,2015,,,,0
50287,2016,,,,0
50287,2017,,,,0
50287,2018,,,,0
50287,2019,,,,0
50287,2020,,,,0
50287,2021,,,,0
50287,2022,,,,0
50287,2023,,,,0
50287,2024,,,,0
5030,2001,,,,0
5030,2002,,,,0
5030,2003,,,,0
5030,2004,,,,0
5030,2005,,,,0
5030,2006,,,,0
5030,2007,,,,0
5030,2008,,,,0
5030,2009,,,,0
5030,2010,,,,0
5030,2011,,,,0
5030,2012,,,,0
5030,2013,,,,0
5030,2014,,,,0
5030,2015,,,,0
5030,2016,,,,0
5030,2017,,,,0
5030,2018,,,,0
5030,2019,,,,0
5030,2020,,,,0
5030,2021,,,,0
5030,2022,,,,0
5030,2023,,,,0
5030,2024,,,,0
5031,2001,,,,0
5031,2002,,,,0
5031,2003,,,,0
5031,2004,,,,0
5031,2005,,,,0
5031,2006,,,,0
5031,2007,,,,0
5031,2008,,,,0
5031,2009,,,,0
5031,2010,,,,0
5031,2011,,,,0
5031,2012,,,,0
5031,2013,,,,0
5031,2014,,,,0
5031,2015,,,,0
5031,2016,,,,0
5031,2017,,,,0
5031,2018,,,,0
5031,2019,,,,0
5031,2020,,,,0
5031,2021,,,,0
5031,2022,,,,0
5031,2023,,,,0
5031,2024,,,,0
50313,2001,,,,0
50313,2002,,,,0
50313,2003,,,,0
50313,2004,,,,0
50313,2005,,,,0
50313,2006,,,,0
50313,2007,,,,0
50313,2008,,,,0
50313,2009,,,,0
50313,2010,,,,0
50313,2011,,,,0
50313,2012,,,,0
50313,2013,,,,0
50313,2014,,,,0
50313,2015,,,,0
50313,2016,,,,0
50313,2017,,,,0
50313,2018,,,,0
50313,2019,,,,0
50313,2020,,,,0
50313,2021,,,,0
50313,2022,,,,0
50313,2023,,,,0
50313,2024,,,,0
50318,2001,,,,0
50318,2002,,,,0
50318,2003,,,,0
50318,2004,,,,0
50318,2005,,,,0
50318,2006,,,,0
50318,2007,,,,0
50318,2008,,,,0
50318,2009,,,,0
50318,2010,,,,0
50318,2011,,,,0
50318,2012,,,,0
50318,2013,,,,0
50318,2014,,,,0
50318,2015,,,,0
50318,2016,,,,0
50318,2017,,,,0
50318,2018,,,,0
50318,2019,,,,0
50318,2020,,,,0
50318,2021,,,,0
50318,2022,,,,0
50318,2023,,,,0
50318,2024,,,,0
50325,2001,,,,0
50325,2002,,,,0
50325,2003,,,,0
50325,2004,,,,0
50325,2005,,,,0
50325,2006,,,,0
50325,2007,,,,0
50325,2008,,,,0
50325,2009,,,,0
50325,2010,,,,0
50325,2011,,,,0
50325,2012,,,,0
50325,2013,,,,0
50325,2014,,,,0
50325,2015,,,,0
50325,2016,,,,0
50325,2017,,,,0
50325,2018,,,,0
50325,2019,,,,0
50325,2020,,,,0
50325,2021,,,,0
50325,2022,,,,0
50325,2023,,,,0
50325,2024,,,,0
50330,2001,,,,0
50330,2002,,,,0
50330,2003,,,,0
50330,2004,,,,0
50330,2005,,,,0
50330,2006,,,,0
50330,2007,,,,0
50330,2008,,,,0
50330,2009,,,,0
50330,2010,,,,0
50330,2011,,,,0
50330,2012,,,,0
50330,2013,,,,0
50330,2014,,,,0
50330,2015,,,,0
50330,2016,,,,0
50330,2017,,,,0
50330,2018,,,,0
50330,2019,,,,0
50330,2020,,,,0
50330,2021,,,,0
50330,2022,,,,0
50330,2023,,,,0
50330,2024,,,,0
5034,2001,,,,0
5034,2002,,,,0
5034,2003,,,,0
5034,2004,,,,0
5034,2005,,,,0
5034,2006,,,,0
5034,2007,,,,0
5034,2008,,,,0
5034,2009,,,,0
5034,2010,,,,0
5034,2011,,,,0
5034,2012,,,,0
5034,2013,,,,0
5034,2014,,,,0
5034,2015,,,,0
5034,2016,,,,0
5034,2017,,,,0
5034,2018,,,,0
5034,2019,,,,0
5034,2020,,,,0
5034,2021,,,,0
5034,2022,,,,0
5034,2023,,,,0
5034,2024,,,,0
50350,2001,,,,0
50350,2002,,,,0
50350,2003,,,,0
50350,2004,,,,0
50350,2005,,,,0
50350,2006,,,,0
50350,2007,,,,0
50350,2008,,,,0
50350,2009,,,,0
50350,2010,,,,0
50350,2011,,,,0
50350,2012,,,,0
50350,2013,,,,0
50350,2014,,,,0
50350,2015,,,,0
50350,2016,,,,0
50350,2017,,,,0
50350,2018,,,,0
50350,2019,,,,0
50350,2020,,,,0
50350,2021,,,,0
50350,2022,,,,0
50350,2023,,,,0
50350,2024,,,,0
5036,2001,,,,0
5036,2002,,,,0
5036,2003,,,,0
5036,2004,,,,0
5036,2005,,,,0
5036,2006,,,,0
5036,2007,,,,0
5036,2008,,,,0
5036,2009,,,,0
5036,2010,,,,0
5036,2011,,,,0
5036,2012,,,,0
5036,2013,,,,0
5036,2014,,,,0
5036,2015,,,,0
5036,2016,,,,0
5036,2017,,,,0
5036,2018,,,,0
5036,2019,,,,0
5036,2020,,,,0
5036,2021,,,,0
5036,2022,,,,0
5036,2023,,,,0
5036,2024,,,,0
50370,2001,,,,0
50370,2002,,,,0
50370,2003,,,,0
50370,2004,,,,0
50370,2005,,,,0
50370,2006,,,,0
50370,2007,,,,0
50370,2008,,,,0
50370,2009,,,,0
50370,2010,,,,0
50370,2011,,,,0
50370,2012,,,,0
50370,2013,,,,0
50370,2014,,,,0
50370,2015,,,,0
50370,2016,,,,0
50370,2017,,,,0
50370,2018,,,,0
50370,2019,,,,0
50370,2020,,,,0
50370,2021,,,,0
50370,2022,,,,0
50370,2023,,,,0
50370,2024,,,,0
5038,2001,,,,0
5038,2002,,,,0
5038,2003,,,,0
5038,2004,,,,0
5038,2005,,,,0
5038,2006,,,,0
5038,2007,,,,0
5038,2008,,,,0
5038,2009,,,,0
5038,2010,,,,0
5038,2011,,,,0
5038,2012,,,,0
5038,2013,,,,0
5038,2014,,,,0
5038,2015,,,,0
5038,2016,,,,0
5038,2017,,,,0
5038,2018,,,,0
5038,2019,,,,0
5038,2020,,,,0
5038,2021,,,,0
5038,2022,,,,0
5038,2023,,,,0
5038,2024,,,,0
5040,2001,,,,0
5040,2002,,,,0
5040,2003,,,,0
5040,2004,,,,0
5040,2005,,,,0
5040,2006,,,,0
5040,2007,,,,0
5040,2008,,,,0
5040,2009,,,,0
5040,2010,,,,0
5040,2011,,,,0
5040,2012,,,,0
5040,2013,,,,0
5040,2014,,,,0
5040,2015,,,,0
5040,2016,,,,0
5040,2017,,,,0
5040,2018,,,,0
5040,2019,,,,0
5040,2020,,,,0
5040,2021,,,,0
5040,2022,,,,0
5040,2023,,,,0
5040,2024,,,,0
50400,2001,,,,0
50400,2002,,,,0
50400,2003,,,,0
50400,2004,,,,0
50400,2005,,,,0
50400,2006,,,,0
50400,2007,,,,0
50400,2008,,,,0
50400,2009,,,,0
50400,2010,,,,0
50400,2011,,,,0
50400,2012,,,,0
50400,2013,,,,0
50400,2014,,,,0
50400,2015,,,,0
50400,2016,,,,0
50400,2017,,,,0
50400,2018,,,,0
50400,2019,,,,0
50400,2020,,,,0
50400,2021,,,,0
50400,2022,,,,0
50400,2023,,,,0
50400,2024,,,,0
5042,2001,,,,0
5042,2002,,,,0
5042,2003,,,,0
5042,2004,,,,0
5042,2005,,,,0
5042,2006,,,,0
5042,2007,,,,0
5042,2008,,,,0
5042,2009,,,,0
5042,2010,,,,0
5042,2011,,,,0
5042,2012,,,,0
5042,2013,,,,0
5042,2014,,,,0
5042,2015,,,,0
5042,2016,,,,0
5042,2017,,,,0
5042,2018,,,,0
5042,2019,,,,0
5042,2020,,,,0
5042,2021,,,,0
5042,2022,,,,0
5042,2023,,,,0
5042,2024,,,,0
5044,2001,,,,0
5044,2002,,,,0
5044,2003,,,,0
5044,2004,,,,0
5044,2005,,,,0
5044,2006,,,,0
5044,2007,,,,0
5044,2008,,,,0
5044,2009,,,,0
5044,2010,,,,0
5044,2011,,,,0
5044,2012,,,,0
5044,2013,,,,0
5044,2014,,,,0
5044,2015,,,,0
5044,2016,,,,0
5044,2017,,,,0
5044,2018,,,,0
5044,2019,,,,0
5044,2020,,,,0
5044,2021,,,,0
5044,2022,,,,0
5044,2023,,,,0
5044,2024,,,,0
5045,2001,,,,0
5045,2002,,,,0
5045,2003,,,,0
5045,2004,,,,0
5045,2005,,,,0
5045,2006,,,,0
5045,2007,,,,0
5045,2008,,,,0
5045,2009,,,,0
5045,2010,,,,0
5045,2011,,,,0
5045,2012,,,,0
5045,2013,,,,0
5045,2014,,,,0
5045,2015,,,,0
5045,2016,,,,0
5045,2017,,,,0
5045,2018,,,,0
5045,2019,,,,0
5045,2020,,,,0
5045,2021,,,,0
5045,2022,,,,0
5045,2023,,,,0
5045,2024,,,,0
50450,2001,,,,0
50450,2002,,,,0
50450,2003,,,,0
50450,2004,,,,0
50450,2005,,,,0
50450,2006,,,,0
50450,2007,,,,0
50450,2008,,,,0
50450,2009,,,,0
50450,2010,,,,0
50450,2011,,,,0
50450,2012,,,,0
50450,2013,,,,0
50450,2014,,,,0
50450,2015,,,,0
50450,2016,,,,0
50450,2017,,,,0
50450,2018,,,,0
50450,2019,,,,0
50450,2020,,,,0
50450,2021,,,,0
50450,2022,,,,0
50450,2023,,,,0
50450,2024,,,,0
5051,2001,,,,0
5051,2002,,,,0
5051,2003,,,,0
5051,2004,,,,0
5051,2005,,,,0
5051,2006,,,,0
5051,2007,,,,0
5051,2008,,,,0
5051,2009,,,,0
5051,2010,,,,0
5051,2011,,,,0
5051,2012,,,,0
5051,2013,,,,0
5051,2014,,,,0
5051,2015,,,,0
5051,2016,,,,0
5051,2017,,,,0
5051,2018,,,,0
5051,2019,,,,0
5051,2020,,,,0
5051,2021,,,,0
5051,2022,,,,0
5051,2023,,,,0
5051,2024,,,,0
5055,2001,,,,0
5055,2002,,,,0
5055,2003,,,,0
5055,2004,,,,0
5055,2005,,,,0
5055,2006,,,,0
5055,2007,,,,0
5055,2008,,,,0
5055,2009,,,,0
5055,2010,,,,0
5055,2011,,,,0
5055,2012,,,,0
5055,2013,,,,0
5055,2014,,,,0
5055,2015,,,,0
5055,2016,,,,0
5055,2017,,,,0
5055,2018,,,,0
5055,2019,,,,0
5055,2020,,,,0
5055,2021,,,,0
5055,2022,,,,0
5055,2023,,,,0
5055,2024,,,,0
50568,2001,,,,0
50568,2002,,,,0
50568,2003,,,,0
50568,2004,,,,0
50568,2005,,,,0
50568,2006,,,,0
50568,2007,,,,0
50568,2008,,,,0
50568,2009,,,,0
50568,2010,,,,0
50568,2011,,,,0
50568,2012,,,,0
50568,2013,,,,0
50568,2014,,,,0
50568,2015,,,,0
50568,2016,,,,0
50568,2017,,,,0
50568,2018,,,,0
50568,2019,,,,0
50568,2020,,,,0
50568,2021,,,,0
50568,2022,,,,0
50568,2023,,,,0
50568,2024,,,,0
50573,2001,,,,0
50573,2002,,,,0
50573,2003,,,,0
50573,2004,,,,0
50573,2005,,,,0
50573,2006,,,,0
50573,2007,,,,0
50573,2008,,,,0
50573,2009,,,,0
50573,2010,,,,0
50573,2011,,,,0
50573,2012,,,,0
50573,2013,,,,0
50573,2014,,,,0
50573,2015,,,,0
50573,2016,,,,0
50573,2017,,,,0
50573,2018,,,,0
50573,2019,,,,0
50573,2020,,,,0
50573,2021,,,,0
50573,2022,,,,0
50573,2023,,,,0
50573,2024,,,,0
50577,2001,,,,0
50577,2002,,,,0
50577,2003,,,,0
50577,2004,,,,0
50577,2005,,,,0
50577,2006,,,,0
50577,2007,,,,0
50577,2008,,,,0
50577,2009,,,,0
50577,2010,,,,0
50577,2011,,,,0
50577,2012,,,,0
50577,2013,,,,0
50577,2014,,,,0
50577,2015,,,,0
50577,2016,,,,0
50577,2017,,,,0
50577,2018,,,,0
50577,2019,,,,0
50577,2020,,,,0
50577,2021,,,,0
50577,2022,,,,0
50577,2023,,,,0
50577,2024,,,,0
5059,2001,,,,0
5059,2002,,,,0
5059,2003,,,,0
5059,2004,,,,0
5059,2005,,,,0
5059,2006,,,,0
5059,2007,,,,0
5059,2008,,,,0
5059,2009,,,,0
5059,2010,,,,0
5059,2011,,,,0
5059,2012,,,,0
5059,2013,,,,0
5059,2014,,,,0
5059,2015,,,,0
5059,2016,,,,0
5059,2017,,,,0
5059,2018,,,,0
5059,2019,,,,0
5059,2020,,,,0
5059,2021,,,,0
5059,2022,,,,0
5059,2023,,,,0
5059,2024,,,,0
50590,2001,,,,0
50590,2002,,,,0
50590,2003,,,,0
50590,2004,,,,0
50590,2005,,,,0
50590,2006,,,,0
50590,2007,,,,0
50590,2008,,,,0
50590,2009,,,,0
50590,2010,,,,0
50590,2011,,,,0
50590,2012,,,,0
50590,2013,,,,0
50590,2014,,,,0
50590,2015,,,,0
50590,2016,,,,0
50590,2017,,,,0
50590,2018,,,,0
50590,2019,,,,0
50590,2020,,,,0
50590,2021,,,,0
50590,2022,,,,0
50590,2023,,,,0
50590,2024,,,,0
50606,2001,,,,0
50606,2002,,,,0
50606,2003,,,,0
50606,2004,,,,0
50606,2005,,,,0
50606,2006,,,,0
50606,2007,,,,0
50606,2008,,,,0
50606,2009,,,,0
50606,2010,,,,0
50606,2011,,,,0
50606,2012,,,,0
50606,2013,,,,0
50606,2014,,,,0
50606,2015,,,,0
50606,2016,,,,0
50606,2017,,,,0
50606,2018,,,,0
50606,2019,,,,0
50606,2020,,,,0
50606,2021,,,,0
50606,2022,,,,0
50606,2023,,,,0
50606,2024,,,,0
50680,2001,,,,0
50680,2002,,,,0
50680,2003,,,,0
50680,2004,,,,0
50680,2005,,,,0
50680,2006,,,,0
50680,2007,,,,0
50680,2008,,,,0
50680,2009,,,,0
50680,2010,,,,0
50680,2011,,,,0
50680,2012,,,,0
50680,2013,,,,0
50680,2014,,,,0
50680,2015,,,,0
50680,2016,,,,0
50680,2017,,,,0
50680,2018,,,,0
50680,2019,,,,0
50680,2020,,,,0
50680,2021,,,,0
50680,2022,,,,0
50680,2023,,,,0
50680,2024,,,,0
50683,2001,,,,0
50683,2002,,,,0
50683,2003,,,,0
50683,2004,,,,0
50683,2005,,,,0
50683,2006,,,,0
50683,2007,,,,0
50683,2008,,,,0
50683,2009,,,,0
50683,2010,,,,0
50683,2011,,,,0
50683,2012,,,,0
50683,2013,,,,0
50683,2014,,,,0
50683,2015,,,,0
50683,2016,,,,0
50683,2017,,,,0
50683,2018,,,,0
50683,2019,,,,0
50683,2020,,,,0
50683,2021,,,,0
50683,2022,,,,0
50683,2023,,,,0
50683,2024,,,,0
50686,2001,,,,0
50686,2002,,,,0
50686,2003,,,,0
50686,2004,,,,0
50686,2005,,,,0
50686,2006,,,,0
50686,2007,,,,0
50686,2008,,,,0
50686,2009,,,,0
50686,2010,,,,0
50686,2011,,,,0
50686,2012,,,,0
50686,2013,,,,0
50686,2014,,,,0
50686,2015,,,,0
50686,2016,,,,0
50686,2017,,,,0
50686,2018,,,,0
50686,2019,,,,0
50686,2020,,,,0
50686,2021,,,,0
50686,2022,,,,0
50686,2023,,,,0
50686,2024,,,,0
50689,2001,,,,0
50689,2002,,,,0
50689,2003,,,,0
50689,2004,,,,0
50689,2005,,,,0
50689,2006,,,,0
50689,2007,,,,0
50689,2008,,,,0
50689,2009,,,,0
50689,2010,,,,0
50689,2011,,,,0
50689,2012,,,,0
50689,2013,,,,0
50689,2014,,,,0
50689,2015,,,,0
50689,2016,,,,0
50689,2017,,,,0
50689,2018,,,,0
50689,2019,,,,0
50689,2020,,,,0
50689,2021,,,,0
50689,2022,,,,0
50689,2023,,,,0
50689,2024,,,,0
50711,2001,,,,0
50711,2002,,,,0
50711,2003,,,,0
50711,2004,,,,0
50711,2005,,,,0
50711,2006,,,,0
50711,2007,,,,0
50711,2008,,,,0
50711,2009,,,,0
50711,2010,,,,0
50711,2011,,,,0
50711,2012,,,,0
50711,2013,,,,0
50711,2014,,,,0
50711,2015,,,,0
50711,2016,,,,0
50711,2017,,,,0
50711,2018,,,,0
50711,2019,,,,0
50711,2020,,,,0
50711,2021,,,,0
50711,2022,,,,0
50711,2023,,,,0
50711,2024,,,,0
5079,2001,,,,0
5079,2002,,,,0
5079,2003,,,,0
5079,2004,,,,0
5079,2005,,,,0
5079,2006,,,,0
5079,2007,,,,0
5079,2008,,,,0
5079,2009,,,,0
5079,2010,,,,0
5079,2011,,,,0
5079,2012,,,,0
5079,2013,,,,0
5079,2014,,,,0
5079,2015,,,,0
5079,2016,,,,0
5079,2017,,,,0
5079,2018,,,,0
5079,2019,,,,0
5079,2020,,,,0
5079,2021,,,,0
5079,2022,,,,0
5079,2023,,,,0
5079,2024,,,,0
5086,2001,,,,0
5086,2002,,,,0
5086,2003,,,,0
5086,2004,,,,0
5086,2005,,,,0
5086,2006,,,,0
5086,2007,,,,0
5086,2008,,,,0
5086,2009,,,,0
5086,2010,,,,0
5086,2011,,,,0
5086,2012,,,,0
5086,2013,,,,0
5086,2014,,,,0
5086,2015,,,,0
5086,2016,,,,0
5086,2017,,,,0
5086,2018,,,,0
5086,2019,,,,0
5086,2020,,,,0
5086,2021,,,,0
5086,2022,,,,0
5086,2023,,,,0
5086,2024,,,,0
5088,2001,,,,0
5088,2002,,,,0
5088,2003,,,,0
5088,2004,,,,0
5088,2005,,,,0
5088,2006,,,,0
5088,2007,,,,0
5088,2008,,,,0
5088,2009,,,,0
5088,2010,,,,0
5088,2011,,,,0
5088,2012,,,,0
5088,2013,,,,0
5088,2014,,,,0
5088,2015,,,,0
5088,2016,,,,0
5088,2017,,,,0
5088,2018,,,,0
5088,2019,,,,0
5088,2020,,,,0
5088,2021,,,,0
5088,2022,,,,0
5088,2023,,,,0
5088,2024,,,,0
5091,2001,,,,0
5091,2002,,,,0
5091,2003,,,,0
5091,2004,,,,0
5091,2005,,,,0
5091,2006,,,,0
5091,2007,,,,0
5091,2008,,,,0
5091,2009,,,,0
5091,2010,,,,0
5091,2011,,,,0
5091,2012,,,,0
5091,2013,,,,0
5091,2014,,,,0
5091,2015,,,,0
5091,2016,,,,0
5091,2017,,,,0
5091,2018,,,,0
5091,2019,,,,0
5091,2020,,,,0
5091,2021,,,,0
5091,2022,,,,0
5091,2023,,,,0
5091,2024,,,,0
5093,2001,,,,0
5093,2002,,,,0
5093,2003,,,,0
5093,2004,,,,0
5093,2005,,,,0
5093,2006,,,,0
5093,2007,,,,0
5093,2008,,,,0
5093,2009,,,,0
5093,2010,,,,0
5093,2011,,,,0
5093,2012,,,,0
5093,2013,,,,0
5093,2014,,,,0
5093,2015,,,,0
5093,2016,,,,0
5093,2017,,,,0
5093,2018,,,,0
5093,2019,,,,0
5093,2020,,,,0
5093,2021,,,,0
5093,2022,,,,0
5093,2023,,,,0
5093,2024,,,,0
5101,2001,,,,0
5101,2002,,,,0
5101,2003,,,,0
5101,2004,,,,0
5101,2005,,,,0
5101,2006,,,,0
5101,2007,,,,0
5101,2008,,,,0
5101,2009,,,,0
5101,2010,,,,0
5101,2011,,,,0
5101,2012,,,,0
5101,2013,,,,0
5101,2014,,,,0
5101,2015,,,,0
5101,2016,,,,0
5101,2017,,,,0
5101,2018,,,,0
5101,2019,,,,0
5101,2020,,,,0
5101,2021,,,,0
5101,2022,,,,0
5101,2023,,,,0
5101,2024,,,,0
5107,2001,,,,0
5107,2002,,,,0
5107,2003,,,,0
5107,2004,,,,0
5107,2005,,,,0
5107,2006,,,,0
5107,2007,,,,0
5107,2008,,,,0
5107,2009,,,,0
5107,2010,,,,0
5107,2011,,,,0
5107,2012,,,,0
5107,2013,,,,0
5107,2014,,,,0
5107,2015,,,,0
5107,2016,,,,0
5107,2017,,,,0
5107,2018,,,,0
5107,2019,,,,0
5107,2020,,,,0
5107,2021,,,,0
5107,2022,,,,0
5107,2023,,,,0
5107,2024,,,,0
5113,2001,,,,0
5113,2002,,,,0
5113,2003,,,,0
5113,2004,,,,0
5113,2005,,,,0
5113,2006,,,,0
5113,2007,,,,0
5113,2008,,,,0
5113,2009,,,,0
5113,2010,,,,0
5113,2011,,,,0
5113,2012,,,,0
5113,2013,,,,0
5113,2014,,,,0
5113,2015,,,,0
5113,2016,,,,0
5113,2017,,,,0
5113,2018,,,,0
5113,2019,,,,0
5113,2020,,,,0
5113,2021,,,,0
5113,2022,,,,0
5113,2023,,,,0
5113,2024,,,,0
5120,2001,,,,0
5120,2002,,,,0
5120,2003,,,,0
5120,2004,,,,0
5120,2005,,,,0
5120,2006,,,,0
5120,2007,,,,0
5120,2008,,,,0
5120,2009,,,,0
5120,2010,,,,0
5120,2011,,,,0
5120,2012,,,,0
5120,2013,,,,0
5120,2014,,,,0
5120,2015,,,,0
5120,2016,,,,0
5120,2017,,,,0
5120,2018,,,,0
5120,2019,,,,0
5120,2020,,,,0
5120,2021,,,,0
5120,2022,,,,0
5120,2023,,,,0
5120,2024,,,,0
5125,2001,,,,0
5125,2002,,,,0
5125,2003,,,,0
5125,2004,,,,0
5125,2005,,,,0
5125,2006,,,,0
5125,2007,,,,0
5125,2008,,,,0
5125,2009,,,,0
5125,2010,,,,0
5125,2011,,,,0
5125,2012,,,,0
5125,2013,,,,0
5125,2014,,,,0
5125,2015,,,,0
5125,2016,,,,0
5125,2017,,,,0
5125,2018,,,,0
5125,2019,,,,0
5125,2020,,,,0
5125,2021,,,,0
5125,2022,,,,0
5125,2023,,,,0
5125,2024,,,,0
5129,2001,,,,0
5129,2002,,,,0
5129,2003,,,,0
5129,2004,,,,0
5129,2005,,,,0
5129,2006,,,,0
5129,2007,,,,0
5129,2008,,,,0
5129,2009,,,,0
5129,2010,,,,0
5129,2011,,,,0
5129,2012,,,,0
5129,2013,,,,0
5129,2014,,,,0
5129,2015,,,,0
5129,2016,,,,0
5129,2017,,,,0
5129,2018,,,,0
5129,2019,,,,0
5129,2020,,,,0
5129,2021,,,,0
5129,2022,,,,0
5129,2023,,,,0
5129,2024,,,,0
5134,2001,,,,0
5134,2002,,,,0
5134,2003,,,,0
5134,2004,,,,0
5134,2005,,,,0
5134,2006,,,,0
5134,2007,,,,0
5134,2008,,,,0
5134,2009,,,,0
5134,2010,,,,0
5134,2011,,,,0
5134,2012,,,,0
5134,2013,,,,0
5134,2014,,,,0
5134,2015,,,,0
5134,2016,,,,0
5134,2017,,,,0
5134,2018,,,,0
5134,2019,,,,0
5134,2020,,,,0
5134,2021,,,,0
5134,2022,,,,0
5134,2023,,,,0
5134,2024,,,,0
5138,2001,,,,0
5138,2002,,,,0
5138,2003,,,,0
5138,2004,,,,0
5138,2005,,,,0
5138,2006,,,,0
5138,2007,,,,0
5138,2008,,,,0
5138,2009,,,,0
5138,2010,,,,0
5138,2011,,,,0
5138,2012,,,,0
5138,2013,,,,0
5138,2014,,,,0
5138,2015,,,,0
5138,2016,,,,0
5138,2017,,,,0
5138,2018,,,,0
5138,2019,,,,0
5138,2020,,,,0
5138,2021,,,,0
5138,2022,,,,0
5138,2023,,,,0
5138,2024,,,,0
5142,2001,,,,0
5142,2002,,,,0
5142,2003,,,,0
5142,2004,,,,0
5142,2005,,,,0
5142,2006,,,,0
5142,2007,,,,0
5142,2008,,,,0
5142,2009,,,,0
5142,2010,,,,0
5142,2011,,,,0
5142,2012,,,,0
5142,2013,,,,0
5142,2014,,,,0
5142,2015,,,,0
5142,2016,,,,0
5142,2017,,,,0
5142,2018,,,,0
5142,2019,,,,0
5142,2020,,,,0
5142,2021,,,,0
5142,2022,,,,0
5142,2023,,,,0
5142,2024,,,,0
5145,2001,,,,0
5145,2002,,,,0
5145,2003,,,,0
5145,2004,,,,0
5145,2005,,,,0
5145,2006,,,,0
5145,2007,,,,0
5145,2008,,,,0
5145,2009,,,,0
5145,2010,,,,0
5145,2011,,,,0
5145,2012,,,,0
5145,2013,,,,0
5145,2014,,,,0
5145,2015,,,,0
5145,2016,,,,0
5145,2017,,,,0
5145,2018,,,,0
5145,2019,,,,0
5145,2020,,,,0
5145,2021,,,,0
5145,2022,,,,0
5145,2023,,,,0
5145,2024,,,,0
5147,2001,,,,0
5147,2002,,,,0
5147,2003,,,,0
5147,2004,,,,0
5147,2005,,,,0
5147,2006,,,,0
5147,2007,,,,0
5147,2008,,,,0
5147,2009,,,,0
5147,2010,,,,0
5147,2011,,,,0
5147,2012,,,,0
5147,2013,,,,0
5147,2014,,,,0
5147,2015,,,,0
5147,2016,,,,0
5147,2017,,,,0
5147,2018,,,,0
5147,2019,,,,0
5147,2020,,,,0
5147,2021,,,,0
5147,2022,,,,0
5147,2023,,,,0
5147,2024,,,,0
5148,2001,,,,0
5148,2002,,,,0
5148,2003,,,,0
5148,2004,,,,0
5148,2005,,,,0
5148,2006,,,,0
5148,2007,,,,0
5148,2008,,,,0
5148,2009,,,,0
5148,2010,,,,0
5148,2011,,,,0
5148,2012,,,,0
5148,2013,,,,0
5148,2014,,,,0
5148,2015,,,,0
5148,2016,,,,0
5148,2017,,,,0
5148,2018,,,,0
5148,2019,,,,0
5148,2020,,,,0
5148,2021,,,,0
5148,2022,,,,0
5148,2023,,,,0
5148,2024,,,,0
5150,2001,,,,0
5150,2002,,,,0
5150,2003,,,,0
5150,2004,,,,0
5150,2005,,,,0
5150,2006,,,,0
5150,2007,,,,0
5150,2008,,,,0
5150,2009,,,,0
5150,2010,,,,0
5150,2011,,,,0
5150,2012,,,,0
5150,2013,,,,0
5150,2014,,,,0
5150,2015,,,,0
5150,2016,,,,0
5150,2017,,,,0
5150,2018,,,,0
5150,2019,,,,0
5150,2020,,,,0
5150,2021,,,,0
5150,2022,,,,0
5150,2023,,,,0
5150,2024,,,,0
5154,2001,,,,0
5154,2002,,,,0
5154,2003,,,,0
5154,2004,,,,0
5154,2005,,,,0
5154,2006,,,,0
5154,2007,,,,0
5154,2008,,,,0
5154,2009,,,,0
5154,2010,,,,0
5154,2011,,,,0
5154,2012,,,,0
5154,2013,,,,0
5154,2014,,,,0
5154,2015,,,,0
5154,2016,,,,0
5154,2017,,,,0
5154,2018,,,,0
5154,2019,,,,0
5154,2020,,,,0
5154,2021,,,,0
5154,2022,,,,0
5154,2023,,,,0
5154,2024,,,,0
5172,2001,,,,0
5172,2002,,,,0
5172,2003,,,,0
5172,2004,,,,0
5172,2005,,,,0
5172,2006,,,,0
5172,2007,,,,0
5172,2008,,,,0
5172,2009,,,,0
5172,2010,,,,0
5172,2011,,,,0
5172,2012,,,,0
5172,2013,,,,0
5172,2014,,,,0
5172,2015,,,,0
5172,2016,,,,0
5172,2017,,,,0
5172,2018,,,,0
5172,2019,,,,0
5172,2020,,,,0
5172,2021,,,,0
5172,2022,,,,0
5172,2023,,,,0
5172,2024,,,,0
5190,2001,,,,0
5190,2002,,,,0
5190,2003,,,,0
5190,2004,,,,0
5190,2005,,,,0
5190,2006,,,,0
5190,2007,,,,0
5190,2008,,,,0
5190,2009,,,,0
5190,2010,,,,0
5190,2011,,,,0
5190,2012,,,,0
5190,2013,,,,0
5190,2014,,,,0
5190,2015,,,,0
5190,2016,,,,0
5190,2017,,,,0
5190,2018,,,,0
5190,2019,,,,0
5190,2020,,,,0
5190,2021,,,,0
5190,2022,,,,0
5190,2023,,,,0
5190,2024,,,,0
5197,2001,,,,0
5197,2002,,,,0
5197,2003,,,,0
5197,2004,,,,0
5197,2005,,,,0
5197,2006,,,,0
5197,2007,,,,0
5197,2008,,,,0
5197,2009,,,,0
5197,2010,,,,0
5197,2011,,,,0
5197,2012,,,,0
5197,2013,,,,0
5197,2014,,,,0
5197,2015,,,,0
5197,2016,,,,0
5197,2017,,,,0
5197,2018,,,,0
5197,2019,,,,0
5197,2020,,,,0
5197,2021,,,,0
5197,2022,,,,0
5197,2023,,,,0
5197,2024,,,,0
52001,2001,,,,0
52001,2002,,,,0
52001,2003,,,,0
52001,2004,,,,0
52001,2005,,,,0
52001,2006,,,,0
52001,2007,,,,0
52001,2008,,,,0
52001,2009,,,,0
52001,2010,,,,0
52001,2011,,,,0
52001,2012,,,,0
52001,2013,,,,0
52001,2014,,,,0
52001,2015,,,,0
52001,2016,,,,0
52001,2017,,,,0
52001,2018,,,,0
52001,2019,,,,0
52001,2020,,,,0
52001,2021,,,,0
52001,2022,,,,0
52001,2023,,,,0
52001,2024,,,,0
52019,2001,,,,0
52019,2002,,,,0
52019,2003,,,,0
52019,2004,,,,0
52019,2005,,,,0
52019,2006,,,,0
52019,2007,,,,0
52019,2008,,,,0
52019,2009,,,,0
52019,2010,,,,0
52019,2011,,,,0
52019,2012,,,,0
52019,2013,,,,0
52019,2014,,,,0
52019,2015,,,,0
52019,2016,,,,0
52019,2017,,,,0
52019,2018,,,,0
52019,2019,,,,0
52019,2020,,,,0
52019,2021,,,,0
52019,2022,,,,0
52019,2023,,,,0
52019,2024,,,,0
52022,2001,,,,0
52022,2002,,,,0
52022,2003,,,,0
52022,2004,,,,0
52022,2005,,,,0
52022,2006,,,,0
52022,2007,,,,0
52022,2008,,,,0
52022,2009,,,,0
52022,2010,,,,0
52022,2011,,,,0
52022,2012,,,,0
52022,2013,,,,0
52022,2014,,,,0
52022,2015,,,,0
52022,2016,,,,0
52022,2017,,,,0
52022,2018,,,,0
52022,2019,,,,0
52022,2020,,,,0
52022,2021,,,,0
52022,2022,,,,0
52022,2023,,,,0
52022,2024,,,,0
52036,2001,,,,0
52036,2002,,,,0
52036,2003,,,,0
52036,2004,,,,0
52036,2005,,,,0
52036,2006,,,,0
52036,2007,,,,0
52036,2008,,,,0
52036,2009,,,,0
52036,2010,,,,0
52036,2011,,,,0
52036,2012,,,,0
52036,2013,,,,0
52036,2014,,,,0
52036,2015,,,,0
52036,2016,,,,0
52036,2017,,,,0
52036,2018,,,,0
52036,2019,,,,0
52036,2020,,,,0
52036,2021,,,,0
52036,2022,,,,0
52036,2023,,,,0
52036,2024,,,,0
52051,2001,,,,0
52051,2002,,,,0
52051,2003,,,,0
52051,2004,,,,0
52051,2005,,,,0
52051,2006,,,,0
52051,2007,,,,0
52051,2008,,,,0
52051,2009,,,,0
52051,2010,,,,0
52051,2011,,,,0
52051,2012,,,,0
52051,2013,,,,0
52051,2014,,,,0
52051,2015,,,,0
52051,2016,,,,0
52051,2017,,,,0
52051,2018,,,,0
52051,2019,,,,0
52051,2020,,,,0
52051,2021,,,,0
52051,2022,,,,0
52051,2023,,,,0
52051,2024,,,,0
5206,2001,,,,0
5206,2002,,,,0
5206,2003,,,,0
5206,2004,,,,0
5206,2005,,,,0
5206,2006,,,,0
5206,2007,,,,0
5206,2008,,,,0
5206,2009,,,,0
5206,2010,,,,0
5206,2011,,,,0
5206,2012,,,,0
5206,2013,,,,0
5206,2014,,,,0
5206,2015,,,,0
5206,2016,,,,0
5206,2017,,,,0
5206,2018,,,,0
5206,2019,,,,0
5206,2020,,,,0
5206,2021,,,,0
5206,2022,,,,0
5206,2023,,,,0
5206,2024,,,,0
52079,2001,,,,0
52079,2002,,,,0
52079,2003,,,,0
52079,2004,,,,0
52079,2005,,,,0
52079,2006,,,,0
52079,2007,,,,0
52079,2008,,,,0
52079,2009,,,,0
52079,2010,,,,0
52079,2011,,,,0
52079,2012,,,,0
52079,2013,,,,0
52079,2014,,,,0
52079,2015,,,,0
52079,2016,,,,0
52079,2017,,,,0
52079,2018,,,,0
52079,2019,,,,0
52079,2020,,,,0
52079,2021,,,,0
52079,2022,,,,0
52079,2023,,,,0
52079,2024,,,,0
52083,2001,,,,0
52083,2002,,,,0
52083,2003,,,,0
52083,2004,,,,0
52083,2005,,,,0
52083,2006,,,,0
52083,2007,,,,0
52083,2008,,,,0
52083,2009,,,,0
52083,2010,,,,0
52083,2011,,,,0
52083,2012,,,,0
52083,2013,,,,0
52083,2014,,,,0
52083,2015,,,,0
52083,2016,,,,0
52083,2017,,,,0
52083,2018,,,,0
52083,2019,,,,0
52083,2020,,,,0
52083,2021,,,,0
52083,2022,,,,0
52083,2023,,,,0
52083,2024,,,,0
5209,2001,,,,0
5209,2002,,,,0
5209,2003,,,,0
5209,2004,,,,0
5209,2005,,,,0
5209,2006,,,,0
5209,2007,,,,0
5209,2008,,,,0
5209,2009,,,,0
5209,2010,,,,0
5209,2011,,,,0
5209,2012,,,,0
5209,2013,,,,0
5209,2014,,,,0
5209,2015,,,,0
5209,2016,,,,0
5209,2017,,,,0
5209,2018,,,,0
5209,2019,,,,0
5209,2020,,,,0
5209,2021,,,,0
5209,2022,,,,0
5209,2023,,,,0
5209,2024,,,,0
52110,2001,,,,0
52110,2002,,,,0
52110,2003,,,,0
52110,2004,,,,0
52110,2005,,,,0
52110,2006,,,,0
52110,2007,,,,0
52110,2008,,,,0
52110,2009,,,,0
52110,2010,,,,0
52110,2011,,,,0
52110,2012,,,,0
52110,2013,,,,0
52110,2014,,,,0
52110,2015,,,,0
52110,2016,,,,0
52110,2017,,,,0
52110,2018,,,,0
52110,2019,,,,0
52110,2020,,,,0
52110,2021,,,,0
52110,2022,,,,0
52110,2023,,,,0
52110,2024,,,,0
5212,2001,,,,0
5212,2002,,,,0
5212,2003,,,,0
5212,2004,,,,0
5212,2005,,,,0
5212,2006,,,,0
5212,2007,,,,0
5212,2008,,,,0
5212,2009,,,,0
5212,2010,,,,0
5212,2011,,,,0
5212,2012,,,,0
5212,2013,,,,0
5212,2014,,,,0
5212,2015,,,,0
5212,2016,,,,0
5212,2017,,,,0
5212,2018,,,,0
5212,2019,,,,0
5212,2020,,,,0
5212,2021,,,,0
5212,2022,,,,0
5212,2023,,,,0
5212,2024,,,,0
52203,2001,,,,0
52203,2002,,,,0
52203,2003,,,,0
52203,2004,,,,0
52203,2005,,,,0
52203,2006,,,,0
52203,2007,,,,0
52203,2008,,,,0
52203,2009,,,,0
52203,2010,,,,0
52203,2011,,,,0
52203,2012,,,,0
52203,2013,,,,0
52203,2014,,,,0
52203,2015,,,,0
52203,2016,,,,0
52203,2017,,,,0
52203,2018,,,,0
52203,2019,,,,0
52203,2020,,,,0
52203,2021,,,,0
52203,2022,,,,0
52203,2023,,,,0
52203,2024,,,,0
52207,2001,,,,0
52207,2002,,,,0
52207,2003,,,,0
52207,2004,,,,0
52207,2005,,,,0
52207,2006,,,,0
52207,2007,,,,0
52207,2008,,,,0
52207,2009,,,,0
52207,2010,,,,0
52207,2011,,,,0
52207,2012,,,,0
52207,2013,,,,0
52207,2014,,,,0
52207,2015,,,,0
52207,2016,,,,0
52207,2017,,,,0
52207,2018,,,,0
52207,2019,,,,0
52207,2020,,,,0
52207,2021,,,,0
52207,2022,,,,0
52207,2023,,,,0
52207,2024,,,,0
52210,2001,,,,0
52210,2002,,,,0
52210,2003,,,,0
52210,2004,,,,0
52210,2005,,,,0
52210,2006,,,,0
52210,2007,,,,0
52210,2008,,,,0
52210,2009,,,,0
52210,2010,,,,0
52210,2011,,,,0
52210,2012,,,,0
52210,2013,,,,0
52210,2014,,,,0
52210,2015,,,,0
52210,2016,,,,0
52210,2017,,,,0
52210,2018,,,,0
52210,2019,,,,0
52210,2020,,,,0
52210,2021,,,,0
52210,2022,,,,0
52210,2023,,,,0
52210,2024,,,,0
52215,2001,,,,0
52215,2002,,,,0
52215,2003,,,,0
52215,2004,,,,0
52215,2005,,,,0
52215,2006,,,,0
52215,2007,,,,0
52215,2008,,,,0
52215,2009,,,,0
52215,2010,,,,0
52215,2011,,,,0
52215,2012,,,,0
52215,2013,,,,0
52215,2014,,,,0
52215,2015,,,,0
52215,2016,,,,0
52215,2017,,,,0
52215,2018,,,,0
52215,2019,,,,0
52215,2020,,,,0
52215,2021,,,,0
52215,2022,,,,0
52215,2023,,,,0
52215,2024,,,,0
52224,2001,,,,0
52224,2002,,,,0
52224,2003,,,,0
52224,2004,,,,0
52224,2005,,,,0
52224,2006,,,,0
52224,2007,,,,0
52224,2008,,,,0
52224,2009,,,,0
52224,2010,,,,0
52224,2011,,,,0
52224,2012,,,,0
52224,2013,,,,0
52224,2014,,,,0
52224,2015,,,,0
52224,2016,,,,0
52224,2017,,,,0
52224,2018,,,,0
52224,2019,,,,0
52224,2020,,,,0
52224,2021,,,,0
52224,2022,,,,0
52224,2023,,,,0
52224,2024,,,,0
52227,2001,,,,0
52227,2002,,,,0
52227,2003,,,,0
52227,2004,,,,0
52227,2005,,,,0
52227,2006,,,,0
52227,2007,,,,0
52227,2008,,,,0
52227,2009,,,,0
52227,2010,,,,0
52227,2011,,,,0
52227,2012,,,,0
52227,2013,,,,0
52227,2014,,,,0
52227,2015,,,,0
52227,2016,,,,0
52227,2017,,,,0
52227,2018,,,,0
52227,2019,,,,0
52227,2020,,,,0
52227,2021,,,,0
52227,2022,,,,0
52227,2023,,,,0
52227,2024,,,,0
52233,2001,,,,0
52233,2002,,,,0
52233,2003,,,,0
52233,2004,,,,0
52233,2005,,,,0
52233,2006,,,,0
52233,2007,,,,0
52233,2008,,,,0
52233,2009,,,,0
52233,2010,,,,0
52233,2011,,,,0
52233,2012,,,,0
52233,2013,,,,0
52233,2014,,,,0
52233,2015,,,,0
52233,2016,,,,0
52233,2017,,,,0
52233,2018,,,,0
52233,2019,,,,0
52233,2020,,,,0
52233,2021,,,,0
52233,2022,,,,0
52233,2023,,,,0
52233,2024,,,,0
52240,2001,,,,0
52240,2002,,,,0
52240,2003,,,,0
52240,2004,,,,0
52240,2005,,,,0
52240,2006,,,,0
52240,2007,,,,0
52240,2008,,,,0
52240,2009,,,,0
52240,2010,,,,0
52240,2011,,,,0
52240,2012,,,,0
52240,2013,,,,0
52240,2014,,,,0
52240,2015,,,,0
52240,2016,,,,0
52240,2017,,,,0
52240,2018,,,,0
52240,2019,,,,0
52240,2020,,,,0
52240,2021,,,,0
52240,2022,,,,0
52240,2023,,,,0
52240,2024,,,,0
52250,2001,,,,0
52250,2002,,,,0
52250,2003,,,,0
52250,2004,,,,0
52250,2005,,,,0
52250,2006,,,,0
52250,2007,,,,0
52250,2008,,,,0
52250,2009,,,,0
52250,2010,,,,0
52250,2011,,,,0
52250,2012,,,,0
52250,2013,,,,0
52250,2014,,,,0
52250,2015,,,,0
52250,2016,,,,0
52250,2017,,,,0
52250,2018,,,,0
52250,2019,,,,0
52250,2020,,,,0
52250,2021,,,,0
52250,2022,,,,0
52250,2023,,,,0
52250,2024,,,,0
52254,2001,,,,0
52254,2002,,,,0
52254,2003,,,,0
52254,2004,,,,0
52254,2005,,,,0
52254,2006,,,,0
52254,2007,,,,0
52254,2008,,,,0
52254,2009,,,,0
52254,2010,,,,0
52254,2011,,,,0
52254,2012,,,,0
52254,2013,,,,0
52254,2014,,,,0
52254,2015,,,,0
52254,2016,,,,0
52254,2017,,,,0
52254,2018,,,,0
52254,2019,,,,0
52254,2020,,,,0
52254,2021,,,,0
52254,2022,,,,0
52254,2023,,,,0
52254,2024,,,,0
52256,2001,,,,0
52256,2002,,,,0
52256,2003,,,,0
52256,2004,,,,0
52256,2005,,,,0
52256,2006,,,,0
52256,2007,,,,0
52256,2008,,,,0
52256,2009,,,,0
52256,2010,,,,0
52256,2011,,,,0
52256,2012,,,,0
52256,2013,,,,0
52256,2014,,,,0
52256,2015,,,,0
52256,2016,,,,0
52256,2017,,,,0
52256,2018,,,,0
52256,2019,,,,0
52256,2020,,,,0
52256,2021,,,,0
52256,2022,,,,0
52256,2023,,,,0
52256,2024,,,,0
52258,2001,,,,0
52258,2002,,,,0
52258,2003,,,,0
52258,2004,,,,0
52258,2005,,,,0
52258,2006,,,,0
52258,2007,,,,0
52258,2008,,,,0
52258,2009,,,,0
52258,2010,,,,0
52258,2011,,,,0
52258,2012,,,,0
52258,2013,,,,0
52258,2014,,,,0
52258,2015,,,,0
52258,2016,,,,0
52258,2017,,,,0
52258,2018,,,,0
52258,2019,,,,0
52258,2020,,,,0
52258,2021,,,,0
52258,2022,,,,0
52258,2023,,,,0
52258,2024,,,,0
52260,2001,,,,0
52260,2002,,,,0
52260,2003,,,,0
52260,2004,,,,0
52260,2005,,,,0
52260,2006,,,,0
52260,2007,,,,0
52260,2008,,,,0
52260,2009,,,,0
52260,2010,,,,0
52260,2011,,,,0
52260,2012,,,,0
52260,2013,,,,0
52260,2014,,,,0
52260,2015,,,,0
52260,2016,,,,0
52260,2017,,,,0
52260,2018,,,,0
52260,2019,,,,0
52260,2020,,,,0
52260,2021,,,,0
52260,2022,,,,0
52260,2023,,,,0
52260,2024,,,,0
52287,2001,,,,0
52287,2002,,,,0
52287,2003,,,,0
52287,2004,,,,0
52287,2005,,,,0
52287,2006,,,,0
52287,2007,,,,0
52287,2008,,,,0
52287,2009,,,,0
52287,2010,,,,0
52287,2011,,,,0
52287,2012,,,,0
52287,2013,,,,0
52287,2014,,,,0
52287,2015,,,,0
52287,2016,,,,0
52287,2017,,,,0
52287,2018,,,,0
52287,2019,,,,0
52287,2020,,,,0
52287,2021,,,,0
52287,2022,,,,0
52287,2023,,,,0
52287,2024,,,,0
52317,2001,,,,0
52317,2002,,,,0
52317,2003,,,,0
52317,2004,,,,0
52317,2005,,,,0
52317,2006,,,,0
52317,2007,,,,0
52317,2008,,,,0
52317,2009,,,,0
52317,2010,,,,0
52317,2011,,,,0
52317,2012,,,,0
52317,2013,,,,0
52317,2014,,,,0
52317,2015,,,,0
52317,2016,,,,0
52317,2017,,,,0
52317,2018,,,,0
52317,2019,,,,0
52317,2020,,,,0
52317,2021,,,,0
52317,2022,,,,0
52317,2023,,,,0
52317,2024,,,,0
52320,2001,,,,0
52320,2002,,,,0
52320,2003,,,,0
52320,2004,,,,0
52320,2005,,,,0
52320,2006,,,,0
52320,2007,,,,0
52320,2008,,,,0
52320,2009,,,,0
52320,2010,,,,0
52320,2011,,,,0
52320,2012,,,,0
52320,2013,,,,0
52320,2014,,,,0
52320,2015,,,,0
52320,2016,,,,0
52320,2017,,,,0
52320,2018,,,,0
52320,2019,,,,0
52320,2020,,,,0
52320,2021,,,,0
52320,2022,,,,0
52320,2023,,,,0
52320,2024,,,,0
52323,2001,,,,0
52323,2002,,,,0
52323,2003,,,,0
52323,2004,,,,0
52323,2005,,,,0
52323,2006,,,,0
52323,2007,,,,0
52323,2008,,,,0
52323,2009,,,,0
52323,2010,,,,0
52323,2011,,,,0
52323,2012,,,,0
52323,2013,,,,0
52323,2014,,,,0
52323,2015,,,,0
52323,2016,,,,0
52323,2017,,,,0
52323,2018,,,,0
52323,2019,,,,0
52323,2020,,,,0
52323,2021,,,,0
52323,2022,,,,0
52323,2023,,,,0
52323,2024,,,,0
5234,2001,,,,0
5234,2002,,,,0
5234,2003,,,,0
5234,2004,,,,0
5234,2005,,,,0
5234,2006,,,,0
5234,2007,,,,0
5234,2008,,,,0
5234,2009,,,,0
5234,2010,,,,0
5234,2011,,,,0
5234,2012,,,,0
5234,2013,,,,0
5234,2014,,,,0
5234,2015,,,,0
5234,2016,,,,0
5234,2017,,,,0
5234,2018,,,,0
5234,2019,,,,0
5234,2020,,,,0
5234,2021,,,,0
5234,2022,,,,0
5234,2023,,,,0
5234,2024,,,,0
52352,2001,,,,0
52352,2002,,,,0
52352,2003,,,,0
52352,2004,,,,0
52352,2005,,,,0
52352,2006,,,,0
52352,2007,,,,0
52352,2008,,,,0
52352,2009,,,,0
52352,2010,,,,0
52352,2011,,,,0
52352,2012,,,,0
52352,2013,,,,0
52352,2014,,,,0
52352,2015,,,,0
52352,2016,,,,0
52352,2017,,,,0
52352,2018,,,,0
52352,2019,,,,0
52352,2020,,,,0
52352,2021,,,,0
52352,2022,,,,0
52352,2023,,,,0
52352,2024,,,,0
52354,2001,,,,0
52354,2002,,,,0
52354,2003,,,,0
52354,2004,,,,0
52354,2005,,,,0
52354,2006,,,,0
52354,2007,,,,0
52354,2008,,,,0
52354,2009,,,,0
52354,2010,,,,0
52354,2011,,,,0
52354,2012,,,,0
52354,2013,,,,0
52354,2014,,,,0
52354,2015,,,,0
52354,2016,,,,0
52354,2017,,,,0
52354,2018,,,,0
52354,2019,,,,0
52354,2020,,,,0
52354,2021,,,,0
52354,2022,,,,0
52354,2023,,,,0
52354,2024,,,,0
52356,2001,,,,0
52356,2002,,,,0
52356,2003,,,,0
52356,2004,,,,0
52356,2005,,,,0
52356,2006,,,,0
52356,2007,,,,0
52356,2008,,,,0
52356,2009,,,,0
52356,2010,,,,0
52356,2011,,,,0
52356,2012,,,,0
52356,2013,,,,0
52356,2014,,,,0
52356,2015,,,,0
52356,2016,,,,0
52356,2017,,,,0
52356,2018,,,,0
52356,2019,,,,0
52356,2020,,,,0
52356,2021,,,,0
52356,2022,,,,0
52356,2023,,,,0
52356,2024,,,,0
5237,2001,,,,0
5237,2002,,,,0
5237,2003,,,,0
5237,2004,,,,0
5237,2005,,,,0
5237,2006,,,,0
5237,2007,,,,0
5237,2008,,,,0
5237,2009,,,,0
5237,2010,,,,0
5237,2011,,,,0
5237,2012,,,,0
5237,2013,,,,0
5237,2014,,,,0
5237,2015,,,,0
5237,2016,,,,0
5237,2017,,,,0
5237,2018,,,,0
5237,2019,,,,0
5237,2020,,,,0
5237,2021,,,,0
5237,2022,,,,0
5237,2023,,,,0
5237,2024,,,,0
52378,2001,,,,0
52378,2002,,,,0
52378,2003,,,,0
52378,2004,,,,0
52378,2005,,,,0
52378,2006,,,,0
52378,2007,,,,0
52378,2008,,,,0
52378,2009,,,,0
52378,2010,,,,0
52378,2011,,,,0
52378,2012,,,,0
52378,2013,,,,0
52378,2014,,,,0
52378,2015,,,,0
52378,2016,,,,0
52378,2017,,,,0
52378,2018,,,,0
52378,2019,,,,0
52378,2020,,,,0
52378,2021,,,,0
52378,2022,,,,0
52378,2023,,,,0
52378,2024,,,,0
52381,2001,,,,0
52381,2002,,,,0
52381,2003,,,,0
52381,2004,,,,0
52381,2005,,,,0
52381,2006,,,,0
52381,2007,,,,0
52381,2008,,,,0
52381,2009,,,,0
52381,2010,,,,0
52381,2011,,,,0
52381,2012,,,,0
52381,2013,,,,0
52381,2014,,,,0
52381,2015,,,,0
52381,2016,,,,0
52381,2017,,,,0
52381,2018,,,,0
52381,2019,,,,0
52381,2020,,,,0
52381,2021,,,,0
52381,2022,,,,0
52381,2023,,,,0
52381,2024,,,,0
52385,2001,,,,0
52385,2002,,,,0
52385,2003,,,,0
52385,2004,,,,0
52385,2005,,,,0
52385,2006,,,,0
52385,2007,,,,0
52385,2008,,,,0
52385,2009,,,,0
52385,2010,,,,0
52385,2011,,,,0
52385,2012,,,,0
52385,2013,,,,0
52385,2014,,,,0
52385,2015,,,,0
52385,2016,,,,0
52385,2017,,,,0
52385,2018,,,,0
52385,2019,,,,0
52385,2020,,,,0
52385,2021,,,,0
52385,2022,,,,0
52385,2023,,,,0
52385,2024,,,,0
52390,2001,,,,0
52390,2002,,,,0
52390,2003,,,,0
52390,2004,,,,0
52390,2005,,,,0
52390,2006,,,,0
52390,2007,,,,0
52390,2008,,,,0
52390,2009,,,,0
52390,2010,,,,0
52390,2011,,,,0
52390,2012,,,,0
52390,2013,,,,0
52390,2014,,,,0
52390,2015,,,,0
52390,2016,,,,0
52390,2017,,,,0
52390,2018,,,,0
52390,2019,,,,0
52390,2020,,,,0
52390,2021,,,,0
52390,2022,,,,0
52390,2023,,,,0
52390,2024,,,,0
52399,2001,,,,0
52399,2002,,,,0
52399,2003,,,,0
52399,2004,,,,0
52399,2005,,,,0
52399,2006,,,,0
52399,2007,,,,0
52399,2008,,,,0
52399,2009,,,,0
52399,2010,,,,0
52399,2011,,,,0
52399,2012,,,,0
52399,2013,,,,0
52399,2014,,,,0
52399,2015,,,,0
52399,2016,,,,0
52399,2017,,,,0
52399,2018,,,,0
52399,2019,,,,0
52399,2020,,,,0
52399,2021,,,,0
52399,2022,,,,0
52399,2023,,,,0
52399,2024,,,,0
5240,2001,,,,0
5240,2002,,,,0
5240,2003,,,,0
5240,2004,,,,0
5240,2005,,,,0
5240,2006,,,,0
5240,2007,,,,0
5240,2008,,,,0
5240,2009,,,,0
5240,2010,,,,0
5240,2011,,,,0
5240,2012,,,,0
5240,2013,,,,0
5240,2014,,,,0
5240,2015,,,,0
5240,2016,,,,0
5240,2017,,,,0
5240,2018,,,,0
5240,2019,,,,0
5240,2020,,,,0
5240,2021,,,,0
5240,2022,,,,0
5240,2023,,,,0
5240,2024,,,,0
52405,2001,,,,0
52405,2002,,,,0
52405,2003,,,,0
52405,2004,,,,0
52405,2005,,,,0
52405,2006,,,,0
52405,2007,,,,0
52405,2008,,,,0
52405,2009,,,,0
52405,2010,,,,0
52405,2011,,,,0
52405,2012,,,,0
52405,2013,,,,0
52405,2014,,,,0
52405,2015,,,,0
52405,2016,,,,0
52405,2017,,,,0
52405,2018,,,,0
52405,2019,,,,0
52405,2020,,,,0
52405,2021,,,,0
52405,2022,,,,0
52405,2023,,,,0
52405,2024,,,,0
52411,2001,,,,0
52411,2002,,,,0
52411,2003,,,,0
52411,2004,,,,0
52411,2005,,,,0
52411,2006,,,,0
52411,2007,,,,0
52411,2008,,,,0
52411,2009,,,,0
52411,2010,,,,0
52411,2011,,,,0
52411,2012,,,,0
52411,2013,,,,0
52411,2014,,,,0
52411,2015,,,,0
52411,2016,,,,0
52411,2017,,,,0
52411,2018,,,,0
52411,2019,,,,0
52411,2020,,,,0
52411,2021,,,,0
52411,2022,,,,0
52411,2023,,,,0
52411,2024,,,,0
52418,2001,,,,0
52418,2002,,,,0
52418,2003,,,,0
52418,2004,,,,0
52418,2005,,,,0
52418,2006,,,,0
52418,2007,,,,0
52418,2008,,,,0
52418,2009,,,,0
52418,2010,,,,0
52418,2011,,,,0
52418,2012,,,,0
52418,2013,,,,0
52418,2014,,,,0
52418,2015,,,,0
52418,2016,,,,0
52418,2017,,,,0
52418,2018,,,,0
52418,2019,,,,0
52418,2020,,,,0
52418,2021,,,,0
52418,2022,,,,0
52418,2023,,,,0
52418,2024,,,,0
52427,2001,,,,0
52427,2002,,,,0
52427,2003,,,,0
52427,2004,,,,0
52427,2005,,,,0
52427,2006,,,,0
52427,2007,,,,0
52427,2008,,,,0
52427,2009,,,,0
52427,2010,,,,0
52427,2011,,,,0
52427,2012,,,,0
52427,2013,,,,0
52427,2014,,,,0
52427,2015,,,,0
52427,2016,,,,0
52427,2017,,,,0
52427,2018,,,,0
52427,2019,,,,0
52427,2020,,,,0
52427,2021,,,,0
52427,2022,,,,0
52427,2023,,,,0
52427,2024,,,,0
52435,2001,,,,0
52435,2002,,,,0
52435,2003,,,,0
52435,2004,,,,0
52435,2005,,,,0
52435,2006,,,,0
52435,2007,,,,0
52435,2008,,,,0
52435,2009,,,,0
52435,2010,,,,0
52435,2011,,,,0
52435,2012,,,,0
52435,2013,,,,0
52435,2014,,,,0
52435,2015,,,,0
52435,2016,,,,0
52435,2017,,,,0
52435,2018,,,,0
52435,2019,,,,0
52435,2020,,,,0
52435,2021,,,,0
52435,2022,,,,0
52435,2023,,,,0
52435,2024,,,,0
52473,2001,,,,0
52473,2002,,,,0
52473,2003,,,,0
52473,2004,,,,0
52473,2005,,,,0
52473,2006,,,,0
52473,2007,,,,0
52473,2008,,,,0
52473,2009,,,,0
52473,2010,,,,0
52473,2011,,,,0
52473,2012,,,,0
52473,2013,,,,0
52473,2014,,,,0
52473,2015,,,,0
52473,2016,,,,0
52473,2017,,,,0
52473,2018,,,,0
52473,2019,,,,0
52473,2020,,,,0
52473,2021,,,,0
52473,2022,,,,0
52473,2023,,,,0
52473,2024,,,,0
52480,2001,,,,0
52480,2002,,,,0
52480,2003,,,,0
52480,2004,,,,0
52480,2005,,,,0
52480,2006,,,,0
52480,2007,,,,0
52480,2008,,,,0
52480,2009,,,,0
52480,2010,,,,0
52480,2011,,,,0
52480,2012,,,,0
52480,2013,,,,0
52480,2014,,,,0
52480,2015,,,,0
52480,2016,,,,0
52480,2017,,,,0
52480,2018,,,,0
52480,2019,,,,0
52480,2020,,,,0
52480,2021,,,,0
52480,2022,,,,0
52480,2023,,,,0
52480,2024,,,,0
52490,2001,,,,0
52490,2002,,,,0
52490,2003,,,,0
52490,2004,,,,0
52490,2005,,,,0
52490,2006,,,,0
52490,2007,,,,0
52490,2008,,,,0
52490,2009,,,,0
52490,2010,,,,0
52490,2011,,,,0
52490,2012,,,,0
52490,2013,,,,0
52490,2014,,,,0
52490,2015,,,,0
52490,2016,,,,0
52490,2017,,,,0
52490,2018,,,,0
52490,2019,,,,0
52490,2020,,,,0
52490,2021,,,,0
52490,2022,,,,0
52490,2023,,,,0
52490,2024,,,,0
5250,2001,,,,0
5250,2002,,,,0
5250,2003,,,,0
5250,2004,,,,0
5250,2005,,,,0
5250,2006,,,,0
5250,2007,,,,0
5250,2008,,,,0
5250,2009,,,,0
5250,2010,,,,0
5250,2011,,,,0
5250,2012,,,,0
5250,2013,,,,0
5250,2014,,,,0
5250,2015,,,,0
5250,2016,,,,0
5250,2017,,,,0
5250,2018,,,,0
5250,2019,,,,0
5250,2020,,,,0
5250,2021,,,,0
5250,2022,,,,0
5250,2023,,,,0
5250,2024,,,,0
52506,2001,,,,0
52506,2002,,,,0
52506,2003,,,,0
52506,2004,,,,0
52506,2005,,,,0
52506,2006,,,,0
52506,2007,,,,0
52506,2008,,,,0
52506,2009,,,,0
52506,2010,,,,0
52506,2011,,,,0
52506,2012,,,,0
52506,2013,,,,0
52506,2014,,,,0
52506,2015,,,,0
52506,2016,,,,0
52506,2017,,,,0
52506,2018,,,,0
52506,2019,,,,0
52506,2020,,,,0
52506,2021,,,,0
52506,2022,,,,0
52506,2023,,,,0
52506,2024,,,,0
52520,2001,,,,0
52520,2002,,,,0
52520,2003,,,,0
52520,2004,,,,0
52520,2005,,,,0
52520,2006,,,,0
52520,2007,,,,0
52520,2008,,,,0
52520,2009,,,,0
52520,2010,,,,0
52520,2011,,,,0
52520,2012,,,,0
52520,2013,,,,0
52520,2014,,,,0
52520,2015,,,,0
52520,2016,,,,0
52520,2017,,,,0
52520,2018,,,,0
52520,2019,,,,0
52520,2020,,,,0
52520,2021,,,,0
52520,2022,,,,0
52520,2023,,,,0
52520,2024,,,,0
52540,2001,,,,0
52540,2002,,,,0
52540,2003,,,,0
52540,2004,,,,0
52540,2005,,,,0
52540,2006,,,,0
52540,2007,,,,0
52540,2008,,,,0
52540,2009,,,,0
52540,2010,,,,0
52540,2011,,,,0
52540,2012,,,,0
52540,2013,,,,0
52540,2014,,,,0
52540,2015,,,,0
52540,2016,,,,0
52540,2017,,,,0
52540,2018,,,,0
52540,2019,,,,0
52540,2020,,,,0
52540,2021,,,,0
52540,2022,,,,0
52540,2023,,,,0
52540,2024,,,,0
52560,2001,,,,0
52560,2002,,,,0
52560,2003,,,,0
52560,2004,,,,0
52560,2005,,,,0
52560,2006,,,,0
52560,2007,,,,0
52560,2008,,,,0
52560,2009,,,,0
52560,2010,,,,0
52560,2011,,,,0
52560,2012,,,,0
52560,2013,,,,0
52560,2014,,,,0
52560,2015,,,,0
52560,2016,,,,0
52560,2017,,,,0
52560,2018,,,,0
52560,2019,,,,0
52560,2020,,,,0
52560,2021,,,,0
52560,2022,,,,0
52560,2023,,,,0
52560,2024,,,,0
52565,2001,,,,0
52565,2002,,,,0
52565,2003,,,,0
52565,2004,,,,0
52565,2005,,,,0
52565,2006,,,,0
52565,2007,,,,0
52565,2008,,,,0
52565,2009,,,,0
52565,2010,,,,0
52565,2011,,,,0
52565,2012,,,,0
52565,2013,,,,0
52565,2014,,,,0
52565,2015,,,,0
52565,2016,,,,0
52565,2017,,,,0
52565,2018,,,,0
52565,2019,,,,0
52565,2020,,,,0
52565,2021,,,,0
52565,2022,,,,0
52565,2023,,,,0
52565,2024,,,,0
52573,2001,,,,0
52573,2002,,,,0
52573,2003,,,,0
52573,2004,,,,0
52573,2005,,,,0
52573,2006,,,,0
52573,2007,,,,0
52573,2008,,,,0
52573,2009,,,,0
52573,2010,,,,0
52573,2011,,,,0
52573,2012,,,,0
52573,2013,,,,0
52573,2014,,,,0
52573,2015,,,,0
52573,2016,,,,0
52573,2017,,,,0
52573,2018,,,,0
52573,2019,,,,0
52573,2020,,,,0
52573,2021,,,,0
52573,2022,,,,0
52573,2023,,,,0
52573,2024,,,,0
52585,2001,,,,0
52585,2002,,,,0
52585,2003,,,,0
52585,2004,,,,0
52585,2005,,,,0
52585,2006,,,,0
52585,2007,,,,0
52585,2008,,,,0
52585,2009,,,,0
52585,2010,,,,0
52585,2011,,,,0
52585,2012,,,,0
52585,2013,,,,0
52585,2014,,,,0
52585,2015,,,,0
52585,2016,,,,0
52585,2017,,,,0
52585,2018,,,,0
52585,2019,,,,0
52585,2020,,,,0
52585,2021,,,,0
52585,2022,,,,0
52585,2023,,,,0
52585,2024,,,,0
52612,2001,,,,0
52612,2002,,,,0
52612,2003,,,,0
52612,2004,,,,0
52612,2005,,,,0
52612,2006,,,,0
52612,2007,,,,0
52612,2008,,,,0
52612,2009,,,,0
52612,2010,,,,0
52612,2011,,,,0
52612,2012,,,,0
52612,2013,,,,0
52612,2014,,,,0
52612,2015,,,,0
52612,2016,,,,0
52612,2017,,,,0
52612,2018,,,,0
52612,2019,,,,0
52612,2020,,,,0
52612,2021,,,,0
52612,2022,,,,0
52612,2023,,,,0
52612,2024,,,,0
52621,2001,,,,0
52621,2002,,,,0
52621,2003,,,,0
52621,2004,,,,0
52621,2005,,,,0
52621,2006,,,,0
52621,2007,,,,0
52621,2008,,,,0
52621,2009,,,,0
52621,2010,,,,0
52621,2011,,,,0
52621,2012,,,,0
52621,2013,,,,0
52621,2014,,,,0
52621,2015,,,,0
52621,2016,,,,0
52621,2017,,,,0
52621,2018,,,,0
52621,2019,,,,0
52621,2020,,,,0
52621,2021,,,,0
52621,2022,,,,0
52621,2023,,,,0
52621,2024,,,,0
5264,2001,,,,0
5264,2002,,,,0
5264,2003,,,,0
5264,2004,,,,0
5264,2005,,,,0
5264,2006,,,,0
5264,2007,,,,0
5264,2008,,,,0
5264,2009,,,,0
5264,2010,,,,0
5264,2011,,,,0
5264,2012,,,,0
5264,2013,,,,0
5264,2014,,,,0
5264,2015,,,,0
5264,2016,,,,0
5264,2017,,,,0
5264,2018,,,,0
5264,2019,,,,0
5264,2020,,,,0
5264,2021,,,,0
5264,2022,,,,0
5264,2023,,,,0
5264,2024,,,,0
5266,2001,,,,0
5266,2002,,,,0
5266,2003,,,,0
5266,2004,,,,0
5266,2005,,,,0
5266,2006,,,,0
5266,2007,,,,0
5266,2008,,,,0
5266,2009,,,,0
5266,2010,,,,0
5266,2011,,,,0
5266,2012,,,,0
5266,2013,,,,0
5266,2014,,,,0
5266,2015,,,,0
5266,2016,,,,0
5266,2017,,,,0
5266,2018,,,,0
5266,2019,,,,0
5266,2020,,,,0
5266,2021,,,,0
5266,2022,,,,0
5266,2023,,,,0
5266,2024,,,,0
52678,2001,,,,0
52678,2002,,,,0
52678,2003,,,,0
52678,2004,,,,0
52678,2005,,,,0
52678,2006,,,,0
52678,2007,,,,0
52678,2008,,,,0
52678,2009,,,,0
52678,2010,,,,0
52678,2011,,,,0
52678,2012,,,,0
52678,2013,,,,0
52678,2014,,,,0
52678,2015,,,,0
52678,2016,,,,0
52678,2017,,,,0
52678,2018,,,,0
52678,2019,,,,0
52678,2020,,,,0
52678,2021,,,,0
52678,2022,,,,0
52678,2023,,,,0
52678,2024,,,,0
52683,2001,,,,0
52683,2002,,,,0
52683,2003,,,,0
52683,2004,,,,0
52683,2005,,,,0
52683,2006,,,,0
52683,2007,,,,0
52683,2008,,,,0
52683,2009,,,,0
52683,2010,,,,0
52683,2011,,,,0
52683,2012,,,,0
52683,2013,,,,0
52683,2014,,,,0
52683,2015,,,,0
52683,2016,,,,0
52683,2017,,,,0
52683,2018,,,,0
52683,2019,,,,0
52683,2020,,,,0
52683,2021,,,,0
52683,2022,,,,0
52683,2023,,,,0
52683,2024,,,,0
52685,2001,,,,0
52685,2002,,,,0
52685,2003,,,,0
52685,2004,,,,0
52685,2005,,,,0
52685,2006,,,,0
52685,2007,,,,0
52685,2008,,,,0
52685,2009,,,,0
52685,2010,,,,0
52685,2011,,,,0
52685,2012,,,,0
52685,2013,,,,0
52685,2014,,,,0
52685,2015,,,,0
52685,2016,,,,0
52685,2017,,,,0
52685,2018,,,,0
52685,2019,,,,0
52685,2020,,,,0
52685,2021,,,,0
52685,2022,,,,0
52685,2023,,,,0
52685,2024,,,,0
52687,2001,,,,0
52687,2002,,,,0
52687,2003,,,,0
52687,2004,,,,0
52687,2005,,,,0
52687,2006,,,,0
52687,2007,,,,0
52687,2008,,,,0
52687,2009,,,,0
52687,2010,,,,0
52687,2011,,,,0
52687,2012,,,,0
52687,2013,,,,0
52687,2014,,,,0
52687,2015,,,,0
52687,2016,,,,0
52687,2017,,,,0
52687,2018,,,,0
52687,2019,,,,0
52687,2020,,,,0
52687,2021,,,,0
52687,2022,,,,0
52687,2023,,,,0
52687,2024,,,,0
52693,2001,,,,0
52693,2002,,,,0
52693,2003,,,,0
52693,2004,,,,0
52693,2005,,,,0
52693,2006,,,,0
52693,2007,,,,0
52693,2008,,,,0
52693,2009,,,,0
52693,2010,,,,0
52693,2011,,,,0
52693,2012,,,,0
52693,2013,,,,0
52693,2014,,,,0
52693,2015,,,,0
52693,2016,,,,0
52693,2017,,,,0
52693,2018,,,,0
52693,2019,,,,0
52693,2020,,,,0
52693,2021,,,,0
52693,2022,,,,0
52693,2023,,,,0
52693,2024,,,,0
52694,2001,,,,0
52694,2002,,,,0
52694,2003,,,,0
52694,2004,,,,0
52694,2005,,,,0
52694,2006,,,,0
52694,2007,,,,0
52694,2008,,,,0
52694,2009,,,,0
52694,2010,,,,0
52694,2011,,,,0
52694,2012,,,,0
52694,2013,,,,0
52694,2014,,,,0
52694,2015,,,,0
52694,2016,,,,0
52694,2017,,,,0
52694,2018,,,,0
52694,2019,,,,0
52694,2020,,,,0
52694,2021,,,,0
52694,2022,,,,0
52694,2023,,,,0
52694,2024,,,,0
52696,2001,,,,0
52696,2002,,,,0
52696,2003,,,,0
52696,2004,,,,0
52696,2005,,,,0
52696,2006,,,,0
52696,2007,,,,0
52696,2008,,,,0
52696,2009,,,,0
52696,2010,,,,0
52696,2011,,,,0
52696,2012,,,,0
52696,2013,,,,0
52696,2014,,,,0
52696,2015,,,,0
52696,2016,,,,0
52696,2017,,,,0
52696,2018,,,,0
52696,2019,,,,0
52696,2020,,,,0
52696,2021,,,,0
52696,2022,,,,0
52696,2023,,,,0
52696,2024,,,,0
52699,2001,,,,0
52699,2002,,,,0
52699,2003,,,,0
52699,2004,,,,0
52699,2005,,,,0
52699,2006,,,,0
52699,2007,,,,0
52699,2008,,,,0
52699,2009,,,,0
52699,2010,,,,0
52699,2011,,,,0
52699,2012,,,,0
52699,2013,,,,0
52699,2014,,,,0
52699,2015,,,,0
52699,2016,,,,0
52699,2017,,,,0
52699,2018,,,,0
52699,2019,,,,0
52699,2020,,,,0
52699,2021,,,,0
52699,2022,,,,0
52699,2023,,,,0
52699,2024,,,,0
52720,2001,,,,0
52720,2002,,,,0
52720,2003,,,,0
52720,2004,,,,0
52720,2005,,,,0
52720,2006,,,,0
52720,2007,,,,0
52720,2008,,,,0
52720,2009,,,,0
52720,2010,,,,0
52720,2011,,,,0
52720,2012,,,,0
52720,2013,,,,0
52720,2014,,,,0
52720,2015,,,,0
52720,2016,,,,0
52720,2017,,,,0
52720,2018,,,,0
52720,2019,,,,0
52720,2020,,,,0
52720,2021,,,,0
52720,2022,,,,0
52720,2023,,,,0
52720,2024,,,,0
52786,2001,,,,0
52786,2002,,,,0
52786,2003,,,,0
52786,2004,,,,0
52786,2005,,,,0
52786,2006,,,,0
52786,2007,,,,0
52786,2008,,,,0
52786,2009,,,,0
52786,2010,,,,0
52786,2011,,,,0
52786,2012,,,,0
52786,2013,,,,0
52786,2014,,,,0
52786,2015,,,,0
52786,2016,,,,0
52786,2017,,,,0
52786,2018,,,,0
52786,2019,,,,0
52786,2020,,,,0
52786,2021,,,,0
52786,2022,,,,0
52786,2023,,,,0
52786,2024,,,,0
52788,2001,,,,0
52788,2002,,,,0
52788,2003,,,,0
52788,2004,,,,0
52788,2005,,,,0
52788,2006,,,,0
52788,2007,,,,0
52788,2008,,,,0
52788,2009,,,,0
52788,2010,,,,0
52788,2011,,,,0
52788,2012,,,,0
52788,2013,,,,0
52788,2014,,,,0
52788,2015,,,,0
52788,2016,,,,0
52788,2017,,,,0
52788,2018,,,,0
52788,2019,,,,0
52788,2020,,,,0
52788,2021,,,,0
52788,2022,,,,0
52788,2023,,,,0
52788,2024,,,,0
5282,2001,,,,0
5282,2002,,,,0
5282,2003,,,,0
5282,2004,,,,0
5282,2005,,,,0
5282,2006,,,,0
5282,2007,,,,0
5282,2008,,,,0
5282,2009,,,,0
5282,2010,,,,0
5282,2011,,,,0
5282,2012,,,,0
5282,2013,,,,0
5282,2014,,,,0
5282,2015,,,,0
5282,2016,,,,0
5282,2017,,,,0
5282,2018,,,,0
5282,2019,,,,0
5282,2020,,,,0
5282,2021,,,,0
5282,2022,,,,0
5282,2023,,,,0
5282,2024,,,,0
52835,2001,,,,0
52835,2002,,,,0
52835,2003,,,,0
52835,2004,,,,0
52835,2005,,,,0
52835,2006,,,,0
52835,2007,,,,0
52835,2008,,,,0
52835,2009,,,,0
52835,2010,,,,0
52835,2011,,,,0
52835,2012,,,,0
52835,2013,,,,0
52835,2014,,,,0
52835,2015,,,,0
52835,2016,,,,0
52835,2017,,,,0
52835,2018,,,,0
52835,2019,,,,0
52835,2020,,,,0
52835,2021,,,,0
52835,2022,,,,0
52835,2023,,,,0
52835,2024,,,,0
52838,2001,,,,0
52838,2002,,,,0
52838,2003,,,,0
52838,2004,,,,0
52838,2005,,,,0
52838,2006,,,,0
52838,2007,,,,0
52838,2008,,,,0
52838,2009,,,,0
52838,2010,,,,0
52838,2011,,,,0
52838,2012,,,,0
52838,2013,,,,0
52838,2014,,,,0
52838,2015,,,,0
52838,2016,,,,0
52838,2017,,,,0
52838,2018,,,,0
52838,2019,,,,0
52838,2020,,,,0
52838,2021,,,,0
52838,2022,,,,0
52838,2023,,,,0
52838,2024,,,,0
5284,2001,,,,0
5284,2002,,,,0
5284,2003,,,,0
5284,2004,,,,0
5284,2005,,,,0
5284,2006,,,,0
5284,2007,,,,0
5284,2008,,,,0
5284,2009,,,,0
5284,2010,,,,0
5284,2011,,,,0
5284,2012,,,,0
5284,2013,,,,0
5284,2014,,,,0
5284,2015,,,,0
5284,2016,,,,0
5284,2017,,,,0
5284,2018,,,,0
5284,2019,,,,0
5284,2020,,,,0
5284,2021,,,,0
5284,2022,,,,0
5284,2023,,,,0
5284,2024,,,,0
52885,2001,,,,0
52885,2002,,,,0
52885,2003,,,,0
52885,2004,,,,0
52885,2005,,,,0
52885,2006,,,,0
52885,2007,,,,0
52885,2008,,,,0
52885,2009,,,,0
52885,2010,,,,0
52885,2011,,,,0
52885,2012,,,,0
52885,2013,,,,0
52885,2014,,,,0
52885,2015,,,,0
52885,2016,,,,0
52885,2017,,,,0
52885,2018,,,,0
52885,2019,,,,0
52885,2020,,,,0
52885,2021,,,,0
52885,2022,,,,0
52885,2023,,,,0
52885,2024,,,,0
5306,2001,,,,0
5306,2002,,,,0
5306,2003,,,,0
5306,2004,,,,0
5306,2005,,,,0
5306,2006,,,,0
5306,2007,,,,0
5306,2008,,,,0
5306,2009,,,,0
5306,2010,,,,0
5306,2011,,,,0
5306,2012,,,,0
5306,2013,,,,0
5306,2014,,,,0
5306,2015,,,,0
5306,2016,,,,0
5306,2017,,,,0
5306,2018,,,,0
5306,2019,,,,0
5306,2020,,,,0
5306,2021,,,,0
5306,2022,,,,0
5306,2023,,,,0
5306,2024,,,,0
5308,2001,,,,0
5308,2002,,,,0
5308,2003,,,,0
5308,2004,,,,0
5308,2005,,,,0
5308,2006,,,,0
5308,2007,,,,0
5308,2008,,,,0
5308,2009,,,,0
5308,2010,,,,0
5308,2011,,,,0
5308,2012,,,,0
5308,2013,,,,0
5308,2014,,,,0
5308,2015,,,,0
5308,2016,,,,0
5308,2017,,,,0
5308,2018,,,,0
5308,2019,,,,0
5308,2020,,,,0
5308,2021,,,,0
5308,2022,,,,0
5308,2023,,,,0
5308,2024,,,,0
5310,2001,,,,0
5310,2002,,,,0
5310,2003,,,,0
5310,2004,,,,0
5310,2005,,,,0
5310,2006,,,,0
5310,2007,,,,0
5310,2008,,,,0
5310,2009,,,,0
5310,2010,,,,0
5310,2011,,,,0
5310,2012,,,,0
5310,2013,,,,0
5310,2014,,,,0
5310,2015,,,,0
5310,2016,,,,0
5310,2017,,,,0
5310,2018,,,,0
5310,2019,,,,0
5310,2020,,,,0
5310,2021,,,,0
5310,2022,,,,0
5310,2023,,,,0
5310,2024,,,,0
5313,2001,,,,0
5313,2002,,,,0
5313,2003,,,,0
5313,2004,,,,0
5313,2005,,,,0
5313,2006,,,,0
5313,2007,,,,0
5313,2008,,,,0
5313,2009,,,,0
5313,2010,,,,0
5313,2011,,,,0
5313,2012,,,,0
5313,2013,,,,0
5313,2014,,,,0
5313,2015,,,,0
5313,2016,,,,0
5313,2017,,,,0
5313,2018,,,,0
5313,2019,,,,0
5313,2020,,,,0
5313,2021,,,,0
5313,2022,,,,0
5313,2023,,,,0
5313,2024,,,,0
5315,2001,,,,0
5315,2002,,,,0
5315,2003,,,,0
5315,2004,,,,0
5315,2005,,,,0
5315,2006,,,,0
5315,2007,,,,0
5315,2008,,,,0
5315,2009,,,,0
5315,2010,,,,0
5315,2011,,,,0
5315,2012,,,,0
5315,2013,,,,0
5315,2014,,,,0
5315,2015,,,,0
5315,2016,,,,0
5315,2017,,,,0
5315,2018,,,,0
5315,2019,,,,0
5315,2020,,,,0
5315,2021,,,,0
5315,2022,,,,0
5315,2023,,,,0
5315,2024,,,,0
5318,2001,,,,0
5318,2002,,,,0
5318,2003,,,,0
5318,2004,,,,0
5318,2005,,,,0
5318,2006,,,,0
5318,2007,,,,0
5318,2008,,,,0
5318,2009,,,,0
5318,2010,,,,0
5318,2011,,,,0
5318,2012,,,,0
5318,2013,,,,0
5318,2014,,,,0
5318,2015,,,,0
5318,2016,,,,0
5318,2017,,,,0
5318,2018,,,,0
5318,2019,,,,0
5318,2020,,,,0
5318,2021,,,,0
5318,2022,,,,0
5318,2023,,,,0
5318,2024,,,,0
5321,2001,,,,0
5321,2002,,,,0
5321,2003,,,,0
5321,2004,,,,0
5321,2005,,,,0
5321,2006,,,,0
5321,2007,,,,0
5321,2008,,,,0
5321,2009,,,,0
5321,2010,,,,0
5321,2011,,,,0
5321,2012,,,,0
5321,2013,,,,0
5321,2014,,,,0
5321,2015,,,,0
5321,2016,,,,0
5321,2017,,,,0
5321,2018,,,,0
5321,2019,,,,0
5321,2020,,,,0
5321,2021,,,,0
5321,2022,,,,0
5321,2023,,,,0
5321,2024,,,,0
5347,2001,,,,0
5347,2002,,,,0
5347,2003,,,,0
5347,2004,,,,0
5347,2005,,,,0
5347,2006,,,,0
5347,2007,,,,0
5347,2008,,,,0
5347,2009,,,,0
5347,2010,,,,0
5347,2011,,,,0
5347,2012,,,,0
5347,2013,,,,0
5347,2014,,,,0
5347,2015,,,,0
5347,2016,,,,0
5347,2017,,,,0
5347,2018,,,,0
5347,2019,,,,0
5347,2020,,,,0
5347,2021,,,,0
5347,2022,,,,0
5347,2023,,,,0
5347,2024,,,,0
5353,2001,,,,0
5353,2002,,,,0
5353,2003,,,,0
5353,2004,,,,0
5353,2005,,,,0
5353,2006,,,,0
5353,2007,,,,0
5353,2008,,,,0
5353,2009,,,,0
5353,2010,,,,0
5353,2011,,,,0
5353,2012,,,,0
5353,2013,,,,0
5353,2014,,,,0
5353,2015,,,,0
5353,2016,,,,0
5353,2017,,,,0
5353,2018,,,,0
5353,2019,,,,0
5353,2020,,,,0
5353,2021,,,,0
5353,2022,,,,0
5353,2023,,,,0
5353,2024,,,,0
5360,2001,,,,0
5360,2002,,,,0
5360,2003,,,,0
5360,2004,,,,0
5360,2005,,,,0
5360,2006,,,,0
5360,2007,,,,0
5360,2008,,,,0
5360,2009,,,,0
5360,2010,,,,0
5360,2011,,,,0
5360,2012,,,,0
5360,2013,,,,0
5360,2014,,,,0
5360,2015,,,,0
5360,2016,,,,0
5360,2017,,,,0
5360,2018,,,,0
5360,2019,,,,0
5360,2020,,,,0
5360,2021,,,,0
5360,2022,,,,0
5360,2023,,,,0
5360,2024,,,,0
5361,2001,,,,0
5361,2002,,,,0
5361,2003,,,,0
5361,2004,,,,0
5361,2005,,,,0
5361,2006,,,,0
5361,2007,,,,0
5361,2008,,,,0
5361,2009,,,,0
5361,2010,,,,0
5361,2011,,,,0
5361,2012,,,,0
5361,2013,,,,0
5361,2014,,,,0
5361,2015,,,,0
5361,2016,,,,0
5361,2017,,,,0
5361,2018,,,,0
5361,2019,,,,0
5361,2020,,,,0
5361,2021,,,,0
5361,2022,,,,0
5361,2023,,,,0
5361,2024,,,,0
5364,2001,,,,0
5364,2002,,,,0
5364,2003,,,,0
5364,2004,,,,0
5364,2005,,,,0
5364,2006,,,,0
5364,2007,,,,0
5364,2008,,,,0
5364,2009,,,,0
5364,2010,,,,0
5364,2011,,,,0
5364,2012,,,,0
5364,2013,,,,0
5364,2014,,,,0
5364,2015,,,,0
5364,2016,,,,0
5364,2017,,,,0
5364,2018,,,,0
5364,2019,,,,0
5364,2020,,,,0
5364,2021,,,,0
5364,2022,,,,0
5364,2023,,,,0
5364,2024,,,,0
5368,2001,,,,0
5368,2002,,,,0
5368,2003,,,,0
5368,2004,,,,0
5368,2005,,,,0
5368,2006,,,,0
5368,2007,,,,0
5368,2008,,,,0
5368,2009,,,,0
5368,2010,,,,0
5368,2011,,,,0
5368,2012,,,,0
5368,2013,,,,0
5368,2014,,,,0
5368,2015,,,,0
5368,2016,,,,0
5368,2017,,,,0
5368,2018,,,,0
5368,2019,,,,0
5368,2020,,,,0
5368,2021,,,,0
5368,2022,,,,0
5368,2023,,,,0
5368,2024,,,,0
5376,2001,,,,0
5376,2002,,,,0
5376,2003,,,,0
5376,2004,,,,0
5376,2005,,,,0
5376,2006,,,,0
5376,2007,,,,0
5376,2008,,,,0
5376,2009,,,,0
5376,2010,,,,0
5376,2011,,,,0
5376,2012,,,,0
5376,2013,,,,0
5376,2014,,,,0
5376,2015,,,,0
5376,2016,,,,0
5376,2017,,,,0
5376,2018,,,,0
5376,2019,,,,0
5376,2020,,,,0
5376,2021,,,,0
5376,2022,,,,0
5376,2023,,,,0
5376,2024,,,,0
5380,2001,,,,0
5380,2002,,,,0
5380,2003,,,,0
5380,2004,,,,0
5380,2005,,,,0
5380,2006,,,,0
5380,2007,,,,0
5380,2008,,,,0
5380,2009,,,,0
5380,2010,,,,0
5380,2011,,,,0
5380,2012,,,,0
5380,2013,,,,0
5380,2014,,,,0
5380,2015,,,,0
5380,2016,,,,0
5380,2017,,,,0
5380,2018,,,,0
5380,2019,,,,0
5380,2020,,,,0
5380,2021,,,,0
5380,2022,,,,0
5380,2023,,,,0
5380,2024,,,,0
5390,2001,,,,0
5390,2002,,,,0
5390,2003,,,,0
5390,2004,,,,0
5390,2005,,,,0
5390,2006,,,,0
5390,2007,,,,0
5390,2008,,,,0
5390,2009,,,,0
5390,2010,,,,0
5390,2011,,,,0
5390,2012,,,,0
5390,2013,,,,0
5390,2014,,,,0
5390,2015,,,,0
5390,2016,,,,0
5390,2017,,,,0
5390,2018,,,,0
5390,2019,,,,0
5390,2020,,,,0
5390,2021,,,,0
5390,2022,,,,0
5390,2023,,,,0
5390,2024,,,,0
5400,2001,,,,0
5400,2002,,,,0
5400,2003,,,,0
5400,2004,,,,0
5400,2005,,,,0
5400,2006,,,,0
5400,2007,,,,0
5400,2008,,,,0
5400,2009,,,,0
5400,2010,,,,0
5400,2011,,,,0
5400,2012,,,,0
5400,2013,,,,0
5400,2014,,,,0
5400,2015,,,,0
5400,2016,,,,0
5400,2017,,,,0
5400,2018,,,,0
5400,2019,,,,0
5400,2020,,,,0
5400,2021,,,,0
5400,2022,,,,0
5400,2023,,,,0
5400,2024,,,,0
54001,2001,,,,0
54001,2002,,,,0
54001,2003,,,,0
54001,2004,,,,0
54001,2005,,,,0
54001,2006,,,,0
54001,2007,,,,0
54001,2008,,,,0
54001,2009,,,,0
54001,2010,,,,0
54001,2011,,,,0
54001,2012,,,,0
54001,2013,,,,0
54001,2014,,,,0
54001,2015,,,,0
54001,2016,,,,0
54001,2017,,,,0
54001,2018,,,,0
54001,2019,,,,0
54001,2020,,,,0
54001,2021,,,,0
54001,2022,,,,0
54001,2023,,,,0
54001,2024,,,,0
54003,2001,,,,0
54003,2002,,,,0
54003,2003,,,,0
54003,2004,,,,0
54003,2005,,,,0
54003,2006,,,,0
54003,2007,,,,0
54003,2008,,,,0
54003,2009,,,,0
54003,2010,,,,0
54003,2011,,,,0
54003,2012,,,,0
54003,2013,,,,0
54003,2014,,,,0
54003,2015,,,,0
54003,2016,,,,0
54003,2017,,,,0
54003,2018,,,,0
54003,2019,,,,0
54003,2020,,,,0
54003,2021,,,,0
54003,2022,,,,0
54003,2023,,,,0
54003,2024,,,,0
54051,2001,,,,0
54051,2002,,,,0
54051,2003,,,,0
54051,2004,,,,0
54051,2005,,,,0
54051,2006,,,,0
54051,2007,,,,0
54051,2008,,,,0
54051,2009,,,,0
54051,2010,,,,0
54051,2011,,,,0
54051,2012,,,,0
54051,2013,,,,0
54051,2014,,,,0
54051,2015,,,,0
54051,2016,,,,0
54051,2017,,,,0
54051,2018,,,,0
54051,2019,,,,0
54051,2020,,,,0
54051,2021,,,,0
54051,2022,,,,0
54051,2023,,,,0
54051,2024,,,,0
54099,2001,,,,0
54099,2002,,,,0
54099,2003,,,,0
54099,2004,,,,0
54099,2005,,,,0
54099,2006,,,,0
54099,2007,,,,0
54099,2008,,,,0
54099,2009,,,,0
54099,2010,,,,0
54099,2011,,,,0
54099,2012,,,,0
54099,2013,,,,0
54099,2014,,,,0
54099,2015,,,,0
54099,2016,,,,0
54099,2017,,,,0
54099,2018,,,,0
54099,2019,,,,0
54099,2020,,,,0
54099,2021,,,,0
54099,2022,,,,0
54099,2023,,,,0
54099,2024,,,,0
54109,2001,,,,0
54109,2002,,,,0
54109,2003,,,,0
54109,2004,,,,0
54109,2005,,,,0
54109,2006,,,,0
54109,2007,,,,0
54109,2008,,,,0
54109,2009,,,,0
54109,2010,,,,0
54109,2011,,,,0
54109,2012,,,,0
54109,2013,,,,0
54109,2014,,,,0
54109,2015,,,,0
54109,2016,,,,0
54109,2017,,,,0
54109,2018,,,,0
54109,2019,,,,0
54109,2020,,,,0
54109,2021,,,,0
54109,2022,,,,0
54109,2023,,,,0
54109,2024,,,,0
5411,2001,,,,0
5411,2002,,,,0
5411,2003,,,,0
5411,2004,,,,0
5411,2005,,,,0
5411,2006,,,,0
5411,2007,,,,0
5411,2008,,,,0
5411,2009,,,,0
5411,2010,,,,0
5411,2011,,,,0
5411,2012,,,,0
5411,2013,,,,0
5411,2014,,,,0
5411,2015,,,,0
5411,2016,,,,0
5411,2017,,,,0
5411,2018,,,,0
5411,2019,,,,0
5411,2020,,,,0
5411,2021,,,,0
5411,2022,,,,0
5411,2023,,,,0
5411,2024,,,,0
54125,2001,,,,0
54125,2002,,,,0
54125,2003,,,,0
54125,2004,,,,0
54125,2005,,,,0
54125,2006,,,,0
54125,2007,,,,0
54125,2008,,,,0
54125,2009,,,,0
54125,2010,,,,0
54125,2011,,,,0
54125,2012,,,,0
54125,2013,,,,0
54125,2014,,,,0
54125,2015,,,,0
54125,2016,,,,0
54125,2017,,,,0
54125,2018,,,,0
54125,2019,,,,0
54125,2020,,,,0
54125,2021,,,,0
54125,2022,,,,0
54125,2023,,,,0
54125,2024,,,,0
54128,2001,,,,0
54128,2002,,,,0
54128,2003,,,,0
54128,2004,,,,0
54128,2005,,,,0
54128,2006,,,,0
54128,2007,,,,0
54128,2008,,,,0
54128,2009,,,,0
54128,2010,,,,0
54128,2011,,,,0
54128,2012,,,,0
54128,2013,,,,0
54128,2014,,,,0
54128,2015,,,,0
54128,2016,,,,0
54128,2017,,,,0
54128,2018,,,,0
54128,2019,,,,0
54128,2020,,,,0
54128,2021,,,,0
54128,2022,,,,0
54128,2023,,,,0
54128,2024,,,,0
54172,2001,,,,0
54172,2002,,,,0
54172,2003,,,,0
54172,2004,,,,0
54172,2005,,,,0
54172,2006,,,,0
54172,2007,,,,0
54172,2008,,,,0
54172,2009,,,,0
54172,2010,,,,0
54172,2011,,,,0
54172,2012,,,,0
54172,2013,,,,0
54172,2014,,,,0
54172,2015,,,,0
54172,2016,,,,0
54172,2017,,,,0
54172,2018,,,,0
54172,2019,,,,0
54172,2020,,,,0
54172,2021,,,,0
54172,2022,,,,0
54172,2023,,,,0
54172,2024,,,,0
54174,2001,,,,0
54174,2002,,,,0
54174,2003,,,,0
54174,2004,,,,0
54174,2005,,,,0
54174,2006,,,,0
54174,2007,,,,0
54174,2008,,,,0
54174,2009,,,,0
54174,2010,,,,0
54174,2011,,,,0
54174,2012,,,,0
54174,2013,,,,0
54174,2014,,,,0
54174,2015,,,,0
54174,2016,,,,0
54174,2017,,,,0
54174,2018,,,,0
54174,2019,,,,0
54174,2020,,,,0
54174,2021,,,,0
54174,2022,,,,0
54174,2023,,,,0
54174,2024,,,,0
54206,2001,,,,0
54206,2002,,,,0
54206,2003,,,,0
54206,2004,,,,0
54206,2005,,,,0
54206,2006,,,,0
54206,2007,,,,0
54206,2008,,,,0
54206,2009,,,,0
54206,2010,,,,0
54206,2011,,,,0
54206,2012,,,,0
54206,2013,,,,0
54206,2014,,,,0
54206,2015,,,,0
54206,2016,,,,0
54206,2017,,,,0
54206,2018,,,,0
54206,2019,,,,0
54206,2020,,,,0
54206,2021,,,,0
54206,2022,,,,0
54206,2023,,,,0
54206,2024,,,,0
54223,2001,,,,0
54223,2002,,,,0
54223,2003,,,,0
54223,2004,,,,0
54223,2005,,,,0
54223,2006,,,,0
54223,2007,,,,0
54223,2008,,,,0
54223,2009,,,,0
54223,2010,,,,0
54223,2011,,,,0
54223,2012,,,,0
54223,2013,,,,0
54223,2014,,,,0
54223,2015,,,,0
54223,2016,,,,0
54223,2017,,,,0
54223,2018,,,,0
54223,2019,,,,0
54223,2020,,,,0
54223,2021,,,,0
54223,2022,,,,0
54223,2023,,,,0
54223,2024,,,,0
54239,2001,,,,0
54239,2002,,,,0
54239,2003,,,,0
54239,2004,,,,0
54239,2005,,,,0
54239,2006,,,,0
54239,2007,,,,0
54239,2008,,,,0
54239,2009,,,,0
54239,2010,,,,0
54239,2011,,,,0
54239,2012,,,,0
54239,2013,,,,0
54239,2014,,,,0
54239,2015,,,,0
54239,2016,,,,0
54239,2017,,,,0
54239,2018,,,,0
54239,2019,,,,0
54239,2020,,,,0
54239,2021,,,,0
54239,2022,,,,0
54239,2023,,,,0
54239,2024,,,,0
54245,2001,,,,0
54245,2002,,,,0
54245,2003,,,,0
54245,2004,,,,0
54245,2005,,,,0
54245,2006,,,,0
54245,2007,,,,0
54245,2008,,,,0
54245,2009,,,,0
54245,2010,,,,0
54245,2011,,,,0
54245,2012,,,,0
54245,2013,,,,0
54245,2014,,,,0
54245,2015,,,,0
54245,2016,,,,0
54245,2017,,,,0
54245,2018,,,,0
54245,2019,,,,0
54245,2020,,,,0
54245,2021,,,,0
54245,2022,,,,0
54245,2023,,,,0
54245,2024,,,,0
5425,2001,,,,0
5425,2002,,,,0
5425,2003,,,,0
5425,2004,,,,0
5425,2005,,,,0
5425,2006,,,,0
5425,2007,,,,0
5425,2008,,,,0
5425,2009,,,,0
5425,2010,,,,0
5425,2011,,,,0
5425,2012,,,,0
5425,2013,,,,0
5425,2014,,,,0
5425,2015,,,,0
5425,2016,,,,0
5425,2017,,,,0
5425,2018,,,,0
5425,2019,,,,0
5425,2020,,,,0
5425,2021,,,,0
5425,2022,,,,0
5425,2023,,,,0
5425,2024,,,,0
54250,2001,,,,0
54250,2002,,,,0
54250,2003,,,,0
54250,2004,,,,0
54250,2005,,,,0
54250,2006,,,,0
54250,2007,,,,0
54250,2008,,,,0
54250,2009,,,,0
54250,2010,,,,0
54250,2011,,,,0
54250,2012,,,,0
54250,2013,,,,0
54250,2014,,,,0
54250,2015,,,,0
54250,2016,,,,0
54250,2017,,,,0
54250,2018,,,,0
54250,2019,,,,0
54250,2020,,,,0
54250,2021,,,,0
54250,2022,,,,0
54250,2023,,,,0
54250,2024,,,,0
54261,2001,,,,0
54261,2002,,,,0
54261,2003,,,,0
54261,2004,,,,0
54261,2005,,,,0
54261,2006,,,,0
54261,2007,,,,0
54261,2008,,,,0
54261,2009,,,,0
54261,2010,,,,0
54261,2011,,,,0
54261,2012,,,,0
54261,2013,,,,0
54261,2014,,,,0
54261,2015,,,,0
54261,2016,,,,0
54261,2017,,,,0
54261,2018,,,,0
54261,2019,,,,0
54261,2020,,,,0
54261,2021,,,,0
54261,2022,,,,0
54261,2023,,,,0
54261,2024,,,,0
54313,2001,,,,0
54313,2002,,,,0
54313,2003,,,,0
54313,2004,,,,0
54313,2005,,,,0
54313,2006,,,,0
54313,2007,,,,0
54313,2008,,,,0
54313,2009,,,,0
54313,2010,,,,0
54313,2011,,,,0
54313,2012,,,,0
54313,2013,,,,0
54313,2014,,,,0
54313,2015,,,,0
54313,2016,,,,0
54313,2017,,,,0
54313,2018,,,,0
54313,2019,,,,0
54313,2020,,,,0
54313,2021,,,,0
54313,2022,,,,0
54313,2023,,,,0
54313,2024,,,,0
54344,2001,,,,0
54344,2002,,,,0
54344,2003,,,,0
54344,2004,,,,0
54344,2005,,,,0
54344,2006,,,,0
54344,2007,,,,0
54344,2008,,,,0
54344,2009,,,,0
54344,2010,,,,0
54344,2011,,,,0
54344,2012,,,,0
54344,2013,,,,0
54344,2014,,,,0
54344,2015,,,,0
54344,2016,,,,0
54344,2017,,,,0
54344,2018,,,,0
54344,2019,,,,0
54344,2020,,,,0
54344,2021,,,,0
54344,2022,,,,0
54344,2023,,,,0
54344,2024,,,,0
54347,2001,,,,0
54347,2002,,,,0
54347,2003,,,,0
54347,2004,,,,0
54347,2005,,,,0
54347,2006,,,,0
54347,2007,,,,0
54347,2008,,,,0
54347,2009,,,,0
54347,2010,,,,0
54347,2011,,,,0
54347,2012,,,,0
54347,2013,,,,0
54347,2014,,,,0
54347,2015,,,,0
54347,2016,,,,0
54347,2017,,,,0
54347,2018,,,,0
54347,2019,,,,0
54347,2020,,,,0
54347,2021,,,,0
54347,2022,,,,0
54347,2023,,,,0
54347,2024,,,,0
54377,2001,,,,0
54377,2002,,,,0
54377,2003,,,,0
54377,2004,,,,0
54377,2005,,,,0
54377,2006,,,,0
54377,2007,,,,0
54377,2008,,,,0
54377,2009,,,,0
54377,2010,,,,0
54377,2011,,,,0
54377,2012,,,,0
54377,2013,,,,0
54377,2014,,,,0
54377,2015,,,,0
54377,2016,,,,0
54377,2017,,,,0
54377,2018,,,,0
54377,2019,,,,0
54377,2020,,,,0
54377,2021,,,,0
54377,2022,,,,0
54377,2023,,,,0
54377,2024,,,,0
54385,2001,,,,0
54385,2002,,,,0
54385,2003,,,,0
54385,2004,,,,0
54385,2005,,,,0
54385,2006,,,,0
54385,2007,,,,0
54385,2008,,,,0
54385,2009,,,,0
54385,2010,,,,0
54385,2011,,,,0
54385,2012,,,,0
54385,2013,,,,0
54385,2014,,,,0
54385,2015,,,,0
54385,2016,,,,0
54385,2017,,,,0
54385,2018,,,,0
54385,2019,,,,0
54385,2020,,,,0
54385,2021,,,,0
54385,2022,,,,0
54385,2023,,,,0
54385,2024,,,,0
54398,2001,,,,0
54398,2002,,,,0
54398,2003,,,,0
54398,2004,,,,0
54398,2005,,,,0
54398,2006,,,,0
54398,2007,,,,0
54398,2008,,,,0
54398,2009,,,,0
54398,2010,,,,0
54398,2011,,,,0
54398,2012,,,,0
54398,2013,,,,0
54398,2014,,,,0
54398,2015,,,,0
54398,2016,,,,0
54398,2017,,,,0
54398,2018,,,,0
54398,2019,,,,0
54398,2020,,,,0
54398,2021,,,,0
54398,2022,,,,0
54398,2023,,,,0
54398,2024,,,,0
5440,2001,,,,0
5440,2002,,,,0
5440,2003,,,,0
5440,2004,,,,0
5440,2005,,,,0
5440,2006,,,,0
5440,2007,,,,0
5440,2008,,,,0
5440,2009,,,,0
5440,2010,,,,0
5440,2011,,,,0
5440,2012,,,,0
5440,2013,,,,0
5440,2014,,,,0
5440,2015,,,,0
5440,2016,,,,0
5440,2017,,,,0
5440,2018,,,,0
5440,2019,,,,0
5440,2020,,,,0
5440,2021,,,,0
5440,2022,,,,0
5440,2023,,,,0
5440,2024,,,,0
54405,2001,,,,0
54405,2002,,,,0
54405,2003,,,,0
54405,2004,,,,0
54405,2005,,,,0
54405,2006,,,,0
54405,2007,,,,0
54405,2008,,,,0
54405,2009,,,,0
54405,2010,,,,0
54405,2011,,,,0
54405,2012,,,,0
54405,2013,,,,0
54405,2014,,,,0
54405,2015,,,,0
54405,2016,,,,0
54405,2017,,,,0
54405,2018,,,,0
54405,2019,,,,0
54405,2020,,,,0
54405,2021,,,,0
54405,2022,,,,0
54405,2023,,,,0
54405,2024,,,,0
54418,2001,,,,0
54418,2002,,,,0
54418,2003,,,,0
54418,2004,,,,0
54418,2005,,,,0
54418,2006,,,,0
54418,2007,,,,0
54418,2008,,,,0
54418,2009,,,,0
54418,2010,,,,0
54418,2011,,,,0
54418,2012,,,,0
54418,2013,,,,0
54418,2014,,,,0
54418,2015,,,,0
54418,2016,,,,0
54418,2017,,,,0
54418,2018,,,,0
54418,2019,,,,0
54418,2020,,,,0
54418,2021,,,,0
54418,2022,,,,0
54418,2023,,,,0
54418,2024,,,,0
54480,2001,,,,0
54480,2002,,,,0
54480,2003,,,,0
54480,2004,,,,0
54480,2005,,,,0
54480,2006,,,,0
54480,2007,,,,0
54480,2008,,,,0
54480,2009,,,,0
54480,2010,,,,0
54480,2011,,,,0
54480,2012,,,,0
54480,2013,,,,0
54480,2014,,,,0
54480,2015,,,,0
54480,2016,,,,0
54480,2017,,,,0
54480,2018,,,,0
54480,2019,,,,0
54480,2020,,,,0
54480,2021,,,,0
54480,2022,,,,0
54480,2023,,,,0
54480,2024,,,,0
54498,2001,,,,0
54498,2002,,,,0
54498,2003,,,,0
54498,2004,,,,0
54498,2005,,,,0
54498,2006,,,,0
54498,2007,,,,0
54498,2008,,,,0
54498,2009,,,,0
54498,2010,,,,0
54498,2011,,,,0
54498,2012,,,,0
54498,2013,,,,0
54498,2014,,,,0
54498,2015,,,,0
54498,2016,,,,0
54498,2017,,,,0
54498,2018,,,,0
54498,2019,,,,0
54498,2020,,,,0
54498,2021,,,,0
54498,2022,,,,0
54498,2023,,,,0
54498,2024,,,,0
54518,2001,,,,0
54518,2002,,,,0
54518,2003,,,,0
54518,2004,,,,0
54518,2005,,,,0
54518,2006,,,,0
54518,2007,,,,0
54518,2008,,,,0
54518,2009,,,,0
54518,2010,,,,0
54518,2011,,,,0
54518,2012,,,,0
54518,2013,,,,0
54518,2014,,,,0
54518,2015,,,,0
54518,2016,,,,0
54518,2017,,,,0
54518,2018,,,,0
54518,2019,,,,0
54518,2020,,,,0
54518,2021,,,,0
54518,2022,,,,0
54518,2023,,,,0
54518,2024,,,,0
54520,2001,,,,0
54520,2002,,,,0
54520,2003,,,,0
54520,2004,,,,0
54520,2005,,,,0
54520,2006,,,,0
54520,2007,,,,0
54520,2008,,,,0
54520,2009,,,,0
54520,2010,,,,0
54520,2011,,,,0
54520,2012,,,,0
54520,2013,,,,0
54520,2014,,,,0
54520,2015,,,,0
54520,2016,,,,0
54520,2017,,,,0
54520,2018,,,,0
54520,2019,,,,0
54520,2020,,,,0
54520,2021,,,,0
54520,2022,,,,0
54520,2023,,,,0
54520,2024,,,,0
54553,2001,,,,0
54553,2002,,,,0
54553,2003,,,,0
54553,2004,,,,0
54553,2005,,,,0
54553,2006,,,,0
54553,2007,,,,0
54553,2008,,,,0
54553,2009,,,,0
54553,2010,,,,0
54553,2011,,,,0
54553,2012,,,,0
54553,2013,,,,0
54553,2014,,,,0
54553,2015,,,,0
54553,2016,,,,0
54553,2017,,,,0
54553,2018,,,,0
54553,2019,,,,0
54553,2020,,,,0
54553,2021,,,,0
54553,2022,,,,0
54553,2023,,,,0
54553,2024,,,,0
54599,2001,,,,0
54599,2002,,,,0
54599,2003,,,,0
54599,2004,,,,0
54599,2005,,,,0
54599,2006,,,,0
54599,2007,,,,0
54599,2008,,,,0
54599,2009,,,,0
54599,2010,,,,0
54599,2011,,,,0
54599,2012,,,,0
54599,2013,,,,0
54599,2014,,,,0
54599,2015,,,,0
54599,2016,,,,0
54599,2017,,,,0
54599,2018,,,,0
54599,2019,,,,0
54599,2020,,,,0
54599,2021,,,,0
54599,2022,,,,0
54599,2023,,,,0
54599,2024,,,,0
54660,2001,,,,0
54660,2002,,,,0
54660,2003,,,,0
54660,2004,,,,0
54660,2005,,,,0
54660,2006,,,,0
54660,2007,,,,0
54660,2008,,,,0
54660,2009,,,,0
54660,2010,,,,0
54660,2011,,,,0
54660,2012,,,,0
54660,2013,,,,0
54660,2014,,,,0
54660,2015,,,,0
54660,2016,,,,0
54660,2017,,,,0
54660,2018,,,,0
54660,2019,,,,0
54660,2020,,,,0
54660,2021,,,,0
54660,2022,,,,0
54660,2023,,,,0
54660,2024,,,,0
5467,2001,,,,0
5467,2002,,,,0
5467,2003,,,,0
5467,2004,,,,0
5467,2005,,,,0
5467,2006,,,,0
5467,2007,,,,0
5467,2008,,,,0
5467,2009,,,,0
5467,2010,,,,0
5467,2011,,,,0
5467,2012,,,,0
5467,2013,,,,0
5467,2014,,,,0
5467,2015,,,,0
5467,2016,,,,0
5467,2017,,,,0
5467,2018,,,,0
5467,2019,,,,0
5467,2020,,,,0
5467,2021,,,,0
5467,2022,,,,0
5467,2023,,,,0
5467,2024,,,,0
54670,2001,,,,0
54670,2002,,,,0
54670,2003,,,,0
54670,2004,,,,0
54670,2005,,,,0
54670,2006,,,,0
54670,2007,,,,0
54670,2008,,,,0
54670,2009,,,,0
54670,2010,,,,0
54670,2011,,,,0
54670,2012,,,,0
54670,2013,,,,0
54670,2014,,,,0
54670,2015,,,,0
54670,2016,,,,0
54670,2017,,,,0
54670,2018,,,,0
54670,2019,,,,0
54670,2020,,,,0
54670,2021,,,,0
54670,2022,,,,0
54670,2023,,,,0
54670,2024,,,,0
54673,2001,,,,0
54673,2002,,,,0
54673,2003,,,,0
54673,2004,,,,0
54673,2005,,,,0
54673,2006,,,,0
54673,2007,,,,0
54673,2008,,,,0
54673,2009,,,,0
54673,2010,,,,0
54673,2011,,,,0
54673,2012,,,,0
54673,2013,,,,0
54673,2014,,,,0
54673,2015,,,,0
54673,2016,,,,0
54673,2017,,,,0
54673,2018,,,,0
54673,2019,,,,0
54673,2020,,,,0
54673,2021,,,,0
54673,2022,,,,0
54673,2023,,,,0
54673,2024,,,,0
54680,2001,,,,0
54680,2002,,,,0
54680,2003,,,,0
54680,2004,,,,0
54680,2005,,,,0
54680,2006,,,,0
54680,2007,,,,0
54680,2008,,,,0
54680,2009,,,,0
54680,2010,,,,0
54680,2011,,,,0
54680,2012,,,,0
54680,2013,,,,0
54680,2014,,,,0
54680,2015,,,,0
54680,2016,,,,0
54680,2017,,,,0
54680,2018,,,,0
54680,2019,,,,0
54680,2020,,,,0
54680,2021,,,,0
54680,2022,,,,0
54680,2023,,,,0
54680,2024,,,,0
54720,2001,,,,0
54720,2002,,,,0
54720,2003,,,,0
54720,2004,,,,0
54720,2005,,,,0
54720,2006,,,,0
54720,2007,,,,0
54720,2008,,,,0
54720,2009,,,,0
54720,2010,,,,0
54720,2011,,,,0
54720,2012,,,,0
54720,2013,,,,0
54720,2014,,,,0
54720,2015,,,,0
54720,2016,,,,0
54720,2017,,,,0
54720,2018,,,,0
54720,2019,,,,0
54720,2020,,,,0
54720,2021,,,,0
54720,2022,,,,0
54720,2023,,,,0
54720,2024,,,,0
54743,2001,,,,0
54743,2002,,,,0
54743,2003,,,,0
54743,2004,,,,0
54743,2005,,,,0
54743,2006,,,,0
54743,2007,,,,0
54743,2008,,,,0
54743,2009,,,,0
54743,2010,,,,0
54743,2011,,,,0
54743,2012,,,,0
54743,2013,,,,0
54743,2014,,,,0
54743,2015,,,,0
54743,2016,,,,0
54743,2017,,,,0
54743,2018,,,,0
54743,2019,,,,0
54743,2020,,,,0
54743,2021,,,,0
54743,2022,,,,0
54743,2023,,,,0
54743,2024,,,,0
5475,2001,,,,0
5475,2002,,,,0
5475,2003,,,,0
5475,2004,,,,0
5475,2005,,,,0
5475,2006,,,,0
5475,2007,,,,0
5475,2008,,,,0
5475,2009,,,,0
5475,2010,,,,0
5475,2011,,,,0
5475,2012,,,,0
5475,2013,,,,0
5475,2014,,,,0
5475,2015,,,,0
5475,2016,,,,0
5475,2017,,,,0
5475,2018,,,,0
5475,2019,,,,0
5475,2020,,,,0
5475,2021,,,,0
5475,2022,,,,0
5475,2023,,,,0
5475,2024,,,,0
5480,2001,,,,0
5480,2002,,,,0
5480,2003,,,,0
5480,2004,,,,0
5480,2005,,,,0
5480,2006,,,,0
5480,2007,,,,0
5480,2008,,,,0
5480,2009,,,,0
5480,2010,,,,0
5480,2011,,,,0
5480,2012,,,,0
5480,2013,,,,0
5480,2014,,,,0
5480,2015,,,,0
5480,2016,,,,0
5480,2017,,,,0
5480,2018,,,,0
5480,2019,,,,0
5480,2020,,,,0
5480,2021,,,,0
5480,2022,,,,0
5480,2023,,,,0
5480,2024,,,,0
54800,2001,,,,0
54800,2002,,,,0
54800,2003,,,,0
54800,2004,,,,0
54800,2005,,,,0
54800,2006,,,,0
54800,2007,,,,0
54800,2008,,,,0
54800,2009,,,,0
54800,2010,,,,0
54800,2011,,,,0
54800,2012,,,,0
54800,2013,,,,0
54800,2014,,,,0
54800,2015,,,,0
54800,2016,,,,0
54800,2017,,,,0
54800,2018,,,,0
54800,2019,,,,0
54800,2020,,,,0
54800,2021,,,,0
54800,2022,,,,0
54800,2023,,,,0
54800,2024,,,,0
54810,2001,,,,0
54810,2002,,,,0
54810,2003,,,,0
54810,2004,,,,0
54810,2005,,,,0
54810,2006,,,,0
54810,2007,,,,0
54810,2008,,,,0
54810,2009,,,,0
54810,2010,,,,0
54810,2011,,,,0
54810,2012,,,,0
54810,2013,,,,0
54810,2014,,,,0
54810,2015,,,,0
54810,2016,,,,0
54810,2017,,,,0
54810,2018,,,,0
54810,2019,,,,0
54810,2020,,,,0
54810,2021,,,,0
54810,2022,,,,0
54810,2023,,,,0
54810,2024,,,,0
54820,2001,,,,0
54820,2002,,,,0
54820,2003,,,,0
54820,2004,,,,0
54820,2005,,,,0
54820,2006,,,,0
54820,2007,,,,0
54820,2008,,,,0
54820,2009,,,,0
54820,2010,,,,0
54820,2011,,,,0
54820,2012,,,,0
54820,2013,,,,0
54820,2014,,,,0
54820,2015,,,,0
54820,2016,,,,0
54820,2017,,,,0
54820,2018,,,,0
54820,2019,,,,0
54820,2020,,,,0
54820,2021,,,,0
54820,2022,,,,0
54820,2023,,,,0
54820,2024,,,,0
5483,2001,,,,0
5483,2002,,,,0
5483,2003,,,,0
5483,2004,,,,0
5483,2005,,,,0
5483,2006,,,,0
5483,2007,,,,0
5483,2008,,,,0
5483,2009,,,,0
5483,2010,,,,0
5483,2011,,,,0
5483,2012,,,,0
5483,2013,,,,0
5483,2014,,,,0
5483,2015,,,,0
5483,2016,,,,0
5483,2017,,,,0
5483,2018,,,,0
5483,2019,,,,0
5483,2020,,,,0
5483,2021,,,,0
5483,2022,,,,0
5483,2023,,,,0
5483,2024,,,,0
54871,2001,,,,0
54871,2002,,,,0
54871,2003,,,,0
54871,2004,,,,0
54871,2005,,,,0
54871,2006,,,,0
54871,2007,,,,0
54871,2008,,,,0
54871,2009,,,,0
54871,2010,,,,0
54871,2011,,,,0
54871,2012,,,,0
54871,2013,,,,0
54871,2014,,,,0
54871,2015,,,,0
54871,2016,,,,0
54871,2017,,,,0
54871,2018,,,,0
54871,2019,,,,0
54871,2020,,,,0
54871,2021,,,,0
54871,2022,,,,0
54871,2023,,,,0
54871,2024,,,,0
54874,2001,,,,0
54874,2002,,,,0
54874,2003,,,,0
54874,2004,,,,0
54874,2005,,,,0
54874,2006,,,,0
54874,2007,,,,0
54874,2008,,,,0
54874,2009,,,,0
54874,2010,,,,0
54874,2011,,,,0
54874,2012,,,,0
54874,2013,,,,0
54874,2014,,,,0
54874,2015,,,,0
54874,2016,,,,0
54874,2017,,,,0
54874,2018,,,,0
54874,2019,,,,0
54874,2020,,,,0
54874,2021,,,,0
54874,2022,,,,0
54874,2023,,,,0
54874,2024,,,,0
5490,2001,,,,0
5490,2002,,,,0
5490,2003,,,,0
5490,2004,,,,0
5490,2005,,,,0
5490,2006,,,,0
5490,2007,,,,0
5490,2008,,,,0
5490,2009,,,,0
5490,2010,,,,0
5490,2011,,,,0
5490,2012,,,,0
5490,2013,,,,0
5490,2014,,,,0
5490,2015,,,,0
5490,2016,,,,0
5490,2017,,,,0
5490,2018,,,,0
5490,2019,,,,0
5490,2020,,,,0
5490,2021,,,,0
5490,2022,,,,0
5490,2023,,,,0
5490,2024,,,,0
5495,2001,,,,0
5495,2002,,,,0
5495,2003,,,,0
5495,2004,,,,0
5495,2005,,,,0
5495,2006,,,,0
5495,2007,,,,0
5495,2008,,,,0
5495,2009,,,,0
5495,2010,,,,0
5495,2011,,,,0
5495,2012,,,,0
5495,2013,,,,0
5495,2014,,,,0
5495,2015,,,,0
5495,2016,,,,0
5495,2017,,,,0
5495,2018,,,,0
5495,2019,,,,0
5495,2020,,,,0
5495,2021,,,,0
5495,2022,,,,0
5495,2023,,,,0
5495,2024,,,,0
5501,2001,,,,0
5501,2002,,,,0
5501,2003,,,,0
5501,2004,,,,0
5501,2005,,,,0
5501,2006,,,,0
5501,2007,,,,0
5501,2008,,,,0
5501,2009,,,,0
5501,2010,,,,0
5501,2011,,,,0
5501,2012,,,,0
5501,2013,,,,0
5501,2014,,,,0
5501,2015,,,,0
5501,2016,,,,0
5501,2017,,,,0
5501,2018,,,,0
5501,2019,,,,0
5501,2020,,,,0
5501,2021,,,,0
5501,2022,,,,0
5501,2023,,,,0
5501,2024,,,,0
5541,2001,,,,0
5541,2002,,,,0
5541,2003,,,,0
5541,2004,,,,0
5541,2005,,,,0
5541,2006,,,,0
5541,2007,,,,0
5541,2008,,,,0
5541,2009,,,,0
5541,2010,,,,0
5541,2011,,,,0
5541,2012,,,,0
5541,2013,,,,0
5541,2014,,,,0
5541,2015,,,,0
5541,2016,,,,0
5541,2017,,,,0
5541,2018,,,,0
5541,2019,,,,0
5541,2020,,,,0
5541,2021,,,,0
5541,2022,,,,0
5541,2023,,,,0
5541,2024,,,,0
5543,2001,,,,0
5543,2002,,,,0
5543,2003,,,,0
5543,2004,,,,0
5543,2005,,,,0
5543,2006,,,,0
5543,2007,,,,0
5543,2008,,,,0
5543,2009,,,,0
5543,2010,,,,0
5543,2011,,,,0
5543,2012,,,,0
5543,2013,,,,0
5543,2014,,,,0
5543,2015,,,,0
5543,2016,,,,0
5543,2017,,,,0
5543,2018,,,,0
5543,2019,,,,0
5543,2020,,,,0
5543,2021,,,,0
5543,2022,,,,0
5543,2023,,,,0
5543,2024,,,,0
5576,2001,,,,0
5576,2002,,,,0
5576,2003,,,,0
5576,2004,,,,0
5576,2005,,,,0
5576,2006,,,,0
5576,2007,,,,0
5576,2008,,,,0
5576,2009,,,,0
5576,2010,,,,0
5576,2011,,,,0
5576,2012,,,,0
5576,2013,,,,0
5576,2014,,,,0
5576,2015,,,,0
5576,2016,,,,0
5576,2017,,,,0
5576,2018,,,,0
5576,2019,,,,0
5576,2020,,,,0
5576,2021,,,,0
5576,2022,,,,0
5576,2023,,,,0
5576,2024,,,,0
5579,2001,,,,0
5579,2002,,,,0
5579,2003,,,,0
5579,2004,,,,0
5579,2005,,,,0
5579,2006,,,,0
5579,2007,,,,0
5579,2008,,,,0
5579,2009,,,,0
5579,2010,,,,0
5579,2011,,,,0
5579,2012,,,,0
5579,2013,,,,0
5579,2014,,,,0
5579,2015,,,,0
5579,2016,,,,0
5579,2017,,,,0
5579,2018,,,,0
5579,2019,,,,0
5579,2020,,,,0
5579,2021,,,,0
5579,2022,,,,0
5579,2023,,,,0
5579,2024,,,,0
5585,2001,,,,0
5585,2002,,,,0
5585,2003,,,,0
5585,2004,,,,0
5585,2005,,,,0
5585,2006,,,,0
5585,2007,,,,0
5585,2008,,,,0
5585,2009,,,,0
5585,2010,,,,0
5585,2011,,,,0
5585,2012,,,,0
5585,2013,,,,0
5585,2014,,,,0
5585,2015,,,,0
5585,2016,,,,0
5585,2017,,,,0
5585,2018,,,,0
5585,2019,,,,0
5585,2020,,,,0
5585,2021,,,,0
5585,2022,,,,0
5585,2023,,,,0
5585,2024,,,,0
5591,2001,,,,0
5591,2002,,,,0
5591,2003,,,,0
5591,2004,,,,0
5591,2005,,,,0
5591,2006,,,,0
5591,2007,,,,0
5591,2008,,,,0
5591,2009,,,,0
5591,2010,,,,0
5591,2011,,,,0
5591,2012,,,,0
5591,2013,,,,0
5591,2014,,,,0
5591,2015,,,,0
5591,2016,,,,0
5591,2017,,,,0
5591,2018,,,,0
5591,2019,,,,0
5591,2020,,,,0
5591,2021,,,,0
5591,2022,,,,0
5591,2023,,,,0
5591,2024,,,,0
5604,2001,,,,0
5604,2002,,,,0
5604,2003,,,,0
5604,2004,,,,0
5604,2005,,,,0
5604,2006,,,,0
5604,2007,,,,0
5604,2008,,,,0
5604,2009,,,,0
5604,2010,,,,0
5604,2011,,,,0
5604,2012,,,,0
5604,2013,,,,0
5604,2014,,,,0
5604,2015,,,,0
5604,2016,,,,0
5604,2017,,,,0
5604,2018,,,,0
5604,2019,,,,0
5604,2020,,,,0
5604,2021,,,,0
5604,2022,,,,0
5604,2023,,,,0
5604,2024,,,,0
5607,2001,,,,0
5607,2002,,,,0
5607,2003,,,,0
5607,2004,,,,0
5607,2005,,,,0
5607,2006,,,,0
5607,2007,,,,0
5607,2008,,,,0
5607,2009,,,,0
5607,2010,,,,0
5607,2011,,,,0
5607,2012,,,,0
5607,2013,,,,0
5607,2014,,,,0
5607,2015,,,,0
5607,2016,,,,0
5607,2017,,,,0
5607,2018,,,,0
5607,2019,,,,0
5607,2020,,,,0
5607,2021,,,,0
5607,2022,,,,0
5607,2023,,,,0
5607,2024,,,,0
5615,2001,,,,0
5615,2002,,,,0
5615,2003,,,,0
5615,2004,,,,0
5615,2005,,,,0
5615,2006,,,,0
5615,2007,,,,0
5615,2008,,,,0
5615,2009,,,,0
5615,2010,,,,0
5615,2011,,,,0
5615,2012,,,,0
5615,2013,,,,0
5615,2014,,,,0
5615,2015,,,,0
5615,2016,,,,0
5615,2017,,,,0
5615,2018,,,,0
5615,2019,,,,0
5615,2020,,,,0
5615,2021,,,,0
5615,2022,,,,0
5615,2023,,,,0
5615,2024,,,,0
5628,2001,,,,0
5628,2002,,,,0
5628,2003,,,,0
5628,2004,,,,0
5628,2005,,,,0
5628,2006,,,,0
5628,2007,,,,0
5628,2008,,,,0
5628,2009,,,,0
5628,2010,,,,0
5628,2011,,,,0
5628,2012,,,,0
5628,2013,,,,0
5628,2014,,,,0
5628,2015,,,,0
5628,2016,,,,0
5628,2017,,,,0
5628,2018,,,,0
5628,2019,,,,0
5628,2020,,,,0
5628,2021,,,,0
5628,2022,,,,0
5628,2023,,,,0
5628,2024,,,,0
5631,2001,,,,0
5631,2002,,,,0
5631,2003,,,,0
5631,2004,,,,0
5631,2005,,,,0
5631,2006,,,,0
5631,2007,,,,0
5631,2008,,,,0
5631,2009,,,,0
5631,2010,,,,0
5631,2011,,,,0
5631,2012,,,,0
5631,2013,,,,0
5631,2014,,,,0
5631,2015,,,,0
5631,2016,,,,0
5631,2017,,,,0
5631,2018,,,,0
5631,2019,,,,0
5631,2020,,,,0
5631,2021,,,,0
5631,2022,,,,0
5631,2023,,,,0
5631,2024,,,,0
5642,2001,,,,0
5642,2002,,,,0
5642,2003,,,,0
5642,2004,,,,0
5642,2005,,,,0
5642,2006,,,,0
5642,2007,,,,0
5642,2008,,,,0
5642,2009,,,,0
5642,2010,,,,0
5642,2011,,,,0
5642,2012,,,,0
5642,2013,,,,0
5642,2014,,,,0
5642,2015,,,,0
5642,2016,,,,0
5642,2017,,,,0
5642,2018,,,,0
5642,2019,,,,0
5642,2020,,,,0
5642,2021,,,,0
5642,2022,,,,0
5642,2023,,,,0
5642,2024,,,,0
5647,2001,,,,0
5647,2002,,,,0
5647,2003,,,,0
5647,2004,,,,0
5647,2005,,,,0
5647,2006,,,,0
5647,2007,,,,0
5647,2008,,,,0
5647,2009,,,,0
5647,2010,,,,0
5647,2011,,,,0
5647,2012,,,,0
5647,2013,,,,0
5647,2014,,,,0
5647,2015,,,,0
5647,2016,,,,0
5647,2017,,,,0
5647,2018,,,,0
5647,2019,,,,0
5647,2020,,,,0
5647,2021,,,,0
5647,2022,,,,0
5647,2023,,,,0
5647,2024,,,,0
5649,2001,,,,0
5649,2002,,,,0
5649,2003,,,,0
5649,2004,,,,0
5649,2005,,,,0
5649,2006,,,,0
5649,2007,,,,0
5649,2008,,,,0
5649,2009,,,,0
5649,2010,,,,0
5649,2011,,,,0
5649,2012,,,,0
5649,2013,,,,0
5649,2014,,,,0
5649,2015,,,,0
5649,2016,,,,0
5649,2017,,,,0
5649,2018,,,,0
5649,2019,,,,0
5649,2020,,,,0
5649,2021,,,,0
5649,2022,,,,0
5649,2023,,,,0
5649,2024,,,,0
5652,2001,,,,0
5652,2002,,,,0
5652,2003,,,,0
5652,2004,,,,0
5652,2005,,,,0
5652,2006,,,,0
5652,2007,,,,0
5652,2008,,,,0
5652,2009,,,,0
5652,2010,,,,0
5652,2011,,,,0
5652,2012,,,,0
5652,2013,,,,0
5652,2014,,,,0
5652,2015,,,,0
5652,2016,,,,0
5652,2017,,,,0
5652,2018,,,,0
5652,2019,,,,0
5652,2020,,,,0
5652,2021,,,,0
5652,2022,,,,0
5652,2023,,,,0
5652,2024,,,,0
5656,2001,,,,0
5656,2002,,,,0
5656,2003,,,,0
5656,2004,,,,0
5656,2005,,,,0
5656,2006,,,,0
5656,2007,,,,0
5656,2008,,,,0
5656,2009,,,,0
5656,2010,,,,0
5656,2011,,,,0
5656,2012,,,,0
5656,2013,,,,0
5656,2014,,,,0
5656,2015,,,,0
5656,2016,,,,0
5656,2017,,,,0
5656,2018,,,,0
5656,2019,,,,0
5656,2020,,,,0
5656,2021,,,,0
5656,2022,,,,0
5656,2023,,,,0
5656,2024,,,,0
5658,2001,,,,0
5658,2002,,,,0
5658,2003,,,,0
5658,2004,,,,0
5658,2005,,,,0
5658,2006,,,,0
5658,2007,,,,0
5658,2008,,,,0
5658,2009,,,,0
5658,2010,,,,0
5658,2011,,,,0
5658,2012,,,,0
5658,2013,,,,0
5658,2014,,,,0
5658,2015,,,,0
5658,2016,,,,0
5658,2017,,,,0
5658,2018,,,,0
5658,2019,,,,0
5658,2020,,,,0
5658,2021,,,,0
5658,2022,,,,0
5658,2023,,,,0
5658,2024,,,,0
5659,2001,,,,0
5659,2002,,,,0
5659,2003,,,,0
5659,2004,,,,0
5659,2005,,,,0
5659,2006,,,,0
5659,2007,,,,0
5659,2008,,,,0
5659,2009,,,,0
5659,2010,,,,0
5659,2011,,,,0
5659,2012,,,,0
5659,2013,,,,0
5659,2014,,,,0
5659,2015,,,,0
5659,2016,,,,0
5659,2017,,,,0
5659,2018,,,,0
5659,2019,,,,0
5659,2020,,,,0
5659,2021,,,,0
5659,2022,,,,0
5659,2023,,,,0
5659,2024,,,,0
5660,2001,,,,0
5660,2002,,,,0
5660,2003,,,,0
5660,2004,,,,0
5660,2005,,,,0
5660,2006,,,,0
5660,2007,,,,0
5660,2008,,,,0
5660,2009,,,,0
5660,2010,,,,0
5660,2011,,,,0
5660,2012,,,,0
5660,2013,,,,0
5660,2014,,,,0
5660,2015,,,,0
5660,2016,,,,0
5660,2017,,,,0
5660,2018,,,,0
5660,2019,,,,0
5660,2020,,,,0
5660,2021,,,,0
5660,2022,,,,0
5660,2023,,,,0
5660,2024,,,,0
5664,2001,,,,0
5664,2002,,,,0
5664,2003,,,,0
5664,2004,,,,0
5664,2005,,,,0
5664,2006,,,,0
5664,2007,,,,0
5664,2008,,,,0
5664,2009,,,,0
5664,2010,,,,0
5664,2011,,,,0
5664,2012,,,,0
5664,2013,,,,0
5664,2014,,,,0
5664,2015,,,,0
5664,2016,,,,0
5664,2017,,,,0
5664,2018,,,,0
5664,2019,,,,0
5664,2020,,,,0
5664,2021,,,,0
5664,2022,,,,0
5664,2023,,,,0
5664,2024,,,,0
5665,2001,,,,0
5665,2002,,,,0
5665,2003,,,,0
5665,2004,,,,0
5665,2005,,,,0
5665,2006,,,,0
5665,2007,,,,0
5665,2008,,,,0
5665,2009,,,,0
5665,2010,,,,0
5665,2011,,,,0
5665,2012,,,,0
5665,2013,,,,0
5665,2014,,,,0
5665,2015,,,,0
5665,2016,,,,0
5665,2017,,,,0
5665,2018,,,,0
5665,2019,,,,0
5665,2020,,,,0
5665,2021,,,,0
5665,2022,,,,0
5665,2023,,,,0
5665,2024,,,,0
5667,2001,,,,0
5667,2002,,,,0
5667,2003,,,,0
5667,2004,,,,0
5667,2005,,,,0
5667,2006,,,,0
5667,2007,,,,0
5667,2008,,,,0
5667,2009,,,,0
5667,2010,,,,0
5667,2011,,,,0
5667,2012,,,,0
5667,2013,,,,0
5667,2014,,,,0
5667,2015,,,,0
5667,2016,,,,0
5667,2017,,,,0
5667,2018,,,,0
5667,2019,,,,0
5667,2020,,,,0
5667,2021,,,,0
5667,2022,,,,0
5667,2023,,,,0
5667,2024,,,,0
5670,2001,,,,0
5670,2002,,,,0
5670,2003,,,,0
5670,2004,,,,0
5670,2005,,,,0
5670,2006,,,,0
5670,2007,,,,0
5670,2008,,,,0
5670,2009,,,,0
5670,2010,,,,0
5670,2011,,,,0
5670,2012,,,,0
5670,2013,,,,0
5670,2014,,,,0
5670,2015,,,,0
5670,2016,,,,0
5670,2017,,,,0
5670,2018,,,,0
5670,2019,,,,0
5670,2020,,,,0
5670,2021,,,,0
5670,2022,,,,0
5670,2023,,,,0
5670,2024,,,,0
5674,2001,,,,0
5674,2002,,,,0
5674,2003,,,,0
5674,2004,,,,0
5674,2005,,,,0
5674,2006,,,,0
5674,2007,,,,0
5674,2008,,,,0
5674,2009,,,,0
5674,2010,,,,0
5674,2011,,,,0
5674,2012,,,,0
5674,2013,,,,0
5674,2014,,,,0
5674,2015,,,,0
5674,2016,,,,0
5674,2017,,,,0
5674,2018,,,,0
5674,2019,,,,0
5674,2020,,,,0
5674,2021,,,,0
5674,2022,,,,0
5674,2023,,,,0
5674,2024,,,,0
5679,2001,,,,0
5679,2002,,,,0
5679,2003,,,,0
5679,2004,,,,0
5679,2005,,,,0
5679,2006,,,,0
5679,2007,,,,0
5679,2008,,,,0
5679,2009,,,,0
5679,2010,,,,0
5679,2011,,,,0
5679,2012,,,,0
5679,2013,,,,0
5679,2014,,,,0
5679,2015,,,,0
5679,2016,,,,0
5679,2017,,,,0
5679,2018,,,,0
5679,2019,,,,0
5679,2020,,,,0
5679,2021,,,,0
5679,2022,,,,0
5679,2023,,,,0
5679,2024,,,,0
5686,2001,,,,0
5686,2002,,,,0
5686,2003,,,,0
5686,2004,,,,0
5686,2005,,,,0
5686,2006,,,,0
5686,2007,,,,0
5686,2008,,,,0
5686,2009,,,,0
5686,2010,,,,0
5686,2011,,,,0
5686,2012,,,,0
5686,2013,,,,0
5686,2014,,,,0
5686,2015,,,,0
5686,2016,,,,0
5686,2017,,,,0
5686,2018,,,,0
5686,2019,,,,0
5686,2020,,,,0
5686,2021,,,,0
5686,2022,,,,0
5686,2023,,,,0
5686,2024,,,,0
5690,2001,,,,0
5690,2002,,,,0
5690,2003,,,,0
5690,2004,,,,0
5690,2005,,,,0
5690,2006,,,,0
5690,2007,,,,0
5690,2008,,,,0
5690,2009,,,,0
5690,2010,,,,0
5690,2011,,,,0
5690,2012,,,,0
5690,2013,,,,0
5690,2014,,,,0
5690,2015,,,,0
5690,2016,,,,0
5690,2017,,,,0
5690,2018,,,,0
5690,2019,,,,0
5690,2020,,,,0
5690,2021,,,,0
5690,2022,,,,0
5690,2023,,,,0
5690,2024,,,,0
5697,2001,,,,0
5697,2002,,,,0
5697,2003,,,,0
5697,2004,,,,0
5697,2005,,,,0
5697,2006,,,,0
5697,2007,,,,0
5697,2008,,,,0
5697,2009,,,,0
5697,2010,,,,0
5697,2011,,,,0
5697,2012,,,,0
5697,2013,,,,0
5697,2014,,,,0
5697,2015,,,,0
5697,2016,,,,0
5697,2017,,,,0
5697,2018,,,,0
5697,2019,,,,0
5697,2020,,,,0
5697,2021,,,,0
5697,2022,,,,0
5697,2023,,,,0
5697,2024,,,,0
5736,2001,,,,0
5736,2002,,,,0
5736,2003,,,,0
5736,2004,,,,0
5736,2005,,,,0
5736,2006,,,,0
5736,2007,,,,0
5736,2008,,,,0
5736,2009,,,,0
5736,2010,,,,0
5736,2011,,,,0
5736,2012,,,,0
5736,2013,,,,0
5736,2014,,,,0
5736,2015,,,,0
5736,2016,,,,0
5736,2017,,,,0
5736,2018,,,,0
5736,2019,,,,0
5736,2020,,,,0
5736,2021,,,,0
5736,2022,,,,0
5736,2023,,,,0
5736,2024,,,,0
5756,2001,,,,0
5756,2002,,,,0
5756,2003,,,,0
5756,2004,,,,0
5756,2005,,,,0
5756,2006,,,,0
5756,2007,,,,0
5756,2008,,,,0
5756,2009,,,,0
5756,2010,,,,0
5756,2011,,,,0
5756,2012,,,,0
5756,2013,,,,0
5756,2014,,,,0
5756,2015,,,,0
5756,2016,,,,0
5756,2017,,,,0
5756,2018,,,,0
5756,2019,,,,0
5756,2020,,,,0
5756,2021,,,,0
5756,2022,,,,0
5756,2023,,,,0
5756,2024,,,,0
5761,2001,,,,0
5761,2002,,,,0
5761,2003,,,,0
5761,2004,,,,0
5761,2005,,,,0
5761,2006,,,,0
5761,2007,,,,0
5761,2008,,,,0
5761,2009,,,,0
5761,2010,,,,0
5761,2011,,,,0
5761,2012,,,,0
5761,2013,,,,0
5761,2014,,,,0
5761,2015,,,,0
5761,2016,,,,0
5761,2017,,,,0
5761,2018,,,,0
5761,2019,,,,0
5761,2020,,,,0
5761,2021,,,,0
5761,2022,,,,0
5761,2023,,,,0
5761,2024,,,,0
5789,2001,,,,0
5789,2002,,,,0
5789,2003,,,,0
5789,2004,,,,0
5789,2005,,,,0
5789,2006,,,,0
5789,2007,,,,0
5789,2008,,,,0
5789,2009,,,,0
5789,2010,,,,0
5789,2011,,,,0
5789,2012,,,,0
5789,2013,,,,0
5789,2014,,,,0
5789,2015,,,,0
5789,2016,,,,0
5789,2017,,,,0
5789,2018,,,,0
5789,2019,,,,0
5789,2020,,,,0
5789,2021,,,,0
5789,2022,,,,0
5789,2023,,,,0
5789,2024,,,,0
5790,2001,,,,0
5790,2002,,,,0
5790,2003,,,,0
5790,2004,,,,0
5790,2005,,,,0
5790,2006,,,,0
5790,2007,,,,0
5790,2008,,,,0
5790,2009,,,,0
5790,2010,,,,0
5790,2011,,,,0
5790,2012,,,,0
5790,2013,,,,0
5790,2014,,,,0
5790,2015,,,,0
5790,2016,,,,0
5790,2017,,,,0
5790,2018,,,,0
5790,2019,,,,0
5790,2020,,,,0
5790,2021,,,,0
5790,2022,,,,0
5790,2023,,,,0
5790,2024,,,,0
5792,2001,,,,0
5792,2002,,,,0
5792,2003,,,,0
5792,2004,,,,0
5792,2005,,,,0
5792,2006,,,,0
5792,2007,,,,0
5792,2008,,,,0
5792,2009,,,,0
5792,2010,,,,0
5792,2011,,,,0
5792,2012,,,,0
5792,2013,,,,0
5792,2014,,,,0
5792,2015,,,,0
5792,2016,,,,0
5792,2017,,,,0
5792,2018,,,,0
5792,2019,,,,0
5792,2020,,,,0
5792,2021,,,,0
5792,2022,,,,0
5792,2023,,,,0
5792,2024,,,,0
5809,2001,,,,0
5809,2002,,,,0
5809,2003,,,,0
5809,2004,,,,0
5809,2005,,,,0
5809,2006,,,,0
5809,2007,,,,0
5809,2008,,,,0
5809,2009,,,,0
5809,2010,,,,0
5809,2011,,,,0
5809,2012,,,,0
5809,2013,,,,0
5809,2014,,,,0
5809,2015,,,,0
5809,2016,,,,0
5809,2017,,,,0
5809,2018,,,,0
5809,2019,,,,0
5809,2020,,,,0
5809,2021,,,,0
5809,2022,,,,0
5809,2023,,,,0
5809,2024,,,,0
5819,2001,,,,0
5819,2002,,,,0
5819,2003,,,,0
5819,2004,,,,0
5819,2005,,,,0
5819,2006,,,,0
5819,2007,,,,0
5819,2008,,,,0
5819,2009,,,,0
5819,2010,,,,0
5819,2011,,,,0
5819,2012,,,,0
5819,2013,,,,0
5819,2014,,,,0
5819,2015,,,,0
5819,2016,,,,0
5819,2017,,,,0
5819,2018,,,,0
5819,2019,,,,0
5819,2020,,,,0
5819,2021,,,,0
5819,2022,,,,0
5819,2023,,,,0
5819,2024,,,,0
5837,2001,,,,0
5837,2002,,,,0
5837,2003,,,,0
5837,2004,,,,0
5837,2005,,,,0
5837,2006,,,,0
5837,2007,,,,0
5837,2008,,,,0
5837,2009,,,,0
5837,2010,,,,0
5837,2011,,,,0
5837,2012,,,,0
5837,2013,,,,0
5837,2014,,,,0
5837,2015,,,,0
5837,2016,,,,0
5837,2017,,,,0
5837,2018,,,,0
5837,2019,,,,0
5837,2020,,,,0
5837,2021,,,,0
5837,2022,,,,0
5837,2023,,,,0
5837,2024,,,,0
5842,2001,,,,0
5842,2002,,,,0
5842,2003,,,,0
5842,2004,,,,0
5842,2005,,,,0
5842,2006,,,,0
5842,2007,,,,0
5842,2008,,,,0
5842,2009,,,,0
5842,2010,,,,0
5842,2011,,,,0
5842,2012,,,,0
5842,2013,,,,0
5842,2014,,,,0
5842,2015,,,,0
5842,2016,,,,0
5842,2017,,,,0
5842,2018,,,,0
5842,2019,,,,0
5842,2020,,,,0
5842,2021,,,,0
5842,2022,,,,0
5842,2023,,,,0
5842,2024,,,,0
5847,2001,,,,0
5847,2002,,,,0
5847,2003,,,,0
5847,2004,,,,0
5847,2005,,,,0
5847,2006,,,,0
5847,2007,,,,0
5847,2008,,,,0
5847,2009,,,,0
5847,2010,,,,0
5847,2011,,,,0
5847,2012,,,,0
5847,2013,,,,0
5847,2014,,,,0
5847,2015,,,,0
5847,2016,,,,0
5847,2017,,,,0
5847,2018,,,,0
5847,2019,,,,0
5847,2020,,,,0
5847,2021,,,,0
5847,2022,,,,0
5847,2023,,,,0
5847,2024,,,,0
5854,2001,,,,0
5854,2002,,,,0
5854,2003,,,,0
5854,2004,,,,0
5854,2005,,,,0
5854,2006,,,,0
5854,2007,,,,0
5854,2008,,,,0
5854,2009,,,,0
5854,2010,,,,0
5854,2011,,,,0
5854,2012,,,,0
5854,2013,,,,0
5854,2014,,,,0
5854,2015,,,,0
5854,2016,,,,0
5854,2017,,,,0
5854,2018,,,,0
5854,2019,,,,0
5854,2020,,,,0
5854,2021,,,,0
5854,2022,,,,0
5854,2023,,,,0
5854,2024,,,,0
5856,2001,,,,0
5856,2002,,,,0
5856,2003,,,,0
5856,2004,,,,0
5856,2005,,,,0
5856,2006,,,,0
5856,2007,,,,0
5856,2008,,,,0
5856,2009,,,,0
5856,2010,,,,0
5856,2011,,,,0
5856,2012,,,,0
5856,2013,,,,0
5856,2014,,,,0
5856,2015,,,,0
5856,2016,,,,0
5856,2017,,,,0
5856,2018,,,,0
5856,2019,,,,0
5856,2020,,,,0
5856,2021,,,,0
5856,2022,,,,0
5856,2023,,,,0
5856,2024,,,,0
5858,2001,,,,0
5858,2002,,,,0
5858,2003,,,,0
5858,2004,,,,0
5858,2005,,,,0
5858,2006,,,,0
5858,2007,,,,0
5858,2008,,,,0
5858,2009,,,,0
5858,2010,,,,0
5858,2011,,,,0
5858,2012,,,,0
5858,2013,,,,0
5858,2014,,,,0
5858,2015,,,,0
5858,2016,,,,0
5858,2017,,,,0
5858,2018,,,,0
5858,2019,,,,0
5858,2020,,,,0
5858,2021,,,,0
5858,2022,,,,0
5858,2023,,,,0
5858,2024,,,,0
5861,2001,,,,0
5861,2002,,,,0
5861,2003,,,,0
5861,2004,,,,0
5861,2005,,,,0
5861,2006,,,,0
5861,2007,,,,0
5861,2008,,,,0
5861,2009,,,,0
5861,2010,,,,0
5861,2011,,,,0
5861,2012,,,,0
5861,2013,,,,0
5861,2014,,,,0
5861,2015,,,,0
5861,2016,,,,0
5861,2017,,,,0
5861,2018,,,,0
5861,2019,,,,0
5861,2020,,,,0
5861,2021,,,,0
5861,2022,,,,0
5861,2023,,,,0
5861,2024,,,,0
5873,2001,,,,0
5873,2002,,,,0
5873,2003,,,,0
5873,2004,,,,0
5873,2005,,,,0
5873,2006,,,,0
5873,2007,,,,0
5873,2008,,,,0
5873,2009,,,,0
5873,2010,,,,0
5873,2011,,,,0
5873,2012,,,,0
5873,2013,,,,0
5873,2014,,,,0
5873,2015,,,,0
5873,2016,,,,0
5873,2017,,,,0
5873,2018,,,,0
5873,2019,,,,0
5873,2020,,,,0
5873,2021,,,,0
5873,2022,,,,0
5873,2023,,,,0
5873,2024,,,,0
5885,2001,,,,0
5885,2002,,,,0
5885,2003,,,,0
5885,2004,,,,0
5885,2005,,,,0
5885,2006,,,,0
5885,2007,,,,0
5885,2008,,,,0
5885,2009,,,,0
5885,2010,,,,0
5885,2011,,,,0
5885,2012,,,,0
5885,2013,,,,0
5885,2014,,,,0
5885,2015,,,,0
5885,2016,,,,0
5885,2017,,,,0
5885,2018,,,,0
5885,2019,,,,0
5885,2020,,,,0
5885,2021,,,,0
5885,2022,,,,0
5885,2023,,,,0
5885,2024,,,,0
5887,2001,,,,0
5887,2002,,,,0
5887,2003,,,,0
5887,2004,,,,0
5887,2005,,,,0
5887,2006,,,,0
5887,2007,,,,0
5887,2008,,,,0
5887,2009,,,,0
5887,2010,,,,0
5887,2011,,,,0
5887,2012,,,,0
5887,2013,,,,0
5887,2014,,,,0
5887,2015,,,,0
5887,2016,,,,0
5887,2017,,,,0
5887,2018,,,,0
5887,2019,,,,0
5887,2020,,,,0
5887,2021,,,,0
5887,2022,,,,0
5887,2023,,,,0
5887,2024,,,,0
5890,2001,,,,0
5890,2002,,,,0
5890,2003,,,,0
5890,2004,,,,0
5890,2005,,,,0
5890,2006,,,,0
5890,2007,,,,0
5890,2008,,,,0
5890,2009,,,,0
5890,2010,,,,0
5890,2011,,,,0
5890,2012,,,,0
5890,2013,,,,0
5890,2014,,,,0
5890,2015,,,,0
5890,2016,,,,0
5890,2017,,,,0
5890,2018,,,,0
5890,2019,,,,0
5890,2020,,,,0
5890,2021,,,,0
5890,2022,,,,0
5890,2023,,,,0
5890,2024,,,,0
5893,2001,,,,0
5893,2002,,,,0
5893,2003,,,,0
5893,2004,,,,0
5893,2005,,,,0
5893,2006,,,,0
5893,2007,,,,0
5893,2008,,,,0
5893,2009,,,,0
5893,2010,,,,0
5893,2011,,,,0
5893,2012,,,,0
5893,2013,,,,0
5893,2014,,,,0
5893,2015,,,,0
5893,2016,,,,0
5893,2017,,,,0
5893,2018,,,,0
5893,2019,,,,0
5893,2020,,,,0
5893,2021,,,,0
5893,2022,,,,0
5893,2023,,,,0
5893,2024,,,,0
5895,2001,,,,0
5895,2002,,,,0
5895,2003,,,,0
5895,2004,,,,0
5895,2005,,,,0
5895,2006,,,,0
5895,2007,,,,0
5895,2008,,,,0
5895,2009,,,,0
5895,2010,,,,0
5895,2011,,,,0
5895,2012,,,,0
5895,2013,,,,0
5895,2014,,,,0
5895,2015,,,,0
5895,2016,,,,0
5895,2017,,,,0
5895,2018,,,,0
5895,2019,,,,0
5895,2020,,,,0
5895,2021,,,,0
5895,2022,,,,0
5895,2023,,,,0
5895,2024,,,,0
63001,2001,,,,0
63001,2002,,,,0
63001,2003,,,,0
63001,2004,,,,0
63001,2005,,,,0
63001,2006,,,,0
63001,2007,,,,0
63001,2008,,,,0
63001,2009,,,,0
63001,2010,,,,0
63001,2011,,,,0
63001,2012,,,,0
63001,2013,,,,0
63001,2014,,,,0
63001,2015,,,,0
63001,2016,,,,0
63001,2017,,,,0
63001,2018,,,,0
63001,2019,,,,0
63001,2020,,,,0
63001,2021,,,,0
63001,2022,,,,0
63001,2023,,,,0
63001,2024,,,,0
63111,2001,,,,0
63111,2002,,,,0
63111,2003,,,,0
63111,2004,,,,0
63111,2005,,,,0
63111,2006,,,,0
63111,2007,,,,0
63111,2008,,,,0
63111,2009,,,,0
63111,2010,,,,0
63111,2011,,,,0
63111,2012,,,,0
63111,2013,,,,0
63111,2014,,,,0
63111,2015,,,,0
63111,2016,,,,0
63111,2017,,,,0
63111,2018,,,,0
63111,2019,,,,0
63111,2020,,,,0
63111,2021,,,,0
63111,2022,,,,0
63111,2023,,,,0
63111,2024,,,,0
63130,2001,,,,0
63130,2002,,,,0
63130,2003,,,,0
63130,2004,,,,0
63130,2005,,,,0
63130,2006,,,,0
63130,2007,,,,0
63130,2008,,,,0
63130,2009,,,,0
63130,2010,,,,0
63130,2011,,,,0
63130,2012,,,,0
63130,2013,,,,0
63130,2014,,,,0
63130,2015,,,,0
63130,2016,,,,0
63130,2017,,,,0
63130,2018,,,,0
63130,2019,,,,0
63130,2020,,,,0
63130,2021,,,,0
63130,2022,,,,0
63130,2023,,,,0
63130,2024,,,,0
63190,2001,,,,0
63190,2002,,,,0
63190,2003,,,,0
63190,2004,,,,0
63190,2005,,,,0
63190,2006,,,,0
63190,2007,,,,0
63190,2008,,,,0
63190,2009,,,,0
63190,2010,,,,0
63190,2011,,,,0
63190,2012,,,,0
63190,2013,,,,0
63190,2014,,,,0
63190,2015,,,,0
63190,2016,,,,0
63190,2017,,,,0
63190,2018,,,,0
63190,2019,,,,0
63190,2020,,,,0
63190,2021,,,,0
63190,2022,,,,0
63190,2023,,,,0
63190,2024,,,,0
63212,2001,,,,0
63212,2002,,,,0
63212,2003,,,,0
63212,2004,,,,0
63212,2005,,,,0
63212,2006,,,,0
63212,2007,,,,0
63212,2008,,,,0
63212,2009,,,,0
63212,2010,,,,0
63212,2011,,,,0
63212,2012,,,,0
63212,2013,,,,0
63212,2014,,,,0
63212,2015,,,,0
63212,2016,,,,0
63212,2017,,,,0
63212,2018,,,,0
63212,2019,,,,0
63212,2020,,,,0
63212,2021,,,,0
63212,2022,,,,0
63212,2023,,,,0
63212,2024,,,,0
63272,2001,,,,0
63272,2002,,,,0
63272,2003,,,,0
63272,2004,,,,0
63272,2005,,,,0
63272,2006,,,,0
63272,2007,,,,0
63272,2008,,,,0
63272,2009,,,,0
63272,2010,,,,0
63272,2011,,,,0
63272,2012,,,,0
63272,2013,,,,0
63272,2014,,,,0
63272,2015,,,,0
63272,2016,,,,0
63272,2017,,,,0
63272,2018,,,,0
63272,2019,,,,0
63272,2020,,,,0
63272,2021,,,,0
63272,2022,,,,0
63272,2023,,,,0
63272,2024,,,,0
63302,2001,,,,0
63302,2002,,,,0
63302,2003,,,,0
63302,2004,,,,0
63302,2005,,,,0
63302,2006,,,,0
63302,2007,,,,0
63302,2008,,,,0
63302,2009,,,,0
63302,2010,,,,0
63302,2011,,,,0
63302,2012,,,,0
63302,2013,,,,0
63302,2014,,,,0
63302,2015,,,,0
63302,2016,,,,0
63302,2017,,,,0
63302,2018,,,,0
63302,2019,,,,0
63302,2020,,,,0
63302,2021,,,,0
63302,2022,,,,0
63302,2023,,,,0
63302,2024,,,,0
63401,2001,,,,0
63401,2002,,,,0
63401,2003,,,,0
63401,2004,,,,0
63401,2005,,,,0
63401,2006,,,,0
63401,2007,,,,0
63401,2008,,,,0
63401,2009,,,,0
63401,2010,,,,0
63401,2011,,,,0
63401,2012,,,,0
63401,2013,,,,0
63401,2014,,,,0
63401,2015,,,,0
63401,2016,,,,0
63401,2017,,,,0
63401,2018,,,,0
63401,2019,,,,0
63401,2020,,,,0
63401,2021,,,,0
63401,2022,,,,0
63401,2023,,,,0
63401,2024,,,,0
63470,2001,,,,0
63470,2002,,,,0
63470,2003,,,,0
63470,2004,,,,0
63470,2005,,,,0
63470,2006,,,,0
63470,2007,,,,0
63470,2008,,,,0
63470,2009,,,,0
63470,2010,,,,0
63470,2011,,,,0
63470,2012,,,,0
63470,2013,,,,0
63470,2014,,,,0
63470,2015,,,,0
63470,2016,,,,0
63470,2017,,,,0
63470,2018,,,,0
63470,2019,,,,0
63470,2020,,,,0
63470,2021,,,,0
63470,2022,,,,0
63470,2023,,,,0
63470,2024,,,,0
63548,2001,,,,0
63548,2002,,,,0
63548,2003,,,,0
63548,2004,,,,0
63548,2005,,,,0
63548,2006,,,,0
63548,2007,,,,0
63548,2008,,,,0
63548,2009,,,,0
63548,2010,,,,0
63548,2011,,,,0
63548,2012,,,,0
63548,2013,,,,0
63548,2014,,,,0
63548,2015,,,,0
63548,2016,,,,0
63548,2017,,,,0
63548,2018,,,,0
63548,2019,,,,0
63548,2020,,,,0
63548,2021,,,,0
63548,2022,,,,0
63548,2023,,,,0
63548,2024,,,,0
63594,2001,,,,0
63594,2002,,,,0
63594,2003,,,,0
63594,2004,,,,0
63594,2005,,,,0
63594,2006,,,,0
63594,2007,,,,0
63594,2008,,,,0
63594,2009,,,,0
63594,2010,,,,0
63594,2011,,,,0
63594,2012,,,,0
63594,2013,,,,0
63594,2014,,,,0
63594,2015,,,,0
63594,2016,,,,0
63594,2017,,,,0
63594,2018,,,,0
63594,2019,,,,0
63594,2020,,,,0
63594,2021,,,,0
63594,2022,,,,0
63594,2023,,,,0
63594,2024,,,,0
63690,2001,,,,0
63690,2002,,,,0
63690,2003,,,,0
63690,2004,,,,0
63690,2005,,,,0
63690,2006,,,,0
63690,2007,,,,0
63690,2008,,,,0
63690,2009,,,,0
63690,2010,,,,0
63690,2011,,,,0
63690,2012,,,,0
63690,2013,,,,0
63690,2014,,,,0
63690,2015,,,,0
63690,2016,,,,0
63690,2017,,,,0
63690,2018,,,,0
63690,2019,,,,0
63690,2020,,,,0
63690,2021,,,,0
63690,2022,,,,0
63690,2023,,,,0
63690,2024,,,,0
66001,2001,,,,0
66001,2002,,,,0
66001,2003,,,,0
66001,2004,,,,0
66001,2005,,,,0
66001,2006,,,,0
66001,2007,,,,0
66001,2008,,,,0
66001,2009,,,,0
66001,2010,,,,0
66001,2011,,,,0
66001,2012,,,,0
66001,2013,,,,0
66001,2014,,,,0
66001,2015,,,,0
66001,2016,,,,0
66001,2017,,,,0
66001,2018,,,,0
66001,2019,,,,0
66001,2020,,,,0
66001,2021,,,,0
66001,2022,,,,0
66001,2023,,,,0
66001,2024,,,,0
66045,2001,,,,0
66045,2002,,,,0
66045,2003,,,,0
66045,2004,,,,0
66045,2005,,,,0
66045,2006,,,,0
66045,2007,,,,0
66045,2008,,,,0
66045,2009,,,,0
66045,2010,,,,0
66045,2011,,,,0
66045,2012,,,,0
66045,2013,,,,0
66045,2014,,,,0
66045,2015,,,,0
66045,2016,,,,0
66045,2017,,,,0
66045,2018,,,,0
66045,2019,,,,0
66045,2020,,,,0
66045,2021,,,,0
66045,2022,,,,0
66045,2023,,,,0
66045,2024,,,,0
66075,2001,,,,0
66075,2002,,,,0
66075,2003,,,,0
66075,2004,,,,0
66075,2005,,,,0
66075,2006,,,,0
66075,2007,,,,0
66075,2008,,,,0
66075,2009,,,,0
66075,2010,,,,0
66075,2011,,,,0
66075,2012,,,,0
66075,2013,,,,0
66075,2014,,,,0
66075,2015,,,,0
66075,2016,,,,0
66075,2017,,,,0
66075,2018,,,,0
66075,2019,,,,0
66075,2020,,,,0
66075,2021,,,,0
66075,2022,,,,0
66075,2023,,,,0
66075,2024,,,,0
66088,2001,,,,0
66088,2002,,,,0
66088,2003,,,,0
66088,2004,,,,0
66088,2005,,,,0
66088,2006,,,,0
66088,2007,,,,0
66088,2008,,,,0
66088,2009,,,,0
66088,2010,,,,0
66088,2011,,,,0
66088,2012,,,,0
66088,2013,,,,0
66088,2014,,,,0
66088,2015,,,,0
66088,2016,,,,0
66088,2017,,,,0
66088,2018,,,,0
66088,2019,,,,0
66088,2020,,,,0
66088,2021,,,,0
66088,2022,,,,0
66088,2023,,,,0
66088,2024,,,,0
66170,2001,,,,0
66170,2002,,,,0
66170,2003,,,,0
66170,2004,,,,0
66170,2005,,,,0
66170,2006,,,,0
66170,2007,,,,0
66170,2008,,,,0
66170,2009,,,,0
66170,2010,,,,0
66170,2011,,,,0
66170,2012,,,,0
66170,2013,,,,0
66170,2014,,,,0
66170,2015,,,,0
66170,2016,,,,0
66170,2017,,,,0
66170,2018,,,,0
66170,2019,,,,0
66170,2020,,,,0
66170,2021,,,,0
66170,2022,,,,0
66170,2023,,,,0
66170,2024,,,,0
66318,2001,,,,0
66318,2002,,,,0
66318,2003,,,,0
66318,2004,,,,0
66318,2005,,,,0
66318,2006,,,,0
66318,2007,,,,0
66318,2008,,,,0
66318,2009,,,,0
66318,2010,,,,0
66318,2011,,,,0
66318,2012,,,,0
66318,2013,,,,0
66318,2014,,,,0
66318,2015,,,,0
66318,2016,,,,0
66318,2017,,,,0
66318,2018,,,,0
66318,2019,,,,0
66318,2020,,,,0
66318,2021,,,,0
66318,2022,,,,0
66318,2023,,,,0
66318,2024,,,,0
66383,2001,,,,0
66383,2002,,,,0
66383,2003,,,,0
66383,2004,,,,0
66383,2005,,,,0
66383,2006,,,,0
66383,2007,,,,0
66383,2008,,,,0
66383,2009,,,,0
66383,2010,,,,0
66383,2011,,,,0
66383,2012,,,,0
66383,2013,,,,0
66383,2014,,,,0
66383,2015,,,,0
66383,2016,,,,0
66383,2017,,,,0
66383,2018,,,,0
66383,2019,,,,0
66383,2020,,,,0
66383,2021,,,,0
66383,2022,,,,0
66383,2023,,,,0
66383,2024,,,,0
66400,2001,,,,0
66400,2002,,,,0
66400,2003,,,,0
66400,2004,,,,0
66400,2005,,,,0
66400,2006,,,,0
66400,2007,,,,0
66400,2008,,,,0
66400,2009,,,,0
66400,2010,,,,0
66400,2011,,,,0
66400,2012,,,,0
66400,2013,,,,0
66400,2014,,,,0
66400,2015,,,,0
66400,2016,,,,0
66400,2017,,,,0
66400,2018,,,,0
66400,2019,,,,0
66400,2020,,,,0
66400,2021,,,,0
66400,2022,,,,0
66400,2023,,,,0
66400,2024,,,,0
66440,2001,,,,0
66440,2002,,,,0
66440,2003,,,,0
66440,2004,,,,0
66440,2005,,,,0
66440,2006,,,,0
66440,2007,,,,0
66440,2008,,,,0
66440,2009,,,,0
66440,2010,,,,0
66440,2011,,,,0
66440,2012,,,,0
66440,2013,,,,0
66440,2014,,,,0
66440,2015,,,,0
66440,2016,,,,0
66440,2017,,,,0
66440,2018,,,,0
66440,2019,,,,0
66440,2020,,,,0
66440,2021,,,,0
66440,2022,,,,0
66440,2023,,,,0
66440,2024,,,,0
66456,2001,,,,0
66456,2002,,,,0
66456,2003,,,,0
66456,2004,,,,0
66456,2005,,,,0
66456,2006,,,,0
66456,2007,,,,0
66456,2008,,,,0
66456,2009,,,,0
66456,2010,,,,0
66456,2011,,,,0
66456,2012,,,,0
66456,2013,,,,0
66456,2014,,,,0
66456,2015,,,,0
66456,2016,,,,0
66456,2017,,,,0
66456,2018,,,,0
66456,2019,,,,0
66456,2020,,,,0
66456,2021,,,,0
66456,2022,,,,0
66456,2023,,,,0
66456,2024,,,,0
66572,2001,,,,0
66572,2002,,,,0
66572,2003,,,,0
66572,2004,,,,0
66572,2005,,,,0
66572,2006,,,,0
66572,2007,,,,0
66572,2008,,,,0
66572,2009,,,,0
66572,2010,,,,0
66572,2011,,,,0
66572,2012,,,,0
66572,2013,,,,0
66572,2014,,,,0
66572,2015,,,,0
66572,2016,,,,0
66572,2017,,,,0
66572,2018,,,,0
66572,2019,,,,0
66572,2020,,,,0
66572,2021,,,,0
66572,2022,,,,0
66572,2023,,,,0
66572,2024,,,,0
66594,2001,,,,0
66594,2002,,,,0
66594,2003,,,,0
66594,2004,,,,0
66594,2005,,,,0
66594,2006,,,,0
66594,2007,,,,0
66594,2008,,,,0
66594,2009,,,,0
66594,2010,,,,0
66594,2011,,,,0
66594,2012,,,,0
66594,2013,,,,0
66594,2014,,,,0
66594,2015,,,,0
66594,2016,,,,0
66594,2017,,,,0
66594,2018,,,,0
66594,2019,,,,0
66594,2020,,,,0
66594,2021,,,,0
66594,2022,,,,0
66594,2023,,,,0
66594,2024,,,,0
66682,2001,,,,0
66682,2002,,,,0
66682,2003,,,,0
66682,2004,,,,0
66682,2005,,,,0
66682,2006,,,,0
66682,2007,,,,0
66682,2008,,,,0
66682,2009,,,,0
66682,2010,,,,0
66682,2011,,,,0
66682,2012,,,,0
66682,2013,,,,0
66682,2014,,,,0
66682,2015,,,,0
66682,2016,,,,0
66682,2017,,,,0
66682,2018,,,,0
66682,2019,,,,0
66682,2020,,,,0
66682,2021,,,,0
66682,2022,,,,0
66682,2023,,,,0
66682,2024,,,,0
66687,2001,,,,0
66687,2002,,,,0
66687,2003,,,,0
66687,2004,,,,0
66687,2005,,,,0
66687,2006,,,,0
66687,2007,,,,0
66687,2008,,,,0
66687,2009,,,,0
66687,2010,,,,0
66687,2011,,,,0
66687,2012,,,,0
66687,2013,,,,0
66687,2014,,,,0
66687,2015,,,,0
66687,2016,,,,0
66687,2017,,,,0
66687,2018,,,,0
66687,2019,,,,0
66687,2020,,,,0
66687,2021,,,,0
66687,2022,,,,0
66687,2023,,,,0
66687,2024,,,,0
68001,2001,,,,0
68001,2002,,,,0
68001,2003,,,,0
68001,2004,,,,0
68001,2005,,,,0
68001,2006,,,,0
68001,2007,,,,0
68001,2008,,,,0
68001,2009,,,,0
68001,2010,,,,0
68001,2011,,,,0
68001,2012,,,,0
68001,2013,,,,0
68001,2014,,,,0
68001,2015,,,,0
68001,2016,,,,0
68001,2017,,,,0
68001,2018,,,,0
68001,2019,,,,0
68001,2020,,,,0
68001,2021,,,,0
68001,2022,,,,0
68001,2023,,,,0
68001,2024,,,,0
68013,2001,,,,0
68013,2002,,,,0
68013,2003,,,,0
68013,2004,,,,0
68013,2005,,,,0
68013,2006,,,,0
68013,2007,,,,0
68013,2008,,,,0
68013,2009,,,,0
68013,2010,,,,0
68013,2011,,,,0
68013,2012,,,,0
68013,2013,,,,0
68013,2014,,,,0
68013,2015,,,,0
68013,2016,,,,0
68013,2017,,,,0
68013,2018,,,,0
68013,2019,,,,0
68013,2020,,,,0
68013,2021,,,,0
68013,2022,,,,0
68013,2023,,,,0
68013,2024,,,,0
68020,2001,,,,0
68020,2002,,,,0
68020,2003,,,,0
68020,2004,,,,0
68020,2005,,,,0
68020,2006,,,,0
68020,2007,,,,0
68020,2008,,,,0
68020,2009,,,,0
68020,2010,,,,0
68020,2011,,,,0
68020,2012,,,,0
68020,2013,,,,0
68020,2014,,,,0
68020,2015,,,,0
68020,2016,,,,0
68020,2017,,,,0
68020,2018,,,,0
68020,2019,,,,0
68020,2020,,,,0
68020,2021,,,,0
68020,2022,,,,0
68020,2023,,,,0
68020,2024,,,,0
68051,2001,,,,0
68051,2002,,,,0
68051,2003,,,,0
68051,2004,,,,0
68051,2005,,,,0
68051,2006,,,,0
68051,2007,,,,0
68051,2008,,,,0
68051,2009,,,,0
68051,2010,,,,0
68051,2011,,,,0
68051,2012,,,,0
68051,2013,,,,0
68051,2014,,,,0
68051,2015,,,,0
68051,2016,,,,0
68051,2017,,,,0
68051,2018,,,,0
68051,2019,,,,0
68051,2020,,,,0
68051,2021,,,,0
68051,2022,,,,0
68051,2023,,,,0
68051,2024,,,,0
68077,2001,,,,0
68077,2002,,,,0
68077,2003,,,,0
68077,2004,,,,0
68077,2005,,,,0
68077,2006,,,,0
68077,2007,,,,0
68077,2008,,,,0
68077,2009,,,,0
68077,2010,,,,0
68077,2011,,,,0
68077,2012,,,,0
68077,2013,,,,0
68077,2014,,,,0
68077,2015,,,,0
68077,2016,,,,0
68077,2017,,,,0
68077,2018,,,,0
68077,2019,,,,0
68077,2020,,,,0
68077,2021,,,,0
68077,2022,,,,0
68077,2023,,,,0
68077,2024,,,,0
68079,2001,,,,0
68079,2002,,,,0
68079,2003,,,,0
68079,2004,,,,0
68079,2005,,,,0
68079,2006,,,,0
68079,2007,,,,0
68079,2008,,,,0
68079,2009,,,,0
68079,2010,,,,0
68079,2011,,,,0
68079,2012,,,,0
68079,2013,,,,0
68079,2014,,,,0
68079,2015,,,,0
68079,2016,,,,0
68079,2017,,,,0
68079,2018,,,,0
68079,2019,,,,0
68079,2020,,,,0
68079,2021,,,,0
68079,2022,,,,0
68079,2023,,,,0
68079,2024,,,,0
68081,2001,,,,0
68081,2002,,,,0
68081,2003,,,,0
68081,2004,,,,0
68081,2005,,,,0
68081,2006,,,,0
68081,2007,,,,0
68081,2008,,,,0
68081,2009,,,,0
68081,2010,,,,0
68081,2011,,,,0
68081,2012,,,,0
68081,2013,,,,0
68081,2014,,,,0
68081,2015,,,,0
68081,2016,,,,0
68081,2017,,,,0
68081,2018,,,,0
68081,2019,,,,0
68081,2020,,,,0
68081,2021,,,,0
68081,2022,,,,0
68081,2023,,,,0
68081,2024,,,,0
68092,2001,,,,0
68092,2002,,,,0
68092,2003,,,,0
68092,2004,,,,0
68092,2005,,,,0
68092,2006,,,,0
68092,2007,,,,0
68092,2008,,,,0
68092,2009,,,,0
68092,2010,,,,0
68092,2011,,,,0
68092,2012,,,,0
68092,2013,,,,0
68092,2014,,,,0
68092,2015,,,,0
68092,2016,,,,0
68092,2017,,,,0
68092,2018,,,,0
68092,2019,,,,0
68092,2020,,,,0
68092,2021,,,,0
68092,2022,,,,0
68092,2023,,,,0
68092,2024,,,,0
68101,2001,,,,0
68101,2002,,,,0
68101,2003,,,,0
68101,2004,,,,0
68101,2005,,,,0
68101,2006,,,,0
68101,2007,,,,0
68101,2008,,,,0
68101,2009,,,,0
68101,2010,,,,0
68101,2011,,,,0
68101,2012,,,,0
68101,2013,,,,0
68101,2014,,,,0
68101,2015,,,,0
68101,2016,,,,0
68101,2017,,,,0
68101,2018,,,,0
68101,2019,,,,0
68101,2020,,,,0
68101,2021,,,,0
68101,2022,,,,0
68101,2023,,,,0
68101,2024,,,,0
68121,2001,,,,0
68121,2002,,,,0
68121,2003,,,,0
68121,2004,,,,0
68121,2005,,,,0
68121,2006,,,,0
68121,2007,,,,0
68121,2008,,,,0
68121,2009,,,,0
68121,2010,,,,0
68121,2011,,,,0
68121,2012,,,,0
68121,2013,,,,0
68121,2014,,,,0
68121,2015,,,,0
68121,2016,,,,0
68121,2017,,,,0
68121,2018,,,,0
68121,2019,,,,0
68121,2020,,,,0
68121,2021,,,,0
68121,2022,,,,0
68121,2023,,,,0
68121,2024,,,,0
68132,2001,,,,0
68132,2002,,,,0
68132,2003,,,,0
68132,2004,,,,0
68132,2005,,,,0
68132,2006,,,,0
68132,2007,,,,0
68132,2008,,,,0
68132,2009,,,,0
68132,2010,,,,0
68132,2011,,,,0
68132,2012,,,,0
68132,2013,,,,0
68132,2014,,,,0
68132,2015,,,,0
68132,2016,,,,0
68132,2017,,,,0
68132,2018,,,,0
68132,2019,,,,0
68132,2020,,,,0
68132,2021,,,,0
68132,2022,,,,0
68132,2023,,,,0
68132,2024,,,,0
68147,2001,,,,0
68147,2002,,,,0
68147,2003,,,,0
68147,2004,,,,0
68147,2005,,,,0
68147,2006,,,,0
68147,2007,,,,0
68147,2008,,,,0
68147,2009,,,,0
68147,2010,,,,0
68147,2011,,,,0
68147,2012,,,,0
68147,2013,,,,0
68147,2014,,,,0
68147,2015,,,,0
68147,2016,,,,0
68147,2017,,,,0
68147,2018,,,,0
68147,2019,,,,0
68147,2020,,,,0
68147,2021,,,,0
68147,2022,,,,0
68147,2023,,,,0
68147,2024,,,,0
68152,2001,,,,0
68152,2002,,,,0
68152,2003,,,,0
68152,2004,,,,0
68152,2005,,,,0
68152,2006,,,,0
68152,2007,,,,0
68152,2008,,,,0
68152,2009,,,,0
68152,2010,,,,0
68152,2011,,,,0
68152,2012,,,,0
68152,2013,,,,0
68152,2014,,,,0
68152,2015,,,,0
68152,2016,,,,0
68152,2017,,,,0
68152,2018,,,,0
68152,2019,,,,0
68152,2020,,,,0
68152,2021,,,,0
68152,2022,,,,0
68152,2023,,,,0
68152,2024,,,,0
68160,2001,,,,0
68160,2002,,,,0
68160,2003,,,,0
68160,2004,,,,0
68160,2005,,,,0
68160,2006,,,,0
68160,2007,,,,0
68160,2008,,,,0
68160,2009,,,,0
68160,2010,,,,0
68160,2011,,,,0
68160,2012,,,,0
68160,2013,,,,0
68160,2014,,,,0
68160,2015,,,,0
68160,2016,,,,0
68160,2017,,,,0
68160,2018,,,,0
68160,2019,,,,0
68160,2020,,,,0
68160,2021,,,,0
68160,2022,,,,0
68160,2023,,,,0
68160,2024,,,,0
68162,2001,,,,0
68162,2002,,,,0
68162,2003,,,,0
68162,2004,,,,0
68162,2005,,,,0
68162,2006,,,,0
68162,2007,,,,0
68162,2008,,,,0
68162,2009,,,,0
68162,2010,,,,0
68162,2011,,,,0
68162,2012,,,,0
68162,2013,,,,0
68162,2014,,,,0
68162,2015,,,,0
68162,2016,,,,0
68162,2017,,,,0
68162,2018,,,,0
68162,2019,,,,0
68162,2020,,,,0
68162,2021,,,,0
68162,2022,,,,0
68162,2023,,,,0
68162,2024,,,,0
68167,2001,,,,0
68167,2002,,,,0
68167,2003,,,,0
68167,2004,,,,0
68167,2005,,,,0
68167,2006,,,,0
68167,2007,,,,0
68167,2008,,,,0
68167,2009,,,,0
68167,2010,,,,0
68167,2011,,,,0
68167,2012,,,,0
68167,2013,,,,0
68167,2014,,,,0
68167,2015,,,,0
68167,2016,,,,0
68167,2017,,,,0
68167,2018,,,,0
68167,2019,,,,0
68167,2020,,,,0
68167,2021,,,,0
68167,2022,,,,0
68167,2023,,,,0
68167,2024,,,,0
68169,2001,,,,0
68169,2002,,,,0
68169,2003,,,,0
68169,2004,,,,0
68169,2005,,,,0
68169,2006,,,,0
68169,2007,,,,0
68169,2008,,,,0
68169,2009,,,,0
68169,2010,,,,0
68169,2011,,,,0
68169,2012,,,,0
68169,2013,,,,0
68169,2014,,,,0
68169,2015,,,,0
68169,2016,,,,0
68169,2017,,,,0
68169,2018,,,,0
68169,2019,,,,0
68169,2020,,,,0
68169,2021,,,,0
68169,2022,,,,0
68169,2023,,,,0
68169,2024,,,,0
68176,2001,,,,0
68176,2002,,,,0
68176,2003,,,,0
68176,2004,,,,0
68176,2005,,,,0
68176,2006,,,,0
68176,2007,,,,0
68176,2008,,,,0
68176,2009,,,,0
68176,2010,,,,0
68176,2011,,,,0
68176,2012,,,,0
68176,2013,,,,0
68176,2014,,,,0
68176,2015,,,,0
68176,2016,,,,0
68176,2017,,,,0
68176,2018,,,,0
68176,2019,,,,0
68176,2020,,,,0
68176,2021,,,,0
68176,2022,,,,0
68176,2023,,,,0
68176,2024,,,,0
68179,2001,,,,0
68179,2002,,,,0
68179,2003,,,,0
68179,2004,,,,0
68179,2005,,,,0
68179,2006,,,,0
68179,2007,,,,0
68179,2008,,,,0
68179,2009,,,,0
68179,2010,,,,0
68179,2011,,,,0
68179,2012,,,,0
68179,2013,,,,0
68179,2014,,,,0
68179,2015,,,,0
68179,2016,,,,0
68179,2017,,,,0
68179,2018,,,,0
68179,2019,,,,0
68179,2020,,,,0
68179,2021,,,,0
68179,2022,,,,0
68179,2023,,,,0
68179,2024,,,,0
68190,2001,,,,0
68190,2002,,,,0
68190,2003,,,,0
68190,2004,,,,0
68190,2005,,,,0
68190,2006,,,,0
68190,2007,,,,0
68190,2008,,,,0
68190,2009,,,,0
68190,2010,,,,0
68190,2011,,,,0
68190,2012,,,,0
68190,2013,,,,0
68190,2014,,,,0
68190,2015,,,,0
68190,2016,,,,0
68190,2017,,,,0
68190,2018,,,,0
68190,2019,,,,0
68190,2020,,,,0
68190,2021,,,,0
68190,2022,,,,0
68190,2023,,,,0
68190,2024,,,,0
68207,2001,,,,0
68207,2002,,,,0
68207,2003,,,,0
68207,2004,,,,0
68207,2005,,,,0
68207,2006,,,,0
68207,2007,,,,0
68207,2008,,,,0
68207,2009,,,,0
68207,2010,,,,0
68207,2011,,,,0
68207,2012,,,,0
68207,2013,,,,0
68207,2014,,,,0
68207,2015,,,,0
68207,2016,,,,0
68207,2017,,,,0
68207,2018,,,,0
68207,2019,,,,0
68207,2020,,,,0
68207,2021,,,,0
68207,2022,,,,0
68207,2023,,,,0
68207,2024,,,,0
68209,2001,,,,0
68209,2002,,,,0
68209,2003,,,,0
68209,2004,,,,0
68209,2005,,,,0
68209,2006,,,,0
68209,2007,,,,0
68209,2008,,,,0
68209,2009,,,,0
68209,2010,,,,0
68209,2011,,,,0
68209,2012,,,,0
68209,2013,,,,0
68209,2014,,,,0
68209,2015,,,,0
68209,2016,,,,0
68209,2017,,,,0
68209,2018,,,,0
68209,2019,,,,0
68209,2020,,,,0
68209,2021,,,,0
68209,2022,,,,0
68209,2023,,,,0
68209,2024,,,,0
68211,2001,,,,0
68211,2002,,,,0
68211,2003,,,,0
68211,2004,,,,0
68211,2005,,,,0
68211,2006,,,,0
68211,2007,,,,0
68211,2008,,,,0
68211,2009,,,,0
68211,2010,,,,0
68211,2011,,,,0
68211,2012,,,,0
68211,2013,,,,0
68211,2014,,,,0
68211,2015,,,,0
68211,2016,,,,0
68211,2017,,,,0
68211,2018,,,,0
68211,2019,,,,0
68211,2020,,,,0
68211,2021,,,,0
68211,2022,,,,0
68211,2023,,,,0
68211,2024,,,,0
68217,2001,,,,0
68217,2002,,,,0
68217,2003,,,,0
68217,2004,,,,0
68217,2005,,,,0
68217,2006,,,,0
68217,2007,,,,0
68217,2008,,,,0
68217,2009,,,,0
68217,2010,,,,0
68217,2011,,,,0
68217,2012,,,,0
68217,2013,,,,0
68217,2014,,,,0
68217,2015,,,,0
68217,2016,,,,0
68217,2017,,,,0
68217,2018,,,,0
68217,2019,,,,0
68217,2020,,,,0
68217,2021,,,,0
68217,2022,,,,0
68217,2023,,,,0
68217,2024,,,,0
68229,2001,,,,0
68229,2002,,,,0
68229,2003,,,,0
68229,2004,,,,0
68229,2005,,,,0
68229,2006,,,,0
68229,2007,,,,0
68229,2008,,,,0
68229,2009,,,,0
68229,2010,,,,0
68229,2011,,,,0
68229,2012,,,,0
68229,2013,,,,0
68229,2014,,,,0
68229,2015,,,,0
68229,2016,,,,0
68229,2017,,,,0
68229,2018,,,,0
68229,2019,,,,0
68229,2020,,,,0
68229,2021,,,,0
68229,2022,,,,0
68229,2023,,,,0
68229,2024,,,,0
68235,2001,,,,0
68235,2002,,,,0
68235,2003,,,,0
68235,2004,,,,0
68235,2005,,,,0
68235,2006,,,,0
68235,2007,,,,0
68235,2008,,,,0
68235,2009,,,,0
68235,2010,,,,0
68235,2011,,,,0
68235,2012,,,,0
68235,2013,,,,0
68235,2014,,,,0
68235,2015,,,,0
68235,2016,,,,0
68235,2017,,,,0
68235,2018,,,,0
68235,2019,,,,0
68235,2020,,,,0
68235,2021,,,,0
68235,2022,,,,0
68235,2023,,,,0
68235,2024,,,,0
68245,2001,,,,0
68245,2002,,,,0
68245,2003,,,,0
68245,2004,,,,0
68245,2005,,,,0
68245,2006,,,,0
68245,2007,,,,0
68245,2008,,,,0
68245,2009,,,,0
68245,2010,,,,0
68245,2011,,,,0
68245,2012,,,,0
68245,2013,,,,0
68245,2014,,,,0
68245,2015,,,,0
68245,2016,,,,0
68245,2017,,,,0
68245,2018,,,,0
68245,2019,,,,0
68245,2020,,,,0
68245,2021,,,,0
68245,2022,,,,0
68245,2023,,,,0
68245,2024,,,,0
68250,2001,,,,0
68250,2002,,,,0
68250,2003,,,,0
68250,2004,,,,0
68250,2005,,,,0
68250,2006,,,,0
68250,2007,,,,0
68250,2008,,,,0
68250,2009,,,,0
68250,2010,,,,0
68250,2011,,,,0
68250,2012,,,,0
68250,2013,,,,0
68250,2014,,,,0
68250,2015,,,,0
68250,2016,,,,0
68250,2017,,,,0
68250,2018,,,,0
68250,2019,,,,0
68250,2020,,,,0
68250,2021,,,,0
68250,2022,,,,0
68250,2023,,,,0
68250,2024,,,,0
68255,2001,,,,0
68255,2002,,,,0
68255,2003,,,,0
68255,2004,,,,0
68255,2005,,,,0
68255,2006,,,,0
68255,2007,,,,0
68255,2008,,,,0
68255,2009,,,,0
68255,2010,,,,0
68255,2011,,,,0
68255,2012,,,,0
68255,2013,,,,0
68255,2014,,,,0
68255,2015,,,,0
68255,2016,,,,0
68255,2017,,,,0
68255,2018,,,,0
68255,2019,,,,0
68255,2020,,,,0
68255,2021,,,,0
68255,2022,,,,0
68255,2023,,,,0
68255,2024,,,,0
68264,2001,,,,0
68264,2002,,,,0
68264,2003,,,,0
68264,2004,,,,0
68264,2005,,,,0
68264,2006,,,,0
68264,2007,,,,0
68264,2008,,,,0
68264,2009,,,,0
68264,2010,,,,0
68264,2011,,,,0
68264,2012,,,,0
68264,2013,,,,0
68264,2014,,,,0
68264,2015,,,,0
68264,2016,,,,0
68264,2017,,,,0
68264,2018,,,,0
68264,2019,,,,0
68264,2020,,,,0
68264,2021,,,,0
68264,2022,,,,0
68264,2023,,,,0
68264,2024,,,,0
68266,2001,,,,0
68266,2002,,,,0
68266,2003,,,,0
68266,2004,,,,0
68266,2005,,,,0
68266,2006,,,,0
68266,2007,,,,0
68266,2008,,,,0
68266,2009,,,,0
68266,2010,,,,0
68266,2011,,,,0
68266,2012,,,,0
68266,2013,,,,0
68266,2014,,,,0
68266,2015,,,,0
68266,2016,,,,0
68266,2017,,,,0
68266,2018,,,,0
68266,2019,,,,0
68266,2020,,,,0
68266,2021,,,,0
68266,2022,,,,0
68266,2023,,,,0
68266,2024,,,,0
68271,2001,,,,0
68271,2002,,,,0
68271,2003,,,,0
68271,2004,,,,0
68271,2005,,,,0
68271,2006,,,,0
68271,2007,,,,0
68271,2008,,,,0
68271,2009,,,,0
68271,2010,,,,0
68271,2011,,,,0
68271,2012,,,,0
68271,2013,,,,0
68271,2014,,,,0
68271,2015,,,,0
68271,2016,,,,0
68271,2017,,,,0
68271,2018,,,,0
68271,2019,,,,0
68271,2020,,,,0
68271,2021,,,,0
68271,2022,,,,0
68271,2023,,,,0
68271,2024,,,,0
68276,2001,,,,0
68276,2002,,,,0
68276,2003,,,,0
68276,2004,,,,0
68276,2005,,,,0
68276,2006,,,,0
68276,2007,,,,0
68276,2008,,,,0
68276,2009,,,,0
68276,2010,,,,0
68276,2011,,,,0
68276,2012,,,,0
68276,2013,,,,0
68276,2014,,,,0
68276,2015,,,,0
68276,2016,,,,0
68276,2017,,,,0
68276,2018,,,,0
68276,2019,,,,0
68276,2020,,,,0
68276,2021,,,,0
68276,2022,,,,0
68276,2023,,,,0
68276,2024,,,,0
68296,2001,,,,0
68296,2002,,,,0
68296,2003,,,,0
68296,2004,,,,0
68296,2005,,,,0
68296,2006,,,,0
68296,2007,,,,0
68296,2008,,,,0
68296,2009,,,,0
68296,2010,,,,0
68296,2011,,,,0
68296,2012,,,,0
68296,2013,,,,0
68296,2014,,,,0
68296,2015,,,,0
68296,2016,,,,0
68296,2017,,,,0
68296,2018,,,,0
68296,2019,,,,0
68296,2020,,,,0
68296,2021,,,,0
68296,2022,,,,0
68296,2023,,,,0
68296,2024,,,,0
68298,2001,,,,0
68298,2002,,,,0
68298,2003,,,,0
68298,2004,,,,0
68298,2005,,,,0
68298,2006,,,,0
68298,2007,,,,0
68298,2008,,,,0
68298,2009,,,,0
68298,2010,,,,0
68298,2011,,,,0
68298,2012,,,,0
68298,2013,,,,0
68298,2014,,,,0
68298,2015,,,,0
68298,2016,,,,0
68298,2017,,,,0
68298,2018,,,,0
68298,2019,,,,0
68298,2020,,,,0
68298,2021,,,,0
68298,2022,,,,0
68298,2023,,,,0
68298,2024,,,,0
68307,2001,,,,0
68307,2002,,,,0
68307,2003,,,,0
68307,2004,,,,0
68307,2005,,,,0
68307,2006,,,,0
68307,2007,,,,0
68307,2008,,,,0
68307,2009,,,,0
68307,2010,,,,0
68307,2011,,,,0
68307,2012,,,,0
68307,2013,,,,0
68307,2014,,,,0
68307,2015,,,,0
68307,2016,,,,0
68307,2017,,,,0
68307,2018,,,,0
68307,2019,,,,0
68307,2020,,,,0
68307,2021,,,,0
68307,2022,,,,0
68307,2023,,,,0
68307,2024,,,,0
68318,2001,,,,0
68318,2002,,,,0
68318,2003,,,,0
68318,2004,,,,0
68318,2005,,,,0
68318,2006,,,,0
68318,2007,,,,0
68318,2008,,,,0
68318,2009,,,,0
68318,2010,,,,0
68318,2011,,,,0
68318,2012,,,,0
68318,2013,,,,0
68318,2014,,,,0
68318,2015,,,,0
68318,2016,,,,0
68318,2017,,,,0
68318,2018,,,,0
68318,2019,,,,0
68318,2020,,,,0
68318,2021,,,,0
68318,2022,,,,0
68318,2023,,,,0
68318,2024,,,,0
68320,2001,,,,0
68320,2002,,,,0
68320,2003,,,,0
68320,2004,,,,0
68320,2005,,,,0
68320,2006,,,,0
68320,2007,,,,0
68320,2008,,,,0
68320,2009,,,,0
68320,2010,,,,0
68320,2011,,,,0
68320,2012,,,,0
68320,2013,,,,0
68320,2014,,,,0
68320,2015,,,,0
68320,2016,,,,0
68320,2017,,,,0
68320,2018,,,,0
68320,2019,,,,0
68320,2020,,,,0
68320,2021,,,,0
68320,2022,,,,0
68320,2023,,,,0
68320,2024,,,,0
68322,2001,,,,0
68322,2002,,,,0
68322,2003,,,,0
68322,2004,,,,0
68322,2005,,,,0
68322,2006,,,,0
68322,2007,,,,0
68322,2008,,,,0
68322,2009,,,,0
68322,2010,,,,0
68322,2011,,,,0
68322,2012,,,,0
68322,2013,,,,0
68322,2014,,,,0
68322,2015,,,,0
68322,2016,,,,0
68322,2017,,,,0
68322,2018,,,,0
68322,2019,,,,0
68322,2020,,,,0
68322,2021,,,,0
68322,2022,,,,0
68322,2023,,,,0
68322,2024,,,,0
68324,2001,,,,0
68324,2002,,,,0
68324,2003,,,,0
68324,2004,,,,0
68324,2005,,,,0
68324,2006,,,,0
68324,2007,,,,0
68324,2008,,,,0
68324,2009,,,,0
68324,2010,,,,0
68324,2011,,,,0
68324,2012,,,,0
68324,2013,,,,0
68324,2014,,,,0
68324,2015,,,,0
68324,2016,,,,0
68324,2017,,,,0
68324,2018,,,,0
68324,2019,,,,0
68324,2020,,,,0
68324,2021,,,,0
68324,2022,,,,0
68324,2023,,,,0
68324,2024,,,,0
68327,2001,,,,0
68327,2002,,,,0
68327,2003,,,,0
68327,2004,,,,0
68327,2005,,,,0
68327,2006,,,,0
68327,2007,,,,0
68327,2008,,,,0
68327,2009,,,,0
68327,2010,,,,0
68327,2011,,,,0
68327,2012,,,,0
68327,2013,,,,0
68327,2014,,,,0
68327,2015,,,,0
68327,2016,,,,0
68327,2017,,,,0
68327,2018,,,,0
68327,2019,,,,0
68327,2020,,,,0
68327,2021,,,,0
68327,2022,,,,0
68327,2023,,,,0
68327,2024,,,,0
68344,2001,,,,0
68344,2002,,,,0
68344,2003,,,,0
68344,2004,,,,0
68344,2005,,,,0
68344,2006,,,,0
68344,2007,,,,0
68344,2008,,,,0
68344,2009,,,,0
68344,2010,,,,0
68344,2011,,,,0
68344,2012,,,,0
68344,2013,,,,0
68344,2014,,,,0
68344,2015,,,,0
68344,2016,,,,0
68344,2017,,,,0
68344,2018,,,,0
68344,2019,,,,0
68344,2020,,,,0
68344,2021,,,,0
68344,2022,,,,0
68344,2023,,,,0
68344,2024,,,,0
68368,2001,,,,0
68368,2002,,,,0
68368,2003,,,,0
68368,2004,,,,0
68368,2005,,,,0
68368,2006,,,,0
68368,2007,,,,0
68368,2008,,,,0
68368,2009,,,,0
68368,2010,,,,0
68368,2011,,,,0
68368,2012,,,,0
68368,2013,,,,0
68368,2014,,,,0
68368,2015,,,,0
68368,2016,,,,0
68368,2017,,,,0
68368,2018,,,,0
68368,2019,,,,0
68368,2020,,,,0
68368,2021,,,,0
68368,2022,,,,0
68368,2023,,,,0
68368,2024,,,,0
68370,2001,,,,0
68370,2002,,,,0
68370,2003,,,,0
68370,2004,,,,0
68370,2005,,,,0
68370,2006,,,,0
68370,2007,,,,0
68370,2008,,,,0
68370,2009,,,,0
68370,2010,,,,0
68370,2011,,,,0
68370,2012,,,,0
68370,2013,,,,0
68370,2014,,,,0
68370,2015,,,,0
68370,2016,,,,0
68370,2017,,,,0
68370,2018,,,,0
68370,2019,,,,0
68370,2020,,,,0
68370,2021,,,,0
68370,2022,,,,0
68370,2023,,,,0
68370,2024,,,,0
68377,2001,,,,0
68377,2002,,,,0
68377,2003,,,,0
68377,2004,,,,0
68377,2005,,,,0
68377,2006,,,,0
68377,2007,,,,0
68377,2008,,,,0
68377,2009,,,,0
68377,2010,,,,0
68377,2011,,,,0
68377,2012,,,,0
68377,2013,,,,0
68377,2014,,,,0
68377,2015,,,,0
68377,2016,,,,0
68377,2017,,,,0
68377,2018,,,,0
68377,2019,,,,0
68377,2020,,,,0
68377,2021,,,,0
68377,2022,,,,0
68377,2023,,,,0
68377,2024,,,,0
68385,2001,,,,0
68385,2002,,,,0
68385,2003,,,,0
68385,2004,,,,0
68385,2005,,,,0
68385,2006,,,,0
68385,2007,,,,0
68385,2008,,,,0
68385,2009,,,,0
68385,2010,,,,0
68385,2011,,,,0
68385,2012,,,,0
68385,2013,,,,0
68385,2014,,,,0
68385,2015,,,,0
68385,2016,,,,0
68385,2017,,,,0
68385,2018,,,,0
68385,2019,,,,0
68385,2020,,,,0
68385,2021,,,,0
68385,2022,,,,0
68385,2023,,,,0
68385,2024,,,,0
68397,2001,,,,0
68397,2002,,,,0
68397,2003,,,,0
68397,2004,,,,0
68397,2005,,,,0
68397,2006,,,,0
68397,2007,,,,0
68397,2008,,,,0
68397,2009,,,,0
68397,2010,,,,0
68397,2011,,,,0
68397,2012,,,,0
68397,2013,,,,0
68397,2014,,,,0
68397,2015,,,,0
68397,2016,,,,0
68397,2017,,,,0
68397,2018,,,,0
68397,2019,,,,0
68397,2020,,,,0
68397,2021,,,,0
68397,2022,,,,0
68397,2023,,,,0
68397,2024,,,,0
68406,2001,,,,0
68406,2002,,,,0
68406,2003,,,,0
68406,2004,,,,0
68406,2005,,,,0
68406,2006,,,,0
68406,2007,,,,0
68406,2008,,,,0
68406,2009,,,,0
68406,2010,,,,0
68406,2011,,,,0
68406,2012,,,,0
68406,2013,,,,0
68406,2014,,,,0
68406,2015,,,,0
68406,2016,,,,0
68406,2017,,,,0
68406,2018,,,,0
68406,2019,,,,0
68406,2020,,,,0
68406,2021,,,,0
68406,2022,,,,0
68406,2023,,,,0
68406,2024,,,,0
68418,2001,,,,0
68418,2002,,,,0
68418,2003,,,,0
68418,2004,,,,0
68418,2005,,,,0
68418,2006,,,,0
68418,2007,,,,0
68418,2008,,,,0
68418,2009,,,,0
68418,2010,,,,0
68418,2011,,,,0
68418,2012,,,,0
68418,2013,,,,0
68418,2014,,,,0
68418,2015,,,,0
68418,2016,,,,0
68418,2017,,,,0
68418,2018,,,,0
68418,2019,,,,0
68418,2020,,,,0
68418,2021,,,,0
68418,2022,,,,0
68418,2023,,,,0
68418,2024,,,,0
68425,2001,,,,0
68425,2002,,,,0
68425,2003,,,,0
68425,2004,,,,0
68425,2005,,,,0
68425,2006,,,,0
68425,2007,,,,0
68425,2008,,,,0
68425,2009,,,,0
68425,2010,,,,0
68425,2011,,,,0
68425,2012,,,,0
68425,2013,,,,0
68425,2014,,,,0
68425,2015,,,,0
68425,2016,,,,0
68425,2017,,,,0
68425,2018,,,,0
68425,2019,,,,0
68425,2020,,,,0
68425,2021,,,,0
68425,2022,,,,0
68425,2023,,,,0
68425,2024,,,,0
68432,2001,,,,0
68432,2002,,,,0
68432,2003,,,,0
68432,2004,,,,0
68432,2005,,,,0
68432,2006,,,,0
68432,2007,,,,0
68432,2008,,,,0
68432,2009,,,,0
68432,2010,,,,0
68432,2011,,,,0
68432,2012,,,,0
68432,2013,,,,0
68432,2014,,,,0
68432,2015,,,,0
68432,2016,,,,0
68432,2017,,,,0
68432,2018,,,,0
68432,2019,,,,0
68432,2020,,,,0
68432,2021,,,,0
68432,2022,,,,0
68432,2023,,,,0
68432,2024,,,,0
68444,2001,,,,0
68444,2002,,,,0
68444,2003,,,,0
68444,2004,,,,0
68444,2005,,,,0
68444,2006,,,,0
68444,2007,,,,0
68444,2008,,,,0
68444,2009,,,,0
68444,2010,,,,0
68444,2011,,,,0
68444,2012,,,,0
68444,2013,,,,0
68444,2014,,,,0
68444,2015,,,,0
68444,2016,,,,0
68444,2017,,,,0
68444,2018,,,,0
68444,2019,,,,0
68444,2020,,,,0
68444,2021,,,,0
68444,2022,,,,0
68444,2023,,,,0
68444,2024,,,,0
68464,2001,,,,0
68464,2002,,,,0
68464,2003,,,,0
68464,2004,,,,0
68464,2005,,,,0
68464,2006,,,,0
68464,2007,,,,0
68464,2008,,,,0
68464,2009,,,,0
68464,2010,,,,0
68464,2011,,,,0
68464,2012,,,,0
68464,2013,,,,0
68464,2014,,,,0
68464,2015,,,,0
68464,2016,,,,0
68464,2017,,,,0
68464,2018,,,,0
68464,2019,,,,0
68464,2020,,,,0
68464,2021,,,,0
68464,2022,,,,0
68464,2023,,,,0
68464,2024,,,,0
68468,2001,,,,0
68468,2002,,,,0
68468,2003,,,,0
68468,2004,,,,0
68468,2005,,,,0
68468,2006,,,,0
68468,2007,,,,0
68468,2008,,,,0
68468,2009,,,,0
68468,2010,,,,0
68468,2011,,,,0
68468,2012,,,,0
68468,2013,,,,0
68468,2014,,,,0
68468,2015,,,,0
68468,2016,,,,0
68468,2017,,,,0
68468,2018,,,,0
68468,2019,,,,0
68468,2020,,,,0
68468,2021,,,,0
68468,2022,,,,0
68468,2023,,,,0
68468,2024,,,,0
68498,2001,,,,0
68498,2002,,,,0
68498,2003,,,,0
68498,2004,,,,0
68498,2005,,,,0
68498,2006,,,,0
68498,2007,,,,0
68498,2008,,,,0
68498,2009,,,,0
68498,2010,,,,0
68498,2011,,,,0
68498,2012,,,,0
68498,2013,,,,0
68498,2014,,,,0
68498,2015,,,,0
68498,2016,,,,0
68498,2017,,,,0
68498,2018,,,,0
68498,2019,,,,0
68498,2020,,,,0
68498,2021,,,,0
68498,2022,,,,0
68498,2023,,,,0
68498,2024,,,,0
68500,2001,,,,0
68500,2002,,,,0
68500,2003,,,,0
68500,2004,,,,0
68500,2005,,,,0
68500,2006,,,,0
68500,2007,,,,0
68500,2008,,,,0
68500,2009,,,,0
68500,2010,,,,0
68500,2011,,,,0
68500,2012,,,,0
68500,2013,,,,0
68500,2014,,,,0
68500,2015,,,,0
68500,2016,,,,0
68500,2017,,,,0
68500,2018,,,,0
68500,2019,,,,0
68500,2020,,,,0
68500,2021,,,,0
68500,2022,,,,0
68500,2023,,,,0
68500,2024,,,,0
68502,2001,,,,0
68502,2002,,,,0
68502,2003,,,,0
68502,2004,,,,0
68502,2005,,,,0
68502,2006,,,,0
68502,2007,,,,0
68502,2008,,,,0
68502,2009,,,,0
68502,2010,,,,0
68502,2011,,,,0
68502,2012,,,,0
68502,2013,,,,0
68502,2014,,,,0
68502,2015,,,,0
68502,2016,,,,0
68502,2017,,,,0
68502,2018,,,,0
68502,2019,,,,0
68502,2020,,,,0
68502,2021,,,,0
68502,2022,,,,0
68502,2023,,,,0
68502,2024,,,,0
68522,2001,,,,0
68522,2002,,,,0
68522,2003,,,,0
68522,2004,,,,0
68522,2005,,,,0
68522,2006,,,,0
68522,2007,,,,0
68522,2008,,,,0
68522,2009,,,,0
68522,2010,,,,0
68522,2011,,,,0
68522,2012,,,,0
68522,2013,,,,0
68522,2014,,,,0
68522,2015,,,,0
68522,2016,,,,0
68522,2017,,,,0
68522,2018,,,,0
68522,2019,,,,0
68522,2020,,,,0
68522,2021,,,,0
68522,2022,,,,0
68522,2023,,,,0
68522,2024,,,,0
68524,2001,,,,0
68524,2002,,,,0
68524,2003,,,,0
68524,2004,,,,0
68524,2005,,,,0
68524,2006,,,,0
68524,2007,,,,0
68524,2008,,,,0
68524,2009,,,,0
68524,2010,,,,0
68524,2011,,,,0
68524,2012,,,,0
68524,2013,,,,0
68524,2014,,,,0
68524,2015,,,,0
68524,2016,,,,0
68524,2017,,,,0
68524,2018,,,,0
68524,2019,,,,0
68524,2020,,,,0
68524,2021,,,,0
68524,2022,,,,0
68524,2023,,,,0
68524,2024,,,,0
68533,2001,,,,0
68533,2002,,,,0
68533,2003,,,,0
68533,2004,,,,0
68533,2005,,,,0
68533,2006,,,,0
68533,2007,,,,0
68533,2008,,,,0
68533,2009,,,,0
68533,2010,,,,0
68533,2011,,,,0
68533,2012,,,,0
68533,2013,,,,0
68533,2014,,,,0
68533,2015,,,,0
68533,2016,,,,0
68533,2017,,,,0
68533,2018,,,,0
68533,2019,,,,0
68533,2020,,,,0
68533,2021,,,,0
68533,2022,,,,0
68533,2023,,,,0
68533,2024,,,,0
68547,2001,,,,0
68547,2002,,,,0
68547,2003,,,,0
68547,2004,,,,0
68547,2005,,,,0
68547,2006,,,,0
68547,2007,,,,0
68547,2008,,,,0
68547,2009,,,,0
68547,2010,,,,0
68547,2011,,,,0
68547,2012,,,,0
68547,2013,,,,0
68547,2014,,,,0
68547,2015,,,,0
68547,2016,,,,0
68547,2017,,,,0
68547,2018,,,,0
68547,2019,,,,0
68547,2020,,,,0
68547,2021,,,,0
68547,2022,,,,0
68547,2023,,,,0
68547,2024,,,,0
68549,2001,,,,0
68549,2002,,,,0
68549,2003,,,,0
68549,2004,,,,0
68549,2005,,,,0
68549,2006,,,,0
68549,2007,,,,0
68549,2008,,,,0
68549,2009,,,,0
68549,2010,,,,0
68549,2011,,,,0
68549,2012,,,,0
68549,2013,,,,0
68549,2014,,,,0
68549,2015,,,,0
68549,2016,,,,0
68549,2017,,,,0
68549,2018,,,,0
68549,2019,,,,0
68549,2020,,,,0
68549,2021,,,,0
68549,2022,,,,0
68549,2023,,,,0
68549,2024,,,,0
68572,2001,,,,0
68572,2002,,,,0
68572,2003,,,,0
68572,2004,,,,0
68572,2005,,,,0
68572,2006,,,,0
68572,2007,,,,0
68572,2008,,,,0
68572,2009,,,,0
68572,2010,,,,0
68572,2011,,,,0
68572,2012,,,,0
68572,2013,,,,0
68572,2014,,,,0
68572,2015,,,,0
68572,2016,,,,0
68572,2017,,,,0
68572,2018,,,,0
68572,2019,,,,0
68572,2020,,,,0
68572,2021,,,,0
68572,2022,,,,0
68572,2023,,,,0
68572,2024,,,,0
68573,2001,,,,0
68573,2002,,,,0
68573,2003,,,,0
68573,2004,,,,0
68573,2005,,,,0
68573,2006,,,,0
68573,2007,,,,0
68573,2008,,,,0
68573,2009,,,,0
68573,2010,,,,0
68573,2011,,,,0
68573,2012,,,,0
68573,2013,,,,0
68573,2014,,,,0
68573,2015,,,,0
68573,2016,,,,0
68573,2017,,,,0
68573,2018,,,,0
68573,2019,,,,0
68573,2020,,,,0
68573,2021,,,,0
68573,2022,,,,0
68573,2023,,,,0
68573,2024,,,,0
68575,2001,,,,0
68575,2002,,,,0
68575,2003,,,,0
68575,2004,,,,0
68575,2005,,,,0
68575,2006,,,,0
68575,2007,,,,0
68575,2008,,,,0
68575,2009,,,,0
68575,2010,,,,0
68575,2011,,,,0
68575,2012,,,,0
68575,2013,,,,0
68575,2014,,,,0
68575,2015,,,,0
68575,2016,,,,0
68575,2017,,,,0
68575,2018,,,,0
68575,2019,,,,0
68575,2020,,,,0
68575,2021,,,,0
68575,2022,,,,0
68575,2023,,,,0
68575,2024,,,,0
68615,2001,,,,0
68615,2002,,,,0
68615,2003,,,,0
68615,2004,,,,0
68615,2005,,,,0
68615,2006,,,,0
68615,2007,,,,0
68615,2008,,,,0
68615,2009,,,,0
68615,2010,,,,0
68615,2011,,,,0
68615,2012,,,,0
68615,2013,,,,0
68615,2014,,,,0
68615,2015,,,,0
68615,2016,,,,0
68615,2017,,,,0
68615,2018,,,,0
68615,2019,,,,0
68615,2020,,,,0
68615,2021,,,,0
68615,2022,,,,0
68615,2023,,,,0
68615,2024,,,,0
68655,2001,,,,0
68655,2002,,,,0
68655,2003,,,,0
68655,2004,,,,0
68655,2005,,,,0
68655,2006,,,,0
68655,2007,,,,0
68655,2008,,,,0
68655,2009,,,,0
68655,2010,,,,0
68655,2011,,,,0
68655,2012,,,,0
68655,2013,,,,0
68655,2014,,,,0
68655,2015,,,,0
68655,2016,,,,0
68655,2017,,,,0
68655,2018,,,,0
68655,2019,,,,0
68655,2020,,,,0
68655,2021,,,,0
68655,2022,,,,0
68655,2023,,,,0
68655,2024,,,,0
68669,2001,,,,0
68669,2002,,,,0
68669,2003,,,,0
68669,2004,,,,0
68669,2005,,,,0
68669,2006,,,,0
68669,2007,,,,0
68669,2008,,,,0
68669,2009,,,,0
68669,2010,,,,0
68669,2011,,,,0
68669,2012,,,,0
68669,2013,,,,0
68669,2014,,,,0
68669,2015,,,,0
68669,2016,,,,0
68669,2017,,,,0
68669,2018,,,,0
68669,2019,,,,0
68669,2020,,,,0
68669,2021,,,,0
68669,2022,,,,0
68669,2023,,,,0
68669,2024,,,,0
68673,2001,,,,0
68673,2002,,,,0
68673,2003,,,,0
68673,2004,,,,0
68673,2005,,,,0
68673,2006,,,,0
68673,2007,,,,0
68673,2008,,,,0
68673,2009,,,,0
68673,2010,,,,0
68673,2011,,,,0
68673,2012,,,,0
68673,2013,,,,0
68673,2014,,,,0
68673,2015,,,,0
68673,2016,,,,0
68673,2017,,,,0
68673,2018,,,,0
68673,2019,,,,0
68673,2020,,,,0
68673,2021,,,,0
68673,2022,,,,0
68673,2023,,,,0
68673,2024,,,,0
68679,2001,,,,0
68679,2002,,,,0
68679,2003,,,,0
68679,2004,,,,0
68679,2005,,,,0
68679,2006,,,,0
68679,2007,,,,0
68679,2008,,,,0
68679,2009,,,,0
68679,2010,,,,0
68679,2011,,,,0
68679,2012,,,,0
68679,2013,,,,0
68679,2014,,,,0
68679,2015,,,,0
68679,2016,,,,0
68679,2017,,,,0
68679,2018,,,,0
68679,2019,,,,0
68679,2020,,,,0
68679,2021,,,,0
68679,2022,,,,0
68679,2023,,,,0
68679,2024,,,,0
68682,2001,,,,0
68682,2002,,,,0
68682,2003,,,,0
68682,2004,,,,0
68682,2005,,,,0
68682,2006,,,,0
68682,2007,,,,0
68682,2008,,,,0
68682,2009,,,,0
68682,2010,,,,0
68682,2011,,,,0
68682,2012,,,,0
68682,2013,,,,0
68682,2014,,,,0
68682,2015,,,,0
68682,2016,,,,0
68682,2017,,,,0
68682,2018,,,,0
68682,2019,,,,0
68682,2020,,,,0
68682,2021,,,,0
68682,2022,,,,0
68682,2023,,,,0
68682,2024,,,,0
68684,2001,,,,0
68684,2002,,,,0
68684,2003,,,,0
68684,2004,,,,0
68684,2005,,,,0
68684,2006,,,,0
68684,2007,,,,0
68684,2008,,,,0
68684,2009,,,,0
68684,2010,,,,0
68684,2011,,,,0
68684,2012,,,,0
68684,2013,,,,0
68684,2014,,,,0
68684,2015,,,,0
68684,2016,,,,0
68684,2017,,,,0
68684,2018,,,,0
68684,2019,,,,0
68684,2020,,,,0
68684,2021,,,,0
68684,2022,,,,0
68684,2023,,,,0
68684,2024,,,,0
68686,2001,,,,0
68686,2002,,,,0
68686,2003,,,,0
68686,2004,,,,0
68686,2005,,,,0
68686,2006,,,,0
68686,2007,,,,0
68686,2008,,,,0
68686,2009,,,,0
68686,2010,,,,0
68686,2011,,,,0
68686,2012,,,,0
68686,2013,,,,0
68686,2014,,,,0
68686,2015,,,,0
68686,2016,,,,0
68686,2017,,,,0
68686,2018,,,,0
68686,2019,,,,0
68686,2020,,,,0
68686,2021,,,,0
68686,2022,,,,0
68686,2023,,,,0
68686,2024,,,,0
68689,2001,,,,0
68689,2002,,,,0
68689,2003,,,,0
68689,2004,,,,0
68689,2005,,,,0
68689,2006,,,,0
68689,2007,,,,0
68689,2008,,,,0
68689,2009,,,,0
68689,2010,,,,0
68689,2011,,,,0
68689,2012,,,,0
68689,2013,,,,0
68689,2014,,,,0
68689,2015,,,,0
68689,2016,,,,0
68689,2017,,,,0
68689,2018,,,,0
68689,2019,,,,0
68689,2020,,,,0
68689,2021,,,,0
68689,2022,,,,0
68689,2023,,,,0
68689,2024,,,,0
68705,2001,,,,0
68705,2002,,,,0
68705,2003,,,,0
68705,2004,,,,0
68705,2005,,,,0
68705,2006,,,,0
68705,2007,,,,0
68705,2008,,,,0
68705,2009,,,,0
68705,2010,,,,0
68705,2011,,,,0
68705,2012,,,,0
68705,2013,,,,0
68705,2014,,,,0
68705,2015,,,,0
68705,2016,,,,0
68705,2017,,,,0
68705,2018,,,,0
68705,2019,,,,0
68705,2020,,,,0
68705,2021,,,,0
68705,2022,,,,0
68705,2023,,,,0
68705,2024,,,,0
68720,2001,,,,0
68720,2002,,,,0
68720,2003,,,,0
68720,2004,,,,0
68720,2005,,,,0
68720,2006,,,,0
68720,2007,,,,0
68720,2008,,,,0
68720,2009,,,,0
68720,2010,,,,0
68720,2011,,,,0
68720,2012,,,,0
68720,2013,,,,0
68720,2014,,,,0
68720,2015,,,,0
68720,2016,,,,0
68720,2017,,,,0
68720,2018,,,,0
68720,2019,,,,0
68720,2020,,,,0
68720,2021,,,,0
68720,2022,,,,0
68720,2023,,,,0
68720,2024,,,,0
68745,2001,,,,0
68745,2002,,,,0
68745,2003,,,,0
68745,2004,,,,0
68745,2005,,,,0
68745,2006,,,,0
68745,2007,,,,0
68745,2008,,,,0
68745,2009,,,,0
68745,2010,,,,0
68745,2011,,,,0
68745,2012,,,,0
68745,2013,,,,0
68745,2014,,,,0
68745,2015,,,,0
68745,2016,,,,0
68745,2017,,,,0
68745,2018,,,,0
68745,2019,,,,0
68745,2020,,,,0
68745,2021,,,,0
68745,2022,,,,0
68745,2023,,,,0
68745,2024,,,,0
68755,2001,,,,0
68755,2002,,,,0
68755,2003,,,,0
68755,2004,,,,0
68755,2005,,,,0
68755,2006,,,,0
68755,2007,,,,0
68755,2008,,,,0
68755,2009,,,,0
68755,2010,,,,0
68755,2011,,,,0
68755,2012,,,,0
68755,2013,,,,0
68755,2014,,,,0
68755,2015,,,,0
68755,2016,,,,0
68755,2017,,,,0
68755,2018,,,,0
68755,2019,,,,0
68755,2020,,,,0
68755,2021,,,,0
68755,2022,,,,0
68755,2023,,,,0
68755,2024,,,,0
68770,2001,,,,0
68770,2002,,,,0
68770,2003,,,,0
68770,2004,,,,0
68770,2005,,,,0
68770,2006,,,,0
68770,2007,,,,0
68770,2008,,,,0
68770,2009,,,,0
68770,2010,,,,0
68770,2011,,,,0
68770,2012,,,,0
68770,2013,,,,0
68770,2014,,,,0
68770,2015,,,,0
68770,2016,,,,0
68770,2017,,,,0
68770,2018,,,,0
68770,2019,,,,0
68770,2020,,,,0
68770,2021,,,,0
68770,2022,,,,0
68770,2023,,,,0
68770,2024,,,,0
68773,2001,,,,0
68773,2002,,,,0
68773,2003,,,,0
68773,2004,,,,0
68773,2005,,,,0
68773,2006,,,,0
68773,2007,,,,0
68773,2008,,,,0
68773,2009,,,,0
68773,2010,,,,0
68773,2011,,,,0
68773,2012,,,,0
68773,2013,,,,0
68773,2014,,,,0
68773,2015,,,,0
68773,2016,,,,0
68773,2017,,,,0
68773,2018,,,,0
68773,2019,,,,0
68773,2020,,,,0
68773,2021,,,,0
68773,2022,,,,0
68773,2023,,,,0
68773,2024,,,,0
68780,2001,,,,0
68780,2002,,,,0
68780,2003,,,,0
68780,2004,,,,0
68780,2005,,,,0
68780,2006,,,,0
68780,2007,,,,0
68780,2008,,,,0
68780,2009,,,,0
68780,2010,,,,0
68780,2011,,,,0
68780,2012,,,,0
68780,2013,,,,0
68780,2014,,,,0
68780,2015,,,,0
68780,2016,,,,0
68780,2017,,,,0
68780,2018,,,,0
68780,2019,,,,0
68780,2020,,,,0
68780,2021,,,,0
68780,2022,,,,0
68780,2023,,,,0
68780,2024,,,,0
68820,2001,,,,0
68820,2002,,,,0
68820,2003,,,,0
68820,2004,,,,0
68820,2005,,,,0
68820,2006,,,,0
68820,2007,,,,0
68820,2008,,,,0
68820,2009,,,,0
68820,2010,,,,0
68820,2011,,,,0
68820,2012,,,,0
68820,2013,,,,0
68820,2014,,,,0
68820,2015,,,,0
68820,2016,,,,0
68820,2017,,,,0
68820,2018,,,,0
68820,2019,,,,0
68820,2020,,,,0
68820,2021,,,,0
68820,2022,,,,0
68820,2023,,,,0
68820,2024,,,,0
68855,2001,,,,0
68855,2002,,,,0
68855,2003,,,,0
68855,2004,,,,0
68855,2005,,,,0
68855,2006,,,,0
68855,2007,,,,0
68855,2008,,,,0
68855,2009,,,,0
68855,2010,,,,0
68855,2011,,,,0
68855,2012,,,,0
68855,2013,,,,0
68855,2014,,,,0
68855,2015,,,,0
68855,2016,,,,0
68855,2017,,,,0
68855,2018,,,,0
68855,2019,,,,0
68855,2020,,,,0
68855,2021,,,,0
68855,2022,,,,0
68855,2023,,,,0
68855,2024,,,,0
68861,2001,,,,0
68861,2002,,,,0
68861,2003,,,,0
68861,2004,,,,0
68861,2005,,,,0
68861,2006,,,,0
68861,2007,,,,0
68861,2008,,,,0
68861,2009,,,,0
68861,2010,,,,0
68861,2011,,,,0
68861,2012,,,,0
68861,2013,,,,0
68861,2014,,,,0
68861,2015,,,,0
68861,2016,,,,0
68861,2017,,,,0
68861,2018,,,,0
68861,2019,,,,0
68861,2020,,,,0
68861,2021,,,,0
68861,2022,,,,0
68861,2023,,,,0
68861,2024,,,,0
68867,2001,,,,0
68867,2002,,,,0
68867,2003,,,,0
68867,2004,,,,0
68867,2005,,,,0
68867,2006,,,,0
68867,2007,,,,0
68867,2008,,,,0
68867,2009,,,,0
68867,2010,,,,0
68867,2011,,,,0
68867,2012,,,,0
68867,2013,,,,0
68867,2014,,,,0
68867,2015,,,,0
68867,2016,,,,0
68867,2017,,,,0
68867,2018,,,,0
68867,2019,,,,0
68867,2020,,,,0
68867,2021,,,,0
68867,2022,,,,0
68867,2023,,,,0
68867,2024,,,,0
68872,2001,,,,0
68872,2002,,,,0
68872,2003,,,,0
68872,2004,,,,0
68872,2005,,,,0
68872,2006,,,,0
68872,2007,,,,0
68872,2008,,,,0
68872,2009,,,,0
68872,2010,,,,0
68872,2011,,,,0
68872,2012,,,,0
68872,2013,,,,0
68872,2014,,,,0
68872,2015,,,,0
68872,2016,,,,0
68872,2017,,,,0
68872,2018,,,,0
68872,2019,,,,0
68872,2020,,,,0
68872,2021,,,,0
68872,2022,,,,0
68872,2023,,,,0
68872,2024,,,,0
68895,2001,,,,0
68895,2002,,,,0
68895,2003,,,,0
68895,2004,,,,0
68895,2005,,,,0
68895,2006,,,,0
68895,2007,,,,0
68895,2008,,,,0
68895,2009,,,,0
68895,2010,,,,0
68895,2011,,,,0
68895,2012,,,,0
68895,2013,,,,0
68895,2014,,,,0
68895,2015,,,,0
68895,2016,,,,0
68895,2017,,,,0
68895,2018,,,,0
68895,2019,,,,0
68895,2020,,,,0
68895,2021,,,,0
68895,2022,,,,0
68895,2023,,,,0
68895,2024,,,,0
70001,2001,,,,0
70001,2002,,,,0
70001,2003,,,,0
70001,2004,,,,0
70001,2005,,,,0
70001,2006,,,,0
70001,2007,,,,0
70001,2008,,,,0
70001,2009,,,,0
70001,2010,,,,0
70001,2011,,,,0
70001,2012,,,,0
70001,2013,,,,0
70001,2014,,,,0
70001,2015,,,,0
70001,2016,,,,0
70001,2017,,,,0
70001,2018,,,,0
70001,2019,,,,0
70001,2020,,,,0
70001,2021,,,,0
70001,2022,,,,0
70001,2023,,,,0
70001,2024,,,,0
70110,2001,,,,0
70110,2002,,,,0
70110,2003,,,,0
70110,2004,,,,0
70110,2005,,,,0
70110,2006,,,,0
70110,2007,,,,0
70110,2008,,,,0
70110,2009,,,,0
70110,2010,,,,0
70110,2011,,,,0
70110,2012,,,,0
70110,2013,,,,0
70110,2014,,,,0
70110,2015,,,,0
70110,2016,,,,0
70110,2017,,,,0
70110,2018,,,,0
70110,2019,,,,0
70110,2020,,,,0
70110,2021,,,,0
70110,2022,,,,0
70110,2023,,,,0
70110,2024,,,,0
70124,2001,,,,0
70124,2002,,,,0
70124,2003,,,,0
70124,2004,,,,0
70124,2005,,,,0
70124,2006,,,,0
70124,2007,,,,0
70124,2008,,,,0
70124,2009,,,,0
70124,2010,,,,0
70124,2011,,,,0
70124,2012,,,,0
70124,2013,,,,0
70124,2014,,,,0
70124,2015,,,,0
70124,2016,,,,0
70124,2017,,,,0
70124,2018,,,,0
70124,2019,,,,0
70124,2020,,,,0
70124,2021,,,,0
70124,2022,,,,0
70124,2023,,,,0
70124,2024,,,,0
70204,2001,,,,0
70204,2002,,,,0
70204,2003,,,,0
70204,2004,,,,0
70204,2005,,,,0
70204,2006,,,,0
70204,2007,,,,0
70204,2008,,,,0
70204,2009,,,,0
70204,2010,,,,0
70204,2011,,,,0
70204,2012,,,,0
70204,2013,,,,0
70204,2014,,,,0
70204,2015,,,,0
70204,2016,,,,0
70204,2017,,,,0
70204,2018,,,,0
70204,2019,,,,0
70204,2020,,,,0
70204,2021,,,,0
70204,2022,,,,0
70204,2023,,,,0
70204,2024,,,,0
70215,2001,,,,0
70215,2002,,,,0
70215,2003,,,,0
70215,2004,,,,0
70215,2005,,,,0
70215,2006,,,,0
70215,2007,,,,0
70215,2008,,,,0
70215,2009,,,,0
70215,2010,,,,0
70215,2011,,,,0
70215,2012,,,,0
70215,2013,,,,0
70215,2014,,,,0
70215,2015,,,,0
70215,2016,,,,0
70215,2017,,,,0
70215,2018,,,,0
70215,2019,,,,0
70215,2020,,,,0
70215,2021,,,,0
70215,2022,,,,0
70215,2023,,,,0
70215,2024,,,,0
70221,2001,,,,0
70221,2002,,,,0
70221,2003,,,,0
70221,2004,,,,0
70221,2005,,,,0
70221,2006,,,,0
70221,2007,,,,0
70221,2008,,,,0
70221,2009,,,,0
70221,2010,,,,0
70221,2011,,,,0
70221,2012,,,,0
70221,2013,,,,0
70221,2014,,,,0
70221,2015,,,,1
70221,2016,,,,1
70221,2017,,,,1
70221,2018,,,,1
70221,2019,,,,1
70221,2020,,,,1
70221,2021,,,,1
70221,2022,,,,1
70221,2023,,,,1
70221,2024,,,,1
70230,2001,,,,0
70230,2002,,,,0
70230,2003,,,,0
70230,2004,,,,0
70230,2005,,,,0
70230,2006,,,,0
70230,2007,,,,0
70230,2008,,,,0
70230,2009,,,,0
70230,2010,,,,0
70230,2011,,,,0
70230,2012,,,,0
70230,2013,,,,0
70230,2014,,,,0
70230,2015,,,,0
70230,2016,,,,0
70230,2017,,,,0
70230,2018,,,,0
70230,2019,,,,0
70230,2020,,,,0
70230,2021,,,,0
70230,2022,,,,0
70230,2023,,,,0
70230,2024,,,,0
70233,2001,,,,0
70233,2002,,,,0
70233,2003,,,,0
70233,2004,,,,0
70233,2005,,,,0
70233,2006,,,,0
70233,2007,,,,0
70233,2008,,,,0
70233,2009,,,,0
70233,2010,,,,0
70233,2011,,,,0
70233,2012,,,,0
70233,2013,,,,0
70233,2014,,,,0
70233,2015,,,,0
70233,2016,,,,0
70233,2017,,,,0
70233,2018,,,,0
70233,2019,,,,0
70233,2020,,,,0
70233,2021,,,,0
70233,2022,,,,0
70233,2023,,,,0
70233,2024,,,,0
70235,2001,,,,0
70235,2002,,,,0
70235,2003,,,,0
70235,2004,,,,0
70235,2005,,,,0
70235,2006,,,,0
70235,2007,,,,0
70235,2008,,,,0
70235,2009,,,,0
70235,2010,,,,0
70235,2011,,,,0
70235,2012,,,,0
70235,2013,,,,0
70235,2014,,,,0
70235,2015,,,,0
70235,2016,,,,0
70235,2017,,,,0
70235,2018,,,,0
70235,2019,,,,0
70235,2020,,,,0
70235,2021,,,,0
70235,2022,,,,0
70235,2023,,,,0
70235,2024,,,,0
70265,2001,,,,0
70265,2002,,,,0
70265,2003,,,,0
70265,2004,,,,0
70265,2005,,,,0
70265,2006,,,,0
70265,2007,,,,0
70265,2008,,,,0
70265,2009,,,,0
70265,2010,,,,0
70265,2011,,,,0
70265,2012,,,,0
70265,2013,,,,0
70265,2014,,,,0
70265,2015,,,,0
70265,2016,,,,0
70265,2017,,,,0
70265,2018,,,,0
70265,2019,,,,0
70265,2020,,,,0
70265,2021,,,,0
70265,2022,,,,0
70265,2023,,,,0
70265,2024,,,,0
70400,2001,,,,0
70400,2002,,,,0
70400,2003,,,,0
70400,2004,,,,0
70400,2005,,,,0
70400,2006,,,,0
70400,2007,,,,0
70400,2008,,,,0
70400,2009,,,,0
70400,2010,,,,0
70400,2011,,,,0
70400,2012,,,,0
70400,2013,,,,0
70400,2014,,,,0
70400,2015,,,,0
70400,2016,,,,0
70400,2017,,,,0
70400,2018,,,,0
70400,2019,,,,0
70400,2020,,,,0
70400,2021,,,,0
70400,2022,,,,0
70400,2023,,,,0
70400,2024,,,,0
70418,2001,,,,0
70418,2002,,,,0
70418,2003,,,,0
70418,2004,,,,0
70418,2005,,,,0
70418,2006,,,,0
70418,2007,,,,0
70418,2008,,,,0
70418,2009,,,,0
70418,2010,,,,0
70418,2011,,,,0
70418,2012,,,,0
70418,2013,,,,0
70418,2014,,,,0
70418,2015,,,,0
70418,2016,,,,0
70418,2017,,,,0
70418,2018,,,,0
70418,2019,,,,0
70418,2020,,,,0
70418,2021,,,,0
70418,2022,,,,0
70418,2023,,,,0
70418,2024,,,,0
70429,2001,,,,0
70429,2002,,,,0
70429,2003,,,,0
70429,2004,,,,0
70429,2005,,,,0
70429,2006,,,,0
70429,2007,,,,0
70429,2008,,,,0
70429,2009,,,,0
70429,2010,,,,0
70429,2011,,,,0
70429,2012,,,,0
70429,2013,,,,0
70429,2014,,,,0
70429,2015,,,,0
70429,2016,,,,0
70429,2017,,,,0
70429,2018,,,,0
70429,2019,,,,0
70429,2020,,,,0
70429,2021,,,,0
70429,2022,,,,0
70429,2023,,,,0
70429,2024,,,,0
70473,2001,,,,0
70473,2002,,,,0
70473,2003,,,,0
70473,2004,,,,0
70473,2005,,,,0
70473,2006,,,,0
70473,2007,,,,0
70473,2008,,,,0
70473,2009,,,,0
70473,2010,,,,0
70473,2011,,,,0
70473,2012,,,,0
70473,2013,,,,0
70473,2014,,,,0
70473,2015,,,,0
70473,2016,,,,0
70473,2017,,,,0
70473,2018,,,,0
70473,2019,,,,0
70473,2020,,,,0
70473,2021,,,,0
70473,2022,,,,0
70473,2023,,,,0
70473,2024,,,,0
70508,2001,,,,0
70508,2002,,,,0
70508,2003,,,,0
70508,2004,,,,0
70508,2005,,,,0
70508,2006,,,,0
70508,2007,,,,0
70508,2008,,,,0
70508,2009,,,,0
70508,2010,,,,0
70508,2011,,,,0
70508,2012,,,,0
70508,2013,,,,0
70508,2014,,,,0
70508,2015,,,,0
70508,2016,,,,0
70508,2017,,,,0
70508,2018,,,,0
70508,2019,,,,0
70508,2020,,,,0
70508,2021,,,,0
70508,2022,,,,0
70508,2023,,,,0
70508,2024,,,,0
70523,2001,,,,0
70523,2002,,,,0
70523,2003,,,,0
70523,2004,,,,0
70523,2005,,,,0
70523,2006,,,,0
70523,2007,,,,0
70523,2008,,,,0
70523,2009,,,,0
70523,2010,,,,0
70523,2011,,,,0
70523,2012,,,,0
70523,2013,,,,0
70523,2014,,,,0
70523,2015,,,,0
70523,2016,,,,0
70523,2017,,,,0
70523,2018,,,,0
70523,2019,,,,0
70523,2020,,,,0
70523,2021,,,,0
70523,2022,,,,0
70523,2023,,,,0
70523,2024,,,,0
70670,2001,,,,0
70670,2002,,,,0
70670,2003,,,,0
70670,2004,,,,0
70670,2005,,,,0
70670,2006,,,,0
70670,2007,,,,0
70670,2008,,,,0
70670,2009,,,,0
70670,2010,,,,0
70670,2011,,,,0
70670,2012,,,,0
70670,2013,,,,0
70670,2014,,,,0
70670,2015,,,,0
70670,2016,,,,0
70670,2017,,,,0
70670,2018,,,,0
70670,2019,,,,0
70670,2020,,,,0
70670,2021,,,,0
70670,2022,,,,0
70670,2023,,,,0
70670,2024,,,,0
70678,2001,,,,0
70678,2002,,,,0
70678,2003,,,,0
70678,2004,,,,0
70678,2005,,,,0
70678,2006,,,,0
70678,2007,,,,0
70678,2008,,,,0
70678,2009,,,,0
70678,2010,,,,0
70678,2011,,,,0
70678,2012,,,,0
70678,2013,,,,0
70678,2014,,,,0
70678,2015,,,,0
70678,2016,,,,0
70678,2017,,,,0
70678,2018,,,,0
70678,2019,,,,0
70678,2020,,,,0
70678,2021,,,,0
70678,2022,,,,0
70678,2023,,,,0
70678,2024,,,,0
70702,2001,,,,0
70702,2002,,,,0
70702,2003,,,,0
70702,2004,,,,0
70702,2005,,,,0
70702,2006,,,,0
70702,2007,,,,0
70702,2008,,,,0
70702,2009,,,,0
70702,2010,,,,0
70702,2011,,,,0
70702,2012,,,,0
70702,2013,,,,0
70702,2014,,,,0
70702,2015,,,,0
70702,2016,,,,0
70702,2017,,,,0
70702,2018,,,,0
70702,2019,,,,0
70702,2020,,,,0
70702,2021,,,,0
70702,2022,,,,0
70702,2023,,,,0
70702,2024,,,,0
70708,2001,,,,0
70708,2002,,,,0
70708,2003,,,,0
70708,2004,,,,0
70708,2005,,,,0
70708,2006,,,,0
70708,2007,,,,0
70708,2008,,,,0
70708,2009,,,,0
70708,2010,,,,0
70708,2011,,,,0
70708,2012,,,,0
70708,2013,,,,0
70708,2014,,,,0
70708,2015,,,,0
70708,2016,,,,0
70708,2017,,,,0
70708,2018,,,,0
70708,2019,,,,0
70708,2020,,,,0
70708,2021,,,,0
70708,2022,,,,0
70708,2023,,,,0
70708,2024,,,,0
70713,2001,,,,0
70713,2002,,,,0
70713,2003,,,,0
70713,2004,,,,0
70713,2005,,,,0
70713,2006,,,,0
70713,2007,,,,0
70713,2008,,,,0
70713,2009,,,,0
70713,2010,,,,0
70713,2011,,,,0
70713,2012,,,,0
70713,2013,,,,0
70713,2014,,,,0
70713,2015,,,,1
70713,2016,,,,1
70713,2017,,,,1
70713,2018,,,,1
70713,2019,,,,1
70713,2020,,,,1
70713,2021,,,,1
70713,2022,,,,1
70713,2023,,,,1
70713,2024,,,,1
70717,2001,,,,0
70717,2002,,,,0
70717,2003,,,,0
70717,2004,,,,0
70717,2005,,,,0
70717,2006,,,,0
70717,2007,,,,0
70717,2008,,,,0
70717,2009,,,,0
70717,2010,,,,0
70717,2011,,,,0
70717,2012,,,,0
70717,2013,,,,0
70717,2014,,,,0
70717,2015,,,,0
70717,2016,,,,0
70717,2017,,,,0
70717,2018,,,,0
70717,2019,,,,0
70717,2020,,,,0
70717,2021,,,,0
70717,2022,,,,0
70717,2023,,,,0
70717,2024,,,,0
70742,2001,,,,0
70742,2002,,,,0
70742,2003,,,,0
70742,2004,,,,0
70742,2005,,,,0
70742,2006,,,,0
70742,2007,,,,0
70742,2008,,,,0
70742,2009,,,,0
70742,2010,,,,0
70742,2011,,,,0
70742,2012,,,,0
70742,2013,,,,0
70742,2014,,,,0
70742,2015,,,,0
70742,2016,,,,0
70742,2017,,,,0
70742,2018,,,,0
70742,2019,,,,0
70742,2020,,,,0
70742,2021,,,,0
70742,2022,,,,0
70742,2023,,,,0
70742,2024,,,,0
70771,2001,,,,0
70771,2002,,,,0
70771,2003,,,,0
70771,2004,,,,0
70771,2005,,,,0
70771,2006,,,,0
70771,2007,,,,0
70771,2008,,,,0
70771,2009,,,,0
70771,2010,,,,0
70771,2011,,,,0
70771,2012,,,,0
70771,2013,,,,0
70771,2014,,,,0
70771,2015,,,,0
70771,2016,,,,0
70771,2017,,,,0
70771,2018,,,,0
70771,2019,,,,0
70771,2020,,,,0
70771,2021,,,,0
70771,2022,,,,0
70771,2023,,,,0
70771,2024,,,,0
70820,2001,,,,0
70820,2002,,,,0
70820,2003,,,,0
70820,2004,,,,0
70820,2005,,,,0
70820,2006,,,,0
70820,2007,,,,0
70820,2008,,,,0
70820,2009,,,,0
70820,2010,,,,0
70820,2011,,,,0
70820,2012,,,,0
70820,2013,,,,0
70820,2014,,,,0
70820,2015,,,,1
70820,2016,,,,1
70820,2017,,,,1
70820,2018,,,,1
70820,2019,,,,1
70820,2020,,,,1
70820,2021,,,,1
70820,2022,,,,1
70820,2023,,,,1
70820,2024,,,,1
70823,2001,,,,0
70823,2002,,,,0
70823,2003,,,,0
70823,2004,,,,0
70823,2005,,,,0
70823,2006,,,,0
70823,2007,,,,0
70823,2008,,,,0
70823,2009,,,,0
70823,2010,,,,0
70823,2011,,,,0
70823,2012,,,,0
70823,2013,,,,0
70823,2014,,,,0
70823,2015,,,,1
70823,2016,,,,1
70823,2017,,,,1
70823,2018,,,,1
70823,2019,,,,1
70823,2020,,,,1
70823,2021,,,,1
70823,2022,,,,1
70823,2023,,,,1
70823,2024,,,,1
73001,2001,,,,0
73001,2002,,,,0
73001,2003,,,,0
73001,2004,,,,0
73001,2005,,,,0
73001,2006,,,,0
73001,2007,,,,0
73001,2008,,,,0
73001,2009,,,,0
73001,2010,,,,0
73001,2011,,,,0
73001,2012,,,,0
73001,2013,,,,0
73001,2014,,,,0
73001,2015,,,,0
73001,2016,,,,0
73001,2017,,,,0
73001,2018,,,,0
73001,2019,,,,0
73001,2020,,,,0
73001,2021,,,,0
73001,2022,,,,0
73001,2023,,,,0
73001,2024,,,,0
73024,2001,,,,0
73024,2002,,,,0
73024,2003,,,,0
73024,2004,,,,0
73024,2005,,,,0
73024,2006,,,,0
73024,2007,,,,0
73024,2008,,,,0
73024,2009,,,,0
73024,2010,,,,0
73024,2011,,,,0
73024,2012,,,,0
73024,2013,,,,0
73024,2014,,,,0
73024,2015,,,,0
73024,2016,,,,0
73024,2017,,,,0
73024,2018,,,,0
73024,2019,,,,0
73024,2020,,,,0
73024,2021,,,,0
73024,2022,,,,0
73024,2023,,,,0
73024,2024,,,,0
73026,2001,,,,0
73026,2002,,,,0
73026,2003,,,,0
73026,2004,,,,0
73026,2005,,,,0
73026,2006,,,,0
73026,2007,,,,0
73026,2008,,,,0
73026,2009,,,,0
73026,2010,,,,0
73026,2011,,,,0
73026,2012,,,,0
73026,2013,,,,0
73026,2014,,,,0
73026,2015,,,,0
73026,2016,,,,0
73026,2017,,,,0
73026,2018,,,,0
73026,2019,,,,0
73026,2020,,,,0
73026,2021,,,,0
73026,2022,,,,0
73026,2023,,,,0
73026,2024,,,,0
73030,2001,,,,0
73030,2002,,,,0
73030,2003,,,,0
73030,2004,,,,0
73030,2005,,,,0
73030,2006,,,,0
73030,2007,,,,0
73030,2008,,,,0
73030,2009,,,,0
73030,2010,,,,0
73030,2011,,,,0
73030,2012,,,,0
73030,2013,,,,0
73030,2014,,,,0
73030,2015,,,,0
73030,2016,,,,0
73030,2017,,,,0
73030,2018,,,,0
73030,2019,,,,0
73030,2020,,,,0
73030,2021,,,,0
73030,2022,,,,0
73030,2023,,,,0
73030,2024,,,,0
73043,2001,,,,0
73043,2002,,,,0
73043,2003,,,,0
73043,2004,,,,0
73043,2005,,,,0
73043,2006,,,,0
73043,2007,,,,0
73043,2008,,,,0
73043,2009,,,,0
73043,2010,,,,0
73043,2011,,,,0
73043,2012,,,,0
73043,2013,,,,0
73043,2014,,,,0
73043,2015,,,,0
73043,2016,,,,0
73043,2017,,,,0
73043,2018,,,,0
73043,2019,,,,0
73043,2020,,,,0
73043,2021,,,,0
73043,2022,,,,0
73043,2023,,,,0
73043,2024,,,,0
73055,2001,,,,0
73055,2002,,,,0
73055,2003,,,,0
73055,2004,,,,0
73055,2005,,,,0
73055,2006,,,,0
73055,2007,,,,0
73055,2008,,,,0
73055,2009,,,,0
73055,2010,,,,0
73055,2011,,,,0
73055,2012,,,,0
73055,2013,,,,0
73055,2014,,,,0
73055,2015,,,,0
73055,2016,,,,0
73055,2017,,,,0
73055,2018,,,,0
73055,2019,,,,0
73055,2020,,,,0
73055,2021,,,,0
73055,2022,,,,0
73055,2023,,,,0
73055,2024,,,,0
73067,2001,,,,0
73067,2002,,,,0
73067,2003,,,,0
73067,2004,,,,0
73067,2005,,,,0
73067,2006,,,,0
73067,2007,,,,0
73067,2008,,,,0
73067,2009,,,,0
73067,2010,,,,0
73067,2011,,,,0
73067,2012,,,,0
73067,2013,,,,0
73067,2014,,,,0
73067,2015,,,,0
73067,2016,,,,0
73067,2017,,,,0
73067,2018,,,,0
73067,2019,,,,0
73067,2020,,,,0
73067,2021,,,,0
73067,2022,,,,0
73067,2023,,,,0
73067,2024,,,,0
73124,2001,,,,0
73124,2002,,,,0
73124,2003,,,,0
73124,2004,,,,0
73124,2005,,,,0
73124,2006,,,,0
73124,2007,,,,0
73124,2008,,,,0
73124,2009,,,,0
73124,2010,,,,0
73124,2011,,,,0
73124,2012,,,,0
73124,2013,,,,0
73124,2014,,,,0
73124,2015,,,,0
73124,2016,,,,0
73124,2017,,,,0
73124,2018,,,,0
73124,2019,,,,0
73124,2020,,,,0
73124,2021,,,,0
73124,2022,,,,0
73124,2023,,,,0
73124,2024,,,,0
73148,2001,,,,0
73148,2002,,,,0
73148,2003,,,,0
73148,2004,,,,0
73148,2005,,,,0
73148,2006,,,,0
73148,2007,,,,0
73148,2008,,,,0
73148,2009,,,,0
73148,2010,,,,0
73148,2011,,,,0
73148,2012,,,,0
73148,2013,,,,0
73148,2014,,,,0
73148,2015,,,,0
73148,2016,,,,0
73148,2017,,,,0
73148,2018,,,,0
73148,2019,,,,0
73148,2020,,,,0
73148,2021,,,,0
73148,2022,,,,0
73148,2023,,,,0
73148,2024,,,,0
73152,2001,,,,0
73152,2002,,,,0
73152,2003,,,,0
73152,2004,,,,0
73152,2005,,,,0
73152,2006,,,,0
73152,2007,,,,0
73152,2008,,,,0
73152,2009,,,,0
73152,2010,,,,0
73152,2011,,,,0
73152,2012,,,,0
73152,2013,,,,0
73152,2014,,,,0
73152,2015,,,,0
73152,2016,,,,0
73152,2017,,,,0
73152,2018,,,,0
73152,2019,,,,0
73152,2020,,,,0
73152,2021,,,,0
73152,2022,,,,0
73152,2023,,,,0
73152,2024,,,,0
73168,2001,,,,0
73168,2002,,,,0
73168,2003,,,,0
73168,2004,,,,0
73168,2005,,,,0
73168,2006,,,,0
73168,2007,,,,0
73168,2008,,,,0
73168,2009,,,,0
73168,2010,,,,0
73168,2011,,,,0
73168,2012,,,,0
73168,2013,,,,0
73168,2014,,,,0
73168,2015,,,,0
73168,2016,,,,0
73168,2017,,,,0
73168,2018,,,,0
73168,2019,,,,0
73168,2020,,,,0
73168,2021,,,,0
73168,2022,,,,0
73168,2023,,,,0
73168,2024,,,,0
73200,2001,,,,0
73200,2002,,,,0
73200,2003,,,,0
73200,2004,,,,0
73200,2005,,,,0
73200,2006,,,,0
73200,2007,,,,0
73200,2008,,,,0
73200,2009,,,,0
73200,2010,,,,0
73200,2011,,,,0
73200,2012,,,,0
73200,2013,,,,0
73200,2014,,,,0
73200,2015,,,,0
73200,2016,,,,0
73200,2017,,,,0
73200,2018,,,,0
73200,2019,,,,0
73200,2020,,,,0
73200,2021,,,,0
73200,2022,,,,0
73200,2023,,,,0
73200,2024,,,,0
73217,2001,,,,0
73217,2002,,,,0
73217,2003,,,,0
73217,2004,,,,0
73217,2005,,,,0
73217,2006,,,,0
73217,2007,,,,0
73217,2008,,,,0
73217,2009,,,,0
73217,2010,,,,0
73217,2011,,,,0
73217,2012,,,,0
73217,2013,,,,0
73217,2014,,,,0
73217,2015,,,,0
73217,2016,,,,0
73217,2017,,,,0
73217,2018,,,,0
73217,2019,,,,0
73217,2020,,,,0
73217,2021,,,,0
73217,2022,,,,0
73217,2023,,,,0
73217,2024,,,,0
73226,2001,,,,0
73226,2002,,,,0
73226,2003,,,,0
73226,2004,,,,0
73226,2005,,,,0
73226,2006,,,,0
73226,2007,,,,0
73226,2008,,,,0
73226,2009,,,,0
73226,2010,,,,0
73226,2011,,,,0
73226,2012,,,,0
73226,2013,,,,0
73226,2014,,,,0
73226,2015,,,,0
73226,2016,,,,0
73226,2017,,,,0
73226,2018,,,,0
73226,2019,,,,0
73226,2020,,,,0
73226,2021,,,,0
73226,2022,,,,0
73226,2023,,,,0
73226,2024,,,,0
73236,2001,,,,0
73236,2002,,,,0
73236,2003,,,,0
73236,2004,,,,0
73236,2005,,,,0
73236,2006,,,,0
73236,2007,,,,0
73236,2008,,,,0
73236,2009,,,,0
73236,2010,,,,0
73236,2011,,,,0
73236,2012,,,,0
73236,2013,,,,0
73236,2014,,,,0
73236,2015,,,,0
73236,2016,,,,0
73236,2017,,,,0
73236,2018,,,,0
73236,2019,,,,0
73236,2020,,,,0
73236,2021,,,,0
73236,2022,,,,0
73236,2023,,,,0
73236,2024,,,,0
73268,2001,,,,0
73268,2002,,,,0
73268,2003,,,,0
73268,2004,,,,0
73268,2005,,,,0
73268,2006,,,,0
73268,2007,,,,0
73268,2008,,,,0
73268,2009,,,,0
73268,2010,,,,0
73268,2011,,,,0
73268,2012,,,,0
73268,2013,,,,0
73268,2014,,,,0
73268,2015,,,,0
73268,2016,,,,0
73268,2017,,,,0
73268,2018,,,,0
73268,2019,,,,0
73268,2020,,,,0
73268,2021,,,,0
73268,2022,,,,0
73268,2023,,,,0
73268,2024,,,,0
73270,2001,,,,0
73270,2002,,,,0
73270,2003,,,,0
73270,2004,,,,0
73270,2005,,,,0
73270,2006,,,,0
73270,2007,,,,0
73270,2008,,,,0
73270,2009,,,,0
73270,2010,,,,0
73270,2011,,,,0
73270,2012,,,,0
73270,2013,,,,0
73270,2014,,,,0
73270,2015,,,,0
73270,2016,,,,0
73270,2017,,,,0
73270,2018,,,,0
73270,2019,,,,0
73270,2020,,,,0
73270,2021,,,,0
73270,2022,,,,0
73270,2023,,,,0
73270,2024,,,,0
73275,2001,,,,0
73275,2002,,,,0
73275,2003,,,,0
73275,2004,,,,0
73275,2005,,,,0
73275,2006,,,,0
73275,2007,,,,0
73275,2008,,,,0
73275,2009,,,,0
73275,2010,,,,0
73275,2011,,,,0
73275,2012,,,,0
73275,2013,,,,0
73275,2014,,,,0
73275,2015,,,,0
73275,2016,,,,0
73275,2017,,,,0
73275,2018,,,,0
73275,2019,,,,0
73275,2020,,,,0
73275,2021,,,,0
73275,2022,,,,0
73275,2023,,,,0
73275,2024,,,,0
73283,2001,,,,0
73283,2002,,,,0
73283,2003,,,,0
73283,2004,,,,0
73283,2005,,,,0
73283,2006,,,,0
73283,2007,,,,0
73283,2008,,,,0
73283,2009,,,,0
73283,2010,,,,0
73283,2011,,,,0
73283,2012,,,,0
73283,2013,,,,0
73283,2014,,,,0
73283,2015,,,,0
73283,2016,,,,0
73283,2017,,,,0
73283,2018,,,,0
73283,2019,,,,0
73283,2020,,,,0
73283,2021,,,,0
73283,2022,,,,0
73283,2023,,,,0
73283,2024,,,,0
73319,2001,,,,0
73319,2002,,,,0
73319,2003,,,,0
73319,2004,,,,0
73319,2005,,,,0
73319,2006,,,,0
73319,2007,,,,0
73319,2008,,,,0
73319,2009,,,,0
73319,2010,,,,0
73319,2011,,,,0
73319,2012,,,,0
73319,2013,,,,0
73319,2014,,,,0
73319,2015,,,,0
73319,2016,,,,0
73319,2017,,,,0
73319,2018,,,,0
73319,2019,,,,0
73319,2020,,,,0
73319,2021,,,,0
73319,2022,,,,0
73319,2023,,,,0
73319,2024,,,,0
73347,2001,,,,0
73347,2002,,,,0
73347,2003,,,,0
73347,2004,,,,0
73347,2005,,,,0
73347,2006,,,,0
73347,2007,,,,0
73347,2008,,,,0
73347,2009,,,,0
73347,2010,,,,0
73347,2011,,,,0
73347,2012,,,,0
73347,2013,,,,0
73347,2014,,,,0
73347,2015,,,,0
73347,2016,,,,0
73347,2017,,,,0
73347,2018,,,,0
73347,2019,,,,0
73347,2020,,,,0
73347,2021,,,,0
73347,2022,,,,0
73347,2023,,,,0
73347,2024,,,,0
73349,2001,,,,0
73349,2002,,,,0
73349,2003,,,,0
73349,2004,,,,0
73349,2005,,,,0
73349,2006,,,,0
73349,2007,,,,0
73349,2008,,,,0
73349,2009,,,,0
73349,2010,,,,0
73349,2011,,,,0
73349,2012,,,,0
73349,2013,,,,0
73349,2014,,,,0
73349,2015,,,,0
73349,2016,,,,0
73349,2017,,,,0
73349,2018,,,,0
73349,2019,,,,0
73349,2020,,,,0
73349,2021,,,,0
73349,2022,,,,0
73349,2023,,,,0
73349,2024,,,,0
73352,2001,,,,0
73352,2002,,,,0
73352,2003,,,,0
73352,2004,,,,0
73352,2005,,,,0
73352,2006,,,,0
73352,2007,,,,0
73352,2008,,,,0
73352,2009,,,,0
73352,2010,,,,0
73352,2011,,,,0
73352,2012,,,,0
73352,2013,,,,0
73352,2014,,,,0
73352,2015,,,,0
73352,2016,,,,0
73352,2017,,,,0
73352,2018,,,,0
73352,2019,,,,0
73352,2020,,,,0
73352,2021,,,,0
73352,2022,,,,0
73352,2023,,,,0
73352,2024,,,,0
73408,2001,,,,0
73408,2002,,,,0
73408,2003,,,,0
73408,2004,,,,0
73408,2005,,,,0
73408,2006,,,,0
73408,2007,,,,0
73408,2008,,,,0
73408,2009,,,,0
73408,2010,,,,0
73408,2011,,,,0
73408,2012,,,,0
73408,2013,,,,0
73408,2014,,,,0
73408,2015,,,,0
73408,2016,,,,0
73408,2017,,,,0
73408,2018,,,,0
73408,2019,,,,0
73408,2020,,,,0
73408,2021,,,,0
73408,2022,,,,0
73408,2023,,,,0
73408,2024,,,,0
73411,2001,,,,0
73411,2002,,,,0
73411,2003,,,,0
73411,2004,,,,0
73411,2005,,,,0
73411,2006,,,,0
73411,2007,,,,0
73411,2008,,,,0
73411,2009,,,,0
73411,2010,,,,0
73411,2011,,,,0
73411,2012,,,,0
73411,2013,,,,0
73411,2014,,,,0
73411,2015,,,,0
73411,2016,,,,0
73411,2017,,,,0
73411,2018,,,,0
73411,2019,,,,0
73411,2020,,,,0
73411,2021,,,,0
73411,2022,,,,0
73411,2023,,,,0
73411,2024,,,,0
73443,2001,,,,0
73443,2002,,,,0
73443,2003,,,,0
73443,2004,,,,0
73443,2005,,,,0
73443,2006,,,,0
73443,2007,,,,0
73443,2008,,,,0
73443,2009,,,,0
73443,2010,,,,0
73443,2011,,,,0
73443,2012,,,,0
73443,2013,,,,0
73443,2014,,,,0
73443,2015,,,,0
73443,2016,,,,0
73443,2017,,,,0
73443,2018,,,,0
73443,2019,,,,0
73443,2020,,,,0
73443,2021,,,,0
73443,2022,,,,0
73443,2023,,,,0
73443,2024,,,,0
73449,2001,,,,0
73449,2002,,,,0
73449,2003,,,,0
73449,2004,,,,0
73449,2005,,,,0
73449,2006,,,,0
73449,2007,,,,0
73449,2008,,,,0
73449,2009,,,,0
73449,2010,,,,0
73449,2011,,,,0
73449,2012,,,,0
73449,2013,,,,0
73449,2014,,,,0
73449,2015,,,,0
73449,2016,,,,0
73449,2017,,,,0
73449,2018,,,,0
73449,2019,,,,0
73449,2020,,,,0
73449,2021,,,,0
73449,2022,,,,0
73449,2023,,,,0
73449,2024,,,,0
73461,2001,,,,0
73461,2002,,,,0
73461,2003,,,,0
73461,2004,,,,0
73461,2005,,,,0
73461,2006,,,,0
73461,2007,,,,0
73461,2008,,,,0
73461,2009,,,,0
73461,2010,,,,0
73461,2011,,,,0
73461,2012,,,,0
73461,2013,,,,0
73461,2014,,,,0
73461,2015,,,,0
73461,2016,,,,0
73461,2017,,,,0
73461,2018,,,,0
73461,2019,,,,0
73461,2020,,,,0
73461,2021,,,,0
73461,2022,,,,0
73461,2023,,,,0
73461,2024,,,,0
73483,2001,,,,0
73483,2002,,,,0
73483,2003,,,,0
73483,2004,,,,0
73483,2005,,,,0
73483,2006,,,,0
73483,2007,,,,0
73483,2008,,,,0
73483,2009,,,,0
73483,2010,,,,0
73483,2011,,,,0
73483,2012,,,,0
73483,2013,,,,0
73483,2014,,,,0
73483,2015,,,,0
73483,2016,,,,0
73483,2017,,,,0
73483,2018,,,,0
73483,2019,,,,0
73483,2020,,,,0
73483,2021,,,,0
73483,2022,,,,0
73483,2023,,,,0
73483,2024,,,,0
73504,2001,,,,0
73504,2002,,,,0
73504,2003,,,,0
73504,2004,,,,0
73504,2005,,,,0
73504,2006,,,,0
73504,2007,,,,0
73504,2008,,,,0
73504,2009,,,,0
73504,2010,,,,0
73504,2011,,,,0
73504,2012,,,,0
73504,2013,,,,0
73504,2014,,,,0
73504,2015,,,,0
73504,2016,,,,0
73504,2017,,,,0
73504,2018,,,,0
73504,2019,,,,0
73504,2020,,,,0
73504,2021,,,,0
73504,2022,,,,0
73504,2023,,,,0
73504,2024,,,,0
73520,2001,,,,0
73520,2002,,,,0
73520,2003,,,,0
73520,2004,,,,0
73520,2005,,,,0
73520,2006,,,,0
73520,2007,,,,0
73520,2008,,,,0
73520,2009,,,,0
73520,2010,,,,0
73520,2011,,,,0
73520,2012,,,,0
73520,2013,,,,0
73520,2014,,,,0
73520,2015,,,,0
73520,2016,,,,0
73520,2017,,,,0
73520,2018,,,,0
73520,2019,,,,0
73520,2020,,,,0
73520,2021,,,,0
73520,2022,,,,0
73520,2023,,,,0
73520,2024,,,,0
73547,2001,,,,0
73547,2002,,,,0
73547,2003,,,,0
73547,2004,,,,0
73547,2005,,,,0
73547,2006,,,,0
73547,2007,,,,0
73547,2008,,,,0
73547,2009,,,,0
73547,2010,,,,0
73547,2011,,,,0
73547,2012,,,,0
73547,2013,,,,0
73547,2014,,,,0
73547,2015,,,,0
73547,2016,,,,0
73547,2017,,,,0
73547,2018,,,,0
73547,2019,,,,0
73547,2020,,,,0
73547,2021,,,,0
73547,2022,,,,0
73547,2023,,,,0
73547,2024,,,,0
73555,2001,,,,0
73555,2002,,,,0
73555,2003,,,,0
73555,2004,,,,0
73555,2005,,,,0
73555,2006,,,,0
73555,2007,,,,0
73555,2008,,,,0
73555,2009,,,,0
73555,2010,,,,0
73555,2011,,,,0
73555,2012,,,,0
73555,2013,,,,0
73555,2014,,,,0
73555,2015,,,,0
73555,2016,,,,0
73555,2017,,,,0
73555,2018,,,,0
73555,2019,,,,0
73555,2020,,,,0
73555,2021,,,,0
73555,2022,,,,0
73555,2023,,,,0
73555,2024,,,,0
73563,2001,,,,0
73563,2002,,,,0
73563,2003,,,,0
73563,2004,,,,0
73563,2005,,,,0
73563,2006,,,,0
73563,2007,,,,0
73563,2008,,,,0
73563,2009,,,,0
73563,2010,,,,0
73563,2011,,,,0
73563,2012,,,,0
73563,2013,,,,0
73563,2014,,,,0
73563,2015,,,,0
73563,2016,,,,0
73563,2017,,,,0
73563,2018,,,,0
73563,2019,,,,0
73563,2020,,,,0
73563,2021,,,,0
73563,2022,,,,0
73563,2023,,,,0
73563,2024,,,,0
73585,2001,,,,0
73585,2002,,,,0
73585,2003,,,,0
73585,2004,,,,0
73585,2005,,,,0
73585,2006,,,,0
73585,2007,,,,0
73585,2008,,,,0
73585,2009,,,,0
73585,2010,,,,0
73585,2011,,,,0
73585,2012,,,,0
73585,2013,,,,0
73585,2014,,,,0
73585,2015,,,,0
73585,2016,,,,0
73585,2017,,,,0
73585,2018,,,,0
73585,2019,,,,0
73585,2020,,,,0
73585,2021,,,,0
73585,2022,,,,0
73585,2023,,,,0
73585,2024,,,,0
73616,2001,,,,0
73616,2002,,,,0
73616,2003,,,,0
73616,2004,,,,0
73616,2005,,,,0
73616,2006,,,,0
73616,2007,,,,0
73616,2008,,,,0
73616,2009,,,,0
73616,2010,,,,0
73616,2011,,,,0
73616,2012,,,,0
73616,2013,,,,0
73616,2014,,,,0
73616,2015,,,,0
73616,2016,,,,0
73616,2017,,,,0
73616,2018,,,,0
73616,2019,,,,0
73616,2020,,,,0
73616,2021,,,,0
73616,2022,,,,0
73616,2023,,,,0
73616,2024,,,,0
73622,2001,,,,0
73622,2002,,,,0
73622,2003,,,,0
73622,2004,,,,0
73622,2005,,,,0
73622,2006,,,,0
73622,2007,,,,0
73622,2008,,,,0
73622,2009,,,,0
73622,2010,,,,0
73622,2011,,,,0
73622,2012,,,,0
73622,2013,,,,0
73622,2014,,,,0
73622,2015,,,,0
73622,2016,,,,0
73622,2017,,,,0
73622,2018,,,,0
73622,2019,,,,0
73622,2020,,,,0
73622,2021,,,,0
73622,2022,,,,0
73622,2023,,,,0
73622,2024,,,,0
73624,2001,,,,0
73624,2002,,,,0
73624,2003,,,,0
73624,2004,,,,0
73624,2005,,,,0
73624,2006,,,,0
73624,2007,,,,0
73624,2008,,,,0
73624,2009,,,,0
73624,2010,,,,0
73624,2011,,,,0
73624,2012,,,,0
73624,2013,,,,0
73624,2014,,,,0
73624,2015,,,,0
73624,2016,,,,0
73624,2017,,,,0
73624,2018,,,,0
73624,2019,,,,0
73624,2020,,,,0
73624,2021,,,,0
73624,2022,,,,0
73624,2023,,,,0
73624,2024,,,,0
73671,2001,,,,0
73671,2002,,,,0
73671,2003,,,,0
73671,2004,,,,0
73671,2005,,,,0
73671,2006,,,,0
73671,2007,,,,0
73671,2008,,,,0
73671,2009,,,,0
73671,2010,,,,0
73671,2011,,,,0
73671,2012,,,,0
73671,2013,,,,0
73671,2014,,,,0
73671,2015,,,,0
73671,2016,,,,0
73671,2017,,,,0
73671,2018,,,,0
73671,2019,,,,0
73671,2020,,,,0
73671,2021,,,,0
73671,2022,,,,0
73671,2023,,,,0
73671,2024,,,,0
73675,2001,,,,0
73675,2002,,,,0
73675,2003,,,,0
73675,2004,,,,0
73675,2005,,,,0
73675,2006,,,,0
73675,2007,,,,0
73675,2008,,,,0
73675,2009,,,,0
73675,2010,,,,0
73675,2011,,,,0
73675,2012,,,,0
73675,2013,,,,0
73675,2014,,,,0
73675,2015,,,,0
73675,2016,,,,0
73675,2017,,,,0
73675,2018,,,,0
73675,2019,,,,0
73675,2020,,,,0
73675,2021,,,,0
73675,2022,,,,0
73675,2023,,,,0
73675,2024,,,,0
73678,2001,,,,0
73678,2002,,,,0
73678,2003,,,,0
73678,2004,,,,0
73678,2005,,,,0
73678,2006,,,,0
73678,2007,,,,0
73678,2008,,,,0
73678,2009,,,,0
73678,2010,,,,0
73678,2011,,,,0
73678,2012,,,,0
73678,2013,,,,0
73678,2014,,,,0
73678,2015,,,,0
73678,2016,,,,0
73678,2017,,,,0
73678,2018,,,,0
73678,2019,,,,0
73678,2020,,,,0
73678,2021,,,,0
73678,2022,,,,0
73678,2023,,,,0
73678,2024,,,,0
73686,2001,,,,0
73686,2002,,,,0
73686,2003,,,,0
73686,2004,,,,0
73686,2005,,,,0
73686,2006,,,,0
73686,2007,,,,0
73686,2008,,,,0
73686,2009,,,,0
73686,2010,,,,0
73686,2011,,,,0
73686,2012,,,,0
73686,2013,,,,0
73686,2014,,,,0
73686,2015,,,,0
73686,2016,,,,0
73686,2017,,,,0
73686,2018,,,,0
73686,2019,,,,0
73686,2020,,,,0
73686,2021,,,,0
73686,2022,,,,0
73686,2023,,,,0
73686,2024,,,,0
73770,2001,,,,0
73770,2002,,,,0
73770,2003,,,,0
73770,2004,,,,0
73770,2005,,,,0
73770,2006,,,,0
73770,2007,,,,0
73770,2008,,,,0
73770,2009,,,,0
73770,2010,,,,0
73770,2011,,,,0
73770,2012,,,,0
73770,2013,,,,0
73770,2014,,,,0
73770,2015,,,,0
73770,2016,,,,0
73770,2017,,,,0
73770,2018,,,,0
73770,2019,,,,0
73770,2020,,,,0
73770,2021,,,,0
73770,2022,,,,0
73770,2023,,,,0
73770,2024,,,,0
73854,2001,,,,0
73854,2002,,,,0
73854,2003,,,,0
73854,2004,,,,0
73854,2005,,,,0
73854,2006,,,,0
73854,2007,,,,0
73854,2008,,,,0
73854,2009,,,,0
73854,2010,,,,0
73854,2011,,,,0
73854,2012,,,,0
73854,2013,,,,0
73854,2014,,,,0
73854,2015,,,,0
73854,2016,,,,0
73854,2017,,,,0
73854,2018,,,,0
73854,2019,,,,0
73854,2020,,,,0
73854,2021,,,,0
73854,2022,,,,0
73854,2023,,,,0
73854,2024,,,,0
73861,2001,,,,0
73861,2002,,,,0
73861,2003,,,,0
73861,2004,,,,0
73861,2005,,,,0
73861,2006,,,,0
73861,2007,,,,0
73861,2008,,,,0
73861,2009,,,,0
73861,2010,,,,0
73861,2011,,,,0
73861,2012,,,,0
73861,2013,,,,0
73861,2014,,,,0
73861,2015,,,,0
73861,2016,,,,0
73861,2017,,,,0
73861,2018,,,,0
73861,2019,,,,0
73861,2020,,,,0
73861,2021,,,,0
73861,2022,,,,0
73861,2023,,,,0
73861,2024,,,,0
73870,2001,,,,0
73870,2002,,,,0
73870,2003,,,,0
73870,2004,,,,0
73870,2005,,,,0
73870,2006,,,,0
73870,2007,,,,0
73870,2008,,,,0
73870,2009,,,,0
73870,2010,,,,0
73870,2011,,,,0
73870,2012,,,,0
73870,2013,,,,0
73870,2014,,,,0
73870,2015,,,,0
73870,2016,,,,0
73870,2017,,,,0
73870,2018,,,,0
73870,2019,,,,0
73870,2020,,,,0
73870,2021,,,,0
73870,2022,,,,0
73870,2023,,,,0
73870,2024,,,,0
73873,2001,,,,0
73873,2002,,,,0
73873,2003,,,,0
73873,2004,,,,0
73873,2005,,,,0
73873,2006,,,,0
73873,2007,,,,0
73873,2008,,,,0
73873,2009,,,,0
73873,2010,,,,0
73873,2011,,,,0
73873,2012,,,,0
73873,2013,,,,0
73873,2014,,,,0
73873,2015,,,,0
73873,2016,,,,0
73873,2017,,,,0
73873,2018,,,,0
73873,2019,,,,0
73873,2020,,,,0
73873,2021,,,,0
73873,2022,,,,0
73873,2023,,,,0
73873,2024,,,,0
76001,2001,,,,0
76001,2002,,,,0
76001,2003,,,,0
76001,2004,,,,0
76001,2005,,,,0
76001,2006,,,,0
76001,2007,,,,0
76001,2008,,,,0
76001,2009,,,,0
76001,2010,,,,0
76001,2011,,,,0
76001,2012,,,,0
76001,2013,,,,0
76001,2014,,,,0
76001,2015,,,,0
76001,2016,,,,0
76001,2017,,,,0
76001,2018,,,,0
76001,2019,,,,0
76001,2020,,,,0
76001,2021,,,,0
76001,2022,,,,0
76001,2023,,,,0
76001,2024,,,,0
76020,2001,,,,0
76020,2002,,,,0
76020,2003,,,,0
76020,2004,,,,0
76020,2005,,,,0
76020,2006,,,,0
76020,2007,,,,0
76020,2008,,,,0
76020,2009,,,,0
76020,2010,,,,0
76020,2011,,,,0
76020,2012,,,,0
76020,2013,,,,0
76020,2014,,,,0
76020,2015,,,,0
76020,2016,,,,0
76020,2017,,,,0
76020,2018,,,,0
76020,2019,,,,0
76020,2020,,,,0
76020,2021,,,,0
76020,2022,,,,0
76020,2023,,,,0
76020,2024,,,,0
76036,2001,,,,0
76036,2002,,,,0
76036,2003,,,,0
76036,2004,,,,0
76036,2005,,,,0
76036,2006,,,,0
76036,2007,,,,0
76036,2008,,,,0
76036,2009,,,,0
76036,2010,,,,0
76036,2011,,,,0
76036,2012,,,,0
76036,2013,,,,0
76036,2014,,,,0
76036,2015,,,,0
76036,2016,,,,0
76036,2017,,,,0
76036,2018,,,,0
76036,2019,,,,0
76036,2020,,,,0
76036,2021,,,,0
76036,2022,,,,0
76036,2023,,,,0
76036,2024,,,,0
76041,2001,,,,0
76041,2002,,,,0
76041,2003,,,,0
76041,2004,,,,0
76041,2005,,,,0
76041,2006,,,,0
76041,2007,,,,0
76041,2008,,,,0
76041,2009,,,,0
76041,2010,,,,0
76041,2011,,,,0
76041,2012,,,,0
76041,2013,,,,0
76041,2014,,,,0
76041,2015,,,,0
76041,2016,,,,0
76041,2017,,,,0
76041,2018,,,,0
76041,2019,,,,0
76041,2020,,,,0
76041,2021,,,,0
76041,2022,,,,0
76041,2023,,,,0
76041,2024,,,,0
76054,2001,,,,0
76054,2002,,,,0
76054,2003,,,,0
76054,2004,,,,0
76054,2005,,,,0
76054,2006,,,,0
76054,2007,,,,0
76054,2008,,,,0
76054,2009,,,,0
76054,2010,,,,0
76054,2011,,,,0
76054,2012,,,,0
76054,2013,,,,0
76054,2014,,,,0
76054,2015,,,,0
76054,2016,,,,0
76054,2017,,,,0
76054,2018,,,,0
76054,2019,,,,0
76054,2020,,,,0
76054,2021,,,,0
76054,2022,,,,0
76054,2023,,,,0
76054,2024,,,,0
76100,2001,,,,0
76100,2002,,,,0
76100,2003,,,,0
76100,2004,,,,0
76100,2005,,,,0
76100,2006,,,,0
76100,2007,,,,0
76100,2008,,,,0
76100,2009,,,,0
76100,2010,,,,0
76100,2011,,,,0
76100,2012,,,,0
76100,2013,,,,0
76100,2014,,,,0
76100,2015,,,,0
76100,2016,,,,0
76100,2017,,,,0
76100,2018,,,,0
76100,2019,,,,0
76100,2020,,,,0
76100,2021,,,,0
76100,2022,,,,0
76100,2023,,,,0
76100,2024,,,,0
76109,2001,,,,0
76109,2002,,,,0
76109,2003,,,,0
76109,2004,,,,0
76109,2005,,,,0
76109,2006,,,,0
76109,2007,,,,0
76109,2008,,,,0
76109,2009,,,,0
76109,2010,,,,0
76109,2011,,,,0
76109,2012,,,,0
76109,2013,,,,0
76109,2014,,,,0
76109,2015,,,,0
76109,2016,,,,0
76109,2017,,,,0
76109,2018,,,,0
76109,2019,,,,0
76109,2020,,,,0
76109,2021,,,,0
76109,2022,,,,0
76109,2023,,,,0
76109,2024,,,,0
76111,2001,,,,0
76111,2002,,,,0
76111,2003,,,,0
76111,2004,,,,0
76111,2005,,,,0
76111,2006,,,,0
76111,2007,,,,0
76111,2008,,,,0
76111,2009,,,,0
76111,2010,,,,0
76111,2011,,,,0
76111,2012,,,,0
76111,2013,,,,0
76111,2014,,,,0
76111,2015,,,,0
76111,2016,,,,0
76111,2017,,,,0
76111,2018,,,,0
76111,2019,,,,0
76111,2020,,,,0
76111,2021,,,,0
76111,2022,,,,0
76111,2023,,,,0
76111,2024,,,,0
76113,2001,,,,0
76113,2002,,,,0
76113,2003,,,,0
76113,2004,,,,0
76113,2005,,,,0
76113,2006,,,,0
76113,2007,,,,0
76113,2008,,,,0
76113,2009,,,,0
76113,2010,,,,0
76113,2011,,,,0
76113,2012,,,,0
76113,2013,,,,0
76113,2014,,,,0
76113,2015,,,,0
76113,2016,,,,0
76113,2017,,,,0
76113,2018,,,,0
76113,2019,,,,0
76113,2020,,,,0
76113,2021,,,,0
76113,2022,,,,0
76113,2023,,,,0
76113,2024,,,,0
76122,2001,,,,0
76122,2002,,,,0
76122,2003,,,,0
76122,2004,,,,0
76122,2005,,,,0
76122,2006,,,,0
76122,2007,,,,0
76122,2008,,,,0
76122,2009,,,,0
76122,2010,,,,0
76122,2011,,,,0
76122,2012,,,,0
76122,2013,,,,0
76122,2014,,,,0
76122,2015,,,,0
76122,2016,,,,0
76122,2017,,,,0
76122,2018,,,,0
76122,2019,,,,0
76122,2020,,,,0
76122,2021,,,,0
76122,2022,,,,0
76122,2023,,,,0
76122,2024,,,,0
76126,2001,,,,0
76126,2002,,,,0
76126,2003,,,,0
76126,2004,,,,0
76126,2005,,,,0
76126,2006,,,,0
76126,2007,,,,0
76126,2008,,,,0
76126,2009,,,,0
76126,2010,,,,0
76126,2011,,,,0
76126,2012,,,,0
76126,2013,,,,0
76126,2014,,,,0
76126,2015,,,,0
76126,2016,,,,0
76126,2017,,,,0
76126,2018,,,,0
76126,2019,,,,0
76126,2020,,,,0
76126,2021,,,,0
76126,2022,,,,0
76126,2023,,,,0
76126,2024,,,,0
76130,2001,,,,0
76130,2002,,,,0
76130,2003,,,,0
76130,2004,,,,0
76130,2005,,,,0
76130,2006,,,,0
76130,2007,,,,0
76130,2008,,,,0
76130,2009,,,,0
76130,2010,,,,0
76130,2011,,,,0
76130,2012,,,,0
76130,2013,,,,0
76130,2014,,,,0
76130,2015,,,,0
76130,2016,,,,0
76130,2017,,,,0
76130,2018,,,,0
76130,2019,,,,0
76130,2020,,,,0
76130,2021,,,,0
76130,2022,,,,0
76130,2023,,,,0
76130,2024,,,,0
76147,2001,,,,0
76147,2002,,,,0
76147,2003,,,,0
76147,2004,,,,0
76147,2005,,,,0
76147,2006,,,,0
76147,2007,,,,0
76147,2008,,,,0
76147,2009,,,,0
76147,2010,,,,0
76147,2011,,,,0
76147,2012,,,,0
76147,2013,,,,0
76147,2014,,,,0
76147,2015,,,,0
76147,2016,,,,0
76147,2017,,,,0
76147,2018,,,,0
76147,2019,,,,0
76147,2020,,,,0
76147,2021,,,,0
76147,2022,,,,0
76147,2023,,,,0
76147,2024,,,,0
76233,2001,,,,0
76233,2002,,,,0
76233,2003,,,,0
76233,2004,,,,0
76233,2005,,,,0
76233,2006,,,,0
76233,2007,,,,0
76233,2008,,,,0
76233,2009,,,,0
76233,2010,,,,0
76233,2011,,,,0
76233,2012,,,,0
76233,2013,,,,0
76233,2014,,,,0
76233,2015,,,,0
76233,2016,,,,0
76233,2017,,,,0
76233,2018,,,,0
76233,2019,,,,0
76233,2020,,,,0
76233,2021,,,,0
76233,2022,,,,0
76233,2023,,,,0
76233,2024,,,,0
76243,2001,,,,0
76243,2002,,,,0
76243,2003,,,,0
76243,2004,,,,0
76243,2005,,,,0
76243,2006,,,,0
76243,2007,,,,0
76243,2008,,,,0
76243,2009,,,,0
76243,2010,,,,0
76243,2011,,,,0
76243,2012,,,,0
76243,2013,,,,0
76243,2014,,,,0
76243,2015,,,,0
76243,2016,,,,0
76243,2017,,,,0
76243,2018,,,,0
76243,2019,,,,0
76243,2020,,,,0
76243,2021,,,,0
76243,2022,,,,0
76243,2023,,,,0
76243,2024,,,,0
76246,2001,,,,0
76246,2002,,,,0
76246,2003,,,,0
76246,2004,,,,0
76246,2005,,,,0
76246,2006,,,,0
76246,2007,,,,0
76246,2008,,,,0
76246,2009,,,,0
76246,2010,,,,0
76246,2011,,,,0
76246,2012,,,,0
76246,2013,,,,0
76246,2014,,,,0
76246,2015,,,,0
76246,2016,,,,0
76246,2017,,,,0
76246,2018,,,,0
76246,2019,,,,0
76246,2020,,,,0
76246,2021,,,,0
76246,2022,,,,0
76246,2023,,,,0
76246,2024,,,,0
76248,2001,,,,0
76248,2002,,,,0
76248,2003,,,,0
76248,2004,,,,0
76248,2005,,,,0
76248,2006,,,,0
76248,2007,,,,0
76248,2008,,,,0
76248,2009,,,,0
76248,2010,,,,0
76248,2011,,,,0
76248,2012,,,,0
76248,2013,,,,0
76248,2014,,,,0
76248,2015,,,,0
76248,2016,,,,0
76248,2017,,,,0
76248,2018,,,,0
76248,2019,,,,0
76248,2020,,,,0
76248,2021,,,,0
76248,2022,,,,0
76248,2023,,,,0
76248,2024,,,,0
76250,2001,,,,0
76250,2002,,,,0
76250,2003,,,,0
76250,2004,,,,0
76250,2005,,,,0
76250,2006,,,,0
76250,2007,,,,0
76250,2008,,,,0
76250,2009,,,,0
76250,2010,,,,0
76250,2011,,,,0
76250,2012,,,,0
76250,2013,,,,0
76250,2014,,,,0
76250,2015,,,,0
76250,2016,,,,0
76250,2017,,,,0
76250,2018,,,,0
76250,2019,,,,0
76250,2020,,,,0
76250,2021,,,,0
76250,2022,,,,0
76250,2023,,,,0
76250,2024,,,,0
76275,2001,,,,0
76275,2002,,,,0
76275,2003,,,,0
76275,2004,,,,0
76275,2005,,,,0
76275,2006,,,,0
76275,2007,,,,0
76275,2008,,,,0
76275,2009,,,,0
76275,2010,,,,0
76275,2011,,,,0
76275,2012,,,,0
76275,2013,,,,0
76275,2014,,,,0
76275,2015,,,,0
76275,2016,,,,0
76275,2017,,,,0
76275,2018,,,,0
76275,2019,,,,0
76275,2020,,,,0
76275,2021,,,,0
76275,2022,,,,0
76275,2023,,,,0
76275,2024,,,,0
76306,2001,,,,0
76306,2002,,,,0
76306,2003,,,,0
76306,2004,,,,0
76306,2005,,,,0
76306,2006,,,,0
76306,2007,,,,0
76306,2008,,,,0
76306,2009,,,,0
76306,2010,,,,0
76306,2011,,,,0
76306,2012,,,,0
76306,2013,,,,0
76306,2014,,,,0
76306,2015,,,,0
76306,2016,,,,0
76306,2017,,,,0
76306,2018,,,,0
76306,2019,,,,0
76306,2020,,,,0
76306,2021,,,,0
76306,2022,,,,0
76306,2023,,,,0
76306,2024,,,,0
76318,2001,,,,0
76318,2002,,,,0
76318,2003,,,,0
76318,2004,,,,0
76318,2005,,,,0
76318,2006,,,,0
76318,2007,,,,0
76318,2008,,,,0
76318,2009,,,,0
76318,2010,,,,0
76318,2011,,,,0
76318,2012,,,,0
76318,2013,,,,0
76318,2014,,,,0
76318,2015,,,,0
76318,2016,,,,0
76318,2017,,,,0
76318,2018,,,,0
76318,2019,,,,0
76318,2020,,,,0
76318,2021,,,,0
76318,2022,,,,0
76318,2023,,,,0
76318,2024,,,,0
76364,2001,,,,0
76364,2002,,,,0
76364,2003,,,,0
76364,2004,,,,0
76364,2005,,,,0
76364,2006,,,,0
76364,2007,,,,0
76364,2008,,,,0
76364,2009,,,,0
76364,2010,,,,0
76364,2011,,,,0
76364,2012,,,,0
76364,2013,,,,0
76364,2014,,,,0
76364,2015,,,,0
76364,2016,,,,0
76364,2017,,,,0
76364,2018,,,,0
76364,2019,,,,0
76364,2020,,,,0
76364,2021,,,,0
76364,2022,,,,0
76364,2023,,,,0
76364,2024,,,,0
76377,2001,,,,0
76377,2002,,,,0
76377,2003,,,,0
76377,2004,,,,0
76377,2005,,,,0
76377,2006,,,,0
76377,2007,,,,0
76377,2008,,,,0
76377,2009,,,,0
76377,2010,,,,0
76377,2011,,,,0
76377,2012,,,,0
76377,2013,,,,0
76377,2014,,,,0
76377,2015,,,,0
76377,2016,,,,0
76377,2017,,,,0
76377,2018,,,,0
76377,2019,,,,0
76377,2020,,,,0
76377,2021,,,,0
76377,2022,,,,0
76377,2023,,,,0
76377,2024,,,,0
76400,2001,,,,0
76400,2002,,,,0
76400,2003,,,,0
76400,2004,,,,0
76400,2005,,,,0
76400,2006,,,,0
76400,2007,,,,0
76400,2008,,,,0
76400,2009,,,,0
76400,2010,,,,0
76400,2011,,,,0
76400,2012,,,,0
76400,2013,,,,0
76400,2014,,,,0
76400,2015,,,,0
76400,2016,,,,0
76400,2017,,,,0
76400,2018,,,,0
76400,2019,,,,0
76400,2020,,,,0
76400,2021,,,,0
76400,2022,,,,0
76400,2023,,,,0
76400,2024,,,,0
76403,2001,,,,0
76403,2002,,,,0
76403,2003,,,,0
76403,2004,,,,0
76403,2005,,,,0
76403,2006,,,,0
76403,2007,,,,0
76403,2008,,,,0
76403,2009,,,,0
76403,2010,,,,0
76403,2011,,,,0
76403,2012,,,,0
76403,2013,,,,0
76403,2014,,,,0
76403,2015,,,,0
76403,2016,,,,0
76403,2017,,,,0
76403,2018,,,,0
76403,2019,,,,0
76403,2020,,,,0
76403,2021,,,,0
76403,2022,,,,0
76403,2023,,,,0
76403,2024,,,,0
76497,2001,,,,0
76497,2002,,,,0
76497,2003,,,,0
76497,2004,,,,0
76497,2005,,,,0
76497,2006,,,,0
76497,2007,,,,0
76497,2008,,,,0
76497,2009,,,,0
76497,2010,,,,0
76497,2011,,,,0
76497,2012,,,,0
76497,2013,,,,0
76497,2014,,,,0
76497,2015,,,,0
76497,2016,,,,0
76497,2017,,,,0
76497,2018,,,,0
76497,2019,,,,0
76497,2020,,,,0
76497,2021,,,,0
76497,2022,,,,0
76497,2023,,,,0
76497,2024,,,,0
76520,2001,,,,0
76520,2002,,,,0
76520,2003,,,,0
76520,2004,,,,0
76520,2005,,,,0
76520,2006,,,,0
76520,2007,,,,0
76520,2008,,,,0
76520,2009,,,,0
76520,2010,,,,0
76520,2011,,,,0
76520,2012,,,,0
76520,2013,,,,0
76520,2014,,,,0
76520,2015,,,,0
76520,2016,,,,0
76520,2017,,,,0
76520,2018,,,,0
76520,2019,,,,0
76520,2020,,,,0
76520,2021,,,,0
76520,2022,,,,0
76520,2023,,,,0
76520,2024,,,,0
76563,2001,,,,0
76563,2002,,,,0
76563,2003,,,,0
76563,2004,,,,0
76563,2005,,,,0
76563,2006,,,,0
76563,2007,,,,0
76563,2008,,,,0
76563,2009,,,,0
76563,2010,,,,0
76563,2011,,,,0
76563,2012,,,,0
76563,2013,,,,0
76563,2014,,,,0
76563,2015,,,,0
76563,2016,,,,0
76563,2017,,,,0
76563,2018,,,,0
76563,2019,,,,0
76563,2020,,,,0
76563,2021,,,,0
76563,2022,,,,0
76563,2023,,,,0
76563,2024,,,,0
76606,2001,,,,0
76606,2002,,,,0
76606,2003,,,,0
76606,2004,,,,0
76606,2005,,,,0
76606,2006,,,,0
76606,2007,,,,0
76606,2008,,,,0
76606,2009,,,,0
76606,2010,,,,0
76606,2011,,,,0
76606,2012,,,,0
76606,2013,,,,0
76606,2014,,,,0
76606,2015,,,,0
76606,2016,,,,0
76606,2017,,,,0
76606,2018,,,,0
76606,2019,,,,0
76606,2020,,,,0
76606,2021,,,,0
76606,2022,,,,0
76606,2023,,,,0
76606,2024,,,,0
76616,2001,,,,0
76616,2002,,,,0
76616,2003,,,,0
76616,2004,,,,0
76616,2005,,,,0
76616,2006,,,,0
76616,2007,,,,0
76616,2008,,,,0
76616,2009,,,,0
76616,2010,,,,0
76616,2011,,,,0
76616,2012,,,,0
76616,2013,,,,0
76616,2014,,,,0
76616,2015,,,,0
76616,2016,,,,0
76616,2017,,,,0
76616,2018,,,,0
76616,2019,,,,0
76616,2020,,,,0
76616,2021,,,,0
76616,2022,,,,0
76616,2023,,,,0
76616,2024,,,,0
76622,2001,,,,0
76622,2002,,,,0
76622,2003,,,,0
76622,2004,,,,0
76622,2005,,,,0
76622,2006,,,,0
76622,2007,,,,0
76622,2008,,,,0
76622,2009,,,,0
76622,2010,,,,0
76622,2011,,,,0
76622,2012,,,,0
76622,2013,,,,0
76622,2014,,,,0
76622,2015,,,,0
76622,2016,,,,0
76622,2017,,,,0
76622,2018,,,,0
76622,2019,,,,0
76622,2020,,,,0
76622,2021,,,,0
76622,2022,,,,0
76622,2023,,,,0
76622,2024,,,,0
76670,2001,,,,0
76670,2002,,,,0
76670,2003,,,,0
76670,2004,,,,0
76670,2005,,,,0
76670,2006,,,,0
76670,2007,,,,0
76670,2008,,,,0
76670,2009,,,,0
76670,2010,,,,0
76670,2011,,,,0
76670,2012,,,,0
76670,2013,,,,0
76670,2014,,,,0
76670,2015,,,,0
76670,2016,,,,0
76670,2017,,,,0
76670,2018,,,,0
76670,2019,,,,0
76670,2020,,,,0
76670,2021,,,,0
76670,2022,,,,0
76670,2023,,,,0
76670,2024,,,,0
76736,2001,,,,0
76736,2002,,,,0
76736,2003,,,,0
76736,2004,,,,0
76736,2005,,,,0
76736,2006,,,,0
76736,2007,,,,0
76736,2008,,,,0
76736,2009,,,,0
76736,2010,,,,0
76736,2011,,,,0
76736,2012,,,,0
76736,2013,,,,0
76736,2014,,,,0
76736,2015,,,,0
76736,2016,,,,0
76736,2017,,,,0
76736,2018,,,,0
76736,2019,,,,0
76736,2020,,,,0
76736,2021,,,,0
76736,2022,,,,0
76736,2023,,,,0
76736,2024,,,,0
76823,2001,,,,0
76823,2002,,,,0
76823,2003,,,,0
76823,2004,,,,0
76823,2005,,,,0
76823,2006,,,,0
76823,2007,,,,0
76823,2008,,,,0
76823,2009,,,,0
76823,2010,,,,0
76823,2011,,,,0
76823,2012,,,,0
76823,2013,,,,0
76823,2014,,,,0
76823,2015,,,,0
76823,2016,,,,0
76823,2017,,,,0
76823,2018,,,,0
76823,2019,,,,0
76823,2020,,,,0
76823,2021,,,,0
76823,2022,,,,0
76823,2023,,,,0
76823,2024,,,,0
76828,2001,,,,0
76828,2002,,,,0
76828,2003,,,,0
76828,2004,,,,0
76828,2005,,,,0
76828,2006,,,,0
76828,2007,,,,0
76828,2008,,,,0
76828,2009,,,,0
76828,2010,,,,0
76828,2011,,,,0
76828,2012,,,,0
76828,2013,,,,0
76828,2014,,,,0
76828,2015,,,,0
76828,2016,,,,0
76828,2017,,,,0
76828,2018,,,,0
76828,2019,,,,0
76828,2020,,,,0
76828,2021,,,,0
76828,2022,,,,0
76828,2023,,,,0
76828,2024,,,,0
76834,2001,,,,0
76834,2002,,,,0
76834,2003,,,,0
76834,2004,,,,0
76834,2005,,,,0
76834,2006,,,,0
76834,2007,,,,0
76834,2008,,,,0
76834,2009,,,,0
76834,2010,,,,0
76834,2011,,,,0
76834,2012,,,,0
76834,2013,,,,0
76834,2014,,,,0
76834,2015,,,,0
76834,2016,,,,0
76834,2017,,,,0
76834,2018,,,,0
76834,2019,,,,0
76834,2020,,,,0
76834,2021,,,,0
76834,2022,,,,0
76834,2023,,,,0
76834,2024,,,,0
76845,2001,,,,0
76845,2002,,,,0
76845,2003,,,,0
76845,2004,,,,0
76845,2005,,,,0
76845,2006,,,,0
76845,2007,,,,0
76845,2008,,,,0
76845,2009,,,,0
76845,2010,,,,0
76845,2011,,,,0
76845,2012,,,,0
76845,2013,,,,0
76845,2014,,,,0
76845,2015,,,,0
76845,2016,,,,0
76845,2017,,,,0
76845,2018,,,,0
76845,2019,,,,0
76845,2020,,,,0
76845,2021,,,,0
76845,2022,,,,0
76845,2023,,,,0
76845,2024,,,,0
76863,2001,,,,0
76863,2002,,,,0
76863,2003,,,,0
76863,2004,,,,0
76863,2005,,,,0
76863,2006,,,,0
76863,2007,,,,0
76863,2008,,,,0
76863,2009,,,,0
76863,2010,,,,0
76863,2011,,,,0
76863,2012,,,,0
76863,2013,,,,0
76863,2014,,,,0
76863,2015,,,,0
76863,2016,,,,0
76863,2017,,,,0
76863,2018,,,,0
76863,2019,,,,0
76863,2020,,,,0
76863,2021,,,,0
76863,2022,,,,0
76863,2023,,,,0
76863,2024,,,,0
76869,2001,,,,0
76869,2002,,,,0
76869,2003,,,,0
76869,2004,,,,0
76869,2005,,,,0
76869,2006,,,,0
76869,2007,,,,0
76869,2008,,,,0
76869,2009,,,,0
76869,2010,,,,0
76869,2011,,,,0
76869,2012,,,,0
76869,2013,,,,0
76869,2014,,,,0
76869,2015,,,,0
76869,2016,,,,0
76869,2017,,,,0
76869,2018,,,,0
76869,2019,,,,0
76869,2020,,,,0
76869,2021,,,,0
76869,2022,,,,0
76869,2023,,,,0
76869,2024,,,,0
76890,2001,,,,0
76890,2002,,,,0
76890,2003,,,,0
76890,2004,,,,0
76890,2005,,,,0
76890,2006,,,,0
76890,2007,,,,0
76890,2008,,,,0
76890,2009,,,,0
76890,2010,,,,0
76890,2011,,,,0
76890,2012,,,,0
76890,2013,,,,0
76890,2014,,,,0
76890,2015,,,,0
76890,2016,,,,0
76890,2017,,,,0
76890,2018,,,,0
76890,2019,,,,0
76890,2020,,,,0
76890,2021,,,,0
76890,2022,,,,0
76890,2023,,,,0
76890,2024,,,,0
76892,2001,,,,0
76892,2002,,,,0
76892,2003,,,,0
76892,2004,,,,0
76892,2005,,,,0
76892,2006,,,,0
76892,2007,,,,0
76892,2008,,,,0
76892,2009,,,,0
76892,2010,,,,0
76892,2011,,,,0
76892,2012,,,,0
76892,2013,,,,0
76892,2014,,,,0
76892,2015,,,,0
76892,2016,,,,0
76892,2017,,,,0
76892,2018,,,,0
76892,2019,,,,0
76892,2020,,,,0
76892,2021,,,,0
76892,2022,,,,0
76892,2023,,,,0
76892,2024,,,,0
76895,2001,,,,0
76895,2002,,,,0
76895,2003,,,,0
76895,2004,,,,0
76895,2005,,,,0
76895,2006,,,,0
76895,2007,,,,0
76895,2008,,,,0
76895,2009,,,,0
76895,2010,,,,0
76895,2011,,,,0
76895,2012,,,,0
76895,2013,,,,0
76895,2014,,,,0
76895,2015,,,,0
76895,2016,,,,0
76895,2017,,,,0
76895,2018,,,,0
76895,2019,,,,0
76895,2020,,,,0
76895,2021,,,,0
76895,2022,,,,0
76895,2023,,,,0
76895,2024,,,,0
8001,2001,,,,0
8001,2002,,,,0
8001,2003,,,,0
8001,2004,,,,0
8001,2005,,,,0
8001,2006,,,,0
8001,2007,,,,0
8001,2008,,,,0
8001,2009,,,,0
8001,2010,,,,0
8001,2011,,,,0
8001,2012,,,,0
8001,2013,,,,0
8001,2014,,,,0
8001,2015,,,,0
8001,2016,,,,0
8001,2017,,,,0
8001,2018,,,,0
8001,2019,,,,0
8001,2020,,,,0
8001,2021,,,,0
8001,2022,,,,0
8001,2023,,,,0
8001,2024,,,,0
8078,2001,,,,0
8078,2002,,,,0
8078,2003,,,,0
8078,2004,,,,0
8078,2005,,,,0
8078,2006,,,,0
8078,2007,,,,0
8078,2008,,,,0
8078,2009,,,,0
8078,2010,,,,0
8078,2011,,,,0
8078,2012,,,,0
8078,2013,,,,0
8078,2014,,,,0
8078,2015,,,,0
8078,2016,,,,0
8078,2017,,,,0
8078,2018,,,,0
8078,2019,,,,0
8078,2020,,,,0
8078,2021,,,,0
8078,2022,,,,0
8078,2023,,,,0
8078,2024,,,,0
81001,2001,,,,0
81001,2002,,,,0
81001,2003,,,,0
81001,2004,,,,0
81001,2005,,,,0
81001,2006,,,,0
81001,2007,,,,0
81001,2008,,,,0
81001,2009,,,,0
81001,2010,,,,0
81001,2011,,,,0
81001,2012,,,,0
81001,2013,,,,0
81001,2014,,,,0
81001,2015,,,,0
81001,2016,,,,0
81001,2017,,,,0
81001,2018,,,,0
81001,2019,,,,0
81001,2020,,,,0
81001,2021,,,,0
81001,2022,,,,0
81001,2023,,,,0
81001,2024,,,,0
81065,2001,,,,0
81065,2002,,,,0
81065,2003,,,,0
81065,2004,,,,0
81065,2005,,,,0
81065,2006,,,,0
81065,2007,,,,0
81065,2008,,,,0
81065,2009,,,,0
81065,2010,,,,0
81065,2011,,,,0
81065,2012,,,,0
81065,2013,,,,0
81065,2014,,,,0
81065,2015,,,,0
81065,2016,,,,0
81065,2017,,,,0
81065,2018,,,,0
81065,2019,,,,0
81065,2020,,,,0
81065,2021,,,,0
81065,2022,,,,0
81065,2023,,,,0
81065,2024,,,,0
81220,2001,,,,0
81220,2002,,,,0
81220,2003,,,,0
81220,2004,,,,0
81220,2005,,,,0
81220,2006,,,,0
81220,2007,,,,0
81220,2008,,,,0
81220,2009,,,,0
81220,2010,,,,0
81220,2011,,,,0
81220,2012,,,,0
81220,2013,,,,0
81220,2014,,,,0
81220,2015,,,,0
81220,2016,,,,0
81220,2017,,,,0
81220,2018,,,,0
81220,2019,,,,0
81220,2020,,,,0
81220,2021,,,,0
81220,2022,,,,0
81220,2023,,,,0
81220,2024,,,,0
81300,2001,,,,0
81300,2002,,,,0
81300,2003,,,,0
81300,2004,,,,0
81300,2005,,,,0
81300,2006,,,,0
81300,2007,,,,0
81300,2008,,,,0
81300,2009,,,,0
81300,2010,,,,0
81300,2011,,,,0
81300,2012,,,,0
81300,2013,,,,0
81300,2014,,,,0
81300,2015,,,,0
81300,2016,,,,0
81300,2017,,,,0
81300,2018,,,,0
81300,2019,,,,0
81300,2020,,,,0
81300,2021,,,,0
81300,2022,,,,0
81300,2023,,,,0
81300,2024,,,,0
8137,2001,,,,0
8137,2002,,,,0
8137,2003,,,,0
8137,2004,,,,0
8137,2005,,,,0
8137,2006,,,,0
8137,2007,,,,0
8137,2008,,,,0
8137,2009,,,,0
8137,2010,,,,0
8137,2011,,,,0
8137,2012,,,,0
8137,2013,,,,0
8137,2014,,,,0
8137,2015,,,,0
8137,2016,,,,0
8137,2017,,,,0
8137,2018,,,,0
8137,2019,,,,0
8137,2020,,,,0
8137,2021,,,,0
8137,2022,,,,0
8137,2023,,,,0
8137,2024,,,,0
8141,2001,,,,0
8141,2002,,,,0
8141,2003,,,,0
8141,2004,,,,0
8141,2005,,,,0
8141,2006,,,,0
8141,2007,,,,0
8141,2008,,,,0
8141,2009,,,,0
8141,2010,,,,0
8141,2011,,,,0
8141,2012,,,,0
8141,2013,,,,0
8141,2014,,,,0
8141,2015,,,,0
8141,2016,,,,0
8141,2017,,,,0
8141,2018,,,,0
8141,2019,,,,0
8141,2020,,,,0
8141,2021,,,,0
8141,2022,,,,0
8141,2023,,,,0
8141,2024,,,,0
81591,2001,,,,0
81591,2002,,,,0
81591,2003,,,,0
81591,2004,,,,0
81591,2005,,,,0
81591,2006,,,,0
81591,2007,,,,0
81591,2008,,,,0
81591,2009,,,,0
81591,2010,,,,0
81591,2011,,,,0
81591,2012,,,,0
81591,2013,,,,0
81591,2014,,,,0
81591,2015,,,,0
81591,2016,,,,0
81591,2017,,,,0
81591,2018,,,,0
81591,2019,,,,0
81591,2020,,,,0
81591,2021,,,,0
81591,2022,,,,0
81591,2023,,,,0
81591,2024,,,,0
81736,2001,,,,0
81736,2002,,,,0
81736,2003,,,,0
81736,2004,,,,0
81736,2005,,,,0
81736,2006,,,,0
81736,2007,,,,0
81736,2008,,,,0
81736,2009,,,,0
81736,2010,,,,0
81736,2011,,,,0
81736,2012,,,,0
81736,2013,,,,0
81736,2014,,,,0
81736,2015,,,,0
81736,2016,,,,0
81736,2017,,,,0
81736,2018,,,,0
81736,2019,,,,0
81736,2020,,,,0
81736,2021,,,,0
81736,2022,,,,0
81736,2023,,,,0
81736,2024,,,,0
81794,2001,,,,0
81794,2002,,,,0
81794,2003,,,,0
81794,2004,,,,0
81794,2005,,,,0
81794,2006,,,,0
81794,2007,,,,0
81794,2008,,,,0
81794,2009,,,,0
81794,2010,,,,0
81794,2011,,,,0
81794,2012,,,,0
81794,2013,,,,0
81794,2014,,,,0
81794,2015,,,,0
81794,2016,,,,0
81794,2017,,,,0
81794,2018,,,,0
81794,2019,,,,0
81794,2020,,,,0
81794,2021,,,,0
81794,2022,,,,0
81794,2023,,,,0
81794,2024,,,,0
8296,2001,,,,0
8296,2002,,,,0
8296,2003,,,,0
8296,2004,,,,0
8296,2005,,,,0
8296,2006,,,,0
8296,2007,,,,0
8296,2008,,,,0
8296,2009,,,,0
8296,2010,,,,0
8296,2011,,,,0
8296,2012,,,,0
8296,2013,,,,0
8296,2014,,,,0
8296,2015,,,,0
8296,2016,,,,0
8296,2017,,,,0
8296,2018,,,,0
8296,2019,,,,0
8296,2020,,,,0
8296,2021,,,,0
8296,2022,,,,0
8296,2023,,,,0
8296,2024,,,,0
8372,2001,,,,0
8372,2002,,,,0
8372,2003,,,,0
8372,2004,,,,0
8372,2005,,,,0
8372,2006,,,,0
8372,2007,,,,0
8372,2008,,,,0
8372,2009,,,,0
8372,2010,,,,0
8372,2011,,,,0
8372,2012,,,,0
8372,2013,,,,0
8372,2014,,,,0
8372,2015,,,,0
8372,2016,,,,0
8372,2017,,,,0
8372,2018,,,,0
8372,2019,,,,0
8372,2020,,,,0
8372,2021,,,,0
8372,2022,,,,0
8372,2023,,,,0
8372,2024,,,,0
8421,2001,,,,0
8421,2002,,,,0
8421,2003,,,,0
8421,2004,,,,0
8421,2005,,,,0
8421,2006,,,,0
8421,2007,,,,0
8421,2008,,,,0
8421,2009,,,,0
8421,2010,,,,0
8421,2011,,,,0
8421,2012,,,,0
8421,2013,,,,0
8421,2014,,,,0
8421,2015,,,,0
8421,2016,,,,0
8421,2017,,,,0
8421,2018,,,,0
8421,2019,,,,0
8421,2020,,,,0
8421,2021,,,,0
8421,2022,,,,0
8421,2023,,,,0
8421,2024,,,,0
8433,2001,,,,0
8433,2002,,,,0
8433,2003,,,,0
8433,2004,,,,0
8433,2005,,,,0
8433,2006,,,,0
8433,2007,,,,0
8433,2008,,,,0
8433,2009,,,,0
8433,2010,,,,0
8433,2011,,,,0
8433,2012,,,,0
8433,2013,,,,0
8433,2014,,,,0
8433,2015,,,,0
8433,2016,,,,0
8433,2017,,,,0
8433,2018,,,,0
8433,2019,,,,0
8433,2020,,,,0
8433,2021,,,,0
8433,2022,,,,0
8433,2023,,,,0
8433,2024,,,,0
8436,2001,,,,0
8436,2002,,,,0
8436,2003,,,,0
8436,2004,,,,0
8436,2005,,,,0
8436,2006,,,,0
8436,2007,,,,0
8436,2008,,,,0
8436,2009,,,,0
8436,2010,,,,0
8436,2011,,,,0
8436,2012,,,,0
8436,2013,,,,0
8436,2014,,,,0
8436,2015,,,,0
8436,2016,,,,0
8436,2017,,,,0
8436,2018,,,,0
8436,2019,,,,0
8436,2020,,,,0
8436,2021,,,,0
8436,2022,,,,0
8436,2023,,,,0
8436,2024,,,,0
85001,2001,,,,0
85001,2002,,,,0
85001,2003,,,,0
85001,2004,,,,0
85001,2005,,,,0
85001,2006,,,,0
85001,2007,,,,0
85001,2008,,,,0
85001,2009,,,,0
85001,2010,,,,0
85001,2011,,,,0
85001,2012,,,,0
85001,2013,,,,0
85001,2014,,,,0
85001,2015,,,,0
85001,2016,,,,0
85001,2017,,,,0
85001,2018,,,,0
85001,2019,,,,0
85001,2020,,,,0
85001,2021,,,,0
85001,2022,,,,0
85001,2023,,,,0
85001,2024,,,,0
85010,2001,,,,0
85010,2002,,,,0
85010,2003,,,,0
85010,2004,,,,0
85010,2005,,,,0
85010,2006,,,,0
85010,2007,,,,0
85010,2008,,,,0
85010,2009,,,,0
85010,2010,,,,0
85010,2011,,,,0
85010,2012,,,,0
85010,2013,,,,0
85010,2014,,,,0
85010,2015,,,,0
85010,2016,,,,0
85010,2017,,,,0
85010,2018,,,,0
85010,2019,,,,0
85010,2020,,,,0
85010,2021,,,,0
85010,2022,,,,0
85010,2023,,,,0
85010,2024,,,,0
85015,2001,,,,0
85015,2002,,,,0
85015,2003,,,,0
85015,2004,,,,0
85015,2005,,,,0
85015,2006,,,,0
85015,2007,,,,0
85015,2008,,,,0
85015,2009,,,,0
85015,2010,,,,0
85015,2011,,,,0
85015,2012,,,,0
85015,2013,,,,0
85015,2014,,,,0
85015,2015,,,,0
85015,2016,,,,0
85015,2017,,,,0
85015,2018,,,,0
85015,2019,,,,0
85015,2020,,,,0
85015,2021,,,,0
85015,2022,,,,0
85015,2023,,,,0
85015,2024,,,,0
85125,2001,,,,0
85125,2002,,,,0
85125,2003,,,,0
85125,2004,,,,0
85125,2005,,,,0
85125,2006,,,,0
85125,2007,,,,0
85125,2008,,,,0
85125,2009,,,,0
85125,2010,,,,0
85125,2011,,,,0
85125,2012,,,,0
85125,2013,,,,0
85125,2014,,,,0
85125,2015,,,,0
85125,2016,,,,0
85125,2017,,,,0
85125,2018,,,,0
85125,2019,,,,0
85125,2020,,,,0
85125,2021,,,,0
85125,2022,,,,0
85125,2023,,,,0
85125,2024,,,,0
85136,2001,,,,0
85136,2002,,,,0
85136,2003,,,,0
85136,2004,,,,0
85136,2005,,,,0
85136,2006,,,,0
85136,2007,,,,0
85136,2008,,,,0
85136,2009,,,,0
85136,2010,,,,0
85136,2011,,,,0
85136,2012,,,,0
85136,2013,,,,0
85136,2014,,,,0
85136,2015,,,,0
85136,2016,,,,0
85136,2017,,,,0
85136,2018,,,,0
85136,2019,,,,0
85136,2020,,,,0
85136,2021,,,,0
85136,2022,,,,0
85136,2023,,,,0
85136,2024,,,,0
85139,2001,,,,0
85139,2002,,,,0
85139,2003,,,,0
85139,2004,,,,0
85139,2005,,,,0
85139,2006,,,,0
85139,2007,,,,0
85139,2008,,,,0
85139,2009,,,,0
85139,2010,,,,0
85139,2011,,,,0
85139,2012,,,,0
85139,2013,,,,0
85139,2014,,,,0
85139,2015,,,,0
85139,2016,,,,0
85139,2017,,,,0
85139,2018,,,,0
85139,2019,,,,0
85139,2020,,,,0
85139,2021,,,,0
85139,2022,,,,0
85139,2023,,,,0
85139,2024,,,,0
85162,2001,,,,0
85162,2002,,,,0
85162,2003,,,,0
85162,2004,,,,0
85162,2005,,,,0
85162,2006,,,,0
85162,2007,,,,0
85162,2008,,,,0
85162,2009,,,,0
85162,2010,,,,0
85162,2011,,,,0
85162,2012,,,,0
85162,2013,,,,0
85162,2014,,,,0
85162,2015,,,,0
85162,2016,,,,0
85162,2017,,,,0
85162,2018,,,,0
85162,2019,,,,0
85162,2020,,,,0
85162,2021,,,,0
85162,2022,,,,0
85162,2023,,,,0
85162,2024,,,,0
8520,2001,,,,0
8520,2002,,,,0
8520,2003,,,,0
8520,2004,,,,0
8520,2005,,,,0
8520,2006,,,,0
8520,2007,,,,0
8520,2008,,,,0
8520,2009,,,,0
8520,2010,,,,0
8520,2011,,,,0
8520,2012,,,,0
8520,2013,,,,0
8520,2014,,,,0
8520,2015,,,,0
8520,2016,,,,0
8520,2017,,,,0
8520,2018,,,,0
8520,2019,,,,0
8520,2020,,,,0
8520,2021,,,,0
8520,2022,,,,0
8520,2023,,,,0
8520,2024,,,,0
85225,2001,,,,0
85225,2002,,,,0
85225,2003,,,,0
85225,2004,,,,0
85225,2005,,,,0
85225,2006,,,,0
85225,2007,,,,0
85225,2008,,,,0
85225,2009,,,,0
85225,2010,,,,0
85225,2011,,,,0
85225,2012,,,,0
85225,2013,,,,0
85225,2014,,,,0
85225,2015,,,,0
85225,2016,,,,0
85225,2017,,,,0
85225,2018,,,,0
85225,2019,,,,0
85225,2020,,,,0
85225,2021,,,,0
85225,2022,,,,0
85225,2023,,,,0
85225,2024,,,,0
85230,2001,,,,0
85230,2002,,,,0
85230,2003,,,,0
85230,2004,,,,0
85230,2005,,,,0
85230,2006,,,,0
85230,2007,,,,0
85230,2008,,,,0
85230,2009,,,,0
85230,2010,,,,0
85230,2011,,,,0
85230,2012,,,,0
85230,2013,,,,0
85230,2014,,,,0
85230,2015,,,,0
85230,2016,,,,0
85230,2017,,,,0
85230,2018,,,,0
85230,2019,,,,0
85230,2020,,,,0
85230,2021,,,,0
85230,2022,,,,0
85230,2023,,,,0
85230,2024,,,,0
85250,2001,,,,0
85250,2002,,,,0
85250,2003,,,,0
85250,2004,,,,0
85250,2005,,,,0
85250,2006,,,,0
85250,2007,,,,0
85250,2008,,,,0
85250,2009,,,,0
85250,2010,,,,0
85250,2011,,,,0
85250,2012,,,,0
85250,2013,,,,0
85250,2014,,,,0
85250,2015,,,,0
85250,2016,,,,0
85250,2017,,,,0
85250,2018,,,,0
85250,2019,,,,0
85250,2020,,,,0
85250,2021,,,,0
85250,2022,,,,0
85250,2023,,,,0
85250,2024,,,,0
85263,2001,,,,0
85263,2002,,,,0
85263,2003,,,,0
85263,2004,,,,0
85263,2005,,,,0
85263,2006,,,,0
85263,2007,,,,0
85263,2008,,,,0
85263,2009,,,,0
85263,2010,,,,0
85263,2011,,,,0
85263,2012,,,,0
85263,2013,,,,0
85263,2014,,,,0
85263,2015,,,,0
85263,2016,,,,0
85263,2017,,,,0
85263,2018,,,,0
85263,2019,,,,0
85263,2020,,,,0
85263,2021,,,,0
85263,2022,,,,0
85263,2023,,,,0
85263,2024,,,,0
85279,2001,,,,0
85279,2002,,,,0
85279,2003,,,,0
85279,2004,,,,0
85279,2005,,,,0
85279,2006,,,,0
85279,2007,,,,0
85279,2008,,,,0
85279,2009,,,,0
85279,2010,,,,0
85279,2011,,,,0
85279,2012,,,,0
85279,2013,,,,0
85279,2014,,,,0
85279,2015,,,,0
85279,2016,,,,0
85279,2017,,,,0
85279,2018,,,,0
85279,2019,,,,0
85279,2020,,,,0
85279,2021,,,,0
85279,2022,,,,0
85279,2023,,,,0
85279,2024,,,,0
85300,2001,,,,0
85300,2002,,,,0
85300,2003,,,,0
85300,2004,,,,0
85300,2005,,,,0
85300,2006,,,,0
85300,2007,,,,0
85300,2008,,,,0
85300,2009,,,,0
85300,2010,,,,0
85300,2011,,,,0
85300,2012,,,,0
85300,2013,,,,0
85300,2014,,,,0
85300,2015,,,,0
85300,2016,,,,0
85300,2017,,,,0
85300,2018,,,,0
85300,2019,,,,0
85300,2020,,,,0
85300,2021,,,,0
85300,2022,,,,0
85300,2023,,,,0
85300,2024,,,,0
85315,2001,,,,0
85315,2002,,,,0
85315,2003,,,,0
85315,2004,,,,0
85315,2005,,,,0
85315,2006,,,,0
85315,2007,,,,0
85315,2008,,,,0
85315,2009,,,,0
85315,2010,,,,0
85315,2011,,,,0
85315,2012,,,,0
85315,2013,,,,0
85315,2014,,,,0
85315,2015,,,,0
85315,2016,,,,0
85315,2017,,,,0
85315,2018,,,,0
85315,2019,,,,0
85315,2020,,,,0
85315,2021,,,,0
85315,2022,,,,0
85315,2023,,,,0
85315,2024,,,,0
85325,2001,,,,0
85325,2002,,,,0
85325,2003,,,,0
85325,2004,,,,0
85325,2005,,,,0
85325,2006,,,,0
85325,2007,,,,0
85325,2008,,,,0
85325,2009,,,,0
85325,2010,,,,0
85325,2011,,,,0
85325,2012,,,,0
85325,2013,,,,0
85325,2014,,,,0
85325,2015,,,,0
85325,2016,,,,0
85325,2017,,,,0
85325,2018,,,,0
85325,2019,,,,0
85325,2020,,,,0
85325,2021,,,,0
85325,2022,,,,0
85325,2023,,,,0
85325,2024,,,,0
85400,2001,,,,0
85400,2002,,,,0
85400,2003,,,,0
85400,2004,,,,0
85400,2005,,,,0
85400,2006,,,,0
85400,2007,,,,0
85400,2008,,,,0
85400,2009,,,,0
85400,2010,,,,0
85400,2011,,,,0
85400,2012,,,,0
85400,2013,,,,0
85400,2014,,,,0
85400,2015,,,,0
85400,2016,,,,0
85400,2017,,,,0
85400,2018,,,,0
85400,2019,,,,0
85400,2020,,,,0
85400,2021,,,,0
85400,2022,,,,0
85400,2023,,,,0
85400,2024,,,,0
85410,2001,,,,0
85410,2002,,,,0
85410,2003,,,,0
85410,2004,,,,0
85410,2005,,,,0
85410,2006,,,,0
85410,2007,,,,0
85410,2008,,,,0
85410,2009,,,,0
85410,2010,,,,0
85410,2011,,,,0
85410,2012,,,,0
85410,2013,,,,0
85410,2014,,,,0
85410,2015,,,,0
85410,2016,,,,0
85410,2017,,,,0
85410,2018,,,,0
85410,2019,,,,0
85410,2020,,,,0
85410,2021,,,,0
85410,2022,,,,0
85410,2023,,,,0
85410,2024,,,,0
85430,2001,,,,0
85430,2002,,,,0
85430,2003,,,,0
85430,2004,,,,0
85430,2005,,,,0
85430,2006,,,,0
85430,2007,,,,0
85430,2008,,,,0
85430,2009,,,,0
85430,2010,,,,0
85430,2011,,,,0
85430,2012,,,,0
85430,2013,,,,0
85430,2014,,,,0
85430,2015,,,,0
85430,2016,,,,0
85430,2017,,,,0
85430,2018,,,,0
85430,2019,,,,0
85430,2020,,,,0
85430,2021,,,,0
85430,2022,,,,0
85430,2023,,,,0
85430,2024,,,,0
85440,2001,,,,0
85440,2002,,,,0
85440,2003,,,,0
85440,2004,,,,0
85440,2005,,,,0
85440,2006,,,,0
85440,2007,,,,0
85440,2008,,,,0
85440,2009,,,,0
85440,2010,,,,0
85440,2011,,,,0
85440,2012,,,,0
85440,2013,,,,0
85440,2014,,,,0
85440,2015,,,,0
85440,2016,,,,0
85440,2017,,,,0
85440,2018,,,,0
85440,2019,,,,0
85440,2020,,,,0
85440,2021,,,,0
85440,2022,,,,0
85440,2023,,,,0
85440,2024,,,,0
8549,2001,,,,0
8549,2002,,,,0
8549,2003,,,,0
8549,2004,,,,0
8549,2005,,,,0
8549,2006,,,,0
8549,2007,,,,0
8549,2008,,,,0
8549,2009,,,,0
8549,2010,,,,0
8549,2011,,,,0
8549,2012,,,,0
8549,2013,,,,0
8549,2014,,,,0
8549,2015,,,,0
8549,2016,,,,0
8549,2017,,,,0
8549,2018,,,,0
8549,2019,,,,0
8549,2020,,,,0
8549,2021,,,,0
8549,2022,,,,0
8549,2023,,,,0
8549,2024,,,,0
8558,2001,,,,0
8558,2002,,,,0
8558,2003,,,,0
8558,2004,,,,0
8558,2005,,,,0
8558,2006,,,,0
8558,2007,,,,0
8558,2008,,,,0
8558,2009,,,,0
8558,2010,,,,0
8558,2011,,,,0
8558,2012,,,,0
8558,2013,,,,0
8558,2014,,,,0
8558,2015,,,,0
8558,2016,,,,0
8558,2017,,,,0
8558,2018,,,,0
8558,2019,,,,0
8558,2020,,,,0
8558,2021,,,,0
8558,2022,,,,0
8558,2023,,,,0
8558,2024,,,,0
8560,2001,,,,0
8560,2002,,,,0
8560,2003,,,,0
8560,2004,,,,0
8560,2005,,,,0
8560,2006,,,,0
8560,2007,,,,0
8560,2008,,,,0
8560,2009,,,,0
8560,2010,,,,0
8560,2011,,,,0
8560,2012,,,,0
8560,2013,,,,0
8560,2014,,,,0
8560,2015,,,,0
8560,2016,,,,0
8560,2017,,,,0
8560,2018,,,,0
8560,2019,,,,0
8560,2020,,,,0
8560,2021,,,,0
8560,2022,,,,0
8560,2023,,,,0
8560,2024,,,,0
8573,2001,,,,0
8573,2002,,,,0
8573,2003,,,,0
8573,2004,,,,0
8573,2005,,,,0
8573,2006,,,,0
8573,2007,,,,0
8573,2008,,,,0
8573,2009,,,,0
8573,2010,,,,0
8573,2011,,,,0
8573,2012,,,,0
8573,2013,,,,0
8573,2014,,,,0
8573,2015,,,,0
8573,2016,,,,0
8573,2017,,,,0
8573,2018,,,,0
8573,2019,,,,0
8573,2020,,,,0
8573,2021,,,,0
8573,2022,,,,0
8573,2023,,,,0
8573,2024,,,,0
86001,2001,,,,0
86001,2002,,,,0
86001,2003,,,,0
86001,2004,,,,0
86001,2005,,,,0
86001,2006,,,,0
86001,2007,,,,0
86001,2008,,,,0
86001,2009,,,,0
86001,2010,,,,0
86001,2011,,,,0
86001,2012,,,,0
86001,2013,,,,0
86001,2014,,,,0
86001,2015,,,,0
86001,2016,,,,0
86001,2017,,,,0
86001,2018,,,,0
86001,2019,,,,0
86001,2020,,,,0
86001,2021,,,,0
86001,2022,,,,0
86001,2023,,,,0
86001,2024,,,,0
8606,2001,,,,0
8606,2002,,,,0
8606,2003,,,,0
8606,2004,,,,0
8606,2005,,,,0
8606,2006,,,,0
8606,2007,,,,0
8606,2008,,,,0
8606,2009,,,,0
8606,2010,,,,0
8606,2011,,,,0
8606,2012,,,,0
8606,2013,,,,0
8606,2014,,,,0
8606,2015,,,,0
8606,2016,,,,0
8606,2017,,,,0
8606,2018,,,,0
8606,2019,,,,0
8606,2020,,,,0
8606,2021,,,,0
8606,2022,,,,0
8606,2023,,,,0
8606,2024,,,,0
86219,2001,,,,0
86219,2002,,,,0
86219,2003,,,,0
86219,2004,,,,0
86219,2005,,,,0
86219,2006,,,,0
86219,2007,,,,0
86219,2008,,,,0
86219,2009,,,,0
86219,2010,,,,0
86219,2011,,,,0
86219,2012,,,,0
86219,2013,,,,0
86219,2014,,,,0
86219,2015,,,,0
86219,2016,,,,0
86219,2017,,,,0
86219,2018,,,,0
86219,2019,,,,0
86219,2020,,,,0
86219,2021,,,,0
86219,2022,,,,0
86219,2023,,,,0
86219,2024,,,,0
86320,2001,,,,0
86320,2002,,,,0
86320,2003,,,,0
86320,2004,,,,0
86320,2005,,,,0
86320,2006,,,,0
86320,2007,,,,0
86320,2008,,,,0
86320,2009,,,,0
86320,2010,,,,0
86320,2011,,,,0
86320,2012,,,,0
86320,2013,,,,0
86320,2014,,,,0
86320,2015,,,,0
86320,2016,,,,0
86320,2017,,,,0
86320,2018,,,,0
86320,2019,,,,0
86320,2020,,,,0
86320,2021,,,,0
86320,2022,,,,0
86320,2023,,,,0
86320,2024,,,,0
8634,2001,,,,0
8634,2002,,,,0
8634,2003,,,,0
8634,2004,,,,0
8634,2005,,,,0
8634,2006,,,,0
8634,2007,,,,0
8634,2008,,,,0
8634,2009,,,,0
8634,2010,,,,0
8634,2011,,,,0
8634,2012,,,,0
8634,2013,,,,0
8634,2014,,,,0
8634,2015,,,,0
8634,2016,,,,0
8634,2017,,,,0
8634,2018,,,,0
8634,2019,,,,0
8634,2020,,,,0
8634,2021,,,,0
8634,2022,,,,0
8634,2023,,,,0
8634,2024,,,,0
8638,2001,,,,0
8638,2002,,,,0
8638,2003,,,,0
8638,2004,,,,0
8638,2005,,,,0
8638,2006,,,,0
8638,2007,,,,0
8638,2008,,,,0
8638,2009,,,,0
8638,2010,,,,0
8638,2011,,,,0
8638,2012,,,,0
8638,2013,,,,0
8638,2014,,,,0
8638,2015,,,,0
8638,2016,,,,0
8638,2017,,,,0
8638,2018,,,,0
8638,2019,,,,0
8638,2020,,,,0
8638,2021,,,,0
8638,2022,,,,0
8638,2023,,,,0
8638,2024,,,,0
86568,2001,,,,0
86568,2002,,,,0
86568,2003,,,,0
86568,2004,,,,0
86568,2005,,,,0
86568,2006,,,,0
86568,2007,,,,0
86568,2008,,,,0
86568,2009,,,,0
86568,2010,,,,0
86568,2011,,,,0
86568,2012,,,,0
86568,2013,,,,0
86568,2014,,,,0
86568,2015,,,,0
86568,2016,,,,0
86568,2017,,,,0
86568,2018,,,,0
86568,2019,,,,0
86568,2020,,,,0
86568,2021,,,,0
86568,2022,,,,0
86568,2023,,,,0
86568,2024,,,,0
86569,2001,,,,0
86569,2002,,,,0
86569,2003,,,,0
86569,2004,,,,0
86569,2005,,,,0
86569,2006,,,,0
86569,2007,,,,0
86569,2008,,,,0
86569,2009,,,,0
86569,2010,,,,0
86569,2011,,,,0
86569,2012,,,,0
86569,2013,,,,0
86569,2014,,,,0
86569,2015,,,,0
86569,2016,,,,0
86569,2017,,,,0
86569,2018,,,,0
86569,2019,,,,0
86569,2020,,,,0
86569,2021,,,,0
86569,2022,,,,0
86569,2023,,,,0
86569,2024,,,,0
86571,2001,,,,0
86571,2002,,,,0
86571,2003,,,,0
86571,2004,,,,0
86571,2005,,,,0
86571,2006,,,,0
86571,2007,,,,0
86571,2008,,,,0
86571,2009,,,,0
86571,2010,,,,0
86571,2011,,,,0
86571,2012,,,,0
86571,2013,,,,0
86571,2014,,,,0
86571,2015,,,,0
86571,2016,,,,0
86571,2017,,,,0
86571,2018,,,,0
86571,2019,,,,0
86571,2020,,,,0
86571,2021,,,,0
86571,2022,,,,0
86571,2023,,,,0
86571,2024,,,,0
86573,2001,,,,0
86573,2002,,,,0
86573,2003,,,,0
86573,2004,,,,0
86573,2005,,,,0
86573,2006,,,,0
86573,2007,,,,0
86573,2008,,,,0
86573,2009,,,,0
86573,2010,,,,0
86573,2011,,,,0
86573,2012,,,,0
86573,2013,,,,0
86573,2014,,,,0
86573,2015,,,,0
86573,2016,,,,0
86573,2017,,,,0
86573,2018,,,,0
86573,2019,,,,0
86573,2020,,,,0
86573,2021,,,,0
86573,2022,,,,0
86573,2023,,,,0
86573,2024,,,,0
86749,2001,,,,0
86749,2002,,,,0
86749,2003,,,,0
86749,2004,,,,0
86749,2005,,,,0
86749,2006,,,,0
86749,2007,,,,0
86749,2008,,,,0
86749,2009,,,,0
86749,2010,,,,0
86749,2011,,,,0
86749,2012,,,,0
86749,2013,,,,0
86749,2014,,,,0
86749,2015,,,,0
86749,2016,,,,0
86749,2017,,,,0
86749,2018,,,,0
86749,2019,,,,0
86749,2020,,,,0
86749,2021,,,,0
86749,2022,,,,0
86749,2023,,,,0
86749,2024,,,,0
8675,2001,,,,0
8675,2002,,,,0
8675,2003,,,,0
8675,2004,,,,0
8675,2005,,,,0
8675,2006,,,,0
8675,2007,,,,0
8675,2008,,,,0
8675,2009,,,,0
8675,2010,,,,0
8675,2011,,,,0
8675,2012,,,,0
8675,2013,,,,0
8675,2014,,,,0
8675,2015,,,,0
8675,2016,,,,0
8675,2017,,,,0
8675,2018,,,,0
8675,2019,,,,0
8675,2020,,,,0
8675,2021,,,,0
8675,2022,,,,0
8675,2023,,,,0
8675,2024,,,,0
86755,2001,,,,0
86755,2002,,,,0
86755,2003,,,,0
86755,2004,,,,0
86755,2005,,,,0
86755,2006,,,,0
86755,2007,,,,0
86755,2008,,,,0
86755,2009,,,,0
86755,2010,,,,0
86755,2011,,,,0
86755,2012,,,,0
86755,2013,,,,0
86755,2014,,,,0
86755,2015,,,,0
86755,2016,,,,0
86755,2017,,,,0
86755,2018,,,,0
86755,2019,,,,0
86755,2020,,,,0
86755,2021,,,,0
86755,2022,,,,0
86755,2023,,,,0
86755,2024,,,,0
86757,2001,,,,0
86757,2002,,,,0
86757,2003,,,,0
86757,2004,,,,0
86757,2005,,,,0
86757,2006,,,,0
86757,2007,,,,0
86757,2008,,,,0
86757,2009,,,,0
86757,2010,,,,0
86757,2011,,,,0
86757,2012,,,,0
86757,2013,,,,0
86757,2014,,,,0
86757,2015,,,,0
86757,2016,,,,0
86757,2017,,,,0
86757,2018,,,,0
86757,2019,,,,0
86757,2020,,,,0
86757,2021,,,,0
86757,2022,,,,0
86757,2023,,,,0
86757,2024,,,,0
86760,2001,,,,0
86760,2002,,,,0
86760,2003,,,,0
86760,2004,,,,0
86760,2005,,,,0
86760,2006,,,,0
86760,2007,,,,0
86760,2008,,,,0
86760,2009,,,,0
86760,2010,,,,0
86760,2011,,,,0
86760,2012,,,,0
86760,2013,,,,0
86760,2014,,,,0
86760,2015,,,,0
86760,2016,,,,0
86760,2017,,,,0
86760,2018,,,,0
86760,2019,,,,0
86760,2020,,,,0
86760,2021,,,,0
86760,2022,,,,0
86760,2023,,,,0
86760,2024,,,,0
8685,2001,,,,0
8685,2002,,,,0
8685,2003,,,,0
8685,2004,,,,0
8685,2005,,,,0
8685,2006,,,,0
8685,2007,,,,0
8685,2008,,,,0
8685,2009,,,,0
8685,2010,,,,0
8685,2011,,,,0
8685,2012,,,,0
8685,2013,,,,0
8685,2014,,,,0
8685,2015,,,,0
8685,2016,,,,0
8685,2017,,,,0
8685,2018,,,,0
8685,2019,,,,0
8685,2020,,,,0
8685,2021,,,,0
8685,2022,,,,0
8685,2023,,,,0
8685,2024,,,,0
86865,2001,,,,0
86865,2002,,,,0
86865,2003,,,,0
86865,2004,,,,0
86865,2005,,,,0
86865,2006,,,,0
86865,2007,,,,0
86865,2008,,,,0
86865,2009,,,,0
86865,2010,,,,0
86865,2011,,,,0
86865,2012,,,,0
86865,2013,,,,0
86865,2014,,,,0
86865,2015,,,,0
86865,2016,,,,0
86865,2017,,,,0
86865,2018,,,,0
86865,2019,,,,0
86865,2020,,,,0
86865,2021,,,,0
86865,2022,,,,0
86865,2023,,,,0
86865,2024,,,,0
86885,2001,,,,0
86885,2002,,,,0
86885,2003,,,,0
86885,2004,,,,0
86885,2005,,,,0
86885,2006,,,,0
86885,2007,,,,0
86885,2008,,,,0
86885,2009,,,,0
86885,2010,,,,0
86885,2011,,,,0
86885,2012,,,,0
86885,2013,,,,0
86885,2014,,,,0
86885,2015,,,,0
86885,2016,,,,0
86885,2017,,,,0
86885,2018,,,,0
86885,2019,,,,0
86885,2020,,,,0
86885,2021,,,,0
86885,2022,,,,0
86885,2023,,,,0
86885,2024,,,,0
8758,2001,,,,0
8758,2002,,,,0
8758,2003,,,,0
8758,2004,,,,0
8758,2005,,,,0
8758,2006,,,,0
8758,2007,,,,0
8758,2008,,,,0
8758,2009,,,,0
8758,2010,,,,0
8758,2011,,,,0
8758,2012,,,,0
8758,2013,,,,0
8758,2014,,,,0
8758,2015,,,,0
8758,2016,,,,0
8758,2017,,,,0
8758,2018,,,,0
8758,2019,,,,0
8758,2020,,,,0
8758,2021,,,,0
8758,2022,,,,0
8758,2023,,,,0
8758,2024,,,,0
8770,2001,,,,0
8770,2002,,,,0
8770,2003,,,,0
8770,2004,,,,0
8770,2005,,,,0
8770,2006,,,,0
8770,2007,,,,0
8770,2008,,,,0
8770,2009,,,,0
8770,2010,,,,0
8770,2011,,,,0
8770,2012,,,,0
8770,2013,,,,0
8770,2014,,,,0
8770,2015,,,,0
8770,2016,,,,0
8770,2017,,,,0
8770,2018,,,,0
8770,2019,,,,0
8770,2020,,,,0
8770,2021,,,,0
8770,2022,,,,0
8770,2023,,,,0
8770,2024,,,,0
88001,2001,,,,0
88001,2002,,,,0
88001,2003,,,,0
88001,2004,,,,0
88001,2005,,,,0
88001,2006,,,,0
88001,2007,,,,0
88001,2008,,,,0
88001,2009,,,,0
88001,2010,,,,0
88001,2011,,,,0
88001,2012,,,,0
88001,2013,,,,0
88001,2014,,,,0
88001,2015,,,,0
88001,2016,,,,0
88001,2017,,,,0
88001,2018,,,,0
88001,2019,,,,0
88001,2020,,,,0
88001,2021,,,,0
88001,2022,,,,0
88001,2023,,,,0
88001,2024,,,,0
8832,2001,,,,0
8832,2002,,,,0
8832,2003,,,,0
8832,2004,,,,0
8832,2005,,,,0
8832,2006,,,,0
8832,2007,,,,0
8832,2008,,,,0
8832,2009,,,,0
8832,2010,,,,0
8832,2011,,,,0
8832,2012,,,,0
8832,2013,,,,0
8832,2014,,,,0
8832,2015,,,,0
8832,2016,,,,0
8832,2017,,,,0
8832,2018,,,,0
8832,2019,,,,0
8832,2020,,,,0
8832,2021,,,,0
8832,2022,,,,0
8832,2023,,,,0
8832,2024,,,,0
8849,2001,,,,0
8849,2002,,,,0
8849,2003,,,,0
8849,2004,,,,0
8849,2005,,,,0
8849,2006,,,,0
8849,2007,,,,0
8849,2008,,,,0
8849,2009,,,,0
8849,2010,,,,0
8849,2011,,,,0
8849,2012,,,,0
8849,2013,,,,0
8849,2014,,,,0
8849,2015,,,,0
8849,2016,,,,0
8849,2017,,,,0
8849,2018,,,,0
8849,2019,,,,0
8849,2020,,,,0
8849,2021,,,,0
8849,2022,,,,0
8849,2023,,,,0
8849,2024,,,,0
88564,2001,,,,0
88564,2002,,,,0
88564,2003,,,,0
88564,2004,,,,0
88564,2005,,,,0
88564,2006,,,,0
88564,2007,,,,0
88564,2008,,,,0
88564,2009,,,,0
88564,2010,,,,0
88564,2011,,,,0
88564,2012,,,,0
88564,2013,,,,0
88564,2014,,,,0
88564,2015,,,,0
88564,2016,,,,0
88564,2017,,,,0
88564,2018,,,,0
88564,2019,,,,0
88564,2020,,,,0
88564,2021,,,,0
88564,2022,,,,0
88564,2023,,,,0
88564,2024,,,,0
91001,2001,,,,0
91001,2002,,,,0
91001,2003,,,,0
91001,2004,,,,0
91001,2005,,,,0
91001,2006,,,,0
91001,2007,,,,0
91001,2008,,,,0
91001,2009,,,,0
91001,2010,,,,0
91001,2011,,,,0
91001,2012,,,,0
91001,2013,,,,0
91001,2014,,,,0
91001,2015,,,,0
91001,2016,,,,0
91001,2017,,,,0
91001,2018,,,,0
91001,2019,,,,0
91001,2020,,,,0
91001,2021,,,,0
91001,2022,,,,0
91001,2023,,,,0
91001,2024,,,,0
91263,2001,,,,0
91263,2002,,,,0
91263,2003,,,,0
91263,2004,,,,0
91263,2005,,,,0
91263,2006,,,,0
91263,2007,,,,0
91263,2008,,,,0
91263,2009,,,,0
91263,2010,,,,0
91263,2011,,,,0
91263,2012,,,,0
91263,2013,,,,0
91263,2014,,,,0
91263,2015,,,,0
91263,2016,,,,0
91263,2017,,,,0
91263,2018,,,,0
91263,2019,,,,0
91263,2020,,,,0
91263,2021,,,,0
91263,2022,,,,0
91263,2023,,,,0
91263,2024,,,,0
91405,2001,,,,0
91405,2002,,,,0
91405,2003,,,,0
91405,2004,,,,0
91405,2005,,,,0
91405,2006,,,,0
91405,2007,,,,0
91405,2008,,,,0
91405,2009,,,,0
91405,2010,,,,0
91405,2011,,,,0
91405,2012,,,,0
91405,2013,,,,0
91405,2014,,,,0
91405,2015,,,,0
91405,2016,,,,0
91405,2017,,,,0
91405,2018,,,,0
91405,2019,,,,0
91405,2020,,,,0
91405,2021,,,,0
91405,2022,,,,0
91405,2023,,,,0
91405,2024,,,,0
91407,2001,,,,0
91407,2002,,,,0
91407,2003,,,,0
91407,2004,,,,0
91407,2005,,,,0
91407,2006,,,,0
91407,2007,,,,0
91407,2008,,,,0
91407,2009,,,,0
91407,2010,,,,0
91407,2011,,,,0
91407,2012,,,,0
91407,2013,,,,0
91407,2014,,,,0
91407,2015,,,,0
91407,2016,,,,0
91407,2017,,,,0
91407,2018,,,,0
91407,2019,,,,0
91407,2020,,,,0
91407,2021,,,,0
91407,2022,,,,0
91407,2023,,,,0
91407,2024,,,,0
91430,2001,,,,0
91430,2002,,,,0
91430,2003,,,,0
91430,2004,,,,0
91430,2005,,,,0
91430,2006,,,,0
91430,2007,,,,0
91430,2008,,,,0
91430,2009,,,,0
91430,2010,,,,0
91430,2011,,,,0
91430,2012,,,,0
91430,2013,,,,0
91430,2014,,,,0
91430,2015,,,,0
91430,2016,,,,0
91430,2017,,,,0
91430,2018,,,,0
91430,2019,,,,0
91430,2020,,,,0
91430,2021,,,,0
91430,2022,,,,0
91430,2023,,,,0
91430,2024,,,,0
91460,2001,,,,0
91460,2002,,,,0
91460,2003,,,,0
91460,2004,,,,0
91460,2005,,,,0
91460,2006,,,,0
91460,2007,,,,0
91460,2008,,,,0
91460,2009,,,,0
91460,2010,,,,0
91460,2011,,,,0
91460,2012,,,,0
91460,2013,,,,0
91460,2014,,,,0
91460,2015,,,,0
91460,2016,,,,0
91460,2017,,,,0
91460,2018,,,,0
91460,2019,,,,0
91460,2020,,,,0
91460,2021,,,,0
91460,2022,,,,0
91460,2023,,,,0
91460,2024,,,,0
91530,2001,,,,0
91530,2002,,,,0
91530,2003,,,,0
91530,2004,,,,0
91530,2005,,,,0
91530,2006,,,,0
91530,2007,,,,0
91530,2008,,,,0
91530,2009,,,,0
91530,2010,,,,0
91530,2011,,,,0
91530,2012,,,,0
91530,2013,,,,0
91530,2014,,,,0
91530,2015,,,,0
91530,2016,,,,0
91530,2017,,,,0
91530,2018,,,,0
91530,2019,,,,0
91530,2020,,,,0
91530,2021,,,,0
91530,2022,,,,0
91530,2023,,,,0
91530,2024,,,,0
91536,2001,,,,0
91536,2002,,,,0
91536,2003,,,,0
91536,2004,,,,0
91536,2005,,,,0
91536,2006,,,,0
91536,2007,,,,0
91536,2008,,,,0
91536,2009,,,,0
91536,2010,,,,0
91536,2011,,,,0
91536,2012,,,,0
91536,2013,,,,0
91536,2014,,,,0
91536,2015,,,,0
91536,2016,,,,0
91536,2017,,,,0
91536,2018,,,,0
91536,2019,,,,0
91536,2020,,,,0
91536,2021,,,,0
91536,2022,,,,0
91536,2023,,,,0
91536,2024,,,,0
91540,2001,,,,0
91540,2002,,,,0
91540,2003,,,,0
91540,2004,,,,0
91540,2005,,,,0
91540,2006,,,,0
91540,2007,,,,0
91540,2008,,,,0
91540,2009,,,,0
91540,2010,,,,0
91540,2011,,,,0
91540,2012,,,,0
91540,2013,,,,0
91540,2014,,,,0
91540,2015,,,,0
91540,2016,,,,0
91540,2017,,,,0
91540,2018,,,,0
91540,2019,,,,0
91540,2020,,,,0
91540,2021,,,,0
91540,2022,,,,0
91540,2023,,,,0
91540,2024,,,,0
91669,2001,,,,0
91669,2002,,,,0
91669,2003,,,,0
91669,2004,,,,0
91669,2005,,,,0
91669,2006,,,,0
91669,2007,,,,0
91669,2008,,,,0
91669,2009,,,,0
91669,2010,,,,0
91669,2011,,,,0
91669,2012,,,,0
91669,2013,,,,0
91669,2014,,,,0
91669,2015,,,,0
91669,2016,,,,0
91669,2017,,,,0
91669,2018,,,,0
91669,2019,,,,0
91669,2020,,,,0
91669,2021,,,,0
91669,2022,,,,0
91669,2023,,,,0
91669,2024,,,,0
91798,2001,,,,0
91798,2002,,,,0
91798,2003,,,,0
91798,2004,,,,0
91798,2005,,,,0
91798,2006,,,,0
91798,2007,,,,0
91798,2008,,,,0
91798,2009,,,,0
91798,2010,,,,0
91798,2011,,,,0
91798,2012,,,,0
91798,2013,,,,0
91798,2014,,,,0
91798,2015,,,,0
91798,2016,,,,0
91798,2017,,,,0
91798,2018,,,,0
91798,2019,,,,0
91798,2020,,,,0
91798,2021,,,,0
91798,2022,,,,0
91798,2023,,,,0
91798,2024,,,,0
94001,2001,,,,0
94001,2002,,,,0
94001,2003,,,,0
94001,2004,,,,0
94001,2005,,,,0
94001,2006,,,,0
94001,2007,,,,0
94001,2008,,,,0
94001,2009,,,,0
94001,2010,,,,0
94001,2011,,,,0
94001,2012,,,,0
94001,2013,,,,0
94001,2014,,,,0
94001,2015,,,,0
94001,2016,,,,0
94001,2017,,,,0
94001,2018,,,,0
94001,2019,,,,0
94001,2020,,,,0
94001,2021,,,,0
94001,2022,,,,0
94001,2023,,,,0
94001,2024,,,,0
94343,2001,,,,0
94343,2002,,,,0
94343,2003,,,,0
94343,2004,,,,0
94343,2005,,,,0
94343,2006,,,,0
94343,2007,,,,0
94343,2008,,,,0
94343,2009,,,,0
94343,2010,,,,0
94343,2011,,,,0
94343,2012,,,,0
94343,2013,,,,0
94343,2014,,,,0
94343,2015,,,,0
94343,2016,,,,0
94343,2017,,,,0
94343,2018,,,,0
94343,2019,,,,0
94343,2020,,,,0
94343,2021,,,,0
94343,2022,,,,0
94343,2023,,,,0
94343,2024,,,,0
94883,2001,,,,0
94883,2002,,,,0
94883,2003,,,,0
94883,2004,,,,0
94883,2005,,,,0
94883,2006,,,,0
94883,2007,,,,0
94883,2008,,,,0
94883,2009,,,,0
94883,2010,,,,0
94883,2011,,,,0
94883,2012,,,,0
94883,2013,,,,0
94883,2014,,,,0
94883,2015,,,,0
94883,2016,,,,0
94883,2017,,,,0
94883,2018,,,,0
94883,2019,,,,0
94883,2020,,,,0
94883,2021,,,,0
94883,2022,,,,0
94883,2023,,,,0
94883,2024,,,,0
94884,2001,,,,0
94884,2002,,,,0
94884,2003,,,,0
94884,2004,,,,0
94884,2005,,,,0
94884,2006,,,,0
94884,2007,,,,0
94884,2008,,,,0
94884,2009,,,,0
94884,2010,,,,0
94884,2011,,,,0
94884,2012,,,,0
94884,2013,,,,0
94884,2014,,,,0
94884,2015,,,,0
94884,2016,,,,0
94884,2017,,,,0
94884,2018,,,,0
94884,2019,,,,0
94884,2020,,,,0
94884,2021,,,,0
94884,2022,,,,0
94884,2023,,,,0
94884,2024,,,,0
94885,2001,,,,0
94885,2002,,,,0
94885,2003,,,,0
94885,2004,,,,0
94885,2005,,,,0
94885,2006,,,,0
94885,2007,,,,0
94885,2008,,,,0
94885,2009,,,,0
94885,2010,,,,0
94885,2011,,,,0
94885,2012,,,,0
94885,2013,,,,0
94885,2014,,,,0
94885,2015,,,,0
94885,2016,,,,0
94885,2017,,,,0
94885,2018,,,,0
94885,2019,,,,0
94885,2020,,,,0
94885,2021,,,,0
94885,2022,,,,0
94885,2023,,,,0
94885,2024,,,,0
94886,2001,,,,0
94886,2002,,,,0
94886,2003,,,,0
94886,2004,,,,0
94886,2005,,,,0
94886,2006,,,,0
94886,2007,,,,0
94886,2008,,,,0
94886,2009,,,,0
94886,2010,,,,0
94886,2011,,,,0
94886,2012,,,,0
94886,2013,,,,0
94886,2014,,,,0
94886,2015,,,,0
94886,2016,,,,0
94886,2017,,,,0
94886,2018,,,,0
94886,2019,,,,0
94886,2020,,,,0
94886,2021,,,,0
94886,2022,,,,0
94886,2023,,,,0
94886,2024,,,,0
94887,2001,,,,0
94887,2002,,,,0
94887,2003,,,,0
94887,2004,,,,0
94887,2005,,,,0
94887,2006,,,,0
94887,2007,,,,0
94887,2008,,,,0
94887,2009,,,,0
94887,2010,,,,0
94887,2011,,,,0
94887,2012,,,,0
94887,2013,,,,0
94887,2014,,,,0
94887,2015,,,,0
94887,2016,,,,0
94887,2017,,,,0
94887,2018,,,,0
94887,2019,,,,0
94887,2020,,,,0
94887,2021,,,,0
94887,2022,,,,0
94887,2023,,,,0
94887,2024,,,,0
94888,2001,,,,0
94888,2002,,,,0
94888,2003,,,,0
94888,2004,,,,0
94888,2005,,,,0
94888,2006,,,,0
94888,2007,,,,0
94888,2008,,,,0
94888,2009,,,,0
94888,2010,,,,0
94888,2011,,,,0
94888,2012,,,,0
94888,2013,,,,0
94888,2014,,,,0
94888,2015,,,,0
94888,2016,,,,0
94888,2017,,,,0
94888,2018,,,,0
94888,2019,,,,0
94888,2020,,,,0
94888,2021,,,,0
94888,2022,,,,0
94888,2023,,,,0
94888,2024,,,,0
95001,2001,,,,0
95001,2002,,,,0
95001,2003,,,,0
95001,2004,,,,0
95001,2005,,,,0
95001,2006,,,,0
95001,2007,,,,0
95001,2008,,,,0
95001,2009,,,,0
95001,2010,,,,0
95001,2011,,,,0
95001,2012,,,,0
95001,2013,,,,0
95001,2014,,,,0
95001,2015,,,,0
95001,2016,,,,0
95001,2017,,,,0
95001,2018,,,,0
95001,2019,,,,0
95001,2020,,,,0
95001,2021,,,,0
95001,2022,,,,0
95001,2023,,,,0
95001,2024,,,,0
95015,2001,,,,0
95015,2002,,,,0
95015,2003,,,,0
95015,2004,,,,0
95015,2005,,,,0
95015,2006,,,,0
95015,2007,,,,0
95015,2008,,,,0
95015,2009,,,,0
95015,2010,,,,0
95015,2011,,,,0
95015,2012,,,,0
95015,2013,,,,0
95015,2014,,,,0
95015,2015,,,,0
95015,2016,,,,0
95015,2017,,,,0
95015,2018,,,,0
95015,2019,,,,0
95015,2020,,,,0
95015,2021,,,,0
95015,2022,,,,0
95015,2023,,,,0
95015,2024,,,,0
95025,2001,,,,0
95025,2002,,,,0
95025,2003,,,,0
95025,2004,,,,0
95025,2005,,,,0
95025,2006,,,,0
95025,2007,,,,0
95025,2008,,,,0
95025,2009,,,,0
95025,2010,,,,0
95025,2011,,,,0
95025,2012,,,,0
95025,2013,,,,0
95025,2014,,,,0
95025,2015,,,,0
95025,2016,,,,0
95025,2017,,,,0
95025,2018,,,,0
95025,2019,,,,0
95025,2020,,,,0
95025,2021,,,,0
95025,2022,,,,0
95025,2023,,,,0
95025,2024,,,,0
95200,2001,,,,0
95200,2002,,,,0
95200,2003,,,,0
95200,2004,,,,0
95200,2005,,,,0
95200,2006,,,,0
95200,2007,,,,0
95200,2008,,,,0
95200,2009,,,,0
95200,2010,,,,0
95200,2011,,,,0
95200,2012,,,,0
95200,2013,,,,0
95200,2014,,,,0
95200,2015,,,,0
95200,2016,,,,0
95200,2017,,,,0
95200,2018,,,,0
95200,2019,,,,0
95200,2020,,,,0
95200,2021,,,,0
95200,2022,,,,0
95200,2023,,,,0
95200,2024,,,,0
97001,2001,,,,0
97001,2002,,,,0
97001,2003,,,,0
97001,2004,,,,0
97001,2005,,,,0
97001,2006,,,,0
97001,2007,,,,0
97001,2008,,,,0
97001,2009,,,,0
97001,2010,,,,0
97001,2011,,,,0
97001,2012,,,,0
97001,2013,,,,0
97001,2014,,,,0
97001,2015,,,,0
97001,2016,,,,0
97001,2017,,,,0
97001,2018,,,,0
97001,2019,,,,0
97001,2020,,,,0
97001,2021,,,,0
97001,2022,,,,0
97001,2023,,,,0
97001,2024,,,,0
97161,2001,,,,0
97161,2002,,,,0
97161,2003,,,,0
97161,2004,,,,0
97161,2005,,,,0
97161,2006,,,,0
97161,2007,,,,0
97161,2008,,,,0
97161,2009,,,,0
97161,2010,,,,0
97161,2011,,,,0
97161,2012,,,,0
97161,2013,,,,0
97161,2014,,,,0
97161,2015,,,,0
97161,2016,,,,0
97161,2017,,,,0
97161,2018,,,,0
97161,2019,,,,0
97161,2020,,,,0
97161,2021,,,,0
97161,2022,,,,0
97161,2023,,,,0
97161,2024,,,,0
97511,2001,,,,0
97511,2002,,,,0
97511,2003,,,,0
97511,2004,,,,0
97511,2005,,,,0
97511,2006,,,,0
97511,2007,,,,0
97511,2008,,,,0
97511,2009,,,,0
97511,2010,,,,0
97511,2011,,,,0
97511,2012,,,,0
97511,2013,,,,0
97511,2014,,,,0
97511,2015,,,,0
97511,2016,,,,0
97511,2017,,,,0
97511,2018,,,,0
97511,2019,,,,0
97511,2020,,,,0
97511,2021,,,,0
97511,2022,,,,0
97511,2023,,,,0
97511,2024,,,,0
97666,2001,,,,0
97666,2002,,,,0
97666,2003,,,,0
97666,2004,,,,0
97666,2005,,,,0
97666,2006,,,,0
97666,2007,,,,0
97666,2008,,,,0
97666,2009,,,,0
97666,2010,,,,0
97666,2011,,,,0
97666,2012,,,,0
97666,2013,,,,0
97666,2014,,,,0
97666,2015,,,,0
97666,2016,,,,0
97666,2017,,,,0
97666,2018,,,,0
97666,2019,,,,0
97666,2020,,,,0
97666,2021,,,,0
97666,2022,,,,0
97666,2023,,,,0
97666,2024,,,,0
97777,2001,,,,0
97777,2002,,,,0
97777,2003,,,,0
97777,2004,,,,0
97777,2005,,,,0
97777,2006,,,,0
97777,2007,,,,0
97777,2008,,,,0
97777,2009,,,,0
97777,2010,,,,0
97777,2011,,,,0
97777,2012,,,,0
97777,2013,,,,0
97777,2014,,,,0
97777,2015,,,,0
97777,2016,,,,0
97777,2017,,,,0
97777,2018,,,,0
97777,2019,,,,0
97777,2020,,,,0
97777,2021,,,,0
97777,2022,,,,0
97777,2023,,,,0
97777,2024,,,,0
97889,2001,,,,0
97889,2002,,,,0
97889,2003,,,,0
97889,2004,,,,0
97889,2005,,,,0
97889,2006,,,,0
97889,2007,,,,0
97889,2008,,,,0
97889,2009,,,,0
97889,2010,,,,0
97889,2011,,,,0
97889,2012,,,,0
97889,2013,,,,0
97889,2014,,,,0
97889,2015,,,,0
97889,2016,,,,0
97889,2017,,,,0
97889,2018,,,,0
97889,2019,,,,0
97889,2020,,,,0
97889,2021,,,,0
97889,2022,,,,0
97889,2023,,,,0
97889,2024,,,,0
99001,2001,,,,0
99001,2002,,,,0
99001,2003,,,,0
99001,2004,,,,0
99001,2005,,,,0
99001,2006,,,,0
99001,2007,,,,0
99001,2008,,,,0
99001,2009,,,,0
99001,2010,,,,0
99001,2011,,,,0
99001,2012,,,,0
99001,2013,,,,0
99001,2014,,,,0
99001,2015,,,,0
99001,2016,,,,0
99001,2017,,,,0
99001,2018,,,,0
99001,2019,,,,0
99001,2020,,,,0
99001,2021,,,,0
99001,2022,,,,0
99001,2023,,,,0
99001,2024,,,,0
99524,2001,,,,0
99524,2002,,,,0
99524,2003,,,,0
99524,2004,,,,0
99524,2005,,,,0
99524,2006,,,,0
99524,2007,,,,0
99524,2008,,,,0
99524,2009,,,,0
99524,2010,,,,0
99524,2011,,,,0
99524,2012,,,,0
99524,2013,,,,0
99524,2014,,,,0
99524,2015,,,,0
99524,2016,,,,0
99524,2017,,,,0
99524,2018,,,,0
99524,2019,,,,0
99524,2020,,,,0
99524,2021,,,,0
99524,2022,,,,0
99524,2023,,,,0
99524,2024,,,,0
99624,2001,,,,0
99624,2002,,,,0
99624,2003,,,,0
99624,2004,,,,0
99624,2005,,,,0
99624,2006,,,,0
99624,2007,,,,0
99624,2008,,,,0
99624,2009,,,,0
99624,2010,,,,0
99624,2011,,,,0
99624,2012,,,,0
99624,2013,,,,0
99624,2014,,,,0
99624,2015,,,,0
99624,2016,,,,0
99624,2017,,,,0
99624,2018,,,,0
99624,2019,,,,0
99624,2020,,,,0
99624,2021,,,,0
99624,2022,,,,0
99624,2023,,,,0
99624,2024,,,,0
99773,2001,,,,0
99773,2002,,,,0
99773,2003,,,,0
99773,2004,,,,0
99773,2005,,,,0
99773,2006,,,,0
99773,2007,,,,0
99773,2008,,,,0
99773,2009,,,,0
99773,2010,,,,0
99773,2011,,,,0
99773,2012,,,,0
99773,2013,,,,0
99773,2014,,,,0
99773,2015,,,,0
99773,2016,,,,0
99773,2017,,,,0
99773,2018,,,,0
99773,2019,,,,0
99773,2020,,,,0
99773,2021,,,,0
99773,2022,,,,0
99773,2023,,,,0
99773,2024,,,,0
