COD_DANE,year,poblacion_dane,temp_media_c,prec_anual_mm,proyectos_carbono_co
11001,2001,,,,0
11001,2002,,,,0
11001,2003,,,,0
11001,2004,,,,0
11001,2005,,,,0
11001,2006,,,,0
11001,2007,,,,0
11001,2008,,,,0
11001,2009,,,,0
11001,2010,,,,0
11001,2011,,,,0
11001,2012,,,,0
11001,2013,,,,0
11001,2014,,,,0
11001,2015,,,,0
11001,2016,,,,0
11001,2017,,,,0
11001,2018,,,,0
11001,2019,,,,0
11001,2020,,,,0
11001,2021,,,,0
11001,2022,,,,0
11001,2023,,,,0
11001,2024,,,,0
13001,2001,,,,0
13001,2002,,,,0
13001,2003,,,,0
13001,2004,,,,0
13001,2005,,,,0
13001,2006,,,,0
13001,2007,,,,0
13001,2008,,,,0
13001,2009,,,,0
13001,2010,,,,0
13001,2011,,,,0
13001,2012,,,,0
13001,2013,,,,0
13001,2014,,,,0
13001,2015,,,,0
13001,2016,,,,0
13001,2017,,,,0
13001,2018,,,,0
13001,2019,,,,0
13001,2020,,,,0
13001,2021,,,,0
13001,2022,,,,0
13001,2023,,,,0
13001,2024,,,,0
13006,2001,,,,0
13006,2002,,,,0
13006,2003,,,,0
13006,2004,,,,0
13006,2005,,,,0
13006,2006,,,,0
13006,2007,,,,0
13006,2008,,,,0
13006,2009,,,,0
13006,2010,,,,0
13006,2011,,,,0
13006,2012,,,,0
13006,2013,,,,0
13006,2014,,,,0
13006,2015,,,,0
13006,2016,,,,0
13006,2017,,,,0
13006,2018,,,,0
13006,2019,,,,0
13006,2020,,,,0
13006,2021,,,,0
13006,2022,,,,0
13006,2023,,,,0
13006,2024,,,,0
13030,2001,,,,0
13030,2002,,,,0
13030,2003,,,,0
13030,2004,,,,0
13030,2005,,,,0
13030,2006,,,,0
13030,2007,,,,0
13030,2008,,,,0
13030,2009,,,,0
13030,2010,,,,0
13030,2011,,,,0
13030,2012,,,,0
13030,2013,,,,0
13030,2014,,,,0
13030,2015,,,,0
13030,2016,,,,0
13030,2017,,,,0
13030,2018,,,,0
13030,2019,,,,0
13030,2020,,,,0
13030,2021,,,,0
13030,2022,,,,0
13030,2023,,,,0
13030,2024,,,,0
13042,2001,,,,0
13042,2002,,,,0
13042,2003,,,,0
13042,2004,,,,0
13042,2005,,,,0
13042,2006,,,,0
13042,2007,,,,0
13042,2008,,,,0
13042,2009,,,,0
13042,2010,,,,0
13042,2011,,,,0
13042,2012,,,,0
13042,2013,,,,0
13042,2014,,,,0
13042,2015,,,,0
13042,2016,,,,0
13042,2017,,,,0
13042,2018,,,,0
13042,2019,,,,0
13042,2020,,,,0
13042,2021,,,,0
13042,2022,,,,0
13042,2023,,,,0
13042,2024,,,,0
13052,2001,,,,0
13052,2002,,,,0
13052,2003,,,,0
13052,2004,,,,0
13052,2005,,,,0
13052,2006,,,,0
13052,2007,,,,0
13052,2008,,,,0
13052,2009,,,,0
13052,2010,,,,0
13052,2011,,,,0
13052,2012,,,,0
13052,2013,,,,0
13052,2014,,,,0
13052,2015,,,,0
13052,2016,,,,0
13052,2017,,,,0
13052,2018,,,,0
13052,2019,,,,0
13052,2020,,,,0
13052,2021,,,,0
13052,2022,,,,0
13052,2023,,,,0
13052,2024,,,,0
13062,2001,,,,0
13062,2002,,,,0
13062,2003,,,,0
13062,2004,,,,0
13062,2005,,,,0
13062,2006,,,,0
13062,2007,,,,0
13062,2008,,,,0
13062,2009,,,,0
13062,2010,,,,0
13062,2011,,,,0
13062,2012,,,,0
13062,2013,,,,0
13062,2014,,,,0
13062,2015,,,,0
13062,2016,,,,0
13062,2017,,,,0
13062,2018,,,,0
13062,2019,,,,0
13062,2020,,,,0
13062,2021,,,,0
13062,2022,,,,0
13062,2023,,,,0
13062,2024,,,,0
13074,2001,,,,0
13074,2002,,,,0
13074,2003,,,,0
13074,2004,,,,0
13074,2005,,,,0
13074,2006,,,,0
13074,2007,,,,0
13074,2008,,,,0
13074,2009,,,,0
13074,2010,,,,0
13074,2011,,,,0
13074,2012,,,,0
13074,2013,,,,0
13074,2014,,,,0
13074,2015,,,,0
13074,2016,,,,0
13074,2017,,,,0
13074,2018,,,,0
13074,2019,,,,0
13074,2020,,,,0
13074,2021,,,,0
13074,2022,,,,0
13074,2023,,,,0
13074,2024,,,,0
13140,2001,,,,0
13140,2002,,,,0
13140,2003,,,,0
13140,2004,,,,0
13140,2005,,,,0
13140,2006,,,,0
13140,2007,,,,0
13140,2008,,,,0
13140,2009,,,,0
13140,2010,,,,0
13140,2011,,,,0
13140,2012,,,,0
13140,2013,,,,0
13140,2014,,,,0
13140,2015,,,,0
13140,2016,,,,0
13140,2017,,,,0
13140,2018,,,,0
13140,2019,,,,0
13140,2020,,,,0
13140,2021,,,,0
13140,2022,,,,0
13140,2023,,,,0
13140,2024,,,,0
13160,2001,,,,0
13160,2002,,,,0
13160,2003,,,,0
13160,2004,,,,0
13160,2005,,,,0
13160,2006,,,,0
13160,2007,,,,0
13160,2008,,,,0
13160,2009,,,,0
13160,2010,,,,0
13160,2011,,,,0
13160,2012,,,,0
13160,2013,,,,0
13160,2014,,,,0
13160,2015,,,,0
13160,2016,,,,0
13160,2017,,,,0
13160,2018,,,,0
13160,2019,,,,0
13160,2020,,,,0
13160,2021,,,,0
13160,2022,,,,0
13160,2023,,,,0
13160,2024,,,,0
13188,2001,,,,0
13188,2002,,,,0
13188,2003,,,,0
13188,2004,,,,0
13188,2005,,,,0
13188,2006,,,,0
13188,2007,,,,0
13188,2008,,,,0
13188,2009,,,,0
13188,2010,,,,0
13188,2011,,,,0
13188,2012,,,,0
13188,2013,,,,0
13188,2014,,,,0
13188,2015,,,,0
13188,2016,,,,0
13188,2017,,,,0
13188,2018,,,,0
13188,2019,,,,0
13188,2020,,,,0
13188,2021,,,,0
13188,2022,,,,0
13188,2023,,,,0
13188,2024,,,,0
13212,2001,,,,0
13212,2002,,,,0
13212,2003,,,,0
13212,2004,,,,0
13212,2005,,,,0
13212,2006,,,,0
13212,2007,,,,0
13212,2008,,,,0
13212,2009,,,,0
13212,2010,,,,0
13212,2011,,,,0
13212,2012,,,,0
13212,2013,,,,0
13212,2014,,,,0
13212,2015,,,,0
13212,2016,,,,0
13212,2017,,,,0
13212,2018,,,,0
13212,2019,,,,0
13212,2020,,,,0
13212,2021,,,,0
13212,2022,,,,0
13212,2023,,,,0
13212,2024,,,,0
13222,2001,,,,0
13222,2002,,,,0
13222,2003,,,,0
13222,2004,,,,0
13222,2005,,,,0
13222,2006,,,,0
13222,2007,,,,0
13222,2008,,,,0
13222,2009,,,,0
13222,2010,,,,0
13222,2011,,,,0
13222,2012,,,,0
13222,2013,,,,0
13222,2014,,,,0
13222,2015,,,,0
13222,2016,,,,0
13222,2017,,,,0
13222,2018,,,,0
13222,2019,,,,0
13222,2020,,,,0
13222,2021,,,,0
13222,2022,,,,0
13222,2023,,,,0
13222,2024,,,,0
13244,2001,,,,0
13244,2002,,,,0
13244,2003,,,,0
13244,2004,,,,0
13244,2005,,,,0
13244,2006,,,,0
13244,2007,,,,0
13244,2008,,,,0
13244,2009,,,,0
13244,2010,,,,0
13244,2011,,,,0
13244,2012,,,,0
13244,2013,,,,0
13244,2014,,,,0
13244,2015,,,,0
13244,2016,,,,0
13244,2017,,,,0
13244,2018,,,,0
13244,2019,,,,0
13244,2020,,,,0
13244,2021,,,,0
13244,2022,,,,0
13244,2023,,,,0
13244,2024,,,,0
13248,2001,,,,0
13248,2002,,,,0
13248,2003,,,,0
13248,2004,,,,0
13248,2005,,,,0
13248,2006,,,,0
13248,2007,,,,0
13248,2008,,,,0
13248,2009,,,,0
13248,2010,,,,0
13248,2011,,,,0
13248,2012,,,,0
13248,2013,,,,0
13248,2014,,,,0
13248,2015,,,,0
13248,2016,,,,0
13248,2017,,,,0
13248,2018,,,,0
13248,2019,,,,0
13248,2020,,,,0
13248,2021,,,,0
13248,2022,,,,0
13248,2023,,,,0
13248,2024,,,,0
13268,2001,,,,0
13268,2002,,,,0
13268,2003,,,,0
13268,2004,,,,0
13268,2005,,,,0
13268,2006,,,,0
13268,2007,,,,0
13268,2008,,,,0
13268,2009,,,,0
13268,2010,,,,0
13268,2011,,,,0
13268,2012,,,,0
13268,2013,,,,0
13268,2014,,,,0
13268,2015,,,,0
13268,2016,,,,0
13268,2017,,,,0
13268,2018,,,,0
13268,2019,,,,0
13268,2020,,,,0
13268,2021,,,,0
13268,2022,,,,0
13268,2023,,,,0
13268,2024,,,,0
13300,2001,,,,0
13300,2002,,,,0
13300,2003,,,,0
13300,2004,,,,0
13300,2005,,,,0
13300,2006,,,,0
13300,2007,,,,0
13300,2008,,,,0
13300,2009,,,,0
13300,2010,,,,0
13300,2011,,,,0
13300,2012,,,,0
13300,2013,,,,0
13300,2014,,,,0
13300,2015,,,,0
13300,2016,,,,0
13300,2017,,,,0
13300,2018,,,,0
13300,2019,,,,0
13300,2020,,,,0
13300,2021,,,,0
13300,2022,,,,0
13300,2023,,,,0
13300,2024,,,,0
13430,2001,,,,0
13430,2002,,,,0
13430,2003,,,,0
13430,2004,,,,0
13430,2005,,,,0
13430,2006,,,,0
13430,2007,,,,0
13430,2008,,,,0
13430,2009,,,,0
13430,2010,,,,0
13430,2011,,,,0
13430,2012,,,,0
13430,2013,,,,0
13430,2014,,,,0
13430,2015,,,,0
13430,2016,,,,0
13430,2017,,,,0
13430,2018,,,,0
13430,2019,,,,0
13430,2020,,,,0
13430,2021,,,,0
13430,2022,,,,0
13430,2023,,,,0
13430,2024,,,,0
13433,2001,,,,0
13433,2002,,,,0
13433,2003,,,,0
13433,2004,,,,0
13433,2005,,,,0
13433,2006,,,,0
13433,2007,,,,0
13433,2008,,,,0
13433,2009,,,,0
13433,2010,,,,0
13433,2011,,,,0
13433,2012,,,,0
13433,2013,,,,0
13433,2014,,,,0
13433,2015,,,,0
13433,2016,,,,0
13433,2017,,,,0
13433,2018,,,,0
13433,2019,,,,0
13433,2020,,,,0
13433,2021,,,,0
13433,2022,,,,0
13433,2023,,,,0
13433,2024,,,,0
13440,2001,,,,0
13440,2002,,,,0
13440,2003,,,,0
13440,2004,,,,0
13440,2005,,,,0
13440,2006,,,,0
13440,2007,,,,0
13440,2008,,,,0
13440,2009,,,,0
13440,2010,,,,0
13440,2011,,,,0
13440,2012,,,,0
13440,2013,,,,0
13440,2014,,,,0
13440,2015,,,,0
13440,2016,,,,0
13440,2017,,,,0
13440,2018,,,,0
13440,2019,,,,0
13440,2020,,,,0
13440,2021,,,,0
13440,2022,,,,0
13440,2023,,,,0
13440,2024,,,,0
13442,2001,,,,0
13442,2002,,,,0
13442,2003,,,,0
13442,2004,,,,0
13442,2005,,,,0
13442,2006,,,,0
13442,2007,,,,0
13442,2008,,,,0
13442,2009,,,,0
13442,2010,,,,0
13442,2011,,,,0
13442,2012,,,,0
13442,2013,,,,0
13442,2014,,,,0
13442,2015,,,,0
13442,2016,,,,0
13442,2017,,,,0
13442,2018,,,,0
13442,2019,,,,0
13442,2020,,,,0
13442,2021,,,,0
13442,2022,,,,0
13442,2023,,,,0
13442,2024,,,,0
13458,2001,,,,0
13458,2002,,,,0
13458,2003,,,,0
13458,2004,,,,0
13458,2005,,,,0
13458,2006,,,,0
13458,2007,,,,0
13458,2008,,,,0
13458,2009,,,,0
13458,2010,,,,0
13458,2011,,,,0
13458,2012,,,,0
13458,2013,,,,0
13458,2014,,,,0
13458,2015,,,,0
13458,2016,,,,0
13458,2017,,,,0
13458,2018,,,,0
13458,2019,,,,0
13458,2020,,,,0
13458,2021,,,,0
13458,2022,,,,0
13458,2023,,,,0
13458,2024,,,,0
13468,2001,,,,0
13468,2002,,,,0
13468,2003,,,,0
13468,2004,,,,0
13468,2005,,,,0
13468,2006,,,,0
13468,2007,,,,0
13468,2008,,,,0
13468,2009,,,,0
13468,2010,,,,0
13468,2011,,,,0
13468,2012,,,,0
13468,2013,,,,0
13468,2014,,,,0
13468,2015,,,,0
13468,2016,,,,0
13468,2017,,,,0
13468,2018,,,,0
13468,2019,,,,0
13468,2020,,,,0
13468,2021,,,,0
13468,2022,,,,0
13468,2023,,,,0
13468,2024,,,,0
13473,2001,,,,0
13473,2002,,,,0
13473,2003,,,,0
13473,2004,,,,0
13473,2005,,,,0
13473,2006,,,,0
13473,2007,,,,0
13473,2008,,,,0
13473,2009,,,,0
13473,2010,,,,0
13473,2011,,,,0
13473,2012,,,,0
13473,2013,,,,0
13473,2014,,,,0
13473,2015,,,,0
13473,2016,,,,0
13473,2017,,,,0
13473,2018,,,,0
13473,2019,,,,0
13473,2020,,,,0
13473,2021,,,,0
13473,2022,,,,0
13473,2023,,,,0
13473,2024,,,,0
13490,2001,,,,0
13490,2002,,,,0
13490,2003,,,,0
13490,2004,,,,0
13490,2005,,,,0
13490,2006,,,,0
13490,2007,,,,0
13490,2008,,,,0
13490,2009,,,,0
13490,2010,,,,0
13490,2011,,,,0
13490,2012,,,,0
13490,2013,,,,0
13490,2014,,,,0
13490,2015,,,,0
13490,2016,,,,0
13490,2017,,,,0
13490,2018,,,,0
13490,2019,,,,0
13490,2020,,,,0
13490,2021,,,,0
13490,2022,,,,0
13490,2023,,,,0
13490,2024,,,,0
13549,2001,,,,0
13549,2002,,,,0
13549,2003,,,,0
13549,2004,,,,0
13549,2005,,,,0
13549,2006,,,,0
13549,2007,,,,0
13549,2008,,,,0
13549,2009,,,,0
13549,2010,,,,0
13549,2011,,,,0
13549,2012,,,,0
13549,2013,,,,0
13549,2014,,,,0
13549,2015,,,,0
13549,2016,,,,0
13549,2017,,,,0
13549,2018,,,,0
13549,2019,,,,0
13549,2020,,,,0
13549,2021,,,,0
13549,2022,,,,0
13549,2023,,,,0
13549,2024,,,,0
13580,2001,,,,0
13580,2002,,,,0
13580,2003,,,,0
13580,2004,,,,0
13580,2005,,,,0
13580,2006,,,,0
13580,2007,,,,0
13580,2008,,,,0
13580,2009,,,,0
13580,2010,,,,0
13580,2011,,,,0
13580,2012,,,,0
13580,2013,,,,0
13580,2014,,,,0
13580,2015,,,,0
13580,2016,,,,0
13580,2017,,,,0
13580,2018,,,,0
13580,2019,,,,0
13580,2020,,,,0
13580,2021,,,,0
13580,2022,,,,0
13580,2023,,,,0
13580,2024,,,,0
13600,2001,,,,0
13600,2002,,,,0
13600,2003,,,,0
13600,2004,,,,0
13600,2005,,,,0
13600,2006,,,,0
13600,2007,,,,0
13600,2008,,,,0
13600,2009,,,,0
13600,2010,,,,0
13600,2011,,,,0
13600,2012,,,,0
13600,2013,,,,0
13600,2014,,,,0
13600,2015,,,,0
13600,2016,,,,0
13600,2017,,,,0
13600,2018,,,,0
13600,2019,,,,0
13600,2020,,,,0
13600,2021,,,,0
13600,2022,,,,0
13600,2023,,,,0
13600,2024,,,,0
13620,2001,,,,0
13620,2002,,,,0
13620,2003,,,,0
13620,2004,,,,0
13620,2005,,,,0
13620,2006,,,,0
13620,2007,,,,0
13620,2008,,,,0
13620,2009,,,,0
13620,2010,,,,0
13620,2011,,,,0
13620,2012,,,,0
13620,2013,,,,0
13620,2014,,,,0
13620,2015,,,,0
13620,2016,,,,0
13620,2017,,,,0
13620,2018,,,,0
13620,2019,,,,0
13620,2020,,,,0
13620,2021,,,,0
13620,2022,,,,0
13620,2023,,,,0
13620,2024,,,,0
13647,2001,,,,0
13647,2002,,,,0
13647,2003,,,,0
13647,2004,,,,0
13647,2005,,,,0
13647,2006,,,,0
13647,2007,,,,0
13647,2008,,,,0
13647,2009,,,,0
13647,2010,,,,0
13647,2011,,,,0
13647,2012,,,,0
13647,2013,,,,0
13647,2014,,,,0
13647,2015,,,,0
13647,2016,,,,0
13647,2017,,,,0
13647,2018,,,,0
13647,2019,,,,0
13647,2020,,,,0
13647,2021,,,,0
13647,2022,,,,0
13647,2023,,,,0
13647,2024,,,,0
13650,2001,,,,0
13650,2002,,,,0
13650,2003,,,,0
13650,2004,,,,0
13650,2005,,,,0
13650,2006,,,,0
13650,2007,,,,0
13650,2008,,,,0
13650,2009,,,,0
13650,2010,,,,0
13650,2011,,,,0
13650,2012,,,,0
13650,2013,,,,0
13650,2014,,,,0
13650,2015,,,,0
13650,2016,,,,0
13650,2017,,,,0
13650,2018,,,,0
13650,2019,,,,0
13650,2020,,,,0
13650,2021,,,,0
13650,2022,,,,0
13650,2023,,,,0
13650,2024,,,,0
13654,2001,,,,0
13654,2002,,,,0
13654,2003,,,,0
13654,2004,,,,0
13654,2005,,,,0
13654,2006,,,,0
13654,2007,,,,0
13654,2008,,,,0
13654,2009,,,,0
13654,2010,,,,0
13654,2011,,,,0
13654,2012,,,,0
13654,2013,,,,0
13654,2014,,,,0
13654,2015,,,,0
13654,2016,,,,0
13654,2017,,,,0
13654,2018,,,,0
13654,2019,,,,0
13654,2020,,,,0
13654,2021,,,,0
13654,2022,,,,0
13654,2023,,,,0
13654,2024,,,,0
13655,2001,,,,0
13655,2002,,,,0
13655,2003,,,,0
13655,2004,,,,0
13655,2005,,,,0
13655,2006,,,,0
13655,2007,,,,0
13655,2008,,,,0
13655,2009,,,,0
13655,2010,,,,0
13655,2011,,,,0
13655,2012,,,,0
13655,2013,,,,0
13655,2014,,,,0
13655,2015,,,,0
13655,2016,,,,0
13655,2017,,,,0
13655,2018,,,,0
13655,2019,,,,0
13655,2020,,,,0
13655,2021,,,,0
13655,2022,,,,0
13655,2023,,,,0
13655,2024,,,,0
13657,2001,,,,0
13657,2002,,,,0
13657,2003,,,,0
13657,2004,,,,0
13657,2005,,,,0
13657,2006,,,,0
13657,2007,,,,0
13657,2008,,,,0
13657,2009,,,,0
13657,2010,,,,0
13657,2011,,,,0
13657,2012,,,,0
13657,2013,,,,0
13657,2014,,,,0
13657,2015,,,,0
13657,2016,,,,0
13657,2017,,,,0
13657,2018,,,,0
13657,2019,,,,0
13657,2020,,,,0
13657,2021,,,,0
13657,2022,,,,0
13657,2023,,,,0
13657,2024,,,,0
13667,2001,,,,0
13667,2002,,,,0
13667,2003,,,,0
13667,2004,,,,0
13667,2005,,,,0
13667,2006,,,,0
13667,2007,,,,0
13667,2008,,,,0
13667,2009,,,,0
13667,2010,,,,0
13667,2011,,,,0
13667,2012,,,,0
13667,2013,,,,0
13667,2014,,,,0
13667,2015,,,,0
13667,2016,,,,0
13667,2017,,,,0
13667,2018,,,,0
13667,2019,,,,0
13667,2020,,,,0
13667,2021,,,,0
13667,2022,,,,0
13667,2023,,,,0
13667,2024,,,,0
13670,2001,,,,0
13670,2002,,,,0
13670,2003,,,,0
13670,2004,,,,0
13670,2005,,,,0
13670,2006,,,,0
13670,2007,,,,0
13670,2008,,,,0
13670,2009,,,,0
13670,2010,,,,0
13670,2011,,,,0
13670,2012,,,,0
13670,2013,,,,0
13670,2014,,,,0
13670,2015,,,,0
13670,2016,,,,0
13670,2017,,,,0
13670,2018,,,,0
13670,2019,,,,0
13670,2020,,,,0
13670,2021,,,,0
13670,2022,,,,0
13670,2023,,,,0
13670,2024,,,,0
13673,2001,,,,0
13673,2002,,,,0
13673,2003,,,,0
13673,2004,,,,0
13673,2005,,,,0
13673,2006,,,,0
13673,2007,,,,0
13673,2008,,,,0
13673,2009,,,,0
13673,2010,,,,0
13673,2011,,,,0
13673,2012,,,,0
13673,2013,,,,0
13673,2014,,,,0
13673,2015,,,,0
13673,2016,,,,0
13673,2017,,,,0
13673,2018,,,,0
13673,2019,,,,0
13673,2020,,,,0
13673,2021,,,,0
13673,2022,,,,0
13673,2023,,,,0
13673,2024,,,,0
13683,2001,,,,0
13683,2002,,,,0
13683,2003,,,,0
13683,2004,,,,0
13683,2005,,,,0
13683,2006,,,,0
13683,2007,,,,0
13683,2008,,,,0
13683,2009,,,,0
13683,2010,,,,0
13683,2011,,,,0
13683,2012,,,,0
13683,2013,,,,0
13683,2014,,,,0
13683,2015,,,,0
13683,2016,,,,0
13683,2017,,,,0
13683,2018,,,,0
13683,2019,,,,0
13683,2020,,,,0
13683,2021,,,,0
13683,2022,,,,0
13683,2023,,,,0
13683,2024,,,,0
13688,2001,,,,0
13688,2002,,,,0
13688,2003,,,,0
13688,2004,,,,0
13688,2005,,,,0
13688,2006,,,,0
13688,2007,,,,0
13688,2008,,,,0
13688,2009,,,,0
13688,2010,,,,0
13688,2011,,,,0
13688,2012,,,,0
13688,2013,,,,0
13688,2014,,,,0
13688,2015,,,,0
13688,2016,,,,0
13688,2017,,,,0
13688,2018,,,,0
13688,2019,,,,0
13688,2020,,,,0
13688,2021,,,,0
13688,2022,,,,0
13688,2023,,,,0
13688,2024,,,,0
13744,2001,,,,0
13744,2002,,,,0
13744,2003,,,,0
13744,2004,,,,0
13744,2005,,,,0
13744,2006,,,,0
13744,2007,,,,0
13744,2008,,,,0
13744,2009,,,,0
13744,2010,,,,0
13744,2011,,,,0
13744,2012,,,,0
13744,2013,,,,0
13744,2014,,,,0
13744,2015,,,,0
13744,2016,,,,0
13744,2017,,,,0
13744,2018,,,,0
13744,2019,,,,0
13744,2020,,,,0
13744,2021,,,,0
13744,2022,,,,0
13744,2023,,,,0
13744,2024,,,,0
13760,2001,,,,0
13760,2002,,,,0
13760,2003,,,,0
13760,2004,,,,0
13760,2005,,,,0
13760,2006,,,,0
13760,2007,,,,0
13760,2008,,,,0
13760,2009,,,,0
13760,2010,,,,0
13760,2011,,,,0
13760,2012,,,,0
13760,2013,,,,0
13760,2014,,,,0
13760,2015,,,,0
13760,2016,,,,0
13760,2017,,,,0
13760,2018,,,,0
13760,2019,,,,0
13760,2020,,,,0
13760,2021,,,,0
13760,2022,,,,0
13760,2023,,,,0
13760,2024,,,,0
13780,2001,,,,0
13780,2002,,,,0
13780,2003,,,,0
13780,2004,,,,0
13780,2005,,,,0
13780,2006,,,,0
13780,2007,,,,0
13780,2008,,,,0
13780,2009,,,,0
13780,2010,,,,0
13780,2011,,,,0
13780,2012,,,,0
13780,2013,,,,0
13780,2014,,,,0
13780,2015,,,,0
13780,2016,,,,0
13780,2017,,,,0
13780,2018,,,,0
13780,2019,,,,0
13780,2020,,,,0
13780,2021,,,,0
13780,2022,,,,0
13780,2023,,,,0
13780,2024,,,,0
13810,2001,,,,0
13810,2002,,,,0
13810,2003,,,,0
13810,2004,,,,0
13810,2005,,,,0
13810,2006,,,,0
13810,2007,,,,0
13810,2008,,,,0
13810,2009,,,,0
13810,2010,,,,0
13810,2011,,,,0
13810,2012,,,,0
13810,2013,,,,0
13810,2014,,,,0
13810,2015,,,,0
13810,2016,,,,0
13810,2017,,,,0
13810,2018,,,,0
13810,2019,,,,0
13810,2020,,,,0
13810,2021,,,,0
13810,2022,,,,0
13810,2023,,,,0
13810,2024,,,,0
13836,2001,,,,0
13836,2002,,,,0
13836,2003,,,,0
13836,2004,,,,0
13836,2005,,,,0
13836,2006,,,,0
13836,2007,,,,0
13836,2008,,,,0
13836,2009,,,,0
13836,2010,,,,0
13836,2011,,,,0
13836,2012,,,,0
13836,2013,,,,0
13836,2014,,,,0
13836,2015,,,,0
13836,2016,,,,0
13836,2017,,,,0
13836,2018,,,,0
13836,2019,,,,0
13836,2020,,,,0
13836,2021,,,,0
13836,2022,,,,0
13836,2023,,,,0
13836,2024,,,,0
13838,2001,,,,0
13838,2002,,,,0
13838,2003,,,,0
13838,2004,,,,0
13838,2005,,,,0
13838,2006,,,,0
13838,2007,,,,0
13838,2008,,,,0
13838,2009,,,,0
13838,2010,,,,0
13838,2011,,,,0
13838,2012,,,,0
13838,2013,,,,0
13838,2014,,,,0
13838,2015,,,,0
13838,2016,,,,0
13838,2017,,,,0
13838,2018,,,,0
13838,2019,,,,0
13838,2020,,,,0
13838,2021,,,,0
13838,2022,,,,0
13838,2023,,,,0
13838,2024,,,,0
13873,2001,,,,0
13873,2002,,,,0
13873,2003,,,,0
13873,2004,,,,0
13873,2005,,,,0
13873,2006,,,,0
13873,2007,,,,0
13873,2008,,,,0
13873,2009,,,,0
13873,2010,,,,0
13873,2011,,,,0
13873,2012,,,,0
13873,2013,,,,0
13873,2014,,,,0
13873,2015,,,,0
13873,2016,,,,0
13873,2017,,,,0
13873,2018,,,,0
13873,2019,,,,0
13873,2020,,,,0
13873,2021,,,,0
13873,2022,,,,0
13873,2023,,,,0
13873,2024,,,,0
13894,2001,,,,0
13894,2002,,,,0
13894,2003,,,,0
13894,2004,,,,0
13894,2005,,,,0
13894,2006,,,,0
13894,2007,,,,0
13894,2008,,,,0
13894,2009,,,,0
13894,2010,,,,0
13894,2011,,,,0
13894,2012,,,,0
13894,2013,,,,0
13894,2014,,,,0
13894,2015,,,,0
13894,2016,,,,0
13894,2017,,,,0
13894,2018,,,,0
13894,2019,,,,0
13894,2020,,,,0
13894,2021,,,,0
13894,2022,,,,0
13894,2023,,,,0
13894,2024,,,,0
15001,2001,,,,0
15001,2002,,,,0
15001,2003,,,,0
15001,2004,,,,0
15001,2005,,,,0
15001,2006,,,,0
15001,2007,,,,0
15001,2008,,,,0
15001,2009,,,,0
15001,2010,,,,0
15001,2011,,,,0
15001,2012,,,,0
15001,2013,,,,0
15001,2014,,,,0
15001,2015,,,,0
15001,2016,,,,0
15001,2017,,,,0
15001,2018,,,,0
15001,2019,,,,0
15001,2020,,,,0
15001,2021,,,,0
15001,2022,,,,0
15001,2023,,,,0
15001,2024,,,,0
15022,2001,,,,0
15022,2002,,,,0
15022,2003,,,,0
15022,2004,,,,0
15022,2005,,,,0
15022,2006,,,,0
15022,2007,,,,0
15022,2008,,,,0
15022,2009,,,,0
15022,2010,,,,0
15022,2011,,,,0
15022,2012,,,,0
15022,2013,,,,0
15022,2014,,,,0
15022,2015,,,,0
15022,2016,,,,0
15022,2017,,,,0
15022,2018,,,,0
15022,2019,,,,0
15022,2020,,,,0
15022,2021,,,,0
15022,2022,,,,0
15022,2023,,,,0
15022,2024,,,,0
15047,2001,,,,0
15047,2002,,,,0
15047,2003,,,,0
15047,2004,,,,0
15047,2005,,,,0
15047,2006,,,,0
15047,2007,,,,0
15047,2008,,,,0
15047,2009,,,,0
15047,2010,,,,0
15047,2011,,,,0
15047,2012,,,,0
15047,2013,,,,0
15047,2014,,,,0
15047,2015,,,,0
15047,2016,,,,0
15047,2017,,,,0
15047,2018,,,,0
15047,2019,,,,0
15047,2020,,,,0
15047,2021,,,,0
15047,2022,,,,0
15047,2023,,,,0
15047,2024,,,,0
15051,2001,,,,0
15051,2002,,,,0
15051,2003,,,,0
15051,2004,,,,0
15051,2005,,,,0
15051,2006,,,,0
15051,2007,,,,0
15051,2008,,,,0
15051,2009,,,,0
15051,2010,,,,0
15051,2011,,,,0
15051,2012,,,,0
15051,2013,,,,0
15051,2014,,,,0
15051,2015,,,,0
15051,2016,,,,0
15051,2017,,,,0
15051,2018,,,,0
15051,2019,,,,0
15051,2020,,,,0
15051,2021,,,,0
15051,2022,,,,0
15051,2023,,,,0
15051,2024,,,,0
15087,2001,,,,0
15087,2002,,,,0
15087,2003,,,,0
15087,2004,,,,0
15087,2005,,,,0
15087,2006,,,,0
15087,2007,,,,0
15087,2008,,,,0
15087,2009,,,,0
15087,2010,,,,0
15087,2011,,,,0
15087,2012,,,,0
15087,2013,,,,0
15087,2014,,,,0
15087,2015,,,,0
15087,2016,,,,0
15087,2017,,,,0
15087,2018,,,,0
15087,2019,,,,0
15087,2020,,,,0
15087,2021,,,,0
15087,2022,,,,0
15087,2023,,,,0
15087,2024,,,,0
15090,2001,,,,0
15090,2002,,,,0
15090,2003,,,,0
15090,2004,,,,0
15090,2005,,,,0
15090,2006,,,,0
15090,2007,,,,0
15090,2008,,,,0
15090,2009,,,,0
15090,2010,,,,0
15090,2011,,,,0
15090,2012,,,,0
15090,2013,,,,0
15090,2014,,,,0
15090,2015,,,,0
15090,2016,,,,0
15090,2017,,,,0
15090,2018,,,,0
15090,2019,,,,0
15090,2020,,,,0
15090,2021,,,,0
15090,2022,,,,0
15090,2023,,,,0
15090,2024,,,,0
15092,2001,,,,0
15092,2002,,,,0
15092,2003,,,,0
15092,2004,,,,0
15092,2005,,,,0
15092,2006,,,,0
15092,2007,,,,0
15092,2008,,,,0
15092,2009,,,,0
15092,2010,,,,0
15092,2011,,,,0
15092,2012,,,,0
15092,2013,,,,0
15092,2014,,,,0
15092,2015,,,,0
15092,2016,,,,0
15092,2017,,,,0
15092,2018,,,,0
15092,2019,,,,0
15092,2020,,,,0
15092,2021,,,,0
15092,2022,,,,0
15092,2023,,,,0
15092,2024,,,,0
15097,2001,,,,0
15097,2002,,,,0
15097,2003,,,,0
15097,2004,,,,0
15097,2005,,,,0
15097,2006,,,,0
15097,2007,,,,0
15097,2008,,,,0
15097,2009,,,,0
15097,2010,,,,0
15097,2011,,,,0
15097,2012,,,,0
15097,2013,,,,0
15097,2014,,,,0
15097,2015,,,,0
15097,2016,,,,0
15097,2017,,,,0
15097,2018,,,,0
15097,2019,,,,0
15097,2020,,,,0
15097,2021,,,,0
15097,2022,,,,0
15097,2023,,,,0
15097,2024,,,,0
15104,2001,,,,0
15104,2002,,,,0
15104,2003,,,,0
15104,2004,,,,0
15104,2005,,,,0
15104,2006,,,,0
15104,2007,,,,0
15104,2008,,,,0
15104,2009,,,,0
15104,2010,,,,0
15104,2011,,,,0
15104,2012,,,,0
15104,2013,,,,0
15104,2014,,,,0
15104,2015,,,,0
15104,2016,,,,0
15104,2017,,,,0
15104,2018,,,,0
15104,2019,,,,0
15104,2020,,,,0
15104,2021,,,,0
15104,2022,,,,0
15104,2023,,,,0
15104,2024,,,,0
15106,2001,,,,0
15106,2002,,,,0
15106,2003,,,,0
15106,2004,,,,0
15106,2005,,,,0
15106,2006,,,,0
15106,2007,,,,0
15106,2008,,,,0
15106,2009,,,,0
15106,2010,,,,0
15106,2011,,,,0
15106,2012,,,,0
15106,2013,,,,0
15106,2014,,,,0
15106,2015,,,,0
15106,2016,,,,0
15106,2017,,,,0
15106,2018,,,,0
15106,2019,,,,0
15106,2020,,,,0
15106,2021,,,,0
15106,2022,,,,0
15106,2023,,,,0
15106,2024,,,,0
15109,2001,,,,0
15109,2002,,,,0
15109,2003,,,,0
15109,2004,,,,0
15109,2005,,,,0
15109,2006,,,,0
15109,2007,,,,0
15109,2008,,,,0
15109,2009,,,,0
15109,2010,,,,0
15109,2011,,,,0
15109,2012,,,,0
15109,2013,,,,0
15109,2014,,,,0
15109,2015,,,,0
15109,2016,,,,0
15109,2017,,,,0
15109,2018,,,,0
15109,2019,,,,0
15109,2020,,,,0
15109,2021,,,,0
15109,2022,,,,0
15109,2023,,,,0
15109,2024,,,,0
15114,2001,,,,0
15114,2002,,,,0
15114,2003,,,,0
15114,2004,,,,0
15114,2005,,,,0
15114,2006,,,,0
15114,2007,,,,0
15114,2008,,,,0
15114,2009,,,,0
15114,2010,,,,0
15114,2011,,,,0
15114,2012,,,,0
15114,2013,,,,0
15114,2014,,,,0
15114,2015,,,,0
15114,2016,,,,0
15114,2017,,,,0
15114,2018,,,,0
15114,2019,,,,0
15114,2020,,,,0
15114,2021,,,,0
15114,2022,,,,0
15114,2023,,,,0
15114,2024,,,,0
15131,2001,,,,0
15131,2002,,,,0
15131,2003,,,,0
15131,2004,,,,0
15131,2005,,,,0
15131,2006,,,,0
15131,2007,,,,0
15131,2008,,,,0
15131,2009,,,,0
15131,2010,,,,0
15131,2011,,,,0
15131,2012,,,,0
15131,2013,,,,0
15131,2014,,,,0
15131,2015,,,,0
15131,2016,,,,0
15131,2017,,,,0
15131,2018,,,,0
15131,2019,,,,0
15131,2020,,,,0
15131,2021,,,,0
15131,2022,,,,0
15131,2023,,,,0
15131,2024,,,,0
15135,2001,,,,0
15135,2002,,,,0
15135,2003,,,,0
15135,2004,,,,0
15135,2005,,,,0
15135,2006,,,,0
15135,2007,,,,0
15135,2008,,,,0
15135,2009,,,,0
15135,2010,,,,0
15135,2011,,,,0
15135,2012,,,,0
15135,2013,,,,0
15135,2014,,,,0
15135,2015,,,,0
15135,2016,,,,0
15135,2017,,,,0
15135,2018,,,,0
15135,2019,,,,0
15135,2020,,,,0
15135,2021,,,,0
15135,2022,,,,0
15135,2023,,,,0
15135,2024,,,,0
15162,2001,,,,0
15162,2002,,,,0
15162,2003,,,,0
15162,2004,,,,0
15162,2005,,,,0
15162,2006,,,,0
15162,2007,,,,0
15162,2008,,,,0
15162,2009,,,,0
15162,2010,,,,0
15162,2011,,,,0
15162,2012,,,,0
15162,2013,,,,0
15162,2014,,,,0
15162,2015,,,,0
15162,2016,,,,0
15162,2017,,,,0
15162,2018,,,,0
15162,2019,,,,0
15162,2020,,,,0
15162,2021,,,,0
15162,2022,,,,0
15162,2023,,,,0
15162,2024,,,,0
15172,2001,,,,0
15172,2002,,,,0
15172,2003,,,,0
15172,2004,,,,0
15172,2005,,,,0
15172,2006,,,,0
15172,2007,,,,0
15172,2008,,,,0
15172,2009,,,,0
15172,2010,,,,0
15172,2011,,,,0
15172,2012,,,,0
15172,2013,,,,0
15172,2014,,,,0
15172,2015,,,,0
15172,2016,,,,0
15172,2017,,,,0
15172,2018,,,,0
15172,2019,,,,0
15172,2020,,,,0
15172,2021,,,,0
15172,2022,,,,0
15172,2023,,,,0
15172,2024,,,,0
15176,2001,,,,0
15176,2002,,,,0
15176,2003,,,,0
15176,2004,,,,0
15176,2005,,,,0
15176,2006,,,,0
15176,2007,,,,0
15176,2008,,,,0
15176,2009,,,,0
15176,2010,,,,0
15176,2011,,,,0
15176,2012,,,,0
15176,2013,,,,0
15176,2014,,,,0
15176,2015,,,,0
15176,2016,,,,0
15176,2017,,,,0
15176,2018,,,,0
15176,2019,,,,0
15176,2020,,,,0
15176,2021,,,,0
15176,2022,,,,0
15176,2023,,,,0
15176,2024,,,,0
15180,2001,,,,0
15180,2002,,,,0
15180,2003,,,,0
15180,2004,,,,0
15180,2005,,,,0
15180,2006,,,,0
15180,2007,,,,0
15180,2008,,,,0
15180,2009,,,,0
15180,2010,,,,0
15180,2011,,,,0
15180,2012,,,,0
15180,2013,,,,0
15180,2014,,,,0
15180,2015,,,,0
15180,2016,,,,0
15180,2017,,,,0
15180,2018,,,,0
15180,2019,,,,0
15180,2020,,,,0
15180,2021,,,,0
15180,2022,,,,0
15180,2023,,,,0
15180,2024,,,,0
15183,2001,,,,0
15183,2002,,,,0
15183,2003,,,,0
15183,2004,,,,0
15183,2005,,,,0
15183,2006,,,,0
15183,2007,,,,0
15183,2008,,,,0
15183,2009,,,,0
15183,2010,,,,0
15183,2011,,,,0
15183,2012,,,,0
15183,2013,,,,0
15183,2014,,,,0
15183,2015,,,,0
15183,2016,,,,0
15183,2017,,,,0
15183,2018,,,,0
15183,2019,,,,0
15183,2020,,,,0
15183,2021,,,,0
15183,2022,,,,0
15183,2023,,,,0
15183,2024,,,,0
15185,2001,,,,0
15185,2002,,,,0
15185,2003,,,,0
15185,2004,,,,0
15185,2005,,,,0
15185,2006,,,,0
15185,2007,,,,0
15185,2008,,,,0
15185,2009,,,,0
15185,2010,,,,0
15185,2011,,,,0
15185,2012,,,,0
15185,2013,,,,0
15185,2014,,,,0
15185,2015,,,,0
15185,2016,,,,0
15185,2017,,,,0
15185,2018,,,,0
15185,2019,,,,0
15185,2020,,,,0
15185,2021,,,,0
15185,2022,,,,0
15185,2023,,,,0
15185,2024,,,,0
15187,2001,,,,0
15187,2002,,,,0
15187,2003,,,,0
15187,2004,,,,0
15187,2005,,,,0
15187,2006,,,,0
15187,2007,,,,0
15187,2008,,,,0
15187,2009,,,,0
15187,2010,,,,0
15187,2011,,,,0
15187,2012,,,,0
15187,2013,,,,0
15187,2014,,,,0
15187,2015,,,,0
15187,2016,,,,0
15187,2017,,,,0
15187,2018,,,,0
15187,2019,,,,0
15187,2020,,,,0
15187,2021,,,,0
15187,2022,,,,0
15187,2023,,,,0
15187,2024,,,,0
15189,2001,,,,0
15189,2002,,,,0
15189,2003,,,,0
15189,2004,,,,0
15189,2005,,,,0
15189,2006,,,,0
15189,2007,,,,0
15189,2008,,,,0
15189,2009,,,,0
15189,2010,,,,0
15189,2011,,,,0
15189,2012,,,,0
15189,2013,,,,0
15189,2014,,,,0
15189,2015,,,,0
15189,2016,,,,0
15189,2017,,,,0
15189,2018,,,,0
15189,2019,,,,0
15189,2020,,,,0
15189,2021,,,,0
15189,2022,,,,0
15189,2023,,,,0
15189,2024,,,,0
15204,2001,,,,0
15204,2002,,,,0
15204,2003,,,,0
15204,2004,,,,0
15204,2005,,,,0
15204,2006,,,,0
15204,2007,,,,0
15204,2008,,,,0
15204,2009,,,,0
15204,2010,,,,0
15204,2011,,,,0
15204,2012,,,,0
15204,2013,,,,0
15204,2014,,,,0
15204,2015,,,,0
15204,2016,,,,0
15204,2017,,,,0
15204,2018,,,,0
15204,2019,,,,0
15204,2020,,,,0
15204,2021,,,,0
15204,2022,,,,0
15204,2023,,,,0
15204,2024,,,,0
15212,2001,,,,0
15212,2002,,,,0
15212,2003,,,,0
15212,2004,,,,0
15212,2005,,,,0
15212,2006,,,,0
15212,2007,,,,0
15212,2008,,,,0
15212,2009,,,,0
15212,2010,,,,0
15212,2011,,,,0
15212,2012,,,,0
15212,2013,,,,0
15212,2014,,,,0
15212,2015,,,,0
15212,2016,,,,0
15212,2017,,,,0
15212,2018,,,,0
15212,2019,,,,0
15212,2020,,,,0
15212,2021,,,,0
15212,2022,,,,0
15212,2023,,,,0
15212,2024,,,,0
15215,2001,,,,0
15215,2002,,,,0
15215,2003,,,,0
15215,2004,,,,0
15215,2005,,,,0
15215,2006,,,,0
15215,2007,,,,0
15215,2008,,,,0
15215,2009,,,,0
15215,2010,,,,0
15215,2011,,,,0
15215,2012,,,,0
15215,2013,,,,0
15215,2014,,,,0
15215,2015,,,,0
15215,2016,,,,0
15215,2017,,,,0
15215,2018,,,,0
15215,2019,,,,0
15215,2020,,,,0
15215,2021,,,,0
15215,2022,,,,0
15215,2023,,,,0
15215,2024,,,,0
15218,2001,,,,0
15218,2002,,,,0
15218,2003,,,,0
15218,2004,,,,0
15218,2005,,,,0
15218,2006,,,,0
15218,2007,,,,0
15218,2008,,,,0
15218,2009,,,,0
15218,2010,,,,0
15218,2011,,,,0
15218,2012,,,,0
15218,2013,,,,0
15218,2014,,,,0
15218,2015,,,,0
15218,2016,,,,0
15218,2017,,,,0
15218,2018,,,,0
15218,2019,,,,0
15218,2020,,,,0
15218,2021,,,,0
15218,2022,,,,0
15218,2023,,,,0
15218,2024,,,,0
15223,2001,,,,0
15223,2002,,,,0
15223,2003,,,,0
15223,2004,,,,0
15223,2005,,,,0
15223,2006,,,,0
15223,2007,,,,0
15223,2008,,,,0
15223,2009,,,,0
15223,2010,,,,0
15223,2011,,,,0
15223,2012,,,,0
15223,2013,,,,0
15223,2014,,,,0
15223,2015,,,,0
15223,2016,,,,0
15223,2017,,,,0
15223,2018,,,,0
15223,2019,,,,0
15223,2020,,,,0
15223,2021,,,,0
15223,2022,,,,0
15223,2023,,,,0
15223,2024,,,,0
15224,2001,,,,0
15224,2002,,,,0
15224,2003,,,,0
15224,2004,,,,0
15224,2005,,,,0
15224,2006,,,,0
15224,2007,,,,0
15224,2008,,,,0
15224,2009,,,,0
15224,2010,,,,0
15224,2011,,,,0
15224,2012,,,,0
15224,2013,,,,0
15224,2014,,,,0
15224,2015,,,,0
15224,2016,,,,0
15224,2017,,,,0
15224,2018,,,,0
15224,2019,,,,0
15224,2020,,,,0
15224,2021,,,,0
15224,2022,,,,0
15224,2023,,,,0
15224,2024,,,,0
15226,2001,,,,0
15226,2002,,,,0
15226,2003,,,,0
15226,2004,,,,0
15226,2005,,,,0
15226,2006,,,,0
15226,2007,,,,0
15226,2008,,,,0
15226,2009,,,,0
15226,2010,,,,0
15226,2011,,,,0
15226,2012,,,,0
15226,2013,,,,0
15226,2014,,,,0
15226,2015,,,,0
15226,2016,,,,0
15226,2017,,,,0
15226,2018,,,,0
15226,2019,,,,0
15226,2020,,,,0
15226,2021,,,,0
15226,2022,,,,0
15226,2023,,,,0
15226,2024,,,,0
15232,2001,,,,0
15232,2002,,,,0
15232,2003,,,,0
15232,2004,,,,0
15232,2005,,,,0
15232,2006,,,,0
15232,2007,,,,0
15232,2008,,,,0
15232,2009,,,,0
15232,2010,,,,0
15232,2011,,,,0
15232,2012,,,,0
15232,2013,,,,0
15232,2014,,,,0
15232,2015,,,,0
15232,2016,,,,0
15232,2017,,,,0
15232,2018,,,,0
15232,2019,,,,0
15232,2020,,,,0
15232,2021,,,,0
15232,2022,,,,0
15232,2023,,,,0
15232,2024,,,,0
15236,2001,,,,0
15236,2002,,,,0
15236,2003,,,,0
15236,2004,,,,0
15236,2005,,,,0
15236,2006,,,,0
15236,2007,,,,0
15236,2008,,,,0
15236,2009,,,,0
15236,2010,,,,0
15236,2011,,,,0
15236,2012,,,,0
15236,2013,,,,0
15236,2014,,,,0
15236,2015,,,,0
15236,2016,,,,0
15236,2017,,,,0
15236,2018,,,,0
15236,2019,,,,0
15236,2020,,,,0
15236,2021,,,,0
15236,2022,,,,0
15236,2023,,,,0
15236,2024,,,,0
15238,2001,,,,0
15238,2002,,,,0
15238,2003,,,,0
15238,2004,,,,0
15238,2005,,,,0
15238,2006,,,,0
15238,2007,,,,0
15238,2008,,,,0
15238,2009,,,,0
15238,2010,,,,0
15238,2011,,,,0
15238,2012,,,,0
15238,2013,,,,0
15238,2014,,,,0
15238,2015,,,,0
15238,2016,,,,0
15238,2017,,,,0
15238,2018,,,,0
15238,2019,,,,0
15238,2020,,,,0
15238,2021,,,,0
15238,2022,,,,0
15238,2023,,,,0
15238,2024,,,,0
15244,2001,,,,0
15244,2002,,,,0
15244,2003,,,,0
15244,2004,,,,0
15244,2005,,,,0
15244,2006,,,,0
15244,2007,,,,0
15244,2008,,,,0
15244,2009,,,,0
15244,2010,,,,0
15244,2011,,,,0
15244,2012,,,,0
15244,2013,,,,0
15244,2014,,,,0
15244,2015,,,,0
15244,2016,,,,0
15244,2017,,,,0
15244,2018,,,,0
15244,2019,,,,0
15244,2020,,,,0
15244,2021,,,,0
15244,2022,,,,0
15244,2023,,,,0
15244,2024,,,,0
15248,2001,,,,0
15248,2002,,,,0
15248,2003,,,,0
15248,2004,,,,0
15248,2005,,,,0
15248,2006,,,,0
15248,2007,,,,0
15248,2008,,,,0
15248,2009,,,,0
15248,2010,,,,0
15248,2011,,,,0
15248,2012,,,,0
15248,2013,,,,0
15248,2014,,,,0
15248,2015,,,,0
15248,2016,,,,0
15248,2017,,,,0
15248,2018,,,,0
15248,2019,,,,0
15248,2020,,,,0
15248,2021,,,,0
15248,2022,,,,0
15248,2023,,,,0
15248,2024,,,,0
15272,2001,,,,0
15272,2002,,,,0
15272,2003,,,,0
15272,2004,,,,0
15272,2005,,,,0
15272,2006,,,,0
15272,2007,,,,0
15272,2008,,,,0
15272,2009,,,,0
15272,2010,,,,0
15272,2011,,,,0
15272,2012,,,,0
15272,2013,,,,0
15272,2014,,,,0
15272,2015,,,,0
15272,2016,,,,0
15272,2017,,,,0
15272,2018,,,,0
15272,2019,,,,0
15272,2020,,,,0
15272,2021,,,,0
15272,2022,,,,0
15272,2023,,,,0
15272,2024,,,,0
15276,2001,,,,0
15276,2002,,,,0
15276,2003,,,,0
15276,2004,,,,0
15276,2005,,,,0
15276,2006,,,,0
15276,2007,,,,0
15276,2008,,,,0
15276,2009,,,,0
15276,2010,,,,0
15276,2011,,,,0
15276,2012,,,,0
15276,2013,,,,0
15276,2014,,,,0
15276,2015,,,,0
15276,2016,,,,0
15276,2017,,,,0
15276,2018,,,,0
15276,2019,,,,0
15276,2020,,,,0
15276,2021,,,,0
15276,2022,,,,0
15276,2023,,,,0
15276,2024,,,,0
15293,2001,,,,0
15293,2002,,,,0
15293,2003,,,,0
15293,2004,,,,0
15293,2005,,,,0
15293,2006,,,,0
15293,2007,,,,0
15293,2008,,,,0
15293,2009,,,,0
15293,2010,,,,0
15293,2011,,,,0
15293,2012,,,,0
15293,2013,,,,0
15293,2014,,,,0
15293,2015,,,,0
15293,2016,,,,0
15293,2017,,,,0
15293,2018,,,,0
15293,2019,,,,0
15293,2020,,,,0
15293,2021,,,,0
15293,2022,,,,0
15293,2023,,,,0
15293,2024,,,,0
15296,2001,,,,0
15296,2002,,,,0
15296,2003,,,,0
15296,2004,,,,0
15296,2005,,,,0
15296,2006,,,,0
15296,2007,,,,0
15296,2008,,,,0
15296,2009,,,,0
15296,2010,,,,0
15296,2011,,,,0
15296,2012,,,,0
15296,2013,,,,0
15296,2014,,,,0
15296,2015,,,,0
15296,2016,,,,0
15296,2017,,,,0
15296,2018,,,,0
15296,2019,,,,0
15296,2020,,,,0
15296,2021,,,,0
15296,2022,,,,0
15296,2023,,,,0
15296,2024,,,,0
15299,2001,,,,0
15299,2002,,,,0
15299,2003,,,,0
15299,2004,,,,0
15299,2005,,,,0
15299,2006,,,,0
15299,2007,,,,0
15299,2008,,,,0
15299,2009,,,,0
15299,2010,,,,0
15299,2011,,,,0
15299,2012,,,,0
15299,2013,,,,0
15299,2014,,,,0
15299,2015,,,,0
15299,2016,,,,0
15299,2017,,,,0
15299,2018,,,,0
15299,2019,,,,0
15299,2020,,,,0
15299,2021,,,,0
15299,2022,,,,0
15299,2023,,,,0
15299,2024,,,,0
15317,2001,,,,0
15317,2002,,,,0
15317,2003,,,,0
15317,2004,,,,0
15317,2005,,,,0
15317,2006,,,,0
15317,2007,,,,0
15317,2008,,,,0
15317,2009,,,,0
15317,2010,,,,0
15317,2011,,,,0
15317,2012,,,,0
15317,2013,,,,0
15317,2014,,,,0
15317,2015,,,,0
15317,2016,,,,0
15317,2017,,,,0
15317,2018,,,,0
15317,2019,,,,0
15317,2020,,,,0
15317,2021,,,,0
15317,2022,,,,0
15317,2023,,,,0
15317,2024,,,,0
15322,2001,,,,0
15322,2002,,,,0
15322,2003,,,,0
15322,2004,,,,0
15322,2005,,,,0
15322,2006,,,,0
15322,2007,,,,0
15322,2008,,,,0
15322,2009,,,,0
15322,2010,,,,0
15322,2011,,,,0
15322,2012,,,,0
15322,2013,,,,0
15322,2014,,,,0
15322,2015,,,,0
15322,2016,,,,0
15322,2017,,,,0
15322,2018,,,,0
15322,2019,,,,0
15322,2020,,,,0
15322,2021,,,,0
15322,2022,,,,0
15322,2023,,,,0
15322,2024,,,,0
15325,2001,,,,0
15325,2002,,,,0
15325,2003,,,,0
15325,2004,,,,0
15325,2005,,,,0
15325,2006,,,,0
15325,2007,,,,0
15325,2008,,,,0
15325,2009,,,,0
15325,2010,,,,0
15325,2011,,,,0
15325,2012,,,,0
15325,2013,,,,0
15325,2014,,,,0
15325,2015,,,,0
15325,2016,,,,0
15325,2017,,,,0
15325,2018,,,,0
15325,2019,,,,0
15325,2020,,,,0
15325,2021,,,,0
15325,2022,,,,0
15325,2023,,,,0
15325,2024,,,,0
15332,2001,,,,0
15332,2002,,,,0
15332,2003,,,,0
15332,2004,,,,0
15332,2005,,,,0
15332,2006,,,,0
15332,2007,,,,0
15332,2008,,,,0
15332,2009,,,,0
15332,2010,,,,0
15332,2011,,,,0
15332,2012,,,,0
15332,2013,,,,0
15332,2014,,,,0
15332,2015,,,,0
15332,2016,,,,0
15332,2017,,,,0
15332,2018,,,,0
15332,2019,,,,0
15332,2020,,,,0
15332,2021,,,,0
15332,2022,,,,0
15332,2023,,,,0
15332,2024,,,,0
15362,2001,,,,0
15362,2002,,,,0
15362,2003,,,,0
15362,2004,,,,0
15362,2005,,,,0
15362,2006,,,,0
15362,2007,,,,0
15362,2008,,,,0
15362,2009,,,,0
15362,2010,,,,0
15362,2011,,,,0
15362,2012,,,,0
15362,2013,,,,0
15362,2014,,,,0
15362,2015,,,,0
15362,2016,,,,0
15362,2017,,,,0
15362,2018,,,,0
15362,2019,,,,0
15362,2020,,,,0
15362,2021,,,,0
15362,2022,,,,0
15362,2023,,,,0
15362,2024,,,,0
15367,2001,,,,0
15367,2002,,,,0
15367,2003,,,,0
15367,2004,,,,0
15367,2005,,,,0
15367,2006,,,,0
15367,2007,,,,0
15367,2008,,,,0
15367,2009,,,,0
15367,2010,,,,0
15367,2011,,,,0
15367,2012,,,,0
15367,2013,,,,0
15367,2014,,,,0
15367,2015,,,,0
15367,2016,,,,0
15367,2017,,,,0
15367,2018,,,,0
15367,2019,,,,0
15367,2020,,,,0
15367,2021,,,,0
15367,2022,,,,0
15367,2023,,,,0
15367,2024,,,,0
15368,2001,,,,0
15368,2002,,,,0
15368,2003,,,,0
15368,2004,,,,0
15368,2005,,,,0
15368,2006,,,,0
15368,2007,,,,0
15368,2008,,,,0
15368,2009,,,,0
15368,2010,,,,0
15368,2011,,,,0
15368,2012,,,,0
15368,2013,,,,0
15368,2014,,,,0
15368,2015,,,,0
15368,2016,,,,0
15368,2017,,,,0
15368,2018,,,,0
15368,2019,,,,0
15368,2020,,,,0
15368,2021,,,,0
15368,2022,,,,0
15368,2023,,,,0
15368,2024,,,,0
15377,2001,,,,0
15377,2002,,,,0
15377,2003,,,,0
15377,2004,,,,0
15377,2005,,,,0
15377,2006,,,,0
15377,2007,,,,0
15377,2008,,,,0
15377,2009,,,,0
15377,2010,,,,0
15377,2011,,,,0
15377,2012,,,,0
15377,2013,,,,0
15377,2014,,,,0
15377,2015,,,,0
15377,2016,,,,0
15377,2017,,,,0
15377,2018,,,,0
15377,2019,,,,0
15377,2020,,,,0
15377,2021,,,,0
15377,2022,,,,0
15377,2023,,,,0
15377,2024,,,,0
15380,2001,,,,0
15380,2002,,,,0
15380,2003,,,,0
15380,2004,,,,0
15380,2005,,,,0
15380,2006,,,,0
15380,2007,,,,0
15380,2008,,,,0
15380,2009,,,,0
15380,2010,,,,0
15380,2011,,,,0
15380,2012,,,,0
15380,2013,,,,0
15380,2014,,,,0
15380,2015,,,,0
15380,2016,,,,0
15380,2017,,,,0
15380,2018,,,,0
15380,2019,,,,0
15380,2020,,,,0
15380,2021,,,,0
15380,2022,,,,0
15380,2023,,,,0
15380,2024,,,,0
15401,2001,,,,0
15401,2002,,,,0
15401,2003,,,,0
15401,2004,,,,0
15401,2005,,,,0
15401,2006,,,,0
15401,2007,,,,0
15401,2008,,,,0
15401,2009,,,,0
15401,2010,,,,0
15401,2011,,,,0
15401,2012,,,,0
15401,2013,,,,0
15401,2014,,,,0
15401,2015,,,,0
15401,2016,,,,0
15401,2017,,,,0
15401,2018,,,,0
15401,2019,,,,0
15401,2020,,,,0
15401,2021,,,,0
15401,2022,,,,0
15401,2023,,,,0
15401,2024,,,,0
15403,2001,,,,0
15403,2002,,,,0
15403,2003,,,,0
15403,2004,,,,0
15403,2005,,,,0
15403,2006,,,,0
15403,2007,,,,0
15403,2008,,,,0
15403,2009,,,,0
15403,2010,,,,0
15403,2011,,,,0
15403,2012,,,,0
15403,2013,,,,0
15403,2014,,,,0
15403,2015,,,,0
15403,2016,,,,0
15403,2017,,,,0
15403,2018,,,,0
15403,2019,,,,0
15403,2020,,,,0
15403,2021,,,,0
15403,2022,,,,0
15403,2023,,,,0
15403,2024,,,,0
15407,2001,,,,0
15407,2002,,,,0
15407,2003,,,,0
15407,2004,,,,0
15407,2005,,,,0
15407,2006,,,,0
15407,2007,,,,0
15407,2008,,,,0
15407,2009,,,,0
15407,2010,,,,0
15407,2011,,,,0
15407,2012,,,,0
15407,2013,,,,0
15407,2014,,,,0
15407,2015,,,,0
15407,2016,,,,0
15407,2017,,,,0
15407,2018,,,,0
15407,2019,,,,0
15407,2020,,,,0
15407,2021,,,,0
15407,2022,,,,0
15407,2023,,,,0
15407,2024,,,,0
15425,2001,,,,0
15425,2002,,,,0
15425,2003,,,,0
15425,2004,,,,0
15425,2005,,,,0
15425,2006,,,,0
15425,2007,,,,0
15425,2008,,,,0
15425,2009,,,,0
15425,2010,,,,0
15425,2011,,,,0
15425,2012,,,,0
15425,2013,,,,0
15425,2014,,,,0
15425,2015,,,,0
15425,2016,,,,0
15425,2017,,,,0
15425,2018,,,,0
15425,2019,,,,0
15425,2020,,,,0
15425,2021,,,,0
15425,2022,,,,0
15425,2023,,,,0
15425,2024,,,,0
15442,2001,,,,0
15442,2002,,,,0
15442,2003,,,,0
15442,2004,,,,0
15442,2005,,,,0
15442,2006,,,,0
15442,2007,,,,0
15442,2008,,,,0
15442,2009,,,,0
15442,2010,,,,0
15442,2011,,,,0
15442,2012,,,,0
15442,2013,,,,0
15442,2014,,,,0
15442,2015,,,,0
15442,2016,,,,0
15442,2017,,,,0
15442,2018,,,,0
15442,2019,,,,0
15442,2020,,,,0
15442,2021,,,,0
15442,2022,,,,0
15442,2023,,,,0
15442,2024,,,,0
15455,2001,,,,0
15455,2002,,,,0
15455,2003,,,,0
15455,2004,,,,0
15455,2005,,,,0
15455,2006,,,,0
15455,2007,,,,0
15455,2008,,,,0
15455,2009,,,,0
15455,2010,,,,0
15455,2011,,,,0
15455,2012,,,,0
15455,2013,,,,0
15455,2014,,,,0
15455,2015,,,,0
15455,2016,,,,0
15455,2017,,,,0
15455,2018,,,,0
15455,2019,,,,0
15455,2020,,,,0
15455,2021,,,,0
15455,2022,,,,0
15455,2023,,,,0
15455,2024,,,,0
15464,2001,,,,0
15464,2002,,,,0
15464,2003,,,,0
15464,2004,,,,0
15464,2005,,,,0
15464,2006,,,,0
15464,2007,,,,0
15464,2008,,,,0
15464,2009,,,,0
15464,2010,,,,0
15464,2011,,,,0
15464,2012,,,,0
15464,2013,,,,0
15464,2014,,,,0
15464,2015,,,,0
15464,2016,,,,0
15464,2017,,,,0
15464,2018,,,,0
15464,2019,,,,0
15464,2020,,,,0
15464,2021,,,,0
15464,2022,,,,0
15464,2023,,,,0
15464,2024,,,,0
15466,2001,,,,0
15466,2002,,,,0
15466,2003,,,,0
15466,2004,,,,0
15466,2005,,,,0
15466,2006,,,,0
15466,2007,,,,0
15466,2008,,,,0
15466,2009,,,,0
15466,2010,,,,0
15466,2011,,,,0
15466,2012,,,,0
15466,2013,,,,0
15466,2014,,,,0
15466,2015,,,,0
15466,2016,,,,0
15466,2017,,,,0
15466,2018,,,,0
15466,2019,,,,0
15466,2020,,,,0
15466,2021,,,,0
15466,2022,,,,0
15466,2023,,,,0
15466,2024,,,,0
15469,2001,,,,0
15469,2002,,,,0
15469,2003,,,,0
15469,2004,,,,0
15469,2005,,,,0
15469,2006,,,,0
15469,2007,,,,0
15469,2008,,,,0
15469,2009,,,,0
15469,2010,,,,0
15469,2011,,,,0
15469,2012,,,,0
15469,2013,,,,0
15469,2014,,,,0
15469,2015,,,,0
15469,2016,,,,0
15469,2017,,,,0
15469,2018,,,,0
15469,2019,,,,0
15469,2020,,,,0
15469,2021,,,,0
15469,2022,,,,0
15469,2023,,,,0
15469,2024,,,,0
15476,2001,,,,0
15476,2002,,,,0
15476,2003,,,,0
15476,2004,,,,0
15476,2005,,,,0
15476,2006,,,,0
15476,2007,,,,0
15476,2008,,,,0
15476,2009,,,,0
15476,2010,,,,0
15476,2011,,,,0
15476,2012,,,,0
15476,2013,,,,0
15476,2014,,,,0
15476,2015,,,,0
15476,2016,,,,0
15476,2017,,,,0
15476,2018,,,,0
15476,2019,,,,0
15476,2020,,,,0
15476,2021,,,,0
15476,2022,,,,0
15476,2023,,,,0
15476,2024,,,,0
15480,2001,,,,0
15480,2002,,,,0
15480,2003,,,,0
15480,2004,,,,0
15480,2005,,,,0
15480,2006,,,,0
15480,2007,,,,0
15480,2008,,,,0
15480,2009,,,,0
15480,2010,,,,0
15480,2011,,,,0
15480,2012,,,,0
15480,2013,,,,0
15480,2014,,,,0
15480,2015,,,,0
15480,2016,,,,0
15480,2017,,,,0
15480,2018,,,,0
15480,2019,,,,0
15480,2020,,,,0
15480,2021,,,,0
15480,2022,,,,0
15480,2023,,,,0
15480,2024,,,,0
15491,2001,,,,0
15491,2002,,,,0
15491,2003,,,,0
15491,2004,,,,0
15491,2005,,,,0
15491,2006,,,,0
15491,2007,,,,0
15491,2008,,,,0
15491,2009,,,,0
15491,2010,,,,0
15491,2011,,,,0
15491,2012,,,,0
15491,2013,,,,0
15491,2014,,,,0
15491,2015,,,,0
15491,2016,,,,0
15491,2017,,,,0
15491,2018,,,,0
15491,2019,,,,0
15491,2020,,,,0
15491,2021,,,,0
15491,2022,,,,0
15491,2023,,,,0
15491,2024,,,,0
15494,2001,,,,0
15494,2002,,,,0
15494,2003,,,,0
15494,2004,,,,0
15494,2005,,,,0
15494,2006,,,,0
15494,2007,,,,0
15494,2008,,,,0
15494,2009,,,,0
15494,2010,,,,0
15494,2011,,,,0
15494,2012,,,,0
15494,2013,,,,0
15494,2014,,,,0
15494,2015,,,,0
15494,2016,,,,0
15494,2017,,,,0
15494,2018,,,,0
15494,2019,,,,0
15494,2020,,,,0
15494,2021,,,,0
15494,2022,,,,0
15494,2023,,,,0
15494,2024,,,,0
15500,2001,,,,0
15500,2002,,,,0
15500,2003,,,,0
15500,2004,,,,0
15500,2005,,,,0
15500,2006,,,,0
15500,2007,,,,0
15500,2008,,,,0
15500,2009,,,,0
15500,2010,,,,0
15500,2011,,,,0
15500,2012,,,,0
15500,2013,,,,0
15500,2014,,,,0
15500,2015,,,,0
15500,2016,,,,0
15500,2017,,,,0
15500,2018,,,,0
15500,2019,,,,0
15500,2020,,,,0
15500,2021,,,,0
15500,2022,,,,0
15500,2023,,,,0
15500,2024,,,,0
15507,2001,,,,0
15507,2002,,,,0
15507,2003,,,,0
15507,2004,,,,0
15507,2005,,,,0
15507,2006,,,,0
15507,2007,,,,0
15507,2008,,,,0
15507,2009,,,,0
15507,2010,,,,0
15507,2011,,,,0
15507,2012,,,,0
15507,2013,,,,0
15507,2014,,,,0
15507,2015,,,,0
15507,2016,,,,0
15507,2017,,,,0
15507,2018,,,,0
15507,2019,,,,0
15507,2020,,,,0
15507,2021,,,,0
15507,2022,,,,0
15507,2023,,,,0
15507,2024,,,,0
15511,2001,,,,0
15511,2002,,,,0
15511,2003,,,,0
15511,2004,,,,0
15511,2005,,,,0
15511,2006,,,,0
15511,2007,,,,0
15511,2008,,,,0
15511,2009,,,,0
15511,2010,,,,0
15511,2011,,,,0
15511,2012,,,,0
15511,2013,,,,0
15511,2014,,,,0
15511,2015,,,,0
15511,2016,,,,0
15511,2017,,,,0
15511,2018,,,,0
15511,2019,,,,0
15511,2020,,,,0
15511,2021,,,,0
15511,2022,,,,0
15511,2023,,,,0
15511,2024,,,,0
15514,2001,,,,0
15514,2002,,,,0
15514,2003,,,,0
15514,2004,,,,0
15514,2005,,,,0
15514,2006,,,,0
15514,2007,,,,0
15514,2008,,,,0
15514,2009,,,,0
15514,2010,,,,0
15514,2011,,,,0
15514,2012,,,,0
15514,2013,,,,0
15514,2014,,,,0
15514,2015,,,,0
15514,2016,,,,0
15514,2017,,,,0
15514,2018,,,,0
15514,2019,,,,0
15514,2020,,,,0
15514,2021,,,,0
15514,2022,,,,0
15514,2023,,,,0
15514,2024,,,,0
15516,2001,,,,0
15516,2002,,,,0
15516,2003,,,,0
15516,2004,,,,0
15516,2005,,,,0
15516,2006,,,,0
15516,2007,,,,0
15516,2008,,,,0
15516,2009,,,,0
15516,2010,,,,0
15516,2011,,,,0
15516,2012,,,,0
15516,2013,,,,0
15516,2014,,,,0
15516,2015,,,,0
15516,2016,,,,0
15516,2017,,,,0
15516,2018,,,,0
15516,2019,,,,0
15516,2020,,,,0
15516,2021,,,,0
15516,2022,,,,0
15516,2023,,,,0
15516,2024,,,,0
15518,2001,,,,0
15518,2002,,,,0
15518,2003,,,,0
15518,2004,,,,0
15518,2005,,,,0
15518,2006,,,,0
15518,2007,,,,0
15518,2008,,,,0
15518,2009,,,,0
15518,2010,,,,0
15518,2011,,,,0
15518,2012,,,,0
15518,2013,,,,0
15518,2014,,,,0
15518,2015,,,,0
15518,2016,,,,0
15518,2017,,,,0
15518,2018,,,,0
15518,2019,,,,0
15518,2020,,,,0
15518,2021,,,,0
15518,2022,,,,0
15518,2023,,,,0
15518,2024,,,,0
15522,2001,,,,0
15522,2002,,,,0
15522,2003,,,,0
15522,2004,,,,0
15522,2005,,,,0
15522,2006,,,,0
15522,2007,,,,0
15522,2008,,,,0
15522,2009,,,,0
15522,2010,,,,0
15522,2011,,,,0
15522,2012,,,,0
15522,2013,,,,0
15522,2014,,,,0
15522,2015,,,,0
15522,2016,,,,0
15522,2017,,,,0
15522,2018,,,,0
15522,2019,,,,0
15522,2020,,,,0
15522,2021,,,,0
15522,2022,,,,0
15522,2023,,,,0
15522,2024,,,,0
15531,2001,,,,0
15531,2002,,,,0
15531,2003,,,,0
15531,2004,,,,0
15531,2005,,,,0
15531,2006,,,,0
15531,2007,,,,0
15531,2008,,,,0
15531,2009,,,,0
15531,2010,,,,0
15531,2011,,,,0
15531,2012,,,,0
15531,2013,,,,0
15531,2014,,,,0
15531,2015,,,,0
15531,2016,,,,0
15531,2017,,,,0
15531,2018,,,,0
15531,2019,,,,0
15531,2020,,,,0
15531,2021,,,,0
15531,2022,,,,0
15531,2023,,,,0
15531,2024,,,,0
15533,2001,,,,0
15533,2002,,,,0
15533,2003,,,,0
15533,2004,,,,0
15533,2005,,,,0
15533,2006,,,,0
15533,2007,,,,0
15533,2008,,,,0
15533,2009,,,,0
15533,2010,,,,0
15533,2011,,,,0
15533,2012,,,,0
15533,2013,,,,0
15533,2014,,,,0
15533,2015,,,,0
15533,2016,,,,0
15533,2017,,,,0
15533,2018,,,,0
15533,2019,,,,0
15533,2020,,,,0
15533,2021,,,,0
15533,2022,,,,0
15533,2023,,,,0
15533,2024,,,,0
15537,2001,,,,0
15537,2002,,,,0
15537,2003,,,,0
15537,2004,,,,0
15537,2005,,,,0
15537,2006,,,,0
15537,2007,,,,0
15537,2008,,,,0
15537,2009,,,,0
15537,2010,,,,0
15537,2011,,,,0
15537,2012,,,,0
15537,2013,,,,0
15537,2014,,,,0
15537,2015,,,,0
15537,2016,,,,0
15537,2017,,,,0
15537,2018,,,,0
15537,2019,,,,0
15537,2020,,,,0
15537,2021,,,,0
15537,2022,,,,0
15537,2023,,,,0
15537,2024,,,,0
15542,2001,,,,0
15542,2002,,,,0
15542,2003,,,,0
15542,2004,,,,0
15542,2005,,,,0
15542,2006,,,,0
15542,2007,,,,0
15542,2008,,,,0
15542,2009,,,,0
15542,2010,,,,0
15542,2011,,,,0
15542,2012,,,,0
15542,2013,,,,0
15542,2014,,,,0
15542,2015,,,,0
15542,2016,,,,0
15542,2017,,,,0
15542,2018,,,,0
15542,2019,,,,0
15542,2020,,,,0
15542,2021,,,,0
15542,2022,,,,0
15542,2023,,,,0
15542,2024,,,,0
15550,2001,,,,0
15550,2002,,,,0
15550,2003,,,,0
15550,2004,,,,0
15550,2005,,,,0
15550,2006,,,,0
15550,2007,,,,0
15550,2008,,,,0
15550,2009,,,,0
15550,2010,,,,0
15550,2011,,,,0
15550,2012,,,,0
15550,2013,,,,0
15550,2014,,,,0
15550,2015,,,,0
15550,2016,,,,0
15550,2017,,,,0
15550,2018,,,,0
15550,2019,,,,0
15550,2020,,,,0
15550,2021,,,,0
15550,2022,,,,0
15550,2023,,,,0
15550,2024,,,,0
15572,2001,,,,0
15572,2002,,,,0
15572,2003,,,,0
15572,2004,,,,0
15572,2005,,,,0
15572,2006,,,,0
15572,2007,,,,0
15572,2008,,,,0
15572,2009,,,,0
15572,2010,,,,0
15572,2011,,,,0
15572,2012,,,,0
15572,2013,,,,0
15572,2014,,,,0
15572,2015,,,,0
15572,2016,,,,0
15572,2017,,,,0
15572,2018,,,,0
15572,2019,,,,0
15572,2020,,,,0
15572,2021,,,,0
15572,2022,,,,0
15572,2023,,,,0
15572,2024,,,,0
15580,2001,,,,0
15580,2002,,,,0
15580,2003,,,,0
15580,2004,,,,0
15580,2005,,,,0
15580,2006,,,,0
15580,2007,,,,0
15580,2008,,,,0
15580,2009,,,,0
15580,2010,,,,0
15580,2011,,,,0
15580,2012,,,,0
15580,2013,,,,0
15580,2014,,,,0
15580,2015,,,,0
15580,2016,,,,0
15580,2017,,,,0
15580,2018,,,,0
15580,2019,,,,0
15580,2020,,,,0
15580,2021,,,,0
15580,2022,,,,0
15580,2023,,,,0
15580,2024,,,,0
15599,2001,,,,0
15599,2002,,,,0
15599,2003,,,,0
15599,2004,,,,0
15599,2005,,,,0
15599,2006,,,,0
15599,2007,,,,0
15599,2008,,,,0
15599,2009,,,,0
15599,2010,,,,0
15599,2011,,,,0
15599,2012,,,,0
15599,2013,,,,0
15599,2014,,,,0
15599,2015,,,,0
15599,2016,,,,0
15599,2017,,,,0
15599,2018,,,,0
15599,2019,,,,0
15599,2020,,,,0
15599,2021,,,,0
15599,2022,,,,0
15599,2023,,,,0
15599,2024,,,,0
15600,2001,,,,0
15600,2002,,,,0
15600,2003,,,,0
15600,2004,,,,0
15600,2005,,,,0
15600,2006,,,,0
15600,2007,,,,0
15600,2008,,,,0
15600,2009,,,,0
15600,2010,,,,0
15600,2011,,,,0
15600,2012,,,,0
15600,2013,,,,0
15600,2014,,,,0
15600,2015,,,,0
15600,2016,,,,0
15600,2017,,,,0
15600,2018,,,,0
15600,2019,,,,0
15600,2020,,,,0
15600,2021,,,,0
15600,2022,,,,0
15600,2023,,,,0
15600,2024,,,,0
15621,2001,,,,0
15621,2002,,,,0
15621,2003,,,,0
15621,2004,,,,0
15621,2005,,,,0
15621,2006,,,,0
15621,2007,,,,0
15621,2008,,,,0
15621,2009,,,,0
15621,2010,,,,0
15621,2011,,,,0
15621,2012,,,,0
15621,2013,,,,0
15621,2014,,,,0
15621,2015,,,,0
15621,2016,,,,0
15621,2017,,,,0
15621,2018,,,,0
15621,2019,,,,0
15621,2020,,,,0
15621,2021,,,,0
15621,2022,,,,0
15621,2023,,,,0
15621,2024,,,,0
15632,2001,,,,0
15632,2002,,,,0
15632,2003,,,,0
15632,2004,,,,0
15632,2005,,,,0
15632,2006,,,,0
15632,2007,,,,0
15632,2008,,,,0
15632,2009,,,,0
15632,2010,,,,0
15632,2011,,,,0
15632,2012,,,,0
15632,2013,,,,0
15632,2014,,,,0
15632,2015,,,,0
15632,2016,,,,0
15632,2017,,,,0
15632,2018,,,,0
15632,2019,,,,0
15632,2020,,,,0
15632,2021,,,,0
15632,2022,,,,0
15632,2023,,,,0
15632,2024,,,,0
15638,2001,,,,0
15638,2002,,,,0
15638,2003,,,,0
15638,2004,,,,0
15638,2005,,,,0
15638,2006,,,,0
15638,2007,,,,0
15638,2008,,,,0
15638,2009,,,,0
15638,2010,,,,0
15638,2011,,,,0
15638,2012,,,,0
15638,2013,,,,0
15638,2014,,,,0
15638,2015,,,,0
15638,2016,,,,0
15638,2017,,,,0
15638,2018,,,,0
15638,2019,,,,0
15638,2020,,,,0
15638,2021,,,,0
15638,2022,,,,0
15638,2023,,,,0
15638,2024,,,,0
15646,2001,,,,0
15646,2002,,,,0
15646,2003,,,,0
15646,2004,,,,0
15646,2005,,,,0
15646,2006,,,,0
15646,2007,,,,0
15646,2008,,,,0
15646,2009,,,,0
15646,2010,,,,0
15646,2011,,,,0
15646,2012,,,,0
15646,2013,,,,0
15646,2014,,,,0
15646,2015,,,,0
15646,2016,,,,0
15646,2017,,,,0
15646,2018,,,,0
15646,2019,,,,0
15646,2020,,,,0
15646,2021,,,,0
15646,2022,,,,0
15646,2023,,,,0
15646,2024,,,,0
15660,2001,,,,0
15660,2002,,,,0
15660,2003,,,,0
15660,2004,,,,0
15660,2005,,,,0
15660,2006,,,,0
15660,2007,,,,0
15660,2008,,,,0
15660,2009,,,,0
15660,2010,,,,0
15660,2011,,,,0
15660,2012,,,,0
15660,2013,,,,0
15660,2014,,,,0
15660,2015,,,,0
15660,2016,,,,0
15660,2017,,,,0
15660,2018,,,,0
15660,2019,,,,0
15660,2020,,,,0
15660,2021,,,,0
15660,2022,,,,0
15660,2023,,,,0
15660,2024,,,,0
15664,2001,,,,0
15664,2002,,,,0
15664,2003,,,,0
15664,2004,,,,0
15664,2005,,,,0
15664,2006,,,,0
15664,2007,,,,0
15664,2008,,,,0
15664,2009,,,,0
15664,2010,,,,0
15664,2011,,,,0
15664,2012,,,,0
15664,2013,,,,0
15664,2014,,,,0
15664,2015,,,,0
15664,2016,,,,0
15664,2017,,,,0
15664,2018,,,,0
15664,2019,,,,0
15664,2020,,,,0
15664,2021,,,,0
15664,2022,,,,0
15664,2023,,,,0
15664,2024,,,,0
15667,2001,,,,0
15667,2002,,,,0
15667,2003,,,,0
15667,2004,,,,0
15667,2005,,,,0
15667,2006,,,,0
15667,2007,,,,0
15667,2008,,,,0
15667,2009,,,,0
15667,2010,,,,0
15667,2011,,,,0
15667,2012,,,,0
15667,2013,,,,0
15667,2014,,,,0
15667,2015,,,,0
15667,2016,,,,0
15667,2017,,,,0
15667,2018,,,,0
15667,2019,,,,0
15667,2020,,,,0
15667,2021,,,,0
15667,2022,,,,0
15667,2023,,,,0
15667,2024,,,,0
15673,2001,,,,0
15673,2002,,,,0
15673,2003,,,,0
15673,2004,,,,0
15673,2005,,,,0
15673,2006,,,,0
15673,2007,,,,0
15673,2008,,,,0
15673,2009,,,,0
15673,2010,,,,0
15673,2011,,,,0
15673,2012,,,,0
15673,2013,,,,0
15673,2014,,,,0
15673,2015,,,,0
15673,2016,,,,0
15673,2017,,,,0
15673,2018,,,,0
15673,2019,,,,0
15673,2020,,,,0
15673,2021,,,,0
15673,2022,,,,0
15673,2023,,,,0
15673,2024,,,,0
15676,2001,,,,0
15676,2002,,,,0
15676,2003,,,,0
15676,2004,,,,0
15676,2005,,,,0
15676,2006,,,,0
15676,2007,,,,0
15676,2008,,,,0
15676,2009,,,,0
15676,2010,,,,0
15676,2011,,,,0
15676,2012,,,,0
15676,2013,,,,0
15676,2014,,,,0
15676,2015,,,,0
15676,2016,,,,0
15676,2017,,,,0
15676,2018,,,,0
15676,2019,,,,0
15676,2020,,,,0
15676,2021,,,,0
15676,2022,,,,0
15676,2023,,,,0
15676,2024,,,,0
15681,2001,,,,0
15681,2002,,,,0
15681,2003,,,,0
15681,2004,,,,0
15681,2005,,,,0
15681,2006,,,,0
15681,2007,,,,0
15681,2008,,,,0
15681,2009,,,,0
15681,2010,,,,0
15681,2011,,,,0
15681,2012,,,,0
15681,2013,,,,0
15681,2014,,,,0
15681,2015,,,,0
15681,2016,,,,0
15681,2017,,,,0
15681,2018,,,,0
15681,2019,,,,0
15681,2020,,,,0
15681,2021,,,,0
15681,2022,,,,0
15681,2023,,,,0
15681,2024,,,,0
15686,2001,,,,0
15686,2002,,,,0
15686,2003,,,,0
15686,2004,,,,0
15686,2005,,,,0
15686,2006,,,,0
15686,2007,,,,0
15686,2008,,,,0
15686,2009,,,,0
15686,2010,,,,0
15686,2011,,,,0
15686,2012,,,,0
15686,2013,,,,0
15686,2014,,,,0
15686,2015,,,,0
15686,2016,,,,0
15686,2017,,,,0
15686,2018,,,,0
15686,2019,,,,0
15686,2020,,,,0
15686,2021,,,,0
15686,2022,,,,0
15686,2023,,,,0
15686,2024,,,,0
15690,2001,,,,0
15690,2002,,,,0
15690,2003,,,,0
15690,2004,,,,0
15690,2005,,,,0
15690,2006,,,,0
15690,2007,,,,0
15690,2008,,,,0
15690,2009,,,,0
15690,2010,,,,0
15690,2011,,,,0
15690,2012,,,,0
15690,2013,,,,0
15690,2014,,,,0
15690,2015,,,,0
15690,2016,,,,0
15690,2017,,,,0
15690,2018,,,,0
15690,2019,,,,0
15690,2020,,,,0
15690,2021,,,,0
15690,2022,,,,0
15690,2023,,,,0
15690,2024,,,,0
15693,2001,,,,0
15693,2002,,,,0
15693,2003,,,,0
15693,2004,,,,0
15693,2005,,,,0
15693,2006,,,,0
15693,2007,,,,0
15693,2008,,,,0
15693,2009,,,,0
15693,2010,,,,0
15693,2011,,,,0
15693,2012,,,,0
15693,2013,,,,0
15693,2014,,,,0
15693,2015,,,,0
15693,2016,,,,0
15693,2017,,,,0
15693,2018,,,,0
15693,2019,,,,0
15693,2020,,,,0
15693,2021,,,,0
15693,2022,,,,0
15693,2023,,,,0
15693,2024,,,,0
15696,2001,,,,0
15696,2002,,,,0
15696,2003,,,,0
15696,2004,,,,0
15696,2005,,,,0
15696,2006,,,,0
15696,2007,,,,0
15696,2008,,,,0
15696,2009,,,,0
15696,2010,,,,0
15696,2011,,,,0
15696,2012,,,,0
15696,2013,,,,0
15696,2014,,,,0
15696,2015,,,,0
15696,2016,,,,0
15696,2017,,,,0
15696,2018,,,,0
15696,2019,,,,0
15696,2020,,,,0
15696,2021,,,,0
15696,2022,,,,0
15696,2023,,,,0
15696,2024,,,,0
15720,2001,,,,0
15720,2002,,,,0
15720,2003,,,,0
15720,2004,,,,0
15720,2005,,,,0
15720,2006,,,,0
15720,2007,,,,0
15720,2008,,,,0
15720,2009,,,,0
15720,2010,,,,0
15720,2011,,,,0
15720,2012,,,,0
15720,2013,,,,0
15720,2014,,,,0
15720,2015,,,,0
15720,2016,,,,0
15720,2017,,,,0
15720,2018,,,,0
15720,2019,,,,0
15720,2020,,,,0
15720,2021,,,,0
15720,2022,,,,0
15720,2023,,,,0
15720,2024,,,,0
15723,2001,,,,0
15723,2002,,,,0
15723,2003,,,,0
15723,2004,,,,0
15723,2005,,,,0
15723,2006,,,,0
15723,2007,,,,0
15723,2008,,,,0
15723,2009,,,,0
15723,2010,,,,0
15723,2011,,,,0
15723,2012,,,,0
15723,2013,,,,0
15723,2014,,,,0
15723,2015,,,,0
15723,2016,,,,0
15723,2017,,,,0
15723,2018,,,,0
15723,2019,,,,0
15723,2020,,,,0
15723,2021,,,,0
15723,2022,,,,0
15723,2023,,,,0
15723,2024,,,,0
15740,2001,,,,0
15740,2002,,,,0
15740,2003,,,,0
15740,2004,,,,0
15740,2005,,,,0
15740,2006,,,,0
15740,2007,,,,0
15740,2008,,,,0
15740,2009,,,,0
15740,2010,,,,0
15740,2011,,,,0
15740,2012,,,,0
15740,2013,,,,0
15740,2014,,,,0
15740,2015,,,,0
15740,2016,,,,0
15740,2017,,,,0
15740,2018,,,,0
15740,2019,,,,0
15740,2020,,,,0
15740,2021,,,,0
15740,2022,,,,0
15740,2023,,,,0
15740,2024,,,,0
15753,2001,,,,0
15753,2002,,,,0
15753,2003,,,,0
15753,2004,,,,0
15753,2005,,,,0
15753,2006,,,,0
15753,2007,,,,0
15753,2008,,,,0
15753,2009,,,,0
15753,2010,,,,0
15753,2011,,,,0
15753,2012,,,,0
15753,2013,,,,0
15753,2014,,,,0
15753,2015,,,,0
15753,2016,,,,0
15753,2017,,,,0
15753,2018,,,,0
15753,2019,,,,0
15753,2020,,,,0
15753,2021,,,,0
15753,2022,,,,0
15753,2023,,,,0
15753,2024,,,,0
15755,2001,,,,0
15755,2002,,,,0
15755,2003,,,,0
15755,2004,,,,0
15755,2005,,,,0
15755,2006,,,,0
15755,2007,,,,0
15755,2008,,,,0
15755,2009,,,,0
15755,2010,,,,0
15755,2011,,,,0
15755,2012,,,,0
15755,2013,,,,0
15755,2014,,,,0
15755,2015,,,,0
15755,2016,,,,0
15755,2017,,,,0
15755,2018,,,,0
15755,2019,,,,0
15755,2020,,,,0
15755,2021,,,,0
15755,2022,,,,0
15755,2023,,,,0
15755,2024,,,,0
15757,2001,,,,0
15757,2002,,,,0
15757,2003,,,,0
15757,2004,,,,0
15757,2005,,,,0
15757,2006,,,,0
15757,2007,,,,0
15757,2008,,,,0
15757,2009,,,,0
15757,2010,,,,0
15757,2011,,,,0
15757,2012,,,,0
15757,2013,,,,0
15757,2014,,,,0
15757,2015,,,,0
15757,2016,,,,0
15757,2017,,,,0
15757,2018,,,,0
15757,2019,,,,0
15757,2020,,,,0
15757,2021,,,,0
15757,2022,,,,0
15757,2023,,,,0
15757,2024,,,,0
15759,2001,,,,0
15759,2002,,,,0
15759,2003,,,,0
15759,2004,,,,0
15759,2005,,,,0
15759,2006,,,,0
15759,2007,,,,0
15759,2008,,,,0
15759,2009,,,,0
15759,2010,,,,0
15759,2011,,,,0
15759,2012,,,,0
15759,2013,,,,0
15759,2014,,,,0
15759,2015,,,,0
15759,2016,,,,0
15759,2017,,,,0
15759,2018,,,,0
15759,2019,,,,0
15759,2020,,,,0
15759,2021,,,,0
15759,2022,,,,0
15759,2023,,,,0
15759,2024,,,,0
15761,2001,,,,0
15761,2002,,,,0
15761,2003,,,,0
15761,2004,,,,0
15761,2005,,,,0
15761,2006,,,,0
15761,2007,,,,0
15761,2008,,,,0
15761,2009,,,,0
15761,2010,,,,0
15761,2011,,,,0
15761,2012,,,,0
15761,2013,,,,0
15761,2014,,,,0
15761,2015,,,,0
15761,2016,,,,0
15761,2017,,,,0
15761,2018,,,,0
15761,2019,,,,0
15761,2020,,,,0
15761,2021,,,,0
15761,2022,,,,0
15761,2023,,,,0
15761,2024,,,,0
15762,2001,,,,0
15762,2002,,,,0
15762,2003,,,,0
15762,2004,,,,0
15762,2005,,,,0
15762,2006,,,,0
15762,2007,,,,0
15762,2008,,,,0
15762,2009,,,,0
15762,2010,,,,0
15762,2011,,,,0
15762,2012,,,,0
15762,2013,,,,0
15762,2014,,,,0
15762,2015,,,,0
15762,2016,,,,0
15762,2017,,,,0
15762,2018,,,,0
15762,2019,,,,0
15762,2020,,,,0
15762,2021,,,,0
15762,2022,,,,0
15762,2023,,,,0
15762,2024,,,,0
15763,2001,,,,0
15763,2002,,,,0
15763,2003,,,,0
15763,2004,,,,0
15763,2005,,,,0
15763,2006,,,,0
15763,2007,,,,0
15763,2008,,,,0
15763,2009,,,,0
15763,2010,,,,0
15763,2011,,,,0
15763,2012,,,,0
15763,2013,,,,0
15763,2014,,,,0
15763,2015,,,,0
15763,2016,,,,0
15763,2017,,,,0
15763,2018,,,,0
15763,2019,,,,0
15763,2020,,,,0
15763,2021,,,,0
15763,2022,,,,0
15763,2023,,,,0
15763,2024,,,,0
15764,2001,,,,0
15764,2002,,,,0
15764,2003,,,,0
15764,2004,,,,0
15764,2005,,,,0
15764,2006,,,,0
15764,2007,,,,0
15764,2008,,,,0
15764,2009,,,,0
15764,2010,,,,0
15764,2011,,,,0
15764,2012,,,,0
15764,2013,,,,0
15764,2014,,,,0
15764,2015,,,,0
15764,2016,,,,0
15764,2017,,,,0
15764,2018,,,,0
15764,2019,,,,0
15764,2020,,,,0
15764,2021,,,,0
15764,2022,,,,0
15764,2023,,,,0
15764,2024,,,,0
15774,2001,,,,0
15774,2002,,,,0
15774,2003,,,,0
15774,2004,,,,0
15774,2005,,,,0
15774,2006,,,,0
15774,2007,,,,0
15774,2008,,,,0
15774,2009,,,,0
15774,2010,,,,0
15774,2011,,,,0
15774,2012,,,,0
15774,2013,,,,0
15774,2014,,,,0
15774,2015,,,,0
15774,2016,,,,0
15774,2017,,,,0
15774,2018,,,,0
15774,2019,,,,0
15774,2020,,,,0
15774,2021,,,,0
15774,2022,,,,0
15774,2023,,,,0
15774,2024,,,,0
15776,2001,,,,0
15776,2002,,,,0
15776,2003,,,,0
15776,2004,,,,0
15776,2005,,,,0
15776,2006,,,,0
15776,2007,,,,0
15776,2008,,,,0
15776,2009,,,,0
15776,2010,,,,0
15776,2011,,,,0
15776,2012,,,,0
15776,2013,,,,0
15776,2014,,,,0
15776,2015,,,,0
15776,2016,,,,0
15776,2017,,,,0
15776,2018,,,,0
15776,2019,,,,0
15776,2020,,,,0
15776,2021,,,,0
15776,2022,,,,0
15776,2023,,,,0
15776,2024,,,,0
15778,2001,,,,0
15778,2002,,,,0
15778,2003,,,,0
15778,2004,,,,0
15778,2005,,,,0
15778,2006,,,,0
15778,2007,,,,0
15778,2008,,,,0
15778,2009,,,,0
15778,2010,,,,0
15778,2011,,,,0
15778,2012,,,,0
15778,2013,,,,0
15778,2014,,,,0
15778,2015,,,,0
15778,2016,,,,0
15778,2017,,,,0
15778,2018,,,,0
15778,2019,,,,0
15778,2020,,,,0
15778,2021,,,,0
15778,2022,,,,0
15778,2023,,,,0
15778,2024,,,,0
15790,2001,,,,0
15790,2002,,,,0
15790,2003,,,,0
15790,2004,,,,0
15790,2005,,,,0
15790,2006,,,,0
15790,2007,,,,0
15790,2008,,,,0
15790,2009,,,,0
15790,2010,,,,0
15790,2011,,,,0
15790,2012,,,,0
15790,2013,,,,0
15790,2014,,,,0
15790,2015,,,,0
15790,2016,,,,0
15790,2017,,,,0
15790,2018,,,,0
15790,2019,,,,0
15790,2020,,,,0
15790,2021,,,,0
15790,2022,,,,0
15790,2023,,,,0
15790,2024,,,,0
15798,2001,,,,0
15798,2002,,,,0
15798,2003,,,,0
15798,2004,,,,0
15798,2005,,,,0
15798,2006,,,,0
15798,2007,,,,0
15798,2008,,,,0
15798,2009,,,,0
15798,2010,,,,0
15798,2011,,,,0
15798,2012,,,,0
15798,2013,,,,0
15798,2014,,,,0
15798,2015,,,,0
15798,2016,,,,0
15798,2017,,,,0
15798,2018,,,,0
15798,2019,,,,0
15798,2020,,,,0
15798,2021,,,,0
15798,2022,,,,0
15798,2023,,,,0
15798,2024,,,,0
15804,2001,,,,0
15804,2002,,,,0
15804,2003,,,,0
15804,2004,,,,0
15804,2005,,,,0
15804,2006,,,,0
15804,2007,,,,0
15804,2008,,,,0
15804,2009,,,,0
15804,2010,,,,0
15804,2011,,,,0
15804,2012,,,,0
15804,2013,,,,0
15804,2014,,,,0
15804,2015,,,,0
15804,2016,,,,0
15804,2017,,,,0
15804,2018,,,,0
15804,2019,,,,0
15804,2020,,,,0
15804,2021,,,,0
15804,2022,,,,0
15804,2023,,,,0
15804,2024,,,,0
15806,2001,,,,0
15806,2002,,,,0
15806,2003,,,,0
15806,2004,,,,0
15806,2005,,,,0
15806,2006,,,,0
15806,2007,,,,0
15806,2008,,,,0
15806,2009,,,,0
15806,2010,,,,0
15806,2011,,,,0
15806,2012,,,,0
15806,2013,,,,0
15806,2014,,,,0
15806,2015,,,,0
15806,2016,,,,0
15806,2017,,,,0
15806,2018,,,,0
15806,2019,,,,0
15806,2020,,,,0
15806,2021,,,,0
15806,2022,,,,0
15806,2023,,,,0
15806,2024,,,,0
15808,2001,,,,0
15808,2002,,,,0
15808,2003,,,,0
15808,2004,,,,0
15808,2005,,,,0
15808,2006,,,,0
15808,2007,,,,0
15808,2008,,,,0
15808,2009,,,,0
15808,2010,,,,0
15808,2011,,,,0
15808,2012,,,,0
15808,2013,,,,0
15808,2014,,,,0
15808,2015,,,,0
15808,2016,,,,0
15808,2017,,,,0
15808,2018,,,,0
15808,2019,,,,0
15808,2020,,,,0
15808,2021,,,,0
15808,2022,,,,0
15808,2023,,,,0
15808,2024,,,,0
15810,2001,,,,0
15810,2002,,,,0
15810,2003,,,,0
15810,2004,,,,0
15810,2005,,,,0
15810,2006,,,,0
15810,2007,,,,0
15810,2008,,,,0
15810,2009,,,,0
15810,2010,,,,0
15810,2011,,,,0
15810,2012,,,,0
15810,2013,,,,0
15810,2014,,,,0
15810,2015,,,,0
15810,2016,,,,0
15810,2017,,,,0
15810,2018,,,,0
15810,2019,,,,0
15810,2020,,,,0
15810,2021,,,,0
15810,2022,,,,0
15810,2023,,,,0
15810,2024,,,,0
15814,2001,,,,0
15814,2002,,,,0
15814,2003,,,,0
15814,2004,,,,0
15814,2005,,,,0
15814,2006,,,,0
15814,2007,,,,0
15814,2008,,,,0
15814,2009,,,,0
15814,2010,,,,0
15814,2011,,,,0
15814,2012,,,,0
15814,2013,,,,0
15814,2014,,,,0
15814,2015,,,,0
15814,2016,,,,0
15814,2017,,,,0
15814,2018,,,,0
15814,2019,,,,0
15814,2020,,,,0
15814,2021,,,,0
15814,2022,,,,0
15814,2023,,,,0
15814,2024,,,,0
15816,2001,,,,0
15816,2002,,,,0
15816,2003,,,,0
15816,2004,,,,0
15816,2005,,,,0
15816,2006,,,,0
15816,2007,,,,0
15816,2008,,,,0
15816,2009,,,,0
15816,2010,,,,0
15816,2011,,,,0
15816,2012,,,,0
15816,2013,,,,0
15816,2014,,,,0
15816,2015,,,,0
15816,2016,,,,0
15816,2017,,,,0
15816,2018,,,,0
15816,2019,,,,0
15816,2020,,,,0
15816,2021,,,,0
15816,2022,,,,0
15816,2023,,,,0
15816,2024,,,,0
15820,2001,,,,0
15820,2002,,,,0
15820,2003,,,,0
15820,2004,,,,0
15820,2005,,,,0
15820,2006,,,,0
15820,2007,,,,0
15820,2008,,,,0
15820,2009,,,,0
15820,2010,,,,0
15820,2011,,,,0
15820,2012,,,,0
15820,2013,,,,0
15820,2014,,,,0
15820,2015,,,,0
15820,2016,,,,0
15820,2017,,,,0
15820,2018,,,,0
15820,2019,,,,0
15820,2020,,,,0
15820,2021,,,,0
15820,2022,,,,0
15820,2023,,,,0
15820,2024,,,,0
15822,2001,,,,0
15822,2002,,,,0
15822,2003,,,,0
15822,2004,,,,0
15822,2005,,,,0
15822,2006,,,,0
15822,2007,,,,0
15822,2008,,,,0
15822,2009,,,,0
15822,2010,,,,0
15822,2011,,,,0
15822,2012,,,,0
15822,2013,,,,0
15822,2014,,,,0
15822,2015,,,,0
15822,2016,,,,0
15822,2017,,,,0
15822,2018,,,,0
15822,2019,,,,0
15822,2020,,,,0
15822,2021,,,,0
15822,2022,,,,0
15822,2023,,,,0
15822,2024,,,,0
15832,2001,,,,0
15832,2002,,,,0
15832,2003,,,,0
15832,2004,,,,0
15832,2005,,,,0
15832,2006,,,,0
15832,2007,,,,0
15832,2008,,,,0
15832,2009,,,,0
15832,2010,,,,0
15832,2011,,,,0
15832,2012,,,,0
15832,2013,,,,0
15832,2014,,,,0
15832,2015,,,,0
15832,2016,,,,0
15832,2017,,,,0
15832,2018,,,,0
15832,2019,,,,0
15832,2020,,,,0
15832,2021,,,,0
15832,2022,,,,0
15832,2023,,,,0
15832,2024,,,,0
15835,2001,,,,0
15835,2002,,,,0
15835,2003,,,,0
15835,2004,,,,0
15835,2005,,,,0
15835,2006,,,,0
15835,2007,,,,0
15835,2008,,,,0
15835,2009,,,,0
15835,2010,,,,0
15835,2011,,,,0
15835,2012,,,,0
15835,2013,,,,0
15835,2014,,,,0
15835,2015,,,,0
15835,2016,,,,0
15835,2017,,,,0
15835,2018,,,,0
15835,2019,,,,0
15835,2020,,,,0
15835,2021,,,,0
15835,2022,,,,0
15835,2023,,,,0
15835,2024,,,,0
15837,2001,,,,0
15837,2002,,,,0
15837,2003,,,,0
15837,2004,,,,0
15837,2005,,,,0
15837,2006,,,,0
15837,2007,,,,0
15837,2008,,,,0
15837,2009,,,,0
15837,2010,,,,0
15837,2011,,,,0
15837,2012,,,,0
15837,2013,,,,0
15837,2014,,,,0
15837,2015,,,,0
15837,2016,,,,0
15837,2017,,,,0
15837,2018,,,,0
15837,2019,,,,0
15837,2020,,,,0
15837,2021,,,,0
15837,2022,,,,0
15837,2023,,,,0
15837,2024,,,,0
15839,2001,,,,0
15839,2002,,,,0
15839,2003,,,,0
15839,2004,,,,0
15839,2005,,,,0
15839,2006,,,,0
15839,2007,,,,0
15839,2008,,,,0
15839,2009,,,,0
15839,2010,,,,0
15839,2011,,,,0
15839,2012,,,,0
15839,2013,,,,0
15839,2014,,,,0
15839,2015,,,,0
15839,2016,,,,0
15839,2017,,,,0
15839,2018,,,,0
15839,2019,,,,0
15839,2020,,,,0
15839,2021,,,,0
15839,2022,,,,0
15839,2023,,,,0
15839,2024,,,,0
15842,2001,,,,0
15842,2002,,,,0
15842,2003,,,,0
15842,2004,,,,0
15842,2005,,,,0
15842,2006,,,,0
15842,2007,,,,0
15842,2008,,,,0
15842,2009,,,,0
15842,2010,,,,0
15842,2011,,,,0
15842,2012,,,,0
15842,2013,,,,0
15842,2014,,,,0
15842,2015,,,,0
15842,2016,,,,0
15842,2017,,,,0
15842,2018,,,,0
15842,2019,,,,0
15842,2020,,,,0
15842,2021,,,,0
15842,2022,,,,0
15842,2023,,,,0
15842,2024,,,,0
15861,2001,,,,0
15861,2002,,,,0
15861,2003,,,,0
15861,2004,,,,0
15861,2005,,,,0
15861,2006,,,,0
15861,2007,,,,0
15861,2008,,,,0
15861,2009,,,,0
15861,2010,,,,0
15861,2011,,,,0
15861,2012,,,,0
15861,2013,,,,0
15861,2014,,,,0
15861,2015,,,,0
15861,2016,,,,0
15861,2017,,,,0
15861,2018,,,,0
15861,2019,,,,0
15861,2020,,,,0
15861,2021,,,,0
15861,2022,,,,0
15861,2023,,,,0
15861,2024,,,,0
15879,2001,,,,0
15879,2002,,,,0
15879,2003,,,,0
15879,2004,,,,0
15879,2005,,,,0
15879,2006,,,,0
15879,2007,,,,0
15879,2008,,,,0
15879,2009,,,,0
15879,2010,,,,0
15879,2011,,,,0
15879,2012,,,,0
15879,2013,,,,0
15879,2014,,,,0
15879,2015,,,,0
15879,2016,,,,0
15879,2017,,,,0
15879,2018,,,,0
15879,2019,,,,0
15879,2020,,,,0
15879,2021,,,,0
15879,2022,,,,0
15879,2023,,,,0
15879,2024,,,,0
15897,2001,,,,0
15897,2002,,,,0
15897,2003,,,,0
15897,2004,,,,0
15897,2005,,,,0
15897,2006,,,,0
15897,2007,,,,0
15897,2008,,,,0
15897,2009,,,,0
15897,2010,,,,0
15897,2011,,,,0
15897,2012,,,,0
15897,2013,,,,0
15897,2014,,,,0
15897,2015,,,,0
15897,2016,,,,0
15897,2017,,,,0
15897,2018,,,,0
15897,2019,,,,0
15897,2020,,,,0
15897,2021,,,,0
15897,2022,,,,0
15897,2023,,,,0
15897,2024,,,,0
17001,2001,,,,0
17001,2002,,,,0
17001,2003,,,,0
17001,2004,,,,0
17001,2005,,,,0
17001,2006,,,,0
17001,2007,,,,0
17001,2008,,,,0
17001,2009,,,,0
17001,2010,,,,0
17001,2011,,,,0
17001,2012,,,,0
17001,2013,,,,0
17001,2014,,,,0
17001,2015,,,,0
17001,2016,,,,0
17001,2017,,,,0
17001,2018,,,,0
17001,2019,,,,0
17001,2020,,,,0
17001,2021,,,,0
17001,2022,,,,0
17001,2023,,,,0
17001,2024,,,,0
17013,2001,,,,0
17013,2002,,,,0
17013,2003,,,,0
17013,2004,,,,0
17013,2005,,,,0
17013,2006,,,,0
17013,2007,,,,0
17013,2008,,,,0
17013,2009,,,,0
17013,2010,,,,0
17013,2011,,,,0
17013,2012,,,,0
17013,2013,,,,0
17013,2014,,,,0
17013,2015,,,,0
17013,2016,,,,0
17013,2017,,,,0
17013,2018,,,,0
17013,2019,,,,0
17013,2020,,,,0
17013,2021,,,,0
17013,2022,,,,0
17013,2023,,,,0
17013,2024,,,,0
17042,2001,,,,0
17042,2002,,,,0
17042,2003,,,,0
17042,2004,,,,0
17042,2005,,,,0
17042,2006,,,,0
17042,2007,,,,0
17042,2008,,,,0
17042,2009,,,,0
17042,2010,,,,0
17042,2011,,,,0
17042,2012,,,,0
17042,2013,,,,0
17042,2014,,,,0
17042,2015,,,,0
17042,2016,,,,0
17042,2017,,,,0
17042,2018,,,,0
17042,2019,,,,0
17042,2020,,,,0
17042,2021,,,,0
17042,2022,,,,0
17042,2023,,,,0
17042,2024,,,,0
17050,2001,,,,0
17050,2002,,,,0
17050,2003,,,,0
17050,2004,,,,0
17050,2005,,,,0
17050,2006,,,,0
17050,2007,,,,0
17050,2008,,,,0
17050,2009,,,,0
17050,2010,,,,0
17050,2011,,,,0
17050,2012,,,,0
17050,2013,,,,0
17050,2014,,,,0
17050,2015,,,,0
17050,2016,,,,0
17050,2017,,,,0
17050,2018,,,,0
17050,2019,,,,0
17050,2020,,,,0
17050,2021,,,,0
17050,2022,,,,0
17050,2023,,,,0
17050,2024,,,,0
17088,2001,,,,0
17088,2002,,,,0
17088,2003,,,,0
17088,2004,,,,0
17088,2005,,,,0
17088,2006,,,,0
17088,2007,,,,0
17088,2008,,,,0
17088,2009,,,,0
17088,2010,,,,0
17088,2011,,,,0
17088,2012,,,,0
17088,2013,,,,0
17088,2014,,,,0
17088,2015,,,,0
17088,2016,,,,0
17088,2017,,,,0
17088,2018,,,,0
17088,2019,,,,0
17088,2020,,,,0
17088,2021,,,,0
17088,2022,,,,0
17088,2023,,,,0
17088,2024,,,,0
17174,2001,,,,0
17174,2002,,,,0
17174,2003,,,,0
17174,2004,,,,0
17174,2005,,,,0
17174,2006,,,,0
17174,2007,,,,0
17174,2008,,,,0
17174,2009,,,,0
17174,2010,,,,0
17174,2011,,,,0
17174,2012,,,,0
17174,2013,,,,0
17174,2014,,,,0
17174,2015,,,,0
17174,2016,,,,0
17174,2017,,,,0
17174,2018,,,,0
17174,2019,,,,0
17174,2020,,,,0
17174,2021,,,,0
17174,2022,,,,0
17174,2023,,,,0
17174,2024,,,,0
17272,2001,,,,0
17272,2002,,,,0
17272,2003,,,,0
17272,2004,,,,0
17272,2005,,,,0
17272,2006,,,,0
17272,2007,,,,0
17272,2008,,,,0
17272,2009,,,,0
17272,2010,,,,0
17272,2011,,,,0
17272,2012,,,,0
17272,2013,,,,0
17272,2014,,,,0
17272,2015,,,,0
17272,2016,,,,0
17272,2017,,,,0
17272,2018,,,,0
17272,2019,,,,0
17272,2020,,,,0
17272,2021,,,,0
17272,2022,,,,0
17272,2023,,,,0
17272,2024,,,,0
17380,2001,,,,0
17380,2002,,,,0
17380,2003,,,,0
17380,2004,,,,0
17380,2005,,,,0
17380,2006,,,,0
17380,2007,,,,0
17380,2008,,,,0
17380,2009,,,,0
17380,2010,,,,0
17380,2011,,,,0
17380,2012,,,,0
17380,2013,,,,0
17380,2014,,,,0
17380,2015,,,,0
17380,2016,,,,0
17380,2017,,,,0
17380,2018,,,,0
17380,2019,,,,0
17380,2020,,,,0
17380,2021,,,,0
17380,2022,,,,0
17380,2023,,,,0
17380,2024,,,,0
17388,2001,,,,0
17388,2002,,,,0
17388,2003,,,,0
17388,2004,,,,0
17388,2005,,,,0
17388,2006,,,,0
17388,2007,,,,0
17388,2008,,,,0
17388,2009,,,,0
17388,2010,,,,0
17388,2011,,,,0
17388,2012,,,,0
17388,2013,,,,0
17388,2014,,,,0
17388,2015,,,,0
17388,2016,,,,0
17388,2017,,,,0
17388,2018,,,,0
17388,2019,,,,0
17388,2020,,,,0
17388,2021,,,,0
17388,2022,,,,0
17388,2023,,,,0
17388,2024,,,,0
17433,2001,,,,0
17433,2002,,,,0
17433,2003,,,,0
17433,2004,,,,0
17433,2005,,,,0
17433,2006,,,,0
17433,2007,,,,0
17433,2008,,,,0
17433,2009,,,,0
17433,2010,,,,0
17433,2011,,,,0
17433,2012,,,,0
17433,2013,,,,0
17433,2014,,,,0
17433,2015,,,,0
17433,2016,,,,0
17433,2017,,,,0
17433,2018,,,,0
17433,2019,,,,0
17433,2020,,,,0
17433,2021,,,,0
17433,2022,,,,0
17433,2023,,,,0
17433,2024,,,,0
17442,2001,,,,0
17442,2002,,,,0
17442,2003,,,,0
17442,2004,,,,0
17442,2005,,,,0
17442,2006,,,,0
17442,2007,,,,0
17442,2008,,,,0
17442,2009,,,,0
17442,2010,,,,0
17442,2011,,,,0
17442,2012,,,,0
17442,2013,,,,0
17442,2014,,,,0
17442,2015,,,,0
17442,2016,,,,0
17442,2017,,,,0
17442,2018,,,,0
17442,2019,,,,0
17442,2020,,,,0
17442,2021,,,,0
17442,2022,,,,0
17442,2023,,,,0
17442,2024,,,,0
17444,2001,,,,0
17444,2002,,,,0
17444,2003,,,,0
17444,2004,,,,0
17444,2005,,,,0
17444,2006,,,,0
17444,2007,,,,0
17444,2008,,,,0
17444,2009,,,,0
17444,2010,,,,0
17444,2011,,,,0
17444,2012,,,,0
17444,2013,,,,0
17444,2014,,,,0
17444,2015,,,,0
17444,2016,,,,0
17444,2017,,,,0
17444,2018,,,,0
17444,2019,,,,0
17444,2020,,,,0
17444,2021,,,,0
17444,2022,,,,0
17444,2023,,,,0
17444,2024,,,,0
17446,2001,,,,0
17446,2002,,,,0
17446,2003,,,,0
17446,2004,,,,0
17446,2005,,,,0
17446,2006,,,,0
17446,2007,,,,0
17446,2008,,,,0
17446,2009,,,,0
17446,2010,,,,0
17446,2011,,,,0
17446,2012,,,,0
17446,2013,,,,0
17446,2014,,,,0
17446,2015,,,,0
17446,2016,,,,0
17446,2017,,,,0
17446,2018,,,,0
17446,2019,,,,0
17446,2020,,,,0
17446,2021,,,,0
17446,2022,,,,0
17446,2023,,,,0
17446,2024,,,,0
17486,2001,,,,0
17486,2002,,,,0
17486,2003,,,,0
17486,2004,,,,0
17486,2005,,,,0
17486,2006,,,,0
17486,2007,,,,0
17486,2008,,,,0
17486,2009,,,,0
17486,2010,,,,0
17486,2011,,,,0
17486,2012,,,,0
17486,2013,,,,0
17486,2014,,,,0
17486,2015,,,,0
17486,2016,,,,0
17486,2017,,,,0
17486,2018,,,,0
17486,2019,,,,0
17486,2020,,,,0
17486,2021,,,,0
17486,2022,,,,0
17486,2023,,,,0
17486,2024,,,,0
17495,2001,,,,0
17495,2002,,,,0
17495,2003,,,,0
17495,2004,,,,0
17495,2005,,,,0
17495,2006,,,,0
17495,2007,,,,0
17495,2008,,,,0
17495,2009,,,,0
17495,2010,,,,0
17495,2011,,,,0
17495,2012,,,,0
17495,2013,,,,0
17495,2014,,,,0
17495,2015,,,,0
17495,2016,,,,0
17495,2017,,,,0
17495,2018,,,,0
17495,2019,,,,0
17495,2020,,,,0
17495,2021,,,,0
17495,2022,,,,0
17495,2023,,,,0
17495,2024,,,,0
17513,2001,,,,0
17513,2002,,,,0
17513,2003,,,,0
17513,2004,,,,0
17513,2005,,,,0
17513,2006,,,,0
17513,2007,,,,0
17513,2008,,,,0
17513,2009,,,,0
17513,2010,,,,0
17513,2011,,,,0
17513,2012,,,,0
17513,2013,,,,0
17513,2014,,,,0
17513,2015,,,,0
17513,2016,,,,0
17513,2017,,,,0
17513,2018,,,,0
17513,2019,,,,0
17513,2020,,,,0
17513,2021,,,,0
17513,2022,,,,0
17513,2023,,,,0
17513,2024,,,,0
17524,2001,,,,0
17524,2002,,,,0
17524,2003,,,,0
17524,2004,,,,0
17524,2005,,,,0
17524,2006,,,,0
17524,2007,,,,0
17524,2008,,,,0
17524,2009,,,,0
17524,2010,,,,0
17524,2011,,,,0
17524,2012,,,,0
17524,2013,,,,0
17524,2014,,,,0
17524,2015,,,,0
17524,2016,,,,0
17524,2017,,,,0
17524,2018,,,,0
17524,2019,,,,0
17524,2020,,,,0
17524,2021,,,,0
17524,2022,,,,0
17524,2023,,,,0
17524,2024,,,,0
17541,2001,,,,0
17541,2002,,,,0
17541,2003,,,,0
17541,2004,,,,0
17541,2005,,,,0
17541,2006,,,,0
17541,2007,,,,0
17541,2008,,,,0
17541,2009,,,,0
17541,2010,,,,0
17541,2011,,,,0
17541,2012,,,,0
17541,2013,,,,0
17541,2014,,,,0
17541,2015,,,,0
17541,2016,,,,0
17541,2017,,,,0
17541,2018,,,,0
17541,2019,,,,0
17541,2020,,,,0
17541,2021,,,,0
17541,2022,,,,0
17541,2023,,,,0
17541,2024,,,,0
17614,2001,,,,0
17614,2002,,,,0
17614,2003,,,,0
17614,2004,,,,0
17614,2005,,,,0
17614,2006,,,,0
17614,2007,,,,0
17614,2008,,,,0
17614,2009,,,,0
17614,2010,,,,0
17614,2011,,,,0
17614,2012,,,,0
17614,2013,,,,0
17614,2014,,,,0
17614,2015,,,,0
17614,2016,,,,0
17614,2017,,,,0
17614,2018,,,,0
17614,2019,,,,0
17614,2020,,,,0
17614,2021,,,,0
17614,2022,,,,0
17614,2023,,,,0
17614,2024,,,,0
17616,2001,,,,0
17616,2002,,,,0
17616,2003,,,,0
17616,2004,,,,0
17616,2005,,,,0
17616,2006,,,,0
17616,2007,,,,0
17616,2008,,,,0
17616,2009,,,,0
17616,2010,,,,0
17616,2011,,,,0
17616,2012,,,,0
17616,2013,,,,0
17616,2014,,,,0
17616,2015,,,,0
17616,2016,,,,0
17616,2017,,,,0
17616,2018,,,,0
17616,2019,,,,0
17616,2020,,,,0
17616,2021,,,,0
17616,2022,,,,0
17616,2023,,,,0
17616,2024,,,,0
17653,2001,,,,0
17653,2002,,,,0
17653,2003,,,,0
17653,2004,,,,0
17653,2005,,,,0
17653,2006,,,,0
17653,2007,,,,0
17653,2008,,,,0
17653,2009,,,,0
17653,2010,,,,0
17653,2011,,,,0
17653,2012,,,,0
17653,2013,,,,0
17653,2014,,,,0
17653,2015,,,,0
17653,2016,,,,0
17653,2017,,,,0
17653,2018,,,,0
17653,2019,,,,0
17653,2020,,,,0
17653,2021,,,,0
17653,2022,,,,0
17653,2023,,,,0
17653,2024,,,,0
17662,2001,,,,0
17662,2002,,,,0
17662,2003,,,,0
17662,2004,,,,0
17662,2005,,,,0
17662,2006,,,,0
17662,2007,,,,0
17662,2008,,,,0
17662,2009,,,,0
17662,2010,,,,0
17662,2011,,,,0
17662,2012,,,,0
17662,2013,,,,0
17662,2014,,,,0
17662,2015,,,,0
17662,2016,,,,0
17662,2017,,,,0
17662,2018,,,,0
17662,2019,,,,0
17662,2020,,,,0
17662,2021,,,,0
17662,2022,,,,0
17662,2023,,,,0
17662,2024,,,,0
17665,2001,,,,0
17665,2002,,,,0
17665,2003,,,,0
17665,2004,,,,0
17665,2005,,,,0
17665,2006,,,,0
17665,2007,,,,0
17665,2008,,,,0
17665,2009,,,,0
17665,2010,,,,0
17665,2011,,,,0
17665,2012,,,,0
17665,2013,,,,0
17665,2014,,,,0
17665,2015,,,,0
17665,2016,,,,0
17665,2017,,,,0
17665,2018,,,,0
17665,2019,,,,0
17665,2020,,,,0
17665,2021,,,,0
17665,2022,,,,0
17665,2023,,,,0
17665,2024,,,,0
17777,2001,,,,0
17777,2002,,,,0
17777,2003,,,,0
17777,2004,,,,0
17777,2005,,,,0
17777,2006,,,,0
17777,2007,,,,0
17777,2008,,,,0
17777,2009,,,,0
17777,2010,,,,0
17777,2011,,,,0
17777,2012,,,,0
17777,2013,,,,0
17777,2014,,,,0
17777,2015,,,,0
17777,2016,,,,0
17777,2017,,,,0
17777,2018,,,,0
17777,2019,,,,0
17777,2020,,,,0
17777,2021,,,,0
17777,2022,,,,0
17777,2023,,,,0
17777,2024,,,,0
17867,2001,,,,0
17867,2002,,,,0
17867,2003,,,,0
17867,2004,,,,0
17867,2005,,,,0
17867,2006,,,,0
17867,2007,,,,0
17867,2008,,,,0
17867,2009,,,,0
17867,2010,,,,0
17867,2011,,,,0
17867,2012,,,,0
17867,2013,,,,0
17867,2014,,,,0
17867,2015,,,,0
17867,2016,,,,0
17867,2017,,,,0
17867,2018,,,,0
17867,2019,,,,0
17867,2020,,,,0
17867,2021,,,,0
17867,2022,,,,0
17867,2023,,,,0
17867,2024,,,,0
17873,2001,,,,0
17873,2002,,,,0
17873,2003,,,,0
17873,2004,,,,0
17873,2005,,,,0
17873,2006,,,,0
17873,2007,,,,0
17873,2008,,,,0
17873,2009,,,,0
17873,2010,,,,0
17873,2011,,,,0
17873,2012,,,,0
17873,2013,,,,0
17873,2014,,,,0
17873,2015,,,,0
17873,2016,,,,0
17873,2017,,,,0
17873,2018,,,,0
17873,2019,,,,0
17873,2020,,,,0
17873,2021,,,,0
17873,2022,,,,0
17873,2023,,,,0
17873,2024,,,,0
17877,2001,,,,0
17877,2002,,,,0
17877,2003,,,,0
17877,2004,,,,0
17877,2005,,,,0
17877,2006,,,,0
17877,2007,,,,0
17877,2008,,,,0
17877,2009,,,,0
17877,2010,,,,0
17877,2011,,,,0
17877,2012,,,,0
17877,2013,,,,0
17877,2014,,,,0
17877,2015,,,,0
17877,2016,,,,0
17877,2017,,,,0
17877,2018,,,,0
17877,2019,,,,0
17877,2020,,,,0
17877,2021,,,,0
17877,2022,,,,0
17877,2023,,,,0
17877,2024,,,,0
18001,2001,,,,0
18001,2002,,,,0
18001,2003,,,,0
18001,2004,,,,0
18001,2005,,,,0
18001,2006,,,,0
18001,2007,,,,0
18001,2008,,,,0
18001,2009,,,,0
18001,2010,,,,0
18001,2011,,,,0
18001,2012,,,,0
18001,2013,,,,0
18001,2014,,,,0
18001,2015,,,,0
18001,2016,,,,0
18001,2017,,,,0
18001,2018,,,,0
18001,2019,,,,0
18001,2020,,,,0
18001,2021,,,,0
18001,2022,,,,0
18001,2023,,,,0
18001,2024,,,,0
18029,2001,,,,0
18029,2002,,,,0
18029,2003,,,,0
18029,2004,,,,0
18029,2005,,,,0
18029,2006,,,,0
18029,2007,,,,0
18029,2008,,,,0
18029,2009,,,,0
18029,2010,,,,0
18029,2011,,,,0
18029,2012,,,,0
18029,2013,,,,0
18029,2014,,,,0
18029,2015,,,,0
18029,2016,,,,0
18029,2017,,,,0
18029,2018,,,,0
18029,2019,,,,0
18029,2020,,,,0
18029,2021,,,,0
18029,2022,,,,0
18029,2023,,,,0
18029,2024,,,,0
18094,2001,,,,0
18094,2002,,,,0
18094,2003,,,,0
18094,2004,,,,0
18094,2005,,,,0
18094,2006,,,,0
18094,2007,,,,0
18094,2008,,,,0
18094,2009,,,,0
18094,2010,,,,0
18094,2011,,,,0
18094,2012,,,,0
18094,2013,,,,0
18094,2014,,,,0
18094,2015,,,,0
18094,2016,,,,0
18094,2017,,,,0
18094,2018,,,,0
18094,2019,,,,0
18094,2020,,,,0
18094,2021,,,,0
18094,2022,,,,0
18094,2023,,,,0
18094,2024,,,,0
18150,2001,,,,0
18150,2002,,,,0
18150,2003,,,,0
18150,2004,,,,0
18150,2005,,,,0
18150,2006,,,,0
18150,2007,,,,0
18150,2008,,,,0
18150,2009,,,,0
18150,2010,,,,0
18150,2011,,,,0
18150,2012,,,,0
18150,2013,,,,0
18150,2014,,,,0
18150,2015,,,,0
18150,2016,,,,0
18150,2017,,,,0
18150,2018,,,,0
18150,2019,,,,0
18150,2020,,,,0
18150,2021,,,,0
18150,2022,,,,0
18150,2023,,,,0
18150,2024,,,,0
18205,2001,,,,0
18205,2002,,,,0
18205,2003,,,,0
18205,2004,,,,0
18205,2005,,,,0
18205,2006,,,,0
18205,2007,,,,0
18205,2008,,,,0
18205,2009,,,,0
18205,2010,,,,0
18205,2011,,,,0
18205,2012,,,,0
18205,2013,,,,0
18205,2014,,,,0
18205,2015,,,,0
18205,2016,,,,0
18205,2017,,,,0
18205,2018,,,,0
18205,2019,,,,0
18205,2020,,,,0
18205,2021,,,,0
18205,2022,,,,0
18205,2023,,,,0
18205,2024,,,,0
18247,2001,,,,0
18247,2002,,,,0
18247,2003,,,,0
18247,2004,,,,0
18247,2005,,,,0
18247,2006,,,,0
18247,2007,,,,0
18247,2008,,,,0
18247,2009,,,,0
18247,2010,,,,0
18247,2011,,,,0
18247,2012,,,,0
18247,2013,,,,0
18247,2014,,,,0
18247,2015,,,,0
18247,2016,,,,0
18247,2017,,,,0
18247,2018,,,,0
18247,2019,,,,0
18247,2020,,,,0
18247,2021,,,,0
18247,2022,,,,0
18247,2023,,,,0
18247,2024,,,,0
18256,2001,,,,0
18256,2002,,,,0
18256,2003,,,,0
18256,2004,,,,0
18256,2005,,,,0
18256,2006,,,,0
18256,2007,,,,0
18256,2008,,,,0
18256,2009,,,,0
18256,2010,,,,0
18256,2011,,,,0
18256,2012,,,,0
18256,2013,,,,0
18256,2014,,,,0
18256,2015,,,,0
18256,2016,,,,0
18256,2017,,,,0
18256,2018,,,,0
18256,2019,,,,0
18256,2020,,,,0
18256,2021,,,,0
18256,2022,,,,0
18256,2023,,,,0
18256,2024,,,,0
18410,2001,,,,0
18410,2002,,,,0
18410,2003,,,,0
18410,2004,,,,0
18410,2005,,,,0
18410,2006,,,,0
18410,2007,,,,0
18410,2008,,,,0
18410,2009,,,,0
18410,2010,,,,0
18410,2011,,,,0
18410,2012,,,,0
18410,2013,,,,0
18410,2014,,,,0
18410,2015,,,,0
18410,2016,,,,0
18410,2017,,,,0
18410,2018,,,,0
18410,2019,,,,0
18410,2020,,,,0
18410,2021,,,,0
18410,2022,,,,0
18410,2023,,,,0
18410,2024,,,,0
18460,2001,,,,0
18460,2002,,,,0
18460,2003,,,,0
18460,2004,,,,0
18460,2005,,,,0
18460,2006,,,,0
18460,2007,,,,0
18460,2008,,,,0
18460,2009,,,,0
18460,2010,,,,0
18460,2011,,,,0
18460,2012,,,,0
18460,2013,,,,0
18460,2014,,,,0
18460,2015,,,,0
18460,2016,,,,0
18460,2017,,,,0
18460,2018,,,,0
18460,2019,,,,0
18460,2020,,,,0
18460,2021,,,,0
18460,2022,,,,0
18460,2023,,,,0
18460,2024,,,,0
18479,2001,,,,0
18479,2002,,,,0
18479,2003,,,,0
18479,2004,,,,0
18479,2005,,,,0
18479,2006,,,,0
18479,2007,,,,0
18479,2008,,,,0
18479,2009,,,,0
18479,2010,,,,0
18479,2011,,,,0
18479,2012,,,,0
18479,2013,,,,0
18479,2014,,,,0
18479,2015,,,,0
18479,2016,,,,0
18479,2017,,,,0
18479,2018,,,,0
18479,2019,,,,0
18479,2020,,,,0
18479,2021,,,,0
18479,2022,,,,0
18479,2023,,,,0
18479,2024,,,,0
18592,2001,,,,0
18592,2002,,,,0
18592,2003,,,,0
18592,2004,,,,0
18592,2005,,,,0
18592,2006,,,,0
18592,2007,,,,0
18592,2008,,,,0
18592,2009,,,,0
18592,2010,,,,0
18592,2011,,,,0
18592,2012,,,,0
18592,2013,,,,0
18592,2014,,,,0
18592,2015,,,,0
18592,2016,,,,0
18592,2017,,,,0
18592,2018,,,,0
18592,2019,,,,0
18592,2020,,,,0
18592,2021,,,,0
18592,2022,,,,0
18592,2023,,,,0
18592,2024,,,,0
18610,2001,,,,0
18610,2002,,,,0
18610,2003,,,,0
18610,2004,,,,0
18610,2005,,,,0
18610,2006,,,,0
18610,2007,,,,0
18610,2008,,,,0
18610,2009,,,,0
18610,2010,,,,0
18610,2011,,,,0
18610,2012,,,,0
18610,2013,,,,0
18610,2014,,,,0
18610,2015,,,,0
18610,2016,,,,0
18610,2017,,,,0
18610,2018,,,,0
18610,2019,,,,0
18610,2020,,,,0
18610,2021,,,,0
18610,2022,,,,0
18610,2023,,,,0
18610,2024,,,,0
18753,2001,,,,0
18753,2002,,,,0
18753,2003,,,,0
18753,2004,,,,0
18753,2005,,,,0
18753,2006,,,,0
18753,2007,,,,0
18753,2008,,,,0
18753,2009,,,,0
18753,2010,,,,0
18753,2011,,,,0
18753,2012,,,,0
18753,2013,,,,0
18753,2014,,,,0
18753,2015,,,,0
18753,2016,,,,0
18753,2017,,,,0
18753,2018,,,,0
18753,2019,,,,0
18753,2020,,,,0
18753,2021,,,,0
18753,2022,,,,0
18753,2023,,,,0
18753,2024,,,,0
18756,2001,,,,0
18756,2002,,,,0
18756,2003,,,,0
18756,2004,,,,0
18756,2005,,,,0
18756,2006,,,,0
18756,2007,,,,0
18756,2008,,,,0
18756,2009,,,,0
18756,2010,,,,0
18756,2011,,,,0
18756,2012,,,,0
18756,2013,,,,0
18756,2014,,,,0
18756,2015,,,,0
18756,2016,,,,0
18756,2017,,,,0
18756,2018,,,,0
18756,2019,,,,0
18756,2020,,,,0
18756,2021,,,,0
18756,2022,,,,0
18756,2023,,,,0
18756,2024,,,,0
18785,2001,,,,0
18785,2002,,,,0
18785,2003,,,,0
18785,2004,,,,0
18785,2005,,,,0
18785,2006,,,,0
18785,2007,,,,0
18785,2008,,,,0
18785,2009,,,,0
18785,2010,,,,0
18785,2011,,,,0
18785,2012,,,,0
18785,2013,,,,0
18785,2014,,,,0
18785,2015,,,,0
18785,2016,,,,0
18785,2017,,,,0
18785,2018,,,,0
18785,2019,,,,0
18785,2020,,,,0
18785,2021,,,,0
18785,2022,,,,0
18785,2023,,,,0
18785,2024,,,,0
18860,2001,,,,0
18860,2002,,,,0
18860,2003,,,,0
18860,2004,,,,0
18860,2005,,,,0
18860,2006,,,,0
18860,2007,,,,0
18860,2008,,,,0
18860,2009,,,,0
18860,2010,,,,0
18860,2011,,,,0
18860,2012,,,,0
18860,2013,,,,0
18860,2014,,,,0
18860,2015,,,,0
18860,2016,,,,0
18860,2017,,,,0
18860,2018,,,,0
18860,2019,,,,0
18860,2020,,,,0
18860,2021,,,,0
18860,2022,,,,0
18860,2023,,,,0
18860,2024,,,,0
19001,2001,,,,0
19001,2002,,,,0
19001,2003,,,,0
19001,2004,,,,0
19001,2005,,,,0
19001,2006,,,,0
19001,2007,,,,0
19001,2008,,,,0
19001,2009,,,,0
19001,2010,,,,0
19001,2011,,,,0
19001,2012,,,,0
19001,2013,,,,0
19001,2014,,,,0
19001,2015,,,,0
19001,2016,,,,0
19001,2017,,,,0
19001,2018,,,,0
19001,2019,,,,0
19001,2020,,,,0
19001,2021,,,,0
19001,2022,,,,0
19001,2023,,,,0
19001,2024,,,,0
19022,2001,,,,0
19022,2002,,,,0
19022,2003,,,,0
19022,2004,,,,0
19022,2005,,,,0
19022,2006,,,,0
19022,2007,,,,0
19022,2008,,,,0
19022,2009,,,,0
19022,2010,,,,0
19022,2011,,,,0
19022,2012,,,,0
19022,2013,,,,0
19022,2014,,,,0
19022,2015,,,,0
19022,2016,,,,0
19022,2017,,,,0
19022,2018,,,,0
19022,2019,,,,0
19022,2020,,,,0
19022,2021,,,,0
19022,2022,,,,0
19022,2023,,,,0
19022,2024,,,,0
19050,2001,,,,0
19050,2002,,,,0
19050,2003,,,,0
19050,2004,,,,0
19050,2005,,,,0
19050,2006,,,,0
19050,2007,,,,0
19050,2008,,,,0
19050,2009,,,,0
19050,2010,,,,0
19050,2011,,,,0
19050,2012,,,,0
19050,2013,,,,0
19050,2014,,,,0
19050,2015,,,,0
19050,2016,,,,0
19050,2017,,,,0
19050,2018,,,,0
19050,2019,,,,0
19050,2020,,,,0
19050,2021,,,,0
19050,2022,,,,0
19050,2023,,,,0
19050,2024,,,,0
19075,2001,,,,0
19075,2002,,,,0
19075,2003,,,,0
19075,2004,,,,0
19075,2005,,,,0
19075,2006,,,,0
19075,2007,,,,0
19075,2008,,,,0
19075,2009,,,,0
19075,2010,,,,0
19075,2011,,,,0
19075,2012,,,,0
19075,2013,,,,0
19075,2014,,,,0
19075,2015,,,,0
19075,2016,,,,0
19075,2017,,,,0
19075,2018,,,,0
19075,2019,,,,0
19075,2020,,,,0
19075,2021,,,,0
19075,2022,,,,0
19075,2023,,,,0
19075,2024,,,,0
19100,2001,,,,0
19100,2002,,,,0
19100,2003,,,,0
19100,2004,,,,0
19100,2005,,,,0
19100,2006,,,,0
19100,2007,,,,0
19100,2008,,,,0
19100,2009,,,,0
19100,2010,,,,0
19100,2011,,,,0
19100,2012,,,,0
19100,2013,,,,0
19100,2014,,,,0
19100,2015,,,,0
19100,2016,,,,0
19100,2017,,,,0
19100,2018,,,,0
19100,2019,,,,0
19100,2020,,,,0
19100,2021,,,,0
19100,2022,,,,0
19100,2023,,,,0
19100,2024,,,,0
19110,2001,,,,0
19110,2002,,,,0
19110,2003,,,,0
19110,2004,,,,0
19110,2005,,,,0
19110,2006,,,,0
19110,2007,,,,0
19110,2008,,,,0
19110,2009,,,,0
19110,2010,,,,0
19110,2011,,,,0
19110,2012,,,,0
19110,2013,,,,0
19110,2014,,,,0
19110,2015,,,,0
19110,2016,,,,0
19110,2017,,,,0
19110,2018,,,,0
19110,2019,,,,0
19110,2020,,,,0
19110,2021,,,,0
19110,2022,,,,0
19110,2023,,,,0
19110,2024,,,,0
19130,2001,,,,0
19130,2002,,,,0
19130,2003,,,,0
19130,2004,,,,0
19130,2005,,,,0
19130,2006,,,,0
19130,2007,,,,0
19130,2008,,,,0
19130,2009,,,,0
19130,2010,,,,0
19130,2011,,,,0
19130,2012,,,,0
19130,2013,,,,0
19130,2014,,,,0
19130,2015,,,,0
19130,2016,,,,0
19130,2017,,,,0
19130,2018,,,,0
19130,2019,,,,0
19130,2020,,,,0
19130,2021,,,,0
19130,2022,,,,0
19130,2023,,,,0
19130,2024,,,,0
19137,2001,,,,0
19137,2002,,,,0
19137,2003,,,,0
19137,2004,,,,0
19137,2005,,,,0
19137,2006,,,,0
19137,2007,,,,0
19137,2008,,,,0
19137,2009,,,,0
19137,2010,,,,0
19137,2011,,,,0
19137,2012,,,,0
19137,2013,,,,0
19137,2014,,,,0
19137,2015,,,,0
19137,2016,,,,0
19137,2017,,,,0
19137,2018,,,,0
19137,2019,,,,0
19137,2020,,,,0
19137,2021,,,,0
19137,2022,,,,0
19137,2023,,,,0
19137,2024,,,,0
19142,2001,,,,0
19142,2002,,,,0
19142,2003,,,,0
19142,2004,,,,0
19142,2005,,,,0
19142,2006,,,,0
19142,2007,,,,0
19142,2008,,,,0
19142,2009,,,,0
19142,2010,,,,0
19142,2011,,,,0
19142,2012,,,,0
19142,2013,,,,0
19142,2014,,,,0
19142,2015,,,,0
19142,2016,,,,0
19142,2017,,,,0
19142,2018,,,,0
19142,2019,,,,0
19142,2020,,,,0
19142,2021,,,,0
19142,2022,,,,0
19142,2023,,,,0
19142,2024,,,,0
19212,2001,,,,0
19212,2002,,,,0
19212,2003,,,,0
19212,2004,,,,0
19212,2005,,,,0
19212,2006,,,,0
19212,2007,,,,0
19212,2008,,,,0
19212,2009,,,,0
19212,2010,,,,0
19212,2011,,,,0
19212,2012,,,,0
19212,2013,,,,0
19212,2014,,,,0
19212,2015,,,,0
19212,2016,,,,0
19212,2017,,,,0
19212,2018,,,,0
19212,2019,,,,0
19212,2020,,,,0
19212,2021,,,,0
19212,2022,,,,0
19212,2023,,,,0
19212,2024,,,,0
19256,2001,,,,0
19256,2002,,,,0
19256,2003,,,,0
19256,2004,,,,0
19256,2005,,,,0
19256,2006,,,,0
19256,2007,,,,0
19256,2008,,,,0
19256,2009,,,,0
19256,2010,,,,0
19256,2011,,,,0
19256,2012,,,,0
19256,2013,,,,0
19256,2014,,,,0
19256,2015,,,,0
19256,2016,,,,0
19256,2017,,,,0
19256,2018,,,,0
19256,2019,,,,0
19256,2020,,,,0
19256,2021,,,,0
19256,2022,,,,0
19256,2023,,,,0
19256,2024,,,,0
19290,2001,,,,0
19290,2002,,,,0
19290,2003,,,,0
19290,2004,,,,0
19290,2005,,,,0
19290,2006,,,,0
19290,2007,,,,0
19290,2008,,,,0
19290,2009,,,,0
19290,2010,,,,0
19290,2011,,,,0
19290,2012,,,,0
19290,2013,,,,0
19290,2014,,,,0
19290,2015,,,,0
19290,2016,,,,0
19290,2017,,,,0
19290,2018,,,,0
19290,2019,,,,0
19290,2020,,,,0
19290,2021,,,,0
19290,2022,,,,0
19290,2023,,,,0
19290,2024,,,,0
19300,2001,,,,0
19300,2002,,,,0
19300,2003,,,,0
19300,2004,,,,0
19300,2005,,,,0
19300,2006,,,,0
19300,2007,,,,0
19300,2008,,,,0
19300,2009,,,,0
19300,2010,,,,0
19300,2011,,,,0
19300,2012,,,,0
19300,2013,,,,0
19300,2014,,,,0
19300,2015,,,,0
19300,2016,,,,0
19300,2017,,,,0
19300,2018,,,,0
19300,2019,,,,0
19300,2020,,,,0
19300,2021,,,,0
19300,2022,,,,0
19300,2023,,,,0
19300,2024,,,,0
19318,2001,,,,0
19318,2002,,,,0
19318,2003,,,,0
19318,2004,,,,0
19318,2005,,,,0
19318,2006,,,,0
19318,2007,,,,0
19318,2008,,,,0
19318,2009,,,,0
19318,2010,,,,0
19318,2011,,,,0
19318,2012,,,,0
19318,2013,,,,0
19318,2014,,,,0
19318,2015,,,,0
19318,2016,,,,0
19318,2017,,,,0
19318,2018,,,,0
19318,2019,,,,0
19318,2020,,,,0
19318,2021,,,,0
19318,2022,,,,0
19318,2023,,,,0
19318,2024,,,,0
19355,2001,,,,0
19355,2002,,,,0
19355,2003,,,,0
19355,2004,,,,0
19355,2005,,,,0
19355,2006,,,,0
19355,2007,,,,0
19355,2008,,,,0
19355,2009,,,,0
19355,2010,,,,0
19355,2011,,,,0
19355,2012,,,,0
19355,2013,,,,0
19355,2014,,,,0
19355,2015,,,,0
19355,2016,,,,0
19355,2017,,,,0
19355,2018,,,,0
19355,2019,,,,0
19355,2020,,,,0
19355,2021,,,,0
19355,2022,,,,0
19355,2023,,,,0
19355,2024,,,,0
19364,2001,,,,0
19364,2002,,,,0
19364,2003,,,,0
19364,2004,,,,0
19364,2005,,,,0
19364,2006,,,,0
19364,2007,,,,0
19364,2008,,,,0
19364,2009,,,,0
19364,2010,,,,0
19364,2011,,,,0
19364,2012,,,,0
19364,2013,,,,0
19364,2014,,,,0
19364,2015,,,,0
19364,2016,,,,0
19364,2017,,,,0
19364,2018,,,,0
19364,2019,,,,0
19364,2020,,,,0
19364,2021,,,,0
19364,2022,,,,0
19364,2023,,,,0
19364,2024,,,,0
19392,2001,,,,0
19392,2002,,,,0
19392,2003,,,,0
19392,2004,,,,0
19392,2005,,,,0
19392,2006,,,,0
19392,2007,,,,0
19392,2008,,,,0
19392,2009,,,,0
19392,2010,,,,0
19392,2011,,,,0
19392,2012,,,,0
19392,2013,,,,0
19392,2014,,,,0
19392,2015,,,,0
19392,2016,,,,0
19392,2017,,,,0
19392,2018,,,,0
19392,2019,,,,0
19392,2020,,,,0
19392,2021,,,,0
19392,2022,,,,0
19392,2023,,,,0
19392,2024,,,,0
19397,2001,,,,0
19397,2002,,,,0
19397,2003,,,,0
19397,2004,,,,0
19397,2005,,,,0
19397,2006,,,,0
19397,2007,,,,0
19397,2008,,,,0
19397,2009,,,,0
19397,2010,,,,0
19397,2011,,,,0
19397,2012,,,,0
19397,2013,,,,0
19397,2014,,,,0
19397,2015,,,,0
19397,2016,,,,0
19397,2017,,,,0
19397,2018,,,,0
19397,2019,,,,0
19397,2020,,,,0
19397,2021,,,,0
19397,2022,,,,0
19397,2023,,,,0
19397,2024,,,,0
19418,2001,,,,0
19418,2002,,,,0
19418,2003,,,,0
19418,2004,,,,0
19418,2005,,,,0
19418,2006,,,,0
19418,2007,,,,0
19418,2008,,,,0
19418,2009,,,,0
19418,2010,,,,0
19418,2011,,,,0
19418,2012,,,,0
19418,2013,,,,0
19418,2014,,,,0
19418,2015,,,,0
19418,2016,,,,0
19418,2017,,,,0
19418,2018,,,,0
19418,2019,,,,0
19418,2020,,,,0
19418,2021,,,,0
19418,2022,,,,0
19418,2023,,,,0
19418,2024,,,,0
19450,2001,,,,0
19450,2002,,,,0
19450,2003,,,,0
19450,2004,,,,0
19450,2005,,,,0
19450,2006,,,,0
19450,2007,,,,0
19450,2008,,,,0
19450,2009,,,,0
19450,2010,,,,0
19450,2011,,,,0
19450,2012,,,,0
19450,2013,,,,0
19450,2014,,,,0
19450,2015,,,,0
19450,2016,,,,0
19450,2017,,,,0
19450,2018,,,,0
19450,2019,,,,0
19450,2020,,,,0
19450,2021,,,,0
19450,2022,,,,0
19450,2023,,,,0
19450,2024,,,,0
19455,2001,,,,0
19455,2002,,,,0
19455,2003,,,,0
19455,2004,,,,0
19455,2005,,,,0
19455,2006,,,,0
19455,2007,,,,0
19455,2008,,,,0
19455,2009,,,,0
19455,2010,,,,0
19455,2011,,,,0
19455,2012,,,,0
19455,2013,,,,0
19455,2014,,,,0
19455,2015,,,,0
19455,2016,,,,0
19455,2017,,,,0
19455,2018,,,,0
19455,2019,,,,0
19455,2020,,,,0
19455,2021,,,,0
19455,2022,,,,0
19455,2023,,,,0
19455,2024,,,,0
19473,2001,,,,0
19473,2002,,,,0
19473,2003,,,,0
19473,2004,,,,0
19473,2005,,,,0
19473,2006,,,,0
19473,2007,,,,0
19473,2008,,,,0
19473,2009,,,,0
19473,2010,,,,0
19473,2011,,,,0
19473,2012,,,,0
19473,2013,,,,0
19473,2014,,,,0
19473,2015,,,,0
19473,2016,,,,0
19473,2017,,,,0
19473,2018,,,,0
19473,2019,,,,0
19473,2020,,,,0
19473,2021,,,,0
19473,2022,,,,0
19473,2023,,,,0
19473,2024,,,,0
19513,2001,,,,0
19513,2002,,,,0
19513,2003,,,,0
19513,2004,,,,0
19513,2005,,,,0
19513,2006,,,,0
19513,2007,,,,0
19513,2008,,,,0
19513,2009,,,,0
19513,2010,,,,0
19513,2011,,,,0
19513,2012,,,,0
19513,2013,,,,0
19513,2014,,,,0
19513,2015,,,,0
19513,2016,,,,0
19513,2017,,,,0
19513,2018,,,,0
19513,2019,,,,0
19513,2020,,,,0
19513,2021,,,,0
19513,2022,,,,0
19513,2023,,,,0
19513,2024,,,,0
19517,2001,,,,0
19517,2002,,,,0
19517,2003,,,,0
19517,2004,,,,0
19517,2005,,,,0
19517,2006,,,,0
19517,2007,,,,0
19517,2008,,,,0
19517,2009,,,,0
19517,2010,,,,0
19517,2011,,,,0
19517,2012,,,,0
19517,2013,,,,0
19517,2014,,,,0
19517,2015,,,,0
19517,2016,,,,0
19517,2017,,,,0
19517,2018,,,,0
19517,2019,,,,0
19517,2020,,,,0
19517,2021,,,,0
19517,2022,,,,0
19517,2023,,,,0
19517,2024,,,,0
19532,2001,,,,0
19532,2002,,,,0
19532,2003,,,,0
19532,2004,,,,0
19532,2005,,,,0
19532,2006,,,,0
19532,2007,,,,0
19532,2008,,,,0
19532,2009,,,,0
19532,2010,,,,0
19532,2011,,,,0
19532,2012,,,,0
19532,2013,,,,0
19532,2014,,,,0
19532,2015,,,,0
19532,2016,,,,0
19532,2017,,,,0
19532,2018,,,,0
19532,2019,,,,0
19532,2020,,,,0
19532,2021,,,,0
19532,2022,,,,0
19532,2023,,,,0
19532,2024,,,,0
19533,2001,,,,0
19533,2002,,,,0
19533,2003,,,,0
19533,2004,,,,0
19533,2005,,,,0
19533,2006,,,,0
19533,2007,,,,0
19533,2008,,,,0
19533,2009,,,,0
19533,2010,,,,0
19533,2011,,,,0
19533,2012,,,,0
19533,2013,,,,0
19533,2014,,,,0
19533,2015,,,,0
19533,2016,,,,0
19533,2017,,,,0
19533,2018,,,,0
19533,2019,,,,0
19533,2020,,,,0
19533,2021,,,,0
19533,2022,,,,0
19533,2023,,,,0
19533,2024,,,,0
19548,2001,,,,0
19548,2002,,,,0
19548,2003,,,,0
19548,2004,,,,0
19548,2005,,,,0
19548,2006,,,,0
19548,2007,,,,0
19548,2008,,,,0
19548,2009,,,,0
19548,2010,,,,0
19548,2011,,,,0
19548,2012,,,,0
19548,2013,,,,0
19548,2014,,,,0
19548,2015,,,,0
19548,2016,,,,0
19548,2017,,,,0
19548,2018,,,,0
19548,2019,,,,0
19548,2020,,,,0
19548,2021,,,,0
19548,2022,,,,0
19548,2023,,,,0
19548,2024,,,,0
19573,2001,,,,0
19573,2002,,,,0
19573,2003,,,,0
19573,2004,,,,0
19573,2005,,,,0
19573,2006,,,,0
19573,2007,,,,0
19573,2008,,,,0
19573,2009,,,,0
19573,2010,,,,0
19573,2011,,,,0
19573,2012,,,,0
19573,2013,,,,0
19573,2014,,,,0
19573,2015,,,,0
19573,2016,,,,0
19573,2017,,,,0
19573,2018,,,,0
19573,2019,,,,0
19573,2020,,,,0
19573,2021,,,,0
19573,2022,,,,0
19573,2023,,,,0
19573,2024,,,,0
19585,2001,,,,0
19585,2002,,,,0
19585,2003,,,,0
19585,2004,,,,0
19585,2005,,,,0
19585,2006,,,,0
19585,2007,,,,0
19585,2008,,,,0
19585,2009,,,,0
19585,2010,,,,0
19585,2011,,,,0
19585,2012,,,,0
19585,2013,,,,0
19585,2014,,,,0
19585,2015,,,,0
19585,2016,,,,0
19585,2017,,,,0
19585,2018,,,,0
19585,2019,,,,0
19585,2020,,,,0
19585,2021,,,,0
19585,2022,,,,0
19585,2023,,,,0
19585,2024,,,,0
19622,2001,,,,0
19622,2002,,,,0
19622,2003,,,,0
19622,2004,,,,0
19622,2005,,,,0
19622,2006,,,,0
19622,2007,,,,0
19622,2008,,,,0
19622,2009,,,,0
19622,2010,,,,0
19622,2011,,,,0
19622,2012,,,,0
19622,2013,,,,0
19622,2014,,,,0
19622,2015,,,,0
19622,2016,,,,0
19622,2017,,,,0
19622,2018,,,,0
19622,2019,,,,0
19622,2020,,,,0
19622,2021,,,,0
19622,2022,,,,0
19622,2023,,,,0
19622,2024,,,,0
19693,2001,,,,0
19693,2002,,,,0
19693,2003,,,,0
19693,2004,,,,0
19693,2005,,,,0
19693,2006,,,,0
19693,2007,,,,0
19693,2008,,,,0
19693,2009,,,,0
19693,2010,,,,0
19693,2011,,,,0
19693,2012,,,,0
19693,2013,,,,0
19693,2014,,,,0
19693,2015,,,,0
19693,2016,,,,0
19693,2017,,,,0
19693,2018,,,,0
19693,2019,,,,0
19693,2020,,,,0
19693,2021,,,,0
19693,2022,,,,0
19693,2023,,,,0
19693,2024,,,,0
19698,2001,,,,0
19698,2002,,,,0
19698,2003,,,,0
19698,2004,,,,0
19698,2005,,,,0
19698,2006,,,,0
19698,2007,,,,0
19698,2008,,,,0
19698,2009,,,,0
19698,2010,,,,0
19698,2011,,,,0
19698,2012,,,,0
19698,2013,,,,0
19698,2014,,,,0
19698,2015,,,,0
19698,2016,,,,0
19698,2017,,,,0
19698,2018,,,,0
19698,2019,,,,0
19698,2020,,,,0
19698,2021,,,,0
19698,2022,,,,0
19698,2023,,,,0
19698,2024,,,,0
19701,2001,,,,0
19701,2002,,,,0
19701,2003,,,,0
19701,2004,,,,0
19701,2005,,,,0
19701,2006,,,,0
19701,2007,,,,0
19701,2008,,,,0
19701,2009,,,,0
19701,2010,,,,0
19701,2011,,,,0
19701,2012,,,,0
19701,2013,,,,0
19701,2014,,,,0
19701,2015,,,,0
19701,2016,,,,0
19701,2017,,,,0
19701,2018,,,,0
19701,2019,,,,0
19701,2020,,,,0
19701,2021,,,,0
19701,2022,,,,0
19701,2023,,,,0
19701,2024,,,,0
19743,2001,,,,0
19743,2002,,,,0
19743,2003,,,,0
19743,2004,,,,0
19743,2005,,,,0
19743,2006,,,,0
19743,2007,,,,0
19743,2008,,,,0
19743,2009,,,,0
19743,2010,,,,0
19743,2011,,,,0
19743,2012,,,,0
19743,2013,,,,0
19743,2014,,,,0
19743,2015,,,,0
19743,2016,,,,0
19743,2017,,,,0
19743,2018,,,,0
19743,2019,,,,0
19743,2020,,,,0
19743,2021,,,,0
19743,2022,,,,0
19743,2023,,,,0
19743,2024,,,,0
19760,2001,,,,0
19760,2002,,,,0
19760,2003,,,,0
19760,2004,,,,0
19760,2005,,,,0
19760,2006,,,,0
19760,2007,,,,0
19760,2008,,,,0
19760,2009,,,,0
19760,2010,,,,0
19760,2011,,,,0
19760,2012,,,,0
19760,2013,,,,0
19760,2014,,,,0
19760,2015,,,,0
19760,2016,,,,0
19760,2017,,,,0
19760,2018,,,,0
19760,2019,,,,0
19760,2020,,,,0
19760,2021,,,,0
19760,2022,,,,0
19760,2023,,,,0
19760,2024,,,,0
19780,2001,,,,0
19780,2002,,,,0
19780,2003,,,,0
19780,2004,,,,0
19780,2005,,,,0
19780,2006,,,,0
19780,2007,,,,0
19780,2008,,,,0
19780,2009,,,,0
19780,2010,,,,0
19780,2011,,,,0
19780,2012,,,,0
19780,2013,,,,0
19780,2014,,,,0
19780,2015,,,,0
19780,2016,,,,0
19780,2017,,,,0
19780,2018,,,,0
19780,2019,,,,0
19780,2020,,,,0
19780,2021,,,,0
19780,2022,,,,0
19780,2023,,,,0
19780,2024,,,,0
19785,2001,,,,0
19785,2002,,,,0
19785,2003,,,,0
19785,2004,,,,0
19785,2005,,,,0
19785,2006,,,,0
19785,2007,,,,0
19785,2008,,,,0
19785,2009,,,,0
19785,2010,,,,0
19785,2011,,,,0
19785,2012,,,,0
19785,2013,,,,0
19785,2014,,,,0
19785,2015,,,,0
19785,2016,,,,0
19785,2017,,,,0
19785,2018,,,,0
19785,2019,,,,0
19785,2020,,,,0
19785,2021,,,,0
19785,2022,,,,0
19785,2023,,,,0
19785,2024,,,,0
19807,2001,,,,0
19807,2002,,,,0
19807,2003,,,,0
19807,2004,,,,0
19807,2005,,,,0
19807,2006,,,,0
19807,2007,,,,0
19807,2008,,,,0
19807,2009,,,,0
19807,2010,,,,0
19807,2011,,,,0
19807,2012,,,,0
19807,2013,,,,0
19807,2014,,,,0
19807,2015,,,,0
19807,2016,,,,0
19807,2017,,,,0
19807,2018,,,,0
19807,2019,,,,0
19807,2020,,,,0
19807,2021,,,,0
19807,2022,,,,0
19807,2023,,,,0
19807,2024,,,,0
19809,2001,,,,0
19809,2002,,,,0
19809,2003,,,,0
19809,2004,,,,0
19809,2005,,,,0
19809,2006,,,,0
19809,2007,,,,0
19809,2008,,,,0
19809,2009,,,,0
19809,2010,,,,0
19809,2011,,,,0
19809,2012,,,,0
19809,2013,,,,0
19809,2014,,,,0
19809,2015,,,,0
19809,2016,,,,0
19809,2017,,,,0
19809,2018,,,,0
19809,2019,,,,0
19809,2020,,,,0
19809,2021,,,,0
19809,2022,,,,0
19809,2023,,,,0
19809,2024,,,,0
19821,2001,,,,0
19821,2002,,,,0
19821,2003,,,,0
19821,2004,,,,0
19821,2005,,,,0
19821,2006,,,,0
19821,2007,,,,0
19821,2008,,,,0
19821,2009,,,,0
19821,2010,,,,0
19821,2011,,,,0
19821,2012,,,,0
19821,2013,,,,0
19821,2014,,,,0
19821,2015,,,,0
19821,2016,,,,0
19821,2017,,,,0
19821,2018,,,,0
19821,2019,,,,0
19821,2020,,,,0
19821,2021,,,,0
19821,2022,,,,0
19821,2023,,,,0
19821,2024,,,,0
19824,2001,,,,0
19824,2002,,,,0
19824,2003,,,,0
19824,2004,,,,0
19824,2005,,,,0
19824,2006,,,,0
19824,2007,,,,0
19824,2008,,,,0
19824,2009,,,,0
19824,2010,,,,0
19824,2011,,,,0
19824,2012,,,,0
19824,2013,,,,0
19824,2014,,,,0
19824,2015,,,,0
19824,2016,,,,0
19824,2017,,,,0
19824,2018,,,,0
19824,2019,,,,0
19824,2020,,,,0
19824,2021,,,,0
19824,2022,,,,0
19824,2023,,,,0
19824,2024,,,,0
19845,2001,,,,0
19845,2002,,,,0
19845,2003,,,,0
19845,2004,,,,0
19845,2005,,,,0
19845,2006,,,,0
19845,2007,,,,0
19845,2008,,,,0
19845,2009,,,,0
19845,2010,,,,0
19845,2011,,,,0
19845,2012,,,,0
19845,2013,,,,0
19845,2014,,,,0
19845,2015,,,,0
19845,2016,,,,0
19845,2017,,,,0
19845,2018,,,,0
19845,2019,,,,0
19845,2020,,,,0
19845,2021,,,,0
19845,2022,,,,0
19845,2023,,,,0
19845,2024,,,,0
20001,2001,,,,0
20001,2002,,,,0
20001,2003,,,,0
20001,2004,,,,0
20001,2005,,,,0
20001,2006,,,,0
20001,2007,,,,0
20001,2008,,,,0
20001,2009,,,,0
20001,2010,,,,0
20001,2011,,,,0
20001,2012,,,,0
20001,2013,,,,0
20001,2014,,,,0
20001,2015,,,,0
20001,2016,,,,0
20001,2017,,,,0
20001,2018,,,,0
20001,2019,,,,0
20001,2020,,,,0
20001,2021,,,,0
20001,2022,,,,0
20001,2023,,,,0
20001,2024,,,,0
20011,2001,,,,0
20011,2002,,,,0
20011,2003,,,,0
20011,2004,,,,0
20011,2005,,,,0
20011,2006,,,,0
20011,2007,,,,0
20011,2008,,,,0
20011,2009,,,,0
20011,2010,,,,0
20011,2011,,,,0
20011,2012,,,,0
20011,2013,,,,0
20011,2014,,,,0
20011,2015,,,,0
20011,2016,,,,0
20011,2017,,,,0
20011,2018,,,,0
20011,2019,,,,0
20011,2020,,,,0
20011,2021,,,,0
20011,2022,,,,0
20011,2023,,,,0
20011,2024,,,,0
20013,2001,,,,0
20013,2002,,,,0
20013,2003,,,,0
20013,2004,,,,0
20013,2005,,,,0
20013,2006,,,,0
20013,2007,,,,0
20013,2008,,,,0
20013,2009,,,,0
20013,2010,,,,0
20013,2011,,,,0
20013,2012,,,,0
20013,2013,,,,0
20013,2014,,,,0
20013,2015,,,,0
20013,2016,,,,0
20013,2017,,,,0
20013,2018,,,,0
20013,2019,,,,0
20013,2020,,,,0
20013,2021,,,,0
20013,2022,,,,0
20013,2023,,,,0
20013,2024,,,,0
20032,2001,,,,0
20032,2002,,,,0
20032,2003,,,,0
20032,2004,,,,0
20032,2005,,,,0
20032,2006,,,,0
20032,2007,,,,0
20032,2008,,,,0
20032,2009,,,,0
20032,2010,,,,0
20032,2011,,,,0
20032,2012,,,,0
20032,2013,,,,0
20032,2014,,,,0
20032,2015,,,,0
20032,2016,,,,0
20032,2017,,,,0
20032,2018,,,,0
20032,2019,,,,0
20032,2020,,,,0
20032,2021,,,,0
20032,2022,,,,0
20032,2023,,,,0
20032,2024,,,,0
20045,2001,,,,0
20045,2002,,,,0
20045,2003,,,,0
20045,2004,,,,0
20045,2005,,,,0
20045,2006,,,,0
20045,2007,,,,0
20045,2008,,,,0
20045,2009,,,,0
20045,2010,,,,0
20045,2011,,,,0
20045,2012,,,,0
20045,2013,,,,0
20045,2014,,,,0
20045,2015,,,,0
20045,2016,,,,0
20045,2017,,,,0
20045,2018,,,,0
20045,2019,,,,0
20045,2020,,,,0
20045,2021,,,,0
20045,2022,,,,0
20045,2023,,,,0
20045,2024,,,,0
20060,2001,,,,0
20060,2002,,,,0
20060,2003,,,,0
20060,2004,,,,0
20060,2005,,,,0
20060,2006,,,,0
20060,2007,,,,0
20060,2008,,,,0
20060,2009,,,,0
20060,2010,,,,0
20060,2011,,,,0
20060,2012,,,,0
20060,2013,,,,0
20060,2014,,,,0
20060,2015,,,,0
20060,2016,,,,0
20060,2017,,,,0
20060,2018,,,,0
20060,2019,,,,0
20060,2020,,,,0
20060,2021,,,,0
20060,2022,,,,0
20060,2023,,,,0
20060,2024,,,,0
20175,2001,,,,0
20175,2002,,,,0
20175,2003,,,,0
20175,2004,,,,0
20175,2005,,,,0
20175,2006,,,,0
20175,2007,,,,0
20175,2008,,,,0
20175,2009,,,,0
20175,2010,,,,0
20175,2011,,,,0
20175,2012,,,,0
20175,2013,,,,0
20175,2014,,,,0
20175,2015,,,,0
20175,2016,,,,0
20175,2017,,,,0
20175,2018,,,,0
20175,2019,,,,0
20175,2020,,,,0
20175,2021,,,,0
20175,2022,,,,0
20175,2023,,,,0
20175,2024,,,,0
20178,2001,,,,0
20178,2002,,,,0
20178,2003,,,,0
20178,2004,,,,0
20178,2005,,,,0
20178,2006,,,,0
20178,2007,,,,0
20178,2008,,,,0
20178,2009,,,,0
20178,2010,,,,0
20178,2011,,,,0
20178,2012,,,,0
20178,2013,,,,0
20178,2014,,,,0
20178,2015,,,,0
20178,2016,,,,0
20178,2017,,,,0
20178,2018,,,,0
20178,2019,,,,0
20178,2020,,,,0
20178,2021,,,,0
20178,2022,,,,0
20178,2023,,,,0
20178,2024,,,,0
20228,2001,,,,0
20228,2002,,,,0
20228,2003,,,,0
20228,2004,,,,0
20228,2005,,,,0
20228,2006,,,,0
20228,2007,,,,0
20228,2008,,,,0
20228,2009,,,,0
20228,2010,,,,0
20228,2011,,,,0
20228,2012,,,,0
20228,2013,,,,0
20228,2014,,,,0
20228,2015,,,,0
20228,2016,,,,0
20228,2017,,,,0
20228,2018,,,,0
20228,2019,,,,0
20228,2020,,,,0
20228,2021,,,,0
20228,2022,,,,0
20228,2023,,,,0
20228,2024,,,,0
20238,2001,,,,0
20238,2002,,,,0
20238,2003,,,,0
20238,2004,,,,0
20238,2005,,,,0
20238,2006,,,,0
20238,2007,,,,0
20238,2008,,,,0
20238,2009,,,,0
20238,2010,,,,0
20238,2011,,,,0
20238,2012,,,,0
20238,2013,,,,0
20238,2014,,,,0
20238,2015,,,,0
20238,2016,,,,0
20238,2017,,,,0
20238,2018,,,,0
20238,2019,,,,0
20238,2020,,,,0
20238,2021,,,,0
20238,2022,,,,0
20238,2023,,,,0
20238,2024,,,,0
20250,2001,,,,0
20250,2002,,,,0
20250,2003,,,,0
20250,2004,,,,0
20250,2005,,,,0
20250,2006,,,,0
20250,2007,,,,0
20250,2008,,,,0
20250,2009,,,,0
20250,2010,,,,0
20250,2011,,,,0
20250,2012,,,,0
20250,2013,,,,0
20250,2014,,,,0
20250,2015,,,,0
20250,2016,,,,0
20250,2017,,,,0
20250,2018,,,,0
20250,2019,,,,0
20250,2020,,,,0
20250,2021,,,,0
20250,2022,,,,0
20250,2023,,,,0
20250,2024,,,,0
20295,2001,,,,0
20295,2002,,,,0
20295,2003,,,,0
20295,2004,,,,0
20295,2005,,,,0
20295,2006,,,,0
20295,2007,,,,0
20295,2008,,,,0
20295,2009,,,,0
20295,2010,,,,0
20295,2011,,,,0
20295,2012,,,,0
20295,2013,,,,0
20295,2014,,,,0
20295,2015,,,,0
20295,2016,,,,0
20295,2017,,,,0
20295,2018,,,,0
20295,2019,,,,0
20295,2020,,,,0
20295,2021,,,,0
20295,2022,,,,0
20295,2023,,,,0
20295,2024,,,,0
20310,2001,,,,0
20310,2002,,,,0
20310,2003,,,,0
20310,2004,,,,0
20310,2005,,,,0
20310,2006,,,,0
20310,2007,,,,0
20310,2008,,,,0
20310,2009,,,,0
20310,2010,,,,0
20310,2011,,,,0
20310,2012,,,,0
20310,2013,,,,0
20310,2014,,,,0
20310,2015,,,,0
20310,2016,,,,0
20310,2017,,,,0
20310,2018,,,,0
20310,2019,,,,0
20310,2020,,,,0
20310,2021,,,,0
20310,2022,,,,0
20310,2023,,,,0
20310,2024,,,,0
20383,2001,,,,0
20383,2002,,,,0
20383,2003,,,,0
20383,2004,,,,0
20383,2005,,,,0
20383,2006,,,,0
20383,2007,,,,0
20383,2008,,,,0
20383,2009,,,,0
20383,2010,,,,0
20383,2011,,,,0
20383,2012,,,,0
20383,2013,,,,0
20383,2014,,,,0
20383,2015,,,,0
20383,2016,,,,0
20383,2017,,,,0
20383,2018,,,,0
20383,2019,,,,0
20383,2020,,,,0
20383,2021,,,,0
20383,2022,,,,0
20383,2023,,,,0
20383,2024,,,,0
20400,2001,,,,0
20400,2002,,,,0
20400,2003,,,,0
20400,2004,,,,0
20400,2005,,,,0
20400,2006,,,,0
20400,2007,,,,0
20400,2008,,,,0
20400,2009,,,,0
20400,2010,,,,0
20400,2011,,,,0
20400,2012,,,,0
20400,2013,,,,0
20400,2014,,,,0
20400,2015,,,,0
20400,2016,,,,0
20400,2017,,,,0
20400,2018,,,,0
20400,2019,,,,0
20400,2020,,,,0
20400,2021,,,,0
20400,2022,,,,0
20400,2023,,,,0
20400,2024,,,,0
20443,2001,,,,0
20443,2002,,,,0
20443,2003,,,,0
20443,2004,,,,0
20443,2005,,,,0
20443,2006,,,,0
20443,2007,,,,0
20443,2008,,,,0
20443,2009,,,,0
20443,2010,,,,0
20443,2011,,,,0
20443,2012,,,,0
20443,2013,,,,0
20443,2014,,,,0
20443,2015,,,,0
20443,2016,,,,0
20443,2017,,,,0
20443,2018,,,,0
20443,2019,,,,0
20443,2020,,,,0
20443,2021,,,,0
20443,2022,,,,0
20443,2023,,,,0
20443,2024,,,,0
20517,2001,,,,0
20517,2002,,,,0
20517,2003,,,,0
20517,2004,,,,0
20517,2005,,,,0
20517,2006,,,,0
20517,2007,,,,0
20517,2008,,,,0
20517,2009,,,,0
20517,2010,,,,0
20517,2011,,,,0
20517,2012,,,,0
20517,2013,,,,0
20517,2014,,,,0
20517,2015,,,,0
20517,2016,,,,0
20517,2017,,,,0
20517,2018,,,,0
20517,2019,,,,0
20517,2020,,,,0
20517,2021,,,,0
20517,2022,,,,0
20517,2023,,,,0
20517,2024,,,,0
20550,2001,,,,0
20550,2002,,,,0
20550,2003,,,,0
20550,2004,,,,0
20550,2005,,,,0
20550,2006,,,,0
20550,2007,,,,0
20550,2008,,,,0
20550,2009,,,,0
20550,2010,,,,0
20550,2011,,,,0
20550,2012,,,,0
20550,2013,,,,0
20550,2014,,,,0
20550,2015,,,,0
20550,2016,,,,0
20550,2017,,,,0
20550,2018,,,,0
20550,2019,,,,0
20550,2020,,,,0
20550,2021,,,,0
20550,2022,,,,0
20550,2023,,,,0
20550,2024,,,,0
20570,2001,,,,0
20570,2002,,,,0
20570,2003,,,,0
20570,2004,,,,0
20570,2005,,,,0
20570,2006,,,,0
20570,2007,,,,0
20570,2008,,,,0
20570,2009,,,,0
20570,2010,,,,0
20570,2011,,,,0
20570,2012,,,,0
20570,2013,,,,0
20570,2014,,,,0
20570,2015,,,,0
20570,2016,,,,0
20570,2017,,,,0
20570,2018,,,,0
20570,2019,,,,0
20570,2020,,,,0
20570,2021,,,,0
20570,2022,,,,0
20570,2023,,,,0
20570,2024,,,,0
20614,2001,,,,0
20614,2002,,,,0
20614,2003,,,,0
20614,2004,,,,0
20614,2005,,,,0
20614,2006,,,,0
20614,2007,,,,0
20614,2008,,,,0
20614,2009,,,,0
20614,2010,,,,0
20614,2011,,,,0
20614,2012,,,,0
20614,2013,,,,0
20614,2014,,,,0
20614,2015,,,,0
20614,2016,,,,0
20614,2017,,,,0
20614,2018,,,,0
20614,2019,,,,0
20614,2020,,,,0
20614,2021,,,,0
20614,2022,,,,0
20614,2023,,,,0
20614,2024,,,,0
20621,2001,,,,0
20621,2002,,,,0
20621,2003,,,,0
20621,2004,,,,0
20621,2005,,,,0
20621,2006,,,,0
20621,2007,,,,0
20621,2008,,,,0
20621,2009,,,,0
20621,2010,,,,0
20621,2011,,,,0
20621,2012,,,,0
20621,2013,,,,0
20621,2014,,,,0
20621,2015,,,,0
20621,2016,,,,0
20621,2017,,,,0
20621,2018,,,,0
20621,2019,,,,0
20621,2020,,,,0
20621,2021,,,,0
20621,2022,,,,0
20621,2023,,,,0
20621,2024,,,,0
20710,2001,,,,0
20710,2002,,,,0
20710,2003,,,,0
20710,2004,,,,0
20710,2005,,,,0
20710,2006,,,,0
20710,2007,,,,0
20710,2008,,,,0
20710,2009,,,,0
20710,2010,,,,0
20710,2011,,,,0
20710,2012,,,,0
20710,2013,,,,0
20710,2014,,,,0
20710,2015,,,,0
20710,2016,,,,0
20710,2017,,,,0
20710,2018,,,,0
20710,2019,,,,0
20710,2020,,,,0
20710,2021,,,,0
20710,2022,,,,0
20710,2023,,,,0
20710,2024,,,,0
20750,2001,,,,0
20750,2002,,,,0
20750,2003,,,,0
20750,2004,,,,0
20750,2005,,,,0
20750,2006,,,,0
20750,2007,,,,0
20750,2008,,,,0
20750,2009,,,,0
20750,2010,,,,0
20750,2011,,,,0
20750,2012,,,,0
20750,2013,,,,0
20750,2014,,,,0
20750,2015,,,,0
20750,2016,,,,0
20750,2017,,,,0
20750,2018,,,,0
20750,2019,,,,0
20750,2020,,,,0
20750,2021,,,,0
20750,2022,,,,0
20750,2023,,,,0
20750,2024,,,,0
20770,2001,,,,0
20770,2002,,,,0
20770,2003,,,,0
20770,2004,,,,0
20770,2005,,,,0
20770,2006,,,,0
20770,2007,,,,0
20770,2008,,,,0
20770,2009,,,,0
20770,2010,,,,0
20770,2011,,,,0
20770,2012,,,,0
20770,2013,,,,0
20770,2014,,,,0
20770,2015,,,,0
20770,2016,,,,0
20770,2017,,,,0
20770,2018,,,,0
20770,2019,,,,0
20770,2020,,,,0
20770,2021,,,,0
20770,2022,,,,0
20770,2023,,,,0
20770,2024,,,,0
20787,2001,,,,0
20787,2002,,,,0
20787,2003,,,,0
20787,2004,,,,0
20787,2005,,,,0
20787,2006,,,,0
20787,2007,,,,0
20787,2008,,,,0
20787,2009,,,,0
20787,2010,,,,0
20787,2011,,,,0
20787,2012,,,,0
20787,2013,,,,0
20787,2014,,,,0
20787,2015,,,,0
20787,2016,,,,0
20787,2017,,,,0
20787,2018,,,,0
20787,2019,,,,0
20787,2020,,,,0
20787,2021,,,,0
20787,2022,,,,0
20787,2023,,,,0
20787,2024,,,,0
23001,2001,,,,0
23001,2002,,,,0
23001,2003,,,,0
23001,2004,,,,0
23001,2005,,,,0
23001,2006,,,,0
23001,2007,,,,0
23001,2008,,,,0
23001,2009,,,,0
23001,2010,,,,0
23001,2011,,,,0
23001,2012,,,,0
23001,2013,,,,0
23001,2014,,,,0
23001,2015,,,,0
23001,2016,,,,0
23001,2017,,,,0
23001,2018,,,,0
23001,2019,,,,0
23001,2020,,,,0
23001,2021,,,,0
23001,2022,,,,0
23001,2023,,,,0
23001,2024,,,,0
23068,2001,,,,0
23068,2002,,,,0
23068,2003,,,,0
23068,2004,,,,0
23068,2005,,,,0
23068,2006,,,,0
23068,2007,,,,0
23068,2008,,,,0
23068,2009,,,,0
23068,2010,,,,0
23068,2011,,,,0
23068,2012,,,,0
23068,2013,,,,0
23068,2014,,,,0
23068,2015,,,,0
23068,2016,,,,0
23068,2017,,,,0
23068,2018,,,,0
23068,2019,,,,0
23068,2020,,,,0
23068,2021,,,,0
23068,2022,,,,0
23068,2023,,,,0
23068,2024,,,,0
23079,2001,,,,0
23079,2002,,,,0
23079,2003,,,,0
23079,2004,,,,0
23079,2005,,,,0
23079,2006,,,,0
23079,2007,,,,0
23079,2008,,,,0
23079,2009,,,,0
23079,2010,,,,0
23079,2011,,,,0
23079,2012,,,,0
23079,2013,,,,0
23079,2014,,,,0
23079,2015,,,,0
23079,2016,,,,0
23079,2017,,,,0
23079,2018,,,,0
23079,2019,,,,0
23079,2020,,,,0
23079,2021,,,,0
23079,2022,,,,0
23079,2023,,,,0
23079,2024,,,,0
23090,2001,,,,0
23090,2002,,,,0
23090,2003,,,,0
23090,2004,,,,0
23090,2005,,,,0
23090,2006,,,,0
23090,2007,,,,0
23090,2008,,,,0
23090,2009,,,,0
23090,2010,,,,0
23090,2011,,,,0
23090,2012,,,,0
23090,2013,,,,0
23090,2014,,,,0
23090,2015,,,,0
23090,2016,,,,0
23090,2017,,,,0
23090,2018,,,,0
23090,2019,,,,0
23090,2020,,,,0
23090,2021,,,,0
23090,2022,,,,0
23090,2023,,,,0
23090,2024,,,,0
23162,2001,,,,0
23162,2002,,,,0
23162,2003,,,,0
23162,2004,,,,0
23162,2005,,,,0
23162,2006,,,,0
23162,2007,,,,0
23162,2008,,,,0
23162,2009,,,,0
23162,2010,,,,0
23162,2011,,,,0
23162,2012,,,,0
23162,2013,,,,0
23162,2014,,,,0
23162,2015,,,,0
23162,2016,,,,0
23162,2017,,,,0
23162,2018,,,,0
23162,2019,,,,0
23162,2020,,,,0
23162,2021,,,,0
23162,2022,,,,0
23162,2023,,,,0
23162,2024,,,,0
23168,2001,,,,0
23168,2002,,,,0
23168,2003,,,,0
23168,2004,,,,0
23168,2005,,,,0
23168,2006,,,,0
23168,2007,,,,0
23168,2008,,,,0
23168,2009,,,,0
23168,2010,,,,0
23168,2011,,,,0
23168,2012,,,,0
23168,2013,,,,0
23168,2014,,,,0
23168,2015,,,,0
23168,2016,,,,0
23168,2017,,,,0
23168,2018,,,,0
23168,2019,,,,0
23168,2020,,,,0
23168,2021,,,,0
23168,2022,,,,0
23168,2023,,,,0
23168,2024,,,,0
23182,2001,,,,0
23182,2002,,,,0
23182,2003,,,,0
23182,2004,,,,0
23182,2005,,,,0
23182,2006,,,,0
23182,2007,,,,0
23182,2008,,,,0
23182,2009,,,,0
23182,2010,,,,0
23182,2011,,,,0
23182,2012,,,,0
23182,2013,,,,0
23182,2014,,,,0
23182,2015,,,,0
23182,2016,,,,0
23182,2017,,,,0
23182,2018,,,,0
23182,2019,,,,0
23182,2020,,,,0
23182,2021,,,,0
23182,2022,,,,0
23182,2023,,,,0
23182,2024,,,,0
23189,2001,,,,0
23189,2002,,,,0
23189,2003,,,,0
23189,2004,,,,0
23189,2005,,,,0
23189,2006,,,,0
23189,2007,,,,0
23189,2008,,,,0
23189,2009,,,,0
23189,2010,,,,0
23189,2011,,,,0
23189,2012,,,,0
23189,2013,,,,0
23189,2014,,,,0
23189,2015,,,,0
23189,2016,,,,0
23189,2017,,,,0
23189,2018,,,,0
23189,2019,,,,0
23189,2020,,,,0
23189,2021,,,,0
23189,2022,,,,0
23189,2023,,,,0
23189,2024,,,,0
23300,2001,,,,0
23300,2002,,,,0
23300,2003,,,,0
23300,2004,,,,0
23300,2005,,,,0
23300,2006,,,,0
23300,2007,,,,0
23300,2008,,,,0
23300,2009,,,,0
23300,2010,,,,0
23300,2011,,,,0
23300,2012,,,,0
23300,2013,,,,0
23300,2014,,,,0
23300,2015,,,,0
23300,2016,,,,0
23300,2017,,,,0
23300,2018,,,,0
23300,2019,,,,0
23300,2020,,,,0
23300,2021,,,,0
23300,2022,,,,0
23300,2023,,,,0
23300,2024,,,,0
23350,2001,,,,0
23350,2002,,,,0
23350,2003,,,,0
23350,2004,,,,0
23350,2005,,,,0
23350,2006,,,,0
23350,2007,,,,0
23350,2008,,,,0
23350,2009,,,,0
23350,2010,,,,0
23350,2011,,,,0
23350,2012,,,,0
23350,2013,,,,0
23350,2014,,,,0
23350,2015,,,,0
23350,2016,,,,0
23350,2017,,,,0
23350,2018,,,,0
23350,2019,,,,0
23350,2020,,,,0
23350,2021,,,,0
23350,2022,,,,0
23350,2023,,,,0
23350,2024,,,,0
23417,2001,,,,0
23417,2002,,,,0
23417,2003,,,,0
23417,2004,,,,0
23417,2005,,,,0
23417,2006,,,,0
23417,2007,,,,0
23417,2008,,,,0
23417,2009,,,,0
23417,2010,,,,0
23417,2011,,,,0
23417,2012,,,,0
23417,2013,,,,0
23417,2014,,,,0
23417,2015,,,,0
23417,2016,,,,0
23417,2017,,,,0
23417,2018,,,,0
23417,2019,,,,0
23417,2020,,,,0
23417,2021,,,,0
23417,2022,,,,0
23417,2023,,,,0
23417,2024,,,,0
23419,2001,,,,0
23419,2002,,,,0
23419,2003,,,,0
23419,2004,,,,0
23419,2005,,,,0
23419,2006,,,,0
23419,2007,,,,0
23419,2008,,,,0
23419,2009,,,,0
23419,2010,,,,0
23419,2011,,,,0
23419,2012,,,,0
23419,2013,,,,0
23419,2014,,,,0
23419,2015,,,,0
23419,2016,,,,0
23419,2017,,,,0
23419,2018,,,,0
23419,2019,,,,0
23419,2020,,,,0
23419,2021,,,,0
23419,2022,,,,0
23419,2023,,,,0
23419,2024,,,,0
23464,2001,,,,0
23464,2002,,,,0
23464,2003,,,,0
23464,2004,,,,0
23464,2005,,,,0
23464,2006,,,,0
23464,2007,,,,0
23464,2008,,,,0
23464,2009,,,,0
23464,2010,,,,0
23464,2011,,,,0
23464,2012,,,,0
23464,2013,,,,0
23464,2014,,,,0
23464,2015,,,,0
23464,2016,,,,0
23464,2017,,,,0
23464,2018,,,,0
23464,2019,,,,0
23464,2020,,,,0
23464,2021,,,,0
23464,2022,,,,0
23464,2023,,,,0
23464,2024,,,,0
23466,2001,,,,0
23466,2002,,,,0
23466,2003,,,,0
23466,2004,,,,0
23466,2005,,,,0
23466,2006,,,,0
23466,2007,,,,0
23466,2008,,,,0
23466,2009,,,,0
23466,2010,,,,0
23466,2011,,,,0
23466,2012,,,,0
23466,2013,,,,0
23466,2014,,,,0
23466,2015,,,,0
23466,2016,,,,0
23466,2017,,,,0
23466,2018,,,,0
23466,2019,,,,0
23466,2020,,,,0
23466,2021,,,,0
23466,2022,,,,0
23466,2023,,,,0
23466,2024,,,,0
23500,2001,,,,0
23500,2002,,,,0
23500,2003,,,,0
23500,2004,,,,0
23500,2005,,,,0
23500,2006,,,,0
23500,2007,,,,0
23500,2008,,,,0
23500,2009,,,,0
23500,2010,,,,0
23500,2011,,,,0
23500,2012,,,,0
23500,2013,,,,0
23500,2014,,,,0
23500,2015,,,,1
23500,2016,,,,1
23500,2017,,,,1
23500,2018,,,,1
23500,2019,,,,1
23500,2020,,,,1
23500,2021,,,,1
23500,2022,,,,1
23500,2023,,,,1
23500,2024,,,,1
23555,2001,,,,0
23555,2002,,,,0
23555,2003,,,,0
23555,2004,,,,0
23555,2005,,,,0
23555,2006,,,,0
23555,2007,,,,0
23555,2008,,,,0
23555,2009,,,,0
23555,2010,,,,0
23555,2011,,,,0
23555,2012,,,,0
23555,2013,,,,0
23555,2014,,,,0
23555,2015,,,,0
23555,2016,,,,0
23555,2017,,,,0
23555,2018,,,,0
23555,2019,,,,0
23555,2020,,,,0
23555,2021,,,,0
23555,2022,,,,0
23555,2023,,,,0
23555,2024,,,,0
23570,2001,,,,0
23570,2002,,,,0
23570,2003,,,,0
23570,2004,,,,0
23570,2005,,,,0
23570,2006,,,,0
23570,2007,,,,0
23570,2008,,,,0
23570,2009,,,,0
23570,2010,,,,0
23570,2011,,,,0
23570,2012,,,,0
23570,2013,,,,0
23570,2014,,,,0
23570,2015,,,,0
23570,2016,,,,0
23570,2017,,,,0
23570,2018,,,,0
23570,2019,,,,0
23570,2020,,,,0
23570,2021,,,,0
23570,2022,,,,0
23570,2023,,,,0
23570,2024,,,,0
23574,2001,,,,0
23574,2002,,,,0
23574,2003,,,,0
23574,2004,,,,0
23574,2005,,,,0
23574,2006,,,,0
23574,2007,,,,0
23574,2008,,,,0
23574,2009,,,,0
23574,2010,,,,0
23574,2011,,,,0
23574,2012,,,,0
23574,2013,,,,0
23574,2014,,,,0
23574,2015,,,,1
23574,2016,,,,1
23574,2017,,,,1
23574,2018,,,,1
23574,2019,,,,1
23574,2020,,,,1
23574,2021,,,,1
23574,2022,,,,1
23574,2023,,,,1
23574,2024,,,,1
23580,2001,,,,0
23580,2002,,,,0
23580,2003,,,,0
23580,2004,,,,0
23580,2005,,,,0
23580,2006,,,,0
23580,2007,,,,0
23580,2008,,,,0
23580,2009,,,,0
23580,2010,,,,0
23580,2011,,,,0
23580,2012,,,,0
23580,2013,,,,0
23580,2014,,,,0
23580,2015,,,,0
23580,2016,,,,0
23580,2017,,,,0
23580,2018,,,,0
23580,2019,,,,0
23580,2020,,,,0
23580,2021,,,,0
23580,2022,,,,0
23580,2023,,,,0
23580,2024,,,,0
23586,2001,,,,0
23586,2002,,,,0
23586,2003,,,,0
23586,2004,,,,0
23586,2005,,,,0
23586,2006,,,,0
23586,2007,,,,0
23586,2008,,,,0
23586,2009,,,,0
23586,2010,,,,0
23586,2011,,,,0
23586,2012,,,,0
23586,2013,,,,0
23586,2014,,,,0
23586,2015,,,,0
23586,2016,,,,0
23586,2017,,,,0
23586,2018,,,,0
23586,2019,,,,0
23586,2020,,,,0
23586,2021,,,,0
23586,2022,,,,0
23586,2023,,,,0
23586,2024,,,,0
23660,2001,,,,0
23660,2002,,,,0
23660,2003,,,,0
23660,2004,,,,0
23660,2005,,,,0
23660,2006,,,,0
23660,2007,,,,0
23660,2008,,,,0
23660,2009,,,,0
23660,2010,,,,0
23660,2011,,,,0
23660,2012,,,,0
23660,2013,,,,0
23660,2014,,,,0
23660,2015,,,,0
23660,2016,,,,0
23660,2017,,,,0
23660,2018,,,,0
23660,2019,,,,0
23660,2020,,,,0
23660,2021,,,,0
23660,2022,,,,0
23660,2023,,,,0
23660,2024,,,,0
23670,2001,,,,0
23670,2002,,,,0
23670,2003,,,,0
23670,2004,,,,0
23670,2005,,,,0
23670,2006,,,,0
23670,2007,,,,0
23670,2008,,,,0
23670,2009,,,,0
23670,2010,,,,0
23670,2011,,,,0
23670,2012,,,,0
23670,2013,,,,0
23670,2014,,,,0
23670,2015,,,,0
23670,2016,,,,0
23670,2017,,,,0
23670,2018,,,,0
23670,2019,,,,0
23670,2020,,,,0
23670,2021,,,,0
23670,2022,,,,0
23670,2023,,,,0
23670,2024,,,,0
23672,2001,,,,0
23672,2002,,,,0
23672,2003,,,,0
23672,2004,,,,0
23672,2005,,,,0
23672,2006,,,,0
23672,2007,,,,0
23672,2008,,,,0
23672,2009,,,,0
23672,2010,,,,0
23672,2011,,,,0
23672,2012,,,,0
23672,2013,,,,0
23672,2014,,,,0
23672,2015,,,,1
23672,2016,,,,1
23672,2017,,,,1
23672,2018,,,,1
23672,2019,,,,1
23672,2020,,,,1
23672,2021,,,,1
23672,2022,,,,1
23672,2023,,,,1
23672,2024,,,,1
23675,2001,,,,0
23675,2002,,,,0
23675,2003,,,,0
23675,2004,,,,0
23675,2005,,,,0
23675,2006,,,,0
23675,2007,,,,0
23675,2008,,,,0
23675,2009,,,,0
23675,2010,,,,0
23675,2011,,,,0
23675,2012,,,,0
23675,2013,,,,0
23675,2014,,,,0
23675,2015,,,,1
23675,2016,,,,1
23675,2017,,,,1
23675,2018,,,,1
23675,2019,,,,1
23675,2020,,,,1
23675,2021,,,,1
23675,2022,,,,1
23675,2023,,,,1
23675,2024,,,,1
23678,2001,,,,0
23678,2002,,,,0
23678,2003,,,,0
23678,2004,,,,0
23678,2005,,,,0
23678,2006,,,,0
23678,2007,,,,0
23678,2008,,,,0
23678,2009,,,,0
23678,2010,,,,0
23678,2011,,,,0
23678,2012,,,,0
23678,2013,,,,0
23678,2014,,,,0
23678,2015,,,,0
23678,2016,,,,0
23678,2017,,,,0
23678,2018,,,,0
23678,2019,,,,0
23678,2020,,,,0
23678,2021,,,,0
23678,2022,,,,0
23678,2023,,,,0
23678,2024,,,,0
23682,2001,,,,0
23682,2002,,,,0
23682,2003,,,,0
23682,2004,,,,0
23682,2005,,,,0
23682,2006,,,,0
23682,2007,,,,0
23682,2008,,,,0
23682,2009,,,,0
23682,2010,,,,0
23682,2011,,,,0
23682,2012,,,,0
23682,2013,,,,0
23682,2014,,,,0
23682,2015,,,,0
23682,2016,,,,0
23682,2017,,,,0
23682,2018,,,,0
23682,2019,,,,0
23682,2020,,,,0
23682,2021,,,,0
23682,2022,,,,0
23682,2023,,,,0
23682,2024,,,,0
23686,2001,,,,0
23686,2002,,,,0
23686,2003,,,,0
23686,2004,,,,0
23686,2005,,,,0
23686,2006,,,,0
23686,2007,,,,0
23686,2008,,,,0
23686,2009,,,,0
23686,2010,,,,0
23686,2011,,,,0
23686,2012,,,,0
23686,2013,,,,0
23686,2014,,,,0
23686,2015,,,,0
23686,2016,,,,0
23686,2017,,,,0
23686,2018,,,,0
23686,2019,,,,0
23686,2020,,,,0
23686,2021,,,,0
23686,2022,,,,0
23686,2023,,,,0
23686,2024,,,,0
23807,2001,,,,0
23807,2002,,,,0
23807,2003,,,,0
23807,2004,,,,0
23807,2005,,,,0
23807,2006,,,,0
23807,2007,,,,0
23807,2008,,,,0
23807,2009,,,,0
23807,2010,,,,0
23807,2011,,,,0
23807,2012,,,,0
23807,2013,,,,0
23807,2014,,,,0
23807,2015,,,,0
23807,2016,,,,0
23807,2017,,,,0
23807,2018,,,,0
23807,2019,,,,0
23807,2020,,,,0
23807,2021,,,,0
23807,2022,,,,0
23807,2023,,,,0
23807,2024,,,,0
23815,2001,,,,0
23815,2002,,,,0
23815,2003,,,,0
23815,2004,,,,0
23815,2005,,,,0
23815,2006,,,,0
23815,2007,,,,0
23815,2008,,,,0
23815,2009,,,,0
23815,2010,,,,0
23815,2011,,,,0
23815,2012,,,,0
23815,2013,,,,0
23815,2014,,,,0
23815,2015,,,,0
23815,2016,,,,0
23815,2017,,,,0
23815,2018,,,,0
23815,2019,,,,0
23815,2020,,,,0
23815,2021,,,,0
23815,2022,,,,0
23815,2023,,,,0
23815,2024,,,,0
23855,2001,,,,0
23855,2002,,,,0
23855,2003,,,,0
23855,2004,,,,0
23855,2005,,,,0
23855,2006,,,,0
23855,2007,,,,0
23855,2008,,,,0
23855,2009,,,,0
23855,2010,,,,0
23855,2011,,,,0
23855,2012,,,,0
23855,2013,,,,0
23855,2014,,,,0
23855,2015,,,,0
23855,2016,,,,0
23855,2017,,,,0
23855,2018,,,,0
23855,2019,,,,0
23855,2020,,,,0
23855,2021,,,,0
23855,2022,,,,0
23855,2023,,,,0
23855,2024,,,,0
25001,2001,,,,0
25001,2002,,,,0
25001,2003,,,,0
25001,2004,,,,0
25001,2005,,,,0
25001,2006,,,,0
25001,2007,,,,0
25001,2008,,,,0
25001,2009,,,,0
25001,2010,,,,0
25001,2011,,,,0
25001,2012,,,,0
25001,2013,,,,0
25001,2014,,,,0
25001,2015,,,,0
25001,2016,,,,0
25001,2017,,,,0
25001,2018,,,,0
25001,2019,,,,0
25001,2020,,,,0
25001,2021,,,,0
25001,2022,,,,0
25001,2023,,,,0
25001,2024,,,,0
25019,2001,,,,0
25019,2002,,,,0
25019,2003,,,,0
25019,2004,,,,0
25019,2005,,,,0
25019,2006,,,,0
25019,2007,,,,0
25019,2008,,,,0
25019,2009,,,,0
25019,2010,,,,0
25019,2011,,,,0
25019,2012,,,,0
25019,2013,,,,0
25019,2014,,,,0
25019,2015,,,,0
25019,2016,,,,0
25019,2017,,,,0
25019,2018,,,,0
25019,2019,,,,0
25019,2020,,,,0
25019,2021,,,,0
25019,2022,,,,0
25019,2023,,,,0
25019,2024,,,,0
25035,2001,,,,0
25035,2002,,,,0
25035,2003,,,,0
25035,2004,,,,0
25035,2005,,,,0
25035,2006,,,,0
25035,2007,,,,0
25035,2008,,,,0
25035,2009,,,,0
25035,2010,,,,0
25035,2011,,,,0
25035,2012,,,,0
25035,2013,,,,0
25035,2014,,,,0
25035,2015,,,,0
25035,2016,,,,0
25035,2017,,,,0
25035,2018,,,,0
25035,2019,,,,0
25035,2020,,,,0
25035,2021,,,,0
25035,2022,,,,0
25035,2023,,,,0
25035,2024,,,,0
25040,2001,,,,0
25040,2002,,,,0
25040,2003,,,,0
25040,2004,,,,0
25040,2005,,,,0
25040,2006,,,,0
25040,2007,,,,0
25040,2008,,,,0
25040,2009,,,,0
25040,2010,,,,0
25040,2011,,,,0
25040,2012,,,,0
25040,2013,,,,0
25040,2014,,,,0
25040,2015,,,,0
25040,2016,,,,0
25040,2017,,,,0
25040,2018,,,,0
25040,2019,,,,0
25040,2020,,,,0
25040,2021,,,,0
25040,2022,,,,0
25040,2023,,,,0
25040,2024,,,,0
25053,2001,,,,0
25053,2002,,,,0
25053,2003,,,,0
25053,2004,,,,0
25053,2005,,,,0
25053,2006,,,,0
25053,2007,,,,0
25053,2008,,,,0
25053,2009,,,,0
25053,2010,,,,0
25053,2011,,,,0
25053,2012,,,,0
25053,2013,,,,0
25053,2014,,,,0
25053,2015,,,,0
25053,2016,,,,0
25053,2017,,,,0
25053,2018,,,,0
25053,2019,,,,0
25053,2020,,,,0
25053,2021,,,,0
25053,2022,,,,0
25053,2023,,,,0
25053,2024,,,,0
25086,2001,,,,0
25086,2002,,,,0
25086,2003,,,,0
25086,2004,,,,0
25086,2005,,,,0
25086,2006,,,,0
25086,2007,,,,0
25086,2008,,,,0
25086,2009,,,,0
25086,2010,,,,0
25086,2011,,,,0
25086,2012,,,,0
25086,2013,,,,0
25086,2014,,,,0
25086,2015,,,,0
25086,2016,,,,0
25086,2017,,,,0
25086,2018,,,,0
25086,2019,,,,0
25086,2020,,,,0
25086,2021,,,,0
25086,2022,,,,0
25086,2023,,,,0
25086,2024,,,,0
25095,2001,,,,0
25095,2002,,,,0
25095,2003,,,,0
25095,2004,,,,0
25095,2005,,,,0
25095,2006,,,,0
25095,2007,,,,0
25095,2008,,,,0
25095,2009,,,,0
25095,2010,,,,0
25095,2011,,,,0
25095,2012,,,,0
25095,2013,,,,0
25095,2014,,,,0
25095,2015,,,,0
25095,2016,,,,0
25095,2017,,,,0
25095,2018,,,,0
25095,2019,,,,0
25095,2020,,,,0
25095,2021,,,,0
25095,2022,,,,0
25095,2023,,,,0
25095,2024,,,,0
25099,2001,,,,0
25099,2002,,,,0
25099,2003,,,,0
25099,2004,,,,0
25099,2005,,,,0
25099,2006,,,,0
25099,2007,,,,0
25099,2008,,,,0
25099,2009,,,,0
25099,2010,,,,0
25099,2011,,,,0
25099,2012,,,,0
25099,2013,,,,0
25099,2014,,,,0
25099,2015,,,,0
25099,2016,,,,0
25099,2017,,,,0
25099,2018,,,,0
25099,2019,,,,0
25099,2020,,,,0
25099,2021,,,,0
25099,2022,,,,0
25099,2023,,,,0
25099,2024,,,,0
25120,2001,,,,0
25120,2002,,,,0
25120,2003,,,,0
25120,2004,,,,0
25120,2005,,,,0
25120,2006,,,,0
25120,2007,,,,0
25120,2008,,,,0
25120,2009,,,,0
25120,2010,,,,0
25120,2011,,,,0
25120,2012,,,,0
25120,2013,,,,0
25120,2014,,,,0
25120,2015,,,,0
25120,2016,,,,0
25120,2017,,,,0
25120,2018,,,,0
25120,2019,,,,0
25120,2020,,,,0
25120,2021,,,,0
25120,2022,,,,0
25120,2023,,,,0
25120,2024,,,,0
25123,2001,,,,0
25123,2002,,,,0
25123,2003,,,,0
25123,2004,,,,0
25123,2005,,,,0
25123,2006,,,,0
25123,2007,,,,0
25123,2008,,,,0
25123,2009,,,,0
25123,2010,,,,0
25123,2011,,,,0
25123,2012,,,,0
25123,2013,,,,0
25123,2014,,,,0
25123,2015,,,,0
25123,2016,,,,0
25123,2017,,,,0
25123,2018,,,,0
25123,2019,,,,0
25123,2020,,,,0
25123,2021,,,,0
25123,2022,,,,0
25123,2023,,,,0
25123,2024,,,,0
25126,2001,,,,0
25126,2002,,,,0
25126,2003,,,,0
25126,2004,,,,0
25126,2005,,,,0
25126,2006,,,,0
25126,2007,,,,0
25126,2008,,,,0
25126,2009,,,,0
25126,2010,,,,0
25126,2011,,,,0
25126,2012,,,,0
25126,2013,,,,0
25126,2014,,,,0
25126,2015,,,,0
25126,2016,,,,0
25126,2017,,,,0
25126,2018,,,,0
25126,2019,,,,0
25126,2020,,,,0
25126,2021,,,,0
25126,2022,,,,0
25126,2023,,,,0
25126,2024,,,,0
25148,2001,,,,0
25148,2002,,,,0
25148,2003,,,,0
25148,2004,,,,0
25148,2005,,,,0
25148,2006,,,,0
25148,2007,,,,0
25148,2008,,,,0
25148,2009,,,,0
25148,2010,,,,0
25148,2011,,,,0
25148,2012,,,,0
25148,2013,,,,0
25148,2014,,,,0
25148,2015,,,,0
25148,2016,,,,0
25148,2017,,,,0
25148,2018,,,,0
25148,2019,,,,0
25148,2020,,,,0
25148,2021,,,,0
25148,2022,,,,0
25148,2023,,,,0
25148,2024,,,,0
25151,2001,,,,0
25151,2002,,,,0
25151,2003,,,,0
25151,2004,,,,0
25151,2005,,,,0
25151,2006,,,,0
25151,2007,,,,0
25151,2008,,,,0
25151,2009,,,,0
25151,2010,,,,0
25151,2011,,,,0
25151,2012,,,,0
25151,2013,,,,0
25151,2014,,,,0
25151,2015,,,,0
25151,2016,,,,0
25151,2017,,,,0
25151,2018,,,,0
25151,2019,,,,0
25151,2020,,,,0
25151,2021,,,,0
25151,2022,,,,0
25151,2023,,,,0
25151,2024,,,,0
25154,2001,,,,0
25154,2002,,,,0
25154,2003,,,,0
25154,2004,,,,0
25154,2005,,,,0
25154,2006,,,,0
25154,2007,,,,0
25154,2008,,,,0
25154,2009,,,,0
25154,2010,,,,0
25154,2011,,,,0
25154,2012,,,,0
25154,2013,,,,0
25154,2014,,,,0
25154,2015,,,,0
25154,2016,,,,0
25154,2017,,,,0
25154,2018,,,,0
25154,2019,,,,0
25154,2020,,,,0
25154,2021,,,,0
25154,2022,,,,0
25154,2023,,,,0
25154,2024,,,,0
25168,2001,,,,0
25168,2002,,,,0
25168,2003,,,,0
25168,2004,,,,0
25168,2005,,,,0
25168,2006,,,,0
25168,2007,,,,0
25168,2008,,,,0
25168,2009,,,,0
25168,2010,,,,0
25168,2011,,,,0
25168,2012,,,,0
25168,2013,,,,0
25168,2014,,,,0
25168,2015,,,,0
25168,2016,,,,0
25168,2017,,,,0
25168,2018,,,,0
25168,2019,,,,0
25168,2020,,,,0
25168,2021,,,,0
25168,2022,,,,0
25168,2023,,,,0
25168,2024,,,,0
25175,2001,,,,0
25175,2002,,,,0
25175,2003,,,,0
25175,2004,,,,0
25175,2005,,,,0
25175,2006,,,,0
25175,2007,,,,0
25175,2008,,,,0
25175,2009,,,,0
25175,2010,,,,0
25175,2011,,,,0
25175,2012,,,,0
25175,2013,,,,0
25175,2014,,,,0
25175,2015,,,,0
25175,2016,,,,0
25175,2017,,,,0
25175,2018,,,,0
25175,2019,,,,0
25175,2020,,,,0
25175,2021,,,,0
25175,2022,,,,0
25175,2023,,,,0
25175,2024,,,,0
25178,2001,,,,0
25178,2002,,,,0
25178,2003,,,,0
25178,2004,,,,0
25178,2005,,,,0
25178,2006,,,,0
25178,2007,,,,0
25178,2008,,,,0
25178,2009,,,,0
25178,2010,,,,0
25178,2011,,,,0
25178,2012,,,,0
25178,2013,,,,0
25178,2014,,,,0
25178,2015,,,,0
25178,2016,,,,0
25178,2017,,,,0
25178,2018,,,,0
25178,2019,,,,0
25178,2020,,,,0
25178,2021,,,,0
25178,2022,,,,0
25178,2023,,,,0
25178,2024,,,,0
25181,2001,,,,0
25181,2002,,,,0
25181,2003,,,,0
25181,2004,,,,0
25181,2005,,,,0
25181,2006,,,,0
25181,2007,,,,0
25181,2008,,,,0
25181,2009,,,,0
25181,2010,,,,0
25181,2011,,,,0
25181,2012,,,,0
25181,2013,,,,0
25181,2014,,,,0
25181,2015,,,,0
25181,2016,,,,0
25181,2017,,,,0
25181,2018,,,,0
25181,2019,,,,0
25181,2020,,,,0
25181,2021,,,,0
25181,2022,,,,0
25181,2023,,,,0
25181,2024,,,,0
25183,2001,,,,0
25183,2002,,,,0
25183,2003,,,,0
25183,2004,,,,0
25183,2005,,,,0
25183,2006,,,,0
25183,2007,,,,0
25183,2008,,,,0
25183,2009,,,,0
25183,2010,,,,0
25183,2011,,,,0
25183,2012,,,,0
25183,2013,,,,0
25183,2014,,,,0
25183,2015,,,,0
25183,2016,,,,0
25183,2017,,,,0
25183,2018,,,,0
25183,2019,,,,0
25183,2020,,,,0
25183,2021,,,,0
25183,2022,,,,0
25183,2023,,,,0
25183,2024,,,,0
25200,2001,,,,0
25200,2002,,,,0
25200,2003,,,,0
25200,2004,,,,0
25200,2005,,,,0
25200,2006,,,,0
25200,2007,,,,0
25200,2008,,,,0
25200,2009,,,,0
25200,2010,,,,0
25200,2011,,,,0
25200,2012,,,,0
25200,2013,,,,0
25200,2014,,,,0
25200,2015,,,,0
25200,2016,,,,0
25200,2017,,,,0
25200,2018,,,,0
25200,2019,,,,0
25200,2020,,,,0
25200,2021,,,,0
25200,2022,,,,0
25200,2023,,,,0
25200,2024,,,,0
25214,2001,,,,0
25214,2002,,,,0
25214,2003,,,,0
25214,2004,,,,0
25214,2005,,,,0
25214,2006,,,,0
25214,2007,,,,0
25214,2008,,,,0
25214,2009,,,,0
25214,2010,,,,0
25214,2011,,,,0
25214,2012,,,,0
25214,2013,,,,0
25214,2014,,,,0
25214,2015,,,,0
25214,2016,,,,0
25214,2017,,,,0
25214,2018,,,,0
25214,2019,,,,0
25214,2020,,,,0
25214,2021,,,,0
25214,2022,,,,0
25214,2023,,,,0
25214,2024,,,,0
25224,2001,,,,0
25224,2002,,,,0
25224,2003,,,,0
25224,2004,,,,0
25224,2005,,,,0
25224,2006,,,,0
25224,2007,,,,0
25224,2008,,,,0
25224,2009,,,,0
25224,2010,,,,0
25224,2011,,,,0
25224,2012,,,,0
25224,2013,,,,0
25224,2014,,,,0
25224,2015,,,,0
25224,2016,,,,0
25224,2017,,,,0
25224,2018,,,,0
25224,2019,,,,0
25224,2020,,,,0
25224,2021,,,,0
25224,2022,,,,0
25224,2023,,,,0
25224,2024,,,,0
25245,2001,,,,0
25245,2002,,,,0
25245,2003,,,,0
25245,2004,,,,0
25245,2005,,,,0
25245,2006,,,,0
25245,2007,,,,0
25245,2008,,,,0
25245,2009,,,,0
25245,2010,,,,0
25245,2011,,,,0
25245,2012,,,,0
25245,2013,,,,0
25245,2014,,,,0
25245,2015,,,,0
25245,2016,,,,0
25245,2017,,,,0
25245,2018,,,,0
25245,2019,,,,0
25245,2020,,,,0
25245,2021,,,,0
25245,2022,,,,0
25245,2023,,,,0
25245,2024,,,,0
25258,2001,,,,0
25258,2002,,,,0
25258,2003,,,,0
25258,2004,,,,0
25258,2005,,,,0
25258,2006,,,,0
25258,2007,,,,0
25258,2008,,,,0
25258,2009,,,,0
25258,2010,,,,0
25258,2011,,,,0
25258,2012,,,,0
25258,2013,,,,0
25258,2014,,,,0
25258,2015,,,,0
25258,2016,,,,0
25258,2017,,,,0
25258,2018,,,,0
25258,2019,,,,0
25258,2020,,,,0
25258,2021,,,,0
25258,2022,,,,0
25258,2023,,,,0
25258,2024,,,,0
25260,2001,,,,0
25260,2002,,,,0
25260,2003,,,,0
25260,2004,,,,0
25260,2005,,,,0
25260,2006,,,,0
25260,2007,,,,0
25260,2008,,,,0
25260,2009,,,,0
25260,2010,,,,0
25260,2011,,,,0
25260,2012,,,,0
25260,2013,,,,0
25260,2014,,,,0
25260,2015,,,,0
25260,2016,,,,0
25260,2017,,,,0
25260,2018,,,,0
25260,2019,,,,0
25260,2020,,,,0
25260,2021,,,,0
25260,2022,,,,0
25260,2023,,,,0
25260,2024,,,,0
25269,2001,,,,0
25269,2002,,,,0
25269,2003,,,,0
25269,2004,,,,0
25269,2005,,,,0
25269,2006,,,,0
25269,2007,,,,0
25269,2008,,,,0
25269,2009,,,,0
25269,2010,,,,0
25269,2011,,,,0
25269,2012,,,,0
25269,2013,,,,0
25269,2014,,,,0
25269,2015,,,,0
25269,2016,,,,0
25269,2017,,,,0
25269,2018,,,,0
25269,2019,,,,0
25269,2020,,,,0
25269,2021,,,,0
25269,2022,,,,0
25269,2023,,,,0
25269,2024,,,,0
25279,2001,,,,0
25279,2002,,,,0
25279,2003,,,,0
25279,2004,,,,0
25279,2005,,,,0
25279,2006,,,,0
25279,2007,,,,0
25279,2008,,,,0
25279,2009,,,,0
25279,2010,,,,0
25279,2011,,,,0
25279,2012,,,,0
25279,2013,,,,0
25279,2014,,,,0
25279,2015,,,,0
25279,2016,,,,0
25279,2017,,,,0
25279,2018,,,,0
25279,2019,,,,0
25279,2020,,,,0
25279,2021,,,,0
25279,2022,,,,0
25279,2023,,,,0
25279,2024,,,,0
25281,2001,,,,0
25281,2002,,,,0
25281,2003,,,,0
25281,2004,,,,0
25281,2005,,,,0
25281,2006,,,,0
25281,2007,,,,0
25281,2008,,,,0
25281,2009,,,,0
25281,2010,,,,0
25281,2011,,,,0
25281,2012,,,,0
25281,2013,,,,0
25281,2014,,,,0
25281,2015,,,,0
25281,2016,,,,0
25281,2017,,,,0
25281,2018,,,,0
25281,2019,,,,0
25281,2020,,,,0
25281,2021,,,,0
25281,2022,,,,0
25281,2023,,,,0
25281,2024,,,,0
25286,2001,,,,0
25286,2002,,,,0
25286,2003,,,,0
25286,2004,,,,0
25286,2005,,,,0
25286,2006,,,,0
25286,2007,,,,0
25286,2008,,,,0
25286,2009,,,,0
25286,2010,,,,0
25286,2011,,,,0
25286,2012,,,,0
25286,2013,,,,0
25286,2014,,,,0
25286,2015,,,,0
25286,2016,,,,0
25286,2017,,,,0
25286,2018,,,,0
25286,2019,,,,0
25286,2020,,,,0
25286,2021,,,,0
25286,2022,,,,0
25286,2023,,,,0
25286,2024,,,,0
25288,2001,,,,0
25288,2002,,,,0
25288,2003,,,,0
25288,2004,,,,0
25288,2005,,,,0
25288,2006,,,,0
25288,2007,,,,0
25288,2008,,,,0
25288,2009,,,,0
25288,2010,,,,0
25288,2011,,,,0
25288,2012,,,,0
25288,2013,,,,0
25288,2014,,,,0
25288,2015,,,,0
25288,2016,,,,0
25288,2017,,,,0
25288,2018,,,,0
25288,2019,,,,0
25288,2020,,,,0
25288,2021,,,,0
25288,2022,,,,0
25288,2023,,,,0
25288,2024,,,,0
25290,2001,,,,0
25290,2002,,,,0
25290,2003,,,,0
25290,2004,,,,0
25290,2005,,,,0
25290,2006,,,,0
25290,2007,,,,0
25290,2008,,,,0
25290,2009,,,,0
25290,2010,,,,0
25290,2011,,,,0
25290,2012,,,,0
25290,2013,,,,0
25290,2014,,,,0
25290,2015,,,,0
25290,2016,,,,0
25290,2017,,,,0
25290,2018,,,,0
25290,2019,,,,0
25290,2020,,,,0
25290,2021,,,,0
25290,2022,,,,0
25290,2023,,,,0
25290,2024,,,,0
25293,2001,,,,0
25293,2002,,,,0
25293,2003,,,,0
25293,2004,,,,0
25293,2005,,,,0
25293,2006,,,,0
25293,2007,,,,0
25293,2008,,,,0
25293,2009,,,,0
25293,2010,,,,0
25293,2011,,,,0
25293,2012,,,,0
25293,2013,,,,0
25293,2014,,,,0
25293,2015,,,,0
25293,2016,,,,0
25293,2017,,,,0
25293,2018,,,,0
25293,2019,,,,0
25293,2020,,,,0
25293,2021,,,,0
25293,2022,,,,0
25293,2023,,,,0
25293,2024,,,,0
25295,2001,,,,0
25295,2002,,,,0
25295,2003,,,,0
25295,2004,,,,0
25295,2005,,,,0
25295,2006,,,,0
25295,2007,,,,0
25295,2008,,,,0
25295,2009,,,,0
25295,2010,,,,0
25295,2011,,,,0
25295,2012,,,,0
25295,2013,,,,0
25295,2014,,,,0
25295,2015,,,,0
25295,2016,,,,0
25295,2017,,,,0
25295,2018,,,,0
25295,2019,,,,0
25295,2020,,,,0
25295,2021,,,,0
25295,2022,,,,0
25295,2023,,,,0
25295,2024,,,,0
25297,2001,,,,0
25297,2002,,,,0
25297,2003,,,,0
25297,2004,,,,0
25297,2005,,,,0
25297,2006,,,,0
25297,2007,,,,0
25297,2008,,,,0
25297,2009,,,,0
25297,2010,,,,0
25297,2011,,,,0
25297,2012,,,,0
25297,2013,,,,0
25297,2014,,,,0
25297,2015,,,,0
25297,2016,,,,0
25297,2017,,,,0
25297,2018,,,,0
25297,2019,,,,0
25297,2020,,,,0
25297,2021,,,,0
25297,2022,,,,0
25297,2023,,,,0
25297,2024,,,,0
25299,2001,,,,0
25299,2002,,,,0
25299,2003,,,,0
25299,2004,,,,0
25299,2005,,,,0
25299,2006,,,,0
25299,2007,,,,0
25299,2008,,,,0
25299,2009,,,,0
25299,2010,,,,0
25299,2011,,,,0
25299,2012,,,,0
25299,2013,,,,0
25299,2014,,,,0
25299,2015,,,,0
25299,2016,,,,0
25299,2017,,,,0
25299,2018,,,,0
25299,2019,,,,0
25299,2020,,,,0
25299,2021,,,,0
25299,2022,,,,0
25299,2023,,,,0
25299,2024,,,,0
25307,2001,,,,0
25307,2002,,,,0
25307,2003,,,,0
25307,2004,,,,0
25307,2005,,,,0
25307,2006,,,,0
25307,2007,,,,0
25307,2008,,,,0
25307,2009,,,,0
25307,2010,,,,0
25307,2011,,,,0
25307,2012,,,,0
25307,2013,,,,0
25307,2014,,,,0
25307,2015,,,,0
25307,2016,,,,0
25307,2017,,,,0
25307,2018,,,,0
25307,2019,,,,0
25307,2020,,,,0
25307,2021,,,,0
25307,2022,,,,0
25307,2023,,,,0
25307,2024,,,,0
25312,2001,,,,0
25312,2002,,,,0
25312,2003,,,,0
25312,2004,,,,0
25312,2005,,,,0
25312,2006,,,,0
25312,2007,,,,0
25312,2008,,,,0
25312,2009,,,,0
25312,2010,,,,0
25312,2011,,,,0
25312,2012,,,,0
25312,2013,,,,0
25312,2014,,,,0
25312,2015,,,,0
25312,2016,,,,0
25312,2017,,,,0
25312,2018,,,,0
25312,2019,,,,0
25312,2020,,,,0
25312,2021,,,,0
25312,2022,,,,0
25312,2023,,,,0
25312,2024,,,,0
25317,2001,,,,0
25317,2002,,,,0
25317,2003,,,,0
25317,2004,,,,0
25317,2005,,,,0
25317,2006,,,,0
25317,2007,,,,0
25317,2008,,,,0
25317,2009,,,,0
25317,2010,,,,0
25317,2011,,,,0
25317,2012,,,,0
25317,2013,,,,0
25317,2014,,,,0
25317,2015,,,,0
25317,2016,,,,0
25317,2017,,,,0
25317,2018,,,,0
25317,2019,,,,0
25317,2020,,,,0
25317,2021,,,,0
25317,2022,,,,0
25317,2023,,,,0
25317,2024,,,,0
25320,2001,,,,0
25320,2002,,,,0
25320,2003,,,,0
25320,2004,,,,0
25320,2005,,,,0
25320,2006,,,,0
25320,2007,,,,0
25320,2008,,,,0
25320,2009,,,,0
25320,2010,,,,0
25320,2011,,,,0
25320,2012,,,,0
25320,2013,,,,0
25320,2014,,,,0
25320,2015,,,,0
25320,2016,,,,0
25320,2017,,,,0
25320,2018,,,,0
25320,2019,,,,0
25320,2020,,,,0
25320,2021,,,,0
25320,2022,,,,0
25320,2023,,,,0
25320,2024,,,,0
25322,2001,,,,0
25322,2002,,,,0
25322,2003,,,,0
25322,2004,,,,0
25322,2005,,,,0
25322,2006,,,,0
25322,2007,,,,0
25322,2008,,,,0
25322,2009,,,,0
25322,2010,,,,0
25322,2011,,,,0
25322,2012,,,,0
25322,2013,,,,0
25322,2014,,,,0
25322,2015,,,,0
25322,2016,,,,0
25322,2017,,,,0
25322,2018,,,,0
25322,2019,,,,0
25322,2020,,,,0
25322,2021,,,,0
25322,2022,,,,0
25322,2023,,,,0
25322,2024,,,,0
25324,2001,,,,0
25324,2002,,,,0
25324,2003,,,,0
25324,2004,,,,0
25324,2005,,,,0
25324,2006,,,,0
25324,2007,,,,0
25324,2008,,,,0
25324,2009,,,,0
25324,2010,,,,0
25324,2011,,,,0
25324,2012,,,,0
25324,2013,,,,0
25324,2014,,,,0
25324,2015,,,,0
25324,2016,,,,0
25324,2017,,,,0
25324,2018,,,,0
25324,2019,,,,0
25324,2020,,,,0
25324,2021,,,,0
25324,2022,,,,0
25324,2023,,,,0
25324,2024,,,,0
25326,2001,,,,0
25326,2002,,,,0
25326,2003,,,,0
25326,2004,,,,0
25326,2005,,,,0
25326,2006,,,,0
25326,2007,,,,0
25326,2008,,,,0
25326,2009,,,,0
25326,2010,,,,0
25326,2011,,,,0
25326,2012,,,,0
25326,2013,,,,0
25326,2014,,,,0
25326,2015,,,,0
25326,2016,,,,0
25326,2017,,,,0
25326,2018,,,,0
25326,2019,,,,0
25326,2020,,,,0
25326,2021,,,,0
25326,2022,,,,0
25326,2023,,,,0
25326,2024,,,,0
25328,2001,,,,0
25328,2002,,,,0
25328,2003,,,,0
25328,2004,,,,0
25328,2005,,,,0
25328,2006,,,,0
25328,2007,,,,0
25328,2008,,,,0
25328,2009,,,,0
25328,2010,,,,0
25328,2011,,,,0
25328,2012,,,,0
25328,2013,,,,0
25328,2014,,,,0
25328,2015,,,,0
25328,2016,,,,0
25328,2017,,,,0
25328,2018,,,,0
25328,2019,,,,0
25328,2020,,,,0
25328,2021,,,,0
25328,2022,,,,0
25328,2023,,,,0
25328,2024,,,,0
25335,2001,,,,0
25335,2002,,,,0
25335,2003,,,,0
25335,2004,,,,0
25335,2005,,,,0
25335,2006,,,,0
25335,2007,,,,0
25335,2008,,,,0
25335,2009,,,,0
25335,2010,,,,0
25335,2011,,,,0
25335,2012,,,,0
25335,2013,,,,0
25335,2014,,,,0
25335,2015,,,,0
25335,2016,,,,0
25335,2017,,,,0
25335,2018,,,,0
25335,2019,,,,0
25335,2020,,,,0
25335,2021,,,,0
25335,2022,,,,0
25335,2023,,,,0
25335,2024,,,,0
25339,2001,,,,0
25339,2002,,,,0
25339,2003,,,,0
25339,2004,,,,0
25339,2005,,,,0
25339,2006,,,,0
25339,2007,,,,0
25339,2008,,,,0
25339,2009,,,,0
25339,2010,,,,0
25339,2011,,,,0
25339,2012,,,,0
25339,2013,,,,0
25339,2014,,,,0
25339,2015,,,,0
25339,2016,,,,0
25339,2017,,,,0
25339,2018,,,,0
25339,2019,,,,0
25339,2020,,,,0
25339,2021,,,,0
25339,2022,,,,0
25339,2023,,,,0
25339,2024,,,,0
25368,2001,,,,0
25368,2002,,,,0
25368,2003,,,,0
25368,2004,,,,0
25368,2005,,,,0
25368,2006,,,,0
25368,2007,,,,0
25368,2008,,,,0
25368,2009,,,,0
25368,2010,,,,0
25368,2011,,,,0
25368,2012,,,,0
25368,2013,,,,0
25368,2014,,,,0
25368,2015,,,,0
25368,2016,,,,0
25368,2017,,,,0
25368,2018,,,,0
25368,2019,,,,0
25368,2020,,,,0
25368,2021,,,,0
25368,2022,,,,0
25368,2023,,,,0
25368,2024,,,,0
25372,2001,,,,0
25372,2002,,,,0
25372,2003,,,,0
25372,2004,,,,0
25372,2005,,,,0
25372,2006,,,,0
25372,2007,,,,0
25372,2008,,,,0
25372,2009,,,,0
25372,2010,,,,0
25372,2011,,,,0
25372,2012,,,,0
25372,2013,,,,0
25372,2014,,,,0
25372,2015,,,,0
25372,2016,,,,0
25372,2017,,,,0
25372,2018,,,,0
25372,2019,,,,0
25372,2020,,,,0
25372,2021,,,,0
25372,2022,,,,0
25372,2023,,,,0
25372,2024,,,,0
25377,2001,,,,0
25377,2002,,,,0
25377,2003,,,,0
25377,2004,,,,0
25377,2005,,,,0
25377,2006,,,,0
25377,2007,,,,0
25377,2008,,,,0
25377,2009,,,,0
25377,2010,,,,0
25377,2011,,,,0
25377,2012,,,,0
25377,2013,,,,0
25377,2014,,,,0
25377,2015,,,,0
25377,2016,,,,0
25377,2017,,,,0
25377,2018,,,,0
25377,2019,,,,0
25377,2020,,,,0
25377,2021,,,,0
25377,2022,,,,0
25377,2023,,,,0
25377,2024,,,,0
25386,2001,,,,0
25386,2002,,,,0
25386,2003,,,,0
25386,2004,,,,0
25386,2005,,,,0
25386,2006,,,,0
25386,2007,,,,0
25386,2008,,,,0
25386,2009,,,,0
25386,2010,,,,0
25386,2011,,,,0
25386,2012,,,,0
25386,2013,,,,0
25386,2014,,,,0
25386,2015,,,,0
25386,2016,,,,0
25386,2017,,,,0
25386,2018,,,,0
25386,2019,,,,0
25386,2020,,,,0
25386,2021,,,,0
25386,2022,,,,0
25386,2023,,,,0
25386,2024,,,,0
25394,2001,,,,0
25394,2002,,,,0
25394,2003,,,,0
25394,2004,,,,0
25394,2005,,,,0
25394,2006,,,,0
25394,2007,,,,0
25394,2008,,,,0
25394,2009,,,,0
25394,2010,,,,0
25394,2011,,,,0
25394,2012,,,,0
25394,2013,,,,0
25394,2014,,,,0
25394,2015,,,,0
25394,2016,,,,0
25394,2017,,,,0
25394,2018,,,,0
25394,2019,,,,0
25394,2020,,,,0
25394,2021,,,,0
25394,2022,,,,0
25394,2023,,,,0
25394,2024,,,,0
25398,2001,,,,0
25398,2002,,,,0
25398,2003,,,,0
25398,2004,,,,0
25398,2005,,,,0
25398,2006,,,,0
25398,2007,,,,0
25398,2008,,,,0
25398,2009,,,,0
25398,2010,,,,0
25398,2011,,,,0
25398,2012,,,,0
25398,2013,,,,0
25398,2014,,,,0
25398,2015,,,,0
25398,2016,,,,0
25398,2017,,,,0
25398,2018,,,,0
25398,2019,,,,0
25398,2020,,,,0
25398,2021,,,,0
25398,2022,,,,0
25398,2023,,,,0
25398,2024,,,,0
25402,2001,,,,0
25402,2002,,,,0
25402,2003,,,,0
25402,2004,,,,0
25402,2005,,,,0
25402,2006,,,,0
25402,2007,,,,0
25402,2008,,,,0
25402,2009,,,,0
25402,2010,,,,0
25402,2011,,,,0
25402,2012,,,,0
25402,2013,,,,0
25402,2014,,,,0
25402,2015,,,,0
25402,2016,,,,0
25402,2017,,,,0
25402,2018,,,,0
25402,2019,,,,0
25402,2020,,,,0
25402,2021,,,,0
25402,2022,,,,0
25402,2023,,,,0
25402,2024,,,,0
25407,2001,,,,0
25407,2002,,,,0
25407,2003,,,,0
25407,2004,,,,0
25407,2005,,,,0
25407,2006,,,,0
25407,2007,,,,0
25407,2008,,,,0
25407,2009,,,,0
25407,2010,,,,0
25407,2011,,,,0
25407,2012,,,,0
25407,2013,,,,0
25407,2014,,,,0
25407,2015,,,,0
25407,2016,,,,0
25407,2017,,,,0
25407,2018,,,,0
25407,2019,,,,0
25407,2020,,,,0
25407,2021,,,,0
25407,2022,,,,0
25407,2023,,,,0
25407,2024,,,,0
25426,2001,,,,0
25426,2002,,,,0
25426,2003,,,,0
25426,2004,,,,0
25426,2005,,,,0
25426,2006,,,,0
25426,2007,,,,0
25426,2008,,,,0
25426,2009,,,,0
25426,2010,,,,0
25426,2011,,,,0
25426,2012,,,,0
25426,2013,,,,0
25426,2014,,,,0
25426,2015,,,,0
25426,2016,,,,0
25426,2017,,,,0
25426,2018,,,,0
25426,2019,,,,0
25426,2020,,,,0
25426,2021,,,,0
25426,2022,,,,0
25426,2023,,,,0
25426,2024,,,,0
25430,2001,,,,0
25430,2002,,,,0
25430,2003,,,,0
25430,2004,,,,0
25430,2005,,,,0
25430,2006,,,,0
25430,2007,,,,0
25430,2008,,,,0
25430,2009,,,,0
25430,2010,,,,0
25430,2011,,,,0
25430,2012,,,,0
25430,2013,,,,0
25430,2014,,,,0
25430,2015,,,,0
25430,2016,,,,0
25430,2017,,,,0
25430,2018,,,,0
25430,2019,,,,0
25430,2020,,,,0
25430,2021,,,,0
25430,2022,,,,0
25430,2023,,,,0
25430,2024,,,,0
25436,2001,,,,0
25436,2002,,,,0
25436,2003,,,,0
25436,2004,,,,0
25436,2005,,,,0
25436,2006,,,,0
25436,2007,,,,0
25436,2008,,,,0
25436,2009,,,,0
25436,2010,,,,0
25436,2011,,,,0
25436,2012,,,,0
25436,2013,,,,0
25436,2014,,,,0
25436,2015,,,,0
25436,2016,,,,0
25436,2017,,,,0
25436,2018,,,,0
25436,2019,,,,0
25436,2020,,,,0
25436,2021,,,,0
25436,2022,,,,0
25436,2023,,,,0
25436,2024,,,,0
25438,2001,,,,0
25438,2002,,,,0
25438,2003,,,,0
25438,2004,,,,0
25438,2005,,,,0
25438,2006,,,,0
25438,2007,,,,0
25438,2008,,,,0
25438,2009,,,,0
25438,2010,,,,0
25438,2011,,,,0
25438,2012,,,,0
25438,2013,,,,0
25438,2014,,,,0
25438,2015,,,,0
25438,2016,,,,0
25438,2017,,,,0
25438,2018,,,,0
25438,2019,,,,0
25438,2020,,,,0
25438,2021,,,,0
25438,2022,,,,0
25438,2023,,,,0
25438,2024,,,,0
25473,2001,,,,0
25473,2002,,,,0
25473,2003,,,,0
25473,2004,,,,0
25473,2005,,,,0
25473,2006,,,,0
25473,2007,,,,0
25473,2008,,,,0
25473,2009,,,,0
25473,2010,,,,0
25473,2011,,,,0
25473,2012,,,,0
25473,2013,,,,0
25473,2014,,,,0
25473,2015,,,,0
25473,2016,,,,0
25473,2017,,,,0
25473,2018,,,,0
25473,2019,,,,0
25473,2020,,,,0
25473,2021,,,,0
25473,2022,,,,0
25473,2023,,,,0
25473,2024,,,,0
25483,2001,,,,0
25483,2002,,,,0
25483,2003,,,,0
25483,2004,,,,0
25483,2005,,,,0
25483,2006,,,,0
25483,2007,,,,0
25483,2008,,,,0
25483,2009,,,,0
25483,2010,,,,0
25483,2011,,,,0
25483,2012,,,,0
25483,2013,,,,0
25483,2014,,,,0
25483,2015,,,,0
25483,2016,,,,0
25483,2017,,,,0
25483,2018,,,,0
25483,2019,,,,0
25483,2020,,,,0
25483,2021,,,,0
25483,2022,,,,0
25483,2023,,,,0
25483,2024,,,,0
25486,2001,,,,0
25486,2002,,,,0
25486,2003,,,,0
25486,2004,,,,0
25486,2005,,,,0
25486,2006,,,,0
25486,2007,,,,0
25486,2008,,,,0
25486,2009,,,,0
25486,2010,,,,0
25486,2011,,,,0
25486,2012,,,,0
25486,2013,,,,0
25486,2014,,,,0
25486,2015,,,,0
25486,2016,,,,0
25486,2017,,,,0
25486,2018,,,,0
25486,2019,,,,0
25486,2020,,,,0
25486,2021,,,,0
25486,2022,,,,0
25486,2023,,,,0
25486,2024,,,,0
25488,2001,,,,0
25488,2002,,,,0
25488,2003,,,,0
25488,2004,,,,0
25488,2005,,,,0
25488,2006,,,,0
25488,2007,,,,0
25488,2008,,,,0
25488,2009,,,,0
25488,2010,,,,0
25488,2011,,,,0
25488,2012,,,,0
25488,2013,,,,0
25488,2014,,,,0
25488,2015,,,,0
25488,2016,,,,0
25488,2017,,,,0
25488,2018,,,,0
25488,2019,,,,0
25488,2020,,,,0
25488,2021,,,,0
25488,2022,,,,0
25488,2023,,,,0
25488,2024,,,,0
25489,2001,,,,0
25489,2002,,,,0
25489,2003,,,,0
25489,2004,,,,0
25489,2005,,,,0
25489,2006,,,,0
25489,2007,,,,0
25489,2008,,,,0
25489,2009,,,,0
25489,2010,,,,0
25489,2011,,,,0
25489,2012,,,,0
25489,2013,,,,0
25489,2014,,,,0
25489,2015,,,,0
25489,2016,,,,0
25489,2017,,,,0
25489,2018,,,,0
25489,2019,,,,0
25489,2020,,,,0
25489,2021,,,,0
25489,2022,,,,0
25489,2023,,,,0
25489,2024,,,,0
25491,2001,,,,0
25491,2002,,,,0
25491,2003,,,,0
25491,2004,,,,0
25491,2005,,,,0
25491,2006,,,,0
25491,2007,,,,0
25491,2008,,,,0
25491,2009,,,,0
25491,2010,,,,0
25491,2011,,,,0
25491,2012,,,,0
25491,2013,,,,0
25491,2014,,,,0
25491,2015,,,,0
25491,2016,,,,0
25491,2017,,,,0
25491,2018,,,,0
25491,2019,,,,0
25491,2020,,,,0
25491,2021,,,,0
25491,2022,,,,0
25491,2023,,,,0
25491,2024,,,,0
25506,2001,,,,0
25506,2002,,,,0
25506,2003,,,,0
25506,2004,,,,0
25506,2005,,,,0
25506,2006,,,,0
25506,2007,,,,0
25506,2008,,,,0
25506,2009,,,,0
25506,2010,,,,0
25506,2011,,,,0
25506,2012,,,,0
25506,2013,,,,0
25506,2014,,,,0
25506,2015,,,,0
25506,2016,,,,0
25506,2017,,,,0
25506,2018,,,,0
25506,2019,,,,0
25506,2020,,,,0
25506,2021,,,,0
25506,2022,,,,0
25506,2023,,,,0
25506,2024,,,,0
25513,2001,,,,0
25513,2002,,,,0
25513,2003,,,,0
25513,2004,,,,0
25513,2005,,,,0
25513,2006,,,,0
25513,2007,,,,0
25513,2008,,,,0
25513,2009,,,,0
25513,2010,,,,0
25513,2011,,,,0
25513,2012,,,,0
25513,2013,,,,0
25513,2014,,,,0
25513,2015,,,,0
25513,2016,,,,0
25513,2017,,,,0
25513,2018,,,,0
25513,2019,,,,0
25513,2020,,,,0
25513,2021,,,,0
25513,2022,,,,0
25513,2023,,,,0
25513,2024,,,,0
25518,2001,,,,0
25518,2002,,,,0
25518,2003,,,,0
25518,2004,,,,0
25518,2005,,,,0
25518,2006,,,,0
25518,2007,,,,0
25518,2008,,,,0
25518,2009,,,,0
25518,2010,,,,0
25518,2011,,,,0
25518,2012,,,,0
25518,2013,,,,0
25518,2014,,,,0
25518,2015,,,,0
25518,2016,,,,0
25518,2017,,,,0
25518,2018,,,,0
25518,2019,,,,0
25518,2020,,,,0
25518,2021,,,,0
25518,2022,,,,0
25518,2023,,,,0
25518,2024,,,,0
25524,2001,,,,0
25524,2002,,,,0
25524,2003,,,,0
25524,2004,,,,0
25524,2005,,,,0
25524,2006,,,,0
25524,2007,,,,0
25524,2008,,,,0
25524,2009,,,,0
25524,2010,,,,0
25524,2011,,,,0
25524,2012,,,,0
25524,2013,,,,0
25524,2014,,,,0
25524,2015,,,,0
25524,2016,,,,0
25524,2017,,,,0
25524,2018,,,,0
25524,2019,,,,0
25524,2020,,,,0
25524,2021,,,,0
25524,2022,,,,0
25524,2023,,,,0
25524,2024,,,,0
25530,2001,,,,0
25530,2002,,,,0
25530,2003,,,,0
25530,2004,,,,0
25530,2005,,,,0
25530,2006,,,,0
25530,2007,,,,0
25530,2008,,,,0
25530,2009,,,,0
25530,2010,,,,0
25530,2011,,,,0
25530,2012,,,,0
25530,2013,,,,0
25530,2014,,,,0
25530,2015,,,,0
25530,2016,,,,0
25530,2017,,,,0
25530,2018,,,,0
25530,2019,,,,0
25530,2020,,,,0
25530,2021,,,,0
25530,2022,,,,0
25530,2023,,,,0
25530,2024,,,,0
25535,2001,,,,0
25535,2002,,,,0
25535,2003,,,,0
25535,2004,,,,0
25535,2005,,,,0
25535,2006,,,,0
25535,2007,,,,0
25535,2008,,,,0
25535,2009,,,,0
25535,2010,,,,0
25535,2011,,,,0
25535,2012,,,,0
25535,2013,,,,0
25535,2014,,,,0
25535,2015,,,,0
25535,2016,,,,0
25535,2017,,,,0
25535,2018,,,,0
25535,2019,,,,0
25535,2020,,,,0
25535,2021,,,,0
25535,2022,,,,0
25535,2023,,,,0
25535,2024,,,,0
25572,2001,,,,0
25572,2002,,,,0
25572,2003,,,,0
25572,2004,,,,0
25572,2005,,,,0
25572,2006,,,,0
25572,2007,,,,0
25572,2008,,,,0
25572,2009,,,,0
25572,2010,,,,0
25572,2011,,,,0
25572,2012,,,,0
25572,2013,,,,0
25572,2014,,,,0
25572,2015,,,,0
25572,2016,,,,0
25572,2017,,,,0
25572,2018,,,,0
25572,2019,,,,0
25572,2020,,,,0
25572,2021,,,,0
25572,2022,,,,0
25572,2023,,,,0
25572,2024,,,,0
25580,2001,,,,0
25580,2002,,,,0
25580,2003,,,,0
25580,2004,,,,0
25580,2005,,,,0
25580,2006,,,,0
25580,2007,,,,0
25580,2008,,,,0
25580,2009,,,,0
25580,2010,,,,0
25580,2011,,,,0
25580,2012,,,,0
25580,2013,,,,0
25580,2014,,,,0
25580,2015,,,,0
25580,2016,,,,0
25580,2017,,,,0
25580,2018,,,,0
25580,2019,,,,0
25580,2020,,,,0
25580,2021,,,,0
25580,2022,,,,0
25580,2023,,,,0
25580,2024,,,,0
25592,2001,,,,0
25592,2002,,,,0
25592,2003,,,,0
25592,2004,,,,0
25592,2005,,,,0
25592,2006,,,,0
25592,2007,,,,0
25592,2008,,,,0
25592,2009,,,,0
25592,2010,,,,0
25592,2011,,,,0
25592,2012,,,,0
25592,2013,,,,0
25592,2014,,,,0
25592,2015,,,,0
25592,2016,,,,0
25592,2017,,,,0
25592,2018,,,,0
25592,2019,,,,0
25592,2020,,,,0
25592,2021,,,,0
25592,2022,,,,0
25592,2023,,,,0
25592,2024,,,,0
25594,2001,,,,0
25594,2002,,,,0
25594,2003,,,,0
25594,2004,,,,0
25594,2005,,,,0
25594,2006,,,,0
25594,2007,,,,0
25594,2008,,,,0
25594,2009,,,,0
25594,2010,,,,0
25594,2011,,,,0
25594,2012,,,,0
25594,2013,,,,0
25594,2014,,,,0
25594,2015,,,,0
25594,2016,,,,0
25594,2017,,,,0
25594,2018,,,,0
25594,2019,,,,0
25594,2020,,,,0
25594,2021,,,,0
25594,2022,,,,0
25594,2023,,,,0
25594,2024,,,,0
25596,2001,,,,0
25596,2002,,,,0
25596,2003,,,,0
25596,2004,,,,0
25596,2005,,,,0
25596,2006,,,,0
25596,2007,,,,0
25596,2008,,,,0
25596,2009,,,,0
25596,2010,,,,0
25596,2011,,,,0
25596,2012,,,,0
25596,2013,,,,0
25596,2014,,,,0
25596,2015,,,,0
25596,2016,,,,0
25596,2017,,,,0
25596,2018,,,,0
25596,2019,,,,0
25596,2020,,,,0
25596,2021,,,,0
25596,2022,,,,0
25596,2023,,,,0
25596,2024,,,,0
25599,2001,,,,0
25599,2002,,,,0
25599,2003,,,,0
25599,2004,,,,0
25599,2005,,,,0
25599,2006,,,,0
25599,2007,,,,0
25599,2008,,,,0
25599,2009,,,,0
25599,2010,,,,0
25599,2011,,,,0
25599,2012,,,,0
25599,2013,,,,0
25599,2014,,,,0
25599,2015,,,,0
25599,2016,,,,0
25599,2017,,,,0
25599,2018,,,,0
25599,2019,,,,0
25599,2020,,,,0
25599,2021,,,,0
25599,2022,,,,0
25599,2023,,,,0
25599,2024,,,,0
25612,2001,,,,0
25612,2002,,,,0
25612,2003,,,,0
25612,2004,,,,0
25612,2005,,,,0
25612,2006,,,,0
25612,2007,,,,0
25612,2008,,,,0
25612,2009,,,,0
25612,2010,,,,0
25612,2011,,,,0
25612,2012,,,,0
25612,2013,,,,0
25612,2014,,,,0
25612,2015,,,,0
25612,2016,,,,0
25612,2017,,,,0
25612,2018,,,,0
25612,2019,,,,0
25612,2020,,,,0
25612,2021,,,,0
25612,2022,,,,0
25612,2023,,,,0
25612,2024,,,,0
25645,2001,,,,0
25645,2002,,,,0
25645,2003,,,,0
25645,2004,,,,0
25645,2005,,,,0
25645,2006,,,,0
25645,2007,,,,0
25645,2008,,,,0
25645,2009,,,,0
25645,2010,,,,0
25645,2011,,,,0
25645,2012,,,,0
25645,2013,,,,0
25645,2014,,,,0
25645,2015,,,,0
25645,2016,,,,0
25645,2017,,,,0
25645,2018,,,,0
25645,2019,,,,0
25645,2020,,,,0
25645,2021,,,,0
25645,2022,,,,0
25645,2023,,,,0
25645,2024,,,,0
25649,2001,,,,0
25649,2002,,,,0
25649,2003,,,,0
25649,2004,,,,0
25649,2005,,,,0
25649,2006,,,,0
25649,2007,,,,0
25649,2008,,,,0
25649,2009,,,,0
25649,2010,,,,0
25649,2011,,,,0
25649,2012,,,,0
25649,2013,,,,0
25649,2014,,,,0
25649,2015,,,,0
25649,2016,,,,0
25649,2017,,,,0
25649,2018,,,,0
25649,2019,,,,0
25649,2020,,,,0
25649,2021,,,,0
25649,2022,,,,0
25649,2023,,,,0
25649,2024,,,,0
25653,2001,,,,0
25653,2002,,,,0
25653,2003,,,,0
25653,2004,,,,0
25653,2005,,,,0
25653,2006,,,,0
25653,2007,,,,0
25653,2008,,,,0
25653,2009,,,,0
25653,2010,,,,0
25653,2011,,,,0
25653,2012,,,,0
25653,2013,,,,0
25653,2014,,,,0
25653,2015,,,,0
25653,2016,,,,0
25653,2017,,,,0
25653,2018,,,,0
25653,2019,,,,0
25653,2020,,,,0
25653,2021,,,,0
25653,2022,,,,0
25653,2023,,,,0
25653,2024,,,,0
25658,2001,,,,0
25658,2002,,,,0
25658,2003,,,,0
25658,2004,,,,0
25658,2005,,,,0
25658,2006,,,,0
25658,2007,,,,0
25658,2008,,,,0
25658,2009,,,,0
25658,2010,,,,0
25658,2011,,,,0
25658,2012,,,,0
25658,2013,,,,0
25658,2014,,,,0
25658,2015,,,,0
25658,2016,,,,0
25658,2017,,,,0
25658,2018,,,,0
25658,2019,,,,0
25658,2020,,,,0
25658,2021,,,,0
25658,2022,,,,0
25658,2023,,,,0
25658,2024,,,,0
25662,2001,,,,0
25662,2002,,,,0
25662,2003,,,,0
25662,2004,,,,0
25662,2005,,,,0
25662,2006,,,,0
25662,2007,,,,0
25662,2008,,,,0
25662,2009,,,,0
25662,2010,,,,0
25662,2011,,,,0
25662,2012,,,,0
25662,2013,,,,0
25662,2014,,,,0
25662,2015,,,,0
25662,2016,,,,0
25662,2017,,,,0
25662,2018,,,,0
25662,2019,,,,0
25662,2020,,,,0
25662,2021,,,,0
25662,2022,,,,0
25662,2023,,,,0
25662,2024,,,,0
25718,2001,,,,0
25718,2002,,,,0
25718,2003,,,,0
25718,2004,,,,0
25718,2005,,,,0
25718,2006,,,,0
25718,2007,,,,0
25718,2008,,,,0
25718,2009,,,,0
25718,2010,,,,0
25718,2011,,,,0
25718,2012,,,,0
25718,2013,,,,0
25718,2014,,,,0
25718,2015,,,,0
25718,2016,,,,0
25718,2017,,,,0
25718,2018,,,,0
25718,2019,,,,0
25718,2020,,,,0
25718,2021,,,,0
25718,2022,,,,0
25718,2023,,,,0
25718,2024,,,,0
25736,2001,,,,0
25736,2002,,,,0
25736,2003,,,,0
25736,2004,,,,0
25736,2005,,,,0
25736,2006,,,,0
25736,2007,,,,0
25736,2008,,,,0
25736,2009,,,,0
25736,2010,,,,0
25736,2011,,,,0
25736,2012,,,,0
25736,2013,,,,0
25736,2014,,,,0
25736,2015,,,,0
25736,2016,,,,0
25736,2017,,,,0
25736,2018,,,,0
25736,2019,,,,0
25736,2020,,,,0
25736,2021,,,,0
25736,2022,,,,0
25736,2023,,,,0
25736,2024,,,,0
25740,2001,,,,0
25740,2002,,,,0
25740,2003,,,,0
25740,2004,,,,0
25740,2005,,,,0
25740,2006,,,,0
25740,2007,,,,0
25740,2008,,,,0
25740,2009,,,,0
25740,2010,,,,0
25740,2011,,,,0
25740,2012,,,,0
25740,2013,,,,0
25740,2014,,,,0
25740,2015,,,,0
25740,2016,,,,0
25740,2017,,,,0
25740,2018,,,,0
25740,2019,,,,0
25740,2020,,,,0
25740,2021,,,,0
25740,2022,,,,0
25740,2023,,,,0
25740,2024,,,,0
25743,2001,,,,0
25743,2002,,,,0
25743,2003,,,,0
25743,2004,,,,0
25743,2005,,,,0
25743,2006,,,,0
25743,2007,,,,0
25743,2008,,,,0
25743,2009,,,,0
25743,2010,,,,0
25743,2011,,,,0
25743,2012,,,,0
25743,2013,,,,0
25743,2014,,,,0
25743,2015,,,,0
25743,2016,,,,0
25743,2017,,,,0
25743,2018,,,,0
25743,2019,,,,0
25743,2020,,,,0
25743,2021,,,,0
25743,2022,,,,0
25743,2023,,,,0
25743,2024,,,,0
25745,2001,,,,0
25745,2002,,,,0
25745,2003,,,,0
25745,2004,,,,0
25745,2005,,,,0
25745,2006,,,,0
25745,2007,,,,0
25745,2008,,,,0
25745,2009,,,,0
25745,2010,,,,0
25745,2011,,,,0
25745,2012,,,,0
25745,2013,,,,0
25745,2014,,,,0
25745,2015,,,,0
25745,2016,,,,0
25745,2017,,,,0
25745,2018,,,,0
25745,2019,,,,0
25745,2020,,,,0
25745,2021,,,,0
25745,2022,,,,0
25745,2023,,,,0
25745,2024,,,,0
25754,2001,,,,0
25754,2002,,,,0
25754,2003,,,,0
25754,2004,,,,0
25754,2005,,,,0
25754,2006,,,,0
25754,2007,,,,0
25754,2008,,,,0
25754,2009,,,,0
25754,2010,,,,0
25754,2011,,,,0
25754,2012,,,,0
25754,2013,,,,0
25754,2014,,,,0
25754,2015,,,,0
25754,2016,,,,0
25754,2017,,,,0
25754,2018,,,,0
25754,2019,,,,0
25754,2020,,,,0
25754,2021,,,,0
25754,2022,,,,0
25754,2023,,,,0
25754,2024,,,,0
25758,2001,,,,0
25758,2002,,,,0
25758,2003,,,,0
25758,2004,,,,0
25758,2005,,,,0
25758,2006,,,,0
25758,2007,,,,0
25758,2008,,,,0
25758,2009,,,,0
25758,2010,,,,0
25758,2011,,,,0
25758,2012,,,,0
25758,2013,,,,0
25758,2014,,,,0
25758,2015,,,,0
25758,2016,,,,0
25758,2017,,,,0
25758,2018,,,,0
25758,2019,,,,0
25758,2020,,,,0
25758,2021,,,,0
25758,2022,,,,0
25758,2023,,,,0
25758,2024,,,,0
25769,2001,,,,0
25769,2002,,,,0
25769,2003,,,,0
25769,2004,,,,0
25769,2005,,,,0
25769,2006,,,,0
25769,2007,,,,0
25769,2008,,,,0
25769,2009,,,,0
25769,2010,,,,0
25769,2011,,,,0
25769,2012,,,,0
25769,2013,,,,0
25769,2014,,,,0
25769,2015,,,,0
25769,2016,,,,0
25769,2017,,,,0
25769,2018,,,,0
25769,2019,,,,0
25769,2020,,,,0
25769,2021,,,,0
25769,2022,,,,0
25769,2023,,,,0
25769,2024,,,,0
25772,2001,,,,0
25772,2002,,,,0
25772,2003,,,,0
25772,2004,,,,0
25772,2005,,,,0
25772,2006,,,,0
25772,2007,,,,0
25772,2008,,,,0
25772,2009,,,,0
25772,2010,,,,0
25772,2011,,,,0
25772,2012,,,,0
25772,2013,,,,0
25772,2014,,,,0
25772,2015,,,,0
25772,2016,,,,0
25772,2017,,,,0
25772,2018,,,,0
25772,2019,,,,0
25772,2020,,,,0
25772,2021,,,,0
25772,2022,,,,0
25772,2023,,,,0
25772,2024,,,,0
