id,entityId,esUpdatedOn,standardId,standardName,accountId,accountName,modifiedDate,auxiliaries,status,publicStateNameEn,projectId,projectName,projectDescription,environmentalCategory,piusListed,projectStartDate,projectActivationDate,projectPublicVisibility,statePublicVisibility,projectSubmittedDate,projectRegistrationDate,projectEndDate,masterProjectId,masterProjectName,projectType,vcsProjectId,validatorName,validatorId,ragRating,stateCode,units,countryId,countryName,city,stateProvince,gridReference,latitude,longitude,accountExternalIdentifier,certification,additionalCertification,additionalGoalInfo,complianceEligibility,projectSubmissionId,submissionDate,startDate,latitudeLongitude,sectoralScope,unitsIssuedInPermanenceBufferAccount,unitsIssuedInCorrespondingAdjustmentReserveAccount,unitsIssuedInCountrySopReserveAccount,electricityGenerated,plasticCredits,exanteQuantity,unitsGhgEmissionReduction,unitsIssued,unitsInOmgeAccount,unitsInAppFundAccount,hcloaName,corrAdjustmentName,projectCategory,projectActivityType,considerAccountPrivate,authorizedRepresentative,methodologies,ccbStandardTypeId,ccbStandardTypeName,periodOfValidityStart,verraProjectRegistrationDate,regionId,regionName,area,website,proponents,afoluNames,avgAnnualVolVcu,otherGhgProgramName,otherGhgProgramId,registeredOtherGhgProgram,jnrProgramProjectName,creditPeriodStartDate,creditPeriodEndDate,sdContributions,projectSize,projectSizeId,creditPeriodTerm,creditPeriod,jurisdictionalStatus,jurisdictionalStatusId,jnrScenario,jnrScenarioId,dateOfInactivity,linkedVcsProjectId,registeredInVcs,estimatedAnnualCarbonDioxideRemovals,estimatedEmissionsAnnualReduction,projectMaterialTypes,projectEndOfLifeSelections,fuente,_id_estable,metodo_correccion_coords,COD_DANE,NOMBRE_MPI
110200000674123,110200000674123,2026-08-21T17:27:46.103504499,150000000000001,Verified Carbon Standard,,,2024-03-14T09:42:14,,Pipeline Listing (under development) approved,Pipeline listing (under development) approved,3475,ACABA REDD+ Project,"The ACABA REDD+ Project is located in the General Community Council of the Baudó River and its Tributaries (ACABA) on the Pacific coast of the department of Chocó. The Project contains very humid tropical forest with transition to tropical pluvial forest, and has unique habitat conditions for both flora and fauna. It is considered an invaluable region at the national and international level and is classified as one of the of the most biodiverse hotspots on Earth, characterized by the presence of endemic species. Significant and exponential deforestation has occurred in the region over time, which according to the IDEAM forest monitoring report for the 2010-2017 period was 10,559 ha. This scenario is the caused by a lack of territorial planning, which in turn results in processes associated with wood extraction, the expansion of the agricultural frontier, the establishment of crops for illicit use, unplanned infrastructure, the construction of new road accesses, and itinerant open-pit mining. The project uses a standalone approach and an annual average of 208,556 tCO2e are expected to be reduced with a total reduction of 6,465,226 tCO2e over the project’s lifetime of thirty years. With the implementation of the REDD+ project, the community will achieve the reduction of emissions resulting from deforestation and forest degradation, and thereby environmental and social benefits will be generated. Additionally, economic resources will be available to be invested in the creation of productive opportunities aimed at improving the living conditions of the inhabitants, in alignment with the ACABA ethno-development plan. The Project is eligible under the VCS Program and uses the VM0009, v3 Methodology. The project will have a AUDD activity type baseline scenario, using Colombia’s national Forest Reference Emissions Levels (FREL). The project will generate GHG emission reductions by reducing unplanned deforestation, covering activities within the scope of the VCS Program.",Carbon,No,2019-02-13T00:00:00,,True,True,,,2029-02-12T00:00:00,,,,3475,,,,PIPELINE_LISTING_UNDER_DEVELOPMENT_APPROVED,False,100000000000011,Colombia,Municipalities of Alto Baudó and Medio Baudó,department of Chocó,,5.539792,-77.105663,,,,,,3475,2019-02-13T00:00:00,2019-02-13T00:00:00,5.539792/77.105663,Agriculture Forestry and Other Land Use,,,,,,,,,,,,,,,False,,VM0009 (Version NA),,,2019-02-13T00:00:00,,150000000000045.0,Latin America,98683.0,https://www.wildlifeworks.com/,"Consejo Comunitario General Del Río Baudo y sus Afluentes, ACABA",REDD,208556,,,False,,2019-02-13T00:00:00,2029-02-12T00:00:00,,"5,000 - 1,000,000 tCO2-e per year",150000000000062,1.0,,,,,,,,False,,,,,verra_platts,3475,signo_lon_negado,27025,ALTO BAUDÓ
110200000675492,110200000675492,2026-08-21T17:27:46.304516709,150000000000001,Verified Carbon Standard,,,2025-03-12T01:52:35,,Registered,Registered,1389,Acapa -­ Bajo Mira Y Frontera REDD+ Project,"Proyecto REDD+ para mitigar el cambio climático, proteger la rica biodiversidad y generar fuentes de ingresos para las comunidades pobres, a través de la gobernanza forestal, el desarrollo de capacidades y las actividades productivas que evitarán la tala selectiva de bosques nativos, evitando la degradación y la deforestación. Ubicado en Tumaco, costa suroeste del Pacífico de Colombia. Desarrollado por BIOREDD+/USAID",Carbon,No,2013-11-13T00:00:00,2025-03-12T01:52:35,True,True,,,2043-11-12T00:00:00,,,,1389,"Rainforest Alliance, Inc. (Rainforest Alliance)",110100000041307.0,,REGISTERED,True,100000000000011,Colombia,Tumaco,Nariño,,1.6428,-78.892797,,,,,,1389,2013-11-13T00:00:00,2013-11-13T00:00:00,1.642800/-78.892797,Agriculture Forestry and Other Land Use,,,,,,,,,,,,,,,True,,VM0006 (Version NA),,,2013-11-13T00:00:00,2020-06-09T00:00:00,150000000000045.0,Latin America,58212.0,,Multiple Project Proponents,REDD,404786,,,False,,2013-11-13T00:00:00,2043-11-12T00:00:00,,"> 1,000,000 tCO2-e per year",150000000000063,1.0,30.0,,,,,,,False,,,,,verra_platts,1389,original,52835,SAN ANDRÉS DE TUMACO
110200000676448,110200000676448,2026-08-21T17:27:52.54229245,150000000000001,Verified Carbon Standard,,,2026-01-17T20:02:39,,Registered,Registered,2512,"AFFORESTATION OF DEGRADED GRASSLANDS IN VICHADA, COLOMBIA","The grouped project aim is to recover degraded grasslands in Vichada, Colombia, through the establishment of timber plantations. The first instance consists of the afforestation of 30,605 ha of low-fertility grasslands that have been degraded by livestock in the municipalities of Puerto Carreño and La Primavera, it includes the planting of Eucalyptus (Eucalyptus pellita) and Acacia (Acacia mangium) as timber species. Through afforestation activities to recover degraded lands, the project aims to promote connectivity between ecosystems. In addition, this project is expected to provide more than 200 full-time employment opportunities (with equal access to women and men) in a zone historically affected by poverty. Furthermore, the increase in the forest cover and sequestration of carbon in living biomass will contribute to the reduction of GHG emissions by acting as sink that sequesters an average of 139,489 tCO2e per year.",Carbon,No,2016-09-15T00:00:00,2026-01-17T20:02:39,True,True,,,2046-09-14T00:00:00,,,,2512,Colombian Institute for Technical Standards and Certification (ICONTEC),110100000042585.0,,REGISTERED,True,100000000000011,Colombia,Puerto Carreño,Vichada,,6.0902,-68.5006,,,,,,2512,2016-09-15T00:00:00,2016-09-15T00:00:00,6.090200/-68.500600,Agriculture Forestry and Other Land Use,,,,,,,,,,,,,,,False,,AR-ACM0003 (Version NA),,,2016-09-15T00:00:00,2022-05-25T00:00:00,150000000000045.0,Latin America,9419.0,,Forest First Colombia S.A.S. (PP),ARR,139489,,,False,,2016-09-15T00:00:00,2046-09-14T00:00:00,,"5,000 - 1,000,000 tCO2-e per year",150000000000062,1.0,30.0,,,,,,,False,,,,,verra_platts,2512,original,99001,PUERTO CARREÑO
110200000673379,110200000673379,2026-08-21T17:27:46.001735749,150000000000001,Verified Carbon Standard,,,2026-08-12T17:15:37.27,,Inactive,Inactive,3215,ASATIQ Vaupés Maloca REDD+ Project,"The ASATIQ Vaupés Maloca REDD+ Project is located within the area of the Association of Traditional Indigenous Authorities of Querarí (ASATIQ), which is part of the Great Eastern Indigenous Reservation of Vaupés in jurisdiction of the municipality of Mitú, in the department of Vaupés, Colombia. ASATIQ’s territory is located in the Colombian Amazon biome. The objective of the ASATIQ Vaupés Maloca REDD+ Project is to reduce greenhouse gas emissions coming mainly from deforestation and degradation of the Amazon Forest. Potential activities to reduce deforestation include forest protection and monitoring, the intensification and improvement of agricultural productivity in local communities, planting of fruit and timber trees (including those used for firewood), planting of other species used as construction materials, the creation of jobs as an alternative source of income (for example, in forest monitoring) and the improvement of health and education conditions of the communities in order to offer non-extractive work options. At the same time, actions in the medium and long terms have been defined to support the territory’s self-governance principles, as well as to promote the development of local traditional practices and ancestral education. The proposals made are framed aligned with the general action lines of the ASATIQ Life Plan. On the other hand, between 40% and 60% of recent IDEAM deforestation early warning bulletins come from the Amazon, and the department of Vaupés appears in the first five ranks of alert. Under these circumstances, the without-project scenario presents an unplanned use of forest resources with extractive logging activities and the expansion of the agricultural frontier through subsistence crops and itinerant mining, which are being developed progressively putting at risk the ecosystem balance of the forests and the cultural traditions of the communities. The duration of the project is proposed from January 1, 2018 to December 31, 2047.",Carbon,No,2019-11-08T00:00:00,,True,True,,,2049-11-07T00:00:00,,,,3215,"AENOR CONFIA, S.A. (UNIPERSONAL)",110100000041003.0,,INACTIVE,False,100000000000011,Colombia,municipality of Mitu,Department of Vaupés,,1.605186,-70.48573,,,,,,3215,2019-11-08T00:00:00,,1.605186/70.485730,Agriculture Forestry and Other Land Use,,,,,,,,,,,,,,,False,,VM0009 (Version NA),,,2019-11-08T00:00:00,,150000000000045.0,Latin America,391310.0,www.wildlifeworks.com,Association of Traditional Indigenous Authorities of Querarí (ASATIQ),REDD,943225,,,False,,2019-11-08T00:00:00,2049-11-07T00:00:00,,"5,000 - 1,000,000 tCO2-e per year",150000000000062,1.0,30.0,,,,,,,False,,,,,verra_platts,3215,signo_lon_negado,97001,MITÚ
110200000673688,110200000673688,2026-08-21T17:27:46.021506895,150000000000001,Verified Carbon Standard,,,2024-11-01T20:12:04,,Registration and verification approval requested,Registration and verification approval requested,3216,ASATRIZY Vaupés Maloca REDD+ Project,"The ASATRIZY Vaupés Maloca REDD+ Project proposed to be implemented in the Great Eastern Reservation of Vaupés is in the Reduced Emissions from Deforestation and Degradation (REDD+) category. Development of the REDD+ project is based on the VM0009 Methodology, v3 of the VCS. This methodology is applicable to this project and is being used for other REDD+ projects in the region. It has also been used by Wildlife Works, having two types of areas of application.  The first, corresponding to the Project Area (PA) and the second to the Project Accounting Area (PAA). The PAA is the area with forest cover, where the project would implement activities to prevent deforestation and whose results would be used to calculate carbon credits. According to the territory conditions, this is a standalone project that respects ASATRIZY’s autonomy. In the without-project scenario, the forest ecosystems in the department of Vaupés and in particular those in the territory of ASATRIZY are located in life zones of tropical humid forest. This area has been recognized as one of the most biodiverse in the country and the whole continent, being characterized by its endemic species. The forest monitoring carried out by the Colombian Government and coordinated by IDEAM has shown a national annual deforestation average between 177,764 ha and 219,552 ha for the 2016-2017 period, with the Amazon biome representing 70% of the total deforestation. In addition, between 40% and 60% of recent IDEAM deforestation early warning bulletins come from the Amazon, and the department of Vaupés appears in the first five ranks of alert. According to this scenario and based on data obtained from the Amazonian Scientific Research Institute (SINCHI) and through field visits carried out by WWC, it was possible to identify the unplanned use of forestry resources as the main driver of deforestation in the project area, consisting of “slash-and-burn” activities in the jungle to expand the chagras.",Carbon,No,2019-05-30T00:00:00,,True,True,,,2049-05-29T00:00:00,,,,3216,"AENOR CONFIA, S.A. (UNIPERSONAL)",110100000041003.0,,REGISTRATION_VERIFICATION_APPROVAL_REQ,False,100000000000011,Colombia,Municipality of Mitú,Department of Vaupés,,0.588388,-70.455077,,,,,,3216,2019-05-30T00:00:00,2019-05-30T00:00:00,0.588388/70.455077,Agriculture Forestry and Other Land Use,,,,,,,,,,,,,,,False,,VM0009 (Version NA),,,2019-05-30T00:00:00,,150000000000045.0,Latin America,128556.0,www.wildlifeworks.com,Association of Traditional Indigenous Authorities of the Yapú Zone (ASATRIZY),REDD,355612,,,False,,2019-05-30T00:00:00,2049-05-29T00:00:00,,"5,000 - 1,000,000 tCO2-e per year",150000000000062,1.0,30.0,,,,,,,False,,,,,verra_platts,3216,signo_lon_negado,97001,MITÚ
110200000676707,110200000676707,2026-08-21T17:27:52.557400767,150000000000001,Verified Carbon Standard,,,2022-04-05T20:40:33,,Pipeline Listing (under development) approved,Pipeline listing (under development) approved,1524,AXIA Energia Cogeneration Project in Familia,"The AXIA Energia Cogeneration Project in Familia will be implemented by the company AXIA Energía S.A.S.The project consists of the implementation and operation of a cogeneration plant to deliver electric and thermal energy to the manufacturing plant of the company Productos Familia S.A., located in the municipality of Medellin in the Department of Antioquia in Colombia. The main equipment of the cogeneration plant consists of a high-efficiency natural gas based power generator and a heat recovery steam boiler that utilizes waste energy. The project is expected to reduce approximately 7,901 tCO2 per year by reducing fossil fuel consumption.Besides, the project contributes to the country's sustainable development by decreasing other emissions such as sulphur oxides and particulate matter, as well as stimlulating the technology transfer and diffusion of similar activities in the industrial sectors in Colombia.",Carbon,No,2016-05-01T00:00:00,,True,True,,,2026-04-30T00:00:00,,,,1524,,,,PIPELINE_LISTING_UNDER_DEVELOPMENT_APPROVED,False,100000000000011,Colombia,municipality of Medellin,Department of Antioquia,,6.198269,-75.581389,,,,,,1524,2016-05-01T00:00:00,2016-05-01T00:00:00,6.198269/-75.581389,Manufacturing industries,,,,,,,,,,,,,,,False,,AMS-II.D. (Version NA),,,2016-05-01T00:00:00,,150000000000045.0,Latin America,,,AXIA Energia,,7901,,,False,,2016-05-01T00:00:00,2026-04-30T00:00:00,,"5,000 - 1,000,000 tCO2-e per year",150000000000062,1.0,,,,,,,,False,,,,,verra_platts,1524,original,05001,MEDELLÍN
110200000676876,110200000676876,2026-08-21T17:27:52.581192949,150000000000001,Verified Carbon Standard,,,2022-04-04T18:21:24,,Pipeline Listing (under development) approved,Pipeline listing (under development) approved,1405,AXIA Energia Cogeneration Project in Unibol,"The AXIA Energia Cogeneration Project in Unibol will be implemented by the company AXIA Energía S.A.S.  The project consists of the implementation and operation of a cogeneration plant to deliver electric and thermal energy to the paper manufacturing plant of the company Fábrica de Bolsas de Papel Unibol S.A., located in the municipality of Soledad in the Department of Atlántico in Colombia.  The main equipment of the cogeneration plant consists of a high-efficiency natural gas based power generator and a heat recovery steam boiler that utilizes waste energy. The project is expected to reduce approximately 9,354 tCO2 per year by reducing fossil fuel consumption.  Besides, the project contributes to the country ́s sustainable development by decreasing other emissions such as sulphur oxides and particulate matter, as well as stimlulating the technology transfer and diffusion of similar activities in the industrial sectors in Colombia",Carbon,No,2015-07-01T00:00:00,,True,True,,,2025-06-30T00:00:00,,,,1405,Bureau Veritas India Private Limited,110100000045221.0,,PIPELINE_LISTING_UNDER_DEVELOPMENT_APPROVED,False,100000000000011,Colombia,municipality of Soledad,Department of Atlántico,,10.8971,-74.7683,,,,,,1405,2015-07-01T00:00:00,2015-07-01T00:00:00,10.897100/-74.768300,Manufacturing industries,,,,,,,,,,,,,,,False,,AMS-II.D. (Version 13),,,2015-07-01T00:00:00,,150000000000043.0,Asia,,,AXIA Energia,,9354,,,False,,2015-07-01T00:00:00,2025-06-30T00:00:00,,"5,000 - 1,000,000 tCO2-e per year",150000000000062,1.0,,,,,,,,False,,,,,verra_platts,1405,original,08758,SOLEDAD
110200000677888,110200000677888,2026-08-21T17:27:52.638254306,150000000000001,Verified Carbon Standard,,,2024-12-09T00:37:24,,Registration and verification approval requested,Registration and verification approval requested,3210,Bajo Atrato REDD+ Project,"The purpose of the REDD+ Bajo Atrato project is to reduce GHG emissions from deforestation and forest degradation activities, envisioning that the efforts of the communities inhabiting and owning the territories where it is located are materialized in actions that lead to forest conservation and the improvement of living conditions. The project is located in the northwest of Colombia, in the Department of Chocó, between the municipalities of Riosucio and Carmen del Darién, in the lower basin of the Atrato River, which is part of the Darién area. In the area of the project’s first instance, the following Afro-descendant communal lands are grouped: the Quiparadó River Basin Community Council, the Curbaradó River Community Council, the Salaquí River Basin Community Council, the Cacarica River Basin Community Council, the Truandó Medio La Teresita Community Council, the Bocas de Taparal Community Council, the Dos Bocas Chintado Community Council, the La Nueva Truandó Community Council, and the Clavellino Community Council. The actions that will make possible to reduce deforestation and forest degradation in the project area are aligned with the needs and purposes  identified during the first meetings with the communities and while conducting the prior, free and informed consent process. These actions are aimed at achieving four major purposes: strengthening of governance and community management; improvement of community welfare; provision of social and community infrastructure; and boost of sustainable livelihoods and environmental protection, basic sanitation and aqueducts. The lands in the project area include tropical pluvial forests with transition to cold and very humid tropical forests. There, forests, grasslands, secondary vegetation, swampy areas and agroecosystems are found. In these areas, deforestation is associated with wood extraction, agricultural frontier expansion, illicit crop cultivation, and unplanned infrastructure construction.",Carbon,No,2019-10-17T00:00:00,,True,True,,,2049-10-16T00:00:00,,,,3210,"AENOR CONFIA, S.A. (UNIPERSONAL)",110100000041003.0,,REGISTRATION_VERIFICATION_APPROVAL_REQ,False,100000000000011,Colombia,Municipalities of Riosucio and Carmen del Darién,Department of Chocó,,7.354147,-77.391208,,,,,,3210,2019-10-17T00:00:00,2019-10-17T00:00:00,7.354147/77.391208,Agriculture Forestry and Other Land Use,,,,,,,,,,,,,,,False,,VM0009 (Version NA),,,2019-10-17T00:00:00,,150000000000045.0,Latin America,313082.0,www.wildlifeworks.com,Multiple Project Proponents,REDD,668184,,,False,,2019-10-17T00:00:00,2049-10-16T00:00:00,,"5,000 - 1,000,000 tCO2-e per year",150000000000062,1.0,30.0,,,,,,,False,,,,,verra_platts,3210,signo_lon_negado,27615,RIOSUCIO
110200000672610,110200000672610,2026-08-21T17:27:39.653690219,150000000000001,Verified Carbon Standard,,,2026-02-17T22:16:23,,Registered,Registered,1395,Bajo Calima y Bahía Málaga (BCBM) REDD+ Project,"REDD+ Project to mitigate climate change, protect rich biodiversity, and generate sources of income for poor communities, through forest governance, capacity building, and productive activities that will prevent selective logging of native forests, avoiding degradation and deforestation. Located in Buenaventura, Western Pacific coast of Colombia. Developed by BIOREDD+/USAID",Carbon,No,2013-08-26T00:00:00,2026-02-17T22:16:23,True,True,,,2043-08-25T00:00:00,,,,1395,"Rainforest Alliance, Inc. (Rainforest Alliance)",110100000041307.0,,REGISTERED,True,100000000000011,Colombia,Buenaventura,Valle de Cauca,,4.005277,-77.159722,,,,,,1395,2013-08-26T00:00:00,2013-08-26T00:00:00,4.005277/-77.159722,Agriculture Forestry and Other Land Use,,,,,,,,,,,,,,,True,,VM0006 (Version NA),,,2013-08-26T00:00:00,2020-04-06T00:00:00,150000000000045.0,Latin America,83452.0,,Multiple Project Proponents,REDD,1050286,,,False,,2013-08-26T00:00:00,2043-08-25T00:00:00,,"> 1,000,000 tCO2-e per year",150000000000063,1.0,30.0,,,,,,,False,,,,,verra_platts,1395,original,76109,BUENAVENTURA
110200000672015,110200000672015,2026-08-21T17:27:39.617865227,150000000000001,Verified Carbon Standard,,,2025-04-01T22:17:26,,Under validation (Public comment period closed),Under validation (Public comment period closed),5305,Bella Bosque Vichada Afforestation Project,"The project aims to undertake afforestation across 11,452 hectares of degraded grasslands, using a mix of native species and eucalyptus trees, and to preserve the planted areas. The objective of the project is to build biodiversity corridors across the land that is primarily dominated by cattle grazing, provide economical alternative livelihoods to local populations in the sparsely-populated region, and provide a source of material for fencing (from thinning activities, not for commercial harvesting) for local use. At the time of the project’s listing process' start (October 2024), 20.5 hectares have been planted in the Potosí farm and constitute the initial activity instance for the project. The initial instance of the grouped project is located in the Primavera municipality, roughly halfway between Puerto Carreño, the capital of the Vichada Department, which is situated on Colombia's eastern border with Venezuela, and Villavicencio, a sizable city in the westernmost part of the Meta Department. All project areas have historically been used for cattle grazing activities and rudimentary fire management practices, which have led to a continuous state of degradation, which is expected to continue. The project is expected to remove 15,374 tCO2e from the atmosphere with this initial activity instance and an average annual sequestration of 512 tCO2e. Overall, the project will have a positive community impact, providing economic opportunities to residents (and non-residents ) in the area. It will bring skilled training to seasonal and year-round employees of the project partners.",Carbon,No,2024-06-17T00:00:00,,True,True,,,2054-06-16T00:00:00,,,,5305,Carbon Check (India) Private Ltd.,110100000035758.0,,UNDER_VAL_COMMENT_CLOSED,False,100000000000011,Colombia,La Primavera,Vichada,,5.418336,-70.143544,,,,,,5305,2024-06-17T00:00:00,2024-06-17T00:00:00,5.418336/-70.143544,Agriculture Forestry and Other Land Use,,,,,,,,,,,,,,,False,,VM0047 (Version NA),,,2024-06-17T00:00:00,,150000000000045.0,Latin America,20.0,,Multiple Project Proponents,ARR,512,,,False,,2024-06-17T00:00:00,2054-06-16T00:00:00,,"5,000 - 1,000,000 tCO2-e per year",150000000000062,1.0,30.0,,,,,,,False,,,,,verra_platts,5305,original,99524,LA PRIMAVERA
110200000673334,110200000673334,2026-08-21T17:27:45.998772483,150000000000001,Verified Carbon Standard,,,2026-03-11T16:42:57,,Late to Verify,Late to Verify,491,"Bionersis landfill  project in Pasto, Colombia","The small-scale project activity is to build, operate and maintain a landfill gas collection and flaring system on the Antanas landfill in Pasto, Colombia. It is an anaerobic managed landfill, owned by the municipality of Pasto and managed by Empresa Metropolitana de Aseo de Pasto (EMAS – Pasto S.A.E.S.P.). The landfill started operations in April 2001 and will close in 2034. Since its opening, the landfill has received approximately 600,000 tons of solid waste from the municipality of Pasto and neighbouring municipalities. It currently receives 220 tons of waste per day. The landfill is covered with clay and vegetal soil on areas which do not receive waste anymore. The location details of the landfill are provided in section A4. The equipment includes inter alia a gas collection network, a high temperature enclosed flare, monitoring and control systems and civil works.At a later stage, the landfill gas collected may be used as fuel for electricity generation.",Carbon,No,2020-04-06T00:00:00,,True,True,,,2030-04-05T00:00:00,,,,491,Tuev Sued Industrie Service GmbH (Tuev Sued),110100000042389.0,,LATE_TO_VERIFY,False,100000000000011,Colombia,Pasto,Nariño,,1.27722,-77.26222,,,,,,491,2009-06-29T00:00:00,2009-06-29T00:00:00,1.277220/-77.262220,Waste handling and disposal,,,,,,,,,,,,,,,False,,AMS-III.G. (Version NA),,,2009-06-29T00:00:00,2020-04-06T00:00:00,,,,,Bionersis S.A.,,24905,,,False,,2020-04-06T00:00:00,2030-04-05T00:00:00,,"5,000 - 1,000,000 tCO2-e per year",150000000000062,1.0,,,,,,,,False,,,,,verra_platts,491,original,52001,PASTO
110200000675916,110200000675916,2026-08-21T17:27:52.507988651,150000000000001,Verified Carbon Standard,,,2020-04-07T21:24:02,,Late to Verify,Late to Verify,1910,"Bionersis landfill project in Pasto, Colombia",This project is not registered with VCS. More information on the project can be found at CDM Project ID 2794: https://cdm.unfccc.int/Projects/DB/TUEV-SUED1248705611.94/view,Carbon,No,,,True,True,,,,,,,1910,Tuev Sued Industrie Service GmbH (Tuev Sued),110100000042389.0,,LATE_TO_VERIFY,True,100000000000011,Colombia,,Caldas,,-1.12,-77.17,,,,,,1910,2009-07-08T00:00:00,2009-07-08T00:00:00,-1.120000/-77.170000,Energy industries (renewable/non-renewable sources),,,,,,,,,,,,,,,False,,ACM0001 (Version NA),,,2009-07-08T00:00:00,2019-06-27T00:00:00,,,,,Credits transferred from approved GHG program,,54343,,,False,,,,,"5,000 - 1,000,000 tCO2-e per year",150000000000062,,,,,,,,,False,,,,,verra_platts,1910,original,86757,SAN MIGUEL
110200000672942,110200000672942,2026-08-21T17:27:39.699288182,150000000000001,Verified Carbon Standard,,,2026-08-10T18:18:41.752,,Late to Verify,Late to Verify,2290,BLUE CARBON PROJECT GULF OF MORROSQUILLO “VIDA MANGLAR”,"The Blue Carbon Project Gulf of Morrosquillo is a grouped project whose expansion region includes all the mangrove forests present in the Gulf of Morrosquillo, in the Colombian Caribbean. In this region are some of the most important mangrove and marine-coastal protected areas of the Caribbean coast: the mangroves of Cispatá Bay, La Balsa-Tinajones and adjacent sectors of the Sinu River estuarine delta; the mangrove ecosystems and lagoons of La Caimanera; and the Mangrove System of the Boca de Guacamayas Sector. The main objective of the project is the reduction of greenhouse gas emissions through activities that allow the identification, prioritization and execution of actions for the adequate management of mangroves, the promotion of sustainable development, the strengthening of local governance and the promotion of alternative productive activities, while contributing to the protection of high values of community conservation and biodiversity. The Project began on May 15, 2015 and will have an expected duration of 30 years; during this period, the reduction of 1,221,717 tCO2e is expected through the implementation of activities related to four strategic lines: strengthening of governance, alternative productive projects, recovery and rehabilitation of mangrove areas, and monitoring. In addition, it is expected that this project will provide community benefits related to the strengthening of local governance and management of regionally protected marine-coastal areas, the maintenance of sustainable community management practices of mangrove forests and increased perception of the value of forest resources, as well as the economic empowerment of community groups and increased employment opportunities. Positive impacts on biodiversity include conserving the mangrove’s ecosystems and biodiversity and maintaining the hydrobiological connectivity of the coastal-marine landscape. The manatee and needle caiman are two vulnerable species that are found in this area.",Carbon,No,2015-05-15T00:00:00,,True,True,,,2045-05-14T00:00:00,,,,2290,"AENOR CONFIA, S.A. (UNIPERSONAL)",110100000041003.0,,LATE_TO_VERIFY,True,100000000000011,Colombia,S Antero Sa Cruz de Lorica S Bern del Viento,Cordoba,,9.324177,-75.725577,,,,,,2290,2015-05-15T00:00:00,,9.324177/-75.725577,Agriculture Forestry and Other Land Use,,,,,,,,,,,,,,,True,,VM0007 (Version NA),,,2015-05-15T00:00:00,2021-05-06T00:00:00,150000000000045.0,Latin America,7561.0,,Conservation International Foundation,REDD,31310,,,False,,2015-05-15T00:00:00,2045-05-14T00:00:00,,"5,000 - 1,000,000 tCO2-e per year",150000000000062,1.0,30.0,,,,,,,False,,,,,verra_platts,2290,original,23672,SAN ANTERO
110200000672002,110200000672002,2026-08-22T00:02:13.853746148,150000000000001,Verified Carbon Standard,,,2024-11-26T16:59:33,,Pipeline Listing (under development) approved,Pipeline listing (under development) approved,5335,Boomitra grassland Restoration in Colombia,"This grouped project promotes sustainable grazing across Colombia’s diverse ecosystems, including the Llanos Orientales and inter-Andean valleys. Decades of overgrazing have degraded grasslands, causing soil erosion, compaction, and nutrient depletion, which reduces pasture productivity. This project supports the local ranchers in adopting practices such as rotational grazing, pasture enhancement, and improved livestock genetics suited to local conditions. Additionally, it promotes silvopastoral systems that integrate trees to boost carbon sequestration and discourage overgrazing, burning, and logging. The project will be implemented with the collaboration of field partners, who will help transfer knowledge and incentivize better ranching practices. The carbon finance resulting from this project is also expected to incentivize the implementation of the project activities. We estimate an initial yearly GHG removal of 700,000 tCO2e using the VM0042 methodology, version 2. The number of ranchers participating in the program is also projected to grow over the course of the crediting period. The project aligns with SDGs 2, 6, 8, 13, and 15, aiming for broad impact across Colombia’s grassland regions.",Carbon,No,2022-05-12T00:00:00,,True,True,,,2042-05-11T00:00:00,,,,5335,,,,PIPELINE_LISTING_UNDER_DEVELOPMENT_APPROVED,False,100000000000011,Colombia,Cali,Valle del Cauca,,8.200485,-73.710922,,,,,,5335,2022-05-12T00:00:00,2022-05-12T00:00:00,8.200485/-73.710922,Agriculture Forestry and Other Land Use,,,,,,,,,,,,,,,False,,VM0042 (Version NA),,,2022-05-12T00:00:00,,150000000000045.0,Latin America,700000.0,www.boomitra.com,Boomitra Inc (PP),ALM,666484,,,False,,2022-05-12T00:00:00,2042-05-11T00:00:00,,"5,000 - 1,000,000 tCO2-e per year",150000000000062,1.0,20.0,,,,,,,False,,,,,verra_platts,5335,original,20295,GAMARRA
110200000673329,110200000673329,2026-08-21T17:27:45.998474892,150000000000001,Verified Carbon Standard,,,2026-05-11T15:03:14,,Registered,Registered,1392,Cajambre REDD+ Project,"REDD+ Project to mitigate climate change, protect rich biodiversity, and generate sources of income for poor communities, through forest governance, capacity building, and productive activities that will prevent selective logging of native forests, avoiding degradation and deforestation. Located in Buenaventura, Western Pacific coast of Colombia. Developed by BIOREDD+/USAID",Carbon,No,2013-11-14T00:00:00,2026-05-11T15:03:14,True,True,,,2043-11-13T00:00:00,,,,1392,"AENOR CONFIA, S.A. (UNIPERSONAL)",110100000041003.0,,REGISTERED,True,100000000000011,Colombia,Valle,Valle,,3.292599,-77.128245,,,,,,1392,2013-11-14T00:00:00,2013-11-14T00:00:00,3.292599/-77.128245,Agriculture Forestry and Other Land Use,,,,,,,,,,,,,,,True,,VM0006 (Version NA),,,2013-11-14T00:00:00,2020-04-06T00:00:00,150000000000045.0,Latin America,60316.0,,Consejo Comunitario del Río Cajambre,REDD,297488,,,False,,2013-11-14T00:00:00,2043-11-13T00:00:00,,"5,000 - 1,000,000 tCO2-e per year",150000000000062,1.0,30.0,,,,,,,False,,,,,verra_platts,1392,original,76109,BUENAVENTURA
110200000675301,110200000675301,2026-08-21T17:27:46.293129712,150000000000001,Verified Carbon Standard,,,2024-05-09T14:11:29,,Registered,Registered,3970,Carbon In Flavor and Arome Forests (C-BOSAR),"The Carbon in Flavor and Aroma Forest (C-BOSAR), is a ARR carbon sequestration grouped project proposed by PROJECT SIERRA , designed by ECOTIERRA and RIOSIERRA with the support of RED ECOLSIERRA . The project is based on improving existent land use models to introduce coffee, cocoa, and honey agroforestry systems. The project aims to develop improved agroforestry systems for the production of shade coffee, cocoa and honey, with organic and fair-trade certification, through tree planting, the restoration of the community-nature relationship, technical training and assistance and contribution to the strengthening of value chains for these products in the Sierra Nevada de Santa Marta and the Serranía del Perijá.",Carbon,No,2022-09-02T00:00:00,2024-05-09T14:11:29,True,True,,,2072-09-01T00:00:00,,,,3970,"AENOR CONFIA, S.A. (UNIPERSONAL)",110100000041003.0,,REGISTERED,False,100000000000011,Colombia,"Sierra Nevada de Santa Marta, Serranía del Perija","Magdalena, La Guajira and Cesar departments",,10.4316,-73.5187,,,,,,3970,2022-09-02T00:00:00,2022-09-02T00:00:00,-73.518700/10.431600,Agriculture Forestry and Other Land Use,,,,,,,,,,,,,,,False,,AR-ACM0003 (Version 2),,,2022-09-02T00:00:00,2024-05-09T00:00:00,150000000000045.0,Latin America,3858.0,https://www.ecotierra.co/our-projects,Multiple Project Proponents,ARR,10247,,,False,,2022-09-02T00:00:00,2072-09-01T00:00:00,,"5,000 - 1,000,000 tCO2-e per year",150000000000062,1.0,50.0,,,,,,,False,,,,,verra_platts,3970,intercambiado,20570,PUEBLO BELLO
110200000674576,110200000674576,2026-08-21T17:27:46.185586351,150000000000001,Verified Carbon Standard,,,2026-06-02T18:38:36,,Registration and verification approval requested,Registration and verification approval requested,3927,CARBONO VIVO- A REGENERATIVE LIVESTOCK CARBON PROJECT WITH A PARTICIPATORY APPROACH IN COLOMBIA,"The regenerative livestock farming carbon project in Colombia is developed by the project developers Sosty S.A.S and Carbono Local+ GmbH. The project titled “Regenerative Livestock Carbon Project with a Participatory Approach in Colombia” is a comprehensive initiative developed by the project developers encompassing a variety of activities aimed at improving grazing practices, restoring soil health, and enhancing the resilience and well-being of farmers.  The primary objectives of the project are to reduce overall emissions through carbon sequestration in the soil while simultaneously improving farm productivity and conserving biodiversity in grazing areas. These goals will be achieved by enhancing livestock production practices, specifically by ceasing grassland burning and implementing adaptive multi-paddock grazing. The project will also promote the diversity of forages rather than the monoculture of pastures. This includes the management of native savannahs and introduced pastures, incorporating nitrogen-fixing species, and integrating silvo pastoral systems. The grouped project is developed within the Colombian agricultural frontier (located in five different eco-regions), which is the delimited area defined by the government, where livestock husbandry and agricultural activities are allowed to be developed. The project’s start date is 20.01.2020 and its crediting period goes on to 40 years. It targets a total 250,000 ha that can generate an annual average and total GHG emission reductions and removals of 292,050 tCO2eq per year and a total of 11,802,000 tCO2eq of emission reductions by 2060.",Carbon,No,2020-01-20T00:00:00,,True,True,,,2060-01-19T00:00:00,,,,3927,TÜV SÜD South Asia Private Limited,110100000044895.0,,REGISTRATION_VERIFICATION_APPROVAL_REQ,False,100000000000011,Colombia,"Amazon, Orinoco,Andean, Pacific, Caribbean #",16 Departments,,3.916963,-72.950833,,,,,,3927,2020-01-20T00:00:00,2020-01-20T00:00:00,3.916963/-72.950833,Agriculture Forestry and Other Land Use,,,,,,,,,,,,,,,False,,VM0042 (Version 2),,,2020-01-20T00:00:00,,150000000000045.0,Latin America,22000.0,https://www.sosty.co/proyecto-carbono-ganaderia,Multiple Project Proponents,ALM,841472,,,False,,2020-01-20T00:00:00,2060-01-19T00:00:00,,"5,000 - 1,000,000 tCO2-e per year",150000000000062,1.0,40.0,,,,,,,False,,,,,verra_platts,3927,original,50573,PUERTO LÓPEZ
110200000675313,110200000675313,2026-08-21T17:27:46.293816536,150000000000001,Verified Carbon Standard,,,2025-03-12T02:01:29,,Registered,Registered,1390,Carmen del Darién (CDD) REDD+ Project,"Proyecto REDD+ para mitigar el cambio climático, proteger la rica biodiversidad y generar fuentes de ingresos para las comunidades pobres, a través de la gobernanza forestal, el desarrollo de capacidades y las actividades productivas que evitarán la tala selectiva de bosques nativos, evitando la degradación y la deforestación. Ubicado en el norte del Chocó, costa pacífica noroccidental de Colombia. Desarrollado por BIOREDD+/USAID",Carbon,No,2014-01-28T00:00:00,2025-03-12T02:01:29,True,True,,,2044-01-27T00:00:00,,,,1390,"Rainforest Alliance, Inc. (Rainforest Alliance)",110100000041307.0,,REGISTERED,True,100000000000011,Colombia,Carmen del Darién,Chocó,,6.87222,-77.126078,,,,,,1390,2014-01-28T00:00:00,2014-01-28T00:00:00,6.872220/-77.126078,Agriculture Forestry and Other Land Use,,,,,,,,,,,,,,,True,,VM0006 (Version NA),,,2014-01-28T00:00:00,2020-04-06T00:00:00,150000000000045.0,Latin America,118318.0,,Multiple Project Proponents,REDD,62400,,,False,,2014-01-28T00:00:00,2044-01-27T00:00:00,,"5,000 - 1,000,000 tCO2-e per year",150000000000062,1.0,30.0,,,,,,,False,,,,,verra_platts,1390,original,27150,CARMEN DEL DARIÉN
110200000676624,110200000676624,2026-08-21T17:27:52.552514841,150000000000001,Verified Carbon Standard,,,2022-01-26T14:43:11,,Late to Verify,Late to Verify,1835,Caruquia 9.76 MW Hydroelectric Project,"The Caruquia hydroelectric project is a small run-of-river renewable small hydroelectric plant with a total installed capacity of 9,764 MW, located at the left margin of the Guadalupe River in the municipality of Santa Rosa de Osos, Department of Antioquia. The energy generated is sold to the National Interconnected System of Colombia. The purpose of the project is renewable electricity generation to be supplied to Colombian power grid.",Carbon,No,2020-01-28T00:00:00,,True,True,,,2030-01-27T00:00:00,,,,1835,EPIC Sustainability Services Private Limited,110100000039106.0,,LATE_TO_VERIFY,True,100000000000011,Colombia,Medellin city,Caruquia,,6.642777,-75.336666,,,,,,1835,2010-01-28T00:00:00,2010-01-28T00:00:00,6.642777/-75.336666,Energy industries (renewable/non-renewable sources),,,,,,,,,,,,,,,False,,AMS-I.D. (Version NA),,,2010-01-28T00:00:00,2018-12-11T00:00:00,150000000000045.0,Latin America,,,Caruquia S.A.S .ES.P.,,20303,,,False,,2020-01-28T00:00:00,2030-01-27T00:00:00,,"5,000 - 1,000,000 tCO2-e per year",150000000000062,2.0,,,,,,,,False,,,,,verra_platts,1835,original,05686,SANTA ROSA DE OSOS
110200000676584,110200000676584,2026-08-21T17:27:52.550365902,150000000000001,Verified Carbon Standard,,,2023-02-10T15:21:46,,Pipeline listing requested (under development),Pipeline listing requested (under development),2969,CHONTA COROZO REDD+,"The CHONTA COROZO REDD+ project develops in the upper and middle basin of the Guapi river in the Colombian pacific region, known as Choco Biogeographic, characterized by its high biodiversity. This area is immersed in the territories awarded to Community Council of the Alto Guapi (INCORA Resolution 01083 of 1998). These territories have historically been characterized by the confluence of deforestation drivers, among which the following stand out: the conversion of the forest lands for crops or pastures, the extraction of elements from the forest in a little controlled way (illegal extraction of wood and extraction of firewood), population migration, illegal activities and natural phenomena promoted by human activities. By associating these phenomena with the socioeconomic conditions presented by the community council and its closets territorial environment, which is the municipality of Guapi, in Cauca. It is evident that there is a high percentage of unsatisfied basic needs, mainly related to health conditions, informal work, and education. Therefore, acknowledging these limitations for the social development of the council and the guarantee of the conservation of the ecosystems that inhabit, we bring forward the importance of generating mechanisms to strengthen local aspects to overcome these limitations. With the development of the activities framed in each line of action, it is intended to develop participatory processes that allow the establishment of a sustainable forest management system, which allows the mitigation of the threats posed by the deforestation drivers described. This through the strategy of avoiding deforestation and forest degradation through the implementation of the REDD+ project (Reduction of Emissions due to Deforestation and Forest Degradation, conservation of carbon reserves, sustainable management of forests and improvement of forest reserves in developing countries).",Carbon,No,2017-07-01T00:00:00,,True,True,,,2037-06-30T00:00:00,,,,2969,"AENOR CONFIA, S.A. (UNIPERSONAL)",110100000041003.0,,PIPELINE_LISTING_UNDER_DEVELOPMENT,False,100000000000011,Colombia,Guapi/Cauca,Consejo Comunitario Alto Guapi,,2.281089,-77.668355,,,,,,2969,2017-07-01T00:00:00,2017-07-01T00:00:00,2.281089/77.668355,Agriculture Forestry and Other Land Use,,,,,,,,,,,,,,,False,,VM0007 (Version NA),,,2017-07-01T00:00:00,,150000000000045.0,Latin America,93142.0,https://www.biofix.co/proyectos,Multiple Project Proponents,REDD,129,,,False,,2017-07-01T00:00:00,2037-06-30T00:00:00,,"5,000 - 1,000,000 tCO2-e per year",150000000000062,1.0,20.0,,,,,,,False,,,,,verra_platts,2969,signo_lon_negado,19318,GUAPI
110200000675201,110200000675201,2026-08-21T17:27:46.287098187,150000000000001,Verified Carbon Standard,,,2026-04-24T13:38:16,,Pipeline Listing (under development) approved,Pipeline listing (under development) approved,5680,CO2ROZO,"CO2rozo is a large-scale grouped project within the AFOLU sector that aims to mitigate climate change through the conservation of strategic ecosystems and the sustainable transformation of livestock systems in the Caribbean region of Colombia. Its approach integrates forest and wetland protection with the implementation of regenerative agricultural practices, combining two methodologies: VM0007 – REDD+ for the conservation of natural ecosystems, and VM0042 – Improved Agricultural Land Management, for the transition to sustainable livestock systems. The project has a 40-year crediting period, during which it plans to intervene in over 200,000 hectares distributed across private lands in the Colombian Caribbean. The project area encompasses the departments of Atlántico, Antioquia, Bolívar, Cesar, Córdoba, La Guajira, Magdalena, Norte de Santander, Santander, and Sucre, all located within the Colombian Caribbean biome—a region of high ecological value that has experienced significant degradation due to agricultural frontier expansion. This region includes critical ecosystems such as tropical dry forests, seasonal wetlands, and natural savannas. REDD+ activities (VM0007) are designed to avoid unplanned deforestation and conserve remaining patches of tropical dry forests and inland wetlands through interventions such as knowledge management, land cover monitoring, hydrological restoration, and the formalization of voluntary conservation agreements with rural landowners to protect areas of high ecological value. IALM activities (VM0042) promote a regenerative livestock model through actions such as the implementation of silvopastoral systems, elimination of fire use, and improved pasture and water management. These measures aim to restore soils, increase soil organic carbon (SOC) content, and reduce emissions associated with enteric methane (CH₄) and nitrous oxide (N₂O) from conventional pasture and manure management practices.",Carbon,No,2024-07-01T00:00:00,,True,True,,,2064-06-30T00:00:00,,,,5680,,,,PIPELINE_LISTING_UNDER_DEVELOPMENT_APPROVED,False,100000000000011,Colombia,BARRANQUILLA,ATLANTICO,,11.011883,-74.791289,,,,,,5680,2024-07-01T00:00:00,2024-07-01T00:00:00,11.011883/74.791289,Agriculture Forestry and Other Land Use,,,,,,,,,,,,,,,False,,"VM0007 (Version NA), VM0042 (Version NA)",,,2024-07-01T00:00:00,,150000000000045.0,Latin America,400000.0,https://www.cataruben.org/project/Co2rozo,FUNDACIÓN CATARUBEN,"ALM,REDD,WRC",336242,,,False,,2024-07-01T00:00:00,2064-06-30T00:00:00,,"5,000 - 1,000,000 tCO2-e per year",150000000000062,1.0,40.0,,,,,,,False,,,,,verra_platts,5680,signo_lon_negado,08001,BARRANQUILLA
110200000673467,110200000673467,2026-08-21T17:27:46.007856373,150000000000001,Verified Carbon Standard,,,2026-02-13T16:40:20,,Under validation (Public comment period closed),Under validation (Public comment period closed),2071,"COCOMACIA COMMUNITY REDD+ PROGRAM, CHOCO/ANTIOQUIA COLOMBIA","The Project area of 695,245 hectares is in the collective territory of the Greater Community Council of the Integral Peasant Association of the Atrato , better known as COCOMACIA, in Colombia. The Project Area is situated in the middle part of the sub-region of the Atrato River Basin in the department of Chocó, in the municipalities of Atrato, Quibdó, Medio Atrato, Bojayá and Carmen del Darién, and in the department of Antioquia, in the municipalities of Vigía del Fuerte, Murindó and Urrao. COCOMACIA’s location at the Atrato River basin offers a variety of ecosystems to the Project Area, consisting of forests, chuscales, swamps, and rivers, where COCOMACIA plays a fundamental role in supporting conservation of natural resources and culture throughout the entire Atrato River. The land in the Project Area is part of the biologically diverse Chocó-Darien Bioregion, knowingly one of the most diverse areas in the world.PUBLIC COMMENT PERIOD:This project is open for public comment from 06 December 2019 – 05 January 2020. <a href=mailto: secretariat@v-c-s.org?subject=COCOMACIA comments>Submit comments from 06 December 2019 – 05 January 2020</a>",Carbon,No,2016-08-31T00:00:00,,True,True,,,2046-08-30T00:00:00,,,,2071,SCS Global Services,110100000044880.0,,UNDER_VAL_COMMENT_CLOSED,False,100000000000011,Colombia,"Choco, Antioquia",CA,,6.252258,-76.804568,,,,,,2071,2016-08-31T00:00:00,2016-08-31T00:00:00,6.252258/-76.804568,Agriculture Forestry and Other Land Use,,,,,,,,,,,,,,,False,,"VM0006 (Version NA), VM0048 (Version NA)",,,2016-08-31T00:00:00,,150000000000045.0,Latin America,1000000.0,,Multiple Project Proponents,REDD,3073861,,,False,,2016-08-31T00:00:00,2046-08-30T00:00:00,,"> 1,000,000 tCO2-e per year",150000000000063,1.0,30.0,,,,,,,False,,,,,verra_platts,2071,original,27001,QUIBDÓ
110200000671823,110200000671823,2026-08-21T17:27:39.605766663,150000000000001,Verified Carbon Standard,,,2025-08-26T15:13:14,,Registered,Registered,1400,Concosta REDD+ Project,"REDD+ Project to mitigate climate change, protect rich biodiversity, and generate sources of income for poor communities, through forest governance, capacity building, and productive activities that will prevent selective logging of native forests, avoiding degradation and deforestation. Located in the South of Choco, on the Pacific coast of Colombia. Developed by BIOREDD+/USAID",Carbon,No,2013-07-18T00:00:00,2025-08-26T15:13:14,True,True,,,2043-07-17T00:00:00,,,,1400,"Rainforest Alliance, Inc. (Rainforest Alliance)",110100000041307.0,,REGISTERED,True,100000000000011,Colombia,Choco,Department of Cauca,,4.704722,-77.221667,,,,,,1400,2013-07-18T00:00:00,2013-07-18T00:00:00,4.704722/-77.221667,Agriculture Forestry and Other Land Use,,,,,,,,,,,,,,,True,,VM0006 (Version NA),,,2013-07-18T00:00:00,2020-04-06T00:00:00,150000000000045.0,Latin America,52212.0,,Concosta Community Council,REDD,333978,,,False,,2013-07-18T00:00:00,2043-07-17T00:00:00,,"5,000 - 1,000,000 tCO2-e per year",150000000000062,1.0,30.0,,,,,,,False,,,,,verra_platts,1400,original,27077,BAJO BAUDÓ
110200000671676,110200000671676,2026-08-21T17:27:39.59497854,150000000000001,Verified Carbon Standard,,,2025-07-05T21:23:15,,Verification approval requested,Verification approval requested,2723,CONDOTO REDD+,"The CONDOTO REDD+ Project seeks the conservation of forests located in the territories of the afro communities organized as the Major Community Council of Condoto and Iró, located within the municipalities of Condoto and Río Iró, in the department of Chocó. The project zone has a total area of 65.026 ha, out of which 46.191 ha were forest in 2015. The area is characterized for its high biodiversity and rain tropical forests, but also for the presence of deforestation activities and social conflicts. Deforestation drivers include mining activities, subsistence agriculture, and activities of illegal use. Social issues include absence of the state and lack of sanitation, education and health infrastructure and lack of technical guidance regarding sustainable production models. The project aims to mitigate the effects caused by climate change by reducing CO2 emissions derived from deforestation and forest degradation, restore degraded forest lands, promote sustainable management of forests and develop productive activities to improve community welfare. The project also seeks to protect biodiversity and high conservation values, enhance ecological connectivity and secure natural habitats of vulnerable species (including those within some category of threat and those that represent ecological interest.",Carbon,No,2019-01-08T00:00:00,,True,True,,,2049-01-07T00:00:00,,,,2723,Earthood Services Limited,110100000036441.0,,VERIFICATION_APPROVAL_REQUESTED,True,100000000000011,Colombia,Municipality of Condoto,Department of Chocó,,5.089546,-76.652079,,,,,,2723,2019-01-08T00:00:00,2019-01-08T00:00:00,5.089546/-76.652079,Agriculture Forestry and Other Land Use,,,,,,,,,,,,,,,False,,VM0007 (Version NA),,,2019-01-08T00:00:00,2023-08-28T00:00:00,150000000000045.0,Latin America,65452.0,https://communityredd.com/en/projects/,Multiple Project Proponents,REDD,249943,,,False,,2019-01-08T00:00:00,2049-01-07T00:00:00,,"5,000 - 1,000,000 tCO2-e per year",150000000000062,1.0,30.0,,,,,,,False,,,,,verra_platts,2723,original,27205,CONDOTO
110200000676830,110200000676830,2026-08-21T17:27:52.564329812,150000000000001,Verified Carbon Standard,,,2025-03-12T01:26:03,,Pipeline Listing (under development) approved,Pipeline listing (under development) approved,2298,"CONSEJOS COMUNITARIOS DEL PACIFICO VALLE DEL CAUCA (CCPVC) PROGRAMA REDD+ VALLE DEL CAUCA, COLOMBIA","The Consejos Comunitarios del Pacífico en el Valle del Cauca REDD+ Program (called the CCPVC REDD+ Program or Program), is a grouped project which initially includes five Consejos or Community Councils located on the southwest, Pacific side, of Colombia. The initial Project Activity Instances include Consejos; Cuenca del Río Yurumanguí, Comunidad Negra Cuenca del Rio Mayorquín and Papayal, Comunidad Negra de la Cuenca del Río Raposo, Cuenca Mayor del Río Anchicaya, and Mayor de la Cuenca Media and Alta del Río Dagua. Each with legally recognized tenure over their territories, Río Yurumanguí (54,776 ha), Mayorquín and Papayal (19,060 ha), Río Raposo (20,536 ha), Mayor del Río Anchicaya (16,773 ha), and Mayor de la Cuenca Media and Alta del Río Dagua (9,423 ha). The overall Project Area (areas in which a Project Activity Instance must fall into) includes the Pacific zone of the department of Valle de Cauca in areas that are subject of unplanned deforestation and degradation (excluding any areas that have existing VCS projects registered). The Consejos in CCPVC will seek to improve livelihoods for community members and to the long-term environmental, social and financial sustainability of their territory. The location of CCPVC is near the Pacific Ocean and included major rivers that cut through the project area supporting high biodiversity. However, the territory of CCPVC experiences continuous reduction of forest cover, and the biodiversity with its ecosystems threatened. Deforestation and degradation in CCPVC has occurred due to unsustainable and illegal practices, such as illegal logging, small-scale mining, and shifting agriculture, with natural resources are being extracted unsustainably. CCPVC has directed their focus on the conservation and sustainable use of forests and other natural resources in their territories. The Project Area includes large expanses of forests and agroforestry areas that provide a crucial economic benefits to the local communities.",Carbon,No,2018-06-19T00:00:00,,True,True,,,2118-06-18T00:00:00,,,,2298,,,,PIPELINE_LISTING_UNDER_DEVELOPMENT_APPROVED,False,100000000000011,Colombia,Buenaventura,Valle de Cauca,,3.696826,-77.129521,,,,,,2298,2018-06-18T00:00:00,2018-06-18T00:00:00,3.696826/-77.129521,Agriculture Forestry and Other Land Use,,,,,,,,,,,,,,,False,,VM0006 (Version NA),,,2018-06-18T00:00:00,,150000000000045.0,Latin America,490542.0,,Multiple Project Proponents,REDD,796394,,,False,,2018-06-19T00:00:00,2118-06-18T00:00:00,,"> 1,000,000 tCO2-e per year",150000000000063,1.0,100.0,,,,,,,False,,,,,verra_platts,2298,original,76109,BUENAVENTURA
110200000674706,110200000674706,2026-08-21T17:27:46.193492994,150000000000001,Verified Carbon Standard,,,2025-08-04T14:46:32,,Withdrawn,Withdrawn,1821,Conservación de los Ecosistemas y el Almacén de Carbono Región de Transición Guayano Amazónica 'Flor de Inírida',"The proposed project activity belongs to: Sectoral Scope: 14AFOLU Project Category: Reduced Emissions from Deforestation and Degradation (REDD)Activity Type: Avoiding Unplanned Deforestation and Degradation & Avoiding Planned Deforestation and Degradation.The project aims for the ecosystems and carbon stock conservation in the Transition Region Guayano - Amazónica in Colombia.The project activity benefits are summarized in 14 sustainable mega-projects:1. Governance support: Capacity Building Program2. Characterization of biodiversity (Food sovereignty).3. Fish in the Orinoco Basin and Río Negro (Food Sovereignty).4. Systems for water treatment (Food sovereignty).5. Ethno-education.6. Vital cycles and rhythmic room patterns in the indigenous reserves (Housing - Sewerage - Habitat).7. Means of transport, connectivity and territorial communication.8. Health with an intercultural, ethno-cultural focus, for the indigenous population of the communities in the indigenous reserves.9. Media, scientific and ethnic documentary.10. Alternative and renewable energies.11. Climate effect on the REDD + project12. Soil improvement (food sovereignty).13. Box for small activities.14. Recognition and rewards system.All of them are in line with the Governance Framework Agreement signed with the collective territories owners.The project will be implemented in the following Indigenous Reservations:- Almidón La Ceiba- Bajo Río Guanía y Río Negro- Caranacor Yurí Laguna Morocoto- Coayaré El Coco- Cuenca Media y Alta Río Inírida- El Venado- Cuenca Alta y Río Guainía- Remanso Chorro Bocón- Río Atabapo e Inírida- Puerto Colombia, Ríos Cuyarí e Isana- Tonina SejalPublic Comment Period: 19 November - 19 December 2018No comments were received.",Carbon,No,2017-01-01T00:00:00,,True,True,,,2116-12-31T00:00:00,,,,1821,TÜV NORD CERT GmbH,110100000044456.0,,WITHDRAWN,False,100000000000011,Colombia,'Guayano' - Amazonic Transition Region,Guainia,,2.613478,-69.154694,,,,,,1821,2017-01-01T00:00:00,2017-01-01T00:00:00,2.613478/-69.154694,Agriculture Forestry and Other Land Use,,,,,,,,,,,,,,,False,,VM0007 (Version NA),,,2017-01-01T00:00:00,,150000000000045.0,Latin America,1000.0,,Ciprogress Greenlife (PP),REDD,7627523,,,False,,2017-01-01T00:00:00,2116-12-31T00:00:00,,"> 1,000,000 tCO2-e per year",150000000000063,1.0,100.0,,,,,,,False,,,,,verra_platts,1821,original,94001,INÍRIDA
110200000673704,110200000673704,2026-08-21T17:27:46.022934034,150000000000001,Verified Carbon Standard,,,2026-07-20T20:03:55,,Registered,Registered,2084,"CONSERVATION PROJECT REDD+ SUR DEL META BOSQUES DE PAZ, SUSTENTO DE VIDA","The Meta Sostenible project is a grouped REDD+ project located in the department of Meta, Colombia. The project area is inside the Amazonian biome and includes the municipalities of Puerto Rico, Vista Hermosa, Mesetas, La Uribe and La Macarena. The project aims at reducing deforestation caused by the expansion of agriculture and the installation of grasslands for the development of extensive cattle ranching, and in a lesser extent by the proliferation of illegal crops and development of infrastructure (mainly roads).The project activities that will promote the reduction of GHG caused by deforestation include the improvement of schools and local health systems, the transfer of knowledge through training about local finances, administration, practices for the good management of projects, among others; along with the development of agroforestry systems.PUBLIC COMMENT PERIOD:This project was open for public comment from 30 January 2020 – 27 February 2020.",Carbon,No,2019-01-01T00:00:00,2026-07-20T20:03:55,True,True,,,2048-12-31T00:00:00,,,,2084,KBS Certification Services Limited,110100000036823.0,,REGISTERED,False,100000000000011,Colombia,Multiple Municipalities,Meta,,2.94206,-73.208302,,,,,,2084,2019-01-01T00:00:00,2019-01-01T00:00:00,2.942060/-73.208302,Agriculture Forestry and Other Land Use,,,,,,,,,,,,,,,False,,VM0015 (Version 1.1),,,2019-01-01T00:00:00,2024-07-16T00:00:00,150000000000045.0,Latin America,77612.0,,Karbon-X,REDD,374315,,,False,,2019-01-01T00:00:00,2048-12-31T00:00:00,,"5,000 - 1,000,000 tCO2-e per year",150000000000062,1.0,30.0,,,,,,,False,,,,,verra_platts,2084,original,50590,PUERTO RICO
110200000674330,110200000674330,2026-08-21T17:27:46.115992907,150000000000001,Verified Carbon Standard,,,2022-12-24T18:14:01,,Withdrawn,Withdrawn,2872,CRIMA PREDIO PUTUMAYO Y ANDOQUE DE ADUCHE REDD+  PROJECT,"The CRIMA Predio Putumayo y Andoque de Aduche REDD+ Project seeks the conservation of forests located in the indigenous territories of Andoque de Aduche Indigenous Reserve, in the municipality of Solano and Puerto Santander; and in the areas of the indigenous communities of Puerto Zábalo y Los Monos, and Monochoa that are part of the vast Great Predio Putumayo Indigenous Reserve and that are located in Puerto Leguizamo, Puerto Alegría, La Chorrera and Puerto Santander municipalities. The project area has a total area of 1.260.222 ha at the beginning of the monitoring period. The project aims to contribute to mitigate the effects caused by climate change by reducing 27.686.867 tCO2 emissions derived from deforestation and forest degradation during the 30-year crediting period. The main activities during the Project lifetime focus in the development of productive activities compatible with community well-being and nature conservation, providing food security, improving social investment, strengthening land use planning and self-government structure, monitoring biodiversity and forest conservation. These activities aim to control and reduce the incidence of deforestation drivers such as wood extraction, mining and illegal productive activities. The area is characterized by its high biodiversity along with social unrest and deforestation. Among the activities carried out by the promoters of deforestation are moving the border of farming activities (especially subsistence agriculture and livestock), mining, wood harvesting for commercial and community use, illegal crops and colonization processes. The social problems are triggered by the absence of the government, lack of sanitation infrastructure, education, health programs and shortage of technological guidance for sustainable development. This project focuses on the AFOLU (Agriculture, Forestry and Other Land Uses) sectors. Inside the category for Reducing emissions from deforestation and forest degradation in developing countries (REDD+). Its goal is to mitigate the effects caused by climate change through reduction of CO2 emissions from deforestation and forest degradation, restauration of degraded forest lands, promotion of the sustainable wood harvesting and carry out development activities for the community well-being.",Carbon,No,2018-01-11T00:00:00,,True,True,,,2048-01-10T00:00:00,,,,2872,"AENOR CONFIA, S.A. (UNIPERSONAL)",110100000041003.0,,WITHDRAWN,False,100000000000011,Colombia,Solano,"Departments of Putumayo, Caquetá and Amazonas",,0.698333,-75.253889,,,,,,2872,2018-01-11T00:00:00,2018-01-11T00:00:00,0.698333/-75.253889,Agriculture Forestry and Other Land Use,,,,,,,,,,,,,,,False,,VM0007 (Version NA),,,2018-01-11T00:00:00,,150000000000045.0,Latin America,1260222.0,https://communityredd.com/en/projects/,Multiple Project Proponents,REDD,922896,,,False,,2018-01-11T00:00:00,2048-01-10T00:00:00,,"> 1,000,000 tCO2-e per year",150000000000063,1.0,30.0,,,,,,,False,,,,,verra_platts,2872,original,18756,SOLANO
110200000677060,110200000677060,2026-08-21T17:27:52.591273009,150000000000001,Verified Carbon Standard,,,2025-09-25T14:29:17,,Registered,Registered,2532,Cumare carbon project,"The project comprises a total of 10.673 ha of land previously under extensive grazing by beef cattle, on which afforestation for obtaining timber products and for sequestering large amounts of carbon dioxide from the atmosphere are established. The project area is located in Colombia. Both properties “El Porvenir” and “Caricare” are located in the center-east of Meta department, within San Martin and Puerto Gaitan municipality. The areas are homogeneous in terms of soil types, climate, land use history and socio-economic conditions. Forests is based on 10-year rotation Eucalyptus pellita, Eucalyptus Urograndis and Eucalyptus urophylla, and 15 to 16 years rotation Pinus caribea plantations. Pinus spp. plantation have been established and will continue being established as a complement to the short-fibre production (Eucalyptus spp.), since the species is best suitable for very low productive soils. Forest project activity is currently in its sixth year after project start-date, and plantation will be completed by year ten of project. Forests will be replanted after clear-cut harvest when the seedling genetic material compensates the cost of soil preparation and plantation. Clone plantations could be managed with regrowth, avoiding the soil preparation costs and its carbon stock reduction. Planted forests will remove carbon dioxide from the atmosphere and store it in different carbon pools (living above-ground and below- ground biomass, soil, litter, non-tree vegetation, dead wood and harvested wood products). Monitoring will cover carbon stock changes for living above-ground pool. Below ground biomass will be estimated indirectly based on above-ground biomass measurements. Litter, dead wood and soil organic carbon pools will be estimated based on conservative default factors from the methodological tool. Non- tree vegetation and harvested wood products will not be accounted as per the methodology applied. The potential non-permanence of stored carbon will be considere",Carbon,No,2016-11-01T00:00:00,2025-09-25T14:29:17,True,True,,,2116-10-31T00:00:00,,,,2532,"AENOR CONFIA, S.A. (UNIPERSONAL)",110100000041003.0,,REGISTERED,True,100000000000011,Colombia,Meta and Vichada department,,,3.624693,-72.379098,,,,,,2532,2016-11-01T00:00:00,2016-11-01T00:00:00,3.624693/-72.379098,Agriculture Forestry and Other Land Use,,,,,,,,,,,,,,,False,,AR-ACM0003 (Version NA),,,2016-11-01T00:00:00,2022-08-08T00:00:00,150000000000045.0,Latin America,10673.0,,Reforestadora Cumare S.A.S. (PP),ARR,29180,,,False,,2016-11-01T00:00:00,2116-10-31T00:00:00,,"5,000 - 1,000,000 tCO2-e per year",150000000000062,1.0,100.0,,,,,,,False,,,,,verra_platts,2532,original,50689,SAN MARTÍN
110200000673232,110200000673232,2026-08-21T17:27:45.992524154,150000000000001,Verified Carbon Standard,,,2022-02-18T15:15:47,,Late to Verify,Late to Verify,479,Curva de Rodas and La Pradera landfill gas management project,"Curva de Rodas and La Pradera landfill gas flaring is a large-scale CDM project with multiple sites. The project is located in Medellin, Colombia. The total estimated emission reductions from the project is 1,171,245 t CO2e over the seven years crediting period. The project started operating during the summer 2008 and received registration by the UNFCCC on 6 February 2009. Green Gas, besides owning and managing the carbon credits, provided the technical solutions and has full control over the operation and maintenance of the project.",Carbon,No,2022-07-07T00:00:00,,True,True,,,2029-07-06T00:00:00,,,,479,Tuev Sued Industrie Service GmbH (Tuev Sued),110100000042389.0,,LATE_TO_VERIFY,True,100000000000011,Colombia,Antioquia,Antioquia,,6.32273,-75.530767,,,,,,479,2007-02-01T00:00:00,2007-02-01T00:00:00,6.322730/-75.530767,Waste handling and disposal,,,,,,,,,,,,,,,False,,ACM0001 (Version NA),,,2007-02-01T00:00:00,2020-04-06T00:00:00,150000000000045.0,Latin America,,,Green Gas Colombia (PP),,167321,,,False,,2022-07-07T00:00:00,2029-07-06T00:00:00,,"5,000 - 1,000,000 tCO2-e per year",150000000000062,3.0,,,,,,,,False,,,,,verra_platts,479,original,05212,COPACABANA
110200000676301,110200000676301,2026-08-21T17:27:52.533425564,150000000000001,Verified Carbon Standard,,,2026-03-26T23:48:31,,Pipeline Listing (under development) approved,Pipeline listing (under development) approved,5756,El Estero biogas recovery and utilization,"The El Estero Biogas Recovery and Utilization Project (hereafter referred to as the Project) is implemented by Extractora El Estero and involves the installation of a methane capture and biogas utilization system at its palm oil mill, located in Maní, Casanare Department, Colombia. The Project includes the implementation of an anaerobic digestion system and biogas collection infrastructure designed to capture methane (CH₄) emissions generated during the treatment of Palm Oil Mill Effluent (POME) in anaerobic lagoons. The captured biogas will be used for on-site electricity generation, supplying the energy demands of the palm oil processing facility. This system displaces fossil fuel-based energy consumption and contributes to the overall reduction of greenhouse gas (GHG) emissions. The facility is located within Extractora El Estero’s industrial complex in the municipality of Maní, Casanare, where palm oil is extracted and processed. The wastewater treatment system responsible for the methane emissions is fully integrated within the operational boundaries of the site.Under the baseline scenario, prior to project implementation, POME was treated in uncovered anaerobic lagoons without any biogas recovery system. As a result, methane generated through the anaerobic decomposition of organic matter was released directly into the atmosphere, significantly contributing to climate change due to methane’s high global warming potential. In addition to these emissions, the facility has historically relied on a diesel-based power plant for its electricity needs. Approximately 299,000 gallons of diesel are consumed annually, resulting in the production of approximately 3,531,667 kWh per year. In 2022, a biomass-powered cogeneration system was introduced to complement the plant’s energy supply; however, diesel remains the principal energy source under baseline conditions.",Carbon,No,2025-05-01T00:00:00,,True,True,,,2032-04-30T00:00:00,,,,5756,,,,PIPELINE_LISTING_UNDER_DEVELOPMENT_APPROVED,False,100000000000011,Colombia,Maní,Casanare,,4.607494,-72.271111,,,,,,5756,2025-05-01T00:00:00,2025-05-01T00:00:00,4.607494/72.271111,"Energy industries (renewable/non-renewable sources), Waste handling and disposal",,,,,,,,,,,,,,,False,,AMS-III.H. (Version NA),,,2025-05-01T00:00:00,,150000000000045.0,Latin America,,,EXTRACTORA EL ESTERO S.A.S. (PP),,26877,,,False,,2025-05-01T00:00:00,2032-04-30T00:00:00,,"5,000 - 1,000,000 tCO2-e per year",150000000000062,1.0,,,,,,,,False,,,,,verra_platts,5756,signo_lon_negado,85139,MANÍ
110200000678245,110200000678245,2026-08-21T17:27:58.38614315,150000000000001,Verified Carbon Standard,,,2026-03-23T21:00:58,,Verification approval requested,Verification approval requested,1797,El Molino-San Matias hydroelectric projects,"The El Molino-San Matias hydroelectric projects considers the installation of two run-of-river renewable small hydroelectric plants, at the rivered of the San Matias River in jurisdiction of the municipalities of Cocorná and Granada, Department of Antioquia, with an effective power rating of 19.9 MW each and a predicted supply of about 246.3 GWh (for both power plants) per year to feed the National Interconnected System of Colombia.",Carbon,No,2017-04-17T00:00:00,,True,True,,,2027-04-16T00:00:00,,,,1797,EPIC Sustainability Services Private Limited,110100000039106.0,,VERIFICATION_APPROVAL_REQUESTED,True,100000000000011,Colombia,Antioquia,Medellín city,,6.037623,-75.116456,,,,,,1797,2017-04-17T00:00:00,2017-04-17T00:00:00,6.037623/-75.116456,Energy industries (renewable/non-renewable sources),,,,,,,,,,,,,,,False,,ACM0002 (Version 18.1),,,2017-04-17T00:00:00,2020-04-06T00:00:00,150000000000045.0,Latin America,,,Multiple Project Proponents,,90393,,,False,,2017-04-17T00:00:00,2027-04-16T00:00:00,,"5,000 - 1,000,000 tCO2-e per year",150000000000062,1.0,,,,,,,,False,,,,,verra_platts,1797,original,05197,COCORNÁ
110200000676514,110200000676514,2026-08-21T17:27:52.545979111,150000000000001,Verified Carbon Standard,,,2026-02-05T15:56:55,,Under validation (Public comment period closed),Under validation (Public comment period closed),5908,Electric Mobility Program Colombia,"The “Electric Mobility Program Colombia” is a grouped project comprising multiple Project Activity Instances, each managed by individual investors under contract with the project proponent Grutter Consulting, which holds the overall responsibility. The project aims to reduce greenhouse gas emissions through the deployment of charging infrastructure for electric vehicles across Colombia, thereby reducing usage of internal combustion engine powered vehicles and their associated GHG emissions.",Carbon,No,2026-01-01T00:00:00,,True,True,,,2035-12-31T00:00:00,,,,5908,KBS Certification Services Limited,110100000036823.0,,UNDER_VAL_COMMENT_CLOSED,False,100000000000011,Colombia,Colombia,,,4.115668,-72.930136,,,,,,5908,2026-01-01T00:00:00,2026-01-01T00:00:00,4.115668/-72.930136,Transport,,,,,,,,,,,,,,,False,,VM0038 (Version NA),,,2026-01-01T00:00:00,,,,,,Grutter Consulting AG (PP),,596272,,,False,,2026-01-01T00:00:00,2035-12-31T00:00:00,,"5,000 - 1,000,000 tCO2-e per year",150000000000062,1.0,,,,,,,,False,,,,,verra_platts,5908,original,50573,PUERTO LÓPEZ
110200000673851,110200000673851,2026-08-21T17:27:46.087334426,150000000000001,Verified Carbon Standard,,,2022-03-30T21:05:51,,Under validation (Public comment period closed),Under validation (Public comment period closed),1169,EPM Grouped Natural Gas Project,"The project consists of individual fuel switch measures in industrial plants in Colombia, switching from coal or petroleum fuels to natural gas in processes for heat generation  that are located at and directly linked to an industrial process with a main output other than heat.",Carbon,No,2022-03-01T00:00:00,,True,True,,,2032-02-29T00:00:00,,,,1169,Colombian Institute for Technical Standards and Certification (ICONTEC),110100000042585.0,,UNDER_VAL_COMMENT_CLOSED,False,100000000000011,Colombia,municipality of Rionegro,Department of Antioquia,,6.167423,-75.366507,,,,,,1169,2012-03-01T00:00:00,2012-03-01T00:00:00,6.167423/-75.366507,"Energy industries (renewable/non-renewable sources), Manufacturing industries",,,,,,,,,,,,,,,False,,ACM0009 (Version NA),,,2012-03-01T00:00:00,,150000000000045.0,Latin America,,,Empresas Publicas de Medellin S.A,,6930,,,False,,2022-03-01T00:00:00,2032-02-29T00:00:00,,"5,000 - 1,000,000 tCO2-e per year",150000000000062,2.0,,,,,,,,False,,,,,verra_platts,1169,original,05615,RIONEGRO
110200000672664,110200000672664,2026-08-21T17:27:39.681325181,150000000000001,Verified Carbon Standard,,,2026-03-02T19:50:00,,Registered,Registered,1723,Escuela de Minas Hydroelectric Project,"The Project consists of a run-of-river power plant that will use the water of the Río Negro basin. The main works are located in El Porvenir, Salto Arriba, Rosario and Pozo counties, within the municipality of Marinilla, Department of Antioquia, Colombia. The project will have a total installed capacity of 55 MW with a nominal flow rate of 39.5 m³/s, a 160.12 m net head, and three vertical axis Francis-type turbines that generate 20 MW each. The electricity generated by the project is expected to be around 269 GWh per year, which will be delivered to the SIN, avoiding part of the electricity generated by the grid-connected power plants. The construction of the project started in 2016 and is expected to be operational around August 2019.  This project was open for public comment from 02 November - 02 December 2017. No comments were received",Carbon,No,2019-07-22T00:00:00,2026-03-02T19:50:00,True,True,,,2029-07-21T00:00:00,,,,1723,Earthood Services Limited,110100000036441.0,,REGISTERED,True,100000000000011,Colombia,Marinilla,Antioquia,,6.23277,-75.266345,,,,,,1723,2019-07-22T00:00:00,2019-07-22T00:00:00,6.232770/-75.266345,Energy industries (renewable/non-renewable sources),,,,,,,,,,,,,,,False,,ACM0002 (Version 17),,,2019-07-22T00:00:00,2017-11-02T00:00:00,150000000000045.0,Latin America,,,HIDROELECTRICA DEL ALTO PORCE S.A.S E.S.P,,83524,,,False,,2019-07-22T00:00:00,2029-07-21T00:00:00,,"5,000 - 1,000,000 tCO2-e per year",150000000000062,1.0,,,,,,,,False,,,,,verra_platts,1723,original,05440,MARINILLA
110200000671890,110200000671890,2026-08-21T17:27:39.609880537,150000000000001,Verified Carbon Standard,,,2026-01-07T22:27:27,,Registration and verification approval requested,Registration and verification approval requested,3594,Finca la Paz II,"Col La Paz is implementing an Afforestation/Reforestation Project in degraded grasslands in Colombia. The Vichada Department is home to vast tropical grasslands, which have been subject to unsustainable grazing causing ecosystem degradation. La Paz Farm is an extensive forestry plantation with multiple introduced species, mainly planted with Acacia mangium which is undergoing the process of soil regeneration. This productive ecosystem will produce several timber products for construction materials and charcoal to sustainably meet the needs of a growing population. La Paz applies practices such as low agrochemical use and regenerative agriculture. It employs a total of 37 workers who benefit from long-term contracts, free meals three times a day, and comfortable accommodation. The project serves as a biodiversity corridor for many species. Conservation efforts include wildlife protection, spring preservation, and stream conservation. The initiative brings climate benefits by preventing erosion and enhancing carbon sequestration. Col La Paz follows social and environmental policies, aiming for verified emission removals under the Verified Carbon Standard and the Climate, Community, and Biodiversity Standard. The estimated annual emissions and removals are 15,705 tCO2e, and the total anticipated emissions and removals are 698,014 tCO2e over 40 years, accounting for future planned harvesting events",Carbon,No,2016-12-01T00:00:00,,True,True,,,2046-11-30T00:00:00,,,,3594,SCS Global Services,110100000044880.0,,REGISTRATION_VERIFICATION_APPROVAL_REQ,False,100000000000011,Colombia,Puerto Carreño,Vichada,,6.094564,-68.123725,,,,,,3594,2016-12-01T00:00:00,2016-12-01T00:00:00,6.094564/-68.123725,Agriculture Forestry and Other Land Use,,,,,,,,,,,,,,,False,,VM0047 (Version NA),,,2016-12-01T00:00:00,,150000000000045.0,Latin America,15000.0,,Col La Paz SAS,ARR,110350,,,False,,2016-12-01T00:00:00,2046-11-30T00:00:00,,"5,000 - 1,000,000 tCO2-e per year",150000000000062,1.0,30.0,,,,,,,False,,,,,verra_platts,3594,original,99001,PUERTO CARREÑO
110200000673376,110200000673376,2026-08-21T17:27:46.001523949,150000000000001,Verified Carbon Standard,,,2024-01-26T10:16:07,,Late to Verify,Late to Verify,1378,"Forestry Project for the Basin of the Chinchina River, an Environmental and Productive Alternative for the City and the Region","The primary objective of this project is to regulate and improve the quantity and quality of fresh water for the region’s communities by restoring the watersheds that supply their water systems, each duly identified as part of the Chinchiná River watershed restoration program. The program’s activities involve ecological restoration through assisted natural regeneration and reforestation. The species used for the assisted natural regeneration system come from the natural forests within the project boundary",Carbon,No,2002-06-04T00:00:00,,True,True,,,2042-06-03T00:00:00,,,,1378,Colombian Institute for Technical Standards and Certification (ICONTEC),110100000042585.0,,LATE_TO_VERIFY,True,100000000000011,Colombia,Chinchina River Watershed,Caldas,,4.5613,-75.21,,,,,,1378,2002-06-01T00:00:00,2002-06-01T00:00:00,4.561300/-75.210000,Agriculture Forestry and Other Land Use,,,,,,,,,,,,,,,True,,AR-ACM0003 (Version 2),,,2002-06-01T00:00:00,2020-04-06T00:00:00,150000000000045.0,Latin America,4539.0,,Multiple Project Proponents,ARR,12189,,,False,,2002-06-04T00:00:00,2042-06-03T00:00:00,,"5,000 - 1,000,000 tCO2-e per year",150000000000062,1.0,40.0,,,,,,,False,,,,,verra_platts,1378,original,73043,ANZOÁTEGUI
110200000671781,110200000671781,2026-08-21T17:27:39.603002553,150000000000001,Verified Carbon Standard,,,2021-04-07T17:13:11,,Withdrawn,Withdrawn,1434,Forestry Project “More Forests for Medellin”,"The project is based in the establishment of forest plantations, silvopastoral systems and assisted models for natural regeneration in areas of grasslands and stubbles in the Municipality of Medellin, department of Antioquia, in order to promote the removals of GHG and mitigate the climate change impacts while taking into account socioeconomic and cultural traditions of population in the area of influence of the Project. Additionally, the project seeks to generate appropriated land use alternatives for the rural areas and promote the recovery of slopes, hills and strategic ecosystems of the Municipality of Medellin. The project also promotes productive alternatives in the rural area to reduce the pressure of the forest relicts and to ensure the conservation of soils and biodiversity, among others environmental gods; it also seeks to provide alternative sources of funds and income for the rural communities of the Municipality.",Carbon,No,,,True,True,,,,,,,1434,Colombian Institute for Technical Standards and Certification (ICONTEC),110100000042585.0,,WITHDRAWN,False,100000000000011,Colombia,Medellin,Antioquia,,6.167856,-75.670507,,,,,,1434,2010-02-15T00:00:00,2010-02-15T00:00:00,6.167856/-75.670507,Agriculture Forestry and Other Land Use,,,,,,,,,,,,,,,False,,AR-ACM0003 (Version 2),,,2010-02-15T00:00:00,2020-04-06T00:00:00,,,681.0,,Secretaría del Medio Ambiente del Municipio de Medellín,,1781,,,False,,,,,"< 5,000 tCO2-e per year",150000000000061,,,,,,,,,False,,,,,verra_platts,1434,original,05001,MEDELLÍN
110200000674733,110200000674733,2026-08-21T17:27:46.195236456,150000000000001,Verified Carbon Standard,,,2026-06-19T13:34:09,,Under validation (Public comment period closed),Under validation (Public comment period closed),5632,Green and Carbon Capture project,"The Green and Carbon Capture Project, is a reforestation project led by Scellec Teca Colombia SAS, located in the Colombian Caribbean, the first project activity instance (PAI) is located specifically within Montería (Córdoba department) and Pivijay (Magdalena department). The primary goal of the project is the establishment of commercial teak (Tectona grandis) and roble (Tabebuia rosea) plantations, while also supporting biodiversity and providing socioeconomic benefits to surrounding communities — contributing to broader climate change mitigation efforts. The first PAI spans a total of 2,344.6 hectares in areas that have been mainly used for cattle raising since at least 10 years before project start. Project area are owned by Scellec Teca Colombia SAS. Project started in 30 June 2022, with the plantation of first project trees. Beyond its environmental focus, the project integrates community-focused initiatives, including environmental education, training, and support for planting, maintenance, and monitoring activities. These efforts not only contribute to climate action but also help strengthen the social and economic well-being of local populations, promoting greater environmental awareness and improved living conditions. Strengthen local employment opportunities by creating sustainable jobs and training the community in responsible forest management practices.",Carbon,No,2022-06-30T00:00:00,,True,True,,,2062-06-29T00:00:00,,,,5632,Colombian Institute for Technical Standards and Certification (ICONTEC),110100000042585.0,,UNDER_VAL_COMMENT_CLOSED,False,100000000000011,Colombia,Caribean Region,"Magdalena, Cordoba.",,10.372215,-74.315697,,,,,,5632,2022-06-30T00:00:00,2022-06-30T00:00:00,10.372215/74.315697,Agriculture Forestry and Other Land Use,,,,,,,,,,,,,,,False,,VM0047 (Version NA),,,2022-06-30T00:00:00,,150000000000045.0,Latin America,2345.0,https://www.scellec.ie/,Scellec Teca Colombia SAS (PP),ARR,15759,,,False,,2022-06-30T00:00:00,2062-06-29T00:00:00,,"5,000 - 1,000,000 tCO2-e per year",150000000000062,1.0,40.0,,,,,,,False,,,,,verra_platts,5632,signo_lon_negado,47551,PIVIJAY
110200000677224,110200000677224,2026-08-21T17:27:52.600348781,150000000000001,Verified Carbon Standard,,,2025-10-30T15:11:11,,Registered,Registered,1530,Grouped Project for Commercial Forest Plantations Initiatives in the Department of Vichada,"The Grouped Project for Commercial Forest Plantations Initiatives in the Department of Vichada aims to promote investments new commercial forest plantations in Puerto Carreño Municipality. The project is based on changing the use of land from extensive cattle ranching to sustainable forest production systems, restoring natural forest cover, and creating a landscape of biological and productive corridors that produce financial, social and environmental services for the region. These impacts include the mitigation of climate change, regulation of water flows, expansion of habitat and conservation of the flora and fauna in the zone and the Orinoco region.The Project area for the first instance corresponds to the properties of La Pedregoza, El Toro, Canapro, El Diamante and Horizonte Verde, located at the veredas Caño Negro, Aceito, La Esmeralda and Campo Alegre, in the municipality of Puerto Carreño (Department of Vichada, Colombia). The land within the project boundary is degraded grassland for all cases of the grouped instances, as they all occur in the same baseline conditions. Such grasslands grasslands have been historically subject to burns that took place with the objective to reduce tree covers and expand grasslands in order to develop extensive cattle ranching activities. However, all properties conserve remnants of gallery forests and natural areas. For the first instance, it is expected to reforest around 8,700 ha with commercial plantations, using the species Acacia mangium, Eucalyptus tereticornis, Eucalyptus pellita Hevea brasiliensis, Anacardium occidentale, Pinus caribaea and other 25 native species.The project is expected to capture 1,185,191 tCO2e in 30 years, with an average annual GHG emission of 39,506 tCO2e.",Carbon,No,2011-08-01T00:00:00,2025-10-30T15:11:11,True,True,,,2041-07-31T00:00:00,,,,1530,Colombian Institute for Technical Standards and Certification (ICONTEC),110100000042585.0,,REGISTERED,True,100000000000011,Colombia,municipality of Puerto Carreño,Department of Vichada,,5.542937,-68.340479,,,,,,1530,2011-08-01T00:00:00,2011-08-01T00:00:00,5.542937/-68.340479,Agriculture Forestry and Other Land Use,,,,,,,,,,,,,,,False,,AR-ACM0003 (Version NA),,,2011-08-01T00:00:00,2020-04-06T00:00:00,150000000000045.0,Latin America,8700.0,,Multiple Project Proponents,ARR,39506,,,False,,2011-08-01T00:00:00,2041-07-31T00:00:00,,"5,000 - 1,000,000 tCO2-e per year",150000000000062,1.0,30.0,,,,,,,False,,,,,verra_platts,1530,original,99001,PUERTO CARREÑO
110200000675461,110200000675461,2026-08-21T17:27:46.302530177,150000000000001,Verified Carbon Standard,,,2026-05-22T14:29:37,,Verification approval requested,Verification approval requested,1765,Grouped Project for reducing emissions from deforestation and forest degradation-REDD-in the Regional Natural Park:Biological Corridor PNN Purace-PNN Cueva de los Guacharos,"The cluster/grouped Project for Reducing Emissions from Deforestation and Forest Degradation: “Regional Natural Park: Biological Corridor PNN Puracé – PNN Cueva de los Guácharos” (henceforward referred as REDD Huila – CB) is located in the Colombian Andes region. Which main objectives include the climate, community, and biodiversity: 1. Reduction of deforestation in the Project area, and associated GHG emissions 2. Conserve and enhance existing biodiversity, and increase the value of standing forest over time, in order to achieve conservation objectives.3. Facilitate the access to investment for the improvement of existing production systems, and increase the income of rural population and farmers.4. Ensure sustainability for the new production systems that farmers are going to invest in, and achieve markets and obtain the maximum benefit of their products (added value).5. To promote governance, monitoring and control, on a community basis, in conjunction with local environmental institutions, in order to ensure deforestation reductions in the area.PUBLIC COMMENT PERIOD:CCB Standards public comment period for validation – 07 February –  08 March 2020. No comments were received",Carbon,No,2014-03-08T00:00:00,,True,True,,,2044-03-07T00:00:00,,,,1765,SCS Global Services,110100000044880.0,,VERIFICATION_APPROVAL_REQUESTED,False,100000000000011,Colombia,Colombia,HUILA,,1.764026,-76.259782,,,,,,1765,2014-03-08T00:00:00,2014-03-08T00:00:00,1.764026/-76.259782,Agriculture Forestry and Other Land Use,,,,,,,,,,,,,,,False,,VM0015 (Version NA),,,2014-03-08T00:00:00,2021-12-07T00:00:00,150000000000045.0,Latin America,1000.0,,Corporación Autónoma Regional del Río Grande de la Magdalena (CORMAGDALENA),REDD,117468,,,False,,2014-03-08T00:00:00,2044-03-07T00:00:00,,"5,000 - 1,000,000 tCO2-e per year",150000000000062,1.0,30.0,,,,,,,False,,,,,verra_platts,1765,original,41668,SAN AGUSTÍN
110200000678196,110200000678196,2026-08-21T17:27:58.383505513,150000000000001,Verified Carbon Standard,,,2022-01-25T17:30:06,,Late to Verify,Late to Verify,1769,"Grouped Project for restoration of degraded lands in Jaguar Corridors, Colombia","The project aim is to recover land degraded through practices such as cattle raising, by promoting alternative practices, such as timber plantations, agroforestry systems, enrichment and assisted natural regeneration. Throughout its lifetime, the project will contribute to the reduction of greenhouse gas emissions by acting as a sink, sequestering almost 200,000 tCO2e. In addition, this project is expected to provide more than 200 full-time employment opportunities in a zone historically affected by paramilitarism and poverty, as well as to promote the recuperation of natural biodiversity habitats, such as jaguar corridors in Latin America. This project was open for public comment from 27 November to 27 December 2019.",Carbon,No,2015-09-01T00:00:00,,True,True,,,2055-08-31T00:00:00,,,,1769,Colombian Institute for Technical Standards and Certification (ICONTEC),110100000042585.0,,LATE_TO_VERIFY,True,100000000000011,Colombia,Cimitarra Tierra Alta,Cordoba,,6.313054,-73.9475,,,,,,1769,2015-09-01T00:00:00,2015-09-01T00:00:00,6.313054/-73.947500,Agriculture Forestry and Other Land Use,,,,,,,,,,,,,,,False,,"AR-ACM0003 (Version NA), VM0005 (Version NA)",,,2015-09-01T00:00:00,2019-08-30T00:00:00,150000000000045.0,Latin America,4320.0,,Multiple Project Proponents,"IFM,REDD",6835,,,False,,2015-09-01T00:00:00,2055-08-31T00:00:00,,"5,000 - 1,000,000 tCO2-e per year",150000000000062,1.0,40.0,,,,,,,False,,,,,verra_platts,1769,original,68190,CIMITARRA
110200000676568,110200000676568,2026-08-21T17:27:52.54947825,150000000000001,Verified Carbon Standard,,,2025-03-14T16:40:17,,Under validation (Public comment period closed),Under validation (Public comment period closed),1657,"Grouped Project REDD+ conservation of the Oak ecological corridor Guantiva – La Rusia – Iguaque, Colombia","PUBLIC COMMENT PERIOD:This project was open for public comment from 26 September – 26 October 2018. No comments were receivedThe project, which has an area of over 1 million ha across three departments of Colombia seeks to generate the following climate, community and biodiversity benefits. Climate benefits: mitigate climate change through the implementation of activities to reduce deforestation and degradation of the oak (Quercus humboldtii and Colombobalanus excelsa) forests.Biodiversity benefits: to contribute to the conservation of biological diversity through project activities that reduce pressure on natural forests, which allows ecosystems associated with oak forests to maintain their high conservation values associated with structure, composition and functionality thereof.Community objectives: Strengthening local governance through improvements in the planning and implementation of land-use management practices and assistance in the development of alternative productive activities through training and technical assistance in agroforestry and silvopastoral systems and their respective value chains.",Carbon,No,2015-03-14T00:00:00,,True,True,,,2045-03-13T00:00:00,,,,1657,Colombian Institute for Technical Standards and Certification (ICONTEC),110100000042585.0,,UNDER_VAL_COMMENT_CLOSED,False,100000000000011,Colombia,Various locations,"departments of Boyacá, Santander and Cundinamarca",,6.551636,-72.955734,,,,,,1657,2015-03-14T00:00:00,2015-03-14T00:00:00,6.551636/-72.955734,Agriculture Forestry and Other Land Use,,,,,,,,,,,,,,,False,,VM0015 (Version NA),,,2015-03-14T00:00:00,,150000000000045.0,Latin America,1075348.0,,Fundación Natura,REDD,110,,,False,,2015-03-14T00:00:00,2045-03-13T00:00:00,,"< 5,000 tCO2-e per year",150000000000061,1.0,30.0,,,,,,,False,,,,,verra_platts,1657,original,68464,MOGOTES
110200000676016,110200000676016,2026-08-21T17:27:52.514779334,150000000000001,Verified Carbon Standard,,,2022-04-22T22:58:55,,Late to Verify,Late to Verify,1868,GUACHICONO SMALL HYDROELECTRIC PROJECT,"The Guachicono Small Hydroelectric Project will use the water of Guachicono River which belong to Patía River Basin. The main works are located in the municipality of La Sierra, Department of Cauca – Colombia. The run-of-river waters lateral intake is located at a height of 1,090 meters above sea level (m.a.s.l.). The project will have a total installed capacity of 13.33 MW, with a nominal flow rate of 15.15 m³/s and a 100 m net head, and two horizontal axis Francis-type turbines that generate 6.67 MW each. The electricity generated by the project is expected to be around 65 GWh per year, which will be delivered to the SIN, avoiding part of the electricity generated by the grid-connected power plants. The construction of the project started in 2019 and is expected to be operational around June 2021.  PUBLIC COMMENT PERIOD: This project was open for public comment from 8 March – 7 April 2019.   No comments were received",Carbon,No,2021-07-01T00:00:00,,True,True,,,2031-06-30T00:00:00,,,,1868,Colombian Institute for Technical Standards and Certification (ICONTEC),110100000042585.0,,LATE_TO_VERIFY,False,100000000000011,Colombia,"Patia River Basin, Southwest Colombia",Cauca,,2.156667,-76.875273,,,,,,1868,2021-06-01T00:00:00,2021-06-01T00:00:00,2.156667/-76.875273,Energy industries (renewable/non-renewable sources),,,,,,,,,,,,,,,False,,AMS-I.D. (Version 18),,,2021-06-01T00:00:00,2021-03-10T00:00:00,150000000000045.0,Latin America,,,GELEC GUACHICONO S.A.S .E.S.P,,20049,,,False,,2021-07-01T00:00:00,2031-06-30T00:00:00,,"5,000 - 1,000,000 tCO2-e per year",150000000000062,1.0,,,,,,,,False,,,,,verra_platts,1868,original,19392,LA SIERRA
110200000674401,110200000674401,2026-08-21T17:27:46.120348885,150000000000001,Verified Carbon Standard,,,2022-01-26T14:45:08,,Late to Verify,Late to Verify,1836,Guanaquitas 9.74 MW Hydroelectric Project,"Guanaquitas hydroelectric project is a small run-of-river renewable small hydroelectric plant with a total installed capacity of 9,741 MW, located at the left margin of the Guadalupe River in the municipalities of Santa Rosa de Osos and Gomez Plata, Department of Antioquia. The energy generated is sold to the National Interconnected System of Colombia. The purpose of the project is renewable electricity generation to be supplied to Colombian power grid. The project activity considered the production of clean hydroelectric power using a flow of water. The project collects the waters of the Guadalupe River at 2,089 meters above sea level, driving the water through an open channel to the sedimentation unit. The water passes through a closed channel to a load tank, moving to a pressurized conduction penstock and a distributor, where the flow is directed to one Francis turbine. The turbine is hosted in a surface power house with their respective generator, valves and control panels. The substation is located besides the power house. As the project plant is a run-of-river hydro, a reservoir is not utilized.",Carbon,No,2020-06-30T00:00:00,,True,True,,,2030-06-29T00:00:00,,,,1836,EPIC Sustainability Services Private Limited,110100000039106.0,,LATE_TO_VERIFY,True,100000000000011,Colombia,Medellin city,Santa Rosa de Osos,,6.659167,-75.290278,,,,,,1836,2010-06-30T00:00:00,2010-06-30T00:00:00,6.659167/-75.290278,Energy industries (renewable/non-renewable sources),,,,,,,,,,,,,,,False,,AMS-I.D. (Version NA),,,2010-06-30T00:00:00,2018-12-11T00:00:00,150000000000045.0,Latin America,,,Guanaquitas S.A.S .ES.P.,,21973,,,False,,2020-06-30T00:00:00,2030-06-29T00:00:00,,"5,000 - 1,000,000 tCO2-e per year",150000000000062,2.0,,,,,,,,False,,,,,verra_platts,1836,original,05686,SANTA ROSA DE OSOS
110200000676069,110200000676069,2026-08-21T17:27:52.518934592,150000000000001,Verified Carbon Standard,,,2022-04-06T17:02:37,,Pipeline Listing (under development) approved,Pipeline listing (under development) approved,1562,Hydroelectric Project Aures Bajo,"Hydroelectric project Aures Bajo is located in the municipalities of Sonson and Abejorral in the eastern part of Antioquia department on the Aures River between 1264m.s.n.m and 1018m.s.n.m levels corresponding to the site of capture and powerhouse, respectively. The project is designed as a run of the river central, that is without reservoir, will have an installed capacity of 19.4 MW and will generate on average 102 GW · h per year.  In the process of power generation, Hydroelectric Aures Bajo will reduce GHG emissions by displacing the use of fossil fuels such as coal, gas and oil the National Interconnected System. Total GHG reductions are estimated 38,148 tons of CO2 equivalent per year.",Carbon,No,2018-01-01T00:00:00,,True,True,,,2024-12-31T00:00:00,,,,1562,,,,PIPELINE_LISTING_UNDER_DEVELOPMENT_APPROVED,False,100000000000011,Colombia,municipalities of Sonson and Abejorra,eastern part of Antioquia department,,5.743424,-75.410461,,,,,,1562,2018-01-01T00:00:00,2018-01-01T00:00:00,5.743424/-75.410461,Energy industries (renewable/non-renewable sources),,,,,,,,,,,,,,,False,,ACM0002 (Version NA),,,2018-01-01T00:00:00,,150000000000045.0,Latin America,,,Aures Bajo S.A E.S.P,,38148,,,False,,2018-01-01T00:00:00,2024-12-31T00:00:00,,"5,000 - 1,000,000 tCO2-e per year",150000000000062,1.0,,,,,,,,False,,,,,verra_platts,1562,original,05756,SONSÓN
110200000678197,110200000678197,2026-08-21T17:27:58.383557664,150000000000001,Verified Carbon Standard,,,2022-03-31T19:49:39,,Pipeline Listing (under development) approved,Pipeline listing (under development) approved,1235,Hydroelectric Project Cantayus,"The  project  activity  is  a  hydroelectric  power  plant that  utilizes  water  from  the  Río  Nus  (“Nus river”). It is located in the north-eastern part of the Department of Antioquia, Colombia (hereafter, the Host Country), within the municipality of Cisneros. It has  a  total  installed capacity  of 4.2 MW.   The  electricity  generated  by  the  project  is  expected  to  be  around  26.05  GWh  per  year,  which  will  be delivered  to  the  National Interconnected System (SIN).  It  will  help  to  reduce  thermal  power  generation  by  providing  renewable energy  to  the  grid.  Thus,  it  will  contribute  to  sustainability  by  increasing  the  share  of  renewable  energy and reducing GHG emissions. The expected average annual emission reductions are 8,003 tCO2 during a renewable 10-years crediting period.",Carbon,No,2015-04-01T00:00:00,,True,True,,,2025-03-31T00:00:00,,,,1235,Bureau Veritas India Private Limited,110100000045221.0,,PIPELINE_LISTING_UNDER_DEVELOPMENT_APPROVED,False,100000000000011,Colombia,municipality of Cisneros,Department of Antioquia,,6.534499,-75.060225,,,,,,1235,2015-04-01T00:00:00,2015-04-01T00:00:00,6.534499/-75.060225,Energy industries (renewable/non-renewable sources),,,,,,,,,,,,,,,False,,ACM0002 (Version NA),,,2015-04-01T00:00:00,,150000000000045.0,Latin America,,,Generadora Cantayus S.A.S. E.S.P. (PP),,8003,,,False,,2015-04-01T00:00:00,2025-03-31T00:00:00,,"5,000 - 1,000,000 tCO2-e per year",150000000000062,1.0,,,,,,,,False,,,,,verra_platts,1235,original,05690,SANTO DOMINGO
110200000672874,110200000672874,2026-08-21T17:27:39.695354058,150000000000001,Verified Carbon Standard,,,2025-12-02T17:56:56,,Registered,Registered,1068,Hydroelectric Project El Edén,"The Hydroelectric Project El Edén (hereafter, the project activity or project) is implemented by Central Hidroeléctrica El Edén S.A.S E.S.P (hereafter, the project proponent).  The project activity is a hydroelectric power plant that utilizes water from the Río La Miel (“La Miel river”), located in the river basin “La Miel” in the east of the Department of Caldas, Colombia (hereafter, the Host Country), about 125 kilometres from the City of Cali close to the municipalities of Pensilvania, Marquetalia and Manzanares. The electricity generated by the project is expected to be around 111 GWh per year, which will be delivered to the National Interconnected System (SIN ). It will help to reduce thermal power generation in the SIN by providing renewable energy to the grid. Thus, it will contribute to sustainability by increasing the share of renewable energy and reducing GHG emissions.",Carbon,No,2017-02-16T00:00:00,2025-12-02T17:56:56,True,True,,,2027-02-15T00:00:00,,,,1068,Colombian Institute for Technical Standards and Certification (ICONTEC),110100000042585.0,,REGISTERED,True,100000000000011,Colombia,"Pensilvania, Marquetalia and Manzanares",Department of Caldas,,5.366666,-75.088999,,,,,,1068,2017-02-16T00:00:00,2017-02-16T00:00:00,5.366666/-75.088999,Energy industries (renewable/non-renewable sources),,,,,,,,,,,,,,,False,,ACM0002 (Version 13),,,2017-02-16T00:00:00,2013-09-25T00:00:00,150000000000045.0,Latin America,,,PROELECTRICA S.A.S E.S.P,,39483,,,False,,2017-02-16T00:00:00,2027-02-15T00:00:00,,"5,000 - 1,000,000 tCO2-e per year",150000000000062,1.0,,,,,,,,False,,,,,verra_platts,1068,original,17541,PENSILVANIA
110200000674439,110200000674439,2026-08-21T17:27:46.122686038,150000000000001,Verified Carbon Standard,,,2026-02-16T21:19:04,,Registered,Registered,1065,HYDROELECTRIC PROJECT ITUANGO,"The Hydroelectric Project Ituango  is implemented by Empresas Públicas de Medellín –EPM- E.S.P, under a “Build-Own-Operate-Maintain-Transfer” scheme (BOOMT) over a period of 50 years. The project activity is a hydroelectric power plant that utilizes water from the Río Cauca, located in the river basin known as the “Cañón del Cauca” in the Department of Antioquia, Colombia.   The electricity generated by the project is expected to be around 13,805 GWh per year, which will be delivered to the National Interconnected System (SIN ). It will help to reduce thermal power generation in the SIN by providing renewable energy to the grid. Thus, it will contribute to sustainability by increasing the share of renewable energy and reducing GHG emissions. The expected average annual emission reductions are  4,383,088tCO2 during a renewable 10 years crediting period.",Carbon,No,2023-01-01T00:00:00,2026-02-16T21:19:04,True,True,,,2032-12-31T00:00:00,,,,1065,Colombian Institute for Technical Standards and Certification (ICONTEC),110100000042585.0,,REGISTERED,False,100000000000011,Colombia,Various locations,Antioquia,,7.131101,-75.658608,,,,,,1065,2018-01-01T00:00:00,2018-01-01T00:00:00,7.131101/-75.658608,Energy industries (renewable/non-renewable sources),,,,,,,,,,,,,,,False,,ACM0002 (Version NA),,,2018-01-01T00:00:00,2013-07-09T00:00:00,150000000000045.0,Latin America,,,Empresas Públicas de Medellín E.S.P (PP),,4383088,,,False,,2023-01-01T00:00:00,2032-12-31T00:00:00,,"> 1,000,000 tCO2-e per year",150000000000063,1.0,,,,,,,,False,,,,,verra_platts,1065,original,05107,BRICEÑO
110200000674156,110200000674156,2026-08-21T17:27:46.105444492,150000000000001,Verified Carbon Standard,,,2022-12-21T17:56:01,,Registered,Registered,1473,Hydroelectric Project MULATOS II,"The project activity consists of a small hydroelectric plant that utilize water from the Mulatos river, located in the south-east region of the Department of Antioquia, Colombia (hereafter, the Host Country), in the Municipality of Tarso. For this VCS project activity, the installed capacity is defined by the total installed turbine nameplate capacity of 7.270 MW. The electricity generated by the project is expected to be around 42.49 GWh per year",Carbon,No,2019-08-26T00:00:00,2022-12-21T17:56:01,True,True,,,2029-08-25T00:00:00,,,,1473,Colombian Institute for Technical Standards and Certification (ICONTEC),110100000042585.0,,REGISTERED,True,100000000000011,Colombia,Municipality of Tarso,Department of Antioquia,,5.901592,-75.841174,,,,,,1473,2019-08-26T00:00:00,2019-08-26T00:00:00,5.901592/-75.841174,Energy industries (renewable/non-renewable sources),,,,,,,,,,,,,,,False,,ACM0002 (Version NA),,,2019-08-26T00:00:00,2015-10-02T00:00:00,150000000000045.0,Latin America,,,Energía del Suroeste S.A E.S.P,,18529,,,False,,2019-08-26T00:00:00,2029-08-25T00:00:00,,"5,000 - 1,000,000 tCO2-e per year",150000000000062,1.0,,,,,,,,False,,,,,verra_platts,1473,original,05792,TARSO
110200000676878,110200000676878,2026-08-21T17:27:52.581318259,150000000000001,Verified Carbon Standard,,,2026-02-25T13:13:41,,Registered,Registered,1364,Hydroelectric Project PCH Luzma,"The project activity consists of two grid-connected run-of-river hydroelectric plants Luzma I and Luzma II that utilize water from the Riachón river, located in the Municipality of Amalfi in the north-eastern region of the Department of Antioquia, Colombia  The project has a total installed turbine capacity of 45.40 MW and an expected average power generation of 338.5 GWh per year. Thus, it will contribute to sustainability by increasing the share of renewable energy and reducing GHG emissions. The average annual emission reductions are 100,534 tCO2 during a renewable 10-years crediting period.  Moreover, the project will contribute to the region’s sustainable development by decreasing other emissions from the combustion of fossil fuels of power plants connected to the grid, reduce the dependence on non-renewable resources and generate employment opportunities during construction and operation.",Carbon,No,2017-10-07T00:00:00,2026-02-25T13:13:41,True,True,,,2027-10-06T00:00:00,,,,1364,Colombian Institute for Technical Standards and Certification (ICONTEC),110100000042585.0,,REGISTERED,True,100000000000011,Colombia,Antioquia,Antioquia,,6.973251,-75.046419,,,,,,1364,2017-10-07T00:00:00,2017-10-07T00:00:00,6.973251/-75.046419,Energy industries (renewable/non-renewable sources),,,,,,,,,,,,,,,False,,ACM0002 (Version NA),,,2017-10-07T00:00:00,2020-08-24T00:00:00,150000000000045.0,Latin America,,,ISAGEN S.A. E.S.P (PP),,99992,,,False,,2017-10-07T00:00:00,2027-10-06T00:00:00,,"5,000 - 1,000,000 tCO2-e per year",150000000000062,1.0,,,,,,,,False,,,,,verra_platts,1364,original,05031,AMALFI
110200000672609,110200000672609,2026-08-21T17:27:39.653632799,150000000000001,Verified Carbon Standard,,,2026-06-04T19:40:39,,Registered,Registered,1798,Hydroelectric projects at Oibita River,"The hydroelectric projects at Obita River considers the installation of two run-of-river renewable small hydroelectric plants, at the rivered of the Oibita River in jurisdiction of the municipalities of Oiba, Guapota, Guadalupe and Chima, Department of Santander, with an effective power rating of 19.9 MW each and a predicted supply of about 273.4 GWh (for both power plants) per year to feed the National Interconnected System of Colombia.",Carbon,No,2023-05-14T00:00:00,2026-06-04T19:40:39,True,True,,,2033-05-13T00:00:00,,,,1798,EPIC Sustainability Services Private Limited,110100000039106.0,,REGISTERED,True,100000000000011,Colombia,Bucaramanga,"Oiba, Guapota, Guadalupe and Chima",,6.27064,-73.344346,,,,,,1798,2023-05-14T00:00:00,2023-05-14T00:00:00,6.270640/-73.344346,Energy industries (renewable/non-renewable sources),,,,,,,,,,,,,,,False,,ACM0002 (Version 19),,,2023-05-14T00:00:00,2020-10-02T00:00:00,150000000000045.0,Latin America,,,PCH San Bartolomé S.A.S .ES.P.,,100508,,,False,,2023-05-14T00:00:00,2033-05-13T00:00:00,,"5,000 - 1,000,000 tCO2-e per year",150000000000062,1.0,,,,,,,,False,,,,,verra_platts,1798,original,68500,OIBA
110200000676606,110200000676606,2026-08-21T17:27:52.551525356,150000000000001,Verified Carbon Standard,,,2024-09-26T17:54:24,,Inactive,Inactive,3646,Kúvay Macärö Vidi REDD+ Carurú -KUMAVI REDD+,"Kúvay Macärö Vidi REDD+ Carurú -KUMAVI REDD+ is a project located in the Amazon Colombian Forest, we are working whit the community of arará, Bacatí, Carurú, and Lagos de Jamaicurú. The project is on develop fase and by request of the community we need to register the project in the VCS + CCB standard. We project a reduction in emissions of 200,000 tons of CO2 equivalent per year. This using VM0015 and VM0037 methodologies.",Carbon,No,2017-01-01T00:00:00,,True,True,,,2046-12-31T00:00:00,,,,3646,,,,INACTIVE,False,100000000000011,Colombia,Carurú y Miraflores,Vaupés,,1.072928,-71.430092,,,,,,3646,2017-01-01T00:00:00,2017-01-01T00:00:00,1.072928/-71.430092,Agriculture Forestry and Other Land Use,,,,,,,,,,,,,,,False,,"VM0015 (Version NA), VM0037 (Version NA)",,,2017-01-01T00:00:00,,150000000000045.0,Latin America,289518.0,https://www.amazoncarbon.bio/kuwai-macaro-widi-redd-caruru/,"RESGUARDO INDÍGENA ARARÁ, BACATÍ, CARURÚ Y LAGOS DE JAMAICURÚ",REDD,300000,,,False,,2017-01-01T00:00:00,2046-12-31T00:00:00,,"5,000 - 1,000,000 tCO2-e per year",150000000000062,1.0,30.0,,,,,,,False,,,,,verra_platts,3646,original,97161,CARURÚ
110200000677425,110200000677425,2026-08-21T17:27:52.61116547,150000000000001,Verified Carbon Standard,,,2022-02-16T14:55:00,,Late to Verify,Late to Verify,386,La Cascada 2.3 MW Hydroelectric Project,"La Cascada is a run of river renewable small hydroelectric generating plant, with a capacity of 2.3 MW of energy generation that will be located in San Roque Jurisdiction, Antioquia Department, Colombia Republic utilizing water from the Guacas River.   The project activity contemplates the production of clean hydroelectric power that will be supplied to the national interconnection grid. The project will help to reduce Colombian CO2 emissions from petroleum and carbon consumption for electricity generation, which would have occurred otherwise in the absence of the project activity.",Carbon,No,2007-07-19T00:00:00,,True,True,,,2017-07-18T00:00:00,,,,386,Colombian Institute for Technical Standards and Certification (ICONTEC),110100000042585.0,,LATE_TO_VERIFY,True,100000000000011,Colombia,"San Roque Town, Community of Providencia",Antioquia Department,,6.510417,-74.917556,,,,,,386,2007-07-17T00:00:00,2007-07-17T00:00:00,6.510417/-74.917556,Energy industries (renewable/non-renewable sources),,,,,,,,,,,,,,,True,,ACM0002 (Version NA),,,2007-07-17T00:00:00,2020-04-06T00:00:00,150000000000045.0,Latin America,,,Prestadora de Servicios Públicos La Cascada SA ESP,,5139,,,False,,2007-07-19T00:00:00,2017-07-18T00:00:00,,"5,000 - 1,000,000 tCO2-e per year",150000000000062,1.0,,,,,,,,False,,,,,verra_platts,386,original,05670,SAN ROQUE
110200000675380,110200000675380,2026-08-21T17:27:46.297674803,150000000000001,Verified Carbon Standard,,,2024-09-06T07:55:55,,Registered,Registered,1206,Montanitas Hydroelectric Project,"The Montanitas Hydroelectric Project is a run of river hydroelectric power plant that is implemented on the Rio Grande River, located in the Don Matías and Santa Rosa de Osos Municipalities on the north-western region of the department of Antioquia, in the Republic of Colombia.   The plant is designed for a 7.0 m3/s flow, with a gross head of 416 meters, and will have two generating units, each one of 12.9 MW, that sum up to a maximum of 25.8 MW to an installed capacity at the generator terminals, but nonetheless, the power-plant will have an installed Effective capacity 19.9 MW and Annual Power Production 172GWh (to fulfill national grid requirements ) at the Mocorongo substation were the power-plant will be connected to the national grid; The total estimated emissions reduction for the crediting period is 473,170 tonns of CO2 e.",Carbon,No,2022-06-16T00:00:00,2024-09-06T07:55:55,True,True,,,2032-06-15T00:00:00,,,,1206,Swiss Association for Quality and Management Systems (SQS),110100000045144.0,,REGISTERED,True,100000000000011,Colombia,Rio Grande river basin,Santa Rosa de Osos and Don Matías,,6.5475,-75.3172,,,,,,1206,2012-06-16T00:00:00,2012-06-16T00:00:00,6.547500/-75.317200,Energy industries (renewable/non-renewable sources),,,,,,,,,,,,,,,False,,ACM0002 (Version 13),,,2012-06-16T00:00:00,2020-04-06T00:00:00,,,,,Celsia Colombia S.A. E.S.P. (PP),,55851,,,False,,2022-06-16T00:00:00,2032-06-15T00:00:00,,"5,000 - 1,000,000 tCO2-e per year",150000000000062,2.0,,,,,,,,False,,,,,verra_platts,1206,original,05237,DONMATÍAS
110200000678117,110200000678117,2026-08-21T17:27:58.379192141,150000000000001,Verified Carbon Standard,,,2022-01-12T22:49:51,,Pipeline listing requested (under development),Pipeline listing requested (under development),2869,Multimodal Transport on the Magdalena River by Impala Terminals,"The purpose of the project developed by Impala Terminals is the implementation of a single integral and efficient multimodal system that connects the inland industry with ocean ports in a regular and reliable way and that drives the development of riverside municipalities. In addition, the project aims to make transport more efficient, which allows more cargo to be transported with lower fuel consumption, thus reducing greenhouse gas emissions per unit of cargo transported.",Carbon,No,2015-06-19T00:00:00,,True,True,,,2025-06-18T00:00:00,,,,2869,"AENOR CONFIA, S.A. (UNIPERSONAL)",110100000041003.0,,PIPELINE_LISTING_UNDER_DEVELOPMENT,False,100000000000011,Colombia,Barrancabermeja / Cartagena,Santander / Bolívar,,7.098653,-73.892951,,,,,,2869,2015-06-19T00:00:00,2015-06-19T00:00:00,7.098653/-73.892951,Transport,,,,,,,,,,,,,,,False,,AM0090 (Version NA),,,2015-06-19T00:00:00,,150000000000045.0,Latin America,,,Impala Terminals Colombia S.A.S (PP),,40000,,,False,,2015-06-19T00:00:00,2025-06-18T00:00:00,,"5,000 - 1,000,000 tCO2-e per year",150000000000062,1.0,,,,,,,,False,,,,,verra_platts,2869,original,68081,BARRANCABERMEJA
110200000671971,110200000671971,2026-08-21T17:27:39.615165712,150000000000001,Verified Carbon Standard,,,2026-08-20T17:51:25.761,,Registered,Registered,1399,Mutatá REDD+ Project,"Proyecto REDD+ para mitigar el cambio climático, proteger la rica biodiversidad y generar fuentes de ingresos para las comunidades indígenas pobres, a través de la gobernanza forestal, el desarrollo de capacidades y las actividades productivas que evitarán la tala selectiva de bosques nativos, evitando la degradación y la deforestación. Ubicado tanto en el noreste del Chocó como en el noroeste de Antioquia, en la región del Darién de Colombia. Desarrollado por BIOREDD+/USAID",Carbon,No,2013-06-26T00:00:00,2025-08-21T18:09:54,True,True,,,2043-06-25T00:00:00,,,,1399,"Rainforest Alliance, Inc. (Rainforest Alliance)",110100000041307.0,,REGISTERED,True,100000000000011,Colombia,Mutatá,Antioquia and Choco,,7.298886,-76.487774,,,,,,1399,2013-06-26T00:00:00,2013-06-26T00:00:00,7.298886/-76.487774,Agriculture Forestry and Other Land Use,,,,,,,,,,,,,,,True,,VM0006 (Version NA),,,2013-06-26T00:00:00,2020-04-06T00:00:00,150000000000045.0,Latin America,34288.0,,Cabildo Mayor Indígena de Mutatá,REDD,156476,,,False,,2013-06-26T00:00:00,2043-06-25T00:00:00,,"5,000 - 1,000,000 tCO2-e per year",150000000000062,1.0,30.0,,,,,,,False,,,,,verra_platts,1399,original,05480,MUTATÁ
110200000676389,110200000676389,2026-08-21T17:27:52.538859865,150000000000001,Verified Carbon Standard,,,2025-06-27T17:17:07,,Pipeline Listing (under development) approved,Pipeline listing (under development) approved,4894,"MÜSESI project for active restoration in areas of the Sierra Nevada Santa Marta, Colombia","This grouped project is designed to establish in the first stage 810.98 hectares of native species in the municipalities of Aracataca, Fundación, Santa Marta, Ciénaga, Dibuya, and El Copey, Colombia. The specific objectives of this project are: 1.	Setting up large-scale tree planting projects on 810.98 ha based on the “direct seeding” technique. 2.	Implementation of solutions for soil fertility, water conservation, climate change mitigation, and animal habitat. 3.	To raise awareness of climate change and adaptation strategies. 4.	To develop economic instruments to ensure the sustainability of the project over time. 5.	Creation of schools’ farms through the implementation of a community program that fosters the training of the community on sustainability restoration practices with native species to create a community using self-sustaining systems. The project contributes to the mitigation of greenhouse gases through a combination of sustainable land management practices and principles that promote carbon sequestration and reduced greenhouse gas emissions planting 731,765 trees in the first instance. These plants capture and store carbon dioxide from the atmosphere through photosynthesis, effectively sequestering carbon in the biomass and soil, and will result in an annual average of 46,053 tCO2, during 30 years, thus, a total of 1,381,590 tCO2.",Carbon,No,2022-01-01T00:00:00,,True,True,,,2081-12-31T00:00:00,,,,4894,,,,PIPELINE_LISTING_UNDER_DEVELOPMENT_APPROVED,False,100000000000011,Colombia,"Aracataca, Fundación, Santa Marta, Cienaga",Sierra Nevada Santa Marta,,11.006243,-74.241022,,,,,,4894,2022-01-01T00:00:00,2022-01-01T00:00:00,11.006243/-74.241022,Agriculture Forestry and Other Land Use,,,,,,,,,,,,,,,False,,VM0047 (Version NA),,,2022-01-01T00:00:00,,150000000000045.0,Latin America,811.0,https://www.allcot.com/project-development/musesi-afforestation-project-sierra-nevada-santa-marta/,ALLCOT A.G. (PP),ARR,50153,,,False,,2022-01-01T00:00:00,2081-12-31T00:00:00,,"5,000 - 1,000,000 tCO2-e per year",150000000000062,1.0,60.0,,,,,,,False,,,,,verra_platts,4894,original,47189,CIÉNAGA
110200000674853,110200000674853,2026-08-21T17:27:46.202385807,150000000000001,Verified Carbon Standard,,,2026-05-05T21:44:17,,Under validation (Public comment period closed),Under validation (Public comment period closed),4777,NATURAL SILVOPASTORAL SYSTEMS IN THE COLOMBIAN ORINOQUIA REGION,"The project “Natural silvopastoral systems in the Colombian Orinoquia Region” is a grouped project comprising a set of activities to improve grassland management. The project primary objective is to achieve a reduction in overall emissions by focusing on carbon sequestration. This will be accomplished by enhancing livestock practices through the following project activities: - Implementation of adaptive multi-paddock grazing with improved deep-rooted grass cultivars, specifically Urochloa humidicola, - Human-assisted regeneration of arbustive chaparros (Curatella americana) on paddocks to harness the potential of existing natural processes of seed dispersal and resources to restore woody vegetation, - Cease grassland burns, and - Natural regeneration of tropical, highland savannah vegetation in buffer zones around riparian forests, and environmental. The project activities will take place in approximately 150,000 ha of Vichada and Meta, two of the four departments of the Orinoquia region in Colombia, referred to here as “Colombian Orinoquia”. The crediting period is 2020 to 2040 applying the VCS Methodology for Improved Agricultural Land Management VM0042 Version 2.0. An estimate of the annual average and total GHG emission reductions and removals are approximately 270,000 t CO2eq per year and 5,400,000 t CO2eq, respectively. With its implementation, project instances will see an increase in livestock production, alongside overall emissions reduction driven by soil carbon sequestration. Prior to the implementation of the project, livestock practices in the regions are characterized by annual burning of savannas and low-quality animal feed. It is also expected substantial contribution to the sustainable development goals (SDGs) 2 Zero hunger, 8 Decent work and economic growth, 9 Industry, innovation and infrastructure, 12 Responsible consumption and production, 13 Climate action, 15 Life on land, and 17 Partnerships for the goals.",Carbon,No,2021-01-01T00:00:00,,True,True,,,2040-12-31T00:00:00,,,,4777,Verifit SAS,110100000036457.0,,UNDER_VAL_COMMENT_CLOSED,False,100000000000011,Colombia,La Primavera,Vichada and Meta,,5.930179,-69.633452,,,,,,4777,2021-01-01T00:00:00,2021-01-01T00:00:00,5.930179/-69.633452,Agriculture Forestry and Other Land Use,,,,,,,,,,,,,,,False,,VM0042 (Version NA),,,2021-01-01T00:00:00,,150000000000045.0,Latin America,150000.0,,Agropecuaria Bambusa SAS (PP),ALM,248916,,,False,,2021-01-01T00:00:00,2040-12-31T00:00:00,,"5,000 - 1,000,000 tCO2-e per year",150000000000062,1.0,20.0,,,,,,,False,,,,,verra_platts,4777,original,99524,LA PRIMAVERA
110200000677413,110200000677413,2026-08-21T17:27:52.610523127,150000000000001,Verified Carbon Standard,,,2026-01-21T14:14:07,,Registered,Registered,4732,"NatureRe assisted natural regeneration project in degraded lands in Antioquia, Colombia","The NatureRe project is a grouped project that seeks to sustainably manage 4,500 ha, within which it is estimated there is potential to restore approximately 2,925 ha. This area corresponds to livestock-degraded lands in the Antioquia Department (Colombia), in three subregions: Magdalena Medio, Bajo Cauca, and Nordeste. The project aims to restore native forest species by applying different ANR models.",Carbon,No,2022-10-01T00:00:00,2026-01-21T14:14:07,True,True,,,2062-09-30T00:00:00,,,,4732,Colombian Institute for Technical Standards and Certification (ICONTEC),110100000042585.0,,REGISTERED,False,100000000000011,Colombia,"Magdalena Medio, Bajo Cauca, and Nordeste",Antioquia,,6.382592,-74.697917,,,,,,4732,2022-10-01T00:00:00,2022-10-01T00:00:00,6.382592/-74.697917,Agriculture Forestry and Other Land Use,,,,,,,,,,,,,,,False,,AR-ACM0003 (Version NA),,,2022-10-01T00:00:00,2025-04-23T00:00:00,150000000000045.0,Latin America,4500.0,,Multiple Project Proponents,ARR,37467,,,False,,2022-10-01T00:00:00,2062-09-30T00:00:00,,"5,000 - 1,000,000 tCO2-e per year",150000000000062,1.0,40.0,,,,,,,False,,,,,verra_platts,4732,original,05579,PUERTO BERRÍO
110200000673384,110200000673384,2026-08-21T17:27:46.002059713,150000000000001,Verified Carbon Standard,,,2025-04-14T22:22:59,,Rejected by Administrator,Rejected by Administrator,2459,NAYA REDD+,"The NAYA REDD+ aims to develop a participatory process to establish a sustainable management system for the forests of the Community Council of the Naya River Basin, to ensure environmental sustainability and mitigate the threats posed by the main agents and drivers of deforestation, in particular, the strategy is to avoid deforestation through the implementation of the REDD+ project (Reduction of Emissions due to Deforestation and Forest Degradation, conservation of carbon reserves, sustainable management of forests and improvement of forest reserves in developing countries), this project permits the providing of payments for the compensation of the provided ecosystem services. Therefore, the collective territories linked to the project seek, through their territorial autonomy, to carry out conservation processes that preserve their cultural identity and promote the protection of biodiversity and the environmental wealth of their territory. Characteristics directly linked with the objective of REDD+ projects, with desired, sustainable local development, as well as the purpose of reducing emissions generated by deforestation. The Community Council of the Naya River Basin is located in the Colombian Biogeographic Pacific Region, in very humid tropical forests between the departments of Valle del Cauca and Cauca, under the jurisdiction of the municipalities of Buenaventura and López de Micay. This Collective territory was awarded under Resolution 6640 of 2015 of INCODER.",Carbon,No,2015-11-26T00:00:00,,True,True,,,2035-11-25T00:00:00,,,,2459,"AENOR CONFIA, S.A. (UNIPERSONAL)",110100000041003.0,,REJECTED,False,100000000000011,Colombia,Buenaventura/Valle de Cauca ; López de Micay/Cauca,Consejo Comunitario de La Comunidad Negra Del Rio,,3.059431,-77.165316,,,,,,2459,2015-11-26T00:00:00,2015-11-26T00:00:00,3.059431/-77.165316,Agriculture Forestry and Other Land Use,,,,,,,,,,,,,,,False,,VM0007 (Version NA),,,2015-11-26T00:00:00,2024-01-02T00:00:00,150000000000045.0,Latin America,178483.0,https://biofix.co/portafolio/naya-redd/,Multiple Project Proponents,"REDD,WRC",307252,,,False,,2015-11-26T00:00:00,2035-11-25T00:00:00,,"5,000 - 1,000,000 tCO2-e per year",150000000000062,1.0,20.0,,,,,,,False,,,,,verra_platts,2459,original,19418,LÓPEZ DE MICAY
110200000677280,110200000677280,2026-08-21T17:27:52.603369118,150000000000001,Verified Carbon Standard,,,2025-01-15T14:34:40,,Registration and verification approval requested,Registration and verification approval requested,3218,Origen Atrato-Baudó REDD+ Project,"The Atrato-Baudó REDD+ Project aims to reduce GHG emissions from deforestation of natural forest. It is expected to achieve this through implementation of community actions framed in conservation, protection and sustainable management of the forest, which lead to improvements in living conditions in the territories. The area of the project’s first instance is located in the Tumbes-Chocó-Magdalena bioregion, in the municipalities of Alto Baudó, Quibdó, Lloró, Bagadó, Tadó, Río Iró (Santa Rita) and Cértegui, in the department of Chocó. The project is designed as a grouped project, initially made up of the collective territories of the following Afro-descendant communities: Community Council of San Isidro, Community Council of Villa Conto and Major Community Council of the Alto Atrato Popular Peasant Organization (COCOMOPOCA).  The project activities are aligned with the community needs and purposes identified during the process of relationship and free and informed prior consent developed with the communities. These actions are aimed at achieving four major purposes, which are: Governance and community management; social and community infrastructure; sustainable livelihoods and environmental protection, basic sanitation and aqueducts. Currently, the forests in the project area include areas of very humid tropical forest with transition to Tropical Rainforest. These ecosystem characteristics potentiate the habitat conditions of both flora and fauna, being cataloged as one of the most biodiverse areas of the country and the continent, characterized by endemism.  Deforestation that occurs in the project area are the result of a combination of complex socioeconomic and historical factors, associated with extractive processes that have directly affected biodiversity and ecosystem services. The project, as an alternative to conversion, aims to maintain carbon stocks through sustainable forest management, promoting improvements in the living conditions of local communities.",Carbon,No,2019-12-13T00:00:00,,True,True,,,2049-12-12T00:00:00,,,,3218,"AENOR CONFIA, S.A. (UNIPERSONAL)",110100000041003.0,,REGISTRATION_VERIFICATION_APPROVAL_REQ,False,100000000000011,Colombia,Municipality of Alto Baudó,Department of Chocó,,5.61735,-76.831547,,,,,,3218,2019-12-13T00:00:00,2019-12-13T00:00:00,5.617350/76.831547,Agriculture Forestry and Other Land Use,,,,,,,,,,,,,,,False,,VM0009 (Version NA),,,2019-12-13T00:00:00,,150000000000045.0,Latin America,113492.0,www.wildlifeworks.com,Multiple Project Proponents,REDD,343528,,,False,,2019-12-13T00:00:00,2049-12-12T00:00:00,,"5,000 - 1,000,000 tCO2-e per year",150000000000062,1.0,30.0,,,,,,,False,,,,,verra_platts,3218,signo_lon_negado,27600,RÍO QUITO
110200000673684,110200000673684,2026-08-21T17:27:46.021242205,150000000000001,Verified Carbon Standard,,,2025-03-14T16:45:07,,Registered,Registered,1695,PAYMENT FOR ENVIRONMENTAL SERVICES SCHEME FOR FOREST MANAGEMENT AND CONSERVATION OF WATER SOURCES IN THE JURISDICTION OF CORPOCHIVOR,"This project was open to a CCB Program public comment from 22 June  22 July 2017,. and was open for a VCS Program public comment period from 02 January - 01 February 2018. No comments were received during either comment period.",Carbon,No,2014-04-11T00:00:00,2025-03-14T16:45:07,True,True,,,2044-04-10T00:00:00,,,,1695,Colombian Institute for Technical Standards and Certification (ICONTEC),110100000042585.0,,REGISTERED,True,100000000000011,Colombia,Chivor,Boyaca,,4.888858,-73.366905,,,,,,1695,2014-04-11T00:00:00,2014-04-11T00:00:00,4.888858/-73.366905,Agriculture Forestry and Other Land Use,,,,,,,,,,,,,,,False,,VM0015 (Version 1.1),,,2014-04-11T00:00:00,2018-01-16T00:00:00,150000000000045.0,Latin America,937.0,,Local Environmental Authority of Chivor (CORPOCHIVOR– Corporación Autónoma Regional de Chivor),REDD,1662,,,False,,2014-04-11T00:00:00,2044-04-10T00:00:00,,"< 5,000 tCO2-e per year",150000000000061,1.0,30.0,,,,,,,False,,,,,verra_platts,1695,original,15236,CHIVOR
110200000674927,110200000674927,2026-08-21T17:27:46.206674806,150000000000001,Verified Carbon Standard,,,2023-05-11T04:29:21,,Rejected by Administrator,Rejected by Administrator,3690,PROJECT MATANI REDD+ DIOS MAYOR DE LOS PUEBLOS CABILLARI,"Colombia has approximately 60 million hectares of forest. Of these, 66% is located in the Amazon biome. The Forest and Carbon Monitoring System (SMByC) of the Institute of Hydrology, Meteorology and Environmental Studies (IDEAM), identified that in 2021, 174,103 ha of forest were deforested. The name given to the Conservation Project is PROJECT MATANI REDD+ DIOS MAYOR DE LOS PUEBLOS CABILLARI, Matani is the Greatest God of the communities that make up the Association of Traditional Indigenous Captains of Vaupés (ACTIVA), made up of the communities of Altamira, Buenos aires, Cachiporro, Mutanacua, Villagladys, Cananari, Morroco, Reforma, Villareal. The Jirijirimo REDD+ Project is located in the Department of Vaupes, corresponding to the Amazon biome of Colombia. Due to its biophysical conditions, this biogeographic zone is strategic for regulating the climate, sustaining biological cycles, conserving soil and water resources, capturing greenhouse gas emissions, and conserving the biological diversity of the region. Amazon region. Therefore, the indigenous communities linked to the project seek, through their territorial autonomy and their right to free self-determination, to carry out conservation processes framed in sustainability criteria that have to do with the protection of natural forest areas, rescue and protection of their cultural identity and promotion of productive practices that promote the protection of biodiversity and the environmental richness of their territory. Characteristics that are directly linked to the purpose of REDD+ projects, with the desired sustainable local development, as well as with the purpose of reducing emissions generated due to deforestation and forest degradation. The project MATANI REDD+ DIOS MAYOR DE LOS PUEBLOS CABILLARI  constitutes an area of 814,948 hectares. The main objective of the project has been is to avoid the unplanned deforestation (AUD) in the Amazon rainforest.",Carbon,No,2017-06-02T00:00:00,,True,True,,,2037-06-01T00:00:00,,,,3690,Earthood Services Limited,110100000036441.0,,REJECTED,False,100000000000011,Colombia,Assoc. of Trad. Indigenous Capts. of Vaupés ACTIVA,Vaupés,,0.020555,-71.001941,,,,,,3690,2017-06-02T00:00:00,2017-06-02T00:00:00,0.020555/71.001941,Agriculture Forestry and Other Land Use,,,,,,,,,,,,,,,False,,VM0015 (Version NA),,,2017-06-02T00:00:00,,150000000000045.0,Latin America,814948.0,,Multiple Project Proponents,REDD,1067300,,,False,,2017-06-02T00:00:00,2037-06-01T00:00:00,,"> 1,000,000 tCO2-e per year",150000000000063,1.0,20.0,,,,,,,False,,,,,verra_platts,3690,signo_lon_negado,97511,PACOA
110200000672656,110200000672656,2026-08-21T17:27:39.656378521,150000000000001,Verified Carbon Standard,,,2025-02-27T07:46:56,,Withdrawn,Withdrawn,4419,Project MATANI REDD+ DIOS MAYOR DE LOS PUEBLOS CABILLARI CONSERVACION ANCESTRAL,"Colombia has approximately 60 million hectares of forest. Of these, 66% is located in the Amazon biome. The Forest and Carbon Monitoring System (SMByC) of the Institute of Hydrology, Meteorology and Environmental Studies (IDEAM), identified that in 2021, 174,103 ha of forest were deforested. The name given to the Conservation Project is Project MATANI REDD+ DIOS MAYOR DE LOS PUEBLOS CABILLARI CONSERVACION ANCESTRAL, Matani is the Greatest God of the communities that make up the Association of Traditional Indigenous Captains of Vaupés (ACTIVA), made up of the communities of Altamira, Buenos aires, Cachiporro, Mutanacua, Villagladys, Cananari, Morroco, Reforma, Villareal. The Project MATANI REDD+ is located in the Department of Vaupes, corresponding to the Amazon biome of Colombia. Due to its biophysical conditions, this biogeographic zone is strategic for regulating the climate, sustaining biological cycles, conserving soil and water resources, capturing greenhouse gas emissions, and conserving the biological diversity of the region. Amazon region. Therefore, the indigenous communities linked to the project seek, through their territorial autonomy and their right to free self-determination, to carry out conservation processes framed in sustainability criteria that have to do with the protection of natural forest areas, rescue and protection of their cultural identity and promotion of productive practices that promote the protection of biodiversity and the environmental richness of their territory. Characteristics that are directly linked to the purpose of REDD+ projects, with the desired sustainable local development, as well as with the purpose of reducing emissions generated due to deforestation and forest degradation. The project MATANI REDD+ DIOS MAYOR DE LOS PUEBLOS CABILLARI CONSERVACION ANCESTRAL constitutes an area of 812,491 hectares. The main objective of the project has been is to avoid the unplanned deforestation (AUD) in the Amazon rainforest.",Carbon,No,2020-05-20T00:00:00,,True,True,,,2040-05-19T00:00:00,,,,4419,Earthood Services Limited,110100000036441.0,,WITHDRAWN,False,100000000000011,Colombia,Assoc. of Trad. Indigenous Capts. of Vaupés ACTIVA,Vaupés,,0.020555,-71.001941,,,,,,4419,2020-05-20T00:00:00,2020-05-20T00:00:00,0.020555/71.001941,Agriculture Forestry and Other Land Use,,,,,,,,,,,,,,,False,,VM0015 (Version NA),,,2020-05-20T00:00:00,,150000000000045.0,Latin America,812491.0,,Multiple Project Proponents,REDD,1067300,,,False,,2020-05-20T00:00:00,2040-05-19T00:00:00,,"> 1,000,000 tCO2-e per year",150000000000063,1.0,20.0,,,,,,,False,,,,,verra_platts,4419,signo_lon_negado,97511,PACOA
110200000678011,110200000678011,2026-08-21T17:27:52.645702083,150000000000001,Verified Carbon Standard,,,2026-08-17T12:14:18.344,,Under validation (Public comment period closed),Under validation (Public comment period closed),5901,"PROJECT URAMIA – COMMUNITY-LED FOREST CONSERVATION REDD+ PROJECT IN CHOCÓ, COLOMBIA","Project Uramia is a large-scale, community-led REDD+ initiative in Colombia’s Chocó Basin, one of the world’s most biodiverse forest regions. Located in the Bajo Atrato region (Río Sucio and Carmen del Darién, Chocó Department), the project protects 255,220 hectares of intact tropical forest across six Indigenous resguardos. Project Uramia applies a rights-based, community-centered conservation model combining active forest protection, community-based monitoring and patrols, and strengthened Indigenous governance through elected Project Councils and participatory land-use planning. The project promotes sustainable livelihoods—including non-timber forest product value chains, agroforestry, and artisanal activities—with a strong focus on women and youth, reducing reliance on destructive land-use practices. The project targets Avoided Unplanned Deforestation (AUD) under Verra VCS Methodology VM0048 v1.0, with a 40-year crediting period (May 2024–May 2064). It is expected to generate approximately 1.0 million tCO₂e annually, totaling over 40 million tCO₂e over the crediting period.",Carbon,No,2024-05-10T00:00:00,,True,True,,,2064-05-09T00:00:00,,,,5901,Earthood Services Limited,110100000036441.0,,UNDER_VAL_COMMENT_CLOSED,False,100000000000011,Colombia,Choco Region,,,5.252803,-76.825965,,,,,,5901,2024-05-10T00:00:00,,5.252803/76.825965,Agriculture Forestry and Other Land Use,,,,,,,,,,,,,,,False,,VM0048 (Version NA),,,2024-05-10T00:00:00,,150000000000045.0,Latin America,255220.0,,Multiple Project Proponents,REDD,737675,,,False,,2024-05-10T00:00:00,2064-05-09T00:00:00,,"> 1,000,000 tCO2-e per year",150000000000063,1.0,40.0,,,,,,,False,,,,,verra_platts,5901,signo_lon_negado,27361,ISTMINA
110200000671980,110200000671980,2026-08-21T17:27:39.615707313,150000000000001,Verified Carbon Standard,,,2026-03-25T20:29:19,,Registration requested,Registration requested,2330,Protection of mangroves and community developmental activities in the biodiversity hotspot of Colombia,"This project is an Agriculture, Forestry and Other Land Use (AFOLU) under the Reducing Emissions from Deforestation and Degradation (REDD) project category. Specifically, the project is of the “Avoided Unplanned Deforestation” (AUD) project category. The project preserves and conserves the mangrove forest of around 64,000 hectares in a critical region of the threatened biodiversity hotspot Tumbes-Choco-Magdalena of Colombia. A region where there is high deforestation risk. The project has quantifiable CCB benefits, as it has generated and provides full time employment, training and access for the families that live in and around the project area, also created to be self-empowered in a region where there are few job opportunities. The project has also provided cookstoves with chimneys to help mitigate lung related diseases (which is the most common disease in the surrounding area due to improper cooking methods) and more efficiently burn fuel for cooking. Also, the company is intensifying and improving its practices to support the sustainable social development, maintaining and improving the biodiversity monitoring at the project area in the framework of REDD activities. From the implementation of this REDD Project, it is estimated that 4,600,000 tons of carbon dioxide emissions will be avoided which would have been emitted into the atmosphere in a period of 10 years in the absence of the project.",Carbon,No,2018-07-01T00:00:00,,True,True,,,2048-06-30T00:00:00,,,,2330,4K Earth Science Private Limited,110100000041092.0,,REGISTRATION_REQUESTED,False,100000000000011,Colombia,Unguia,Choco and Antioquia,,8.105304,-76.960277,,,,,,2330,2018-07-01T00:00:00,2018-07-01T00:00:00,8.105304/-76.960277,Agriculture Forestry and Other Land Use,,,,,,,,,,,,,,,False,,VM0015 (Version NA),,,2018-07-01T00:00:00,,150000000000045.0,Latin America,64000.0,www.weact.com.au,WeAct Pty Ltd. (PP),REDD,246441,,,False,,2018-07-01T00:00:00,2048-06-30T00:00:00,,"5,000 - 1,000,000 tCO2-e per year",150000000000062,1.0,30.0,,,,,,,False,,,,,verra_platts,2330,original,27800,UNGUÍA
110200000673834,110200000673834,2026-08-21T17:27:46.086254111,150000000000001,Verified Carbon Standard,,,2026-05-28T16:05:08,,Registration and verification approval requested,Registration and verification approval requested,3145,Proyecto REDD++ PANI,"Environmentally and culturally conserve the PANI territory, through the consolidation of its own government, strengthening of traditional knowledge, actions for sustainable development, and monitoring and control of the territory, to improve the quality of life of the communities.",Carbon,No,2022-01-01T00:00:00,,True,True,,,2061-12-31T00:00:00,,,,3145,Colombian Institute for Technical Standards and Certification (ICONTEC),110100000042585.0,,REGISTRATION_VERIFICATION_APPROVAL_REQ,False,100000000000011,Colombia,Amazonas Department,,,-1.28414,-71.275585,,,,,,3145,2022-01-01T00:00:00,2022-01-01T00:00:00,-1.284140/-71.275585,Agriculture Forestry and Other Land Use,,,,,,,,,,,,,,,False,,VM0007 (Version NA),,,2022-01-01T00:00:00,,150000000000045.0,Latin America,1492307.0,,Multiple Project Proponents,REDD,812888,,,False,,2022-01-01T00:00:00,2061-12-31T00:00:00,,"5,000 - 1,000,000 tCO2-e per year",150000000000062,1.0,40.0,,,,,,,False,,,,,verra_platts,3145,original,91669,PUERTO SANTANDER
110200000677134,110200000677134,2026-08-21T17:27:52.595351167,150000000000001,Verified Carbon Standard,,,2024-04-19T14:56:12,,Late to Verify,Late to Verify,1429,Recovery of degraded areas with agroforestry systems in Colombia,"The grouped project proposes the recovery of degraded areas in Colombia by implementing agroforestry, silvopastoral and assisted natural regeneration systems, mixed-species plantations or any kind of land use multipurpose systems, in order to support initiatives that contribute to sustainable development, taking into account the region’s needs.",Carbon,No,2012-01-16T00:00:00,,True,True,,,2112-01-15T00:00:00,,,,1429,Colombian Institute for Technical Standards and Certification (ICONTEC),110100000042585.0,,LATE_TO_VERIFY,False,100000000000011,Colombia,"Puente Peláez, La Hondita, Botijuelas, Guacamayas","Municipalities of Necoclí and El Retiro, Antioquia",,8.3005,-76.425,,,,,,1429,2012-01-16T00:00:00,2012-01-16T00:00:00,8.300500/-76.425000,Agriculture Forestry and Other Land Use,,,,,,,,,,,,,,,True,,AR-ACM0003 (Version NA),,,2012-01-16T00:00:00,2015-11-04T00:00:00,150000000000045.0,Latin America,219.0,,Multiple Project Proponents,ARR,746,,,False,,2012-01-16T00:00:00,2112-01-15T00:00:00,,"< 5,000 tCO2-e per year",150000000000061,1.0,100.0,,,,,,,False,,,,,verra_platts,1429,original,05837,TURBO
110200000673829,110200000673829,2026-08-21T17:27:46.08593924,150000000000001,Verified Carbon Standard,,,2025-03-21T16:50:55,,Withdrawn,Withdrawn,2392,REDD + in the Forests of the Otún River Basin,"The climate change mitigation project REDD+ in the forests of the Otún River basin is a grouped project which, in its first stage, includes 17 holdings belonging to - the Empresa de Acueducto y Alcantarillado de Pereira (Pereira Aqueduct and Sewerage Company) S.A.S. E.S.P. The project is located in the southern area of the department of Risaralda, in the Central Mountain Range (Cordillera), on the Otún River valley, in the municipalities of Pereira, Santa Rosa de Cabal, and Salento, and it has the main objective of conserving the native forests of the region by reducing the emissions of Greenhouse Gases (GHG) caused by deforestation while preserving and protecting local biodiversity through interagency conservation efforts and the implementation of four strategic lines, which are focused on control activities of the territory; environmental education strengthening and biodiversity research; conservation agreements and ecological restoration programs.",Carbon,No,2016-01-01T00:00:00,,True,True,,,2045-12-31T00:00:00,,,,2392,Earthood Services Limited,110100000036441.0,,WITHDRAWN,False,100000000000011,Colombia,Pereira,Risaralda and Quindio,,4.739131,-75.52596,,,,,,2392,2015-12-30T00:00:00,2015-12-30T00:00:00,4.739131/-75.525960,Agriculture Forestry and Other Land Use,,,,,,,,,,,,,,,False,,VM0015 (Version NA),,,2015-12-30T00:00:00,,150000000000045.0,Latin America,5603.0,,Empresa de Acueducto y Alcantarillado de Pereira S.A.S E.S. P,REDD,30874,,,False,,2016-01-01T00:00:00,2045-12-31T00:00:00,,"5,000 - 1,000,000 tCO2-e per year",150000000000062,1.0,30.0,,,,,,,False,,,,,verra_platts,2392,original,66682,SANTA ROSA DE CABAL
110200000676831,110200000676831,2026-08-21T17:27:52.564398067,150000000000001,Verified Carbon Standard,,,2025-07-04T16:17:11,,Withdrawn,Withdrawn,2251,REDD PROJECT OF THE INDIGENOUS PEOPLES OF VAUPÉS YUTUCU AND  OTHERS,Develop a REDD+ project to promote the sustainable use of the territory and generate productive alternatives for the reduction of emissions from deforestation and degradation in the livelihoods of five zones of the Great Indigenous Reserve of Vaupés. This project was open for public comment for the dates 14 July 2020 - 13 August 2020.,Carbon,No,2017-01-01T00:00:00,,True,True,,,2036-12-31T00:00:00,,,,2251,Colombian Institute for Technical Standards and Certification (ICONTEC),110100000042585.0,,WITHDRAWN,False,100000000000011,Colombia,Mitu,Vaupés,,1.139052,-70.605548,,,,,,2251,2016-10-29T00:00:00,2016-10-29T00:00:00,1.139052/-70.605548,Agriculture Forestry and Other Land Use,,,,,,,,,,,,,,,False,,VM0015 (Version 1.1),,,2016-10-29T00:00:00,,150000000000045.0,Latin America,809664.0,,Multiple Project Proponents,REDD,438730,,,False,,2017-01-01T00:00:00,2036-12-31T00:00:00,,"5,000 - 1,000,000 tCO2-e per year",150000000000062,1.0,20.0,,,,,,,False,,,,,verra_platts,2251,original,97001,MITÚ
110200000673019,110200000673019,2026-08-21T17:27:39.70382149,150000000000001,Verified Carbon Standard,,,2024-08-30T14:38:02,,Under validation (Public comment period closed),Under validation (Public comment period closed),2356,REDD+ CONSERVATION OF ETHNO SUSTAINABLE AFRO-COLOMBIAN COMMUNITY IN THE TROPICAL RAIN FOREST OF COLOMBIA,"This project is an Agriculture, Forestry and Other Land Use (AFOLU) project under the Reducing Emissions from Deforestation and Degradation (REDD) project category. Specifically, the project is of the “Avoided Unplanned Deforestation” (AUD) project category. The project preserves and conserves the native tropical rain forest of around 10,433 hectares in a critical region of the threatened biodiversity hotspot choco-magdalena of Colombia. A region where there is high deforestation risk. The project has quantifiable CCB benefits, as it has generated and provides full time employment, training and access for the families that live in and around the project area, also created to be self-empowered in a region where there are few job opportunities. The project has also provided cookstoves with chimneys to help mitigate lung related diseases (which is the most common disease in the surrounding area due to improper cooking methods) and more efficiently burn fuel for cooking. Also, the company is intensifying and improving its practices to support the sustainable social development, maintaining and improving the biodiversity monitoring at the project area in the framework of REDD activities. From the implementation of this REDD Project, it is estimated that 660,000 tonnes of carbon dioxide emissions will be avoided which would have been emitted into the atmosphere in a period of 10 years in the absence of the project, not including the project’s non-permanence risk buffer contribution.",Carbon,No,2018-07-01T00:00:00,,True,True,,,2048-06-30T00:00:00,,,,2356,VCS Validation/Verification Body,110100000042346.0,,UNDER_VAL_COMMENT_CLOSED,False,100000000000011,Colombia,Choco,Choco,,8.625021,-77.373911,,,,,,2356,2018-07-01T00:00:00,2018-07-01T00:00:00,8.625021/-77.373911,Agriculture Forestry and Other Land Use,,,,,,,,,,,,,,,False,,VM0015 (Version NA),,,2018-07-01T00:00:00,,150000000000045.0,Latin America,10433.0,,WeAct Pty Ltd. (PP),REDD,66000,,,False,,2018-07-01T00:00:00,2048-06-30T00:00:00,,"5,000 - 1,000,000 tCO2-e per year",150000000000062,1.0,30.0,,,,,,,False,,,,,verra_platts,2356,original,27006,ACANDÍ
110200000678259,110200000678259,2026-08-21T17:27:58.386933469,150000000000001,Verified Carbon Standard,,,2024-08-30T08:43:24,,Inactive,Inactive,4536,REDD+ Esteros y Manglares,"The Esteros y Manglares REDD+ Project reduces deforestation and forest degradation, and protects mangrove ecosystems within eight (8) community councils in the municipalities of Mosquera, Olaya Herrera, La Tola, El Charco and Tumaco, in the department of Nariño in an area of 117,998.7 hectares. Within the limits of the project, actions are implemented from the social, cultural, environmental and economic fields that allow improving the living conditions of the communities, which is based on fundamental pillars such as governance of the territory, conservation of forests and biodiversity, territorial development and development of sustainable economies; which is aligned with the sustainable development objectives and the socio-environmental safeguards that protect the communities involved.",Carbon,No,2021-12-01T00:00:00,,True,True,,,2031-11-30T00:00:00,,,,4536,,,,INACTIVE,False,100000000000011,Colombia,Tumaco,Nariño,,2.304659,-78.369515,,,,,,4536,2021-12-01T00:00:00,2021-12-01T00:00:00,2.304659/78.369515,Agriculture Forestry and Other Land Use,,,,,,,,,,,,,,,False,,VM0007 (Version NA),,,2021-12-01T00:00:00,,150000000000045.0,Latin America,117999.0,,Multiple Project Proponents,"REDD,WRC",44167,,,False,,2021-12-01T00:00:00,2031-11-30T00:00:00,,"5,000 - 1,000,000 tCO2-e per year",150000000000062,1.0,,,,,,,,False,,,,,verra_platts,4536,signo_lon_negado,52490,OLAYA HERRERA
110200000676029,110200000676029,2026-08-21T17:27:52.515537643,150000000000001,Verified Carbon Standard,,,2024-11-11T06:57:33,,Withdrawn,Withdrawn,3564,REDD+ Project for the Conservation of Lowland Forest in the  Magdalena Medio Region of Colombia,"The Reducing Emissions from Deforestation and Forest Degradation (REDD+) Project for the Conservation of Lowland Forest in the Magdalena Medio region of Columbia is an initiative led by Fundación Biodiversa Colombia (FBC) and Fundación Proyecto Primates, supported by Interconexión Eléctrica S.A. E.S.P. (ISA) and South Pole within the Jaguar Connection Program (PCJ). The purpose of this initiative is the certification of actions for the reduction of carbon dioxide (CO2) emissions against the unplanned deforestation and forest degradation of approximately 8,000 hectares (ha) of forest. The area where REDD+ project activities are being carried out is located in the municipalities of Yondó and Puerto Berrío, in the department of Antioquia, and the municipalities of Cimitarra and Puerto Parra, in the department of Santander (Colombia). Currently, the land use scenarios include the expansion of the cattle frontier, subsistence agriculture and illegal logging of timber species. These scenarios are present, without exception, in all the properties that comprise the project. As mentioned above, this initiative hopes to reduce greenhouse gas (GHG) emissions by avoiding unplanned deforestation of the forest remnants in the project area, which are well known for being the best-preserved forests in the Magdalena Medio region, and for the wide diversity of flora and fauna species that inhabit them.",Carbon,No,2018-07-01T00:00:00,,True,True,,,2048-06-30T00:00:00,,,,3564,,,,WITHDRAWN,False,100000000000011,Colombia,Magdalena Medio,,,6.711769,-74.34295,,,,,,3564,2018-07-01T00:00:00,2018-07-01T00:00:00,6.711769/-74.342950,Agriculture Forestry and Other Land Use,,,,,,,,,,,,,,,False,,VM0015 (Version NA),,,2018-07-01T00:00:00,,150000000000045.0,Latin America,8244.0,,Fundación Biodiversa Colombia (FBC),REDD,20581,,,False,,2018-07-01T00:00:00,2048-06-30T00:00:00,,"5,000 - 1,000,000 tCO2-e per year",150000000000062,1.0,30.0,,,,,,,False,,,,,verra_platts,3564,original,05893,YONDÓ
110200000672557,110200000672557,2026-08-21T17:27:39.650519987,150000000000001,Verified Carbon Standard,,,2025-12-08T12:00:12,,Pipeline Listing (under development) approved,Pipeline listing (under development) approved,3217,REDD+ Project in the Alto Predio Putumayo Indigenous Reservation in Colombia,"The Project is located in the Amazon biome in southwestern Colombia, in the municipalities of Puerto Leguizamo (Putumayo), Solano (Caquetá) and Puerto Alegría (Amazonas), in the territory of the communities grouped in the Association of Traditional Authorities and Councils of the Indigenous Peoples of the Municipality of Leguízamo and Alto Resguardo Predio Putumayo - ACILAPP. Prior to the development of the Project, according to monitoring of the country's forests led by IDEAM, an annual average of deforestation at the national level of 145,943 ha for the period 2000 - 2017 was found, where the Amazon biome presents 56% of the total deforested, with an annual average for the same period, of 82,332 ha. The data does not show a trend of decreasing change or stabilization, confirming the problem of deforestation is recognized as one of the most critical environmental liabilities for the country. Based on data obtained from the Instituto Amazónico de Investigaciones Científicas SINCHI and through field visits conducted by WWC, the main driver of unplanned deforestation affecting the project area is the clearing and burning of forest for extensive cattle ranching, accompanied by the construction of unplanned road accesses. Other identified causes of deforestation are illicit crops (coca, etc.), illegal mining, and illegal timber extraction. As a result of the work with the community, activities aimed at reducing deforestation and forest degradation were identified, such as: protection and monitoring of the forest, intensification of Eco-Friendly agriculture, substitution of firewood, generating alternatives to meet the demand for construction materials, creation of jobs (Alternative Income), in addition the community is interested in strengthening the governance of the territory, as well as developing initiatives to generate wellbeing in the community associated with educational, health, cultural and sports projects.",Carbon,No,2018-06-01T00:00:00,,True,True,,,2028-05-31T00:00:00,,,,3217,,,,PIPELINE_LISTING_UNDER_DEVELOPMENT_APPROVED,False,100000000000011,Colombia,Municipality of Puerto Leguizamo (Putumayo),Department of Putumayo,,0.24841,-74.430295,,,,,,3217,2018-06-01T00:00:00,2018-06-01T00:00:00,0.248410/74.430295,Agriculture Forestry and Other Land Use,,,,,,,,,,,,,,,False,,VM0009 (Version NA),,,2018-06-01T00:00:00,,150000000000045.0,Latin America,209395.0,www.wildlifeworks.com,"Asociación de Autoridades Tradicionales y Cabildos De Los Pueblos Indígenas Murui, Muinane, Coreguaje y Nasa Del Municipio De Leguizamo y Puerto Asis, Alto Resguardo Predio Putumayo - ACILAPP",REDD,451387,,,False,,2018-06-01T00:00:00,2028-05-31T00:00:00,,"5,000 - 1,000,000 tCO2-e per year",150000000000062,1.0,,,,,,,,False,,,,,verra_platts,3217,signo_lon_negado,18150,CARTAGENA DEL CHAIRÁ
110200000676839,110200000676839,2026-08-21T17:27:52.564850565,150000000000001,Verified Carbon Standard,,,2026-08-17T19:19:18.336,,Registered,Registered,2317,REDD+ Project Magnolios de Yarumal,"Magnolios main scope is to avoid deforestation in natural fog forests in Yarumal, Briceño, Valdivia and Santa Rosa de Osos municipalities, along with the conservation of endangered species of Magnolios, orchids, birds and large cats.",Carbon,No,2016-02-23T00:00:00,2023-12-05T19:01:29,True,True,,,2036-02-22T00:00:00,,,,2317,"Ruby Canyon Engineering, Inc",110100000036588.0,,REGISTERED,True,100000000000011,Colombia,"Yarumal, Briceño, Valdivia and Santa Rosa de Osos",Antioquia Department,,7.034051,-75.295203,,,,,,2317,2016-02-23T00:00:00,2016-02-23T00:00:00,7.034051/-75.295203,Agriculture Forestry and Other Land Use,,,,,,,,,,,,,,,False,,VM0015 (Version 1.1),,,2016-02-23T00:00:00,2023-12-05T19:01:29,150000000000045.0,Latin America,7593.0,,Multiple Project Proponents,REDD,329260,,,False,,2016-02-23T00:00:00,2036-02-22T00:00:00,,"5,000 - 1,000,000 tCO2-e per year",150000000000062,1.0,20.0,,,,,,,False,,,,,verra_platts,2317,original,05134,CAMPAMENTO
110200000677157,110200000677157,2026-08-21T17:27:52.596706584,150000000000001,Verified Carbon Standard,,,2026-06-20T15:44:01,,Registered,Registered,2297,REDD+ Project Pueblos indígenas resguardando la selva,"The REDD+ Project is a local community initiative of four Indigenous Associations of the Predio Putumayo Indigenous Reserve in Colombian Amazon, which seeks certification of actions related to the reduction of carbon emissions due to unplanned deforestation and degradation (AUDD) in about 3.6 million hectares of forest. The initiative includes activities in multiple instances, corresponding to the Associations of Indigenous Authorities (AATI): the Puerto Alegría Indigenous Council Association (COINPA), the Murui United People's Major Indigenous Council (CIMPUM), the Association of Indigenous Authorities of the Puerto Arica Zone (AIZA) and the Association of Traditional Councils and Authorities from Chorrera Indigenous Zone (AZICATCH). Project activities aim to preserve the traditionally sustainable relationship of indigenous peoples with the forest and to limit, manage or improve other land uses, thereby reducing the impact of human activities on the natural environment, allowing its regeneration and maintaining the structure and functionality of the forest.  Similarly, other dimensions of socioeconomic development of indigenous peoples and climate change are managed.",Carbon,No,2016-12-31T00:00:00,2026-06-20T15:44:01,True,True,,,2026-12-30T00:00:00,,,,2297,TÜV SÜD America Inc.,110100000042477.0,,REGISTERED,True,100000000000011,Colombia,"Puerto Alegría, San Rafael, Chorrera",Puerto Alegría,,-1.342811,-72.425359,,,,,,2297,2016-12-31T00:00:00,2016-12-31T00:00:00,-1.342811/-72.425359,Agriculture Forestry and Other Land Use,,,,,,,,,,,,,,,False,,VM0015 (Version NA),,,2016-12-31T00:00:00,2024-07-12T00:00:00,150000000000045.0,Latin America,3663485.0,,Multiple Project Proponents,REDD,2365816,,,False,,2016-12-31T00:00:00,2026-12-30T00:00:00,,"> 1,000,000 tCO2-e per year",150000000000063,1.0,,,,,,,,False,,,,,verra_platts,2297,original,91405,LA CHORRERA
110200000677145,110200000677145,2026-08-21T17:27:52.595977776,150000000000001,Verified Carbon Standard,,,2026-05-11T20:26:06,,Verification approval requested,Verification approval requested,1566,REDD+ Project Resguardo Indigena Unificado Selva de Mataven (RIU SM),"REDD+ Project Resguardo Indígena Unificado–Selva de Mataven (REDD+ RIU-SM) aims to develop a participatory process to achieve the establishment of an integrated management system of forests and lands of the reserve, to ensure its sustainability and to mitigate threats of its conservation, particularly avoiding deforestation through the implementation of a REDD+ Project (Reducing Emissions from Deforestation and Forest Degradation + conserving carbon stocks, sustainable management of forests and enhancement of forest reserves in developing countries) that allows providing compensation payments for ecosystem services. The technology corresponds to a REDD Project in accordance with standards established by the VCS. Specifically an activity “Avoiding Unplanned Deforestation and Degradation (AUDD)”. The Indigenous Reservation is located east of the high plain Orinoco Colombian region in the transition belt between the savannas of the Orinoco and the Amazon forests, in Department of Vichada",Carbon,No,2013-01-01T00:00:00,,True,True,,,2042-12-31T00:00:00,,,,1566,Colombian Institute for Technical Standards and Certification (ICONTEC),110100000042585.0,,VERIFICATION_APPROVAL_REQUESTED,True,100000000000011,Colombia,Cumaribo,Department of Vichada,,4.244444,-68.393333,,,,"01: No Poverty, 02: Zero Hunger, 03: Good Health and Well-being, 04: Quality Education, 05: Gender Equality, 06: Clean Water and Sanitation, 07: Affordable and Clean Energy, 08: Decent Work and Economic Growth, 09: Industry, Innovation and Infrastructure, 11: Sustainable Cities and Communities, 13: Climate Action, 15: Life on Land",,1566,2013-01-01T00:00:00,2013-01-01T00:00:00,4.244444/-68.393333,Agriculture Forestry and Other Land Use,,,,,,,,,,,,,,,False,,VM0007 (Version NA),,,2013-01-01T00:00:00,2016-12-08T00:00:00,150000000000045.0,Latin America,1150212.0,https://selvamatavenredd.org,Multiple Project Proponents,REDD,3622352,,,False,,2013-01-01T00:00:00,2042-12-31T00:00:00,"01: No Poverty, 02: Zero Hunger, 03: Good Health and Well-being, 04: Quality Education, 05: Gender Equality, 06: Clean Water and Sanitation, 07: Affordable and Clean Energy, 08: Decent Work and Economic Growth, 09: Industry, Innovation and Infrastructure, 11: Sustainable Cities and Communities, 13: Climate Action, 15: Life on Land","> 1,000,000 tCO2-e per year",150000000000063,1.0,30.0,,,,,,,False,,,,,verra_platts,1566,original,99773,CUMARIBO
110200000672750,110200000672750,2026-08-21T17:27:39.687867539,150000000000001,Verified Carbon Standard,,,2021-07-07T13:13:25,,Withdrawn,Withdrawn,2262,REDD+ Yaguara Llanos del Yari,"The YAGUARA II LLANOS DEL YARÍ Project aims at reducing deforestation through the actions of the indigenous communities from the ethnicities Piapoco, Piratapuyo and Pijao, that were recently displaced by the armed conflict in Colombia, and that now are returning to their territory wishing to restore their sovereignty over the land and to protect the remnants of highly threatened amazon forest and its biodiversity",Carbon,No,,,True,True,,,,,,,2262,,,,WITHDRAWN,False,100000000000011,Colombia,"Caqueta, San Jose del Guaviare, Meta",,,1.761024,-73.574749,,,,,,2262,2018-04-05T00:00:00,2018-04-05T00:00:00,-73.574749/1.761024,Agriculture Forestry and Other Land Use,,,,,,,,,,,,,,,False,,VM0015 (Version NA),,,2018-04-05T00:00:00,,150000000000045.0,Latin America,124923.0,,CUESTA Y ASOCIADOS SAS (PP),,3478764,,,False,,,,,"> 1,000,000 tCO2-e per year",150000000000063,,,,,,,,,False,,,,,verra_platts,2262,intercambiado,95015,CALAMAR
110200000671840,110200000671840,2026-08-21T17:27:39.606896356,150000000000001,Verified Carbon Standard,,,2026-02-13T08:50:25,,Under validation (Public comment period closed),Under validation (Public comment period closed),4480,REDD++ Manglares del Bajo Baudo,"The Bajo Baudó Mangroves REDD++ Project is in the Pacific region in the department of Chocó, Colombia. It limits to the north with the municipality of Nuquí, to the south with the municipality of Medio Baudó, to the east with the municipality of Atrato and to the west with the Pacific Ocean. The project area is collectively owned by 5 Community Councils, which are Cuevita (R 2701/Dec 21, 2001), Pavasa (R 2695/Dec 21, 2001), Villa María de Purrichá (R 1129/May 23, 2000), Virudó (R 2698/Dec 21, 2001) and San Agustín de Terrón (R 3369/Dec 21, 2000). Although the total titled area for the 5 councils is 73,611 ha, the project area is 62,212 ha, which overlaps 51% with the DMRI Encanto de los Manglares del Bajo Baudó Management District, created through the agreement 008 of 2017. The (DRMI) is a Protected Area category that decentralizes the power of the environmental authority and allows decision-making by the communities that inhabit it. With the management of the area, new models of social and environmental territorial management have been created, however, there are several challenges in terms of governance and conservation of ecosystems. Through the DMRI declaration, sustainable management agreements have been reached with the communities and joint restoration and monitoring actions have been developed with the participation of other key institutional actors. The project area overlaps with two important ecosystems, mangrove forest (19.88% of the total project area), with an estimated average reserve of 800 tCO2e/ha, and Basal humid forest (80.12% of the total project area), with an estimated average reserve of 604 tCO2e/ha. The drivers of deforestation in the baseline have been due to the implementation of coconut crops, subsistence crops, crops for illicit use, and livestock; the drivers of degradation have been selective logging, illegal mining, fishing, and indiscriminate housing. The main objective of the project is: Reduce GHG emissions due to forest degradatio.",Carbon,No,2022-01-01T00:00:00,,True,True,,,2061-12-31T00:00:00,,,,4480,Colombian Institute for Technical Standards and Certification (ICONTEC),110100000042585.0,,UNDER_VAL_COMMENT_CLOSED,False,100000000000011,Colombia,Pizarro Bajo Baudo Choco Colombia,Choco,,5.329621,-77.345171,,,,,,4480,2022-01-01T00:00:00,2022-01-01T00:00:00,5.329621/-77.345171,Agriculture Forestry and Other Land Use,,,,,,,,,,,,,,,False,,VM0007 (Version NA),,,2022-01-01T00:00:00,,150000000000045.0,Latin America,62212.0,https://www.biotradeco2.com/en/copia-de-proyectos,Multiple Project Proponents,"REDD,WRC",127026,,,False,,2022-01-01T00:00:00,2061-12-31T00:00:00,,"5,000 - 1,000,000 tCO2-e per year",150000000000062,1.0,40.0,,,,,,,False,,,,,verra_platts,4480,original,27077,BAJO BAUDÓ
110200000677011,110200000677011,2026-08-21T17:27:52.588643082,150000000000001,Verified Carbon Standard,,,2026-08-11T16:33:42.814,,Under validation (Public comment period closed),Under validation (Public comment period closed),6047,"REFORESTATION OF GRAZING LANDS HACIENDA EL MANANTIAL IN PUERTO LÓPEZ, COLOMBIA","The Reforestation of Grazing Lands Hacienda El Manantial project is an Afforestation, Reforestation, and Revegetation (ARR) initiative developed under the Verified Carbon Standard (VCS) Program using methodology VM0047 v1.1 and complying with VCS Standard v5.0 requirements. Although the project was originally registered under the Clean Development Mechanism (CDM), this submission represents a new and independent registration under the VCS Program, fully reassessed for eligibility, additionality, baseline, leakage, non-permanence risk, and monitoring requirements.  The project is located in Puerto López, Meta, Colombia, within the Orinoquía tropical savanna region, covering approximately 2,200 hectares of degraded pasturelands across four farms. Before implementation, the area was used for extensive cattle grazing and affected by recurrent fires, resulting in degraded soils, low vegetation cover, and limited carbon stocks. Historical analysis confirmed that the lands had remained non-forested for more than ten years, making them eligible for ARR activities.  The project establishes FSC-certified forest plantations combining exotic and native species, including Eucalyptus pellita, Acacia mangium, Pinus caribaea, Hevea brasiliensis, and selected native species. Activities include site preparation, planting, fertilization, and long-term silvicultural management adapted to local conditions.  Project implementation began in 2014. The baseline scenario assumes the continuation of degraded grazing lands with low biomass accumulation. By converting these lands into sustainably managed forests, the project is expected to remove approximately 28,069 tCO₂e annually, totaling about 1.12 million tCO₂e over a 40-year crediting period after accounting for leakage and buffer contributions.",Carbon,No,2014-06-16T00:00:00,,True,True,,,2054-06-15T00:00:00,,,,6047,Preferred by Nature,110100000040831.0,,UNDER_VAL_COMMENT_CLOSED,False,100000000000011,Colombia,Puerto Lopez,Meta,,3.987699,-72.597515,,,,,,6047,2014-06-16T00:00:00,,3.987699/-72.597515,Agriculture Forestry and Other Land Use,,,,,,,,,,,,,,,False,,VM0047 (Version NA),,,2014-06-16T00:00:00,,150000000000045.0,Latin America,3663.63,,Novartis de Colombia S.A,ARR,28068,,,False,,2014-06-16T00:00:00,2054-06-15T00:00:00,,"> 1,000,000 tCO2-e per year",150000000000063,1.0,40.0,,,,,,,False,,,,,verra_platts,6047,original,50573,PUERTO LÓPEZ
110200000671507,110200000671507,2026-08-21T17:27:39.583445253,150000000000001,Verified Carbon Standard,,,2025-01-28T04:38:51,,Withdrawn,Withdrawn,1233,Reforestation with Rubber on degraded lands of Colombia,"Project Description: The forestry project “Reforestation with Rubber on degraded lands of Colombia” consists of the planting of Hevea brasiliensis on 10.000 hectares. The project promotes sustainable development through reforestation and forest restoration activities in the oriental plains region of Colombia. It also supports the creation of value-added and exports for the rubber and wood products value chains, enhances and conserves biodiversity in the area, provides carbon sequestration for the mitigation of global warming, and encourages the commercialization of timber and non-timber products from the plantations (sale of wood and latex).",Carbon,No,2011-12-20T00:00:00,,True,True,,,2046-12-19T00:00:00,,,,1233,Colombian Institute for Technical Standards and Certification (ICONTEC),110100000042585.0,,WITHDRAWN,True,100000000000011,Colombia,"Arauca, Casanare, Meta and Vichada",Colombian Orinoco,,4.900273,-70.345494,,,,,,1233,2010-12-20T00:00:00,2010-12-20T00:00:00,4.900273/-70.345494,Agriculture Forestry and Other Land Use,,,,,,,,,,,,,,,False,,AR-ACM0003 (Version NA),,,2010-12-20T00:00:00,2020-08-26T00:00:00,150000000000045.0,Latin America,5918.0,,NACOBENA SAS (PP),ARR,38946,,,False,,2011-12-20T00:00:00,2046-12-19T00:00:00,,"5,000 - 1,000,000 tCO2-e per year",150000000000062,1.0,35.0,,,,,,,False,,,,,verra_platts,1233,original,99624,SANTA ROSALÍA
110200000672800,110200000672800,2026-08-21T17:27:39.691127996,150000000000001,Verified Carbon Standard,,,2025-05-30T06:57:34,,Registered,Registered,1682,Regenerating Colombian Coffee Ecosystems,"Regenerating Colombian Coffee Ecosystems is a grouped afforestation and reforestation project initiated by PUR Projet in 2014 in the Colombian Northern Andean Montane Forests, where watersheds and coffee lands are severely eroded and biologically degraded.Colombia is the world’s third largest coffee producer and 95% of Colombian coffee-growing families operate on small plots of land, averaging five acres each. The Tropical Andes are one of the main coffee growing areas in Columbia and a major biodiversity hotspot, hosting 25% of the country's flora and being the richest ecoregion for birds in the country (974 bird species). However, Colombia’s Andean watersheds are threatened by uncontrolled deforestation due to rapid expansion of agriculture and cattle grazing, which strongly degrades the coffee farming conditions and the yields: low pollination, high erosion, frequent pests and diseases, low water resources. The lack of natural protection makes the farms highly vulnerable to extreme climatic events such as prolonged droughts, heavy rains, storms, landslides, etc. Besides, coffee farmers often depend on a single source of income and are highly vulnerable to market fluctuations: price volatility, demand variation, increased costs for inputs such as fertilizers, etc. Farms are not economically resilient and they are not resilient to climate change either. In this context, PUR Projet initiated an afforestation and reforestation project in Colombia in 2014, in collaboration with small-scale coffee farmers. PUR Projet is an international organization specialized in the development of ecosystems restoration and conservation projects, within agricultural supply chains like coffee and cocoa. PUR Projet also assists companies in insetting their supply chains and managing their socio-environmental commitments.",Carbon,No,2014-04-20T00:00:00,2025-05-30T06:57:34,True,True,,,2054-04-19T00:00:00,,,,1682,Ecocert S.A.,110100000039417.0,,REGISTERED,True,100000000000011,Colombia,Cauca; Nariño,La Sierra; Rosas; La Vega El Peñol; El Tambo,,6.497593,-75.012988,,,,,,1682,2014-04-20T00:00:00,2014-04-20T00:00:00,6.497593/-75.012988,Agriculture Forestry and Other Land Use,,,,,,,,,,,,,,,True,,AR-AMS0007 (Version 3.1),,,2014-04-20T00:00:00,2020-06-04T00:00:00,150000000000045.0,Latin America,4649.0,,The PURE PROJECT SAS (PP),ARR,7107,,,False,,2014-04-20T00:00:00,2054-04-19T00:00:00,,"5,000 - 1,000,000 tCO2-e per year",150000000000062,1.0,40.0,,,,,,,False,,,,,verra_platts,1682,original,05670,SAN ROQUE
110200000674420,110200000674420,2026-08-21T17:27:46.121490633,150000000000001,Verified Carbon Standard,,,2026-07-26T21:23:43.636,,Registered,Registered,576,"Restoration of degraded areas and reforestation in Cáceres and Cravo Norte, Colombia","The project envisions the reforestation of grasslands in Colombia. The grasslands show low soil carbon content because of soil degradation and/or climate-edaphic conditions. The A/R project activity proposes to reforest ~ 1,230 ha in the area of Cáceres/Antioquia and ~ 9,640 ha in Cravo Norte/Arauca. The project areas were previously exposed to extensive cattle grazing activities. In addition to cattle grazing, some parts of the Cáceres area was exposed to alluvial gold mining. The project seeks to promote sustainable management of forest resources in a manner that fosters natural regeneration. Since 2002, Asorpar Ltd. has been reforesting land with about 25 native tree species planted in different stand models that allow for natural regeneration of flown in seeds on the reforestation sites. Asorpar Ltd. puts emphasis on promoting mixed stands. This sets their approach apart from other commercial plantation forestry entities active in Colombia. The management of mixed stands is far more challenging than of monocultures. This circumstance is reinforced by the fact that little is known about several tree species planted in the project, particularly with regard to their growth performance and silvicultural management. Hence, the proposed project activity offers a unique opportunity to obtain valuable knowledge about silvicultural management practices for mixed plantation forestry and suitability of native tree species for commercial plantation forestry.",,No,2002-02-02T00:00:00,2026-02-05T19:00:47,True,True,,,2032-02-01T00:00:00,,,,576,KBS Certification Services Limited,110100000036823.0,,REGISTERED,True,100000000000011,Colombia,Antioquia and Arauca,Antioquia and Arauca,,7.587132,-75.251756,,,,,,576,2002-02-01T00:00:00,2002-02-01T00:00:00,7.587132/-75.251756,Agriculture Forestry and Other Land Use,,,,,,,,,,,,,,,False,,"AR-ACM0003 (Version NA), AR-AM0005 (Version NA)",,,2002-02-01T00:00:00,2020-04-06T00:00:00,150000000000045.0,Latin America,1200.0,,Asorpar Ltd.,ARR,80000,,,False,,2002-02-02T00:00:00,2032-02-01T00:00:00,,"5,000 - 1,000,000 tCO2-e per year",150000000000062,1.0,30.0,,,,,,,False,,,,,verra_platts,576,original,05120,CÁCERES
110200000674734,110200000674734,2026-08-21T17:27:46.195300327,150000000000001,Verified Carbon Standard,,,2026-04-23T13:30:46,,Registration requested,Registration requested,4748,RESTORED PRODUCTIVE LANDSCAPES IN THE MAGDALENA RIVER MIDDLE BASIN IN COLOMBIA,"The main objectives of this project are: First, to recover lands degraded by land uses related to deforestation, such as cattle ranching; through ecological restoration, agroforestry systems and assisted natural regeneration, to ensure the recovery of forests inhabited by many species of flora and fauna, including endangered species such as the brown spider monkey, the blue-billed curassow, capuchin monkey, the white-faced curassow, and the night monkey. Second, by implementing restoration corridors to reconnect wild populations within a grassland matrix to increase the flow of individuals, and therefore the genetic flow, of these populations and thus increase their resilience and probability of survival in the medium and long term. And third, to recover strategic areas that are degraded, such as the banks of rivers and other bodies of water or areas where grassland productivity is low. FPP Colombia (project proponent) is a non-profit organization promoting biodiversity research and conservation focusing on endangered primate species. FPP initiated one of Colombia's first studies and conservation programs for the brown spider monkey. FPP operates one of the longest-running research projects in Latin America, focusing on the brown spider monkey, one of the world's most endangered primates. FPP's activities have been concentrated in the Middle Magdalena River Valley, an area relatively little studied affected by human activity and part of a global biodiversity hotspot (Tumbes-Chocó-Magdalena). The Proyecto de Vida Silvestre, an initiative of Ecopetrol SA, Fondo Acción and WCS, seeks to conserve biodiversity in 3 regions of Colombia of biological and cultural importance, but which face increasing pressures that threaten natural resources. Through the articulation of these conservation initiatives, sustainability is sought through the development of a grouped carbon project which will generate income from carbon credits to achieve the objectives of ecosystem recovery",Carbon,No,2023-02-01T00:00:00,,True,True,,,2053-01-31T00:00:00,,,,4748,Colombian Institute for Technical Standards and Certification (ICONTEC),110100000042585.0,,REGISTRATION_REQUESTED,False,100000000000011,Colombia,"Yondó, Puerto Parra, Cimitarra and Barrancabermeja",Antioquia and Santander,,6.690832,-74.235555,,,,,,4748,2023-02-01T00:00:00,2023-02-01T00:00:00,6.690832/-74.235555,Agriculture Forestry and Other Land Use,,,,,,,,,,,,,,,True,,AR-ACM0003 (Version NA),,,2023-02-01T00:00:00,,150000000000045.0,Latin America,3000.0,,FUNDACIÓN PROYECTO PRIMATES - FPP,ARR,231,,,False,,2023-02-01T00:00:00,2053-01-31T00:00:00,,"5,000 - 1,000,000 tCO2-e per year",150000000000062,1.0,30.0,,,,,,,False,,,,,verra_platts,4748,original,68190,CIMITARRA
110200000676553,110200000676553,2026-08-21T17:27:52.548585633,150000000000001,Verified Carbon Standard,,,2025-07-28T17:28:54,,Registered,Registered,1396,Rio Pepe y ACABA REDD+ Project,"REDD+ Project to mitigate climate change, protect rich biodiversity, and generate sources of income for poor communities, through forest governance, capacity building, and productive activities that will prevent selective logging of native forests, avoiding degradation and deforestation. Located in the midst of Choco, Northwestern Province of Colombia. Developed by BIOREDD+/USAID",Carbon,No,2014-12-01T00:00:00,2025-07-28T17:28:54,True,True,,,2044-11-30T00:00:00,,,,1396,"Rainforest Alliance, Inc. (Rainforest Alliance)",110100000041307.0,,REGISTERED,True,100000000000011,Colombia,Bajo Baudó and Medio Baudó,Choco,,5.117181,-76.93361,,,,,,1396,2014-12-01T00:00:00,2014-12-01T00:00:00,5.117181/-76.933610,Agriculture Forestry and Other Land Use,,,,,,,,,,,,,,,True,,VM0006 (Version NA),,,2014-12-01T00:00:00,2020-04-06T00:00:00,150000000000045.0,Latin America,48177.0,,Multiple Project Proponents,REDD,68454,,,False,,2014-12-01T00:00:00,2044-11-30T00:00:00,,"5,000 - 1,000,000 tCO2-e per year",150000000000062,1.0,30.0,,,,,,,False,,,,,verra_platts,1396,original,27430,MEDIO BAUDÓ
110200000673113,110200000673113,2026-08-21T17:27:45.985565841,150000000000001,Verified Carbon Standard,,,2026-04-06T16:50:33,,Registered,Registered,1806,Riscales REDD+ Project,"This project is an AFOLU project under REDD project category. Specifically, the project is of the Avoided Unplanned Deforestation & Degradation (AUDD) project category. The project is estimated to generate approximately 5.5 million VCUs over 30 years. The project area is located in the collective territory of Los Riscales in the Pacific coastal in the department of Chocó. Belonging to the biologically diverse Chocó-Darién bioregion.The project will have climate, community and biodiversity benefits. Climate benefits relate to the GHG emission reduction resulting from implementing the project, in particular due to the reduction in the rhythm of land use changes from forests to agriculture and livestock raising. Biodiversity benefits related to protection of High Conservation Values in one of the world´s megadiverse hotspots. And Community benefits through enhancing community livelihoods, and strengthening forest governance capacity.PUBLIC COMMENT PERIOD:This project is open for public comment from 14 November – 14 December 2018. <a href=mailto:secretariat@verra.org?subject=Riscales REDD+ Project comments>Submit comments from 14 November – 14 December 2018",Carbon,No,2014-04-01T00:00:00,2026-04-06T16:50:33,True,True,,,2044-03-31T00:00:00,,,,1806,"AENOR CONFIA, S.A. (UNIPERSONAL)",110100000041003.0,,REGISTERED,True,100000000000011,Colombia,Riscales,Chocó,,5.690137,-77.312893,,,,,,1806,2014-04-01T00:00:00,2014-04-01T00:00:00,5.690137/-77.312893,Agriculture Forestry and Other Land Use,,,,,,,,,,,,,,,False,,VM0007 (Version 1),,,2014-04-01T00:00:00,2025-05-23T00:00:00,150000000000045.0,Latin America,162314.0,,Consejo Comunitario General Los Riscales.,REDD,100537,,,False,,2014-04-01T00:00:00,2044-03-31T00:00:00,,"5,000 - 1,000,000 tCO2-e per year",150000000000062,1.0,30.0,,,,,,,False,,,,,verra_platts,1806,original,27495,NUQUÍ
110200000677447,110200000677447,2026-08-21T17:27:52.61239224,150000000000001,Verified Carbon Standard,,,2022-03-31T13:46:12,,Withdrawn,Withdrawn,1173,San Andres Hydroelectric project,"San Andrés Hydroelectric Project is a run of river hydroelectric power plant that will be implemented on the San Andrés River located in the San Andrés de Cuerquia Municipality on the northern region  of the department of Antioquia in the Republic of Colombia. The power-plant will have an installed Effective capacity 19.9 MW and Annual Power Production 172GWh; Total estimated emissions reduction for the crediting period is 473,170 tonnes of CO2 e; the power-plant will be connected to the national grid on the Yarumal II substation, with a 36km 110kV transmission line.The installation of the project is expected to be finished on July 1st 2013.  the project is fully authorized by the respective national authorities including The Unique Environmental Licence is awarded to Celsia S.A. E.S.P by Resolution Nº130 TH 12079241 and the authorization of the CRE (energy regulation commission)",Carbon,No,2013-10-01T00:00:00,,True,True,,,2023-09-30T00:00:00,,,,1173,Swiss Association for Quality and Management Systems (SQS),110100000045144.0,,WITHDRAWN,False,100000000000011,Colombia,municipality San Andrés de Cuerquia,department of Antioquia,,6.894,-75.6372,,,,,,1173,2013-03-22T00:00:00,2013-03-22T00:00:00,6.894000/-75.637200,Energy industries (renewable/non-renewable sources),,,,,,,,,,,,,,,True,,ACM0002 (Version 13),,,2013-03-22T00:00:00,2020-04-06T00:00:00,150000000000045.0,Latin America,,,Celsia Colombia S.A. E.S.P. (PP),,47317,,,False,,2013-10-01T00:00:00,2023-09-30T00:00:00,,"5,000 - 1,000,000 tCO2-e per year",150000000000062,1.0,,,,,,,,False,,,,,verra_platts,1173,original,05647,SAN ANDRÉS DE CUERQUÍA
110200000676610,110200000676610,2026-08-21T17:27:52.551734689,150000000000001,Verified Carbon Standard,,,2023-04-10T21:24:54,,Units transferred from approved GHG program,Units transferred from approved GHG program,1909,Santa Ana Hydroelectric Plant - CER Conversion,This project is not registered with VCS. More information on the project can be found at CDM Project ID 0275: https://cdm.unfccc.int/Projects/DB/TUEV-SUED1140544492.1/view,Carbon,No,2012-08-01T00:00:00,,True,True,,,2022-07-31T00:00:00,,,,1909,TÜV SÜD South Asia Private Limited,110100000044895.0,,UNITS_TRANSFER_APPROVE_GHG_PROG,True,100000000000011,Colombia,"Distrito Capital, in the suburb of USAQUEN",Bogotá,,4.42,-74.04,,,,,,1909,2000-11-20T00:00:00,2000-11-20T00:00:00,4.420000/-74.040000,Energy industries (renewable/non-renewable sources),,,,,,,,,,,,,,,False,,AMS-I.D. (Version NA),,,2000-11-20T00:00:00,,150000000000045.0,Latin America,,,Credits transferred from approved GHG program,,20642,,,False,,2012-08-01T00:00:00,2022-07-31T00:00:00,,"5,000 - 1,000,000 tCO2-e per year",150000000000062,1.0,,,,,,,,False,,,,,verra_platts,1909,original,25845,UNE
110200000672677,110200000672677,2026-08-21T17:27:39.682232388,150000000000001,Verified Carbon Standard,,,2025-08-12T05:01:24,,Late to Verify,Late to Verify,1796,Santa Rosa - Altamira hydroelectric projects,"The Santa Rosa-Altamira hydroelectric projects considers the installation of two run-of-river renewable small hydroelectric plants, at the Lenguaruco River, in jurisdiction of the municipality of Suaita, Department of Santander and municipalities of Santana and Chitaraque, Department of Boyaca, with an effective power rating of 19.9 MW each and a predicted supply of about 271.9 GWh (for both power plants) per year to feed the National Interconnected System of Colombia.",Carbon,No,2020-07-01T00:00:00,,True,True,,,2030-06-30T00:00:00,,,,1796,EPIC Sustainability Services Private Limited,110100000039106.0,,LATE_TO_VERIFY,False,100000000000011,Colombia,Colombia,Bucaramanga city,,6.088038,-73.461172,,,,,,1796,2020-07-01T00:00:00,2020-07-01T00:00:00,6.088038/-73.461172,Energy industries (renewable/non-renewable sources),,,,,,,,,,,,,,,False,,ACM0002 (Version 19),,,2020-07-01T00:00:00,2020-11-23T00:00:00,150000000000045.0,Latin America,,,Desarrollo de Energías Renovables S.A.S .ES.P.,,99804,,,False,,2020-07-01T00:00:00,2030-06-30T00:00:00,,"5,000 - 1,000,000 tCO2-e per year",150000000000062,1.0,,,,,,,,False,,,,,verra_platts,1796,original,68770,SUAITA
110200000674601,110200000674601,2026-08-21T17:27:46.187177747,150000000000001,Verified Carbon Standard,,,2025-07-25T11:53:43,,Registered,Registered,2750,Saving Colombia's Cloud Forest,"The tropical Andes are among the most vulnerable places on earth due to the dual impacts of climate change and human population pressures. With the intense and historic livestock activity in the area, deforestation in the valleys north and south have almost completely isolated the eastern forest. The remaining habitat is an oasis of biodiversity and one of Colombia’s many national treasures. The region also contains two important watersheds: the Río San Juan Antioquia, and Río San Juan Bravo Chocó.  These watersheds provide critical ecosystem services to communities living and working throughout the area and the forests are vital to protection of the headwaters of these important sources of fresh water to the surrounding communities. Without them, landslides, silting, and flooding threaten the health and safety of thousands of residents. As our planet’s climate systems continue to be altered, it is highly likely that some or many of the species found in cloud forests will be lost forever. The effects of climate change are already apparent here. As a result, many cloud forest species have started to migrate upslope to maintain a favorable climate. However, their routes are often blocked by a degraded and fragmented landscape caused by agriculture moving up the mountainside and penetrating deeper into the lowlands. Our goal is to create a large, protected area for endemic and threatened species to shield them from imminent threats, mitigate climate impacts, and prevent extinctions. Since 2017, we have worked closely with our local partner Fundación Colibri to create a vital connection across a narrow ridgeline. This ecological corridor will safeguard endemic and endangered wildlife and offers important protection for the headwaters of a major river, the primary source of fresh water for communities throughout the region.",Carbon,No,2017-01-01T00:00:00,2025-07-25T11:53:43,True,True,,,2056-12-31T00:00:00,,,,2750,TÜV SÜD America Inc.,110100000042477.0,,REGISTERED,True,100000000000011,Colombia,El Jardin,Antioquia,,5.48824,-75.89989,,,,,,2750,2017-01-01T00:00:00,2017-01-01T00:00:00,5.488240/-75.899890,Agriculture Forestry and Other Land Use,,,,,,,,,,,,,,,False,,AR-ACM0003 (Version 2),,,2017-01-01T00:00:00,2025-02-21T00:00:00,150000000000045.0,Latin America,556.0,https://savingnature.com/cloud-forests-colombia-la-mesenia/,"Saving Nature, Inc. (PP)",ARR,7920,,,False,,2017-01-01T00:00:00,2056-12-31T00:00:00,,"5,000 - 1,000,000 tCO2-e per year",150000000000062,1.0,40.0,,,,,,,False,,,,,verra_platts,2750,original,05034,ANDES
110200000677451,110200000677451,2026-08-21T17:27:52.612598935,150000000000001,Verified Carbon Standard,,,2025-12-16T19:17:05,,Under validation (Public comment period closed),Under validation (Public comment period closed),5169,Sembrando Futuro 2.0,"The Sembrando Futuro 2.0 project aims to restore native forests across the Central and Western Andes of Colombia. Designed as a grouped ARR project, its first instance focuses on restoring 555 hectares of degraded lands in the departments of Antioquia, Caldas, and Chocó, with a long-term goal of expanding within the region. Restoration areas span diverse Andean ecosystems—including tropical humid, premontane, low montane, and montane forests—located between 80 and more than 3,100 meters in altitude. These forests have undergone extensive degradation due to agricultural expansion, cattle ranching, and land-use pressures. The project centers on the recovery of native forests, planting over 70 native species to accelerate ecological succession, improve forest structure, and strengthen connectivity between fragmented habitats. Restoration activities contribute to climate mitigation through increased carbon sequestration and enhanced ecosystem resilience. Sembrando Futuro 2.0 creates substantial community benefits by generating jobs, strengthening local technical capacity, and improving livelihoods through training and equitable carbon revenue sharing. Participating landowners formalize their commitments through 40-year Conservation Agreements, ensuring long-term forest protection, maintenance responsibilities, and sustained community engagement. The project promotes biodiversity conservation by restoring habitat within and around areas of high ecological importance and key wildlife corridors. At least eight IUCN-listed plant species are expected to benefit from reduced threats and habitat expansion. Planting began in September 2023, with the first instance planned for completion in 2025. This initial instance is expected to remove 159,280 tCO₂e over 40 years. Sembrando Futuro 2.0 represents a long-term, scalable effort to restore Andean forest ecosystems, enhance biodiversity, support rural livelihoods, and contribute to national and global climate goals.",Carbon,No,2023-09-18T00:00:00,,True,True,,,2063-09-17T00:00:00,,,,5169,TÜV NORD CERT GmbH,110100000044456.0,,UNDER_VAL_COMMENT_CLOSED,False,100000000000011,Colombia,"Antioquia, Caldas and Chocó",,,5.9,-75.6,,,,,,5169,2023-09-18T00:00:00,2023-09-18T00:00:00,5.900000/-75.600000,Agriculture Forestry and Other Land Use,,,,,,,,,,,,,,,False,,VM0047 (Version NA),,,2023-09-18T00:00:00,,150000000000045.0,Latin America,555.0,,Terraformation Inc. (PP),ARR,3982,,,False,,2023-09-18T00:00:00,2063-09-17T00:00:00,,"< 5,000 tCO2-e per year",150000000000061,1.0,40.0,,,,,,,False,,,,,verra_platts,5169,original,05679,SANTA BÁRBARA
110200000672807,110200000672807,2026-08-21T17:27:39.691532811,150000000000001,Verified Carbon Standard,,,2025-06-09T09:40:04,,Withdrawn,Withdrawn,5324,Sembrando Futuro Restoration Project,"The Sembrando Futuro project is an initiative that promotes the ecological restoration and conservation of ecosystems such as tropical dry forests, and Andean forests. By restoring these ecosystems, the project supports biodiversity but also aligns with global climate change mitigation efforts. Fundación Argos has designed a comprehensive intervention model based on achieving several components. These include contributing to sustainable development goals, driving the company towards carbon neutrality, and preserving the country's ecosystems. Restoration and conservation activities are made possible through conservation agreements with private landowners, which allow for reforestation and ecological rehabilitation.The project is expected to deliver significant climate benefits, with an average annual greenhouse gas removal of 11,673 tCO₂e and a total removal of 478,587 tCO₂e over the crediting period (40 years). These carbon reductions will contribute to Colombia's national efforts to address climate change and improve the sustainability of natural landscapes.",Carbon,No,2021-10-30T00:00:00,,True,True,,,2031-10-29T00:00:00,,,,5324,,,,WITHDRAWN,False,100000000000011,Colombia,Antioquia,Sonson,,5.586711,-75.748611,,,,,,5324,2021-10-30T00:00:00,2021-10-30T00:00:00,5.586711/-75.748611,Agriculture Forestry and Other Land Use,,,,,,,,,,,,,,,False,,VM0047 (Version NA),,,2021-10-30T00:00:00,,150000000000045.0,Latin America,87574.0,,Fundación Grupo Argos,ARR,10740,,,False,,2021-10-30T00:00:00,2031-10-29T00:00:00,,"5,000 - 1,000,000 tCO2-e per year",150000000000062,1.0,,,,,,,,False,,,,,verra_platts,5324,original,05364,JARDÍN
110200000675292,110200000675292,2026-08-21T17:27:46.292579554,150000000000001,Verified Carbon Standard,,,2026-08-19T21:18:55.1,,Registered,Registered,1391,SIVIRÚ-USARAGÁ-PIZARRO-PILIZÁ (SUPP) REDD+ Project,"REDD+ Project to mitigate climate change, protect rich biodiversity, and generate sources of income for poor communities, through forest governance, capacity building, and productive activities that will prevent selective logging of native forests, avoiding degradation and deforestation. Located in the South of Choco, Pacific coast of Colombia. Developed by BIOREDD+/USAID",Carbon,No,2013-10-26T00:00:00,2025-03-07T13:08:54,True,True,,,2043-10-25T00:00:00,,,,1391,"Rainforest Alliance, Inc. (Rainforest Alliance)",110100000041307.0,,REGISTERED,True,100000000000011,Colombia,Bajo Baudó,Choco,,4.915528,-77.359746,,,,,,1391,2013-10-26T00:00:00,2013-10-26T00:00:00,4.915528/-77.359746,Agriculture Forestry and Other Land Use,,,,,,,,,,,,,,,True,,VM0006 (Version NA),,,2013-10-26T00:00:00,2020-04-06T00:00:00,150000000000045.0,Latin America,47667.0,,Multiple Project Proponents,REDD,312078,,,False,,2013-10-26T00:00:00,2043-10-25T00:00:00,,"5,000 - 1,000,000 tCO2-e per year",150000000000062,1.0,30.0,,,,,,,False,,,,,verra_platts,1391,original,27077,BAJO BAUDÓ
110200000677380,110200000677380,2026-08-21T17:27:52.608779071,150000000000001,Verified Carbon Standard,,,2025-05-09T21:18:34,,Verification approval requested,Verification approval requested,1892,SOLAR GROUPED PROJECT BY EPSA-CELSIA,"The proposed solar grouped project activity consists of an installation and implementation of solar photovoltaic power plants located in different departments within Colombian territory. Where an individual project activity instance will either be small-scale or large-scale project activity.  The first phase of the solar grouped project will have a total installed capacity of 229.45 MW, with the installation of 742,289 Solar Photovoltaic units. The electricity generated by the grouped project is expected to be around 447,09 GWh per year, supplying electricity to the local grid, to a third party, or represents savings of electricity that would have been provided by the grid; avoiding part of the electricity generated by the grid-connected power plants. The estimated emission reductions over a 10-year first crediting period from initial six project activity instances, will be approximately 798,704 tCO2e.  PUBLIC COMMENT PERIOD: This project is open for public comment from 22 May – 22 Jun",Carbon,No,2017-09-03T00:00:00,,True,True,,,2027-09-02T00:00:00,,,,1892,Colombian Institute for Technical Standards and Certification (ICONTEC),110100000042585.0,,VERIFICATION_APPROVAL_REQUESTED,False,100000000000011,Colombia,Multiple locations,,,4.5975,-74.080556,,,,,,1892,2017-09-03T00:00:00,2017-09-03T00:00:00,4.597500/-74.080556,Energy industries (renewable/non-renewable sources),,,,,,,,,,,,,,,False,,"ACM0002 (Version NA), AMS-I.D. (Version NA)",,,2017-09-03T00:00:00,2019-09-04T00:00:00,150000000000045.0,Latin America,,,Multiple Project Proponents,,103799,,,False,,2017-09-03T00:00:00,2027-09-02T00:00:00,,"5,000 - 1,000,000 tCO2-e per year",150000000000062,1.0,,,,,,,,False,,,,,verra_platts,1892,original,11001,"BOGOTÁ, D.C."
110200000674956,110200000674956,2026-08-21T17:27:46.208469681,150000000000001,Verified Carbon Standard,,,2024-05-23T12:36:40,,Registered,Registered,2060,Suba and Usaquen Hydroelectric Umbrella Project,"The project activity contemplates the production of clean hydroelectric power using a flow of water by means of the installation of two small run-of-river hydroelectric plants (Suba and Usaquen) in the water supply system of Bogota, Department of Cundinamarca. Each power plant has their own generator with different rated capacity, thus for Suba power plant, the rated generator capacity corresponds to 2,850 kW and for Usaquen power plant the rated generator capacity corresponds to 2,000 kW (rated capacity of generators). The purpose of the project is renewable electricity generation to be supplied to Colombian power grid.PUBLIC COMMENT PERIOD: This project was open for public comment from 26 November - 26 December 2019.",Carbon,No,2023-04-15T00:00:00,2024-05-23T12:36:40,True,True,,,2033-04-14T00:00:00,,,,2060,Colombian Institute for Technical Standards and Certification (ICONTEC),110100000042585.0,,REGISTERED,True,100000000000011,Colombia,Bogota,Cundinamarca,,4.712,-74.0836,,,,,,2060,2013-04-15T00:00:00,2013-04-15T00:00:00,4.712000/-74.083600,Energy industries (renewable/non-renewable sources),,,,,,,,,,,,,,,False,,AMS-I.D. (Version 18),,,2013-04-15T00:00:00,2020-11-10T00:00:00,150000000000045.0,Latin America,,,Empresa de Acueducto y Alcantarillado de Bogota E.S.P,,8284,,,False,,2023-04-15T00:00:00,2033-04-14T00:00:00,,"5,000 - 1,000,000 tCO2-e per year",150000000000062,1.0,,,,,,,,False,,,,,verra_platts,2060,original,11001,"BOGOTÁ, D.C."
110200000672878,110200000672878,2026-08-21T17:27:39.695589971,150000000000001,Verified Carbon Standard,,,2026-04-17T16:06:17,,Registered,Registered,3450,"Sustainable Agroforestry Cacao Meta, Colombia","Located in the department of Meta, Cabuyaro is a municipality whose surface equals to 832 kilometers square, with a population of 5,432 inhabitants, and an altitude of 151 meters above the sea level (DANE, Censo Nacional de Poblacion y Vivienda, 2018). The project is located in Guayabal, a small town in Cabuyaro composed of 204 inhabitants who mainly work the land, growing a variety of crops such as plantain, cassava, papaya, passion fruit, corn, soy, and cacao which are mainly sold in the local market of Villavicencio. This is a grouped project, the first area to be verified, consists of a total of 2,258 hectares composed of degraded pastures in majority and conservation areas, at the baseline. Of which 1,764 hectares will be established in an agroforestry system, with cacao being the perennial crop planted with other trees for shading purposes (Gliricidia sepium) and boundary purposes (windbreakers -Cariniana pyriformis). This agroforestry system has the goal of increase the soil organic carbon, as well as the aboveground and below ground biomass, and will recover the soil health and fertility through time. Other relevant agricultural practices that will be implemented are proper residue management as crop/tree materials that are periodically pruned are left in the soil for decomposition to build organic matter, processing of the cacao husks to produce organic fertilizer to be applied back in the field, as well as planting cover crops in bare soil areas, irrigation,  and planting boundary trees to prevent erosion and reduce wind damage to the cacao. The rest of the project area, 491 hectares, corresponds to other uses such as drainage channels, internal roads, and conservation areas which included native forest species, called morichales, riparian zones, and secondary forests. The total project area is divided into two properties, Espejuelos (1,258 hectares) and Primavera (1,000 hectares).",Carbon,No,2017-07-06T00:00:00,2026-04-17T16:06:17,True,True,,,2057-07-05T00:00:00,,,,3450,EPIC Sustainability Services Private Limited,110100000039106.0,,REGISTERED,True,100000000000011,Colombia,Municipality of Cabuyaro,Meta,,4.412865,-72.85204,,,,,,3450,2017-07-06T00:00:00,2017-07-06T00:00:00,4.412865/-72.852040,Agriculture Forestry and Other Land Use,,,,,,,,,,,,,,,False,,AR-ACM0003 (Version NA),,,2017-07-06T00:00:00,2025-08-04T00:00:00,150000000000045.0,Latin America,2258.0,,Multiple Project Proponents,ARR,8405,,,False,,2017-07-06T00:00:00,2057-07-05T00:00:00,,"5,000 - 1,000,000 tCO2-e per year",150000000000062,1.0,40.0,,,,,,,False,,,,,verra_platts,3450,original,50124,CABUYARO
110200000676903,110200000676903,2026-08-21T17:27:52.582665962,150000000000001,Verified Carbon Standard,,,2025-10-31T04:22:20,,Late to Verify,Late to Verify,856,The Chocó-Darién Conservation Corridor REDD Project,"The Chocó-Darién Conservation Corridor is the first REDD+ project to be issued credits for activities co-designed and implemented on a community-owned, collective land title. The project protects 13,465 hectares of tropical rainforest in the Darién region of northwest Colombia, one of the most biologically diverse regions on the planet. Developed by Anthrotect, the project is co-designed and managed with COCOMASUR, an Afro-Colombian community association in the municipality of Acandí that received collective title to the project area in 2005. Cattle ranching is very common in Acandí, and there are an estimated 47,000 heads of cattle in the vicinity of the project. Working together, COCOMASUR and Anthrotect have designed a strategy to stop the spread of ranching into the project area, thereby protecting Afro-Colombian livelihoods as well as the forests on which they depend.",Carbon,No,2010-10-18T00:00:00,,True,True,,,2040-10-17T00:00:00,,,,856,,,,LATE_TO_VERIFY,True,100000000000011,Colombia,Darién region,Department of Chocó and the Municipality of Acandí,,8.468405,-77.341723,,,,,,856,2010-10-18T00:00:00,2010-10-18T00:00:00,8.468405/-77.341723,Agriculture Forestry and Other Land Use,,,,,,,,,,,,,,,False,,VM0009 (Version NA),,,2010-10-18T00:00:00,2020-04-06T00:00:00,150000000000045.0,Latin America,13465.0,,Anthrotect S.A.S.,REDD,80938,,,False,,2010-10-18T00:00:00,2040-10-17T00:00:00,,"5,000 - 1,000,000 tCO2-e per year",150000000000062,1.0,30.0,,,,,,,False,,,,,verra_platts,856,original,27006,ACANDÍ
110200000677708,110200000677708,2026-08-21T17:27:52.627602649,150000000000001,Verified Carbon Standard,,,2024-01-18T13:18:52,,Rejected by Administrator,Rejected by Administrator,3849,THE FOREST CARBON PROJECT AGROREFORESTADORA RANCHO VICTORIA S. A,"The Rancho Victoria forestry project is projected in the next 20 years to have a growth in the forest cover of regional commercial species in 3,618 hectares, distributed as follows: -	P. caribeae -	 Eucalitus sp. -	A. mangium y mezcla con otras especies nativas The plant material needed for planting will be produced in a transitory nursery installed on the project premises, using high-quality seeds. The planting density has several proposals that vary between 1,040 trees per ha (3.1 x 3.1) up to 1,200 trees per ha. It is noteworthy that all the lots within the property will be surrounded by firebreak corridors that mitigate the mobility risk of the fire to other lots or land.",Carbon,No,2018-08-08T00:00:00,,True,True,,,2048-08-07T00:00:00,,,,3849,Colombian Institute for Technical Standards and Certification (ICONTEC),110100000042585.0,,REJECTED,False,100000000000011,Colombia,PUERTO LOPEZ,META,,3.937164,-72.561914,,,,,,3849,2018-08-08T00:00:00,2018-08-08T00:00:00,3.937164/72.561914,Agriculture Forestry and Other Land Use,,,,,,,,,,,,,,,False,,AR-ACM0003 (Version NA),,,2018-08-08T00:00:00,,150000000000045.0,Latin America,3618.0,www.ranchovictoria.co,AGROREFORESTADORA RANCHO VICTORIA S.A (PP),ARR,120048,,,False,,2018-08-08T00:00:00,2048-08-07T00:00:00,,"5,000 - 1,000,000 tCO2-e per year",150000000000062,1.0,30.0,,,,,,,False,,,,,verra_platts,3849,signo_lon_negado,50573,PUERTO LÓPEZ
110200000677236,110200000677236,2026-08-21T17:27:52.600953876,150000000000001,Verified Carbon Standard,,,2022-05-02T21:32:46,,Late to Verify,Late to Verify,1936,WIND POWER GROUPED PROJECT BY CELSIA COLOMBIA - BEGONIA POWER,"The proposed wind power grouped project activity consists of an installation and implementation of wind farms located in different departments within Colombian territory. Where an individual project activity instance will either be small-scale or large-scale project activity.  The first phase of the wind power grouped project will have a total installed capacity of 96.8 MW, with the installation of 31 Wind Turbines. The electricity generated by the grouped project is expected to be around 452.8 GWh per year, supplying electricity to the local grid; avoiding part of the electricity generated by the grid-connected power plants. The estimated emission reductions over a 10-year first crediting period from initial two project activity instances, will be approximately 1663857 tCO2e.   PUBLIC COMMENT PERIOD: This project is open for public comment from 20 August – 19 September 2019.",Carbon,No,2021-02-01T00:00:00,,True,True,,,2031-01-31T00:00:00,,,,1936,Colombian Institute for Technical Standards and Certification (ICONTEC),110100000042585.0,,LATE_TO_VERIFY,False,100000000000011,Colombia,Colombia,La Guajira and Atlántico,,11.525027,-72.177888,,,,,,1936,2021-02-01T00:00:00,2021-02-01T00:00:00,11.525027/-72.177888,Energy industries (renewable/non-renewable sources),,,,,,,,,,,,,,,False,,"ACM0002 (Version NA), AMS-I.D. (Version NA)",,,2021-02-01T00:00:00,2021-03-10T00:00:00,150000000000045.0,Latin America,,,Multiple Project Proponents,,166385,,,False,,2021-02-01T00:00:00,2031-01-31T00:00:00,,"5,000 - 1,000,000 tCO2-e per year",150000000000062,1.0,,,,,,,,False,,,,,verra_platts,1936,original,44430,MAICAO
110200000674204,110200000674204,2026-08-21T17:27:46.108446245,150000000000001,Verified Carbon Standard,,,2024-07-23T19:41:45,,Late to Verify,Late to Verify,1869,"Yagual - Carbon Sequestration Grouped Project for the Restoration, Conservation and Sustainable Production in the Guerrero, Sumapaz and Rabanal Paramo Systems","The Carbon sequestration grouped project for the restoration, conservation and sustainable production in the Guerrero, Sumapaz and Rabanal paramo systems (Project Yagual) proposed by Terra Integrity with the support of Société de Gestion de Projets Ecotierra Inc. (Ecotierra) is a grouped project expecting to increase forest cover over 1 500 ha of non-forest land on the Colombian high Andes through sustainable agroforestry systems and reforestation activities for conservation purposes.  These interventions aim to increase in a significant way the economic and environmental benefits of the project lands while ensuring sustainability in their activities and manage the development objectives of their owners.",Carbon,No,2018-12-19T00:00:00,,True,True,,,2048-12-18T00:00:00,,,,1869,Ecocert S.A.,110100000039417.0,,LATE_TO_VERIFY,False,100000000000011,Colombia,Tropical Lower Montane and Tropical Montane Forest,"Bocayá, Cundinamarca, Huila and Meta",,5.245,-74.006,,,,,,1869,2018-12-19T00:00:00,2018-12-19T00:00:00,5.245000/-74.006000,Agriculture Forestry and Other Land Use,,,,,,,,,,,,,,,False,,AR-ACM0003 (Version NA),,,2018-12-19T00:00:00,2020-06-04T00:00:00,150000000000045.0,Latin America,1000.0,,Société de gestion de projets ECOTIERRA Inc.,ARR,13619,,,False,,2018-12-19T00:00:00,2048-12-18T00:00:00,,"5,000 - 1,000,000 tCO2-e per year",150000000000062,1.0,30.0,,,,,,,False,,,,,verra_platts,1869,original,25793,TAUSA
