COD_DANE,NOMBRE_MPI,year,temp_media_c,prec_anual_mm
05042,SANTA FÉ DE ANTIOQUIA,2023,18.161959541459225,1591.9236667640491
05042,SANTA FÉ DE ANTIOQUIA,2024,18.66603758542567,1689.0191119657825
05101,CIUDAD BOLÍVAR,2023,17.454675746856765,2534.850042763309
05101,CIUDAD BOLÍVAR,2024,17.881032229058633,2605.166069222288
05148,EL CARMEN DE VIBORAL,2023,16.3533378429413,2648.580570088593
05148,EL CARMEN DE VIBORAL,2024,16.802951683878405,2666.478975840315
05237,DONMATÍAS,2023,15.938795652233864,2519.660896451245
05237,DONMATÍAS,2024,16.37517222992875,2499.9520567553523
05390,LA PINTADA,2023,21.04409302450693,2335.046538739996
05390,LA PINTADA,2024,21.60839508651708,2478.5525950385186
05585,PUERTO NARE,2023,25.99286665099646,3313.497048861396
05585,PUERTO NARE,2024,26.395472760575217,2764.3207185123933
05647,SAN ANDRÉS DE CUERQUÍA,2023,19.21037177726356,1821.3569407933803
05647,SAN ANDRÉS DE CUERQUÍA,2024,19.594496624057115,1945.403235108728
05664,SAN PEDRO DE LOS MILAGROS,2023,15.984867218601266,1506.0799096378137
05664,SAN PEDRO DE LOS MILAGROS,2024,16.51944865577451,1618.5342168778243
05674,SAN VICENTE FERRER,2023,16.448963177937856,2081.513350925416
05674,SAN VICENTE FERRER,2024,16.857626616599873,2010.4575532067092
05697,EL SANTUARIO,2023,16.31310302360015,2297.974734675849
05697,EL SANTUARIO,2024,16.71855982642421,2264.308153066408
08001,BARRANQUILLA,2023,27.59996711894649,754.9867269899655
08001,BARRANQUILLA,2024,27.83928690771637,1281.0417287840496
08558,POLONUEVO,2023,27.382938938909376,1117.810903308677
08558,POLONUEVO,2024,27.52653145540125,1503.3593090818642
11001,"BOGOTÁ, D.C.",2023,11.91660241428798,1147.833260746746
11001,"BOGOTÁ, D.C.",2024,12.240321292129522,1219.9239846034775
13001,CARTAGENA DE INDIAS,2023,27.95668747285157,1007.9413187711962
13001,CARTAGENA DE INDIAS,2024,28.084033565350357,1248.1355466975494
13042,ARENAL,2023,25.7734272197319,2201.478831213882
13042,ARENAL,2024,25.83074688975768,2373.8631402067517
13062,ARROYOHONDO,2023,28.410112278413067,1180.4704223513086
13062,ARROYOHONDO,2024,28.423578222185768,1340.7697803316012
13222,CLEMENCIA,2023,27.82727595239311,1059.0851265451531
13222,CLEMENCIA,2024,27.92023462234988,1276.2538491536104
13268,EL PEÑÓN,2023,28.060548855821025,2018.226237870988
13268,EL PEÑÓN,2024,28.118693665225862,2225.9671910569164
13468,SANTA CRUZ DE MOMPOX,2023,28.51724465314516,1543.1178365621265
13468,SANTA CRUZ DE MOMPOX,2024,28.5400403590146,1876.640730973934
13490,NOROSÍ,2023,27.19593324397283,2270.811847893432
13490,NOROSÍ,2024,27.228175492028697,2455.165743414087
13580,REGIDOR,2023,27.45738738241738,1850.2397587794824
13580,REGIDOR,2024,27.45156247287997,2050.1134707869974
13620,SAN CRISTÓBAL,2023,28.20844194133969,1067.9697485055478
13620,SAN CRISTÓBAL,2024,28.25415177205616,1241.6602616623718
13655,SAN JACINTO DEL CAUCA,2023,27.120107295462105,2831.943882555157
13655,SAN JACINTO DEL CAUCA,2024,27.388418344518016,3314.761354631436
15332,GÜICÁN DE LA SIERRA,2023,9.068647375478236,1678.4112677805742
15332,GÜICÁN DE LA SIERRA,2024,9.567227717055175,1873.4224081549269
15550,PISBA,2023,14.03540728957404,1888.9533276874056
15550,PISBA,2024,14.560082735501794,2095.20327898342
15806,TIBASOSA,2023,13.395685553060218,939.4930738282144
15806,TIBASOSA,2024,13.89725263290478,891.0008003006463
15839,TUTAZÁ,2023,9.838493068751006,1346.30529509092
15839,TUTAZÁ,2024,10.382592918012904,1326.2018921787703
17495,NORCASIA,2023,24.416377547327613,3573.1278730278304
17495,NORCASIA,2024,24.72876866287112,3519.06961898828
17665,SAN JOSÉ,2023,18.22315644254832,1976.446679228556
17665,SAN JOSÉ,2024,18.638276500951747,2172.1896506327826
18610,SAN JOSÉ DEL FRAGUA,2023,19.7267061692649,3448.917374459128
18610,SAN JOSÉ DEL FRAGUA,2024,20.14761747600039,3524.163213168196
18785,SOLITA,2023,25.593956670617217,3743.335495889186
18785,SOLITA,2024,26.05707986536504,3869.626277530351
19300,GUACHENÉ,2023,21.395906429931472,1788.4215325229138
19300,GUACHENÉ,2024,21.692272147024767,1312.7293486005929
19532,PATÍA,2023,20.500014323799636,2215.817023817642
19532,PATÍA,2024,20.902000152119854,1920.375459541475
19533,PIAMONTE,2023,20.88793009383602,3856.434585589397
19533,PIAMONTE,2024,21.354881019869595,3906.726281597603
19548,PIENDAMÓ - TUNÍA,2023,18.75740084353953,2343.375690821042
19548,PIENDAMÓ - TUNÍA,2024,19.207921837321123,1939.56843754938
19760,SOTARÁ PAISPAMBA,2023,15.78050504834215,2062.0938016512514
19760,SOTARÁ PAISPAMBA,2024,16.18961748743044,1613.6607864607136
19824,TOTORÓ,2023,13.995093569412916,1780.7238875783105
19824,TOTORÓ,2024,14.456585480880335,1568.5536085898923
19845,VILLA RICA,2023,22.003385124426018,1907.9190037184687
19845,VILLA RICA,2024,22.291306060572254,1402.3937403770972
20400,LA JAGUA DE IBIRICO,2023,26.68821643422706,1825.9932338404808
20400,LA JAGUA DE IBIRICO,2024,26.821199353870043,1929.464926902232
20570,PUEBLO BELLO,2023,18.830975575161855,2038.4520776279437
20570,PUEBLO BELLO,2024,19.115995829922667,2310.6599578902446
23300,COTORRA,2023,27.852770373421837,995.998463751433
23300,COTORRA,2024,27.8983596288831,1109.3056383861656
23350,LA APARTADA,2023,27.940926882629185,2033.3451444729917
23350,LA APARTADA,2024,28.076370684490428,2658.967273708999
23500,MOÑITOS,2023,27.79972474515995,1141.3793336367355
23500,MOÑITOS,2024,27.90501983388845,1265.542095130079
23586,PURÍSIMA DE LA CONCEPCIÓN,2023,27.822497203159852,941.3783984691383
23586,PURÍSIMA DE LA CONCEPCIÓN,2024,27.910736258967688,1056.7973144741609
23675,SAN BERNARDO DEL VIENTO,2023,27.89695684455017,1022.8888224056622
23675,SAN BERNARDO DEL VIENTO,2024,28.00191312960743,1131.0602208041655
23682,SAN JOSÉ DE URÉ,2023,26.394372859446264,3121.902226865537
23682,SAN JOSÉ DE URÉ,2024,26.61102018263159,3460.7704377162063
23815,TUCHÍN,2023,27.763973722539333,992.3510212022188
23815,TUCHÍN,2024,27.86147423656803,1038.6861377623245
25258,EL PEÑÓN,2023,20.46597829696185,1888.622081796723
25258,EL PEÑÓN,2024,20.844057264246374,1628.592269999448
25260,EL ROSAL,2023,15.405583944053204,1174.310698021798
25260,EL ROSAL,2024,15.698741593819648,1114.1091341861986
25398,LA PEÑA,2023,22.005278057847363,1878.07366534956
25398,LA PEÑA,2024,22.409208126217663,1686.5124010694628
25599,APULO,2023,23.46042137397956,1502.7565093932185
25599,APULO,2024,23.633752392857616,1198.785916594897
25645,SAN ANTONIO DEL TEQUENDAMA,2023,19.198473323198414,1221.8203192659762
25645,SAN ANTONIO DEL TEQUENDAMA,2024,19.38627263485671,1176.747172139482
25662,SAN JUAN DE RIOSECO,2023,23.993607647530155,1427.4676385649711
25662,SAN JUAN DE RIOSECO,2024,24.210374475139133,1155.843315890531
25843,VILLA DE SAN DIEGO DE UBATÉ,2023,12.50005703067444,908.7408399586146
25843,VILLA DE SAN DIEGO DE UBATÉ,2024,12.803657610923324,923.8939287280268
27025,ALTO BAUDÓ,2023,24.755318119109177,7060.266894161443
27025,ALTO BAUDÓ,2024,24.798585737307636,8546.496574484614
27050,ATRATO,2023,25.21635891174753,7865.477950910472
27050,ATRATO,2024,25.24972376203397,9338.500727917732
27075,BAHÍA SOLANO,2023,25.1583742943929,4653.702573045345
27075,BAHÍA SOLANO,2024,25.20802552609308,5450.626515082503
27077,BAJO BAUDÓ,2023,25.299446262381537,7366.122778839128
27077,BAJO BAUDÓ,2024,25.352091261118005,8157.409076627654
27099,BOJAYÁ,2023,25.14805809597067,5117.98273744658
27099,BOJAYÁ,2024,25.243541755784577,5788.606558221276
27135,EL CANTÓN DEL SAN PABLO,2023,25.3602088351314,8091.909284200778
27135,EL CANTÓN DEL SAN PABLO,2024,25.399982294257427,9370.646539215652
27150,CARMEN DEL DARIÉN,2023,26.002746600993305,3988.617134937004
27150,CARMEN DEL DARIÉN,2024,26.124296921520116,4503.440408392243
27160,CÉRTEGUI,2023,25.15051235549305,7874.472317756002
27160,CÉRTEGUI,2024,25.18192716383703,8980.583748076813
27245,EL CARMEN DE ATRATO,2023,19.375682413349693,4046.649484282149
27245,EL CARMEN DE ATRATO,2024,19.55382442353596,4303.22079919005
27250,EL LITORAL DEL SAN JUAN,2023,24.411059457104272,4344.05139325834
27250,EL LITORAL DEL SAN JUAN,2024,24.489115908842336,4488.398405472207
27425,MEDIO ATRATO,2023,24.88650650026625,6118.3305602621485
27425,MEDIO ATRATO,2024,24.93237258263832,6825.7988995500855
27430,MEDIO BAUDÓ,2023,25.3718573115454,7978.689052268463
27430,MEDIO BAUDÓ,2024,25.418944137343885,9179.7503597111
27450,MEDIO SAN JUAN,2023,25.348257263976336,7071.061110462553
27450,MEDIO SAN JUAN,2024,25.401771423117,7502.639766213264
27493,NUEVO BELÉN DE BAJIRÁ,2023,26.348472883611805,3444.7812153862446
27493,NUEVO BELÉN DE BAJIRÁ,2024,26.466601094493967,4170.31427858059
27580,RÍO IRÓ,2023,24.58354655558992,7271.215347131745
27580,RÍO IRÓ,2024,24.611286796359707,7541.118694730086
27600,RÍO QUITO,2023,25.34148120214172,7827.066564697359
27600,RÍO QUITO,2024,25.39068459998964,9240.107755817797
27810,UNIÓN PANAMERICANA,2023,25.05961988388026,8272.757323283642
27810,UNIÓN PANAMERICANA,2024,25.09482003492758,9364.508400278011
41132,CAMPOALEGRE,2023,23.79275047059423,1699.8695355579468
41132,CAMPOALEGRE,2024,24.156674907569368,1746.9487801571538
41660,SALADOBLANCO,2023,12.761010871207247,1479.644421740436
41660,SALADOBLANCO,2024,13.180949313832857,1438.4927628795451
41872,VILLAVIEJA,2023,27.632011895919447,1317.3753763095349
41872,VILLAVIEJA,2024,27.51515400009913,1233.530248229077
44090,DIBULLA,2023,21.233962751817444,2005.7936304976588
44090,DIBULLA,2024,21.49116908196009,2738.649819337307
44098,DISTRACCIÓN,2023,24.7590740543489,1222.3774133089016
44098,DISTRACCIÓN,2024,24.91986426168438,1463.35285220404
44378,HATONUEVO,2023,26.61656895045661,1042.1983366417223
44378,HATONUEVO,2024,26.568815463910425,1412.6876832289358
44420,LA JAGUA DEL PILAR,2023,25.505726671119817,1287.598278032167
44420,LA JAGUA DEL PILAR,2024,25.576539891344453,1501.9751447497242
47001,SANTA MARTA,2023,21.20653207817378,1516.9333832215068
47001,SANTA MARTA,2024,21.51445414597617,1988.6771179106956
47030,ALGARROBO,2023,27.116917817968385,1269.6478229164552
47030,ALGARROBO,2024,26.972391955736327,1446.5120717374175
47161,CERRO DE SAN ANTONIO,2023,28.7066451976836,1151.9818596879857
47161,CERRO DE SAN ANTONIO,2024,28.561861461756337,1324.4567972789348
47258,EL PIÑÓN,2023,28.64293154569083,1120.059623275253
47258,EL PIÑÓN,2024,28.430166326291555,1283.8695373991302
47268,EL RETÉN,2023,27.740177126406422,1143.1552079415212
47268,EL RETÉN,2024,27.56278349670669,1551.3474092635329
47460,NUEVA GRANADA,2023,28.402437349705394,1138.2344126088822
47460,NUEVA GRANADA,2024,28.3496384326196,1063.5432868066052
47545,PIJIÑO DEL CARMEN,2023,28.520491320052145,1270.249790623755
47545,PIJIÑO DEL CARMEN,2024,28.55508141299731,1249.20300779694
47570,PUEBLOVIEJO,2023,27.60604163699253,906.0248622700088
47570,PUEBLOVIEJO,2024,27.54659431492365,1236.6301597724937
47660,SABANAS DE SAN ÁNGEL,2023,28.233325687016247,1302.777770108011
47660,SABANAS DE SAN ÁNGEL,2024,28.047248436967664,1343.1817427562162
47692,SAN SEBASTIÁN DE BUENAVISTA,2023,28.316050496771425,1371.7799165791953
47692,SAN SEBASTIÁN DE BUENAVISTA,2024,28.36040676152254,1417.2663154060206
47720,SANTA BÁRBARA DE PINTO,2023,28.615265011457097,1080.9452856095695
47720,SANTA BÁRBARA DE PINTO,2024,28.549882865682772,1102.219246113896
47745,SITIONUEVO,2023,28.03052995712073,842.6020898209476
47745,SITIONUEVO,2024,28.17173426319061,1331.937835902282
47960,ZAPAYÁN,2023,28.7292410871446,1136.9526250858628
47960,ZAPAYÁN,2024,28.48469179862343,1223.1211476311914
47980,ZONA BANANERA,2023,27.60457825889597,1087.9183632659167
47980,ZONA BANANERA,2024,27.56042750741108,1419.7465429799972
50370,URIBE,2023,19.746578243714797,1924.817613345862
50370,URIBE,2024,20.05551336844013,2181.5078220464625
52224,CUASPUD CARLOSAMA,2023,10.830844426748854,1209.4618942002032
52224,CUASPUD CARLOSAMA,2024,11.32709171923142,917.7990546403888
52254,EL PEÑOL,2023,19.4387076453433,1451.732391504399
52254,EL PEÑOL,2024,19.751324671717555,1176.2510316044124
52258,EL TABLÓN DE GÓMEZ,2023,14.157320666439318,1737.3085272942335
52258,EL TABLÓN DE GÓMEZ,2024,14.54934782555324,1482.8347076533746
52699,SANTACRUZ,2023,18.190140350716547,2373.634675026795
52699,SANTACRUZ,2024,18.375215703622985,1947.6955030315632
52835,SAN ANDRÉS DE TUMACO,2023,25.463453297779267,5249.832277749594
52835,SAN ANDRÉS DE TUMACO,2024,25.561291884344428,3788.044581947134
54001,SAN JOSÉ DE CÚCUTA,2023,27.069299543721968,1740.5625332321677
54001,SAN JOSÉ DE CÚCUTA,2024,27.29460359519578,1620.8093707048506
54498,OCAÑA,2023,21.71090206368325,1287.4576897992026
54498,OCAÑA,2024,22.06785039345272,1314.960867783781
66170,DOSQUEBRADAS,2023,17.369402218888695,2568.644199835136
66170,DOSQUEBRADAS,2024,17.738580798793635,2474.388163150573
68235,EL CARMEN DE CHUCURÍ,2023,24.68638995792662,2014.0533707153947
68235,EL CARMEN DE CHUCURÍ,2024,24.98619540295988,2237.206701655396
68250,EL PEÑÓN,2023,23.64022940570726,2587.0353226354086
68250,EL PEÑÓN,2024,24.00031942657398,2733.900814617421
68684,SAN JOSÉ DE MIRANDA,2023,18.07646654891647,1295.2015816292558
68684,SAN JOSÉ DE MIRANDA,2024,18.4240154179264,1321.4550891058475
68720,SANTA HELENA DEL OPÓN,2023,23.49937376582432,2762.169360953615
68720,SANTA HELENA DEL OPÓN,2024,23.48809058622311,2859.4635913276466
68855,VALLE DE SAN JOSÉ,2023,19.56237111100296,2178.365099363877
68855,VALLE DE SAN JOSÉ,2024,19.88808921877751,2186.9890966623625
70204,COLOSÓ,2023,27.22415449292282,1017.8651660692748
70204,COLOSÓ,2024,27.240009784566386,1084.7628262466646
70221,COVEÑAS,2023,27.86004664568952,1034.125316074808
70221,COVEÑAS,2024,27.96827024462766,1158.0297224867538
70233,EL ROBLE,2023,27.722294251953144,1239.0201635301937
70233,EL ROBLE,2024,27.79226978240422,1401.7741844917862
70742,SAN LUIS DE SINCÉ,2023,27.572643813998468,988.4374799637296
70742,SAN LUIS DE SINCÉ,2024,27.5891674184154,1102.8763305322548
70820,SANTIAGO DE TOLÚ,2023,27.915229598778808,1021.461963857745
70820,SANTIAGO DE TOLÚ,2024,27.970115640855283,1124.3844668066045
70823,SAN JOSÉ DE TOLUVIEJO,2023,27.726220697535723,958.613426128325
70823,SAN JOSÉ DE TOLUVIEJO,2024,27.7576108196846,1033.8549600907734
73055,ARMERO,2023,23.796623535296817,2222.317858385922
73055,ARMERO,2024,24.07933833968775,1877.776941723926
73443,SAN SEBASTIÁN DE MARIQUITA,2023,22.01242320961512,2920.023478078313
73443,SAN SEBASTIÁN DE MARIQUITA,2024,22.48035713267205,2746.836331432649
73520,PALOCABILDO,2023,19.170519094817397,2528.966796163725
73520,PALOCABILDO,2024,19.59147814840605,2344.018172145166
73671,SALDAÑA,2023,27.50723140608829,1590.0150974540609
73671,SALDAÑA,2024,27.508210198512927,1421.4387748775623
73870,VILLAHERMOSA,2023,14.692039090120945,2326.435658770025
73870,VILLAHERMOSA,2024,15.153944261335823,2076.0044968761526
76001,SANTIAGO DE CALI,2023,18.568285090475342,1805.8804509942315
76001,SANTIAGO DE CALI,2024,18.894944868629693,1432.5683143472845
76111,GUADALAJARA DE BUGA,2023,15.389229751175378,1604.35628948442
76111,GUADALAJARA DE BUGA,2024,15.696990523910756,1279.8259136642316
76126,CALIMA,2023,19.872653937595715,2339.4556613433624
76126,CALIMA,2024,20.048932344407376,2319.4279146780414
86865,VALLE DEL GUAMUEZ,2023,23.96733982751988,4495.364717914004
86865,VALLE DEL GUAMUEZ,2024,24.541404152086105,4311.715622249602
91460,MIRITÍ - PARANÁ,2023,25.828214641739464,3363.4107266080023
91460,MIRITÍ - PARANÁ,2024,26.30143725494389,3509.689380421736
91530,PUERTO ALEGRÍA,2023,25.640261422477863,3196.2589729764886
91530,PUERTO ALEGRÍA,2024,26.20528613030677,3471.126864859626
91536,PUERTO ARICA,2023,25.91661131734662,3430.098455307978
91536,PUERTO ARICA,2024,26.48900858448502,3477.1840224809075
94343,BARRANCOMINAS,2023,26.09838280499787,2724.3143597479543
94343,BARRANCOMINAS,2024,26.49590619381973,2986.702233169296
94888,MORICHAL,2023,25.9060959269998,2971.0536858547216
94888,MORICHAL,2024,26.293572138068043,3089.4254353773995
05042,SANTA FÉ DE ANTIOQUIA,2001,18.222474979113997,1665.4486695460796
05042,SANTA FÉ DE ANTIOQUIA,2002,18.718778294910578,1532.0123316309475
05042,SANTA FÉ DE ANTIOQUIA,2003,18.60733991854454,1676.0793740783797
05042,SANTA FÉ DE ANTIOQUIA,2004,18.44052854328487,1637.1374220160346
05042,SANTA FÉ DE ANTIOQUIA,2005,18.951286430579387,1724.398306562369
05042,SANTA FÉ DE ANTIOQUIA,2006,18.561625821328562,1786.973806466752
05042,SANTA FÉ DE ANTIOQUIA,2007,18.52786738224802,1984.2255032011974
05042,SANTA FÉ DE ANTIOQUIA,2008,18.09446061856488,2182.2816527046675
05042,SANTA FÉ DE ANTIOQUIA,2009,19.03273661177974,1648.8271249024654
05042,SANTA FÉ DE ANTIOQUIA,2010,19.253220998069423,2072.4009937630613
05042,SANTA FÉ DE ANTIOQUIA,2011,18.733208522906864,2187.1982615823895
05042,SANTA FÉ DE ANTIOQUIA,2012,18.95465412470645,1557.0425834644966
05042,SANTA FÉ DE ANTIOQUIA,2013,19.19835568466624,1589.9217149303192
05042,SANTA FÉ DE ANTIOQUIA,2014,19.26900140839507,1537.7535446956445
05042,SANTA FÉ DE ANTIOQUIA,2015,19.73442552158599,1431.906140294003
05042,SANTA FÉ DE ANTIOQUIA,2016,19.705887175984458,1665.2723899691382
05042,SANTA FÉ DE ANTIOQUIA,2017,19.18955092237178,1783.781568108896
05042,SANTA FÉ DE ANTIOQUIA,2018,19.045038547405625,1840.356776803397
05042,SANTA FÉ DE ANTIOQUIA,2019,19.481088521439233,1520.92608101858
05042,SANTA FÉ DE ANTIOQUIA,2020,19.830569475648076,1621.5085068882902
05042,SANTA FÉ DE ANTIOQUIA,2021,17.520039379272134,1703.1082294079376
05042,SANTA FÉ DE ANTIOQUIA,2022,17.16309223642213,2196.4432690463877
05101,CIUDAD BOLÍVAR,2001,19.20130004882816,2824.6880290337504
05101,CIUDAD BOLÍVAR,2002,19.642132568359443,2661.287144437215
05101,CIUDAD BOLÍVAR,2003,19.487060546875057,3012.4686072782006
05101,CIUDAD BOLÍVAR,2004,19.367547607421955,2732.286097312441
05101,CIUDAD BOLÍVAR,2005,19.745361328125057,3037.5598171585016
05101,CIUDAD BOLÍVAR,2006,19.433203125000034,3108.677101878789
05101,CIUDAD BOLÍVAR,2007,19.33399658203126,3323.0877676664913
05101,CIUDAD BOLÍVAR,2008,18.951885986328193,3653.0188242899676
05101,CIUDAD BOLÍVAR,2009,19.942071533203205,2745.2306422882702
05101,CIUDAD BOLÍVAR,2010,20.021777343750045,3675.7672051570926
05101,CIUDAD BOLÍVAR,2011,19.555413818359455,3388.0613230570175
05101,CIUDAD BOLÍVAR,2012,19.903533935546932,3042.113351367795
05101,CIUDAD BOLÍVAR,2013,20.08571166992192,3024.090669190688
05101,CIUDAD BOLÍVAR,2014,20.254467773437568,2548.699528438223
05101,CIUDAD BOLÍVAR,2015,20.748162841796898,2566.9071617757318
05101,CIUDAD BOLÍVAR,2016,20.646099853515693,2764.0882202380876
05101,CIUDAD BOLÍVAR,2017,20.228857421875034,2947.518225181331
05101,CIUDAD BOLÍVAR,2018,20.120288085937602,2869.6955902674067
05101,CIUDAD BOLÍVAR,2019,20.525268554687557,2828.364285630793
05101,CIUDAD BOLÍVAR,2020,20.811492919921932,2685.830649738873
05101,CIUDAD BOLÍVAR,2021,16.957390035423543,2799.959821544425
05101,CIUDAD BOLÍVAR,2022,16.615632463826273,3212.805448977073
05148,EL CARMEN DE VIBORAL,2001,17.386856576906098,2917.6329688145843
05148,EL CARMEN DE VIBORAL,2002,17.80025764627669,2758.25062903557
05148,EL CARMEN DE VIBORAL,2003,17.59457068477127,2848.4404732241337
05148,EL CARMEN DE VIBORAL,2004,17.533509556114325,3250.0215145024194
05148,EL CARMEN DE VIBORAL,2005,17.938383234984542,3226.572558983092
05148,EL CARMEN DE VIBORAL,2006,17.638637418273504,3212.6300310923825
05148,EL CARMEN DE VIBORAL,2007,17.51159512134319,3327.2356521491247
05148,EL CARMEN DE VIBORAL,2008,17.136525212281185,3701.9856940146674
05148,EL CARMEN DE VIBORAL,2009,17.981411072210335,2927.4438714402295
05148,EL CARMEN DE VIBORAL,2010,18.178774959483178,3773.237757445149
05148,EL CARMEN DE VIBORAL,2011,17.761697928787214,3829.467932229015
05148,EL CARMEN DE VIBORAL,2012,18.04601332211331,3120.2866737070603
05148,EL CARMEN DE VIBORAL,2013,18.174398176044463,3206.0558199594516
05148,EL CARMEN DE VIBORAL,2014,18.363137709164562,2673.693397986815
05148,EL CARMEN DE VIBORAL,2015,18.84410772661795,2123.3766026744615
05148,EL CARMEN DE VIBORAL,2016,18.767990177235788,2658.996786358029
05148,EL CARMEN DE VIBORAL,2017,18.25124273638363,2971.9133588959517
05148,EL CARMEN DE VIBORAL,2018,18.19950115663795,2713.7327642855607
05148,EL CARMEN DE VIBORAL,2019,18.57550953533638,2583.216743190985
05148,EL CARMEN DE VIBORAL,2020,18.713067843389922,2747.2376909602235
05148,EL CARMEN DE VIBORAL,2021,15.972063214224875,2760.7766762380525
05148,EL CARMEN DE VIBORAL,2022,15.537802993927812,3650.775348254497
05237,DONMATÍAS,2001,16.168720741877507,2573.0359708441333
05237,DONMATÍAS,2002,16.605435035342225,2207.77090956548
05237,DONMATÍAS,2003,16.41722731817339,2656.8966716014447
05237,DONMATÍAS,2004,16.337279013981856,2700.4603366239035
05237,DONMATÍAS,2005,16.788188340928855,2618.567379049516
05237,DONMATÍAS,2006,16.472168162512446,2889.420855965317
05237,DONMATÍAS,2007,16.379354519314234,2849.570901729772
05237,DONMATÍAS,2008,15.930494714161739,3085.898032957131
05237,DONMATÍAS,2009,16.814106484065064,2478.023370839606
05237,DONMATÍAS,2010,17.033288089812743,3102.0870684906076
05237,DONMATÍAS,2011,16.61299903506324,3066.316923526674
05237,DONMATÍAS,2012,16.798896135602718,2536.465838883366
05237,DONMATÍAS,2013,16.947730364118286,2599.371242354162
05237,DONMATÍAS,2014,17.118977573939787,2306.985001841757
05237,DONMATÍAS,2015,17.621338084387446,1878.0970221455323
05237,DONMATÍAS,2016,17.573216223338306,2506.579030614572
05237,DONMATÍAS,2017,16.950519089471754,2633.8837512423165
05237,DONMATÍAS,2018,16.780241176060315,2782.490440830695
05237,DONMATÍAS,2019,17.289037989056283,2444.8832762261004
05237,DONMATÍAS,2020,17.436929563492072,2686.630113192962
05237,DONMATÍAS,2021,15.4760193012184,2589.3459575916663
05237,DONMATÍAS,2022,15.048433575817967,3278.223438449117
05390,LA PINTADA,2001,19.39286193847653,2307.2928521403283
05390,LA PINTADA,2002,19.858575439453148,2376.526365590737
05390,LA PINTADA,2003,19.70708618164059,2595.6465503763193
05390,LA PINTADA,2004,19.544046020507835,2494.7614205030586
05390,LA PINTADA,2005,19.922906494140648,2656.317306867629
05390,LA PINTADA,2006,19.529641723632835,2744.7847972218233
05390,LA PINTADA,2007,19.420037841796898,2931.996239107286
05390,LA PINTADA,2008,18.993569946289085,3551.153777663483
05390,LA PINTADA,2009,19.974526977539085,2275.4739139480976
05390,LA PINTADA,2010,20.208474731445335,3446.0649431981315
05390,LA PINTADA,2011,19.635705566406273,3249.1486146145335
05390,LA PINTADA,2012,20.028039550781273,2502.9127434815528
05390,LA PINTADA,2013,20.205804443359455,2625.0210976889316
05390,LA PINTADA,2014,20.475183105468773,2055.0199217374015
05390,LA PINTADA,2015,20.96619567871096,1839.1356306848502
05390,LA PINTADA,2016,20.98407897949221,2277.214869020231
05390,LA PINTADA,2017,20.365686035156273,2776.0429769259936
05390,LA PINTADA,2018,20.289437866211017,2485.7339005016897
05390,LA PINTADA,2019,20.83301696777346,2248.2236643361402
05390,LA PINTADA,2020,21.24367675781258,2380.4779160573003
05390,LA PINTADA,2021,20.093702819126065,2458.790243293672
05390,LA PINTADA,2022,19.77670689839846,3203.8764804474704
05585,PUERTO NARE,2001,23.99535365153838,2847.4757459782427
05585,PUERTO NARE,2002,24.481072998046955,2781.885333934571
05585,PUERTO NARE,2003,24.31859489519576,3215.483865454163
05585,PUERTO NARE,2004,24.19053149665757,3277.3173351972277
05585,PUERTO NARE,2005,24.425798427935717,3059.2542618261496
05585,PUERTO NARE,2006,24.08513825406743,3407.0976705233857
05585,PUERTO NARE,2007,24.075314110824763,3177.87537513304
05585,PUERTO NARE,2008,23.607669035921447,3508.89573738248
05585,PUERTO NARE,2009,24.428560111448974,3093.556175660474
05585,PUERTO NARE,2010,24.433304808311902,3095.7345932298877
05585,PUERTO NARE,2011,24.04899914928319,3407.0157984506513
05585,PUERTO NARE,2012,24.64283881433238,2900.4466098456846
05585,PUERTO NARE,2013,24.747273112818164,3361.836752361838
05585,PUERTO NARE,2014,24.976405696279073,3490.4832991765816
05585,PUERTO NARE,2015,25.506053995348793,3262.5771891202126
05585,PUERTO NARE,2016,25.380010734636755,3435.125691753531
05585,PUERTO NARE,2017,25.20062746657544,3932.5063460026277
05585,PUERTO NARE,2018,25.153749635047575,3610.378508119248
05585,PUERTO NARE,2019,25.717833402967983,3560.897125133197
05585,PUERTO NARE,2020,25.9205176284633,3336.878164866553
05585,PUERTO NARE,2021,25.387726155284327,3360.2364421277466
05585,PUERTO NARE,2022,24.935861811999075,4117.771263817196
05647,SAN ANDRÉS DE CUERQUÍA,2001,17.77092364767327,2198.678177980469
05647,SAN ANDRÉS DE CUERQUÍA,2002,18.18017985026046,2188.175080982002
05647,SAN ANDRÉS DE CUERQUÍA,2003,18.12714118404665,2535.403972159032
05647,SAN ANDRÉS DE CUERQUÍA,2004,18.027179308905204,2448.8331302319007
05647,SAN ANDRÉS DE CUERQUÍA,2005,18.510325202389026,2230.0943129443817
05647,SAN ANDRÉS DE CUERQUÍA,2006,18.18132713428446,2486.9059866008615
05647,SAN ANDRÉS DE CUERQUÍA,2007,18.1304742343184,2585.9193660414494
05647,SAN ANDRÉS DE CUERQUÍA,2008,17.761670629528965,2640.668196827295
05647,SAN ANDRÉS DE CUERQUÍA,2009,18.559259475486897,2234.1973160183843
05647,SAN ANDRÉS DE CUERQUÍA,2010,18.85460771201315,2711.229540252797
05647,SAN ANDRÉS DE CUERQUÍA,2011,18.444155574190404,2329.99636451158
05647,SAN ANDRÉS DE CUERQUÍA,2012,18.539189523890457,2033.2117994682144
05647,SAN ANDRÉS DE CUERQUÍA,2013,18.7278487495754,2057.5692776476985
05647,SAN ANDRÉS DE CUERQUÍA,2014,18.774236795176705,2116.935940438568
05647,SAN ANDRÉS DE CUERQUÍA,2015,19.14441722925153,2021.4916850508962
05647,SAN ANDRÉS DE CUERQUÍA,2016,19.17668359728833,2149.682337333036
05647,SAN ANDRÉS DE CUERQUÍA,2017,18.67337000750115,2258.2022956799274
05647,SAN ANDRÉS DE CUERQUÍA,2018,18.46743739031365,2470.072311934351
05647,SAN ANDRÉS DE CUERQUÍA,2019,18.8378964631454,1896.981864377032
05647,SAN ANDRÉS DE CUERQUÍA,2020,19.153640614385267,1972.753529883535
05647,SAN ANDRÉS DE CUERQUÍA,2021,18.85362414700188,2176.475657984901
05647,SAN ANDRÉS DE CUERQUÍA,2022,18.544579004035768,2533.622234312025
05664,SAN PEDRO DE LOS MILAGROS,2001,16.972418129280868,1468.1746843208462
05664,SAN PEDRO DE LOS MILAGROS,2002,17.51713725050837,1411.9005256466412
05664,SAN PEDRO DE LOS MILAGROS,2003,17.298868842974173,1657.1176944311478
05664,SAN PEDRO DE LOS MILAGROS,2004,17.107180827937782,1725.862582045383
05664,SAN PEDRO DE LOS MILAGROS,2005,17.61094410517444,1634.7574057695515
05664,SAN PEDRO DE LOS MILAGROS,2006,17.1351340934022,1772.6011956874813
05664,SAN PEDRO DE LOS MILAGROS,2007,17.170070031571072,1735.8294294948178
05664,SAN PEDRO DE LOS MILAGROS,2008,16.576235585669963,2041.526892827451
05664,SAN PEDRO DE LOS MILAGROS,2009,17.63932837917389,1500.875551802163
05664,SAN PEDRO DE LOS MILAGROS,2010,17.871971820151998,1999.6757053490805
05664,SAN PEDRO DE LOS MILAGROS,2011,17.255273855549092,2022.721141276463
05664,SAN PEDRO DE LOS MILAGROS,2012,17.525409186376294,1526.3191841219152
05664,SAN PEDRO DE LOS MILAGROS,2013,17.82820376043452,1553.9084208324093
05664,SAN PEDRO DE LOS MILAGROS,2014,17.994583506126958,1407.104095448477
05664,SAN PEDRO DE LOS MILAGROS,2015,18.529079238682584,1068.3263453980796
05664,SAN PEDRO DE LOS MILAGROS,2016,18.529696279029338,1486.5060183125643
05664,SAN PEDRO DE LOS MILAGROS,2017,17.832625882919558,1535.194290871675
05664,SAN PEDRO DE LOS MILAGROS,2018,17.74611314747432,1608.637227066483
05664,SAN PEDRO DE LOS MILAGROS,2019,18.28096422169307,1384.6939309058444
05664,SAN PEDRO DE LOS MILAGROS,2020,18.643772658256694,1530.7868687462899
05664,SAN PEDRO DE LOS MILAGROS,2021,15.415801994154776,1594.359436397285
05664,SAN PEDRO DE LOS MILAGROS,2022,15.10628092969381,2012.1427893799712
05674,SAN VICENTE FERRER,2001,16.110443662985745,2094.3001891303475
05674,SAN VICENTE FERRER,2002,16.5315811548478,2006.3598210591408
05674,SAN VICENTE FERRER,2003,16.330399889823696,2188.023221687706
05674,SAN VICENTE FERRER,2004,16.266815342047323,2339.328566778087
05674,SAN VICENTE FERRER,2005,16.715260197566124,2284.92639691277
05674,SAN VICENTE FERRER,2006,16.40279580140725,2468.865178466155
05674,SAN VICENTE FERRER,2007,16.317359102689352,2460.6969562889335
05674,SAN VICENTE FERRER,2008,15.888010817307702,2729.7883349043855
05674,SAN VICENTE FERRER,2009,16.76009599734573,2077.3423219750152
05674,SAN VICENTE FERRER,2010,16.981609011919033,2725.617487886574
05674,SAN VICENTE FERRER,2011,16.55442434457632,2879.052093948824
05674,SAN VICENTE FERRER,2012,16.763564828725976,2182.5738922980117
05674,SAN VICENTE FERRER,2013,16.885970052083337,2290.9664800966175
05674,SAN VICENTE FERRER,2014,17.043337464943875,1935.4085139194938
05674,SAN VICENTE FERRER,2015,17.591404997996733,1595.8914103507993
05674,SAN VICENTE FERRER,2016,17.5300748384916,2066.6210072490944
05674,SAN VICENTE FERRER,2017,16.913371707231533,2178.6710988292516
05674,SAN VICENTE FERRER,2018,16.776946395482753,2178.8982149385665
05674,SAN VICENTE FERRER,2019,17.218464934520284,2012.1404461029124
05674,SAN VICENTE FERRER,2020,17.400161899664454,2119.4291094879804
05674,SAN VICENTE FERRER,2021,15.912552221557917,2125.2626387305686
05674,SAN VICENTE FERRER,2022,15.538286255151945,2778.0568076648883
05697,EL SANTUARIO,2001,17.351498518318976,2511.4958885146707
05697,EL SANTUARIO,2002,17.775279288456375,2394.335615507095
05697,EL SANTUARIO,2003,17.562277116446637,2492.6426227874836
05697,EL SANTUARIO,2004,17.520563796470924,2791.976939301098
05697,EL SANTUARIO,2005,17.91503822063578,2788.9873271792953
05697,EL SANTUARIO,2006,17.605115377491927,2816.8124100135246
05697,EL SANTUARIO,2007,17.51850333378229,2926.3628714315464
05697,EL SANTUARIO,2008,17.12015528185617,3207.8129278138877
05697,EL SANTUARIO,2009,17.962076331829167,2519.213345601724
05697,EL SANTUARIO,2010,18.18432953933194,3253.1470807501346
05697,EL SANTUARIO,2011,17.76541684907062,3374.749220793647
05697,EL SANTUARIO,2012,18.022534811085677,2664.1259736118977
05697,EL SANTUARIO,2013,18.1258957435345,2757.352022347078
05697,EL SANTUARIO,2014,18.301150828394384,2341.3515090210244
05697,EL SANTUARIO,2015,18.823950616244645,1934.1249710402392
05697,EL SANTUARIO,2016,18.70495942214444,2402.996091629901
05697,EL SANTUARIO,2017,18.232543103448336,2477.0595745690644
05697,EL SANTUARIO,2018,18.116589986866927,2367.912210460849
05697,EL SANTUARIO,2019,18.507533842941825,2254.891807426779
05697,EL SANTUARIO,2020,18.65738672716867,2361.1193315533333
05697,EL SANTUARIO,2021,15.822073324596317,2444.762680995671
05697,EL SANTUARIO,2022,15.43570064354111,3167.012238249359
08001,BARRANQUILLA,2001,26.75233866373702,619.3989558804459
08001,BARRANQUILLA,2002,27.123369683159694,525.1200826925079
08001,BARRANQUILLA,2003,27.109477403428798,880.5430105153566
08001,BARRANQUILLA,2004,26.962260606553798,656.9471376868288
08001,BARRANQUILLA,2005,27.217089165581626,873.4043967832583
08001,BARRANQUILLA,2006,27.140444268120632,756.0083160822404
08001,BARRANQUILLA,2007,26.920422702365443,950.4528501648589
08001,BARRANQUILLA,2008,26.71576843261721,909.3523801726718
08001,BARRANQUILLA,2009,27.03356153700082,499.3558034130164
08001,BARRANQUILLA,2010,27.16193033854165,1486.0835005136064
08001,BARRANQUILLA,2011,26.896400282118066,1394.731625995695
08001,BARRANQUILLA,2012,27.130125935872456,619.4833393960403
08001,BARRANQUILLA,2013,27.140881686740443,816.4048655433133
08001,BARRANQUILLA,2014,27.19970770941842,485.88763315200544
08001,BARRANQUILLA,2015,27.355048963758748,293.94744516533467
08001,BARRANQUILLA,2016,27.448041110568568,832.0393959864455
08001,BARRANQUILLA,2017,27.445575968424464,947.3817601420261
08001,BARRANQUILLA,2018,27.150603230794275,590.0433405303926
08001,BARRANQUILLA,2019,27.284711032443568,575.7616521027905
08001,BARRANQUILLA,2020,27.102031114366298,996.6824041805204
08001,BARRANQUILLA,2021,27.134143775748328,707.3735685066858
08001,BARRANQUILLA,2022,26.92847285432879,1409.578902486876
08558,POLONUEVO,2001,26.927699080757463,970.0843977138519
08558,POLONUEVO,2002,27.417909572435462,857.4117431575775
08558,POLONUEVO,2003,27.302347465183516,1339.388615314102
08558,POLONUEVO,2004,27.20317727793821,1079.9599991931916
08558,POLONUEVO,2005,27.421433689283276,1208.5968558479308
08558,POLONUEVO,2006,27.344819972826087,1170.2159162387848
08558,POLONUEVO,2007,27.140727698284707,1375.7435644691463
08558,POLONUEVO,2008,26.97108446204146,1425.2154912200929
08558,POLONUEVO,2009,27.381628152598523,887.0276314329147
08558,POLONUEVO,2010,27.427440344769025,1867.3768813192369
08558,POLONUEVO,2011,27.146774159307085,1700.0517321634293
08558,POLONUEVO,2012,27.448850416100584,963.2480236167909
08558,POLONUEVO,2013,27.49096732761552,1091.5096844779969
08558,POLONUEVO,2014,27.628466266134524,851.8816064830781
08558,POLONUEVO,2015,27.81842359459921,508.7918356033325
08558,POLONUEVO,2016,27.75903638756796,1198.902882219505
08558,POLONUEVO,2017,27.683124575407646,1306.741625763893
08558,POLONUEVO,2018,27.490659498131834,989.6475612889766
08558,POLONUEVO,2019,27.701323666779956,931.2792717029093
08558,POLONUEVO,2020,27.662896728515648,1316.4041581715044
08558,POLONUEVO,2021,26.89722370427154,1063.356527929306
08558,POLONUEVO,2022,26.57406706974166,1744.9166674586293
11001,"BOGOTÁ, D.C.",2001,14.849282922158693,961.4198507443186
11001,"BOGOTÁ, D.C.",2002,15.127688365630775,1103.4994048275166
11001,"BOGOTÁ, D.C.",2003,15.040784361997396,1022.9416509206907
11001,"BOGOTÁ, D.C.",2004,14.880671529929714,1171.8968175337707
11001,"BOGOTÁ, D.C.",2005,15.048483998105098,1083.1495380872757
11001,"BOGOTÁ, D.C.",2006,14.98102503373417,1213.7411377154751
11001,"BOGOTÁ, D.C.",2007,14.804463568035715,1102.509189946987
11001,"BOGOTÁ, D.C.",2008,14.507983591658729,1286.7832579827952
11001,"BOGOTÁ, D.C.",2009,15.222538476016894,1014.828402576782
11001,"BOGOTÁ, D.C.",2010,15.279806217356963,1532.6900297419313
11001,"BOGOTÁ, D.C.",2011,15.025328430516822,1512.3323043994646
11001,"BOGOTÁ, D.C.",2012,15.24545251714892,1111.998176400358
11001,"BOGOTÁ, D.C.",2013,15.346059765806842,1187.2092001149347
11001,"BOGOTÁ, D.C.",2014,15.41015298797214,1225.6421200043508
11001,"BOGOTÁ, D.C.",2015,15.964331236542762,807.3670346049097
11001,"BOGOTÁ, D.C.",2016,15.831054380619321,1038.7859567392736
11001,"BOGOTÁ, D.C.",2017,15.302630637966274,1160.8631404015205
11001,"BOGOTÁ, D.C.",2018,15.196851938485679,1143.2152877176718
11001,"BOGOTÁ, D.C.",2019,15.519123303290883,1104.4177690989259
11001,"BOGOTÁ, D.C.",2020,15.705381857305497,1277.5762622601333
11001,"BOGOTÁ, D.C.",2021,11.540446832669431,1344.238320601437
11001,"BOGOTÁ, D.C.",2022,11.254865064385626,1538.8964342660533
13001,CARTAGENA DE INDIAS,2001,26.873247921105644,814.3256645338182
13001,CARTAGENA DE INDIAS,2002,27.266040748056753,696.8226280176283
13001,CARTAGENA DE INDIAS,2003,27.247513187292896,1205.6759514485548
13001,CARTAGENA DE INDIAS,2004,27.08890470254306,1221.5574855171685
13001,CARTAGENA DE INDIAS,2005,27.2669461028745,1166.1774485815854
13001,CARTAGENA DE INDIAS,2006,27.198958333333337,1107.7911638191304
13001,CARTAGENA DE INDIAS,2007,26.996757029523792,1363.098776917866
13001,CARTAGENA DE INDIAS,2008,26.807497799035332,1140.748633402031
13001,CARTAGENA DE INDIAS,2009,27.19254717586017,727.2391937828748
13001,CARTAGENA DE INDIAS,2010,27.180436475349268,1939.675996368654
13001,CARTAGENA DE INDIAS,2011,26.904329920296732,1663.2002371513872
13001,CARTAGENA DE INDIAS,2012,27.176038707386397,1093.8851335934817
13001,CARTAGENA DE INDIAS,2013,27.197537878787955,1068.9474685393407
13001,CARTAGENA DE INDIAS,2014,27.333053650518877,805.327895656056
13001,CARTAGENA DE INDIAS,2015,27.600617595634105,471.92943871285325
13001,CARTAGENA DE INDIAS,2016,27.523148877693018,1109.0327217475892
13001,CARTAGENA DE INDIAS,2017,27.512015047940395,995.8254776685915
13001,CARTAGENA DE INDIAS,2018,27.321604780717394,888.0146947110136
13001,CARTAGENA DE INDIAS,2019,27.511227293688876,842.1318610825741
13001,CARTAGENA DE INDIAS,2020,27.41090907857881,1094.1316220015974
13001,CARTAGENA DE INDIAS,2021,27.42089625582406,947.9760392970328
13001,CARTAGENA DE INDIAS,2022,27.096795056526446,1431.537348823729
13042,ARENAL,2001,25.956484222412143,2200.6057070763845
13042,ARENAL,2002,26.660295677185104,2157.703093564695
13042,ARENAL,2003,26.508534049987816,2461.0533343563407
13042,ARENAL,2004,26.37304306030279,2147.995797756183
13042,ARENAL,2005,26.430645751953136,2613.262870739319
13042,ARENAL,2006,26.166532135009845,2622.112960711469
13042,ARENAL,2007,26.192619514465378,2424.154008365385
13042,ARENAL,2008,25.83327445983889,2325.7790922847216
13042,ARENAL,2009,26.576034164428734,2134.2660151306663
13042,ARENAL,2010,26.507495307922397,3029.0318286959823
13042,ARENAL,2011,26.075262832641613,2627.04288779337
13042,ARENAL,2012,26.78376636505135,2482.638571961967
13042,ARENAL,2013,26.850109481811558,2455.431811283402
13042,ARENAL,2014,27.146993637085018,2341.6741611340244
13042,ARENAL,2015,27.55483913421631,2195.945654803992
13042,ARENAL,2016,27.547237777709995,2225.8290018402017
13042,ARENAL,2017,27.162585830688556,2279.375226549122
13042,ARENAL,2018,26.95546245574951,2119.604571858368
13042,ARENAL,2019,27.311867713928223,1959.900283953324
13042,ARENAL,2020,27.882260131836006,2218.8163005618153
13042,ARENAL,2021,25.186689370787064,2148.2092280543125
13042,ARENAL,2022,24.672990897186423,3080.572294267574
13062,ARROYOHONDO,2001,27.325585937499966,1081.6322272672965
13062,ARROYOHONDO,2002,28.137503923688655,1093.0829096760042
13062,ARROYOHONDO,2003,27.97189538138258,1328.44359720082
13062,ARROYOHONDO,2004,27.863151986258345,1292.6987964215489
13062,ARROYOHONDO,2005,27.86804024832594,1314.1325901821147
13062,ARROYOHONDO,2006,27.810489000592952,1363.7880420786032
13062,ARROYOHONDO,2007,27.71783817836217,1327.370233025883
13062,ARROYOHONDO,2008,27.484811401367267,1366.4013772060111
13062,ARROYOHONDO,2009,28.20523877825059,1110.1339972098783
13062,ARROYOHONDO,2010,28.095596204485275,1643.3330120920311
13062,ARROYOHONDO,2011,27.54047600882393,1607.199593650585
13062,ARROYOHONDO,2012,28.125158473423596,1150.5936583994262
13062,ARROYOHONDO,2013,28.203994641985275,1354.1006399804864
13062,ARROYOHONDO,2014,28.50151923043387,1163.9588579781168
13062,ARROYOHONDO,2015,28.89649407523018,835.133730693938
13062,ARROYOHONDO,2016,28.629294695172973,1419.9539584632969
13062,ARROYOHONDO,2017,28.320528738839357,1327.006700340999
13062,ARROYOHONDO,2018,28.282552882603284,1231.9487308831444
13062,ARROYOHONDO,2019,28.797034018380373,1100.949030675459
13062,ARROYOHONDO,2020,29.266617257254495,1206.5820020015335
13062,ARROYOHONDO,2021,27.757468898391153,1224.5488187858432
13062,ARROYOHONDO,2022,27.257755775693226,1731.469436132207
13222,CLEMENCIA,2001,26.75066833496095,859.7444806997672
13222,CLEMENCIA,2002,27.075344848632824,733.4443781250402
13222,CLEMENCIA,2003,27.07288513183596,1259.8519605588947
13222,CLEMENCIA,2004,26.89413248697923,1237.1611386559596
13222,CLEMENCIA,2005,27.129751586914097,1214.6488034204601
13222,CLEMENCIA,2006,27.051865641276095,1181.6257136815134
13222,CLEMENCIA,2007,26.832802327473985,1354.066476492463
13222,CLEMENCIA,2008,26.641831461588538,1226.1305950238138
13222,CLEMENCIA,2009,26.9694864908854,818.1408992272352
13222,CLEMENCIA,2010,26.997776285807277,1852.827628668382
13222,CLEMENCIA,2011,26.7552480061849,1625.7262286453547
13222,CLEMENCIA,2012,26.989494832356797,1154.4098078219556
13222,CLEMENCIA,2013,27.001201375325536,1111.916794783445
13222,CLEMENCIA,2014,27.121447753906295,873.2494191952145
13222,CLEMENCIA,2015,27.32431742350269,514.8660751045344
13222,CLEMENCIA,2016,27.327863566080794,1107.8369784549325
13222,CLEMENCIA,2017,27.353859456380235,1080.0716417599415
13222,CLEMENCIA,2018,27.135825602213572,964.1536676410183
13222,CLEMENCIA,2019,27.27311909993489,840.7400947575844
13222,CLEMENCIA,2020,27.041963704427133,1216.7970189096602
13222,CLEMENCIA,2021,27.266918811851383,994.2180471886188
13222,CLEMENCIA,2022,26.91348751084479,1502.2753172670155
13268,EL PEÑÓN,2001,27.83522977216535,1622.9337949119456
13268,EL PEÑÓN,2002,28.63452042045941,1415.7339921081175
13268,EL PEÑÓN,2003,28.37327763268712,1895.0190895523046
13268,EL PEÑÓN,2004,28.320959864625195,1854.3777581005847
13268,EL PEÑÓN,2005,28.30098149010894,2342.218186252702
13268,EL PEÑÓN,2006,28.13945110915995,2153.6120811740593
13268,EL PEÑÓN,2007,28.176144437177527,2282.520107604977
13268,EL PEÑÓN,2008,27.840324807823265,2210.6841477277226
13268,EL PEÑÓN,2009,28.52988236453558,1639.9324959776573
13268,EL PEÑÓN,2010,28.380612210615027,3250.6563022571886
13268,EL PEÑÓN,2011,28.02418369678179,2647.569211699438
13268,EL PEÑÓN,2012,28.806534009461018,2201.110042706825
13268,EL PEÑÓN,2013,28.82180091787916,2066.55034896861
13268,EL PEÑÓN,2014,29.108519723874736,2022.2362218461656
13268,EL PEÑÓN,2015,29.41468102691374,1609.0706083199075
13268,EL PEÑÓN,2016,29.359695910532537,2034.969828007193
13268,EL PEÑÓN,2017,29.109951810224345,2066.729190601849
13268,EL PEÑÓN,2018,28.91047296086583,1851.1973309248538
13268,EL PEÑÓN,2019,29.257934626308042,1734.4044058847467
13268,EL PEÑÓN,2020,29.697924748692003,2061.9083363154778
13268,EL PEÑÓN,2021,27.436023599789507,1725.929085288895
13268,EL PEÑÓN,2022,26.90208326290076,3029.1070145242134
13468,SANTA CRUZ DE MOMPOX,2001,27.875684009898805,1324.7718669174467
13468,SANTA CRUZ DE MOMPOX,2002,28.62084489302208,1362.6788864384794
13468,SANTA CRUZ DE MOMPOX,2003,28.393918124112247,1783.817641919272
13468,SANTA CRUZ DE MOMPOX,2004,28.390966103293636,1690.5868600846816
13468,SANTA CRUZ DE MOMPOX,2005,28.4453155517578,1811.4685128219842
13468,SANTA CRUZ DE MOMPOX,2006,28.195796758478366,2048.768734799848
13468,SANTA CRUZ DE MOMPOX,2007,28.16661057905725,2229.521690328691
13468,SANTA CRUZ DE MOMPOX,2008,27.877165222168003,2190.843878886122
13468,SANTA CRUZ DE MOMPOX,2009,28.641991355202435,1319.7730059399291
13468,SANTA CRUZ DE MOMPOX,2010,28.49063096479938,2783.2689032744734
13468,SANTA CRUZ DE MOMPOX,2011,28.051325156471933,2762.574472526934
13468,SANTA CRUZ DE MOMPOX,2012,28.693766091086673,1974.342704082228
13468,SANTA CRUZ DE MOMPOX,2013,28.79813579212538,1713.434356366056
13468,SANTA CRUZ DE MOMPOX,2014,29.10152033025571,1548.0897382431872
13468,SANTA CRUZ DE MOMPOX,2015,29.525524486195025,1209.7571077547918
13468,SANTA CRUZ DE MOMPOX,2016,29.36085468639027,1570.3708046982717
13468,SANTA CRUZ DE MOMPOX,2017,29.08961750377307,1901.320517825418
13468,SANTA CRUZ DE MOMPOX,2018,28.88397036465733,1632.270071914658
13468,SANTA CRUZ DE MOMPOX,2019,29.345307367498265,1406.3739889978472
13468,SANTA CRUZ DE MOMPOX,2020,29.80203871293503,1621.6116518843257
13468,SANTA CRUZ DE MOMPOX,2021,27.821030832518716,1526.8150086208968
13468,SANTA CRUZ DE MOMPOX,2022,27.373922324376224,2508.560578787671
13490,NOROSÍ,2001,26.43104654947922,2087.2516686059625
13490,NOROSÍ,2002,27.087158881293476,1870.7864670853683
13490,NOROSÍ,2003,26.92281765407995,2297.404248120319
13490,NOROSÍ,2004,26.86917679398158,2185.843964350994
13490,NOROSÍ,2005,26.93971105504926,2643.289321903251
13490,NOROSÍ,2006,26.682621482566674,2621.773011246838
13490,NOROSÍ,2007,26.706938566985002,2449.1924715790947
13490,NOROSÍ,2008,26.40816333912045,2217.6081499541806
13490,NOROSÍ,2009,27.073632812500136,1960.5922141486208
13490,NOROSÍ,2010,27.01914333767371,3101.7765099703583
13490,NOROSÍ,2011,26.577338324652885,2581.2551133900197
13490,NOROSÍ,2012,27.246576605902874,2407.352039623398
13490,NOROSÍ,2013,27.340691912615796,2212.69663725927
13490,NOROSÍ,2014,27.620910870587466,2233.56182644381
13490,NOROSÍ,2015,28.058188657407527,2011.543728402977
13490,NOROSÍ,2016,27.95369646990747,2192.1121335728412
13490,NOROSÍ,2017,27.59084834346072,2341.0509790851124
13490,NOROSÍ,2018,27.36696890371826,2103.876056036833
13490,NOROSÍ,2019,27.79110966435195,1997.4896762345204
13490,NOROSÍ,2020,28.33963984736704,2320.058073630193
13490,NOROSÍ,2021,26.525323895990084,2052.4220554473077
13490,NOROSÍ,2022,26.01983074261352,3301.949260523608
13580,REGIDOR,2001,27.630822753906216,1488.6267808117775
13580,REGIDOR,2002,28.47732249292835,1318.5234936944437
13580,REGIDOR,2003,28.24791343952046,1788.7905298708317
13580,REGIDOR,2004,28.1350352320178,1736.0276281399524
13580,REGIDOR,2005,28.10594882307379,2248.1409652483194
13580,REGIDOR,2006,27.92288229054418,1974.7755288595483
13580,REGIDOR,2007,27.967405332368003,2013.0942529165784
13580,REGIDOR,2008,27.60905530206088,1807.036202824155
13580,REGIDOR,2009,28.330162521888496,1442.507998905819
13580,REGIDOR,2010,28.177678811961187,2749.0994174694006
13580,REGIDOR,2011,27.822351074218716,2187.2339159153958
13580,REGIDOR,2012,28.649708925444486,2024.1476633148395
13580,REGIDOR,2013,28.631899287782858,1762.4194331678582
13580,REGIDOR,2014,28.926891668911594,1742.982627640873
13580,REGIDOR,2015,29.213771635910575,1520.7171613872633
13580,REGIDOR,2016,29.222951112944543,1758.2041313308846
13580,REGIDOR,2017,28.955399296201563,1853.6813578892215
13580,REGIDOR,2018,28.74345682078399,1635.886687403914
13580,REGIDOR,2019,29.037850425983322,1599.5054341397376
13580,REGIDOR,2020,29.52322093042835,1893.5793047185155
13580,REGIDOR,2021,26.749195976787576,1608.2891137326578
13580,REGIDOR,2022,26.24388567232802,2757.527971353594
13620,SAN CRISTÓBAL,2001,27.210107421875023,920.9263429536636
13620,SAN CRISTÓBAL,2002,28.007592773437523,877.7202917431013
13620,SAN CRISTÓBAL,2003,27.853692626953148,1189.5120570318102
13620,SAN CRISTÓBAL,2004,27.753717041015648,1073.101432223622
13620,SAN CRISTÓBAL,2005,27.786309814453148,1148.7282291939766
13620,SAN CRISTÓBAL,2006,27.728845214843773,1176.799500829589
13620,SAN CRISTÓBAL,2007,27.607751464843773,1242.0449120873593
13620,SAN CRISTÓBAL,2008,27.440789794921898,1223.3637249400795
13620,SAN CRISTÓBAL,2009,28.102441406250023,916.4577455835895
13620,SAN CRISTÓBAL,2010,27.985711669921898,1461.6417508370787
13620,SAN CRISTÓBAL,2011,27.527459716796898,1467.5417847459312
13620,SAN CRISTÓBAL,2012,28.007501220703148,1027.8718393008244
13620,SAN CRISTÓBAL,2013,28.075524902343773,1249.6381578952814
13620,SAN CRISTÓBAL,2014,28.313256835937523,1016.2385729705665
13620,SAN CRISTÓBAL,2015,28.707604980468773,698.2217878453826
13620,SAN CRISTÓBAL,2016,28.415185546875023,1250.2069564895198
13620,SAN CRISTÓBAL,2017,28.160485839843773,1132.8639635527431
13620,SAN CRISTÓBAL,2018,28.128747558593773,1057.5725888712448
13620,SAN CRISTÓBAL,2019,28.613183593750023,953.44534947951
13620,SAN CRISTÓBAL,2020,29.022302246093773,1122.517074612172
13620,SAN CRISTÓBAL,2021,27.58428265735114,1068.1672074313665
13620,SAN CRISTÓBAL,2022,27.127225057081603,1502.6909383885136
13655,SAN JACINTO DEL CAUCA,2001,27.01014139065569,3713.4690128284697
13655,SAN JACINTO DEL CAUCA,2002,27.57257731971947,3431.7832180487817
13655,SAN JACINTO DEL CAUCA,2003,27.559046528601584,4172.283735296312
13655,SAN JACINTO DEL CAUCA,2004,27.454772597707404,3568.4114160687855
13655,SAN JACINTO DEL CAUCA,2005,27.67603398667586,4032.6813054191375
13655,SAN JACINTO DEL CAUCA,2006,27.310464876983815,3807.2351447052306
13655,SAN JACINTO DEL CAUCA,2007,27.368009685096922,3619.991861868189
13655,SAN JACINTO DEL CAUCA,2008,27.015461675034828,4005.5253501807206
13655,SAN JACINTO DEL CAUCA,2009,27.693078453503404,3876.2489964603665
13655,SAN JACINTO DEL CAUCA,2010,27.735183923531622,5053.421010324952
13655,SAN JACINTO DEL CAUCA,2011,27.312624435025384,4467.062955075056
13655,SAN JACINTO DEL CAUCA,2012,27.8506365551375,4294.482849403051
13655,SAN JACINTO DEL CAUCA,2013,27.928489453380678,4268.143222459918
13655,SAN JACINTO DEL CAUCA,2014,28.193535258507893,3807.770562850759
13655,SAN JACINTO DEL CAUCA,2015,28.670548172396536,2644.345207471491
13655,SAN JACINTO DEL CAUCA,2016,28.689350994968947,3127.6496717240716
13655,SAN JACINTO DEL CAUCA,2017,28.295340301353974,3275.178831124436
13655,SAN JACINTO DEL CAUCA,2018,28.001182324474428,3027.116963113512
13655,SAN JACINTO DEL CAUCA,2019,28.509704877443994,2949.764927762144
13655,SAN JACINTO DEL CAUCA,2020,29.078671088892804,2994.777110455319
13655,SAN JACINTO DEL CAUCA,2021,26.393151129584396,3049.5398072596863
13655,SAN JACINTO DEL CAUCA,2022,26.0252569937453,4242.762664418101
15332,GÜICÁN DE LA SIERRA,2001,11.005493315702665,1281.8650914178118
15332,GÜICÁN DE LA SIERRA,2002,11.164007302989148,1378.3860552905935
15332,GÜICÁN DE LA SIERRA,2003,11.345548414147459,1599.279293866719
15332,GÜICÁN DE LA SIERRA,2004,11.315918120390165,1604.9784915976168
15332,GÜICÁN DE LA SIERRA,2005,11.639195658997778,1576.633620586518
15332,GÜICÁN DE LA SIERRA,2006,11.32615146044617,1681.9294788129284
15332,GÜICÁN DE LA SIERRA,2007,11.155000636888587,1430.8324174769627
15332,GÜICÁN DE LA SIERRA,2008,11.047339170467808,1664.5522375235475
15332,GÜICÁN DE LA SIERRA,2009,11.36570897072744,1357.5660863827648
15332,GÜICÁN DE LA SIERRA,2010,11.88094965774826,2038.0487703947488
15332,GÜICÁN DE LA SIERRA,2011,11.365137950826181,1868.1583689773242
15332,GÜICÁN DE LA SIERRA,2012,11.222472158870346,1617.5220431745342
15332,GÜICÁN DE LA SIERRA,2013,11.62817805509394,1285.7350311286068
15332,GÜICÁN DE LA SIERRA,2014,11.499398045510304,1177.8984332504494
15332,GÜICÁN DE LA SIERRA,2015,11.549130703943888,1164.1436852634154
15332,GÜICÁN DE LA SIERRA,2016,12.061946001704428,1483.9667915948955
15332,GÜICÁN DE LA SIERRA,2017,11.42129219007785,1781.612181024204
15332,GÜICÁN DE LA SIERRA,2018,11.08682408303207,1708.3916231071387
15332,GÜICÁN DE LA SIERRA,2019,11.50380774077422,1451.4009461278224
15332,GÜICÁN DE LA SIERRA,2020,11.73001369689564,1574.2462699307496
15332,GÜICÁN DE LA SIERRA,2021,8.948432419976996,1373.240073249289
15332,GÜICÁN DE LA SIERRA,2022,8.737058943782586,2016.591769237571
15550,PISBA,2001,12.665223894621192,1781.6499522975987
15550,PISBA,2002,12.80221107884455,1652.7654786279345
15550,PISBA,2003,12.847480492842806,1967.2688135753326
15550,PISBA,2004,12.876611528898536,2160.68563168179
15550,PISBA,2005,13.182927302310304,2163.0822183684386
15550,PISBA,2006,12.891414562024522,2096.8443164426435
15550,PISBA,2007,12.764467460230776,1911.3447835942006
15550,PISBA,2008,12.820779820492362,2113.660150679022
15550,PISBA,2009,12.911861941688983,1909.973505150523
15550,PISBA,2010,13.602304077148403,2536.386191356226
15550,PISBA,2011,13.129819287751843,2494.6262782026392
15550,PISBA,2012,12.842845836438585,2249.9736619225855
15550,PISBA,2013,13.111604108308484,1575.0477234391549
15550,PISBA,2014,12.984122948897493,1188.777757211829
15550,PISBA,2015,13.035312773051942,1343.9224718228427
15550,PISBA,2016,13.551232910156273,1889.9336103995845
15550,PISBA,2017,13.213675167686063,1771.9570794898618
15550,PISBA,2018,12.856624121414939,1720.7959232686678
15550,PISBA,2019,13.157526437859758,1634.0081295206583
15550,PISBA,2020,13.49593746787616,1726.8360055388894
15550,PISBA,2021,13.814663704321163,1533.3780174076435
15550,PISBA,2022,13.621321656613759,2077.56522743387
15806,TIBASOSA,2001,13.846135096396154,646.9522813949354
15806,TIBASOSA,2002,14.086574234501029,680.4919414032174
15806,TIBASOSA,2003,13.991946115801397,803.3633728087406
15806,TIBASOSA,2004,13.85684085969001,820.073546845466
15806,TIBASOSA,2005,14.178704833984455,783.6289031897882
15806,TIBASOSA,2006,13.699129953692022,932.7859093296742
15806,TIBASOSA,2007,13.649126409715223,767.0329486116464
15806,TIBASOSA,2008,13.429828077747004,843.8119669544456
15806,TIBASOSA,2009,13.99495455834176,712.1164415346423
15806,TIBASOSA,2010,14.214522626323117,1060.6565336318956
15806,TIBASOSA,2011,13.502110438193085,1167.1357296256692
15806,TIBASOSA,2012,13.611365336756535,831.1913897822403
15806,TIBASOSA,2013,14.211100719821104,768.7844443744696
15806,TIBASOSA,2014,14.218977208291392,713.0042948110068
15806,TIBASOSA,2015,14.344781494140648,866.4951924566105
15806,TIBASOSA,2016,14.597009277343773,933.1902721858754
15806,TIBASOSA,2017,13.97865128055696,986.4368911853862
15806,TIBASOSA,2018,13.70245144751766,940.5111732619057
15806,TIBASOSA,2019,13.998707236013104,871.5007482620184
15806,TIBASOSA,2020,14.563617140247004,843.1025127337448
15806,TIBASOSA,2021,13.05337423301495,829.1806593938751
15806,TIBASOSA,2022,12.765578032930875,1268.8589455258787
15839,TUTAZÁ,2001,14.384210205078148,960.7959831705922
15839,TUTAZÁ,2002,14.673059082031273,1010.8066695657913
15839,TUTAZÁ,2003,14.588250732421898,1158.565598653782
15839,TUTAZÁ,2004,14.544519042968773,1102.8139995182373
15839,TUTAZÁ,2005,14.693261718750023,1175.0855274278108
15839,TUTAZÁ,2006,14.480889892578148,1276.2442271882433
15839,TUTAZÁ,2007,14.411065673828148,1090.5516017347074
15839,TUTAZÁ,2008,14.248162841796898,1171.5773899978853
15839,TUTAZÁ,2009,14.667016601562523,1046.5642299133133
15839,TUTAZÁ,2010,15.149194335937523,1428.3716299325554
15839,TUTAZÁ,2011,14.646752929687523,1453.2474776234585
15839,TUTAZÁ,2012,14.560479736328148,1009.0796902753996
15839,TUTAZÁ,2013,14.977960205078148,1097.6112620213896
15839,TUTAZÁ,2014,14.952966308593773,1061.0622412102832
15839,TUTAZÁ,2015,15.144433593750023,1340.2446219222095
15839,TUTAZÁ,2016,15.377496337890648,1427.1134505690852
15839,TUTAZÁ,2017,14.919854736328148,1568.8526639895988
15839,TUTAZÁ,2018,14.742211914062523,1474.6012385629363
15839,TUTAZÁ,2019,15.124261474609398,1288.4836743876765
15839,TUTAZÁ,2020,15.366113281250023,1196.2308704297025
15839,TUTAZÁ,2021,9.5720786901623,1169.5426193952328
15839,TUTAZÁ,2022,9.380990234661397,1636.545252335154
17495,NORCASIA,2001,22.925531005859398,3451.1834482849604
17495,NORCASIA,2002,23.204644775390648,3357.9241812905316
17495,NORCASIA,2003,23.410119628906273,3450.3868538068723
17495,NORCASIA,2004,22.814874267578148,3416.5087784089114
17495,NORCASIA,2005,23.193719482421898,3621.2290547764496
17495,NORCASIA,2006,22.792047119140648,3897.2543411418246
17495,NORCASIA,2007,22.818475341796898,4042.7349461994477
17495,NORCASIA,2008,22.371667480468773,4346.046622180308
17495,NORCASIA,2009,23.242181396484398,3827.105883837819
17495,NORCASIA,2010,23.281549072265648,3858.4468588812647
17495,NORCASIA,2011,22.807855224609398,4414.383366531797
17495,NORCASIA,2012,23.653039550781273,3567.8586764734896
17495,NORCASIA,2013,23.583673095703148,3871.152923340079
17495,NORCASIA,2014,23.688348388671898,3833.7909474196267
17495,NORCASIA,2015,24.606195068359398,2866.8160732105935
17495,NORCASIA,2016,24.749627685546898,3347.7625842004863
17495,NORCASIA,2017,23.897729492187523,4075.1080621392643
17495,NORCASIA,2018,24.048455810546898,3894.676084077379
17495,NORCASIA,2019,24.428552246093773,3541.567838467524
17495,NORCASIA,2020,24.784326171875023,3045.2026089862975
17495,NORCASIA,2021,23.66108866181662,3376.635597570738
17495,NORCASIA,2022,23.290373237864856,4747.01673052475
17665,SAN JOSÉ,2001,18.856866455078148,2065.0800012124037
17665,SAN JOSÉ,2002,19.177026367187523,1930.0377364348983
17665,SAN JOSÉ,2003,19.100518798828148,2068.7271075886406
17665,SAN JOSÉ,2004,19.071923828125023,2100.7402396173534
17665,SAN JOSÉ,2005,19.397821044921898,2461.0267945930154
17665,SAN JOSÉ,2006,19.201440429687523,2433.82164991354
17665,SAN JOSÉ,2007,19.081506347656273,2351.711116161651
17665,SAN JOSÉ,2008,18.796380615234398,2795.7260708342533
17665,SAN JOSÉ,2009,19.588952636718773,2166.9970953374086
17665,SAN JOSÉ,2010,19.688653564453148,2812.6928074531215
17665,SAN JOSÉ,2011,19.363305664062523,2884.1830255999535
17665,SAN JOSÉ,2012,19.559777832031273,2005.719205533197
17665,SAN JOSÉ,2013,19.666345214843773,2245.4693847578205
17665,SAN JOSÉ,2014,19.749719238281273,1926.349173290287
17665,SAN JOSÉ,2015,20.124688720703148,1849.694512372245
17665,SAN JOSÉ,2016,20.097741699218773,1821.326211809874
17665,SAN JOSÉ,2017,19.841790771484398,2228.4645208244074
17665,SAN JOSÉ,2018,19.718743896484398,2105.2919588233835
17665,SAN JOSÉ,2019,20.013360595703148,2042.8879805032366
17665,SAN JOSÉ,2020,20.302545166015648,1992.4472123461808
17665,SAN JOSÉ,2021,17.81095227833083,2069.423687479929
17665,SAN JOSÉ,2022,17.550610047834653,2640.2142118536785
18610,SAN JOSÉ DEL FRAGUA,2001,18.25134331032092,3692.5804055556464
18610,SAN JOSÉ DEL FRAGUA,2002,18.39174804687508,3710.4198397091063
18610,SAN JOSÉ DEL FRAGUA,2003,18.333030743069173,3449.789703857661
18610,SAN JOSÉ DEL FRAGUA,2004,18.724178285952007,3634.3457717124447
18610,SAN JOSÉ DEL FRAGUA,2005,19.10056775410976,4086.2544983390435
18610,SAN JOSÉ DEL FRAGUA,2006,18.91268946329751,3630.7472379485284
18610,SAN JOSÉ DEL FRAGUA,2007,18.93479521009658,3788.1306529421563
18610,SAN JOSÉ DEL FRAGUA,2008,19.01977811742711,3648.2279071731514
18610,SAN JOSÉ DEL FRAGUA,2009,19.132500443635195,3822.7111538424397
18610,SAN JOSÉ DEL FRAGUA,2010,19.398001607259175,3566.238026217984
18610,SAN JOSÉ DEL FRAGUA,2011,19.17406891716854,3649.241162467965
18610,SAN JOSÉ DEL FRAGUA,2012,18.785439780906415,3725.5052461515006
18610,SAN JOSÉ DEL FRAGUA,2013,18.818057279233642,3718.394112690431
18610,SAN JOSÉ DEL FRAGUA,2014,18.911754862467433,3716.5836029278257
18610,SAN JOSÉ DEL FRAGUA,2015,19.048997214988447,2747.465179191034
18610,SAN JOSÉ DEL FRAGUA,2016,19.320709906684044,3021.810118523305
18610,SAN JOSÉ DEL FRAGUA,2017,19.32433344523116,3731.597524583273
18610,SAN JOSÉ DEL FRAGUA,2018,19.13791335777006,3058.189766496612
18610,SAN JOSÉ DEL FRAGUA,2019,19.256577004326743,3808.363584841571
18610,SAN JOSÉ DEL FRAGUA,2020,19.839237326162902,3252.8345530431557
18610,SAN JOSÉ DEL FRAGUA,2021,19.386607289829158,3482.0922778709746
18610,SAN JOSÉ DEL FRAGUA,2022,19.379167506745432,3672.4697090981767
18785,SOLITA,2001,24.788593343099024,3783.714086298634
18785,SOLITA,2002,24.953192952474012,3454.612292085969
18785,SOLITA,2003,24.78430094401051,3328.329253967779
18785,SOLITA,2004,25.33733194986985,3364.46052427088
18785,SOLITA,2005,25.70503906250002,3372.466228962366
18785,SOLITA,2006,25.50463175455735,3435.554325003232
18785,SOLITA,2007,25.571060791015668,3297.8813417947445
18785,SOLITA,2008,25.613826497395905,3351.9616828096155
18785,SOLITA,2009,25.604542643229195,3163.883403533028
18785,SOLITA,2010,25.899685872395878,3090.17726604425
18785,SOLITA,2011,25.663315429687543,3030.7610222336853
18785,SOLITA,2012,25.356737874348994,3226.946837886037
18785,SOLITA,2013,25.304781087239633,3429.3020810397493
18785,SOLITA,2014,25.40343098958334,3540.4415456544757
18785,SOLITA,2015,25.556661783854224,2912.8240623302963
18785,SOLITA,2016,25.797075195312573,3061.1358730806855
18785,SOLITA,2017,25.90372884114595,3635.8719039674465
18785,SOLITA,2018,25.636383870442785,3181.6460227383645
18785,SOLITA,2019,25.633194986979277,3997.1406426822086
18785,SOLITA,2020,26.424969482421886,3200.930610579261
18785,SOLITA,2021,25.053821136994372,3523.59385440986
18785,SOLITA,2022,25.220016717616318,3522.9890423362694
19300,GUACHENÉ,2001,21.966516113281273,1442.9135086611095
19300,GUACHENÉ,2002,22.202294921875023,1549.595177989408
19300,GUACHENÉ,2003,21.922814941406273,1494.890266989369
19300,GUACHENÉ,2004,22.082971191406273,1418.349148927252
19300,GUACHENÉ,2005,22.278863525390648,1524.5375686961486
19300,GUACHENÉ,2006,22.181817626953148,1789.1979976085292
19300,GUACHENÉ,2007,22.095880126953148,1633.6934442660893
19300,GUACHENÉ,2008,21.798730468750023,2015.4228326346501
19300,GUACHENÉ,2009,22.530084228515648,1604.0632283288314
19300,GUACHENÉ,2010,22.395593261718773,1974.165915808333
19300,GUACHENÉ,2011,22.216271972656273,2205.381145221354
19300,GUACHENÉ,2012,22.453210449218773,1557.4501735046686
19300,GUACHENÉ,2013,22.607781982421898,1797.8856349998207
19300,GUACHENÉ,2014,22.704553222656273,1637.3969163127695
19300,GUACHENÉ,2015,23.114007568359398,1130.2985704299913
19300,GUACHENÉ,2016,22.937860107421898,1678.3854940112815
19300,GUACHENÉ,2017,22.682458496093773,1845.303631835673
19300,GUACHENÉ,2018,22.606927490234398,1768.1151410217024
19300,GUACHENÉ,2019,22.964837646484398,1828.748925097448
19300,GUACHENÉ,2020,23.098992919921898,1622.3651554190608
19300,GUACHENÉ,2021,20.454229726556832,1832.817010681026
19300,GUACHENÉ,2022,20.311492176309287,2239.6108676835715
19532,PATÍA,2001,18.531102859071552,2011.522066199634
19532,PATÍA,2002,18.734336190394686,1836.0949779091914
19532,PATÍA,2003,18.50877238117846,1847.9383353487294
19532,PATÍA,2004,18.91032838859411,2084.988275686492
19532,PATÍA,2005,19.051919373288058,2238.996732715997
19532,PATÍA,2006,19.03015742206952,2210.4594408196594
19532,PATÍA,2007,18.837668831509916,2234.1363996243817
19532,PATÍA,2008,18.486771274277885,2589.103170979994
19532,PATÍA,2009,19.152153325175902,1971.8422614943343
19532,PATÍA,2010,19.037294158327597,2450.4259838133567
19532,PATÍA,2011,18.844428171104653,2724.0304434081813
19532,PATÍA,2012,19.090423924419497,1953.905181811001
19532,PATÍA,2013,19.007226562500023,2167.40147156196
19532,PATÍA,2014,19.184180003618337,2257.3680483213257
19532,PATÍA,2015,19.703046189266388,2005.3998622383667
19532,PATÍA,2016,19.567713739767555,2032.6901398683137
19532,PATÍA,2017,19.357348413961347,2393.41517489173
19532,PATÍA,2018,19.3810980200293,1853.7988121070384
19532,PATÍA,2019,19.76954314091296,1998.1705942574451
19532,PATÍA,2020,19.8694137998786,1863.0003270921127
19532,PATÍA,2021,19.75314926019564,2512.1687569041105
19532,PATÍA,2022,19.42482110030943,3101.8558076197774
19533,PIAMONTE,2001,19.199345526838215,4218.656599772396
19533,PIAMONTE,2002,19.338973674722183,4314.05377487308
19533,PIAMONTE,2003,19.259023773442834,3963.2802998443217
19533,PIAMONTE,2004,19.692645962166864,4203.332109387592
19533,PIAMONTE,2005,20.053209401476295,4757.487960045872
19533,PIAMONTE,2006,19.913776749031456,4525.559971944187
19533,PIAMONTE,2007,19.965693469138557,4444.484830668577
19533,PIAMONTE,2008,20.051222515885797,4282.670163091116
19533,PIAMONTE,2009,20.07889497429545,4627.1960967268105
19533,PIAMONTE,2010,20.434377112115783,4004.2253255370765
19533,PIAMONTE,2011,20.169660072430702,4192.262056147008
19533,PIAMONTE,2012,19.743894621721722,4358.323533072178
19533,PIAMONTE,2013,19.753654259621953,4448.977640000344
19533,PIAMONTE,2014,19.88235337259988,4184.507360951365
19533,PIAMONTE,2015,20.063252678229333,2620.6162205543237
19533,PIAMONTE,2016,20.27711304708788,3158.4051486460007
19533,PIAMONTE,2017,20.319119786566546,4006.467757771715
19533,PIAMONTE,2018,20.0839899130674,3140.134520361574
19533,PIAMONTE,2019,20.207304960245665,4063.3492843739464
19533,PIAMONTE,2020,20.745312067598377,3628.733324465075
19533,PIAMONTE,2021,20.3160342002829,3917.1906778770403
19533,PIAMONTE,2022,20.400719440092473,3984.3178335342277
19548,PIENDAMÓ - TUNÍA,2001,17.811982727050804,2053.734381245412
19548,PIENDAMÓ - TUNÍA,2002,18.042344665527366,1917.9098461685078
19548,PIENDAMÓ - TUNÍA,2003,17.851045227050804,2021.7087410235952
19548,PIENDAMÓ - TUNÍA,2004,18.12182769775393,1917.1109719978367
19548,PIENDAMÓ - TUNÍA,2005,18.356896972656273,2097.9654983872524
19548,PIENDAMÓ - TUNÍA,2006,18.22327575683596,2213.144627571427
19548,PIENDAMÓ - TUNÍA,2007,18.194558715820335,2286.7283248407202
19548,PIENDAMÓ - TUNÍA,2008,17.966409301757835,2789.0423468787767
19548,PIENDAMÓ - TUNÍA,2009,18.486726379394554,2185.656789699602
19548,PIENDAMÓ - TUNÍA,2010,18.55104217529305,2285.0959589582435
19548,PIENDAMÓ - TUNÍA,2011,18.313516235351585,2682.7355732586475
19548,PIENDAMÓ - TUNÍA,2012,18.29084930419924,1915.1872084014028
19548,PIENDAMÓ - TUNÍA,2013,18.422723388671898,2164.3657491629087
19548,PIENDAMÓ - TUNÍA,2014,18.482278442382835,2175.92751877786
19548,PIENDAMÓ - TUNÍA,2015,18.85043487548836,2101.036550896967
19548,PIENDAMÓ - TUNÍA,2016,18.864289855957054,1960.373638022716
19548,PIENDAMÓ - TUNÍA,2017,18.69033966064461,2289.579737966507
19548,PIENDAMÓ - TUNÍA,2018,18.64724884033211,1995.6198044842456
19548,PIENDAMÓ - TUNÍA,2019,18.92567596435555,2139.61161090949
19548,PIENDAMÓ - TUNÍA,2020,19.313958740234455,1838.504367751637
19548,PIENDAMÓ - TUNÍA,2021,18.23871501607482,2328.8786127294543
19548,PIENDAMÓ - TUNÍA,2022,18.0351868806394,3020.1681272446067
19760,SOTARÁ PAISPAMBA,2001,17.582558139534854,1470.4164992287106
19760,SOTARÁ PAISPAMBA,2002,17.796886639262368,1574.8976929079681
19760,SOTARÁ PAISPAMBA,2003,17.61582229969116,1621.910852688546
19760,SOTARÁ PAISPAMBA,2004,17.891131307912417,1688.7009676247976
19760,SOTARÁ PAISPAMBA,2005,18.057833933275788,1958.0566412631106
19760,SOTARÁ PAISPAMBA,2006,17.97952156954034,1885.280602750956
19760,SOTARÁ PAISPAMBA,2007,17.905381597474502,1968.0072877590305
19760,SOTARÁ PAISPAMBA,2008,17.596540868005093,2285.6316616176555
19760,SOTARÁ PAISPAMBA,2009,18.194260282294692,1716.3537787668267
19760,SOTARÁ PAISPAMBA,2010,18.167191190497817,1978.0004808946871
19760,SOTARÁ PAISPAMBA,2011,17.912088367550894,2474.549999043277
19760,SOTARÁ PAISPAMBA,2012,18.00238988122277,1820.8924327205586
19760,SOTARÁ PAISPAMBA,2013,18.105705367687165,1795.7420727098897
19760,SOTARÁ PAISPAMBA,2014,18.191193620548688,1982.5973264612999
19760,SOTARÁ PAISPAMBA,2015,18.643482580850332,1703.7609824168987
19760,SOTARÁ PAISPAMBA,2016,18.61941414766534,1727.9523520509608
19760,SOTARÁ PAISPAMBA,2017,18.34518106150074,2226.91957052478
19760,SOTARÁ PAISPAMBA,2018,18.343481303370254,1825.1148248000702
19760,SOTARÁ PAISPAMBA,2019,18.708213202897866,1723.4275914298507
19760,SOTARÁ PAISPAMBA,2020,18.98163579896442,1633.7028636187877
19760,SOTARÁ PAISPAMBA,2021,15.294511170995634,2067.130861270171
19760,SOTARÁ PAISPAMBA,2022,15.055316437085992,2836.4863647005222
19824,TOTORÓ,2001,15.830847120285057,1422.5641733363932
19824,TOTORÓ,2002,16.042696571350177,1515.789299879512
19824,TOTORÓ,2003,15.8822484970093,1592.2997990962435
19824,TOTORÓ,2004,16.051549530029263,1540.814109201156
19824,TOTORÓ,2005,16.21343312263491,1698.075325000272
19824,TOTORÓ,2006,16.098029708862327,1783.3061407051441
19824,TOTORÓ,2007,16.058340883255028,1801.8077333793317
19824,TOTORÓ,2008,15.755134916305565,2076.8523046052505
19824,TOTORÓ,2009,16.358967876434406,1651.6326409561984
19824,TOTORÓ,2010,16.40138969421389,1890.818133017286
19824,TOTORÓ,2011,16.045522069931053,2132.4839063664726
19824,TOTORÓ,2012,16.14934048652657,1554.1921960989257
19824,TOTORÓ,2013,16.307903861999534,1792.3165428167451
19824,TOTORÓ,2014,16.380293941497825,1850.1791407137725
19824,TOTORÓ,2015,16.85018072128298,1537.8625237006827
19824,TOTORÓ,2016,16.853191709518455,1597.7969697685082
19824,TOTORÓ,2017,16.466886854171776,2001.4157680148023
19824,TOTORÓ,2018,16.49082241058352,1700.0549096961481
19824,TOTORÓ,2019,16.912732696533226,1657.2258238212712
19824,TOTORÓ,2020,17.178084468841575,1602.235919759108
19824,TOTORÓ,2021,13.621891947701215,2043.4083112928672
19824,TOTORÓ,2022,13.384975758600604,2680.028025015763
19845,VILLA RICA,2001,21.966516113281273,1558.9494386868691
19845,VILLA RICA,2002,22.202294921875023,1654.0473945300973
19845,VILLA RICA,2003,21.922814941406273,1625.373496982411
19845,VILLA RICA,2004,22.082971191406273,1527.291677108274
19845,VILLA RICA,2005,22.278863525390648,1615.8312967862655
19845,VILLA RICA,2006,22.181817626953148,1892.2752143190874
19845,VILLA RICA,2007,22.095880126953148,1736.4635885035814
19845,VILLA RICA,2008,21.798730468750023,2185.6845124201986
19845,VILLA RICA,2009,22.530084228515648,1698.8523067627382
19845,VILLA RICA,2010,22.395593261718773,2102.5445204295333
19845,VILLA RICA,2011,22.216271972656273,2258.001798637589
19845,VILLA RICA,2012,22.453210449218773,1692.8492675281286
19845,VILLA RICA,2013,22.607781982421898,1859.2146048558295
19845,VILLA RICA,2014,22.704553222656273,1725.6211833900481
19845,VILLA RICA,2015,23.114007568359398,1259.190944747249
19845,VILLA RICA,2016,22.937860107421898,1778.8454849150648
19845,VILLA RICA,2017,22.682458496093773,1949.1031457687495
19845,VILLA RICA,2018,22.606927490234398,1802.206111739465
19845,VILLA RICA,2019,22.964837646484398,1956.6158108479942
19845,VILLA RICA,2020,23.098992919921898,1730.6003170166894
19845,VILLA RICA,2021,21.372516786085328,2041.180977314622
19845,VILLA RICA,2022,21.155455154676417,2308.5358816911926
20400,LA JAGUA DE IBIRICO,2001,26.934489060956025,1827.77019880952
20400,LA JAGUA DE IBIRICO,2002,27.795861575160586,1526.9273676941775
20400,LA JAGUA DE IBIRICO,2003,27.266169057250522,2152.8733271868364
20400,LA JAGUA DE IBIRICO,2004,27.536638149819396,1620.4988166529818
20400,LA JAGUA DE IBIRICO,2005,27.386503848351026,1991.064304630941
20400,LA JAGUA DE IBIRICO,2006,27.16777145928546,1995.8364332154008
20400,LA JAGUA DE IBIRICO,2007,27.023031290529275,2583.5017201532514
20400,LA JAGUA DE IBIRICO,2008,26.823782264196836,2309.0387777976935
20400,LA JAGUA DE IBIRICO,2009,27.843519658627713,1684.6800651936069
20400,LA JAGUA DE IBIRICO,2010,27.28931597683271,3217.343879335561
20400,LA JAGUA DE IBIRICO,2011,26.829017416007957,2630.164341847686
20400,LA JAGUA DE IBIRICO,2012,27.676366439638457,1900.790544585517
20400,LA JAGUA DE IBIRICO,2013,27.999346996201837,1933.8537559820345
20400,LA JAGUA DE IBIRICO,2014,28.280461898622775,1789.5148615106336
20400,LA JAGUA DE IBIRICO,2015,28.786033829398832,1484.2546010777835
20400,LA JAGUA DE IBIRICO,2016,28.432191798997962,1826.0841980226912
20400,LA JAGUA DE IBIRICO,2017,27.9774900172539,1926.6018571098666
20400,LA JAGUA DE IBIRICO,2018,27.850599133638582,1688.8187223842187
20400,LA JAGUA DE IBIRICO,2019,28.26974552441021,1574.8711536456333
20400,LA JAGUA DE IBIRICO,2020,28.810845344151403,1808.4714445847837
20400,LA JAGUA DE IBIRICO,2021,26.21057521533055,1594.1973823038952
20400,LA JAGUA DE IBIRICO,2022,25.717921273811157,2698.4163445622435
20570,PUEBLO BELLO,2001,16.997413807530563,1827.686887060635
20570,PUEBLO BELLO,2002,17.55927749141574,1703.0039951594283
20570,PUEBLO BELLO,2003,17.511659486832173,2068.531228483646
20570,PUEBLO BELLO,2004,17.36799528060419,1915.2320945522258
20570,PUEBLO BELLO,2005,17.50922238749837,2058.251805992386
20570,PUEBLO BELLO,2006,17.344019416070807,1947.9780723017286
20570,PUEBLO BELLO,2007,17.35038233110987,2046.8617866511934
20570,PUEBLO BELLO,2008,16.99015566918166,2011.8919503887473
20570,PUEBLO BELLO,2009,17.692341515325722,1704.9707564474584
20570,PUEBLO BELLO,2010,17.769076488864073,2797.727321090608
20570,PUEBLO BELLO,2011,17.279390322777544,2463.385006450751
20570,PUEBLO BELLO,2012,17.663021382977888,2001.5804806552314
20570,PUEBLO BELLO,2013,17.843514153265232,1904.215975586091
20570,PUEBLO BELLO,2014,17.92337853216361,1667.4634186422556
20570,PUEBLO BELLO,2015,18.333126609556132,1052.8999155932775
20570,PUEBLO BELLO,2016,18.316113675025292,2130.3211585933373
20570,PUEBLO BELLO,2017,17.678647121306426,2212.2018166138855
20570,PUEBLO BELLO,2018,17.555616120369223,1805.2295053156552
20570,PUEBLO BELLO,2019,17.91514666157383,1857.069308723428
20570,PUEBLO BELLO,2020,18.139151714694094,1799.4516457791062
20570,PUEBLO BELLO,2021,18.507202223999457,1575.3848468413855
20570,PUEBLO BELLO,2022,18.00118055424224,2655.200245588338
23300,COTORRA,2001,27.17159233093264,1130.3988447860293
23300,COTORRA,2002,27.630769348144554,915.1355830183447
23300,COTORRA,2003,27.572345352172874,1236.132068258003
23300,COTORRA,2004,27.599469757080044,1088.1195745269458
23300,COTORRA,2005,27.713588333129906,1319.3452220446752
23300,COTORRA,2006,27.531026458740257,1059.3215463061315
23300,COTORRA,2007,27.431714630126976,1316.418851937427
23300,COTORRA,2008,27.24931106567385,1336.1960760844372
23300,COTORRA,2009,27.852593994140705,1252.2017777681842
23300,COTORRA,2010,27.794950103759845,1599.4676236236683
23300,COTORRA,2011,27.416957473754906,1271.5983196474165
23300,COTORRA,2012,27.708989715576195,1372.6972762365813
23300,COTORRA,2013,27.837869262695335,1153.2818444672505
23300,COTORRA,2014,28.02380142211922,976.5169196504227
23300,COTORRA,2015,28.397838211059593,848.0009645682867
23300,COTORRA,2016,28.113362884521507,1020.8989483858234
23300,COTORRA,2017,28.03881607055672,1155.2191248390357
23300,COTORRA,2018,27.852788543701195,1044.3358557925285
23300,COTORRA,2019,28.198039627075218,1031.0993770742841
23300,COTORRA,2020,28.606914138793968,1046.4680225288528
23300,COTORRA,2021,27.077871981351734,1112.1755402868237
23300,COTORRA,2022,26.77610701555102,1280.7624921784864
23350,LA APARTADA,2001,27.107758931910723,2364.211315960979
23350,LA APARTADA,2002,27.66687407797957,2421.4607752769984
23350,LA APARTADA,2003,27.741250610351585,2713.8290824476267
23350,LA APARTADA,2004,27.673027590487834,2729.5163820270086
23350,LA APARTADA,2005,27.93653941053026,2836.901536052063
23350,LA APARTADA,2006,27.600959031125342,2686.5120230862667
23350,LA APARTADA,2007,27.56424995584689,3094.1831473623993
23350,LA APARTADA,2008,27.30358568556767,2886.532622467937
23350,LA APARTADA,2009,27.960992756295695,2041.7081783787903
23350,LA APARTADA,2010,28.01869467877333,3056.55684710351
23350,LA APARTADA,2011,27.48741188860953,2889.167175872431
23350,LA APARTADA,2012,28.02928200579703,2384.8742062812826
23350,LA APARTADA,2013,28.12624089667139,2406.811828549617
23350,LA APARTADA,2014,28.51957644198808,2371.781822897667
23350,LA APARTADA,2015,28.901516593770737,2440.9605023339636
23350,LA APARTADA,2016,28.851691453000342,2753.139169037292
23350,LA APARTADA,2017,28.61313749272773,2694.3168580767724
23350,LA APARTADA,2018,28.43642967711105,2685.9974330951563
23350,LA APARTADA,2019,29.06450545939998,2527.9651461229896
23350,LA APARTADA,2020,29.905461477726078,2117.990600611135
23350,LA APARTADA,2021,27.057507756903362,2929.583641890771
23350,LA APARTADA,2022,26.65806676079734,2862.645194193255
23500,MOÑITOS,2001,26.807973532480787,1282.4606274717632
23500,MOÑITOS,2002,27.146660958904135,947.4262446684612
23500,MOÑITOS,2003,27.058811720756637,1365.1738002341415
23500,MOÑITOS,2004,27.004717014260564,1351.1768081496734
23500,MOÑITOS,2005,27.014507722201415,1477.6817899187363
23500,MOÑITOS,2006,26.98608415159464,1321.8885859064542
23500,MOÑITOS,2007,26.833668497164012,1351.7453830494308
23500,MOÑITOS,2008,26.64281072747218,1427.848855141012
23500,MOÑITOS,2009,27.013216368792826,1212.2109512455597
23500,MOÑITOS,2010,26.961525862184317,1788.619833195024
23500,MOÑITOS,2011,26.750148574620084,1494.061302583345
23500,MOÑITOS,2012,26.90916229666101,1515.2740327427655
23500,MOÑITOS,2013,26.938660671286414,1172.7766253541279
23500,MOÑITOS,2014,27.117598609401796,1023.7930962712308
23500,MOÑITOS,2015,27.44317058406466,920.1049199777754
23500,MOÑITOS,2016,27.261926269531273,1239.6651765720615
23500,MOÑITOS,2017,27.363383839228447,1224.5079164826843
23500,MOÑITOS,2018,27.18168385126819,1126.0796781250776
23500,MOÑITOS,2019,27.398881635273995,1107.9618623761153
23500,MOÑITOS,2020,27.460765431025266,1165.7835590283962
23500,MOÑITOS,2021,27.17937615412154,1041.996026369707
23500,MOÑITOS,2022,26.944094137503953,1282.1062466586063
23586,PURÍSIMA DE LA CONCEPCIÓN,2001,27.24931030273433,1045.6983958383
23586,PURÍSIMA DE LA CONCEPCIÓN,2002,27.762506103515648,901.1228504826225
23586,PURÍSIMA DE LA CONCEPCIÓN,2003,27.63633858816962,1097.4106419346929
23586,PURÍSIMA DE LA CONCEPCIÓN,2004,27.652190290178567,1095.8416246006325
23586,PURÍSIMA DE LA CONCEPCIÓN,2005,27.732336425781227,1197.1139761911288
23586,PURÍSIMA DE LA CONCEPCIÓN,2006,27.607596261160722,1036.406501069004
23586,PURÍSIMA DE LA CONCEPCIÓN,2007,27.505252511160734,1258.5346347116413
23586,PURÍSIMA DE LA CONCEPCIÓN,2008,27.30028512137278,1288.7179048233813
23586,PURÍSIMA DE LA CONCEPCIÓN,2009,27.87117658342629,1114.4371322398224
23586,PURÍSIMA DE LA CONCEPCIÓN,2010,27.80128173828126,1705.1575755893941
23586,PURÍSIMA DE LA CONCEPCIÓN,2011,27.493751743861594,1326.2165614223227
23586,PURÍSIMA DE LA CONCEPCIÓN,2012,27.813439069475464,1284.3059117680475
23586,PURÍSIMA DE LA CONCEPCIÓN,2013,27.866850934709817,1196.1373657233894
23586,PURÍSIMA DE LA CONCEPCIÓN,2014,28.067753383091485,906.0753789464192
23586,PURÍSIMA DE LA CONCEPCIÓN,2015,28.426041957310247,769.9232176666959
23586,PURÍSIMA DE LA CONCEPCIÓN,2016,28.17789829799102,1036.5942748997722
23586,PURÍSIMA DE LA CONCEPCIÓN,2017,28.109885079520097,1055.340313053059
23586,PURÍSIMA DE LA CONCEPCIÓN,2018,27.95085972377234,973.8881471488467
23586,PURÍSIMA DE LA CONCEPCIÓN,2019,28.244580078124955,914.9704845433139
23586,PURÍSIMA DE LA CONCEPCIÓN,2020,28.405025809151766,1056.832706811297
23586,PURÍSIMA DE LA CONCEPCIÓN,2021,27.15698899610385,957.8917024624084
23586,PURÍSIMA DE LA CONCEPCIÓN,2022,26.845142228497878,1258.1096174659567
23675,SAN BERNARDO DEL VIENTO,2001,26.975775727771634,1187.1114999922193
23675,SAN BERNARDO DEL VIENTO,2002,27.332437569754518,809.1733548006032
23675,SAN BERNARDO DEL VIENTO,2003,27.234924316406307,1193.012997381905
23675,SAN BERNARDO DEL VIENTO,2004,27.1581752232143,1189.6427673812034
23675,SAN BERNARDO DEL VIENTO,2005,27.173873756045452,1329.2199063881462
23675,SAN BERNARDO DEL VIENTO,2006,27.169079299200178,1150.1961160030962
23675,SAN BERNARDO DEL VIENTO,2007,26.993493071056605,1237.0976891335145
23675,SAN BERNARDO DEL VIENTO,2008,26.814760335286508,1377.7226919279087
23675,SAN BERNARDO DEL VIENTO,2009,27.201170421782024,1139.0849280285097
23675,SAN BERNARDO DEL VIENTO,2010,27.118550909133262,1791.8627255751592
23675,SAN BERNARDO DEL VIENTO,2011,26.90807117280508,1374.3956335138362
23675,SAN BERNARDO DEL VIENTO,2012,27.108221726190493,1353.7234558269377
23675,SAN BERNARDO DEL VIENTO,2013,27.12622419084829,1133.334836355568
23675,SAN BERNARDO DEL VIENTO,2014,27.30829089936759,935.2304375110322
23675,SAN BERNARDO DEL VIENTO,2015,27.636138044084817,780.2544902541221
23675,SAN BERNARDO DEL VIENTO,2016,27.4411042712984,1140.0790329551185
23675,SAN BERNARDO DEL VIENTO,2017,27.529937162853457,1061.512677469355
23675,SAN BERNARDO DEL VIENTO,2018,27.3761991954986,967.9715304591392
23675,SAN BERNARDO DEL VIENTO,2019,27.59787859235496,961.4496309444567
23675,SAN BERNARDO DEL VIENTO,2020,27.621717761811794,1115.838851330387
23675,SAN BERNARDO DEL VIENTO,2021,27.288031076424204,921.371152663176
23675,SAN BERNARDO DEL VIENTO,2022,27.043916050122846,1164.0851513718178
23682,SAN JOSÉ DE URÉ,2001,25.909620217716054,3085.345218708259
23682,SAN JOSÉ DE URÉ,2002,26.390088249655378,3124.3143638745746
23682,SAN JOSÉ DE URÉ,2003,26.41331499885115,3563.6953600470356
23682,SAN JOSÉ DE URÉ,2004,26.41906810087312,3256.0455217366352
23682,SAN JOSÉ DE URÉ,2005,26.680993652343773,3779.156740808032
23682,SAN JOSÉ DE URÉ,2006,26.358898925781318,3561.280713530362
23682,SAN JOSÉ DE URÉ,2007,26.378170237821735,3443.9990100504388
23682,SAN JOSÉ DE URÉ,2008,26.04564424402571,3481.294323694126
23682,SAN JOSÉ DE URÉ,2009,26.710759420955924,3089.4250534881135
23682,SAN JOSÉ DE URÉ,2010,26.867489444508294,3871.6326701681764
23682,SAN JOSÉ DE URÉ,2011,26.421828685087405,4017.385215652603
23682,SAN JOSÉ DE URÉ,2012,26.864604994830017,3490.937777870507
23682,SAN JOSÉ DE URÉ,2013,26.979530603745445,3153.8311245009536
23682,SAN JOSÉ DE URÉ,2014,27.253037037569015,3300.96667765882
23682,SAN JOSÉ DE URÉ,2015,27.618688605813418,3477.420409357353
23682,SAN JOSÉ DE URÉ,2016,27.61459637810208,3539.4217410015435
23682,SAN JOSÉ DE URÉ,2017,27.366844985064404,3509.700249906557
23682,SAN JOSÉ DE URÉ,2018,27.229964671415473,3695.681834825479
23682,SAN JOSÉ DE URÉ,2019,27.75476684570316,3146.6082370610593
23682,SAN JOSÉ DE URÉ,2020,28.685835894416357,2863.4021965851157
23682,SAN JOSÉ DE URÉ,2021,25.716921538055487,3627.3923355991
23682,SAN JOSÉ DE URÉ,2022,25.361245348387115,4150.3253187059445
23815,TUCHÍN,2001,27.313590621948265,1125.7248950384608
23815,TUCHÍN,2002,27.88471946716311,1031.2991415787594
23815,TUCHÍN,2003,27.78576049804684,1096.6390048128112
23815,TUCHÍN,2004,27.847083663940452,1175.3438548427034
23815,TUCHÍN,2005,27.971931076049827,1298.245007384677
23815,TUCHÍN,2006,27.74556312561043,1173.7148061292683
23815,TUCHÍN,2007,27.696843719482445,1375.4791755752276
23815,TUCHÍN,2008,27.484661674499478,1323.2982450291615
23815,TUCHÍN,2009,28.153456306457485,1256.529721521758
23815,TUCHÍN,2010,28.106870269775413,1763.927229800614
23815,TUCHÍN,2011,27.691626167297386,1487.7212483092178
23815,TUCHÍN,2012,28.069016075134357,1364.072691733005
23815,TUCHÍN,2013,28.18260250091555,1255.4614623476996
23815,TUCHÍN,2014,28.396576499939044,975.0894331014664
23815,TUCHÍN,2015,28.782242393493732,879.7319667129309
23815,TUCHÍN,2016,28.504669761657738,1088.6463819138155
23815,TUCHÍN,2017,28.34203205108645,1159.1480223729175
23815,TUCHÍN,2018,28.16802368164059,1119.3700776280887
23815,TUCHÍN,2019,28.53974304199221,948.4021412808057
23815,TUCHÍN,2020,28.943430519104027,1085.5898044629052
23815,TUCHÍN,2021,27.07502924223968,1103.7798596020514
23815,TUCHÍN,2022,26.692441822024193,1388.21788196029
25258,EL PEÑÓN,2001,24.235515213012718,2020.6547162650081
25258,EL PEÑÓN,2002,24.634608840942406,1984.5366645893253
25258,EL PEÑÓN,2003,24.543019866943382,1903.44947610661
25258,EL PEÑÓN,2004,24.31141052246096,2080.5038671258985
25258,EL PEÑÓN,2005,24.384797668457054,2094.0447283662074
25258,EL PEÑÓN,2006,24.016620254516624,2396.159355157926
25258,EL PEÑÓN,2007,24.25038108825686,2260.5150918203144
25258,EL PEÑÓN,2008,23.52626762390139,2397.4571260219236
25258,EL PEÑÓN,2009,24.636457061767544,2015.729187197526
25258,EL PEÑÓN,2010,24.39205131530764,2092.04195328073
25258,EL PEÑÓN,2011,23.892066574096702,2642.2263664267557
25258,EL PEÑÓN,2012,24.227109527587913,1747.330727522016
25258,EL PEÑÓN,2013,24.771422958374046,2079.9219560545166
25258,EL PEÑÓN,2014,25.018226242065452,1905.4716422478211
25258,EL PEÑÓN,2015,25.469909286499046,1558.38622129609
25258,EL PEÑÓN,2016,25.35242614746096,1668.4108513348365
25258,EL PEÑÓN,2017,25.297238922119163,1974.444706062817
25258,EL PEÑÓN,2018,25.048358535766624,1875.7696992241506
25258,EL PEÑÓN,2019,25.489698028564476,1894.946706739466
25258,EL PEÑÓN,2020,26.377984619140648,1440.992942993968
25258,EL PEÑÓN,2021,19.762098536067413,1830.764187834323
25258,EL PEÑÓN,2022,19.531283474631493,2424.3638707523332
25260,EL ROSAL,2001,17.250644938151027,874.0519261052639
25260,EL ROSAL,2002,17.671787516276083,944.5083773322974
25260,EL ROSAL,2003,17.50055338541671,998.4547940879525
25260,EL ROSAL,2004,17.39374186197921,1059.0157624544286
25260,EL ROSAL,2005,17.621474202473962,1057.0697498776215
25260,EL ROSAL,2006,17.501275634765648,1218.652997630975
25260,EL ROSAL,2007,17.336165364583337,1027.3503241904402
25260,EL ROSAL,2008,17.10016276041665,1312.8599580423843
25260,EL ROSAL,2009,17.711948649088583,1025.0914904889387
25260,EL ROSAL,2010,17.809299723307333,1375.182917688822
25260,EL ROSAL,2011,17.65613199869796,1580.232506073133
25260,EL ROSAL,2012,17.88037516276046,1039.0241907939171
25260,EL ROSAL,2013,17.938246663411462,1198.4518810987638
25260,EL ROSAL,2014,18.023390706380212,1179.5894056074167
25260,EL ROSAL,2015,18.51788736979171,955.6342717579435
25260,EL ROSAL,2016,18.460321044921898,1180.528668975367
25260,EL ROSAL,2017,18.0378458658854,1184.223265856546
25260,EL ROSAL,2018,17.905918375651083,1154.948985057187
25260,EL ROSAL,2019,18.289412434895837,1151.7423494906268
25260,EL ROSAL,2020,18.533349609375023,1089.9498581856894
25260,EL ROSAL,2021,14.949529258811083,1312.7441336113277
25260,EL ROSAL,2022,14.622863951999932,1626.4113032318105
25398,LA PEÑA,2001,23.19508768717452,1924.8807893156004
25398,LA PEÑA,2002,23.547311401367153,1896.9125075792888
25398,LA PEÑA,2003,23.48156127929684,1790.246194058925
25398,LA PEÑA,2004,23.328108723958337,1960.8612250514914
25398,LA PEÑA,2005,23.411401367187466,2094.4580424730475
25398,LA PEÑA,2006,23.137338256835903,2337.5441371286192
25398,LA PEÑA,2007,23.274677530924464,2177.5393460492296
25398,LA PEÑA,2008,22.730071004231775,2342.2063982822146
25398,LA PEÑA,2009,23.64752604166665,2003.4594730540052
25398,LA PEÑA,2010,23.53961079915365,2042.0888632207777
25398,LA PEÑA,2011,23.091327921549464,2573.879845420855
25398,LA PEÑA,2012,23.32505696614578,1684.4553540110144
25398,LA PEÑA,2013,23.740925089518214,2099.0687868763666
25398,LA PEÑA,2014,23.940326944986964,1956.9694082159901
25398,LA PEÑA,2015,24.34702453613278,1578.3597332547222
25398,LA PEÑA,2016,24.278670247395837,1776.3020882676828
25398,LA PEÑA,2017,24.25158081054684,2002.2834195211142
25398,LA PEÑA,2018,23.970193481445335,1950.5909863073623
25398,LA PEÑA,2019,24.405867513020837,1912.0174258168831
25398,LA PEÑA,2020,25.196282958984398,1413.760169686636
25398,LA PEÑA,2021,21.40100614288184,1902.0783333787317
25398,LA PEÑA,2022,21.146932922542305,2546.698333397229
25599,APULO,2001,25.242985950816774,1103.1468765739144
25599,APULO,2002,25.514678400213086,1504.2141595021708
25599,APULO,2003,25.572646539861523,1299.4036073699942
25599,APULO,2004,25.50601765025749,1240.1681672388643
25599,APULO,2005,25.6253857699308,1309.4486506663434
25599,APULO,2006,25.26428375244143,1363.0685316975425
25599,APULO,2007,25.213121726296208,1295.7237625497528
25599,APULO,2008,25.07696963223549,1534.4637719067764
25599,APULO,2009,25.92612817937686,1277.3857060602795
25599,APULO,2010,25.629363458806836,1667.4547916342187
25599,APULO,2011,25.374565956809306,1737.6669694193467
25599,APULO,2012,25.691778148304365,1303.9185076484996
25599,APULO,2013,25.882031666148805,1489.2741989711603
25599,APULO,2014,26.103487326882146,1606.337325170988
25599,APULO,2015,26.133563093705618,1143.739045353621
25599,APULO,2016,26.4631092418324,1452.3628949830377
25599,APULO,2017,26.810908369584524,1590.3525662169916
25599,APULO,2018,26.309104364568555,1345.5047636247991
25599,APULO,2019,26.57866682572802,1281.018250467622
25599,APULO,2020,27.388938348943555,1234.4420901983979
25599,APULO,2021,22.882157928940103,1625.4289095871088
25599,APULO,2022,22.69771110482003,1982.1644106843353
25645,SAN ANTONIO DEL TEQUENDAMA,2001,20.159753417968773,810.9980801976359
25645,SAN ANTONIO DEL TEQUENDAMA,2002,20.465692138671898,935.0534459080756
25645,SAN ANTONIO DEL TEQUENDAMA,2003,20.471795654296898,970.7245152915349
25645,SAN ANTONIO DEL TEQUENDAMA,2004,20.301141357421898,1032.3324783241408
25645,SAN ANTONIO DEL TEQUENDAMA,2005,20.523522949218773,936.1858251489488
25645,SAN ANTONIO DEL TEQUENDAMA,2006,20.353570556640648,1073.8027503160479
25645,SAN ANTONIO DEL TEQUENDAMA,2007,20.231011962890648,967.0949259349418
25645,SAN ANTONIO DEL TEQUENDAMA,2008,20.047540283203148,1251.3144724265528
25645,SAN ANTONIO DEL TEQUENDAMA,2009,20.698541259765648,969.6615324461964
25645,SAN ANTONIO DEL TEQUENDAMA,2010,20.706994628906273,1303.6136463146197
25645,SAN ANTONIO DEL TEQUENDAMA,2011,20.513940429687523,1505.9866880189775
25645,SAN ANTONIO DEL TEQUENDAMA,2012,20.677728271484398,1035.2732546910177
25645,SAN ANTONIO DEL TEQUENDAMA,2013,20.781304931640648,1246.3750918940254
25645,SAN ANTONIO DEL TEQUENDAMA,2014,20.901361083984398,1287.3630893361455
25645,SAN ANTONIO DEL TEQUENDAMA,2015,21.217095947265648,966.2098985666173
25645,SAN ANTONIO DEL TEQUENDAMA,2016,21.325952148437523,1107.2503101751308
25645,SAN ANTONIO DEL TEQUENDAMA,2017,21.109124755859398,1211.9575311501928
25645,SAN ANTONIO DEL TEQUENDAMA,2018,20.913201904296898,1179.7612637845518
25645,SAN ANTONIO DEL TEQUENDAMA,2019,21.234704589843773,1135.2813645431436
25645,SAN ANTONIO DEL TEQUENDAMA,2020,21.720910644531273,1145.3142523175177
25645,SAN ANTONIO DEL TEQUENDAMA,2021,18.62323913343255,1381.1415116741666
25645,SAN ANTONIO DEL TEQUENDAMA,2022,18.253175445030536,1598.5686313287672
25662,SAN JUAN DE RIOSECO,2001,25.384293461771904,1128.1088458672114
25662,SAN JUAN DE RIOSECO,2002,25.612055332220905,1370.8864155033525
25662,SAN JUAN DE RIOSECO,2003,25.547387695312523,1309.2279947113757
25662,SAN JUAN DE RIOSECO,2004,25.35283072758648,1286.2662682415066
25662,SAN JUAN DE RIOSECO,2005,25.526684629569957,1444.8617971337
25662,SAN JUAN DE RIOSECO,2006,25.390325275902626,1472.5995017152215
25662,SAN JUAN DE RIOSECO,2007,25.36718643336627,1443.8689935678347
25662,SAN JUAN DE RIOSECO,2008,24.98026828210334,1623.721162110361
25662,SAN JUAN DE RIOSECO,2009,25.98915008248639,1443.1069715941167
25662,SAN JUAN DE RIOSECO,2010,25.653813452859595,1479.3763225608202
25662,SAN JUAN DE RIOSECO,2011,25.277658525485435,1713.8951342561268
25662,SAN JUAN DE RIOSECO,2012,25.728076645934493,1223.6649086898703
25662,SAN JUAN DE RIOSECO,2013,25.90655499800897,1503.8741668172295
25662,SAN JUAN DE RIOSECO,2014,26.18903340460031,1549.5851113602903
25662,SAN JUAN DE RIOSECO,2015,26.53843389714808,1255.4195587778902
25662,SAN JUAN DE RIOSECO,2016,26.545892630271567,1381.7147561518345
25662,SAN JUAN DE RIOSECO,2017,26.63711470816901,1593.769309623392
25662,SAN JUAN DE RIOSECO,2018,26.263716436589846,1533.046684131154
25662,SAN JUAN DE RIOSECO,2019,26.651545967176162,1371.0611854389392
25662,SAN JUAN DE RIOSECO,2020,27.131134151718015,1143.1549969585164
25662,SAN JUAN DE RIOSECO,2021,23.488285456544247,1567.0236222380227
25662,SAN JUAN DE RIOSECO,2022,23.21246136502441,1985.8875758159024
25843,VILLA DE SAN DIEGO DE UBATÉ,2001,16.542443847656273,649.6625066604379
25843,VILLA DE SAN DIEGO DE UBATÉ,2002,16.996789550781273,744.6704661632886
25843,VILLA DE SAN DIEGO DE UBATÉ,2003,16.748010253906273,751.6571404803278
25843,VILLA DE SAN DIEGO DE UBATÉ,2004,16.684167480468773,791.3100106361637
25843,VILLA DE SAN DIEGO DE UBATÉ,2005,16.881494140625023,793.1819433591096
25843,VILLA DE SAN DIEGO DE UBATÉ,2006,16.855920410156273,873.7942892461309
25843,VILLA DE SAN DIEGO DE UBATÉ,2007,16.595391845703148,747.7966714454773
25843,VILLA DE SAN DIEGO DE UBATÉ,2008,16.297174072265648,914.4794818205293
25843,VILLA DE SAN DIEGO DE UBATÉ,2009,16.975457763671898,699.7780985336451
25843,VILLA DE SAN DIEGO DE UBATÉ,2010,17.042047119140648,1003.5818380460638
25843,VILLA DE SAN DIEGO DE UBATÉ,2011,16.854394531250023,1316.0712871137673
25843,VILLA DE SAN DIEGO DE UBATÉ,2012,17.057946777343773,845.3933825983679
25843,VILLA DE SAN DIEGO DE UBATÉ,2013,17.219873046875023,807.0195355775516
25843,VILLA DE SAN DIEGO DE UBATÉ,2014,17.489221191406273,800.9374974234411
25843,VILLA DE SAN DIEGO DE UBATÉ,2015,17.886590576171898,849.1124401677276
25843,VILLA DE SAN DIEGO DE UBATÉ,2016,17.690911865234398,865.0370215153525
25843,VILLA DE SAN DIEGO DE UBATÉ,2017,17.180291748046898,894.9590380349995
25843,VILLA DE SAN DIEGO DE UBATÉ,2018,17.116510009765648,866.3486933485635
25843,VILLA DE SAN DIEGO DE UBATÉ,2019,17.603143310546898,839.7904074630608
25843,VILLA DE SAN DIEGO DE UBATÉ,2020,17.782678222656273,856.0813630635176
25843,VILLA DE SAN DIEGO DE UBATÉ,2021,12.136378432087497,872.9752073638249
25843,VILLA DE SAN DIEGO DE UBATÉ,2022,11.904705435469396,1178.6464106852975
27025,ALTO BAUDÓ,2001,25.15073261818685,6397.2831433121855
27025,ALTO BAUDÓ,2002,25.60761975740121,6096.621097841643
27025,ALTO BAUDÓ,2003,25.50912944949863,6143.675867310282
27025,ALTO BAUDÓ,2004,25.491070494177677,6179.5828859969715
27025,ALTO BAUDÓ,2005,25.68939615885415,6818.5481055553955
27025,ALTO BAUDÓ,2006,25.567686971028593,6510.800397041221
27025,ALTO BAUDÓ,2007,25.457167249534507,6915.877638046465
27025,ALTO BAUDÓ,2008,25.256682064658662,6713.889575980079
27025,ALTO BAUDÓ,2009,25.93498061330689,6387.268649380585
27025,ALTO BAUDÓ,2010,25.925206957365276,6779.886294596919
27025,ALTO BAUDÓ,2011,25.665510666161197,6911.395042707252
27025,ALTO BAUDÓ,2012,25.926385721128554,6579.127500642578
27025,ALTO BAUDÓ,2013,25.87664907355054,6379.652971511544
27025,ALTO BAUDÓ,2014,26.098412193610613,6899.481566744459
27025,ALTO BAUDÓ,2015,26.562119966919568,6998.554013687124
27025,ALTO BAUDÓ,2016,26.327773565995017,6402.070313071643
27025,ALTO BAUDÓ,2017,26.224300504985592,7182.9705667728
27025,ALTO BAUDÓ,2018,26.112737653408715,6930.489491014593
27025,ALTO BAUDÓ,2019,26.369864489460497,7431.318540113397
27025,ALTO BAUDÓ,2020,26.685583647789258,6825.681334393047
27025,ALTO BAUDÓ,2021,24.039479237456476,6358.087110855254
27025,ALTO BAUDÓ,2022,23.79999628823515,8082.082866893283
27050,ATRATO,2001,25.437767676483816,7969.1702411953165
27050,ATRATO,2002,25.941066868185146,7997.343823682852
27050,ATRATO,2003,25.762943448951717,8275.13984453716
27050,ATRATO,2004,25.747633504524515,7505.277462749272
27050,ATRATO,2005,26.03124521378993,7952.309057056753
27050,ATRATO,2006,25.877969470127027,8546.065009909404
27050,ATRATO,2007,25.729480375660387,8166.708469669945
27050,ATRATO,2008,25.54278305383042,8462.24408392646
27050,ATRATO,2009,26.295535344185566,8399.659828422957
27050,ATRATO,2010,26.276231329389645,8444.652733334815
27050,ATRATO,2011,26.0672030442052,8536.290516006986
27050,ATRATO,2012,26.363232992707367,8275.941222457266
27050,ATRATO,2013,26.317136959377763,7869.200106748819
27050,ATRATO,2014,26.47931351695985,7600.430400584299
27050,ATRATO,2015,26.999379373454303,7696.683794153244
27050,ATRATO,2016,26.800891288921946,7144.774720870641
27050,ATRATO,2017,26.78995918987465,7510.760008582046
27050,ATRATO,2018,26.641205097445436,7846.139500730073
27050,ATRATO,2019,26.974372303914663,8277.49569517924
27050,ATRATO,2020,27.3552909576635,7671.130888311296
27050,ATRATO,2021,24.494093797911034,6583.358126732528
27050,ATRATO,2022,24.21177683849976,8466.111260308164
27075,BAHÍA SOLANO,2001,25.525576883951942,5105.175614928696
27075,BAHÍA SOLANO,2002,25.95345235188813,4602.19883784649
27075,BAHÍA SOLANO,2003,25.900674133300868,4328.063050622433
27075,BAHÍA SOLANO,2004,25.89215688069669,4896.393459026478
27075,BAHÍA SOLANO,2005,25.995473734537825,5711.731504074649
27075,BAHÍA SOLANO,2006,25.854900207519563,5536.701438873674
27075,BAHÍA SOLANO,2007,25.761687825520937,5701.869441656107
27075,BAHÍA SOLANO,2008,25.596460774739683,5187.335276546283
27075,BAHÍA SOLANO,2009,26.154343770345122,5338.27634981558
27075,BAHÍA SOLANO,2010,26.206433003743598,5050.871967451826
27075,BAHÍA SOLANO,2011,25.883985392252725,5615.835477686191
27075,BAHÍA SOLANO,2012,26.128501688639346,5005.5023476824235
27075,BAHÍA SOLANO,2013,26.082840779622472,4682.633192931516
27075,BAHÍA SOLANO,2014,26.3236000569662,4784.353141171036
27075,BAHÍA SOLANO,2015,26.727187398274793,4959.74751805756
27075,BAHÍA SOLANO,2016,26.545390726725373,4222.587949898449
27075,BAHÍA SOLANO,2017,26.403731180826867,4965.748802877553
27075,BAHÍA SOLANO,2018,26.30401590983081,4468.06477278338
27075,BAHÍA SOLANO,2019,26.48159973144533,5097.829184740777
27075,BAHÍA SOLANO,2020,26.823522135416738,4529.499024296956
27075,BAHÍA SOLANO,2021,24.49392541034115,5076.784264588784
27075,BAHÍA SOLANO,2022,24.24707989722873,5673.445330724275
27077,BAJO BAUDÓ,2001,25.53363862567477,7450.761871480901
27077,BAJO BAUDÓ,2002,25.99000270101766,7658.1438107200265
27077,BAJO BAUDÓ,2003,25.900524049335047,7499.040088400209
27077,BAJO BAUDÓ,2004,25.850020874871234,7723.877189649939
27077,BAJO BAUDÓ,2005,26.023183202743553,7599.756241103026
27077,BAJO BAUDÓ,2006,25.955300267537382,6949.754167097602
27077,BAJO BAUDÓ,2007,25.8328170405494,7371.225899415039
27077,BAJO BAUDÓ,2008,25.68931517601021,7066.735425804041
27077,BAJO BAUDÓ,2009,26.240321069293543,7393.9648885286915
27077,BAJO BAUDÓ,2010,26.2645891666412,7656.741098584879
27077,BAJO BAUDÓ,2011,26.032210418913166,7724.908186025078
27077,BAJO BAUDÓ,2012,26.25253228611416,7748.901904847826
27077,BAJO BAUDÓ,2013,26.153502003351832,7293.594325732545
27077,BAJO BAUDÓ,2014,26.3955343988207,7424.012978526043
27077,BAJO BAUDÓ,2015,26.881470113330465,6939.230633504156
27077,BAJO BAUDÓ,2016,26.628792222340905,6856.141507110435
27077,BAJO BAUDÓ,2017,26.554115417268576,7147.44958110894
27077,BAJO BAUDÓ,2018,26.421001291275104,6999.289541349369
27077,BAJO BAUDÓ,2019,26.654915799034995,7134.495668466876
27077,BAJO BAUDÓ,2020,27.035321993298,6306.601423548851
27077,BAJO BAUDÓ,2021,24.56513160582392,6477.057971695434
27077,BAJO BAUDÓ,2022,24.347639802520234,7885.574927738121
27099,BOJAYÁ,2001,25.497025776622934,5772.591111551873
27099,BOJAYÁ,2002,25.95694460341673,5431.447608868267
27099,BOJAYÁ,2003,25.894129965410514,4809.325985342348
27099,BOJAYÁ,2004,25.95249669811477,5442.556424434001
27099,BOJAYÁ,2005,26.151505630252245,6387.808707491789
27099,BOJAYÁ,2006,25.889100171324685,6391.759541071157
27099,BOJAYÁ,2007,25.80146867937583,6214.753424629298
27099,BOJAYÁ,2008,25.568152129442126,5903.159171898263
27099,BOJAYÁ,2009,26.342155891602488,6230.76896202193
27099,BOJAYÁ,2010,26.37007450347926,5716.892154797528
27099,BOJAYÁ,2011,26.024617294857023,6311.988409493604
27099,BOJAYÁ,2012,26.340185592537296,5899.56634444273
27099,BOJAYÁ,2013,26.374030626761623,5212.741748711125
27099,BOJAYÁ,2014,26.547360729239813,5570.685914615879
27099,BOJAYÁ,2015,26.99539292130197,5512.715618590419
27099,BOJAYÁ,2016,26.922703601713522,4748.692686820641
27099,BOJAYÁ,2017,26.607010975978085,5389.62964181897
27099,BOJAYÁ,2018,26.50884726659922,5123.16051378725
27099,BOJAYÁ,2019,26.79319877085453,5595.086654332121
27099,BOJAYÁ,2020,27.21968674505149,5047.469643265329
27099,BOJAYÁ,2021,24.390226360341217,5621.23006421238
27099,BOJAYÁ,2022,24.144976945388464,6549.962036448433
27135,EL CANTÓN DEL SAN PABLO,2001,25.096429969524536,7164.849795022341
27135,EL CANTÓN DEL SAN PABLO,2002,25.5944173878637,7455.590552325786
27135,EL CANTÓN DEL SAN PABLO,2003,25.419402234307654,7242.491673749877
27135,EL CANTÓN DEL SAN PABLO,2004,25.408446423760836,7146.225570758912
27135,EL CANTÓN DEL SAN PABLO,2005,25.681922333816033,7231.367836697553
27135,EL CANTÓN DEL SAN PABLO,2006,25.553206555596716,7136.281156043821
27135,EL CANTÓN DEL SAN PABLO,2007,25.39651773386987,6916.899256750491
27135,EL CANTÓN DEL SAN PABLO,2008,25.20565027697336,7514.967075477945
27135,EL CANTÓN DEL SAN PABLO,2009,25.97352410678201,7364.191490586438
27135,EL CANTÓN DEL SAN PABLO,2010,25.913338181068127,7856.665299597893
27135,EL CANTÓN DEL SAN PABLO,2011,25.709082452182145,7579.383123111151
27135,EL CANTÓN DEL SAN PABLO,2012,26.004189537311447,8238.14479686778
27135,EL CANTÓN DEL SAN PABLO,2013,25.95751132307379,7512.247881889568
27135,EL CANTÓN DEL SAN PABLO,2014,26.13621910358296,7527.926902812382
27135,EL CANTÓN DEL SAN PABLO,2015,26.677332069133854,7546.468839339149
27135,EL CANTÓN DEL SAN PABLO,2016,26.420715016332167,7156.524123591489
27135,EL CANTÓN DEL SAN PABLO,2017,26.35493700750942,7689.15073235155
27135,EL CANTÓN DEL SAN PABLO,2018,26.24722311085668,7803.6671553689675
27135,EL CANTÓN DEL SAN PABLO,2019,26.54797489560883,8141.457426045638
27135,EL CANTÓN DEL SAN PABLO,2020,26.911101453057654,7536.353875801084
27135,EL CANTÓN DEL SAN PABLO,2021,24.69063602359944,6503.960951750136
27135,EL CANTÓN DEL SAN PABLO,2022,24.405346453283016,8638.384679175342
27150,CARMEN DEL DARIÉN,2001,26.06602147603212,4471.05606238975
27150,CARMEN DEL DARIÉN,2002,26.557071208267757,4141.563148499938
27150,CARMEN DEL DARIÉN,2003,26.57182541442438,3982.0370418370608
27150,CARMEN DEL DARIÉN,2004,26.662700806761848,3871.0545431526757
27150,CARMEN DEL DARIÉN,2005,26.75830496918394,4601.246527772284
27150,CARMEN DEL DARIÉN,2006,26.403108215332054,4358.54386480322
27150,CARMEN DEL DARIÉN,2007,26.42622797026064,4254.41927609986
27150,CARMEN DEL DARIÉN,2008,26.08291880106765,4307.7683565472735
27150,CARMEN DEL DARIÉN,2009,26.889311223750553,4420.345646045491
27150,CARMEN DEL DARIÉN,2010,26.99531071066002,4583.686506962147
27150,CARMEN DEL DARIÉN,2011,26.504224478083586,5018.103274527644
27150,CARMEN DEL DARIÉN,2012,26.86470069061943,4626.551289090477
27150,CARMEN DEL DARIÉN,2013,27.044741530384158,4000.2897721995337
27150,CARMEN DEL DARIÉN,2014,27.210588567720094,4105.2573628844175
27150,CARMEN DEL DARIÉN,2015,27.570074386047907,4203.605285567516
27150,CARMEN DEL DARIÉN,2016,27.72539722250525,3715.8046959648177
27150,CARMEN DEL DARIÉN,2017,27.233419805293522,4143.71816333652
27150,CARMEN DEL DARIÉN,2018,27.10496593996777,4127.284842014681
27150,CARMEN DEL DARIÉN,2019,27.516522760185524,4403.575801661962
27150,CARMEN DEL DARIÉN,2020,27.96432444620484,3941.0570791432124
27150,CARMEN DEL DARIÉN,2021,25.22391536934765,4687.372167785963
27150,CARMEN DEL DARIÉN,2022,24.95719114490828,5425.84287182933
27160,CÉRTEGUI,2001,25.658444790073247,7630.424110406356
27160,CÉRTEGUI,2002,26.144464751557052,7777.706020506393
27160,CÉRTEGUI,2003,25.976754227218123,8035.557165824084
27160,CÉRTEGUI,2004,25.95387223250384,7315.134695063415
27160,CÉRTEGUI,2005,26.224759914158142,7474.488968328107
27160,CÉRTEGUI,2006,26.111628904542783,7709.138220948255
27160,CÉRTEGUI,2007,25.949253621134744,7285.196519890222
27160,CÉRTEGUI,2008,25.800731610918433,7937.7577206663755
27160,CÉRTEGUI,2009,26.520154491504684,7948.634824248559
27160,CÉRTEGUI,2010,26.489847121872288,8031.568174544015
27160,CÉRTEGUI,2011,26.315937901210134,8114.497291989806
27160,CÉRTEGUI,2012,26.585321471741224,8262.7712164719
27160,CÉRTEGUI,2013,26.52350566303818,7745.867789947655
27160,CÉRTEGUI,2014,26.67489461832122,7396.695933071401
27160,CÉRTEGUI,2015,27.20313127424339,7405.252712712752
27160,CÉRTEGUI,2016,26.97135218907073,7082.144131723765
27160,CÉRTEGUI,2017,26.996557361095938,7306.147845152095
27160,CÉRTEGUI,2018,26.848454060587926,7554.348274982918
27160,CÉRTEGUI,2019,27.122843154160307,7882.363490974152
27160,CÉRTEGUI,2020,27.463709989961274,7431.499354184996
27160,CÉRTEGUI,2021,24.428379440850904,6359.880272685769
27160,CÉRTEGUI,2022,24.185950342331637,8285.383790927783
27245,EL CARMEN DE ATRATO,2001,20.783085676552673,4723.336885214665
27245,EL CARMEN DE ATRATO,2002,21.189024861653706,4703.70591117041
27245,EL CARMEN DE ATRATO,2003,21.082260330863676,4975.1794888810355
27245,EL CARMEN DE ATRATO,2004,21.043561609240612,4278.342790749823
27245,EL CARMEN DE ATRATO,2005,21.40616859767755,4740.219426535716
27245,EL CARMEN DE ATRATO,2006,21.22536532637008,4656.328877194674
27245,EL CARMEN DE ATRATO,2007,21.08010994731518,4923.737958131509
27245,EL CARMEN DE ATRATO,2008,20.863165238974773,5154.514272539693
27245,EL CARMEN DE ATRATO,2009,21.6407947042714,4544.746377785724
27245,EL CARMEN DE ATRATO,2010,21.713549273947137,5169.998098448323
27245,EL CARMEN DE ATRATO,2011,21.434981171981235,5198.37636652327
27245,EL CARMEN DE ATRATO,2012,21.65188541135933,4594.64208815644
27245,EL CARMEN DE ATRATO,2013,21.691733628425084,4667.702882807533
27245,EL CARMEN DE ATRATO,2014,21.802330105546616,4139.302954255428
27245,EL CARMEN DE ATRATO,2015,22.25804268657305,4474.899989905932
27245,EL CARMEN DE ATRATO,2016,22.12068284629055,4447.4623605172665
27245,EL CARMEN DE ATRATO,2017,21.948671844040234,4218.570845722944
27245,EL CARMEN DE ATRATO,2018,21.778549835647425,4477.900973681561
27245,EL CARMEN DE ATRATO,2019,22.06775032817461,4630.382107216671
27245,EL CARMEN DE ATRATO,2020,22.302653304390333,4072.698163063207
27245,EL CARMEN DE ATRATO,2021,18.835901342369425,4062.1412158049047
27245,EL CARMEN DE ATRATO,2022,18.549695889437658,4596.195492393804
27250,EL LITORAL DEL SAN JUAN,2001,24.934131682723148,6875.743623700119
27250,EL LITORAL DEL SAN JUAN,2002,25.34015280088721,6204.321505107799
27250,EL LITORAL DEL SAN JUAN,2003,25.202659208683656,7166.922452911294
27250,EL LITORAL DEL SAN JUAN,2004,25.227345557786123,6663.088873279093
27250,EL LITORAL DEL SAN JUAN,2005,25.46229285187036,6591.2642872444885
27250,EL LITORAL DEL SAN JUAN,2006,25.414016012152615,6406.6888110175605
27250,EL LITORAL DEL SAN JUAN,2007,25.22231834612984,6474.6606669018265
27250,EL LITORAL DEL SAN JUAN,2008,25.16139528157072,6023.017830604311
27250,EL LITORAL DEL SAN JUAN,2009,25.66412421083868,6267.777068391804
27250,EL LITORAL DEL SAN JUAN,2010,25.691981322884203,5887.710303643439
27250,EL LITORAL DEL SAN JUAN,2011,25.521373316969004,6019.103939290896
27250,EL LITORAL DEL SAN JUAN,2012,25.710302474841285,6760.031931945131
27250,EL LITORAL DEL SAN JUAN,2013,25.581862893202413,6443.475419943808
27250,EL LITORAL DEL SAN JUAN,2014,25.828847223992227,5434.969482820198
27250,EL LITORAL DEL SAN JUAN,2015,26.32611028497871,4067.9928224117975
27250,EL LITORAL DEL SAN JUAN,2016,26.077930734584072,4839.879031226121
27250,EL LITORAL DEL SAN JUAN,2017,26.093734924674436,4359.581276769941
27250,EL LITORAL DEL SAN JUAN,2018,25.94005160066041,4234.911447029435
27250,EL LITORAL DEL SAN JUAN,2019,26.18956408011246,4275.085104798204
27250,EL LITORAL DEL SAN JUAN,2020,26.624018788267847,3390.9881305008853
27250,EL LITORAL DEL SAN JUAN,2021,23.679419365058664,5009.157811219574
27250,EL LITORAL DEL SAN JUAN,2022,23.450357094970343,4458.047593145929
27425,MEDIO ATRATO,2001,25.054591776529946,6620.82316501656
27425,MEDIO ATRATO,2002,25.527209625244154,6816.221922006954
27425,MEDIO ATRATO,2003,25.416993713378872,6296.675745399144
27425,MEDIO ATRATO,2004,25.414022165934227,6598.420998505487
27425,MEDIO ATRATO,2005,25.685298970540316,7342.058268845308
27425,MEDIO ATRATO,2006,25.49523000081382,7854.959319545189
27425,MEDIO ATRATO,2007,25.352032165527305,7776.857572697193
27425,MEDIO ATRATO,2008,25.15547861735024,7115.980381336459
27425,MEDIO ATRATO,2009,25.91693059285484,7200.69840330007
27425,MEDIO ATRATO,2010,25.96967371622725,6536.341731272066
27425,MEDIO ATRATO,2011,25.694374542236346,6938.889063837217
27425,MEDIO ATRATO,2012,25.96844060262049,6567.108365334954
27425,MEDIO ATRATO,2013,25.954567006429045,6406.311781314127
27425,MEDIO ATRATO,2014,26.134588114420637,6290.249017673533
27425,MEDIO ATRATO,2015,26.59153798421221,6363.2509210205635
27425,MEDIO ATRATO,2016,26.454400380452512,5706.5184867931475
27425,MEDIO ATRATO,2017,26.337350463867153,5856.211694067331
27425,MEDIO ATRATO,2018,26.18700876871742,6062.396096186795
27425,MEDIO ATRATO,2019,26.506386210123708,6370.0718982628505
27425,MEDIO ATRATO,2020,26.83457804361973,5605.813717211886
27425,MEDIO ATRATO,2021,24.084197330265567,5794.42512029662
27425,MEDIO ATRATO,2022,23.825052681451325,6664.015896909894
27430,MEDIO BAUDÓ,2001,25.40640583330486,7531.024691151047
27430,MEDIO BAUDÓ,2002,25.909688710018656,8311.190448585185
27430,MEDIO BAUDÓ,2003,25.732654503085655,7464.4374600231595
27430,MEDIO BAUDÓ,2004,25.731450828368622,7913.634245173236
27430,MEDIO BAUDÓ,2005,26.002675637009418,7525.631667500318
27430,MEDIO BAUDÓ,2006,25.89408708234322,7034.92747134935
27430,MEDIO BAUDÓ,2007,25.743151815401916,7118.404794753407
27430,MEDIO BAUDÓ,2008,25.57210212557277,7285.690485454178
27430,MEDIO BAUDÓ,2009,26.28859188822736,7597.599166733935
27430,MEDIO BAUDÓ,2010,26.228237066957604,8145.032070126451
27430,MEDIO BAUDÓ,2011,26.04410902561716,7798.797528638044
27430,MEDIO BAUDÓ,2012,26.31052514541591,8383.984409236657
27430,MEDIO BAUDÓ,2013,26.22565081907311,7636.508058422718
27430,MEDIO BAUDÓ,2014,26.442917811688005,7725.608864864701
27430,MEDIO BAUDÓ,2015,26.99360183281766,7218.764481952171
27430,MEDIO BAUDÓ,2016,26.709823414742004,7064.039006894782
27430,MEDIO BAUDÓ,2017,26.61232422676335,7669.175264199824
27430,MEDIO BAUDÓ,2018,26.508047665652384,7532.427320414077
27430,MEDIO BAUDÓ,2019,26.786959297964756,7800.038055241353
27430,MEDIO BAUDÓ,2020,27.19276228556231,6972.1981761621355
27430,MEDIO BAUDÓ,2021,24.624931192192037,6544.716976884567
27430,MEDIO BAUDÓ,2022,24.389297304668787,8523.165728208667
27450,MEDIO SAN JUAN,2001,25.217748382429022,7298.009361733084
27450,MEDIO SAN JUAN,2002,25.701646806551423,8082.234792179938
27450,MEDIO SAN JUAN,2003,25.502203146181216,7389.210122492375
27450,MEDIO SAN JUAN,2004,25.518481138743198,7520.894506477198
27450,MEDIO SAN JUAN,2005,25.79859725046373,7200.843581381845
27450,MEDIO SAN JUAN,2006,25.70143638854705,7187.354190885413
27450,MEDIO SAN JUAN,2007,25.52443401737304,7457.315309660839
27450,MEDIO SAN JUAN,2008,25.383124113736073,7351.880243102102
27450,MEDIO SAN JUAN,2009,26.064018939292623,7771.178762785041
27450,MEDIO SAN JUAN,2010,26.016482585750225,7924.981124289953
27450,MEDIO SAN JUAN,2011,25.85341127996577,7389.897355500181
27450,MEDIO SAN JUAN,2012,26.10714654791849,8025.1176365152405
27450,MEDIO SAN JUAN,2013,26.01098983973668,7527.596621724067
27450,MEDIO SAN JUAN,2014,26.23518841190429,7035.086088612657
27450,MEDIO SAN JUAN,2015,26.81313462627537,6669.205592927586
27450,MEDIO SAN JUAN,2016,26.525554528083944,5705.2168103568865
27450,MEDIO SAN JUAN,2017,26.4578140049764,6169.604865981504
27450,MEDIO SAN JUAN,2018,26.34595370357988,5857.767169619621
27450,MEDIO SAN JUAN,2019,26.627141971675258,6212.905140324278
27450,MEDIO SAN JUAN,2020,27.036455295510507,5293.506877483499
27450,MEDIO SAN JUAN,2021,24.60528288524381,5724.043286131373
27450,MEDIO SAN JUAN,2022,24.366549151706238,6837.091268091527
27493,NUEVO BELÉN DE BAJIRÁ,2001,26.306491258409267,3762.494463282641
27493,NUEVO BELÉN DE BAJIRÁ,2002,26.797402459603745,3625.6832832098225
27493,NUEVO BELÉN DE BAJIRÁ,2003,26.816560363769497,3644.805297772732
27493,NUEVO BELÉN DE BAJIRÁ,2004,26.9076620455142,3181.969624028896
27493,NUEVO BELÉN DE BAJIRÁ,2005,26.9970255675139,3997.134812456239
27493,NUEVO BELÉN DE BAJIRÁ,2006,26.634193462795736,3847.7818346289073
27493,NUEVO BELÉN DE BAJIRÁ,2007,26.718755905716478,4105.32099729674
27493,NUEVO BELÉN DE BAJIRÁ,2008,26.345787443938036,4010.8918315384376
27493,NUEVO BELÉN DE BAJIRÁ,2009,27.166302052250614,3715.967298480917
27493,NUEVO BELÉN DE BAJIRÁ,2010,27.253157834653507,4004.3608537852915
27493,NUEVO BELÉN DE BAJIRÁ,2011,26.73095368279354,4354.780766882956
27493,NUEVO BELÉN DE BAJIRÁ,2012,27.123426267835896,4003.2562164567858
27493,NUEVO BELÉN DE BAJIRÁ,2013,27.30583251670555,3807.1632204963776
27493,NUEVO BELÉN DE BAJIRÁ,2014,27.54086209049933,3521.6676255159964
27493,NUEVO BELÉN DE BAJIRÁ,2015,27.823776499430323,3663.479750108409
27493,NUEVO BELÉN DE BAJIRÁ,2016,27.908975361011642,3313.5895851813784
27493,NUEVO BELÉN DE BAJIRÁ,2017,27.473055705317734,3603.2045452163256
27493,NUEVO BELÉN DE BAJIRÁ,2018,27.2931766933865,3625.2092445333265
27493,NUEVO BELÉN DE BAJIRÁ,2019,27.744419352213583,3816.339988262063
27493,NUEVO BELÉN DE BAJIRÁ,2020,28.140477823328126,3491.6571988060837
27493,NUEVO BELÉN DE BAJIRÁ,2021,25.55769189808592,4131.749751602085
27493,NUEVO BELÉN DE BAJIRÁ,2022,25.3041359768265,4659.944181040446
27580,RÍO IRÓ,2001,25.18172696308028,6692.213370369029
27580,RÍO IRÓ,2002,25.674120086373648,7246.309206428235
27580,RÍO IRÓ,2003,25.47656617396086,7057.1180415666295
27580,RÍO IRÓ,2004,25.450113063182698,6604.420321252113
27580,RÍO IRÓ,2005,25.727961390226824,6571.091393564063
27580,RÍO IRÓ,2006,25.650836655700118,6522.654846531674
27580,RÍO IRÓ,2007,25.45977854312048,6474.327052379205
27580,RÍO IRÓ,2008,25.325861780851824,6887.489871396868
27580,RÍO IRÓ,2009,26.038819959325735,6888.810046739234
27580,RÍO IRÓ,2010,25.979206092612287,6928.668211593122
27580,RÍO IRÓ,2011,25.84153507565992,6927.5913007806
27580,RÍO IRÓ,2012,26.090834060224495,7269.466064100928
27580,RÍO IRÓ,2013,26.01475788597918,6797.672533305746
27580,RÍO IRÓ,2014,26.210473336525354,6543.919888822064
27580,RÍO IRÓ,2015,26.746492967327868,6163.269274830461
27580,RÍO IRÓ,2016,26.476376253887338,6120.040974675407
27580,RÍO IRÓ,2017,26.48430697246664,6500.227906184734
27580,RÍO IRÓ,2018,26.360058949294626,6399.757118118618
27580,RÍO IRÓ,2019,26.616199204528243,6646.945859802491
27580,RÍO IRÓ,2020,26.951680718579382,6094.397409072019
27580,RÍO IRÓ,2021,23.89244670729829,5649.078849422121
27580,RÍO IRÓ,2022,23.659727008787286,7187.250071174443
27600,RÍO QUITO,2001,25.160422405925885,7183.29876425901
27600,RÍO QUITO,2002,25.643818577928812,7171.967257311979
27600,RÍO QUITO,2003,25.489647504648246,7220.439501592234
27600,RÍO QUITO,2004,25.48786455845726,6918.0095727837515
27600,RÍO QUITO,2005,25.765375555446496,7311.281689155534
27600,RÍO QUITO,2006,25.614003170629758,7668.579465606545
27600,RÍO QUITO,2007,25.47910268192203,7579.843590905481
27600,RÍO QUITO,2008,25.25593336346884,7745.828849358101
27600,RÍO QUITO,2009,26.045334488647995,7411.943653717586
27600,RÍO QUITO,2010,26.013229996460495,7810.534649922366
27600,RÍO QUITO,2011,25.788266271066448,7784.39434887685
27600,RÍO QUITO,2012,26.078261089741375,7617.353485592587
27600,RÍO QUITO,2013,26.038379812448795,7300.9755013938675
27600,RÍO QUITO,2014,26.219432740856973,7476.194011354889
27600,RÍO QUITO,2015,26.721808580956633,7687.753673307582
27600,RÍO QUITO,2016,26.504488242869854,6983.304839470268
27600,RÍO QUITO,2017,26.426285149853243,7655.234116815325
27600,RÍO QUITO,2018,26.3008283190332,7698.521421511256
27600,RÍO QUITO,2019,26.616244813344338,8144.521017332284
27600,RÍO QUITO,2020,26.95888618569188,7536.1242200061915
27600,RÍO QUITO,2021,24.652096288519942,6591.623919193858
27600,RÍO QUITO,2022,24.36319232706518,8571.775410944398
27810,UNIÓN PANAMERICANA,2001,25.270947362506206,7556.622636091189
27810,UNIÓN PANAMERICANA,2002,25.77392113095243,8024.526899463816
27810,UNIÓN PANAMERICANA,2003,25.593007114955412,7740.3033762639325
27810,UNIÓN PANAMERICANA,2004,25.573109654017856,7413.67462339753
27810,UNIÓN PANAMERICANA,2005,25.848403397817492,7395.012671829898
27810,UNIÓN PANAMERICANA,2006,25.729042852492626,7351.667330340935
27810,UNIÓN PANAMERICANA,2007,25.56123637850328,7099.158001059717
27810,UNIÓN PANAMERICANA,2008,25.399485948350673,7696.911760926897
27810,UNIÓN PANAMERICANA,2009,26.13431289915053,7779.370100857781
27810,UNIÓN PANAMERICANA,2010,26.083668251643132,8039.337589868104
27810,UNIÓN PANAMERICANA,2011,25.90563742016991,7751.204231083394
27810,UNIÓN PANAMERICANA,2012,26.184139869326657,8628.40608351934
27810,UNIÓN PANAMERICANA,2013,26.131886025080576,7770.066670499213
27810,UNIÓN PANAMERICANA,2014,26.29348774259057,7623.874772220362
27810,UNIÓN PANAMERICANA,2015,26.847201102120607,7448.832428112707
27810,UNIÓN PANAMERICANA,2016,26.60717889694945,7224.4546716079685
27810,UNIÓN PANAMERICANA,2017,26.583607216486882,7636.376604121566
27810,UNIÓN PANAMERICANA,2018,26.460834030877947,7733.747696228041
27810,UNIÓN PANAMERICANA,2019,26.75320357065351,8085.356586882325
27810,UNIÓN PANAMERICANA,2020,27.143164934430843,7466.305714351556
27810,UNIÓN PANAMERICANA,2021,24.36351208344331,6526.814761233785
27810,UNIÓN PANAMERICANA,2022,24.09633465558977,8553.862155766761
41132,CAMPOALEGRE,2001,22.54714175953586,1207.6621818111648
41132,CAMPOALEGRE,2002,22.72442914177384,1352.6384886406547
41132,CAMPOALEGRE,2003,22.747628684449012,1480.6699003250685
41132,CAMPOALEGRE,2004,22.8233735128166,1536.6903644061924
41132,CAMPOALEGRE,2005,22.9971412010442,1616.7073291225877
41132,CAMPOALEGRE,2006,22.76499198963438,1774.29898140791
41132,CAMPOALEGRE,2007,22.706768838720393,1531.1734680176396
41132,CAMPOALEGRE,2008,22.46446405547897,1902.1612393576904
41132,CAMPOALEGRE,2009,23.033485841439415,1552.953236624159
41132,CAMPOALEGRE,2010,23.122708269505722,1949.6560401973072
41132,CAMPOALEGRE,2011,22.623006464141667,2495.3245545181485
41132,CAMPOALEGRE,2012,22.697948061874513,1628.5303721449054
41132,CAMPOALEGRE,2013,22.935976993336396,1626.7635845859481
41132,CAMPOALEGRE,2014,22.883743465647967,1513.6129398959554
41132,CAMPOALEGRE,2015,23.43736863479114,805.770355506049
41132,CAMPOALEGRE,2016,23.66924338745912,1248.4011302535196
41132,CAMPOALEGRE,2017,23.202015676062103,1708.6062788537145
41132,CAMPOALEGRE,2018,23.181152622995796,1316.2542632422908
41132,CAMPOALEGRE,2019,23.5253310658573,1386.0100807834942
41132,CAMPOALEGRE,2020,24.267593563304274,1578.7491767400013
41132,CAMPOALEGRE,2021,23.539908458284344,1937.377353483695
41132,CAMPOALEGRE,2022,23.184034492503713,2305.280130839985
41660,SALADOBLANCO,2001,12.495000781888336,1436.3796952744476
41660,SALADOBLANCO,2002,12.663025779973509,1562.195498848369
41660,SALADOBLANCO,2003,12.627819465188509,1377.323451905771
41660,SALADOBLANCO,2004,12.874454553142925,1526.9579338200754
41660,SALADOBLANCO,2005,13.118276837916142,1744.1798796225594
41660,SALADOBLANCO,2006,12.932941192427506,1677.1361359554605
41660,SALADOBLANCO,2007,12.94326909881795,1667.224850853171
41660,SALADOBLANCO,2008,12.884904330384586,1792.973749189804
41660,SALADOBLANCO,2009,13.275404667075179,1532.0789389037564
41660,SALADOBLANCO,2010,13.459819599226478,1716.1860393087118
41660,SALADOBLANCO,2011,13.183926531224529,1895.047266619166
41660,SALADOBLANCO,2012,12.88488837348092,1513.5745362284024
41660,SALADOBLANCO,2013,13.051311896829077,1662.6629259902038
41660,SALADOBLANCO,2014,13.065909072776265,1609.6230498988816
41660,SALADOBLANCO,2015,13.287171287786009,1178.3269484392192
41660,SALADOBLANCO,2016,13.589377489277013,1306.0881942683284
41660,SALADOBLANCO,2017,13.432536884382671,1748.3258923322742
41660,SALADOBLANCO,2018,13.27890381657221,1390.0177208041855
41660,SALADOBLANCO,2019,13.52487330218554,1385.4299688520719
41660,SALADOBLANCO,2020,14.046245380476421,1390.4339641932413
41660,SALADOBLANCO,2021,12.664029060848236,1507.3258704238367
41660,SALADOBLANCO,2022,12.499406643985083,1932.1948449556794
41872,VILLAVIEJA,2001,26.51534158457889,967.7463842069959
41872,VILLAVIEJA,2002,26.821214294433616,1119.9509298359114
41872,VILLAVIEJA,2003,27.145330213463865,1210.5080362098847
41872,VILLAVIEJA,2004,26.723984958814583,1160.6299298936271
41872,VILLAVIEJA,2005,26.932702636718773,1277.1127648863412
41872,VILLAVIEJA,2006,26.315590435525678,1351.696057555702
41872,VILLAVIEJA,2007,26.411171158500338,1184.5450794357796
41872,VILLAVIEJA,2008,25.49560400921365,1542.663654686556
41872,VILLAVIEJA,2009,26.402153877590024,1226.3075784594182
41872,VILLAVIEJA,2010,26.074040155825458,1691.7218000342168
41872,VILLAVIEJA,2011,25.653761689559303,1976.1425000097825
41872,VILLAVIEJA,2012,26.659744793435834,1292.7710353679267
41872,VILLAVIEJA,2013,26.842060122282646,1259.5232175276612
41872,VILLAVIEJA,2014,27.091004280422055,1163.1070235800248
41872,VILLAVIEJA,2015,27.977966175908648,892.2126291425617
41872,VILLAVIEJA,2016,27.681399005392393,1154.1907440951015
41872,VILLAVIEJA,2017,26.970571634043893,1475.556967891261
41872,VILLAVIEJA,2018,27.098274761697553,1167.9701437487142
41872,VILLAVIEJA,2019,27.663237397567116,1093.7721040925362
41872,VILLAVIEJA,2020,28.61711936618974,1189.7063324109686
41872,VILLAVIEJA,2021,26.858656853399225,1583.2765675166843
41872,VILLAVIEJA,2022,26.306898810616985,1614.4979508733952
44090,DIBULLA,2001,22.48826138468496,2150.3783866308418
44090,DIBULLA,2002,22.938789291513217,1769.0525669430212
44090,DIBULLA,2003,22.90781909725962,2678.600947407417
44090,DIBULLA,2004,22.708824948230472,2857.481181943544
44090,DIBULLA,2005,22.879668758740365,2653.666657850632
44090,DIBULLA,2006,22.86378569873807,2342.3875611611966
44090,DIBULLA,2007,22.779307264633417,2697.126420328911
44090,DIBULLA,2008,22.527914801645295,2687.8029489374044
44090,DIBULLA,2009,22.86871778058105,1909.4788975111903
44090,DIBULLA,2010,23.138701331553932,3454.808448912779
44090,DIBULLA,2011,22.70074272746683,3438.5939824387347
44090,DIBULLA,2012,23.01348518726138,2522.384526198278
44090,DIBULLA,2013,23.146599238751833,2282.962420600027
44090,DIBULLA,2014,23.169049303379836,1486.7935955470448
44090,DIBULLA,2015,23.36662110215417,883.2912291344378
44090,DIBULLA,2016,23.38595228080294,2036.8061194988095
44090,DIBULLA,2017,22.984721293096584,2154.243450757751
44090,DIBULLA,2018,22.81442700909679,1638.3518955731042
44090,DIBULLA,2019,23.074738798945873,1570.0422209799851
44090,DIBULLA,2020,23.054375065132206,2050.1493482156457
44090,DIBULLA,2021,20.707050771980448,1447.0561137438842
44090,DIBULLA,2022,20.43573363426117,2869.114407257419
44098,DISTRACCIÓN,2001,25.121136320089988,882.5789554473248
44098,DISTRACCIÓN,2002,25.61132318037977,716.6430274461544
44098,DISTRACCIÓN,2003,25.472937166238125,1288.0814856091317
44098,DISTRACCIÓN,2004,25.093168311783018,1097.2065334110166
44098,DISTRACCIÓN,2005,25.129531358163604,1205.254251287966
44098,DISTRACCIÓN,2006,25.424236519728993,1088.6314968633244
44098,DISTRACCIÓN,2007,25.30139824589594,1227.6723408546811
44098,DISTRACCIÓN,2008,25.10976446610465,1191.5556384815893
44098,DISTRACCIÓN,2009,25.539277359201947,1017.152561577112
44098,DISTRACCIÓN,2010,25.730437923383136,1473.1836115400376
44098,DISTRACCIÓN,2011,25.15108101760285,1595.2961393741764
44098,DISTRACCIÓN,2012,25.80690029482298,1064.9383167437445
44098,DISTRACCIÓN,2013,26.09865452247334,988.7551174550174
44098,DISTRACCIÓN,2014,26.27535516280159,935.0359841339841
44098,DISTRACCIÓN,2015,26.516294532486143,610.9888662308583
44098,DISTRACCIÓN,2016,26.156072766267812,1175.5224141278197
44098,DISTRACCIÓN,2017,25.3251826419106,1305.9172134513276
44098,DISTRACCIÓN,2018,25.625640946400324,925.0090494551681
44098,DISTRACCIÓN,2019,26.049950785576584,1004.5997085464666
44098,DISTRACCIÓN,2020,26.344457389735,1272.34904992707
44098,DISTRACCIÓN,2021,23.955397195209514,886.1741879578541
44098,DISTRACCIÓN,2022,23.69563615085167,1592.8566431336506
44378,HATONUEVO,2001,26.888866379681815,799.6385142211501
44378,HATONUEVO,2002,27.425916065889282,720.9176080707213
44378,HATONUEVO,2003,27.11376028621902,1192.534922457205
44378,HATONUEVO,2004,26.71795582490813,1065.3741616483198
44378,HATONUEVO,2005,26.553936857335714,1321.1829264865398
44378,HATONUEVO,2006,27.079242661420096,1074.6374728813685
44378,HATONUEVO,2007,26.919035249597925,1238.243083192137
44378,HATONUEVO,2008,26.771586878159496,1256.0197769069093
44378,HATONUEVO,2009,27.350650742474727,851.509787098898
44378,HATONUEVO,2010,27.182936006433863,1706.5301912976431
44378,HATONUEVO,2011,26.59875730626726,1530.3424382217854
44378,HATONUEVO,2012,27.4799564137179,929.2298830952435
44378,HATONUEVO,2013,27.963496219410672,731.9047115203799
44378,HATONUEVO,2014,28.184782319910425,803.477150372184
44378,HATONUEVO,2015,28.485738148408814,521.823284050425
44378,HATONUEVO,2016,27.818635110294167,1148.678994833976
44378,HATONUEVO,2017,27.035065325568723,1051.3752176096789
44378,HATONUEVO,2018,27.537391842112868,778.4981614312758
44378,HATONUEVO,2019,27.822197588752374,836.0911157047199
44378,HATONUEVO,2020,28.2145822861616,1127.2045914946268
44378,HATONUEVO,2021,25.771875794762877,774.620287759925
44378,HATONUEVO,2022,25.448163943279383,1376.9774882915658
44420,LA JAGUA DEL PILAR,2001,23.002196974981416,1244.3660502995244
44420,LA JAGUA DEL PILAR,2002,23.511683097718276,1129.2764505883863
44420,LA JAGUA DEL PILAR,2003,23.60875999813993,1506.9259145465794
44420,LA JAGUA DEL PILAR,2004,23.199429175967225,1184.4357647955264
44420,LA JAGUA DEL PILAR,2005,23.357614377945197,1350.5129031252018
44420,LA JAGUA DEL PILAR,2006,23.286738029358844,1263.2561433743858
44420,LA JAGUA DEL PILAR,2007,23.200573342943983,1345.915980523654
44420,LA JAGUA DEL PILAR,2008,23.053653002542205,1276.5017080291857
44420,LA JAGUA DEL PILAR,2009,23.585708569723465,1118.311218060799
44420,LA JAGUA DEL PILAR,2010,23.644929141090017,1592.1207597610196
44420,LA JAGUA DEL PILAR,2011,23.241064840649813,1514.575198677375
44420,LA JAGUA DEL PILAR,2012,23.723235308934818,1175.6344507799927
44420,LA JAGUA DEL PILAR,2013,23.825734650142635,1163.5876456587305
44420,LA JAGUA DEL PILAR,2014,23.975611320374526,1043.0331013609305
44420,LA JAGUA DEL PILAR,2015,24.6374005030072,992.0588846618925
44420,LA JAGUA DEL PILAR,2016,24.55099991086928,1192.5537419103505
44420,LA JAGUA DEL PILAR,2017,23.379953729538727,1376.908530346787
44420,LA JAGUA DEL PILAR,2018,23.441256762307773,1021.0944313620012
44420,LA JAGUA DEL PILAR,2019,24.002019682384685,1173.2528572872848
44420,LA JAGUA DEL PILAR,2020,24.23913593594989,1232.2257160462511
44420,LA JAGUA DEL PILAR,2021,24.5729882512681,985.6712206290474
44420,LA JAGUA DEL PILAR,2022,24.346650613160364,1767.7175108024164
47001,SANTA MARTA,2001,23.590485080225733,2144.7879099219713
47001,SANTA MARTA,2002,24.00899642573131,1802.4270458639878
47001,SANTA MARTA,2003,24.047926500542758,2444.0478192616215
47001,SANTA MARTA,2004,23.845792872469247,2559.941929076244
47001,SANTA MARTA,2005,24.112953520126496,2379.1160758168776
47001,SANTA MARTA,2006,24.013732863266284,2187.1381507692745
47001,SANTA MARTA,2007,23.903677880046644,2521.756072926971
47001,SANTA MARTA,2008,23.608066761051134,2543.812375886322
47001,SANTA MARTA,2009,23.927698183731366,1816.2497429318803
47001,SANTA MARTA,2010,24.195086677736924,3144.059786310071
47001,SANTA MARTA,2011,23.820650686344663,2908.010181713002
47001,SANTA MARTA,2012,24.05606734780133,2180.0716490585155
47001,SANTA MARTA,2013,24.07789812271176,1933.4904482097218
47001,SANTA MARTA,2014,24.12371051705304,1160.947756209007
47001,SANTA MARTA,2015,24.304013135765956,669.3526521634584
47001,SANTA MARTA,2016,24.437398397174718,1500.6325227669727
47001,SANTA MARTA,2017,24.235814515332493,1766.611986412275
47001,SANTA MARTA,2018,23.926350838518374,1254.0512728733595
47001,SANTA MARTA,2019,24.19877950006503,1087.9657540317608
47001,SANTA MARTA,2020,24.023184520609163,1636.080259783806
47001,SANTA MARTA,2021,20.71605919922223,1214.7838891403205
47001,SANTA MARTA,2022,20.46689539095604,2351.396501049334
47030,ALGARROBO,2001,27.324877301384504,1231.0967410781527
47030,ALGARROBO,2002,28.568780517578205,1024.2062184016665
47030,ALGARROBO,2003,28.08778444177966,1456.4481076275163
47030,ALGARROBO,2004,27.71272924086628,1405.0491309997835
47030,ALGARROBO,2005,27.679522076775072,1275.9860155968672
47030,ALGARROBO,2006,27.584391156364916,1452.6185897027271
47030,ALGARROBO,2007,27.334945409438205,1533.2657404857985
47030,ALGARROBO,2008,27.296129742790697,1502.9136727467296
47030,ALGARROBO,2009,28.13285531436702,1123.1586591808905
47030,ALGARROBO,2010,27.57873867259309,2098.461337990902
47030,ALGARROBO,2011,27.138262311150072,1746.109536096925
47030,ALGARROBO,2012,27.98793810676125,1251.3115595072716
47030,ALGARROBO,2013,28.34285125732424,1403.6620091598693
47030,ALGARROBO,2014,28.825623186896905,1228.2413231845408
47030,ALGARROBO,2015,29.4115068323473,737.4253447677542
47030,ALGARROBO,2016,28.883031239229183,1258.1477156012709
47030,ALGARROBO,2017,28.496914313821264,1481.1406416337834
47030,ALGARROBO,2018,28.750763118968337,1227.836452558282
47030,ALGARROBO,2019,29.177764174517506,1225.565725988954
47030,ALGARROBO,2020,29.748023268755787,1298.6973625596236
47030,ALGARROBO,2021,26.362237639018076,1052.5099674209969
47030,ALGARROBO,2022,25.696669563948035,1866.1455497442455
47161,CERRO DE SAN ANTONIO,2001,27.467259914592148,1079.7462667436926
47161,CERRO DE SAN ANTONIO,2002,28.325908182435114,1074.0107704202865
47161,CERRO DE SAN ANTONIO,2003,28.130356197033905,1293.269488358226
47161,CERRO DE SAN ANTONIO,2004,28.015475619041354,1222.724824218344
47161,CERRO DE SAN ANTONIO,2005,28.0309237205376,1384.110353030085
47161,CERRO DE SAN ANTONIO,2006,27.997008346299026,1292.4228223493928
47161,CERRO DE SAN ANTONIO,2007,27.84621944104208,1379.6511892942017
47161,CERRO DE SAN ANTONIO,2008,27.65860875016557,1393.9390800729514
47161,CERRO DE SAN ANTONIO,2009,28.39791777012715,1106.8739552624504
47161,CERRO DE SAN ANTONIO,2010,28.197850734904705,1603.4794377414134
47161,CERRO DE SAN ANTONIO,2011,27.71713680978553,1530.633329629179
47161,CERRO DE SAN ANTONIO,2012,28.326994401317563,1108.4802771498307
47161,CERRO DE SAN ANTONIO,2013,28.427417923232213,1186.688586339035
47161,CERRO DE SAN ANTONIO,2014,28.7165507688361,1220.5600787948508
47161,CERRO DE SAN ANTONIO,2015,29.076530947927722,837.0094237527325
47161,CERRO DE SAN ANTONIO,2016,28.782399426476502,1442.282476234852
47161,CERRO DE SAN ANTONIO,2017,28.54587888556017,1328.200972143071
47161,CERRO DE SAN ANTONIO,2018,28.498906125860685,1186.8279360074737
47161,CERRO DE SAN ANTONIO,2019,29.004794983944635,1156.8672512648052
47161,CERRO DE SAN ANTONIO,2020,29.40391680184058,1204.4653136173085
47161,CERRO DE SAN ANTONIO,2021,27.93493296086649,1263.9536179503473
47161,CERRO DE SAN ANTONIO,2022,27.40502297330437,1689.295995081418
47258,EL PIÑÓN,2001,27.62095819288686,1139.6126450681122
47258,EL PIÑÓN,2002,28.51768113002987,1054.000300463684
47258,EL PIÑÓN,2003,28.225763923891122,1319.8552716885329
47258,EL PIÑÓN,2004,28.12811177571615,1185.957581010921
47258,EL PIÑÓN,2005,28.109208597162706,1359.2468291748721
47258,EL PIÑÓN,2006,28.086624604912174,1288.598422385084
47258,EL PIÑÓN,2007,27.928240835538475,1392.2637142681303
47258,EL PIÑÓN,2008,27.7216151739961,1336.9047788995363
47258,EL PIÑÓN,2009,28.52001375588037,1037.0659667871876
47258,EL PIÑÓN,2010,28.245500101068956,1653.4009682706
47258,EL PIÑÓN,2011,27.76148376464846,1499.5764465506984
47258,EL PIÑÓN,2012,28.460843289283048,1041.4398326200405
47258,EL PIÑÓN,2013,28.59465056388609,1133.910750501303
47258,EL PIÑÓN,2014,28.89685875677293,1168.0785716276466
47258,EL PIÑÓN,2015,29.2918018300046,746.1106345005105
47258,EL PIÑÓN,2016,28.97719267158095,1367.9058857247142
47258,EL PIÑÓN,2017,28.72949215468543,1270.6934318577319
47258,EL PIÑÓN,2018,28.64974201161374,1110.9652076046568
47258,EL PIÑÓN,2019,29.096496056997694,1134.0338493645627
47258,EL PIÑÓN,2020,29.448617061491916,1144.2318177512275
47258,EL PIÑÓN,2021,27.88173851757523,1194.3247519582608
47258,EL PIÑÓN,2022,27.326943617789595,1621.9433411276143
47268,EL RETÉN,2001,27.129288518996532,1084.3632736159905
47268,EL RETÉN,2002,27.817150006975453,1043.152755849881
47268,EL RETÉN,2003,27.492983209519195,1416.0873644095175
47268,EL RETÉN,2004,27.351472109840074,1168.5046071217776
47268,EL RETÉN,2005,27.372088550386025,1285.9093536057132
47268,EL RETÉN,2006,27.32648874918624,1293.4890676789978
47268,EL RETÉN,2007,27.221603466215583,1673.93890241511
47268,EL RETÉN,2008,27.024295334588942,1304.462363544705
47268,EL RETÉN,2009,27.607169087727925,861.3020872822733
47268,EL RETÉN,2010,27.40996086483915,2386.098359819177
47268,EL RETÉN,2011,27.106419227236813,1786.885472347003
47268,EL RETÉN,2012,27.69195927211217,1238.9727693837735
47268,EL RETÉN,2013,27.875265648251514,1184.5039536483403
47268,EL RETÉN,2014,28.251731945219547,833.7099225192549
47268,EL RETÉN,2015,28.593985130673445,442.63240827558815
47268,EL RETÉN,2016,28.404343813941693,1162.9058044911912
47268,EL RETÉN,2017,28.227193632580054,1309.0225612113359
47268,EL RETÉN,2018,28.22402888706756,945.3324442476497
47268,EL RETÉN,2019,28.61028369721913,944.0139629822014
47268,EL RETÉN,2020,28.58192124139697,1219.9663690903724
47268,EL RETÉN,2021,26.910905643342062,999.2557757422364
47268,EL RETÉN,2022,26.380461345588515,1844.5815075924297
47460,NUEVA GRANADA,2001,27.427753612936215,1028.6157097628384
47460,NUEVA GRANADA,2002,28.380502265417988,982.4080428876446
47460,NUEVA GRANADA,2003,28.039852225906827,1158.53448184105
47460,NUEVA GRANADA,2004,27.92470239430355,1192.5895649020094
47460,NUEVA GRANADA,2005,27.77855953580496,1224.262246004394
47460,NUEVA GRANADA,2006,27.699473825191887,1290.981043561275
47460,NUEVA GRANADA,2007,27.55959332469496,1393.843450088429
47460,NUEVA GRANADA,2008,27.310064244354578,1245.3128981264742
47460,NUEVA GRANADA,2009,28.198162971200077,1052.0157147930518
47460,NUEVA GRANADA,2010,27.822987737756705,1762.587018820801
47460,NUEVA GRANADA,2011,27.25019997101367,1499.013013057653
47460,NUEVA GRANADA,2012,28.22253929111224,1213.9044647848764
47460,NUEVA GRANADA,2013,28.367275105938063,1271.4145754345336
47460,NUEVA GRANADA,2014,28.76787579539814,1059.2367152320803
47460,NUEVA GRANADA,2015,29.374029195940523,931.8229549216946
47460,NUEVA GRANADA,2016,28.981055636456517,1032.6449009978246
47460,NUEVA GRANADA,2017,28.764324110051348,1198.264196244356
47460,NUEVA GRANADA,2018,28.695849781912557,1075.6902277044558
47460,NUEVA GRANADA,2019,29.114765547358104,957.713981278454
47460,NUEVA GRANADA,2020,29.74350626915168,1050.1739767337847
47460,NUEVA GRANADA,2021,27.7715920295023,1032.0343829328028
47460,NUEVA GRANADA,2022,27.02596863095539,1485.313547820465
47545,PIJIÑO DEL CARMEN,2001,27.905121619422175,1053.448329145322
47545,PIJIÑO DEL CARMEN,2002,28.85082493687537,1132.242066932869
47545,PIJIÑO DEL CARMEN,2003,28.404014738615615,1333.5616773986637
47545,PIJIÑO DEL CARMEN,2004,28.41692147469729,1256.0276174257647
47545,PIJIÑO DEL CARMEN,2005,28.18964442347618,1353.605683798709
47545,PIJIÑO DEL CARMEN,2006,28.050587642085418,1419.9133770136114
47545,PIJIÑO DEL CARMEN,2007,27.882654083526916,1572.998345298521
47545,PIJIÑO DEL CARMEN,2008,27.60344766152872,1427.8880366450692
47545,PIJIÑO DEL CARMEN,2009,28.51413219555002,1089.6274983020833
47545,PIJIÑO DEL CARMEN,2010,28.09619643752643,2077.497458818114
47545,PIJIÑO DEL CARMEN,2011,27.51317941476634,1780.1600141245701
47545,PIJIÑO DEL CARMEN,2012,28.529989514050214,1446.422141727227
47545,PIJIÑO DEL CARMEN,2013,28.739629879513302,1419.1684669064055
47545,PIJIÑO DEL CARMEN,2014,29.189168376750786,1231.1770336460645
47545,PIJIÑO DEL CARMEN,2015,29.870459699201206,1043.288949847932
47545,PIJIÑO DEL CARMEN,2016,29.486340304537975,1168.9366894083703
47545,PIJIÑO DEL CARMEN,2017,29.209141306834113,1331.1486832188964
47545,PIJIÑO DEL CARMEN,2018,29.191203294358843,1260.2784897558427
47545,PIJIÑO DEL CARMEN,2019,29.498176863386846,1069.7728333041416
47545,PIJIÑO DEL CARMEN,2020,30.130810244448583,1206.4256710562952
47545,PIJIÑO DEL CARMEN,2021,27.98238770841118,1154.7803854059064
47545,PIJIÑO DEL CARMEN,2022,27.295826602427724,1861.1399705242636
47570,PUEBLOVIEJO,2001,27.015244547526095,807.632986738068
47570,PUEBLOVIEJO,2002,27.462652994791654,831.3012815315365
47570,PUEBLOVIEJO,2003,27.29859781901041,1076.9648774167154
47570,PUEBLOVIEJO,2004,27.20017103407116,966.8351504062133
47570,PUEBLOVIEJO,2005,27.288636745876772,1037.2068944942741
47570,PUEBLOVIEJO,2006,27.25666368272573,1004.8148164605233
47570,PUEBLOVIEJO,2007,27.08655490451389,1412.485952489692
47570,PUEBLOVIEJO,2008,26.89048800998262,1024.1520785117968
47570,PUEBLOVIEJO,2009,27.27645589192707,705.2251980518195
47570,PUEBLOVIEJO,2010,27.262599962022534,1958.8397475758218
47570,PUEBLOVIEJO,2011,27.020358751085098,1438.8117109591726
47570,PUEBLOVIEJO,2012,27.407648247612883,924.9588252967042
47570,PUEBLOVIEJO,2013,27.52452840169269,859.9949247750698
47570,PUEBLOVIEJO,2014,27.793872612847224,621.8450081370869
47570,PUEBLOVIEJO,2015,28.040772433810787,340.18433040947326
47570,PUEBLOVIEJO,2016,27.968790011935823,923.5677727358051
47570,PUEBLOVIEJO,2017,27.963831651475743,1019.949315953789
47570,PUEBLOVIEJO,2018,27.7673954264323,689.5946746622436
47570,PUEBLOVIEJO,2019,27.99522515190978,671.0931027286448
47570,PUEBLOVIEJO,2020,27.821973470052058,986.7705505592629
47570,PUEBLOVIEJO,2021,26.820887881535498,830.4048354199427
47570,PUEBLOVIEJO,2022,26.310152850721067,1522.026720546731
47660,SABANAS DE SAN ÁNGEL,2001,26.9866833906907,1281.9855381055208
47660,SABANAS DE SAN ÁNGEL,2002,28.03135745708755,1076.301533969345
47660,SABANAS DE SAN ÁNGEL,2003,27.68144129239596,1373.703740333123
47660,SABANAS DE SAN ÁNGEL,2004,27.465156100346462,1353.5712005487608
47660,SABANAS DE SAN ÁNGEL,2005,27.408842879075223,1360.951003436841
47660,SABANAS DE SAN ÁNGEL,2006,27.357138105539207,1514.5707291040085
47660,SABANAS DE SAN ÁNGEL,2007,27.181479952885525,1547.053306502746
47660,SABANAS DE SAN ÁNGEL,2008,27.03220798785867,1479.2024616630072
47660,SABANAS DE SAN ÁNGEL,2009,27.886559765155482,1151.9749077251563
47660,SABANAS DE SAN ÁNGEL,2010,27.478782198979275,1983.1874282361541
47660,SABANAS DE SAN ÁNGEL,2011,26.944631488506616,1662.1872930729683
47660,SABANAS DE SAN ÁNGEL,2012,27.779620082561735,1218.7485492571498
47660,SABANAS DE SAN ÁNGEL,2013,28.019704950772734,1361.9130272629536
47660,SABANAS DE SAN ÁNGEL,2014,28.37306549365701,1257.951561808008
47660,SABANAS DE SAN ÁNGEL,2015,28.911365127563442,991.4285123361453
47660,SABANAS DE SAN ÁNGEL,2016,28.5006325648381,1282.0081045714185
47660,SABANAS DE SAN ÁNGEL,2017,28.13937391134408,1465.1355419205865
47660,SABANAS DE SAN ÁNGEL,2018,28.22333891941952,1221.8933179247588
47660,SABANAS DE SAN ÁNGEL,2019,28.64976015824533,1164.5387888865705
47660,SABANAS DE SAN ÁNGEL,2020,29.277142510047327,1228.1104636373611
47660,SABANAS DE SAN ÁNGEL,2021,27.53051783005651,1196.1251293942598
47660,SABANAS DE SAN ÁNGEL,2022,26.828033644454706,1802.8638250749398
47692,SAN SEBASTIÁN DE BUENAVISTA,2001,27.80822770628214,1150.0053247698625
47692,SAN SEBASTIÁN DE BUENAVISTA,2002,28.678858676022116,1221.1012251309244
47692,SAN SEBASTIÁN DE BUENAVISTA,2003,28.32189414664498,1503.4969899205573
47692,SAN SEBASTIÁN DE BUENAVISTA,2004,28.30572777317002,1319.1480585241775
47692,SAN SEBASTIÁN DE BUENAVISTA,2005,28.103572646885766,1400.1392859854132
47692,SAN SEBASTIÁN DE BUENAVISTA,2006,27.939019357341692,1591.2945848538993
47692,SAN SEBASTIÁN DE BUENAVISTA,2007,27.871948409407196,1782.2663118938392
47692,SAN SEBASTIÁN DE BUENAVISTA,2008,27.51316453071496,1646.7656499249945
47692,SAN SEBASTIÁN DE BUENAVISTA,2009,28.429247043557382,1109.7179165283303
47692,SAN SEBASTIÁN DE BUENAVISTA,2010,28.118263725385304,2385.484017324869
47692,SAN SEBASTIÁN DE BUENAVISTA,2011,27.574072182015243,2082.4061701526302
47692,SAN SEBASTIÁN DE BUENAVISTA,2012,28.505255879441393,1596.2022552187516
47692,SAN SEBASTIÁN DE BUENAVISTA,2013,28.653296232876755,1601.049903713604
47692,SAN SEBASTIÁN DE BUENAVISTA,2014,29.04574476268192,1343.672696122009
47692,SAN SEBASTIÁN DE BUENAVISTA,2015,29.641616779484252,1088.435313520354
47692,SAN SEBASTIÁN DE BUENAVISTA,2016,29.345863404992542,1326.8446120179055
47692,SAN SEBASTIÁN DE BUENAVISTA,2017,29.05024422423486,1476.062294583833
47692,SAN SEBASTIÁN DE BUENAVISTA,2018,28.952500183941595,1402.8904863380626
47692,SAN SEBASTIÁN DE BUENAVISTA,2019,29.294866441700663,1146.8087709631895
47692,SAN SEBASTIÁN DE BUENAVISTA,2020,29.848984558941652,1374.3497098307398
47692,SAN SEBASTIÁN DE BUENAVISTA,2021,27.753218328837818,1267.3720678704913
47692,SAN SEBASTIÁN DE BUENAVISTA,2022,27.151260110874603,2182.997092304865
47720,SANTA BÁRBARA DE PINTO,2001,27.806662281450087,942.7403805046582
47720,SANTA BÁRBARA DE PINTO,2002,28.803187322042106,978.3781664199079
47720,SANTA BÁRBARA DE PINTO,2003,28.446325610057443,1079.1619681606
47720,SANTA BÁRBARA DE PINTO,2004,28.21960224932934,1186.3244426706108
47720,SANTA BÁRBARA DE PINTO,2005,28.252823758412546,1128.3924303111871
47720,SANTA BÁRBARA DE PINTO,2006,28.06179070530169,1257.4173005171092
47720,SANTA BÁRBARA DE PINTO,2007,27.99810254200395,1349.555843124543
47720,SANTA BÁRBARA DE PINTO,2008,27.73927873358673,1265.0666145414025
47720,SANTA BÁRBARA DE PINTO,2009,28.568946525849526,956.472858115356
47720,SANTA BÁRBARA DE PINTO,2010,28.28961269884229,1558.1164335773503
47720,SANTA BÁRBARA DE PINTO,2011,27.870893142884086,1558.8175294549849
47720,SANTA BÁRBARA DE PINTO,2012,28.604681874470543,1242.3478436442178
47720,SANTA BÁRBARA DE PINTO,2013,28.777713784826858,1175.4423317076034
47720,SANTA BÁRBARA DE PINTO,2014,29.126428038815448,1020.1682396551201
47720,SANTA BÁRBARA DE PINTO,2015,29.74159770184258,899.3753258142985
47720,SANTA BÁRBARA DE PINTO,2016,29.30484097032661,1019.9448994006133
47720,SANTA BÁRBARA DE PINTO,2017,29.083731740928613,1195.060971666838
47720,SANTA BÁRBARA DE PINTO,2018,29.18340913703645,1064.1976641306253
47720,SANTA BÁRBARA DE PINTO,2019,29.61922662574125,1015.8990940359349
47720,SANTA BÁRBARA DE PINTO,2020,30.19860082419524,1103.044696467685
47720,SANTA BÁRBARA DE PINTO,2021,27.83094833818052,1048.1995569610956
47720,SANTA BÁRBARA DE PINTO,2022,27.32133005632062,1489.698090609552
47745,SITIONUEVO,2001,26.789746186227603,740.6355245828207
47745,SITIONUEVO,2002,27.209818707090506,746.153730843569
47745,SITIONUEVO,2003,27.11761252663365,1018.9070715215825
47745,SITIONUEVO,2004,27.015051639441367,821.5820490233526
47745,SITIONUEVO,2005,27.217771310517435,1025.1302295218743
47745,SITIONUEVO,2006,27.15549501361278,934.9602624870411
47745,SITIONUEVO,2007,26.947564234878143,1205.0278960746684
47745,SITIONUEVO,2008,26.754718202533297,1008.9348073857991
47745,SITIONUEVO,2009,27.109447872277542,621.1065083847686
47745,SITIONUEVO,2010,27.168488381125826,1747.7411637771056
47745,SITIONUEVO,2011,26.91007043087137,1515.9652118798108
47745,SITIONUEVO,2012,27.20180506850744,827.5132776523369
47745,SITIONUEVO,2013,27.272105453953714,913.0645607084801
47745,SITIONUEVO,2014,27.402875588157087,617.9285870761926
47745,SITIONUEVO,2015,27.58868676387914,329.27127608772366
47745,SITIONUEVO,2016,27.569889877781748,960.6528931965261
47745,SITIONUEVO,2017,27.57620618415615,1049.3671078158372
47745,SITIONUEVO,2018,27.29488590124896,719.3934507364536
47745,SITIONUEVO,2019,27.440435606060646,684.0873515540527
47745,SITIONUEVO,2020,27.304058283025654,1033.8811092138383
47745,SITIONUEVO,2021,27.565659857026105,822.8740338017544
47745,SITIONUEVO,2022,27.26802337071723,1502.8054222210571
47960,ZAPAYÁN,2001,28.010910738431562,1240.8715071278898
47960,ZAPAYÁN,2002,28.91889038085941,1108.4602909013608
47960,ZAPAYÁN,2003,28.599651395357625,1255.873198842147
47960,ZAPAYÁN,2004,28.485056246244028,1217.9511352118316
47960,ZAPAYÁN,2005,28.373242891751886,1347.0870945711079
47960,ZAPAYÁN,2006,28.460404146634687,1345.4693180921547
47960,ZAPAYÁN,2007,28.20924682617192,1355.7744309182185
47960,ZAPAYÁN,2008,27.890075918344394,1330.749718693569
47960,ZAPAYÁN,2009,28.754338191105774,1066.9760540526831
47960,ZAPAYÁN,2010,28.507411311222995,1662.7568415977646
47960,ZAPAYÁN,2011,27.84791424091054,1522.6055326977034
47960,ZAPAYÁN,2012,28.774004422701353,1148.421368917096
47960,ZAPAYÁN,2013,28.966032527043296,1217.3588763107718
47960,ZAPAYÁN,2014,29.329882812500045,1164.9982496229281
47960,ZAPAYÁN,2015,29.771999183067976,962.4812448777462
47960,ZAPAYÁN,2016,29.384633929912866,1354.4694337241388
47960,ZAPAYÁN,2017,29.28770611102766,1281.2902100505632
47960,ZAPAYÁN,2018,29.17841350848863,1146.3518630983533
47960,ZAPAYÁN,2019,29.53602107121401,1130.2546564645936
47960,ZAPAYÁN,2020,29.904044987605232,1173.3980897609295
47960,ZAPAYÁN,2021,27.904964099129643,1174.7013265277785
47960,ZAPAYÁN,2022,27.310552218839234,1562.898091524258
47980,ZONA BANANERA,2001,26.585683186848996,1010.845411213417
47980,ZONA BANANERA,2002,27.23512064615886,1023.243404686443
47980,ZONA BANANERA,2003,26.940694173177064,1409.9681405783801
47980,ZONA BANANERA,2004,26.858123779296875,1271.428822919458
47980,ZONA BANANERA,2005,26.836021931966172,1265.516025751601
47980,ZONA BANANERA,2006,26.841050211588538,1196.238449288938
47980,ZONA BANANERA,2007,26.694671630859375,1723.8113854109242
47980,ZONA BANANERA,2008,26.50038452148442,1368.393184424822
47980,ZONA BANANERA,2009,27.04972330729163,887.8351141343279
47980,ZONA BANANERA,2010,26.843849690755235,2102.4909228950423
47980,ZONA BANANERA,2011,26.58946838378904,1759.9521753303443
47980,ZONA BANANERA,2012,27.15027770996096,1218.8094288665766
47980,ZONA BANANERA,2013,27.246189371744833,1117.06008814224
47980,ZONA BANANERA,2014,27.592283121744856,747.5845853167764
47980,ZONA BANANERA,2015,27.883957926432288,404.6742362153987
47980,ZONA BANANERA,2016,27.69831441243491,1046.5705783967435
47980,ZONA BANANERA,2017,27.586015828450513,1215.3151408096503
47980,ZONA BANANERA,2018,27.515595499674475,854.2572718281126
47980,ZONA BANANERA,2019,27.86823730468751,808.7501303817097
47980,ZONA BANANERA,2020,27.83116455078124,1147.7978728573821
47980,ZONA BANANERA,2021,26.972192366596232,972.6787285452929
47980,ZONA BANANERA,2022,26.43786790877931,1742.2936409490724
50370,URIBE,2001,19.07124574520566,2277.2320085786473
50370,URIBE,2002,19.119056831310047,2269.2792294506903
50370,URIBE,2003,19.102759034114968,2231.6346332079174
50370,URIBE,2004,19.099875222712853,2600.8588258877044
50370,URIBE,2005,19.41244264063056,2481.3121608609886
50370,URIBE,2006,19.292075741836584,2329.268020964342
50370,URIBE,2007,19.40387885541594,2266.2047320685433
50370,URIBE,2008,19.33008198030194,2592.2289762868845
50370,URIBE,2009,19.61494724476711,2256.0352118938076
50370,URIBE,2010,19.851453887626064,2678.7652438539576
50370,URIBE,2011,19.474566057705715,2738.542866173264
50370,URIBE,2012,19.295743607094607,2096.2544186380655
50370,URIBE,2013,19.34964874865966,2440.5633243566854
50370,URIBE,2014,19.597899572833853,2256.8607752041385
50370,URIBE,2015,19.74714657225195,1279.9296924275368
50370,URIBE,2016,19.830614456475985,1826.988352018267
50370,URIBE,2017,19.558371003023638,1994.7090226499556
50370,URIBE,2018,19.31548077238716,1817.3836148058326
50370,URIBE,2019,19.483186176488857,1869.488134049757
50370,URIBE,2020,19.932721101135826,1943.427111556118
50370,URIBE,2021,19.387243755829786,2036.050640365577
50370,URIBE,2022,19.232084978583657,2371.9525826481245
52224,CUASPUD CARLOSAMA,2001,12.335342586741717,720.6149046537722
52224,CUASPUD CARLOSAMA,2002,12.388640639361256,925.2997069893999
52224,CUASPUD CARLOSAMA,2003,12.257664579503682,808.0640979482771
52224,CUASPUD CARLOSAMA,2004,12.840812413832737,876.8493372001545
52224,CUASPUD CARLOSAMA,2005,12.888656795726149,1046.329373243261
52224,CUASPUD CARLOSAMA,2006,12.900739961511988,999.2302902231825
52224,CUASPUD CARLOSAMA,2007,12.797416417738987,979.2648676359908
52224,CUASPUD CARLOSAMA,2008,12.406091308593773,1140.5850697332871
52224,CUASPUD CARLOSAMA,2009,13.0574710621554,1004.5855333896392
52224,CUASPUD CARLOSAMA,2010,13.093024040670969,1148.841474207665
52224,CUASPUD CARLOSAMA,2011,12.652030675551487,1314.8777644728093
52224,CUASPUD CARLOSAMA,2012,12.793822524126881,967.7208889900369
52224,CUASPUD CARLOSAMA,2013,12.96431525735295,1028.3504939642357
52224,CUASPUD CARLOSAMA,2014,12.973461555032145,1027.8660631273656
52224,CUASPUD CARLOSAMA,2015,13.488287712545969,766.9467994063459
52224,CUASPUD CARLOSAMA,2016,13.629690013212326,864.9165602184356
52224,CUASPUD CARLOSAMA,2017,13.118849092371363,1123.9502984095127
52224,CUASPUD CARLOSAMA,2018,13.091830264820828,933.2549296143842
52224,CUASPUD CARLOSAMA,2019,13.516008444393435,978.9041587185351
52224,CUASPUD CARLOSAMA,2020,13.741847498276684,902.2851534156723
52224,CUASPUD CARLOSAMA,2021,10.639386760576372,1261.0963932407662
52224,CUASPUD CARLOSAMA,2022,10.379475107741882,1112.285880077012
52254,EL PEÑOL,2001,19.589654541015648,1064.5940540284519
52254,EL PEÑOL,2002,19.820535278320335,1238.785594970826
52254,EL PEÑOL,2003,19.62861022949221,1241.0507426538381
52254,EL PEÑOL,2004,20.023706054687523,1325.3722258620712
52254,EL PEÑOL,2005,20.132318115234398,1317.021682957569
52254,EL PEÑOL,2006,20.199212646484398,1402.7013577840414
52254,EL PEÑOL,2007,19.922509765625023,1436.197585942276
52254,EL PEÑOL,2008,19.62050781250008,1517.0769200730756
52254,EL PEÑOL,2009,20.263360595703148,1248.7962709751475
52254,EL PEÑOL,2010,20.111734008789085,1493.283237122987
52254,EL PEÑOL,2011,19.92156372070309,1620.95335297101
52254,EL PEÑOL,2012,20.09693298339846,1203.1586803900432
52254,EL PEÑOL,2013,20.038858032226585,1281.4927860626497
52254,EL PEÑOL,2014,20.306741333007835,1490.7433542199879
52254,EL PEÑOL,2015,20.870111083984398,1228.1330787689092
52254,EL PEÑOL,2016,20.709085083007835,1235.9738572665967
52254,EL PEÑOL,2017,20.488504028320335,1512.9373730294196
52254,EL PEÑOL,2018,20.492700195312523,1198.6281239769487
52254,EL PEÑOL,2019,20.879724121093773,1438.4198299480013
52254,EL PEÑOL,2020,20.982446289062523,1337.734867055418
52254,EL PEÑOL,2021,18.91743566452203,1860.8819136313166
52254,EL PEÑOL,2022,18.526768398573438,1809.6147562189994
52258,EL TABLÓN DE GÓMEZ,2001,15.882048645019609,1257.5772064236658
52258,EL TABLÓN DE GÓMEZ,2002,16.018174133300818,1380.763966091245
52258,EL TABLÓN DE GÓMEZ,2003,15.861110534668,1356.7485448320158
52258,EL TABLÓN DE GÓMEZ,2004,16.248910217285186,1440.6524214600556
52258,EL TABLÓN DE GÓMEZ,2005,16.397038879394586,1802.3071989038458
52258,EL TABLÓN DE GÓMEZ,2006,16.399793701171973,1777.7321579677055
52258,EL TABLÓN DE GÓMEZ,2007,16.195898437500034,1702.5040880013873
52258,EL TABLÓN DE GÓMEZ,2008,15.889279785156305,1927.455179367996
52258,EL TABLÓN DE GÓMEZ,2009,16.558937683105512,1590.9428959169552
52258,EL TABLÓN DE GÓMEZ,2010,16.39346435546878,1792.7692335809688
52258,EL TABLÓN DE GÓMEZ,2011,16.140901489257885,2056.2415306230237
52258,EL TABLÓN DE GÓMEZ,2012,16.330968017578186,1555.5244258693494
52258,EL TABLÓN DE GÓMEZ,2013,16.343614196777366,1564.0553791145542
52258,EL TABLÓN DE GÓMEZ,2014,16.484198913574232,1722.7998568741555
52258,EL TABLÓN DE GÓMEZ,2015,17.010024108886796,1165.0908822230188
52258,EL TABLÓN DE GÓMEZ,2016,16.93860778808596,1294.950858503192
52258,EL TABLÓN DE GÓMEZ,2017,16.665561828613306,1857.0075623096805
52258,EL TABLÓN DE GÓMEZ,2018,16.69227233886727,1422.054020512477
52258,EL TABLÓN DE GÓMEZ,2019,16.990536499023506,1602.009192047739
52258,EL TABLÓN DE GÓMEZ,2020,17.169798583984402,1580.077497027697
52258,EL TABLÓN DE GÓMEZ,2021,13.84551267566792,1803.5337674130203
52258,EL TABLÓN DE GÓMEZ,2022,13.565054949314629,2216.6983472346387
52699,SANTACRUZ,2001,19.3139954962125,1528.24983882407
52699,SANTACRUZ,2002,19.539574689496305,1886.8847256212914
52699,SANTACRUZ,2003,19.344944704171667,2100.0829182053817
52699,SANTACRUZ,2004,19.73594552561724,2326.6017988772974
52699,SANTACRUZ,2005,19.93568897563449,2081.7385873767034
52699,SANTACRUZ,2006,19.98561202412816,2527.041464248866
52699,SANTACRUZ,2007,19.789033128938627,2259.284178164876
52699,SANTACRUZ,2008,19.71033739964605,2549.5882822619083
52699,SANTACRUZ,2009,20.088662635423873,2273.4468276941893
52699,SANTACRUZ,2010,20.088576478062407,2504.223710384933
52699,SANTACRUZ,2011,19.892806045785164,2863.2277541649883
52699,SANTACRUZ,2012,19.927896708283015,2130.4471876872976
52699,SANTACRUZ,2013,19.86985480377035,2067.9327407034493
52699,SANTACRUZ,2014,20.079706653573908,2225.0562694643518
52699,SANTACRUZ,2015,20.576639552669633,1745.713204014331
52699,SANTACRUZ,2016,20.41385137231316,1849.3521470758476
52699,SANTACRUZ,2017,20.38927646025769,2020.819298283185
52699,SANTACRUZ,2018,20.26984785722766,1874.3258435167938
52699,SANTACRUZ,2019,20.57681945463571,2060.099119996923
52699,SANTACRUZ,2020,20.938720163587732,2073.1996061883688
52699,SANTACRUZ,2021,17.62949949389514,2738.5252624019813
52699,SANTACRUZ,2022,17.331290668870565,2787.3067340724033
52835,SAN ANDRÉS DE TUMACO,2001,24.99338680199395,2732.849766855868
52835,SAN ANDRÉS DE TUMACO,2002,25.378433918649648,3515.70671177537
52835,SAN ANDRÉS DE TUMACO,2003,25.272725195395424,3884.1891154824943
52835,SAN ANDRÉS DE TUMACO,2004,25.350954664390542,3029.961286005503
52835,SAN ANDRÉS DE TUMACO,2005,25.542408515600187,2844.8961304616946
52835,SAN ANDRÉS DE TUMACO,2006,25.568318715957048,3623.477606528757
52835,SAN ANDRÉS DE TUMACO,2007,25.423464999469957,3613.468835862054
52835,SAN ANDRÉS DE TUMACO,2008,25.363622203047214,4577.438726035991
52835,SAN ANDRÉS DE TUMACO,2009,25.63201314652747,2928.4306731670035
52835,SAN ANDRÉS DE TUMACO,2010,25.633330993393542,3947.4715113710067
52835,SAN ANDRÉS DE TUMACO,2011,25.49936221626689,3095.613751703659
52835,SAN ANDRÉS DE TUMACO,2012,25.507203551366104,3563.4466836579613
52835,SAN ANDRÉS DE TUMACO,2013,25.416701408560982,3514.4368583352143
52835,SAN ANDRÉS DE TUMACO,2014,25.692449883872825,3764.173759905608
52835,SAN ANDRÉS DE TUMACO,2015,26.14844674586851,3279.9963733591776
52835,SAN ANDRÉS DE TUMACO,2016,25.93656516815264,2511.666998210244
52835,SAN ANDRÉS DE TUMACO,2017,26.01754888092904,3354.3313965193383
52835,SAN ANDRÉS DE TUMACO,2018,25.84754451269623,2585.2405254132564
52835,SAN ANDRÉS DE TUMACO,2019,26.071095712029262,3253.828184826173
52835,SAN ANDRÉS DE TUMACO,2020,26.44246494852962,3960.121149758284
52835,SAN ANDRÉS DE TUMACO,2021,24.76282223284818,3990.660836221658
52835,SAN ANDRÉS DE TUMACO,2022,24.59483717376662,4767.29477064686
54001,SAN JOSÉ DE CÚCUTA,2001,25.651086750436434,1234.2218278077653
54001,SAN JOSÉ DE CÚCUTA,2002,25.826956550111163,1512.4150862386548
54001,SAN JOSÉ DE CÚCUTA,2003,26.08056338695775,1789.2009761678814
54001,SAN JOSÉ DE CÚCUTA,2004,25.49756036312033,2227.1700986514984
54001,SAN JOSÉ DE CÚCUTA,2005,25.852935368964097,2183.6464270500105
54001,SAN JOSÉ DE CÚCUTA,2006,25.477138259563105,1838.708864230715
54001,SAN JOSÉ DE CÚCUTA,2007,25.73682986320341,1778.9662763531085
54001,SAN JOSÉ DE CÚCUTA,2008,25.296964507407438,1867.47991590497
54001,SAN JOSÉ DE CÚCUTA,2009,25.644773182970482,1523.4322958103623
54001,SAN JOSÉ DE CÚCUTA,2010,26.104770725331434,2653.4062960038536
54001,SAN JOSÉ DE CÚCUTA,2011,25.268555158249967,2366.6859663560745
54001,SAN JOSÉ DE CÚCUTA,2012,25.963634312406555,1889.5859981931603
54001,SAN JOSÉ DE CÚCUTA,2013,26.481208216890423,1703.5795965754078
54001,SAN JOSÉ DE CÚCUTA,2014,26.92110701216035,1373.8618477337016
54001,SAN JOSÉ DE CÚCUTA,2015,27.01221001807687,1132.76187795955
54001,SAN JOSÉ DE CÚCUTA,2016,27.226751108372525,1594.9455662183307
54001,SAN JOSÉ DE CÚCUTA,2017,26.007726044350534,1540.5058198213494
54001,SAN JOSÉ DE CÚCUTA,2018,26.02155578288631,1550.5298377955648
54001,SAN JOSÉ DE CÚCUTA,2019,26.70075272905075,1427.5258673299268
54001,SAN JOSÉ DE CÚCUTA,2020,26.81935751083057,1459.2717744269228
54001,SAN JOSÉ DE CÚCUTA,2021,26.290044987220597,1524.3955341225762
54001,SAN JOSÉ DE CÚCUTA,2022,25.93540525921412,2366.606793068758
54498,OCAÑA,2001,23.601251891419167,1122.765965645476
54498,OCAÑA,2002,24.25551556597702,1056.2908244119026
54498,OCAÑA,2003,24.019918186061943,1517.337483678217
54498,OCAÑA,2004,23.96188750214634,1222.6263852012264
54498,OCAÑA,2005,24.099938294127753,1409.9738595612407
54498,OCAÑA,2006,23.776719917045853,1457.8895058857781
54498,OCAÑA,2007,23.754822716346155,1434.0384506767368
54498,OCAÑA,2008,23.58632711892602,1379.0680745080376
54498,OCAÑA,2009,24.19209333147319,1149.772385018102
54498,OCAÑA,2010,24.1637428367531,1796.5346396209804
54498,OCAÑA,2011,23.72425248701495,1611.0630439053039
54498,OCAÑA,2012,24.356068973750837,1321.4539892945527
54498,OCAÑA,2013,24.65526901077436,1077.4628881272022
54498,OCAÑA,2014,24.893698489011,1242.4353043733665
54498,OCAÑA,2015,24.945928820934967,1324.9521945982688
54498,OCAÑA,2016,25.08571341378348,1176.8758616177465
54498,OCAÑA,2017,24.287258877597026,1501.8518958151792
54498,OCAÑA,2018,24.120616468492415,1311.949352416142
54498,OCAÑA,2019,24.55053368872342,1189.3884270157312
54498,OCAÑA,2020,25.173437365856785,1345.850213630362
54498,OCAÑA,2021,21.414307821778152,1294.3257456790698
54498,OCAÑA,2022,21.000874473822762,1729.4505347628615
66170,DOSQUEBRADAS,2001,18.295404052734398,2173.540406705191
66170,DOSQUEBRADAS,2002,18.607110595703148,2084.671449413316
66170,DOSQUEBRADAS,2003,18.611169433593773,2270.4211645538194
66170,DOSQUEBRADAS,2004,18.568994140625023,2343.0172291141416
66170,DOSQUEBRADAS,2005,18.935327148437523,2444.702742556317
66170,DOSQUEBRADAS,2006,18.698205566406273,2523.2337830517854
66170,DOSQUEBRADAS,2007,18.628198242187523,2475.740832539069
66170,DOSQUEBRADAS,2008,18.421685791015648,2751.3439514732195
66170,DOSQUEBRADAS,2009,19.073693847656273,2353.1522121582593
66170,DOSQUEBRADAS,2010,19.276116943359398,2726.0398705783814
66170,DOSQUEBRADAS,2011,19.044915771484398,2967.3081535570736
66170,DOSQUEBRADAS,2012,18.965142822265648,2313.074256711122
66170,DOSQUEBRADAS,2013,19.130853271484398,2520.303783086853
66170,DOSQUEBRADAS,2014,19.208612060546898,2258.9514311446496
66170,DOSQUEBRADAS,2015,19.493859863281273,1951.2455106890864
66170,DOSQUEBRADAS,2016,19.599176025390648,2198.0527307449115
66170,DOSQUEBRADAS,2017,19.308007812500023,2632.881411321875
66170,DOSQUEBRADAS,2018,19.209527587890648,2319.4393955028245
66170,DOSQUEBRADAS,2019,19.447320556640648,2476.3617645907734
66170,DOSQUEBRADAS,2020,19.759790039062523,2136.112362615615
66170,DOSQUEBRADAS,2021,16.431655736563982,2306.5250929254626
66170,DOSQUEBRADAS,2022,16.42235805591673,3109.941824463093
68235,EL CARMEN DE CHUCURÍ,2001,24.696531918174458,2419.5616402231826
68235,EL CARMEN DE CHUCURÍ,2002,25.134917831420978,2394.3668981839423
68235,EL CARMEN DE CHUCURÍ,2003,25.204199560065092,2646.437689492105
68235,EL CARMEN DE CHUCURÍ,2004,24.962352571989413,2395.018406890918
68235,EL CARMEN DE CHUCURÍ,2005,25.028399638125848,2732.0079960788566
68235,EL CARMEN DE CHUCURÍ,2006,24.73830967953336,2653.728148369002
68235,EL CARMEN DE CHUCURÍ,2007,24.827252759431587,2584.674213539058
68235,EL CARMEN DE CHUCURÍ,2008,24.418562959369922,2493.4146872315628
68235,EL CARMEN DE CHUCURÍ,2009,25.051149789910596,2305.7993499693725
68235,EL CARMEN DE CHUCURÍ,2010,25.127233926873544,2995.8247007107466
68235,EL CARMEN DE CHUCURÍ,2011,24.81714772676179,3108.7679080328116
68235,EL CARMEN DE CHUCURÍ,2012,25.318062651784885,2401.580566332417
68235,EL CARMEN DE CHUCURÍ,2013,25.412463760376056,2313.932501821992
68235,EL CARMEN DE CHUCURÍ,2014,25.654910559403334,2316.7536749528617
68235,EL CARMEN DE CHUCURÍ,2015,26.114179530896706,2196.901906610201
68235,EL CARMEN DE CHUCURÍ,2016,26.20075428611358,2344.470767234173
68235,EL CARMEN DE CHUCURÍ,2017,25.942509420294527,2534.5926113033397
68235,EL CARMEN DE CHUCURÍ,2018,25.83121181287271,2483.998933100104
68235,EL CARMEN DE CHUCURÍ,2019,26.39610924971737,2465.684144062348
68235,EL CARMEN DE CHUCURÍ,2020,26.723138929668266,2212.189113417924
68235,EL CARMEN DE CHUCURÍ,2021,24.324480967820477,2632.2279886719043
68235,EL CARMEN DE CHUCURÍ,2022,23.800719874631284,2822.9224511103503
68250,EL PEÑÓN,2001,25.328100585937534,2862.2332019941987
68250,EL PEÑÓN,2002,25.75472552959741,2593.409125675701
68250,EL PEÑÓN,2003,25.720568143404535,2768.1822912697335
68250,EL PEÑÓN,2004,25.361805372971787,2916.2081857270477
68250,EL PEÑÓN,2005,25.505690354567378,2840.0508523581443
68250,EL PEÑÓN,2006,25.147715641902096,3284.1829139995807
68250,EL PEÑÓN,2007,25.19792644794171,3392.302846789611
68250,EL PEÑÓN,2008,24.723565908578735,3330.048473932823
68250,EL PEÑÓN,2009,25.481432401216978,2984.6512710268917
68250,EL PEÑÓN,2010,25.577549156775888,3511.2009989943153
68250,EL PEÑÓN,2011,25.20507061298082,3565.7052822837113
68250,EL PEÑÓN,2012,25.79263516939608,2828.562912423606
68250,EL PEÑÓN,2013,25.95852614182695,2816.925975488092
68250,EL PEÑÓN,2014,26.399676748422507,2844.583772553665
68250,EL PEÑÓN,2015,26.850355647160484,3053.835006333859
68250,EL PEÑÓN,2016,26.84487562913165,2752.0607337313536
68250,EL PEÑÓN,2017,26.822236750676154,2773.549296557886
68250,EL PEÑÓN,2018,26.940247990534942,2709.502682990111
68250,EL PEÑÓN,2019,27.541560246394283,2797.515235426764
68250,EL PEÑÓN,2020,27.825320904071532,2763.571201486375
68250,EL PEÑÓN,2021,23.289333642219674,2825.366741707033
68250,EL PEÑÓN,2022,22.76915518984663,3561.170254534879
68684,SAN JOSÉ DE MIRANDA,2001,16.07442392202529,1092.0019084749813
68684,SAN JOSÉ DE MIRANDA,2002,16.34721585787264,1196.3680525789546
68684,SAN JOSÉ DE MIRANDA,2003,16.248029033954367,1407.2962207875426
68684,SAN JOSÉ DE MIRANDA,2004,16.219691115159264,1271.2933156006686
68684,SAN JOSÉ DE MIRANDA,2005,16.40757610614486,1255.287518366392
68684,SAN JOSÉ DE MIRANDA,2006,16.21567101111782,1319.2031426720687
68684,SAN JOSÉ DE MIRANDA,2007,16.13918222280654,1192.8442905583963
68684,SAN JOSÉ DE MIRANDA,2008,15.963026545597984,1268.9246713463363
68684,SAN JOSÉ DE MIRANDA,2009,16.480704439603414,1185.8929883598714
68684,SAN JOSÉ DE MIRANDA,2010,16.688882446289085,1635.5973909441527
68684,SAN JOSÉ DE MIRANDA,2011,16.178653188852195,1636.458014256225
68684,SAN JOSÉ DE MIRANDA,2012,16.29463759202224,1324.7513716895303
68684,SAN JOSÉ DE MIRANDA,2013,16.735616595928548,1128.5087787472125
68684,SAN JOSÉ DE MIRANDA,2014,16.76964839054989,1081.460066042309
68684,SAN JOSÉ DE MIRANDA,2015,16.986020366962123,822.6962470165712
68684,SAN JOSÉ DE MIRANDA,2016,17.066151310847374,1108.811698410477
68684,SAN JOSÉ DE MIRANDA,2017,16.470265080378624,1331.6424825259508
68684,SAN JOSÉ DE MIRANDA,2018,16.325182166466334,1357.9527600707631
68684,SAN JOSÉ DE MIRANDA,2019,16.782851938100976,1191.9928873118056
68684,SAN JOSÉ DE MIRANDA,2020,17.00331796499404,1142.3731540797628
68684,SAN JOSÉ DE MIRANDA,2021,17.557238715411813,1203.6481247870177
68684,SAN JOSÉ DE MIRANDA,2022,17.21232537368769,1528.425499040521
68720,SANTA HELENA DEL OPÓN,2001,24.269325007948794,3227.498739231062
68720,SANTA HELENA DEL OPÓN,2002,24.78965373667637,2997.500229465088
68720,SANTA HELENA DEL OPÓN,2003,24.831557683427206,3198.1947899060115
68720,SANTA HELENA DEL OPÓN,2004,24.52714152964512,2990.868139507072
68720,SANTA HELENA DEL OPÓN,2005,24.594499502255985,3321.5640478163277
68720,SANTA HELENA DEL OPÓN,2006,24.202317396060494,3223.1374400760637
68720,SANTA HELENA DEL OPÓN,2007,24.22743572856109,3369.982663893915
68720,SANTA HELENA DEL OPÓN,2008,23.90576980945673,3283.563884436318
68720,SANTA HELENA DEL OPÓN,2009,24.49414824256604,3089.372738420963
68720,SANTA HELENA DEL OPÓN,2010,24.72330426356592,3760.2252044430275
68720,SANTA HELENA DEL OPÓN,2011,24.41156223504123,3577.220506918844
68720,SANTA HELENA DEL OPÓN,2012,24.843983305701954,3034.023527093365
68720,SANTA HELENA DEL OPÓN,2013,24.98547202413397,2930.189568731579
68720,SANTA HELENA DEL OPÓN,2014,25.442248251271792,3085.4001613392625
68720,SANTA HELENA DEL OPÓN,2015,25.80338144228449,2762.885706928671
68720,SANTA HELENA DEL OPÓN,2016,25.82726677000062,2863.3424424290806
68720,SANTA HELENA DEL OPÓN,2017,25.72257207826135,3079.3199812167722
68720,SANTA HELENA DEL OPÓN,2018,25.6938240465268,2998.030169484988
68720,SANTA HELENA DEL OPÓN,2019,26.26544714639357,2961.318381949722
68720,SANTA HELENA DEL OPÓN,2020,26.77926569502489,2757.3886174893623
68720,SANTA HELENA DEL OPÓN,2021,22.981601161357105,2935.8515571225576
68720,SANTA HELENA DEL OPÓN,2022,22.480608059269912,3549.9902263917306
68855,VALLE DE SAN JOSÉ,2001,18.066278076171898,2184.920512532378
68855,VALLE DE SAN JOSÉ,2002,18.378198242187523,2234.8956468802617
68855,VALLE DE SAN JOSÉ,2003,18.302484130859398,2447.164793382191
68855,VALLE DE SAN JOSÉ,2004,18.249230957031273,2267.555384252413
68855,VALLE DE SAN JOSÉ,2005,18.429101562500023,2319.3426780883815
68855,VALLE DE SAN JOSÉ,2006,18.159692382812523,2428.764161147959
68855,VALLE DE SAN JOSÉ,2007,18.153100585937523,2498.3421543215018
68855,VALLE DE SAN JOSÉ,2008,17.965295410156273,2221.9550632835317
68855,VALLE DE SAN JOSÉ,2009,18.504388427734398,2233.6748547561065
68855,VALLE DE SAN JOSÉ,2010,18.754846191406273,2633.7564403901606
68855,VALLE DE SAN JOSÉ,2011,18.285577392578148,2703.4665884059505
68855,VALLE DE SAN JOSÉ,2012,18.382073974609398,2245.8362585343148
68855,VALLE DE SAN JOSÉ,2013,18.805291748046898,2100.5438090342714
68855,VALLE DE SAN JOSÉ,2014,18.812615966796898,2109.5037496970363
68855,VALLE DE SAN JOSÉ,2015,19.043756103515648,2338.849938925824
68855,VALLE DE SAN JOSÉ,2016,19.140039062500023,2223.0367164217387
68855,VALLE DE SAN JOSÉ,2017,18.735833740234398,2363.8456716192354
68855,VALLE DE SAN JOSÉ,2018,18.556359863281273,2547.3849380914357
68855,VALLE DE SAN JOSÉ,2019,18.978631591796898,2306.4346308289114
68855,VALLE DE SAN JOSÉ,2020,19.158288574218773,2228.7338654345212
68855,VALLE DE SAN JOSÉ,2021,19.236506250921536,2420.9763909252565
68855,VALLE DE SAN JOSÉ,2022,18.881885001652677,2802.5007706121646
70204,COLOSÓ,2001,26.733730156477122,1201.6934093608704
70204,COLOSÓ,2002,27.329145848473786,1120.2419456185276
70204,COLOSÓ,2003,27.242941497093,1307.3725453039283
70204,COLOSÓ,2004,27.28535028502,1105.5374685526438
70204,COLOSÓ,2005,27.292203965297915,1314.6797450856536
70204,COLOSÓ,2006,27.13690710733107,1265.2025683805282
70204,COLOSÓ,2007,27.080200479197003,1387.1938396243204
70204,COLOSÓ,2008,26.763865200308828,1328.9004023932296
70204,COLOSÓ,2009,27.451417009220563,1112.1520747135492
70204,COLOSÓ,2010,27.393791305187165,1702.4269360909727
70204,COLOSÓ,2011,26.898395201217284,1551.9827935499147
70204,COLOSÓ,2012,27.424298237645303,1115.7212948345702
70204,COLOSÓ,2013,27.458487861101048,1311.4672162000993
70204,COLOSÓ,2014,27.631379167423688,1058.3259289016466
70204,COLOSÓ,2015,28.155854974791055,948.7046086145319
70204,COLOSÓ,2016,27.864837220657705,1096.605354862725
70204,COLOSÓ,2017,27.667051377407347,1222.0118226238583
70204,COLOSÓ,2018,27.481478952807095,1081.9600057326388
70204,COLOSÓ,2019,27.793188334620254,938.5017870411755
70204,COLOSÓ,2020,28.134609062727066,1079.9074435419964
70204,COLOSÓ,2021,26.48239471449523,1132.9656365217143
70204,COLOSÓ,2022,26.000839721129637,1523.0294530629571
70221,COVEÑAS,2001,27.290826416015648,1149.0661450956734
70221,COVEÑAS,2002,27.825311279296898,1074.134207409367
70221,COVEÑAS,2003,27.673425292968773,1271.6228032735753
70221,COVEÑAS,2004,27.691705322265648,1185.5540489348957
70221,COVEÑAS,2005,27.764703369140648,1342.521811369379
70221,COVEÑAS,2006,27.657037353515648,1175.377282242826
70221,COVEÑAS,2007,27.554162597656273,1390.6748581607294
70221,COVEÑAS,2008,27.340447998046898,1451.6832735904359
70221,COVEÑAS,2009,27.910577392578148,1194.2125383365662
70221,COVEÑAS,2010,27.836694335937523,1959.0289303175953
70221,COVEÑAS,2011,27.554986572265648,1544.277828531887
70221,COVEÑAS,2012,27.883050537109398,1347.503038831531
70221,COVEÑAS,2013,27.911309814453148,1371.2864066255856
70221,COVEÑAS,2014,28.114099121093773,1023.1564021984316
70221,COVEÑAS,2015,28.467187500000023,892.9205389675944
70221,COVEÑAS,2016,28.225915527343773,1176.9695541579677
70221,COVEÑAS,2017,28.155572509765648,1197.6033451270553
70221,COVEÑAS,2018,28.002862548828148,1073.9254896376679
70221,COVEÑAS,2019,28.276422119140648,991.5648824350633
70221,COVEÑAS,2020,28.345208740234398,1194.2224457807365
70221,COVEÑAS,2021,27.21269347959776,1092.3351572093816
70221,COVEÑAS,2022,26.87134590610816,1450.0452815396357
70233,EL ROBLE,2001,26.721429443359398,1290.810849051708
70233,EL ROBLE,2002,27.430841064453148,1133.1564673463715
70233,EL ROBLE,2003,27.353234863281273,1359.0070738950715
70233,EL ROBLE,2004,27.367852783203148,1428.027284113984
70233,EL ROBLE,2005,27.458612060546898,1532.260675307194
70233,EL ROBLE,2006,27.137048339843773,1621.521755259035
70233,EL ROBLE,2007,27.174584960937523,1678.1987222405323
70233,EL ROBLE,2008,26.853570556640648,1672.7637967922726
70233,EL ROBLE,2009,27.634454345703148,1371.6529425249555
70233,EL ROBLE,2010,27.576531982421898,2014.8459435283812
70233,EL ROBLE,2011,26.925225830078148,1859.1197039766591
70233,EL ROBLE,2012,27.579461669921898,1432.2996361066341
70233,EL ROBLE,2013,27.711968994140648,1410.9371832525155
70233,EL ROBLE,2014,28.082208251953148,1157.4203414427316
70233,EL ROBLE,2015,28.542016601562523,1048.5293778080834
70233,EL ROBLE,2016,28.312677001953148,1206.4009225033874
70233,EL ROBLE,2017,27.935601806640648,1492.2957093154594
70233,EL ROBLE,2018,27.772943115234398,1367.1366326253185
70233,EL ROBLE,2019,28.281182861328148,1186.976524221414
70233,EL ROBLE,2020,28.965356445312523,1277.653895644242
70233,EL ROBLE,2021,26.965391097298152,1402.221269856203
70233,EL ROBLE,2022,26.55129941540207,1846.8655064137713
70742,SAN LUIS DE SINCÉ,2001,26.649048625247588,1025.445264253108
70742,SAN LUIS DE SINCÉ,2002,27.356684639084563,984.0893489676456
70742,SAN LUIS DE SINCÉ,2003,27.2681724870709,1135.21388039281
70742,SAN LUIS DE SINCÉ,2004,27.302540437940138,1200.3429679581504
70742,SAN LUIS DE SINCÉ,2005,27.362845751265468,1209.9024434709168
70742,SAN LUIS DE SINCÉ,2006,27.077983286683036,1392.3663225146083
70742,SAN LUIS DE SINCÉ,2007,27.09672473316465,1441.1867499389407
70742,SAN LUIS DE SINCÉ,2008,26.75683370240978,1407.6443336764942
70742,SAN LUIS DE SINCÉ,2009,27.55606371382595,1156.1006834773998
70742,SAN LUIS DE SINCÉ,2010,27.49567007145407,1693.6078252568527
70742,SAN LUIS DE SINCÉ,2011,26.844030804701276,1712.3027985416018
70742,SAN LUIS DE SINCÉ,2012,27.510528478488197,1141.7327019259365
70742,SAN LUIS DE SINCÉ,2013,27.627963127888393,1255.0369339239355
70742,SAN LUIS DE SINCÉ,2014,27.95230222890075,960.3251724534987
70742,SAN LUIS DE SINCÉ,2015,28.467054039323898,915.963362809223
70742,SAN LUIS DE SINCÉ,2016,28.199679651394717,977.9594209465351
70742,SAN LUIS DE SINCÉ,2017,27.831582856514103,1243.3074238390743
70742,SAN LUIS DE SINCÉ,2018,27.653094353474387,1111.0501099767546
70742,SAN LUIS DE SINCÉ,2019,28.128795484086197,958.6647134941292
70742,SAN LUIS DE SINCÉ,2020,28.779395648795173,1063.3410858972725
70742,SAN LUIS DE SINCÉ,2021,26.784398408731818,1088.2868354433722
70742,SAN LUIS DE SINCÉ,2022,26.319572404452913,1497.5910825418177
70820,SANTIAGO DE TOLÚ,2001,27.069865587022548,1151.6844218690264
70820,SANTIAGO DE TOLÚ,2002,27.54094170464407,1097.7158738149044
70820,SANTIAGO DE TOLÚ,2003,27.434838867187466,1335.882048100198
70820,SANTIAGO DE TOLÚ,2004,27.395284695095484,1171.1852491144084
70820,SANTIAGO DE TOLÚ,2005,27.428976101345484,1339.0748378028995
70820,SANTIAGO DE TOLÚ,2006,27.368890380859398,1229.1666502435594
70820,SANTIAGO DE TOLÚ,2007,27.21881510416665,1413.658222412997
70820,SANTIAGO DE TOLÚ,2008,26.998210313585048,1412.5587610742857
70820,SANTIAGO DE TOLÚ,2009,27.515347629123255,1099.5916983583347
70820,SANTIAGO DE TOLÚ,2010,27.41754557291665,1841.5913190783906
70820,SANTIAGO DE TOLÚ,2011,27.114848497178798,1575.829544903248
70820,SANTIAGO DE TOLÚ,2012,27.469937472873255,1206.0811446419923
70820,SANTIAGO DE TOLÚ,2013,27.49132012261282,1323.9552585508716
70820,SANTIAGO DE TOLÚ,2014,27.674022081163173,1027.5468147525758
70820,SANTIAGO DE TOLÚ,2015,28.058136664496544,885.7910695835812
70820,SANTIAGO DE TOLÚ,2016,27.82292751736111,1130.8073607628357
70820,SANTIAGO DE TOLÚ,2017,27.793803575303798,1211.4697770522228
70820,SANTIAGO DE TOLÚ,2018,27.663574896918362,1021.6086977773358
70820,SANTIAGO DE TOLÚ,2019,27.92113647460934,939.6005381302538
70820,SANTIAGO DE TOLÚ,2020,28.021498616536462,1115.3262783901828
70820,SANTIAGO DE TOLÚ,2021,27.227390181616613,1140.1443471749262
70820,SANTIAGO DE TOLÚ,2022,26.838882730089892,1543.9327047304746
70823,SAN JOSÉ DE TOLUVIEJO,2001,26.790467062960886,1142.2167938507441
70823,SAN JOSÉ DE TOLUVIEJO,2002,27.397963688882555,1090.9077422025814
70823,SAN JOSÉ DE TOLUVIEJO,2003,27.29710446475599,1275.8848475090185
70823,SAN JOSÉ DE TOLUVIEJO,2004,27.355766450689146,1069.4670124250642
70823,SAN JOSÉ DE TOLUVIEJO,2005,27.372244571300087,1278.7922849342294
70823,SAN JOSÉ DE TOLUVIEJO,2006,27.202577809537445,1189.8820767928148
70823,SAN JOSÉ DE TOLUVIEJO,2007,27.16068334686622,1324.7008196063643
70823,SAN JOSÉ DE TOLUVIEJO,2008,26.844306242867845,1279.2160624921232
70823,SAN JOSÉ DE TOLUVIEJO,2009,27.543473558747394,1077.7643707345649
70823,SAN JOSÉ DE TOLUVIEJO,2010,27.49221740036876,1680.7863685743225
70823,SAN JOSÉ DE TOLUVIEJO,2011,27.00309023053461,1482.0893434539898
70823,SAN JOSÉ DE TOLUVIEJO,2012,27.52116006572595,1134.6176726930767
70823,SAN JOSÉ DE TOLUVIEJO,2013,27.553789185941923,1252.365151178047
70823,SAN JOSÉ DE TOLUVIEJO,2014,27.738498370567072,983.3921011959297
70823,SAN JOSÉ DE TOLUVIEJO,2015,28.24961294109903,878.3179369562097
70823,SAN JOSÉ DE TOLUVIEJO,2016,27.960593645760184,1069.194137160397
70823,SAN JOSÉ DE TOLUVIEJO,2017,27.752135613259327,1165.8351132391838
70823,SAN JOSÉ DE TOLUVIEJO,2018,27.563434112205982,1026.5360281553994
70823,SAN JOSÉ DE TOLUVIEJO,2019,27.879223152760687,895.6412928584313
70823,SAN JOSÉ DE TOLUVIEJO,2020,28.210043986459823,1049.456080332118
70823,SAN JOSÉ DE TOLUVIEJO,2021,27.01159960973831,1104.1067689999732
70823,SAN JOSÉ DE TOLUVIEJO,2022,26.573111278943884,1444.9315649169303
73055,ARMERO,2001,21.129533859779087,1683.3338547613434
73055,ARMERO,2002,21.40425415039067,1828.2110838461454
73055,ARMERO,2003,21.32817466998921,2006.6618151616058
73055,ARMERO,2004,21.061259302599694,1848.4936750934983
73055,ARMERO,2005,21.372045898437534,2157.5410795769776
73055,ARMERO,2006,21.215194386449355,1955.1613326493148
73055,ARMERO,2007,21.218499334927287,2174.7104519594536
73055,ARMERO,2008,20.73941229458518,2354.6689922132045
73055,ARMERO,2009,21.62104008115574,1919.1386268684787
73055,ARMERO,2010,21.712483373181612,2103.9956103338222
73055,ARMERO,2011,21.23566663018596,2237.0236463494803
73055,ARMERO,2012,21.569680680899808,1662.1309737894398
73055,ARMERO,2013,21.721817753232813,1921.5993001613267
73055,ARMERO,2014,21.932220038052264,1981.3971425865768
73055,ARMERO,2015,22.370820144127208,1954.4227839008229
73055,ARMERO,2016,22.414176362136345,2005.4410778192928
73055,ARMERO,2017,22.292368921740263,2402.4502250842115
73055,ARMERO,2018,21.973505270070063,2369.1868337697883
73055,ARMERO,2019,22.453912143049592,1974.3487788135546
73055,ARMERO,2020,22.681683770541554,1783.0882294726227
73055,ARMERO,2021,23.19216726741746,2246.6994967164655
73055,ARMERO,2022,22.913150040764606,2977.2536825018915
73443,SAN SEBASTIÁN DE MARIQUITA,2001,21.62422196237668,2701.451834105054
73443,SAN SEBASTIÁN DE MARIQUITA,2002,21.974524568256584,2549.271383771183
73443,SAN SEBASTIÁN DE MARIQUITA,2003,21.98025030838818,2693.676142997746
73443,SAN SEBASTIÁN DE MARIQUITA,2004,21.547641151829794,2537.302956219567
73443,SAN SEBASTIÁN DE MARIQUITA,2005,21.894751940275512,3179.3210338260487
73443,SAN SEBASTIÁN DE MARIQUITA,2006,21.60996254368831,2879.939310258794
73443,SAN SEBASTIÁN DE MARIQUITA,2007,21.768983861019763,3107.3100642832496
73443,SAN SEBASTIÁN DE MARIQUITA,2008,21.109401020250857,3529.21468029289
73443,SAN SEBASTIÁN DE MARIQUITA,2009,21.98587485865545,2731.3600573692174
73443,SAN SEBASTIÁN DE MARIQUITA,2010,22.258417390522197,3156.491586771843
73443,SAN SEBASTIÁN DE MARIQUITA,2011,21.642329487047675,3455.6297515396914
73443,SAN SEBASTIÁN DE MARIQUITA,2012,22.043043919613524,2574.1345914813546
73443,SAN SEBASTIÁN DE MARIQUITA,2013,22.242794639185888,2548.1978626730856
73443,SAN SEBASTIÁN DE MARIQUITA,2014,22.39055818256577,2355.135045461553
73443,SAN SEBASTIÁN DE MARIQUITA,2015,22.937365080180996,2294.407166140546
73443,SAN SEBASTIÁN DE MARIQUITA,2016,23.055717066714692,2614.3490223952726
73443,SAN SEBASTIÁN DE MARIQUITA,2017,22.616466321443284,3242.3423772616025
73443,SAN SEBASTIÁN DE MARIQUITA,2018,22.4399147435239,3205.837474040442
73443,SAN SEBASTIÁN DE MARIQUITA,2019,23.01412739000824,2619.6591270849917
73443,SAN SEBASTIÁN DE MARIQUITA,2020,23.278781931023843,2296.7211936030303
73443,SAN SEBASTIÁN DE MARIQUITA,2021,21.508645000960655,2709.3026566219673
73443,SAN SEBASTIÁN DE MARIQUITA,2022,21.237354375684276,4100.924085965291
73520,PALOCABILDO,2001,17.05448666527161,2114.238928533441
73520,PALOCABILDO,2002,17.387414550781273,2124.5232341957444
73520,PALOCABILDO,2003,17.343052164713583,2304.6089437091946
73520,PALOCABILDO,2004,17.1120006742932,2151.3635309408237
73520,PALOCABILDO,2005,17.49900134858632,2677.7629660064963
73520,PALOCABILDO,2006,17.264584205264214,2394.7524349079063
73520,PALOCABILDO,2007,17.211067998976944,2615.354336822409
73520,PALOCABILDO,2008,16.844814918154782,2879.907280414135
73520,PALOCABILDO,2009,17.592393856956903,2196.572784437098
73520,PALOCABILDO,2010,17.90347842261906,2656.815890866883
73520,PALOCABILDO,2011,17.430463227771554,2734.0862188666556
73520,PALOCABILDO,2012,17.59293881370911,2001.477848026217
73520,PALOCABILDO,2013,17.769067382812523,2092.9044698801904
73520,PALOCABILDO,2014,17.873744128999306,1967.9456132913565
73520,PALOCABILDO,2015,18.281470598493343,2087.022250413452
73520,PALOCABILDO,2016,18.427404203869116,2221.7819318625393
73520,PALOCABILDO,2017,18.055951509021554,2692.0734563824863
73520,PALOCABILDO,2018,17.84318295433411,2676.9919489405374
73520,PALOCABILDO,2019,18.329685465494833,2222.664580275652
73520,PALOCABILDO,2020,18.5525524321057,2080.965514670691
73520,PALOCABILDO,2021,18.872878564245582,2475.358047485794
73520,PALOCABILDO,2022,18.516988184886202,3628.1322108478544
73671,SALDAÑA,2001,24.689440409342467,1469.3828892297904
73671,SALDAÑA,2002,25.092703247070347,1618.432000711357
73671,SALDAÑA,2003,25.228522237141988,1436.3087313996516
73671,SALDAÑA,2004,24.903398640950513,1371.1639329050254
73671,SALDAÑA,2005,25.048799641927133,1579.168905505313
73671,SALDAÑA,2006,24.76438090006519,1614.350974152375
73671,SALDAÑA,2007,24.693052673339878,1650.800092675872
73671,SALDAÑA,2008,23.894179789225348,1892.5442419647432
73671,SALDAÑA,2009,24.971098327636753,1518.9661796929079
73671,SALDAÑA,2010,24.563701375325536,1881.6253839911435
73671,SALDAÑA,2011,24.343289184570324,2099.427393034932
73671,SALDAÑA,2012,25.015765889485692,1389.071911400431
73671,SALDAÑA,2013,25.098200480143248,1522.280380589811
73671,SALDAÑA,2014,25.302672322591206,1189.4543741908215
73671,SALDAÑA,2015,26.079035949707077,925.1549714217251
73671,SALDAÑA,2016,25.986731465657556,1270.985740635807
73671,SALDAÑA,2017,25.505344645182333,1649.5799242197504
73671,SALDAÑA,2018,25.366436258951865,1457.4493988135962
73671,SALDAÑA,2019,25.992944844563795,1360.3126537141375
73671,SALDAÑA,2020,26.18703460693365,1368.490436420574
73671,SALDAÑA,2021,26.419191943927842,1652.3739851648184
73671,SALDAÑA,2022,26.019892643655396,2031.0411570713582
73870,VILLAHERMOSA,2001,14.240667529816335,1756.5681101029734
73870,VILLAHERMOSA,2002,14.545838441239994,1813.7091028839543
73870,VILLAHERMOSA,2003,14.510415000103876,2029.0366507886454
73870,VILLAHERMOSA,2004,14.37367384890291,1877.3912851409152
73870,VILLAHERMOSA,2005,14.772323673329424,2259.4011175666437
73870,VILLAHERMOSA,2006,14.539720965446293,2115.345537529868
73870,VILLAHERMOSA,2007,14.441719607089453,2193.0577127130887
73870,VILLAHERMOSA,2008,14.192140035426348,2369.3525102921067
73870,VILLAHERMOSA,2009,14.882938531104571,1852.4082439929498
73870,VILLAHERMOSA,2010,15.154140131524287,2214.542732158199
73870,VILLAHERMOSA,2011,14.771430222531592,2306.7044726851486
73870,VILLAHERMOSA,2012,14.842116400536042,1596.7535860885257
73870,VILLAHERMOSA,2013,15.003976115774606,1823.8826769592695
73870,VILLAHERMOSA,2014,15.070400221804334,1739.1687515316003
73870,VILLAHERMOSA,2015,15.473398801113717,1851.115228192941
73870,VILLAHERMOSA,2016,15.606482388110862,1888.7187778206287
73870,VILLAHERMOSA,2017,15.304805739382516,2283.8419669107675
73870,VILLAHERMOSA,2018,15.056245909345932,2235.0420264265417
73870,VILLAHERMOSA,2019,15.38764148468664,1908.5123236265406
73870,VILLAHERMOSA,2020,15.757957361099557,1878.210289217278
73870,VILLAHERMOSA,2021,14.57013957542432,2263.636567015662
73870,VILLAHERMOSA,2022,14.17169986671405,3182.143826207513
76001,SANTIAGO DE CALI,2001,19.486930076024862,1606.8162660130977
76001,SANTIAGO DE CALI,2002,19.834875586725047,1816.286944164378
76001,SANTIAGO DE CALI,2003,19.651019812143034,1850.345916372363
76001,SANTIAGO DE CALI,2004,19.794874096942237,1588.1949514903579
76001,SANTIAGO DE CALI,2005,20.03933187505254,1721.9408784276866
76001,SANTIAGO DE CALI,2006,19.93198957545792,1990.2296672762143
76001,SANTIAGO DE CALI,2007,19.82231825961867,1816.2148622028874
76001,SANTIAGO DE CALI,2008,19.654854526314693,2147.028946046026
76001,SANTIAGO DE CALI,2009,20.244929291099652,1677.8082542555503
76001,SANTIAGO DE CALI,2010,20.238972948956246,2148.169559827871
76001,SANTIAGO DE CALI,2011,20.04958545315651,2165.588089616533
76001,SANTIAGO DE CALI,2012,20.15883214807002,1679.928805408292
76001,SANTIAGO DE CALI,2013,20.155081439274625,1723.3540475891784
76001,SANTIAGO DE CALI,2014,20.31973132061711,1779.2770093251675
76001,SANTIAGO DE CALI,2015,20.756115788285513,1462.1615204385387
76001,SANTIAGO DE CALI,2016,20.633992316133288,1785.7664605258392
76001,SANTIAGO DE CALI,2017,20.49026108608456,1800.8352715056799
76001,SANTIAGO DE CALI,2018,20.455251517347108,1582.7504926971221
76001,SANTIAGO DE CALI,2019,20.730403908350183,1921.8957486042418
76001,SANTIAGO DE CALI,2020,21.07321951261133,1516.396926939168
76001,SANTIAGO DE CALI,2021,18.09594523676435,2181.583770151713
76001,SANTIAGO DE CALI,2022,17.831478591145526,2167.7830794708743
76111,GUADALAJARA DE BUGA,2001,17.347173826336473,1288.8688144830517
76111,GUADALAJARA DE BUGA,2002,17.667124139694977,1336.3815013754943
76111,GUADALAJARA DE BUGA,2003,17.573540253691647,1438.073637354596
76111,GUADALAJARA DE BUGA,2004,17.65858100639599,1461.1391502746
76111,GUADALAJARA DE BUGA,2005,17.95880735068971,1566.937895669759
76111,GUADALAJARA DE BUGA,2006,17.801488900097297,1636.1614982858405
76111,GUADALAJARA DE BUGA,2007,17.683176609360714,1570.7348668309708
76111,GUADALAJARA DE BUGA,2008,17.536158903352543,1774.6001114092173
76111,GUADALAJARA DE BUGA,2009,18.12446917299826,1302.061744474083
76111,GUADALAJARA DE BUGA,2010,18.17938728751716,1807.4294329753243
76111,GUADALAJARA DE BUGA,2011,18.075069374391887,1790.6667018383896
76111,GUADALAJARA DE BUGA,2012,18.05949210701408,1398.746268215738
76111,GUADALAJARA DE BUGA,2013,18.119211430252733,1403.7262197640555
76111,GUADALAJARA DE BUGA,2014,18.26721464164092,1297.9518405090002
76111,GUADALAJARA DE BUGA,2015,18.656698083004244,902.5385553837086
76111,GUADALAJARA DE BUGA,2016,18.551774848686478,1381.7983524564493
76111,GUADALAJARA DE BUGA,2017,18.442196957095632,1530.4286341971876
76111,GUADALAJARA DE BUGA,2018,18.340302788032375,1545.619184312852
76111,GUADALAJARA DE BUGA,2019,18.597755896040837,1193.55660893479
76111,GUADALAJARA DE BUGA,2020,18.886501482729557,1174.725757799322
76111,GUADALAJARA DE BUGA,2021,15.009733732994107,1476.8050749202037
76111,GUADALAJARA DE BUGA,2022,14.778565768771955,1845.7750992924698
76126,CALIMA,2001,21.819057541484995,3478.6195306671707
76126,CALIMA,2002,22.17985243686411,3023.393690431566
76126,CALIMA,2003,22.03819350604863,3462.2883163039683
76126,CALIMA,2004,22.10188428302149,3249.1028091269636
76126,CALIMA,2005,22.369680525905437,3453.501068113606
76126,CALIMA,2006,22.30364095998368,3475.1217082401668
76126,CALIMA,2007,22.1186565310457,3324.335560310152
76126,CALIMA,2008,22.04365674395899,3247.709455414959
76126,CALIMA,2009,22.605446441413847,3073.6003255216756
76126,CALIMA,2010,22.60565450505692,3227.635681263949
76126,CALIMA,2011,22.466867183714953,3091.4337958569513
76126,CALIMA,2012,22.61217911594599,2972.139628934998
76126,CALIMA,2013,22.526169698552565,2689.4045809848567
76126,CALIMA,2014,22.74699359272813,2562.6684465581543
76126,CALIMA,2015,23.22709352951648,2164.372441302253
76126,CALIMA,2016,22.996756785784555,2713.6926781194325
76126,CALIMA,2017,22.98053621987043,2343.9058470682394
76126,CALIMA,2018,22.86111383955614,2500.4628519088687
76126,CALIMA,2019,23.111023587958755,2424.453836523288
76126,CALIMA,2020,23.540347715865778,1809.7910761253706
76126,CALIMA,2021,19.308572596719557,2870.6246778575482
76126,CALIMA,2022,19.044435062414777,2559.7301334913946
86865,VALLE DEL GUAMUEZ,2001,22.293412950303832,3482.693546421966
86865,VALLE DEL GUAMUEZ,2002,22.31635335286461,3683.5000423448096
86865,VALLE DEL GUAMUEZ,2003,22.188987223307265,3708.1738703884976
86865,VALLE DEL GUAMUEZ,2004,22.80239393446186,3834.5177651803597
86865,VALLE DEL GUAMUEZ,2005,23.220722113715283,4066.8151633427738
86865,VALLE DEL GUAMUEZ,2006,23.04702012803824,4017.3433295134528
86865,VALLE DEL GUAMUEZ,2007,23.204092068142415,3975.5940026633643
86865,VALLE DEL GUAMUEZ,2008,23.003596327039986,4007.6819508413982
86865,VALLE DEL GUAMUEZ,2009,23.25148790147574,4048.0395289437643
86865,VALLE DEL GUAMUEZ,2010,23.587261962890636,3825.0404941937295
86865,VALLE DEL GUAMUEZ,2011,23.088181559244788,4475.291734234768
86865,VALLE DEL GUAMUEZ,2012,22.801069471571225,3862.995548508366
86865,VALLE DEL GUAMUEZ,2013,22.914250352647628,4466.933065383644
86865,VALLE DEL GUAMUEZ,2014,22.930539279513937,4586.595826082748
86865,VALLE DEL GUAMUEZ,2015,23.205986870659785,2653.4272745581966
86865,VALLE DEL GUAMUEZ,2016,23.431391737196236,3738.375091601919
86865,VALLE DEL GUAMUEZ,2017,23.34644368489586,4705.9944635712445
86865,VALLE DEL GUAMUEZ,2018,23.0322265625,3640.8468781835904
86865,VALLE DEL GUAMUEZ,2019,23.17943522135414,4491.242612544366
86865,VALLE DEL GUAMUEZ,2020,23.815085856119822,4446.532576133687
86865,VALLE DEL GUAMUEZ,2021,23.308119883344943,4796.229376537151
86865,VALLE DEL GUAMUEZ,2022,23.448030207924603,4948.640087324349
91460,MIRITÍ - PARANÁ,2001,24.59721240019087,3471.0922598216557
91460,MIRITÍ - PARANÁ,2002,24.75364486312651,3858.538540003683
91460,MIRITÍ - PARANÁ,2003,24.811705881763714,3735.5375065077105
91460,MIRITÍ - PARANÁ,2004,24.918277048382436,3510.9227160714604
91460,MIRITÍ - PARANÁ,2005,25.174937634745163,3498.969200441035
91460,MIRITÍ - PARANÁ,2006,24.929367115404432,3552.2548593852375
91460,MIRITÍ - PARANÁ,2007,25.00499790611076,3632.9746898219205
91460,MIRITÍ - PARANÁ,2008,24.936100236619097,3314.5337240459867
91460,MIRITÍ - PARANÁ,2009,25.01417573410896,3865.0378078398585
91460,MIRITÍ - PARANÁ,2010,25.478470585074604,3542.1250014470443
91460,MIRITÍ - PARANÁ,2011,24.98570990158271,3746.878989528948
91460,MIRITÍ - PARANÁ,2012,24.746948778180922,3629.5776963363032
91460,MIRITÍ - PARANÁ,2013,24.951408692943915,3560.1414524014613
91460,MIRITÍ - PARANÁ,2014,25.00238398245949,3715.2982507789766
91460,MIRITÍ - PARANÁ,2015,25.269196087142348,3253.2747069829575
91460,MIRITÍ - PARANÁ,2016,25.433896474270227,3562.4695504377914
91460,MIRITÍ - PARANÁ,2017,25.246084829223776,3191.945561885671
91460,MIRITÍ - PARANÁ,2018,24.93820302790607,2952.2390763927588
91460,MIRITÍ - PARANÁ,2019,25.038605826986952,3630.430754336953
91460,MIRITÍ - PARANÁ,2020,25.488127067309108,3194.2038684070385
91460,MIRITÍ - PARANÁ,2021,25.063697761729202,3460.444916497061
91460,MIRITÍ - PARANÁ,2022,25.110337319549274,3585.660112060059
91530,PUERTO ALEGRÍA,2001,24.50998486781367,3316.8496614610353
91530,PUERTO ALEGRÍA,2002,24.683620005358705,3759.9548389741476
91530,PUERTO ALEGRÍA,2003,24.648274831829667,3948.1926321027913
91530,PUERTO ALEGRÍA,2004,24.94899639768363,3580.527921343519
91530,PUERTO ALEGRÍA,2005,25.208867009253822,3212.609935534583
91530,PUERTO ALEGRÍA,2006,24.972234983216083,3304.0062692090346
91530,PUERTO ALEGRÍA,2007,25.008794137504594,3272.3284327172546
91530,PUERTO ALEGRÍA,2008,25.05117787827936,3502.6630274981985
91530,PUERTO ALEGRÍA,2009,25.040652015846717,3795.553740663409
91530,PUERTO ALEGRÍA,2010,25.43572532602053,3008.7000981837086
91530,PUERTO ALEGRÍA,2011,25.073917265527314,3197.194090928591
91530,PUERTO ALEGRÍA,2012,24.880370557703998,3187.263289833036
91530,PUERTO ALEGRÍA,2013,24.997675650071244,3622.5124725653104
91530,PUERTO ALEGRÍA,2014,25.027048192540008,3555.961447403649
91530,PUERTO ALEGRÍA,2015,25.18166683677765,3298.7018472203627
91530,PUERTO ALEGRÍA,2016,25.553172928177787,3469.29191504154
91530,PUERTO ALEGRÍA,2017,25.461495486841272,3094.4076055634355
91530,PUERTO ALEGRÍA,2018,25.11642777246476,2985.152241403359
91530,PUERTO ALEGRÍA,2019,25.16275044897111,3897.3699928200635
91530,PUERTO ALEGRÍA,2020,25.68602681920936,3216.674665542718
91530,PUERTO ALEGRÍA,2021,25.0155353180092,3195.5807896663014
91530,PUERTO ALEGRÍA,2022,25.116332197074826,3312.6377395751065
91536,PUERTO ARICA,2001,24.8577253059662,3349.81391662173
91536,PUERTO ARICA,2002,25.029752459989368,3576.2318023628986
91536,PUERTO ARICA,2003,25.088008974731224,3396.1275141608644
91536,PUERTO ARICA,2004,25.24676075532375,3231.254844202806
91536,PUERTO ARICA,2005,25.492908425051723,3385.162711674541
91536,PUERTO ARICA,2006,25.237319616549826,3822.7886010178677
91536,PUERTO ARICA,2007,25.271736576217336,3876.2360615997113
91536,PUERTO ARICA,2008,25.211225385157093,3179.552612016655
91536,PUERTO ARICA,2009,25.333216313239575,3630.293574504242
91536,PUERTO ARICA,2010,25.74892544750577,3476.321798998647
91536,PUERTO ARICA,2011,25.250445212216675,3740.5553520343587
91536,PUERTO ARICA,2012,25.0332177403302,3656.181049656292
91536,PUERTO ARICA,2013,25.221507626297523,3472.3677069199584
91536,PUERTO ARICA,2014,25.24883662479982,3774.37229572506
91536,PUERTO ARICA,2015,25.496081592362998,3269.5584669452874
91536,PUERTO ARICA,2016,25.678712082910522,3227.295748574507
91536,PUERTO ARICA,2017,25.415046655850233,3130.5302144577154
91536,PUERTO ARICA,2018,25.131202881980812,2957.950313588704
91536,PUERTO ARICA,2019,25.253950662020657,3729.1647779060677
91536,PUERTO ARICA,2020,25.634405739184388,3040.5496908570417
91536,PUERTO ARICA,2021,25.19324662791979,3312.0161548243204
91536,PUERTO ARICA,2022,25.271776435663924,3712.724709752128
94343,BARRANCOMINAS,2001,24.709714577064517,2963.852275647586
94343,BARRANCOMINAS,2002,24.837569363617604,3441.635834372816
94343,BARRANCOMINAS,2003,24.93932867439338,3131.168422505371
94343,BARRANCOMINAS,2004,25.029627594648844,3245.594124668275
94343,BARRANCOMINAS,2005,25.16431908260421,3245.5829762128947
94343,BARRANCOMINAS,2006,24.935214623694662,3463.9057710977727
94343,BARRANCOMINAS,2007,25.310977948308675,3076.2841901299253
94343,BARRANCOMINAS,2008,24.986426008494846,2982.889821077773
94343,BARRANCOMINAS,2009,25.03916266878258,3051.741105995038
94343,BARRANCOMINAS,2010,25.475228252739782,3001.4759031104772
94343,BARRANCOMINAS,2011,25.03072105346729,3592.640687135774
94343,BARRANCOMINAS,2012,24.847502424459037,3221.104470363384
94343,BARRANCOMINAS,2013,25.098023393026722,2921.675331003281
94343,BARRANCOMINAS,2014,25.13348599354856,2992.341114178736
94343,BARRANCOMINAS,2015,25.269291918750127,2590.2606474437216
94343,BARRANCOMINAS,2016,25.623467946965206,3174.365679699414
94343,BARRANCOMINAS,2017,25.355644538696424,2727.8096090307235
94343,BARRANCOMINAS,2018,25.13092627872362,3103.137196327945
94343,BARRANCOMINAS,2019,25.370867738896266,3376.4976811769925
94343,BARRANCOMINAS,2020,26.130617071592212,2736.668337221783
94343,BARRANCOMINAS,2021,25.255271500700644,2663.031044990373
94343,BARRANCOMINAS,2022,25.35023042702437,3071.7417890563797
94888,MORICHAL,2001,24.520816010705744,3162.8964461133405
94888,MORICHAL,2002,24.650385053830917,3743.5564222205066
94888,MORICHAL,2003,24.75286445006566,3441.5224918677927
94888,MORICHAL,2004,24.845745421559343,3387.582676003197
94888,MORICHAL,2005,24.960856661553862,3420.038058852693
94888,MORICHAL,2006,24.746264961326972,3588.9555959414674
94888,MORICHAL,2007,25.027246984615658,3216.1651357863534
94888,MORICHAL,2008,24.75033250145333,3058.5774645384236
94888,MORICHAL,2009,24.847906487622083,3332.4976520000178
94888,MORICHAL,2010,25.32238499229595,3087.299314795688
94888,MORICHAL,2011,24.874266830667068,3741.111689664705
94888,MORICHAL,2012,24.57837052255303,3519.4042820319046
94888,MORICHAL,2013,24.860850981742544,3159.3358493755077
94888,MORICHAL,2014,24.923164019477667,3424.8943825268025
94888,MORICHAL,2015,25.133661431882558,2821.887699829743
94888,MORICHAL,2016,25.408458034234343,3230.304082161757
94888,MORICHAL,2017,25.175964020850927,2818.0276587051435
94888,MORICHAL,2018,24.939209431980714,3289.0095299682193
94888,MORICHAL,2019,25.077104711210097,3564.039900591017
94888,MORICHAL,2020,25.84476515436228,2994.0558137678895
94888,MORICHAL,2021,25.108722615186082,2826.706422769089
94888,MORICHAL,2022,25.158368930055587,3346.2436717170026
