tarea,fuente,nombre_proyecto,COD_DANE,nota,clasificacion_sugerida,motivo_sugerencia,clave,anio_inicio,id_registro,n_registros,url,tipo_registro,tokens_match,cod_dane_match
SECTOR,renare,Proyecto de Desarrollo Bajo en Carbono - Granja Solar El Cinco,,"Fuente primaria: RENARE/MinAmbiente; el detalle individual no está indexado públicamente en buscadores. Se conserva REVISAR cuando la ficha pública no permitió confirmar fecha de inicio. | Clasificación revisada: la actividad/nombre corresponde principalmente a energía, residuos, transporte, industria o infraestructura; no se identifica como AFOLU.",NO_AFOLU,tipo=PDBC - Proyectos de Desarrollo; actividades sugiere AFOLU,renare|proyecto de desarrollo bajo en carbono - granja solar el cinco,,6a7e79ab956159ac50315e7d,1.0,https://renare.minambiente.gov.co/,PDBC - Proyectos de Desarrollo Bajo en Carbono,,
SECTOR,renare,Sembrando Futuro 2.0,,"Verificado como proyecto de restauración forestal/ARR en Antioquia. Evidencia pública de implementación 2023-2026; se usa 2023 como primer año de implementación pública, no como fecha RENARE confirmada.",REVISAR,tipo=PDBC - Proyectos de Desarrollo; actividades sugiere AFOLU,renare|sembrando futuro 2.0,2023.0,6a7cdbba2ae62d26b5e216ec,1.0,https://www.terraformation.com/projects/sembrando-futuro-2-0-colombia,PDBC - Proyectos de Desarrollo Bajo en Carbono,JARDIN;TAMESIS,5364;5789
SECTOR,renare,Rehabilitación del Corredor Férreo La Dorada - Chiriguaná,,Fuente primaria: RENARE/MinAmbiente; el detalle individual no está indexado públicamente en buscadores. Se conserva REVISAR cuando la ficha pública no permitió confirmar fecha de inicio. | REVISAR: el nombre disponible no permite confirmar con suficiente certeza la naturaleza AFOLU/no-AFOLU ni la fecha de inicio; no se imputa un año.,REVISAR,tipo=PDBC - Proyectos de Desarrollo; actividades sugiere AFOLU,renare|rehabilitacion del corredor ferreo la dorada - chiriguana,,6a6365cec4dc4aa74a6f1b69,1.0,https://renare.minambiente.gov.co/,PDBC - Proyectos de Desarrollo Bajo en Carbono,CALDAS;CHIRIGUANA;CIENAGA;LA DORADA,15131;17380;20178;47189;5129
SECTOR,renare,Diseño y desarrollo de sistemas de tratamientos de aguas residuales domésticas e industriales a través de biomasas adsorbentes. ,,"Fuente primaria: RENARE/MinAmbiente; el detalle individual no está indexado públicamente en buscadores. Se conserva REVISAR cuando la ficha pública no permitió confirmar fecha de inicio. | Clasificación revisada: la actividad/nombre corresponde principalmente a energía, residuos, transporte, industria o infraestructura; no se identifica como AFOLU.",NO_AFOLU,tipo=MDL - Proyectos del Mecanismo ; actividades sugiere AFOLU,renare|diseno y desarrollo de sistemas de tratamientos de aguas residuales domesticas e industriales a traves de biomasas adsorbentes.,,6a0ce0526ba4657064ecab7a,1.0,https://renare.minambiente.gov.co/,MDL - Proyectos del Mecanismo de Desarrollo Limpio,,
SECTOR,renare,Proyecto Forestal CO2CERO Chigüiro,,"Fuente primaria: RENARE/MinAmbiente; el detalle individual no está indexado públicamente en buscadores. Se conserva REVISAR cuando la ficha pública no permitió confirmar fecha de inicio. | Clasificación revisada: la actividad/nombre corresponde a uso de suelo, forestación/reforestación, conservación de bosques, agroforestería o ganadería/biomasa en tierras; AFOLU.",AFOLU,tipo=PDBC - Proyectos de Desarrollo; actividades sugiere AFOLU,renare|proyecto forestal co2cero chiguiro,,6995c4dbdc90ca1cbe64d7fc,1.0,https://renare.minambiente.gov.co/,PDBC - Proyectos de Desarrollo Bajo en Carbono,,
SECTOR,renare,Proyecto Forestal CO2CERO Alcaraván Orinoquia,,"Fuente primaria: RENARE/MinAmbiente; el detalle individual no está indexado públicamente en buscadores. Se conserva REVISAR cuando la ficha pública no permitió confirmar fecha de inicio. | Clasificación revisada: la actividad/nombre corresponde a uso de suelo, forestación/reforestación, conservación de bosques, agroforestería o ganadería/biomasa en tierras; AFOLU.",AFOLU,tipo=PDBC - Proyectos de Desarrollo; actividades sugiere AFOLU,renare|proyecto forestal co2cero alcaravan orinoquia,,6973d618dc90ca1cbe64d460,1.0,https://renare.minambiente.gov.co/,PDBC - Proyectos de Desarrollo Bajo en Carbono,CUMARIBO;PUERTO GAITAN;PUERTO LLERAS,50568;50577;99773
SECTOR,renare,Proyecto CO2CERO COL LA GLORIA - Alouatta Carbon Forest,,"Fuente primaria: RENARE/MinAmbiente; el detalle individual no está indexado públicamente en buscadores. Se conserva REVISAR cuando la ficha pública no permitió confirmar fecha de inicio. | Clasificación revisada: la actividad/nombre corresponde a uso de suelo, forestación/reforestación, conservación de bosques, agroforestería o ganadería/biomasa en tierras; AFOLU.",AFOLU,tipo=PDBC - Proyectos de Desarrollo; actividades sugiere AFOLU,renare|proyecto co2cero col la gloria - alouatta carbon forest,,695d37c9dc90ca1cbe64d1fa,1.0,https://renare.minambiente.gov.co/,PDBC - Proyectos de Desarrollo Bajo en Carbono,LA GLORIA,20383
SECTOR,renare,MDL PoA Mundo verde,,Fuente primaria: RENARE/MinAmbiente; el detalle individual no está indexado públicamente en buscadores. Se conserva REVISAR cuando la ficha pública no permitió confirmar fecha de inicio. | REVISAR: el nombre disponible no permite confirmar con suficiente certeza la naturaleza AFOLU/no-AFOLU ni la fecha de inicio; no se imputa un año.,REVISAR,tipo=MDL PoA - Programas de Activid; actividades sugiere AFOLU,renare|mdl poa mundo verde,,691726b38903bc9c31018518,1.0,https://renare.minambiente.gov.co/,MDL PoA - Programas de Actividades del Mecanismo de Desarrollo Limpio,,
SECTOR,renare,hkjhkh,,Registro de prueba / nombre no informativo; no debe entrar como proyecto AFOLU sin validación manual en RENARE.,REVISAR,tipo=MDL - Proyectos del Mecanismo ; actividades sugiere AFOLU,renare|hkjhkh,,69133b64471be180c8ed9831,1.0,https://renare.minambiente.gov.co/,MDL - Proyectos del Mecanismo de Desarrollo Limpio,,
SECTOR,renare,"Proyecto de Captura de Carbono, y Conservación Hídrica del Bosque Altoandino-Húmedo en la Finca La Giovanna, Pamplona (Norte de Santander). 
",,"Fuente primaria: RENARE/MinAmbiente; el detalle individual no está indexado públicamente en buscadores. Se conserva REVISAR cuando la ficha pública no permitió confirmar fecha de inicio. | Clasificación revisada: la actividad/nombre corresponde a uso de suelo, forestación/reforestación, conservación de bosques, agroforestería o ganadería/biomasa en tierras; AFOLU.",AFOLU,tipo=PDBC - Proyectos de Desarrollo; actividades sugiere AFOLU,"renare|proyecto de captura de carbono, y conservacion hidrica del bosque altoandino-humedo en la finca la giovanna, pamplona (norte de santander).",,690caa31471be180c8ed9765,1.0,https://renare.minambiente.gov.co/,PDBC - Proyectos de Desarrollo Bajo en Carbono,PAMPLONA,54518
SECTOR,renare,Proyecto Hidroeléctrico El Edén,,"Fuente primaria: RENARE/MinAmbiente; el detalle individual no está indexado públicamente en buscadores. Se conserva REVISAR cuando la ficha pública no permitió confirmar fecha de inicio. | Clasificación revisada: la actividad/nombre corresponde principalmente a energía, residuos, transporte, industria o infraestructura; no se identifica como AFOLU.",NO_AFOLU,tipo=PDBC - Proyectos de Desarrollo; actividades sugiere AFOLU,renare|proyecto hidroelectrico el eden,,690c8ec7471be180c8ed973d,1.0,https://renare.minambiente.gov.co/,PDBC - Proyectos de Desarrollo Bajo en Carbono,CALDAS;MANZANARES;MARQUETALIA;PENSILVANIA;SILVANIA,15131;17433;17444;17541;25743;5129
SECTOR,renare,Prueba,,Registro de prueba / nombre no informativo; no debe entrar como proyecto AFOLU sin validación manual en RENARE.,REVISAR,tipo=PDBC - Proyectos de Desarrollo; actividades sugiere AFOLU,renare|prueba,,68d82b7bf7447e0f93dcaf29;68ddf2adf7447e0f93dcb125,2.0,https://renare.minambiente.gov.co/,NAMA - Acciones Nacionalmente Apropiadas de Mitigación;PDBC - Proyectos de Desarrollo Bajo en Carbono,,
SECTOR,renare,abclnlkvn,,Registro de prueba / nombre no informativo; no debe entrar como proyecto AFOLU sin validación manual en RENARE.,REVISAR,tipo=PDBC - Programas de Desarrollo; actividades sugiere AFOLU,renare|abclnlkvn,,68d9647bf7447e0f93dcb01e,1.0,https://renare.minambiente.gov.co/,PDBC - Programas de Desarrollo Bajo en Carbono,,
SECTOR,renare,knfknl,,Registro de prueba / nombre no informativo; no debe entrar como proyecto AFOLU sin validación manual en RENARE.,REVISAR,tipo=MDL PoA - Programas de Activid; actividades sugiere AFOLU,renare|knfknl,,68d952ddf7447e0f93dcafe2,1.0,https://renare.minambiente.gov.co/,MDL PoA - Programas de Actividades del Mecanismo de Desarrollo Limpio,,
SECTOR,renare,Nombre Iniciativa prueba,,Registro de prueba / nombre no informativo; no debe entrar como proyecto AFOLU sin validación manual en RENARE.,REVISAR,tipo=MDL - Proyectos del Mecanismo ; actividades sugiere AFOLU,renare|nombre iniciativa prueba,,68d94d2bf7447e0f93dcafb8,1.0,https://renare.minambiente.gov.co/,MDL - Proyectos del Mecanismo de Desarrollo Limpio,,
SECTOR,renare,nombre prueba,,Registro de prueba / nombre no informativo; no debe entrar como proyecto AFOLU sin validación manual en RENARE.,REVISAR,tipo=PDBC - Proyectos de Desarrollo; actividades sugiere AFOLU,renare|nombre prueba,,68d9465cf7447e0f93dcaf56,1.0,https://renare.minambiente.gov.co/,PDBC - Proyectos de Desarrollo Bajo en Carbono,,
SECTOR,renare,EcoAcción MDL,,Fuente primaria: RENARE/MinAmbiente; el detalle individual no está indexado públicamente en buscadores. Se conserva REVISAR cuando la ficha pública no permitió confirmar fecha de inicio. | REVISAR: el nombre disponible no permite confirmar con suficiente certeza la naturaleza AFOLU/no-AFOLU ni la fecha de inicio; no se imputa un año.,REVISAR,tipo=MDL PoA - Programas de Activid; actividades sugiere AFOLU,renare|ecoaccion mdl,,68b20da12cb375c800b83892;68d4283d2d88c288b51cf71f;68d6a15a350c48834f3de405,3.0,https://renare.minambiente.gov.co/,MDL PoA - Programas de Actividades del Mecanismo de Desarrollo Limpio,,
SECTOR,renare,Plan VERDE: Valoración de Energías Renovables y Disminución de Emisiones,,"Fuente primaria: RENARE/MinAmbiente; el detalle individual no está indexado públicamente en buscadores. Se conserva REVISAR cuando la ficha pública no permitió confirmar fecha de inicio. | Clasificación revisada: la actividad/nombre corresponde principalmente a energía, residuos, transporte, industria o infraestructura; no se identifica como AFOLU.",NO_AFOLU,tipo=MDL PoA - Programas de Activid; actividades sugiere AFOLU,renare|plan verde: valoracion de energias renovables y disminucion de emisiones,,68c991302d88c288b51cef65,1.0,https://renare.minambiente.gov.co/,MDL PoA - Programas de Actividades del Mecanismo de Desarrollo Limpio,CIENAGA,47189
SECTOR,renare,Los Titíes de San Juan,,Fuente primaria: RENARE/MinAmbiente; el detalle individual no está indexado públicamente en buscadores. Se conserva REVISAR cuando la ficha pública no permitió confirmar fecha de inicio. | REVISAR: el nombre disponible no permite confirmar con suficiente certeza la naturaleza AFOLU/no-AFOLU ni la fecha de inicio; no se imputa un año.,REVISAR,tipo=PDBC - Proyectos de Desarrollo; actividades sugiere AFOLU,renare|los tities de san juan,,68b22d062cb375c800b83dfb,1.0,https://renare.minambiente.gov.co/,PDBC - Proyectos de Desarrollo Bajo en Carbono,,
SECTOR,renare,Proyecto de Generación de Energía Solar Fotovoltaica La Loma ,,"Fuente primaria: RENARE/MinAmbiente; el detalle individual no está indexado públicamente en buscadores. Se conserva REVISAR cuando la ficha pública no permitió confirmar fecha de inicio. | Clasificación revisada: la actividad/nombre corresponde principalmente a energía, residuos, transporte, industria o infraestructura; no se identifica como AFOLU.",NO_AFOLU,tipo: PDBC - Proyectos de Desarrollo Bajo en Carbono (no concluyente),renare|proyecto de generacion de energia solar fotovoltaica la loma,,68b22d052cb375c800b83df8,1.0,https://renare.minambiente.gov.co/,PDBC - Proyectos de Desarrollo Bajo en Carbono,,
SECTOR,renare,BaumInvest Flor Morado Reforestation Project Veraneo,,"Fuente primaria: RENARE/MinAmbiente; el detalle individual no está indexado públicamente en buscadores. Se conserva REVISAR cuando la ficha pública no permitió confirmar fecha de inicio. | Clasificación revisada: la actividad/nombre corresponde a uso de suelo, forestación/reforestación, conservación de bosques, agroforestería o ganadería/biomasa en tierras; AFOLU.",AFOLU,tipo: PDBC - Proyectos de Desarrollo Bajo en Carbono (no concluyente),renare|bauminvest flor morado reforestation project veraneo,,68b22d042cb375c800b83df5,1.0,https://renare.minambiente.gov.co/,PDBC - Proyectos de Desarrollo Bajo en Carbono,,
SECTOR,renare,Proyecto de mitigación en el sector del uso del suelo cambio en el uso del suelo y silvicultura por remociones debidas al establecimiento de sistemas forestales de Hevea brasiliensis en el municipio d,,"Fuente primaria: RENARE/MinAmbiente; el detalle individual no está indexado públicamente en buscadores. Se conserva REVISAR cuando la ficha pública no permitió confirmar fecha de inicio. | Clasificación revisada: la actividad/nombre corresponde a uso de suelo, forestación/reforestación, conservación de bosques, agroforestería o ganadería/biomasa en tierras; AFOLU.",AFOLU,tipo=PDBC - Proyectos de Desarrollo; actividades sugiere AFOLU,renare|proyecto de mitigacion en el sector del uso del suelo cambio en el uso del suelo y silvicultura por remociones debidas al establecimiento de sistemas forestales de hevea brasiliensis en el municipio d,,68b22cff2cb375c800b83df1,1.0,https://renare.minambiente.gov.co/,PDBC - Proyectos de Desarrollo Bajo en Carbono,,
SECTOR,renare,prueba_py_pdbc,,Registro de prueba / nombre no informativo; no debe entrar como proyecto AFOLU sin validación manual en RENARE.,REVISAR,tipo=PDBC - Proyectos de Desarrollo; actividades sugiere AFOLU,renare|prueba_py_pdbc,,68b22cfa2cb375c800b83ded,1.0,https://renare.minambiente.gov.co/,PDBC - Proyectos de Desarrollo Bajo en Carbono,,
SECTOR,renare,Central Hidroeléctrica Menor Amaime,,"Fuente primaria: RENARE/MinAmbiente; el detalle individual no está indexado públicamente en buscadores. Se conserva REVISAR cuando la ficha pública no permitió confirmar fecha de inicio. | Clasificación revisada: la actividad/nombre corresponde principalmente a energía, residuos, transporte, industria o infraestructura; no se identifica como AFOLU.",NO_AFOLU,tipo=MDL - Proyectos del Mecanismo ; actividades sugiere AFOLU,renare|central hidroelectrica menor amaime,,68b22cb62cb375c800b83d76;68b22cf42cb375c800b83de9,2.0,https://renare.minambiente.gov.co/,MDL - Proyectos del Mecanismo de Desarrollo Limpio;PDBC - Proyectos de Desarrollo Bajo en Carbono,,
SECTOR,renare,AgroTrace,,Fuente primaria: RENARE/MinAmbiente; el detalle individual no está indexado públicamente en buscadores. Se conserva REVISAR cuando la ficha pública no permitió confirmar fecha de inicio. | REVISAR: el nombre disponible no permite confirmar con suficiente certeza la naturaleza AFOLU/no-AFOLU ni la fecha de inicio; no se imputa un año.,REVISAR,tipo: PDBC - Programas de Desarrollo Bajo en Carbono (no concluyente),renare|agrotrace,,68b22cf42cb375c800b83de6,1.0,https://renare.minambiente.gov.co/,PDBC - Programas de Desarrollo Bajo en Carbono,,
SECTOR,renare,CARVIDA DURATEX,,Verificado: CARVIDA DURATEX figura como proyecto AFOLU; el registro público secundario consultado reporta periodo 01/03/2007–28/02/2030.,AFOLU,tipo: PDBC - Proyectos de Desarrollo Bajo en Carbono (no concluyente),renare|carvida duratex,2007.0,68b22cf22cb375c800b83de0,1.0,https://www.ecoregistry.io/projects/68,PDBC - Proyectos de Desarrollo Bajo en Carbono,,
SECTOR,renare,BaumInvest Flor Saphira Reforestation Project El Capricho & La Catorce,,"Fuente primaria: RENARE/MinAmbiente; el detalle individual no está indexado públicamente en buscadores. Se conserva REVISAR cuando la ficha pública no permitió confirmar fecha de inicio. | Clasificación revisada: la actividad/nombre corresponde a uso de suelo, forestación/reforestación, conservación de bosques, agroforestería o ganadería/biomasa en tierras; AFOLU.",AFOLU,tipo: PDBC - Programas de Desarrollo Bajo en Carbono (no concluyente),renare|bauminvest flor saphira reforestation project el capricho & la catorce,,68b22cf02cb375c800b83dda,1.0,https://renare.minambiente.gov.co/,PDBC - Programas de Desarrollo Bajo en Carbono,,
SECTOR,renare,BaumInvest Flor Morado Reforestation Project Punta Hermosa & Moriche Solo,,"Fuente primaria: RENARE/MinAmbiente; el detalle individual no está indexado públicamente en buscadores. Se conserva REVISAR cuando la ficha pública no permitió confirmar fecha de inicio. | Clasificación revisada: la actividad/nombre corresponde a uso de suelo, forestación/reforestación, conservación de bosques, agroforestería o ganadería/biomasa en tierras; AFOLU.",AFOLU,tipo: PDBC - Programas de Desarrollo Bajo en Carbono (no concluyente),renare|bauminvest flor morado reforestation project punta hermosa & moriche solo,,68b22cef2cb375c800b83dd7,1.0,https://renare.minambiente.gov.co/,PDBC - Programas de Desarrollo Bajo en Carbono,,
SECTOR,renare,A,,Registro de prueba / nombre no informativo; no debe entrar como proyecto AFOLU sin validación manual en RENARE.,REVISAR,tipo: PDBC - Proyectos de Desarrollo Bajo en Carbono (no concluyente),renare|a,,68b22cee2cb375c800b83dd1,1.0,https://renare.minambiente.gov.co/,PDBC - Proyectos de Desarrollo Bajo en Carbono,,
SECTOR,renare,ENTREPALMAS S.A.S,,Fuente primaria: RENARE/MinAmbiente; el detalle individual no está indexado públicamente en buscadores. Se conserva REVISAR cuando la ficha pública no permitió confirmar fecha de inicio. | REVISAR: el nombre disponible no permite confirmar con suficiente certeza la naturaleza AFOLU/no-AFOLU ni la fecha de inicio; no se imputa un año.,REVISAR,tipo=MDL - Proyectos del Mecanismo ; actividades sugiere AFOLU,renare|entrepalmas s.a.s,,68b22ced2cb375c800b83dce,1.0,https://renare.minambiente.gov.co/,MDL - Proyectos del Mecanismo de Desarrollo Limpio,,
SECTOR,renare,CIM2,,Fuente primaria: RENARE/MinAmbiente; el detalle individual no está indexado públicamente en buscadores. Se conserva REVISAR cuando la ficha pública no permitió confirmar fecha de inicio. | REVISAR: el nombre disponible no permite confirmar con suficiente certeza la naturaleza AFOLU/no-AFOLU ni la fecha de inicio; no se imputa un año.,REVISAR,tipo: PDBC - Proyectos de Desarrollo Bajo en Carbono (no concluyente),renare|cim2,,68b22ceb2cb375c800b83dc8,1.0,https://renare.minambiente.gov.co/,PDBC - Proyectos de Desarrollo Bajo en Carbono,,
SECTOR,renare,Central Hidroeléctrica Escuela de Minas,,"Fuente primaria: RENARE/MinAmbiente; el detalle individual no está indexado públicamente en buscadores. Se conserva REVISAR cuando la ficha pública no permitió confirmar fecha de inicio. | Clasificación revisada: la actividad/nombre corresponde principalmente a energía, residuos, transporte, industria o infraestructura; no se identifica como AFOLU.",NO_AFOLU,tipo: PDBC - Proyectos de Desarrollo Bajo en Carbono (no concluyente),renare|central hidroelectrica escuela de minas,,68b22cea2cb375c800b83dc5,1.0,https://renare.minambiente.gov.co/,PDBC - Proyectos de Desarrollo Bajo en Carbono,,
SECTOR,renare,Central Hidroeléctrica Carlos Lleras Restrepo,,"Fuente primaria: RENARE/MinAmbiente; el detalle individual no está indexado públicamente en buscadores. Se conserva REVISAR cuando la ficha pública no permitió confirmar fecha de inicio. | Clasificación revisada: la actividad/nombre corresponde principalmente a energía, residuos, transporte, industria o infraestructura; no se identifica como AFOLU.",NO_AFOLU,tipo: PDBC - Proyectos de Desarrollo Bajo en Carbono (no concluyente),renare|central hidroelectrica carlos lleras restrepo,,68b22ce92cb375c800b83dc2,1.0,https://renare.minambiente.gov.co/,PDBC - Proyectos de Desarrollo Bajo en Carbono,,
SECTOR,renare,Central Hidroeléctrica Menor Bajo Tuluá,,"Fuente primaria: RENARE/MinAmbiente; el detalle individual no está indexado públicamente en buscadores. Se conserva REVISAR cuando la ficha pública no permitió confirmar fecha de inicio. | Clasificación revisada: la actividad/nombre corresponde principalmente a energía, residuos, transporte, industria o infraestructura; no se identifica como AFOLU.",NO_AFOLU,tipo=PDBC - Proyectos de Desarrollo; actividades sugiere AFOLU,renare|central hidroelectrica menor bajo tulua,,68b22ce42cb375c800b83dbe,1.0,https://renare.minambiente.gov.co/,PDBC - Proyectos de Desarrollo Bajo en Carbono,,
SECTOR,renare,Carbono Bagatela,,"Fuente primaria: RENARE/MinAmbiente; el detalle individual no está indexado públicamente en buscadores. Se conserva REVISAR cuando la ficha pública no permitió confirmar fecha de inicio. | Clasificación revisada: la actividad/nombre corresponde a uso de suelo, forestación/reforestación, conservación de bosques, agroforestería o ganadería/biomasa en tierras; AFOLU.",AFOLU,tipo=PDBC - Proyectos de Desarrollo; actividades sugiere AFOLU,renare|carbono bagatela,,68b22cdf2cb375c800b83dba,1.0,https://renare.minambiente.gov.co/,PDBC - Proyectos de Desarrollo Bajo en Carbono,ARBOLETES;CORDOBA;LOS CORDOBAS,13212;23419;5051;52215;63212
SECTOR,renare,Proyecto hidroeléctrico Caruquia,,"Fuente primaria: RENARE/MinAmbiente; el detalle individual no está indexado públicamente en buscadores. Se conserva REVISAR cuando la ficha pública no permitió confirmar fecha de inicio. | Clasificación revisada: la actividad/nombre corresponde principalmente a energía, residuos, transporte, industria o infraestructura; no se identifica como AFOLU.",NO_AFOLU,tipo: PDBC - Programas de Desarrollo Bajo en Carbono (no concluyente),renare|proyecto hidroelectrico caruquia,,68b22cde2cb375c800b83db7,1.0,https://renare.minambiente.gov.co/,PDBC - Programas de Desarrollo Bajo en Carbono,,
SECTOR,renare,Brújula Verde Project,,Verificado como proyecto de forestación/reforestación y captura de carbono en Vichada. Primera plantación de gran escala reportada en 2024; se usa como año de inicio de implementación documentada.,AFOLU,tipo=PDBC - Proyectos de Desarrollo; actividades sugiere AFOLU,renare|brujula verde project,2024.0,68b22cdd2cb375c800b83db4,1.0,https://brujula-verde.com/,PDBC - Proyectos de Desarrollo Bajo en Carbono,,
SECTOR,renare,Solario,,"Fuente primaria: RENARE/MinAmbiente; el detalle individual no está indexado públicamente en buscadores. Se conserva REVISAR cuando la ficha pública no permitió confirmar fecha de inicio. | Clasificación revisada: la actividad/nombre corresponde principalmente a energía, residuos, transporte, industria o infraestructura; no se identifica como AFOLU.",NO_AFOLU,tipo: MDL - Proyectos del Mecanismo de Desarrollo Limpio (no concluyente),renare|solario,,68b22cdc2cb375c800b83db1,1.0,https://renare.minambiente.gov.co/,MDL - Proyectos del Mecanismo de Desarrollo Limpio,,
SECTOR,renare,Proyecto Solar Fotovoltaico Greenyellow,,"Fuente primaria: RENARE/MinAmbiente; el detalle individual no está indexado públicamente en buscadores. Se conserva REVISAR cuando la ficha pública no permitió confirmar fecha de inicio. | Clasificación revisada: la actividad/nombre corresponde principalmente a energía, residuos, transporte, industria o infraestructura; no se identifica como AFOLU.",NO_AFOLU,tipo: PDBC - Proyectos de Desarrollo Bajo en Carbono (no concluyente),renare|proyecto solar fotovoltaico greenyellow,,68b22cdb2cb375c800b83dae,1.0,https://renare.minambiente.gov.co/,PDBC - Proyectos de Desarrollo Bajo en Carbono,,
SECTOR,renare,Agua Fresca Multipurpose and Environmental Services Project,,Fuente primaria: RENARE/MinAmbiente; el detalle individual no está indexado públicamente en buscadores. Se conserva REVISAR cuando la ficha pública no permitió confirmar fecha de inicio. | REVISAR: el nombre disponible no permite confirmar con suficiente certeza la naturaleza AFOLU/no-AFOLU ni la fecha de inicio; no se imputa un año.,REVISAR,tipo: PDBC - Proyectos de Desarrollo Bajo en Carbono (no concluyente),renare|agua fresca multipurpose and environmental services project,,68b22cda2cb375c800b83dab,1.0,https://renare.minambiente.gov.co/,PDBC - Proyectos de Desarrollo Bajo en Carbono,,
SECTOR,renare,Carbono Verde II,,"Fuente primaria: RENARE/MinAmbiente; el detalle individual no está indexado públicamente en buscadores. Se conserva REVISAR cuando la ficha pública no permitió confirmar fecha de inicio. | Clasificación revisada: la actividad/nombre corresponde a uso de suelo, forestación/reforestación, conservación de bosques, agroforestería o ganadería/biomasa en tierras; AFOLU.",AFOLU,tipo: PDBC - Proyectos de Desarrollo Bajo en Carbono (no concluyente),renare|carbono verde ii,,68b22cd92cb375c800b83da8,1.0,https://renare.minambiente.gov.co/,PDBC - Proyectos de Desarrollo Bajo en Carbono,,
SECTOR,renare,Proyecto Hidroeléctrico Guanaquitas 9.74 MW,,"Fuente primaria: RENARE/MinAmbiente; el detalle individual no está indexado públicamente en buscadores. Se conserva REVISAR cuando la ficha pública no permitió confirmar fecha de inicio. | Clasificación revisada: la actividad/nombre corresponde principalmente a energía, residuos, transporte, industria o infraestructura; no se identifica como AFOLU.",NO_AFOLU,tipo: MDL - Proyectos del Mecanismo de Desarrollo Limpio (no concluyente),renare|proyecto hidroelectrico guanaquitas 9.74 mw,,68b22cd82cb375c800b83da5,1.0,https://renare.minambiente.gov.co/,MDL - Proyectos del Mecanismo de Desarrollo Limpio,,
SECTOR,renare,RUTA ANDINA ,,Fuente primaria: RENARE/MinAmbiente; el detalle individual no está indexado públicamente en buscadores. Se conserva REVISAR cuando la ficha pública no permitió confirmar fecha de inicio. | REVISAR: el nombre disponible no permite confirmar con suficiente certeza la naturaleza AFOLU/no-AFOLU ni la fecha de inicio; no se imputa un año.,REVISAR,tipo: PDBC - Proyectos de Desarrollo Bajo en Carbono (no concluyente),renare|ruta andina,,68b22cd72cb375c800b83da2,1.0,https://renare.minambiente.gov.co/,PDBC - Proyectos de Desarrollo Bajo en Carbono,,
SECTOR,renare,Planta Solar Fotovoltaica Fundación ,,"Fuente primaria: RENARE/MinAmbiente; el detalle individual no está indexado públicamente en buscadores. Se conserva REVISAR cuando la ficha pública no permitió confirmar fecha de inicio. | Clasificación revisada: la actividad/nombre corresponde principalmente a energía, residuos, transporte, industria o infraestructura; no se identifica como AFOLU.",NO_AFOLU,tipo: PDBC - Proyectos de Desarrollo Bajo en Carbono (no concluyente),renare|planta solar fotovoltaica fundacion,,68b22cd12cb375c800b83d9b,1.0,https://renare.minambiente.gov.co/,PDBC - Proyectos de Desarrollo Bajo en Carbono,,
SECTOR,renare,CIM 1,,Fuente primaria: RENARE/MinAmbiente; el detalle individual no está indexado públicamente en buscadores. Se conserva REVISAR cuando la ficha pública no permitió confirmar fecha de inicio. | REVISAR: el nombre disponible no permite confirmar con suficiente certeza la naturaleza AFOLU/no-AFOLU ni la fecha de inicio; no se imputa un año.,REVISAR,tipo: PDBC - Proyectos de Desarrollo Bajo en Carbono (no concluyente),renare|cim 1,,68b22cd02cb375c800b83d98,1.0,https://renare.minambiente.gov.co/,PDBC - Proyectos de Desarrollo Bajo en Carbono,,
SECTOR,renare,CARBONO LA TABACA - AGI,,"Fuente primaria: RENARE/MinAmbiente; el detalle individual no está indexado públicamente en buscadores. Se conserva REVISAR cuando la ficha pública no permitió confirmar fecha de inicio. | Clasificación revisada: la actividad/nombre corresponde a uso de suelo, forestación/reforestación, conservación de bosques, agroforestería o ganadería/biomasa en tierras; AFOLU.",AFOLU,tipo=PDBC - Proyectos de Desarrollo; actividades sugiere AFOLU,renare|carbono la tabaca - agi,,68b22b842cb375c800b83c3b;68b22cc62cb375c800b83d90,2.0,https://renare.minambiente.gov.co/,PDBC - Proyectos de Desarrollo Bajo en Carbono,,
SECTOR,renare,Proyecto hidroeléctrico Popal 20 MW,,"Fuente primaria: RENARE/MinAmbiente; el detalle individual no está indexado públicamente en buscadores. Se conserva REVISAR cuando la ficha pública no permitió confirmar fecha de inicio. | Clasificación revisada: la actividad/nombre corresponde principalmente a energía, residuos, transporte, industria o infraestructura; no se identifica como AFOLU.",NO_AFOLU,tipo: PDBC - Programas de Desarrollo Bajo en Carbono (no concluyente),renare|proyecto hidroelectrico popal 20 mw,,68b22cc52cb375c800b83d8d,1.0,https://renare.minambiente.gov.co/,PDBC - Programas de Desarrollo Bajo en Carbono,,
SECTOR,renare,Proyecto Hidroeléctrico San Miguel 42 MW,,"Fuente primaria: RENARE/MinAmbiente; el detalle individual no está indexado públicamente en buscadores. Se conserva REVISAR cuando la ficha pública no permitió confirmar fecha de inicio. | Clasificación revisada: la actividad/nombre corresponde principalmente a energía, residuos, transporte, industria o infraestructura; no se identifica como AFOLU.",NO_AFOLU,tipo: PDBC - Programas de Desarrollo Bajo en Carbono (no concluyente),renare|proyecto hidroelectrico san miguel 42 mw,,68b22cc42cb375c800b83d8a,1.0,https://renare.minambiente.gov.co/,PDBC - Programas de Desarrollo Bajo en Carbono,SAN MIGUEL,68686;86757
SECTOR,renare,Proyecto hidroeléctrico a filo de agua Río Amoyá,,"Fuente primaria: RENARE/MinAmbiente; el detalle individual no está indexado públicamente en buscadores. Se conserva REVISAR cuando la ficha pública no permitió confirmar fecha de inicio. | Clasificación revisada: la actividad/nombre corresponde principalmente a energía, residuos, transporte, industria o infraestructura; no se identifica como AFOLU.",NO_AFOLU,tipo: PDBC - Programas de Desarrollo Bajo en Carbono (no concluyente),renare|proyecto hidroelectrico a filo de agua rio amoya,,68b22cc32cb375c800b83d87,1.0,https://renare.minambiente.gov.co/,PDBC - Programas de Desarrollo Bajo en Carbono,,
SECTOR,renare,PROYECTO CARBONO  EN GANADERIA REGENERATIVA EN COLOMBIA VCS ID 3927 VERRA,,Verra VCS 3927: proyecto de carbono en ganadería regenerativa; AFOLU.,AFOLU,tipo=PDBC - Proyectos de Desarrollo; actividades sugiere AFOLU,renare|proyecto carbono en ganaderia regenerativa en colombia vcs id 3927 verra,,VCS-3927,1.0,https://registry.verra.org/app/projectDetail/VCS/3927,PDBC - Proyectos de Desarrollo Bajo en Carbono,,
SECTOR,renare,Captura de CO2 a partir de biorreactores con microalgas chlorella vulgaris,,"Fuente primaria: RENARE/MinAmbiente; el detalle individual no está indexado públicamente en buscadores. Se conserva REVISAR cuando la ficha pública no permitió confirmar fecha de inicio. | Clasificación revisada: la actividad/nombre corresponde principalmente a energía, residuos, transporte, industria o infraestructura; no se identifica como AFOLU.",NO_AFOLU,tipo: PDBC - Programas de Desarrollo Bajo en Carbono (no concluyente),renare|captura de co2 a partir de biorreactores con microalgas chlorella vulgaris,,68b22cbc2cb375c800b83d7d,1.0,https://renare.minambiente.gov.co/,PDBC - Programas de Desarrollo Bajo en Carbono,,
SECTOR,renare,Primer Proyecto Agrupado de Helios S.A. E.S.P para la energización de hogares en Zonas No Interconectadas en Colombia,,Fuente primaria: RENARE/MinAmbiente; el detalle individual no está indexado públicamente en buscadores. Se conserva REVISAR cuando la ficha pública no permitió confirmar fecha de inicio. | REVISAR: el nombre disponible no permite confirmar con suficiente certeza la naturaleza AFOLU/no-AFOLU ni la fecha de inicio; no se imputa un año.,REVISAR,tipo: PDBC - Proyectos de Desarrollo Bajo en Carbono (no concluyente),renare|primer proyecto agrupado de helios s.a. e.s.p para la energizacion de hogares en zonas no interconectadas en colombia,,68b22cbb2cb375c800b83d7a,1.0,https://renare.minambiente.gov.co/,PDBC - Proyectos de Desarrollo Bajo en Carbono,,
SECTOR,renare,Central Hidroeléctrica Menor Alto Tuluá,,"Fuente primaria: RENARE/MinAmbiente; el detalle individual no está indexado públicamente en buscadores. Se conserva REVISAR cuando la ficha pública no permitió confirmar fecha de inicio. | Clasificación revisada: la actividad/nombre corresponde principalmente a energía, residuos, transporte, industria o infraestructura; no se identifica como AFOLU.",NO_AFOLU,tipo=PDBC - Proyectos de Desarrollo; actividades sugiere AFOLU,renare|central hidroelectrica menor alto tulua,,68b22ca02cb375c800b83d63;68b22cb02cb375c800b83d72,2.0,https://renare.minambiente.gov.co/,MDL - Proyectos del Mecanismo de Desarrollo Limpio;PDBC - Proyectos de Desarrollo Bajo en Carbono,,
SECTOR,renare,Generación de electricidad a partir de biomasa forestal para la Zona No Interconectada de Puerto Carreño - Vichada,,"Fuente primaria: RENARE/MinAmbiente; el detalle individual no está indexado públicamente en buscadores. Se conserva REVISAR cuando la ficha pública no permitió confirmar fecha de inicio. | Clasificación revisada: la actividad/nombre corresponde principalmente a energía, residuos, transporte, industria o infraestructura; no se identifica como AFOLU.",NO_AFOLU,tipo: PDBC - Proyectos de Desarrollo Bajo en Carbono (no concluyente),renare|generacion de electricidad a partir de biomasa forestal para la zona no interconectada de puerto carreno - vichada,,68b22cb02cb375c800b83d6f,1.0,https://renare.minambiente.gov.co/,PDBC - Proyectos de Desarrollo Bajo en Carbono,PUERTO CARRENO,99001
SECTOR,renare,Central Hidroeléctrica Cucuana,,"Fuente primaria: RENARE/MinAmbiente; el detalle individual no está indexado públicamente en buscadores. Se conserva REVISAR cuando la ficha pública no permitió confirmar fecha de inicio. | Clasificación revisada: la actividad/nombre corresponde principalmente a energía, residuos, transporte, industria o infraestructura; no se identifica como AFOLU.",NO_AFOLU,tipo=PDBC - Proyectos de Desarrollo; actividades sugiere AFOLU,renare|central hidroelectrica cucuana,,68b229fa2cb375c800b83ac8;68b22ca52cb375c800b83d67;68b22caa2cb375c800b83d6b,3.0,https://renare.minambiente.gov.co/,MDL - Proyectos del Mecanismo de Desarrollo Limpio;PDBC - Proyectos de Desarrollo Bajo en Carbono,,
SECTOR,renare,PIDs Planes Integrales de Descarbonnizacion,,Fuente primaria: RENARE/MinAmbiente; el detalle individual no está indexado públicamente en buscadores. Se conserva REVISAR cuando la ficha pública no permitió confirmar fecha de inicio. | REVISAR: el nombre disponible no permite confirmar con suficiente certeza la naturaleza AFOLU/no-AFOLU ni la fecha de inicio; no se imputa un año.,REVISAR,tipo: PDBC - Proyectos de Desarrollo Bajo en Carbono (no concluyente),renare|pids planes integrales de descarbonnizacion,,68b22c9f2cb375c800b83d60,1.0,https://renare.minambiente.gov.co/,PDBC - Proyectos de Desarrollo Bajo en Carbono,,
SECTOR,renare,"FINCA LA PAZ II LA VICHADA, COLOMBIA",,"Fuente primaria: RENARE/MinAmbiente; el detalle individual no está indexado públicamente en buscadores. Se conserva REVISAR cuando la ficha pública no permitió confirmar fecha de inicio. | Clasificación revisada: la actividad/nombre corresponde a uso de suelo, forestación/reforestación, conservación de bosques, agroforestería o ganadería/biomasa en tierras; AFOLU.",AFOLU,tipo=PDBC - Proyectos de Desarrollo; actividades sugiere AFOLU,"renare|finca la paz ii la vichada, colombia",,68b22c9a2cb375c800b83d5c,1.0,https://renare.minambiente.gov.co/,PDBC - Proyectos de Desarrollo Bajo en Carbono,LA PAZ,20621;68397
SECTOR,renare,PCH Cantayús,,Fuente primaria: RENARE/MinAmbiente; el detalle individual no está indexado públicamente en buscadores. Se conserva REVISAR cuando la ficha pública no permitió confirmar fecha de inicio. | REVISAR: el nombre disponible no permite confirmar con suficiente certeza la naturaleza AFOLU/no-AFOLU ni la fecha de inicio; no se imputa un año.,REVISAR,tipo: MDL PoA - Programas de Actividades del Mecanismo de Desarrol (no concluyente),renare|pch cantayus,,68b22bfd2cb375c800b83cbb;68b22c802cb375c800b83d3d;68b22c8f2cb375c800b83d51,3.0,https://renare.minambiente.gov.co/,MDL - Proyectos del Mecanismo de Desarrollo Limpio;MDL PoA - Programas de Actividades del Mecanismo de Desarrollo Limpio;PDBC - Proyectos de Desarrollo Bajo en Carbono,,
SECTOR,renare,Proyecto Forestal de Mitigación Carbono SOMBRILLA ZONA CAFETERA FCG-CO2CERO,,"Fuente primaria: RENARE/MinAmbiente; el detalle individual no está indexado públicamente en buscadores. Se conserva REVISAR cuando la ficha pública no permitió confirmar fecha de inicio. | Clasificación revisada: la actividad/nombre corresponde a uso de suelo, forestación/reforestación, conservación de bosques, agroforestería o ganadería/biomasa en tierras; AFOLU.",AFOLU,tipo=PDBC - Proyectos de Desarrollo; actividades sugiere AFOLU,renare|proyecto forestal de mitigacion carbono sombrilla zona cafetera fcg-co2cero,,68b22c892cb375c800b83d4d,1.0,https://renare.minambiente.gov.co/,PDBC - Proyectos de Desarrollo Bajo en Carbono,,
SECTOR,renare,Proyecto Forestal Núcleo Vichada - Meta CO2CERO,,"Fuente primaria: RENARE/MinAmbiente; el detalle individual no está indexado públicamente en buscadores. Se conserva REVISAR cuando la ficha pública no permitió confirmar fecha de inicio. | Clasificación revisada: la actividad/nombre corresponde a uso de suelo, forestación/reforestación, conservación de bosques, agroforestería o ganadería/biomasa en tierras; AFOLU.",AFOLU,tipo=PDBC - Proyectos de Desarrollo; actividades sugiere AFOLU,renare|proyecto forestal nucleo vichada - meta co2cero,,68b22c842cb375c800b83d49,1.0,https://renare.minambiente.gov.co/,PDBC - Proyectos de Desarrollo Bajo en Carbono,,
SECTOR,renare,PROYECTO FORESTAL COSERVECO SAS - 24,,"Fuente primaria: RENARE/MinAmbiente; el detalle individual no está indexado públicamente en buscadores. Se conserva REVISAR cuando la ficha pública no permitió confirmar fecha de inicio. | Clasificación revisada: la actividad/nombre corresponde a uso de suelo, forestación/reforestación, conservación de bosques, agroforestería o ganadería/biomasa en tierras; AFOLU.",AFOLU,tipo: PDBC - Proyectos de Desarrollo Bajo en Carbono (no concluyente),renare|proyecto forestal coserveco sas - 24,,68b22c832cb375c800b83d46,1.0,https://renare.minambiente.gov.co/,PDBC - Proyectos de Desarrollo Bajo en Carbono,,
SECTOR,renare,Parque eólico Guajira I,,"Fuente primaria: RENARE/MinAmbiente; el detalle individual no está indexado públicamente en buscadores. Se conserva REVISAR cuando la ficha pública no permitió confirmar fecha de inicio. | Clasificación revisada: la actividad/nombre corresponde principalmente a energía, residuos, transporte, industria o infraestructura; no se identifica como AFOLU.",NO_AFOLU,tipo: PDBC - Proyectos de Desarrollo Bajo en Carbono (no concluyente),renare|parque eolico guajira i,,68b22a2c2cb375c800b83af2;68b22c822cb375c800b83d43,2.0,https://renare.minambiente.gov.co/,MDL - Proyectos del Mecanismo de Desarrollo Limpio;PDBC - Proyectos de Desarrollo Bajo en Carbono,,
SECTOR,renare,Proyecto hidroeléctrico Sogamoso,,"Fuente primaria: RENARE/MinAmbiente; el detalle individual no está indexado públicamente en buscadores. Se conserva REVISAR cuando la ficha pública no permitió confirmar fecha de inicio. | Clasificación revisada: la actividad/nombre corresponde principalmente a energía, residuos, transporte, industria o infraestructura; no se identifica como AFOLU.",NO_AFOLU,tipo: PDBC - Proyectos de Desarrollo Bajo en Carbono (no concluyente),renare|proyecto hidroelectrico sogamoso,,68b229942cb375c800b83a62;68b22c812cb375c800b83d40,2.0,https://renare.minambiente.gov.co/,MDL - Proyectos del Mecanismo de Desarrollo Limpio;PDBC - Proyectos de Desarrollo Bajo en Carbono,SOGAMOSO,15759
SECTOR,renare,PCH CANTAYUS,,Fuente primaria: RENARE/MinAmbiente; el detalle individual no está indexado públicamente en buscadores. Se conserva REVISAR cuando la ficha pública no permitió confirmar fecha de inicio. | REVISAR: el nombre disponible no permite confirmar con suficiente certeza la naturaleza AFOLU/no-AFOLU ni la fecha de inicio; no se imputa un año.,REVISAR,tipo: PDBC - Proyectos de Desarrollo Bajo en Carbono (no concluyente),renare|pch cantayus,,68b22bfd2cb375c800b83cbb;68b22c802cb375c800b83d3d;68b22c8f2cb375c800b83d51,3.0,https://renare.minambiente.gov.co/,MDL - Proyectos del Mecanismo de Desarrollo Limpio;MDL PoA - Programas de Actividades del Mecanismo de Desarrollo Limpio;PDBC - Proyectos de Desarrollo Bajo en Carbono,,
SECTOR,renare,SAHBIO CARBONO,,"Fuente primaria: RENARE/MinAmbiente; el detalle individual no está indexado públicamente en buscadores. Se conserva REVISAR cuando la ficha pública no permitió confirmar fecha de inicio. | Clasificación revisada: la actividad/nombre corresponde a uso de suelo, forestación/reforestación, conservación de bosques, agroforestería o ganadería/biomasa en tierras; AFOLU.",AFOLU,tipo=NAMA - Acciones Nacionalmente ; actividades sugiere AFOLU,renare|sahbio carbono,,68b22c7b2cb375c800b83d39,1.0,https://renare.minambiente.gov.co/,NAMA - Acciones Nacionalmente Apropiadas de Mitigación,,
SECTOR,renare,Proyecto Forestal Carbono Sombrilla Abejorral,,"Verificado en declaración de verificación ICONTEC: proyecto forestal CO2CERO Cordillera Central, duración indicada 02/11/2009–01/11/2039.",AFOLU,tipo=PDBC - Proyectos de Desarrollo; actividades sugiere AFOLU,renare|proyecto forestal carbono sombrilla abejorral,2009.0,68b22c752cb375c800b83d35,1.0,https://docs.supersalud.gov.co/Intranet/Planeacion/SubsistemaGestionAmbiental/Certificados%20de%20Carbono%202018.pdf,PDBC - Proyectos de Desarrollo Bajo en Carbono,ABEJORRAL,5002
SECTOR,renare,SOMBRILLA BAJO CAUCA Y COSTA NORTE CO2CERO-FCG,,"Fuente primaria: RENARE/MinAmbiente; el detalle individual no está indexado públicamente en buscadores. Se conserva REVISAR cuando la ficha pública no permitió confirmar fecha de inicio. | Clasificación revisada: la actividad/nombre corresponde a uso de suelo, forestación/reforestación, conservación de bosques, agroforestería o ganadería/biomasa en tierras; AFOLU.",AFOLU,tipo=PDBC - Proyectos de Desarrollo; actividades sugiere AFOLU,renare|sombrilla bajo cauca y costa norte co2cero-fcg,,68b22c6f2cb375c800b83d31,1.0,https://renare.minambiente.gov.co/,PDBC - Proyectos de Desarrollo Bajo en Carbono,,
SECTOR,renare,Bajo Tuluá Minor Hydroelectric Power Plant - CDM,,"Fuente primaria: RENARE/MinAmbiente; el detalle individual no está indexado públicamente en buscadores. Se conserva REVISAR cuando la ficha pública no permitió confirmar fecha de inicio. | Clasificación revisada: la actividad/nombre corresponde principalmente a energía, residuos, transporte, industria o infraestructura; no se identifica como AFOLU.",NO_AFOLU,tipo=MDL - Proyectos del Mecanismo ; actividades sugiere AFOLU,renare|bajo tulua minor hydroelectric power plant - cdm,,68b22c6a2cb375c800b83d2d,1.0,https://renare.minambiente.gov.co/,MDL - Proyectos del Mecanismo de Desarrollo Limpio,,
SECTOR,renare,Proyecto Forestal CO2CERO VICHADA,,"Fuente primaria: RENARE/MinAmbiente; el detalle individual no está indexado públicamente en buscadores. Se conserva REVISAR cuando la ficha pública no permitió confirmar fecha de inicio. | Clasificación revisada: la actividad/nombre corresponde a uso de suelo, forestación/reforestación, conservación de bosques, agroforestería o ganadería/biomasa en tierras; AFOLU.",AFOLU,tipo=PDBC - Proyectos de Desarrollo; actividades sugiere AFOLU,renare|proyecto forestal co2cero vichada,,68b22c5d2cb375c800b83d1f,1.0,https://renare.minambiente.gov.co/,PDBC - Proyectos de Desarrollo Bajo en Carbono,,
SECTOR,renare,Proyecto Forestal Sombrilla Urrao FCG,,"Fuente primaria: RENARE/MinAmbiente; el detalle individual no está indexado públicamente en buscadores. Se conserva REVISAR cuando la ficha pública no permitió confirmar fecha de inicio. | Clasificación revisada: la actividad/nombre corresponde a uso de suelo, forestación/reforestación, conservación de bosques, agroforestería o ganadería/biomasa en tierras; AFOLU.",AFOLU,tipo=PDBC - Proyectos de Desarrollo; actividades sugiere AFOLU,renare|proyecto forestal sombrilla urrao fcg,,68b22c582cb375c800b83d1b,1.0,https://renare.minambiente.gov.co/,PDBC - Proyectos de Desarrollo Bajo en Carbono,,
SECTOR,renare,PROYECTO FORESTAL CO2CERO CAUCHO PL UNO,,"Fuente primaria: RENARE/MinAmbiente; el detalle individual no está indexado públicamente en buscadores. Se conserva REVISAR cuando la ficha pública no permitió confirmar fecha de inicio. | Clasificación revisada: la actividad/nombre corresponde a uso de suelo, forestación/reforestación, conservación de bosques, agroforestería o ganadería/biomasa en tierras; AFOLU.",AFOLU,tipo=PDBC - Proyectos de Desarrollo; actividades sugiere AFOLU,renare|proyecto forestal co2cero caucho pl uno,,68b22c532cb375c800b83d17,1.0,https://renare.minambiente.gov.co/,PDBC - Proyectos de Desarrollo Bajo en Carbono,MONTERREY;PUERTO GAITAN;PUERTO LOPEZ;SABANALARGA,50568;50573;5628;85162;85300;8638
SECTOR,renare,PROYECTO FORESTAL CARBONO IG FARMS ,,"Fuente primaria: RENARE/MinAmbiente; el detalle individual no está indexado públicamente en buscadores. Se conserva REVISAR cuando la ficha pública no permitió confirmar fecha de inicio. | Clasificación revisada: la actividad/nombre corresponde a uso de suelo, forestación/reforestación, conservación de bosques, agroforestería o ganadería/biomasa en tierras; AFOLU.",AFOLU,tipo=PDBC - Proyectos de Desarrollo; actividades sugiere AFOLU,renare|proyecto forestal carbono ig farms,,68b22c4e2cb375c800b83d13,1.0,https://renare.minambiente.gov.co/,PDBC - Proyectos de Desarrollo Bajo en Carbono,CORDOBA;LA APARTADA,13212;23350;52215;63212
SECTOR,renare,PROYECTO FORESTAL CO2CERO CAUCHO EL VIENTO,,"Fuente primaria: RENARE/MinAmbiente; el detalle individual no está indexado públicamente en buscadores. Se conserva REVISAR cuando la ficha pública no permitió confirmar fecha de inicio. | Clasificación revisada: la actividad/nombre corresponde a uso de suelo, forestación/reforestación, conservación de bosques, agroforestería o ganadería/biomasa en tierras; AFOLU.",AFOLU,tipo=PDBC - Proyectos de Desarrollo; actividades sugiere AFOLU,renare|proyecto forestal co2cero caucho el viento,,68b22c432cb375c800b83d0b,1.0,https://renare.minambiente.gov.co/,PDBC - Proyectos de Desarrollo Bajo en Carbono,,
SECTOR,renare,PROYECTO FORESTAL CO2CERO META,,"Fuente primaria: RENARE/MinAmbiente; el detalle individual no está indexado públicamente en buscadores. Se conserva REVISAR cuando la ficha pública no permitió confirmar fecha de inicio. | Clasificación revisada: la actividad/nombre corresponde a uso de suelo, forestación/reforestación, conservación de bosques, agroforestería o ganadería/biomasa en tierras; AFOLU.",AFOLU,tipo=PDBC - Proyectos de Desarrollo; actividades sugiere AFOLU,renare|proyecto forestal co2cero meta,,68b22c3d2cb375c800b83d07,1.0,https://renare.minambiente.gov.co/,PDBC - Proyectos de Desarrollo Bajo en Carbono,,
SECTOR,renare,PROYECTO FORESTAL CO2CERO CORDILLERA CENTRAL,,"Fuente primaria: RENARE/MinAmbiente; el detalle individual no está indexado públicamente en buscadores. Se conserva REVISAR cuando la ficha pública no permitió confirmar fecha de inicio. | Clasificación revisada: la actividad/nombre corresponde a uso de suelo, forestación/reforestación, conservación de bosques, agroforestería o ganadería/biomasa en tierras; AFOLU.",AFOLU,tipo=PDBC - Proyectos de Desarrollo; actividades sugiere AFOLU,renare|proyecto forestal co2cero cordillera central,,68b22c372cb375c800b83d03,1.0,https://renare.minambiente.gov.co/,PDBC - Proyectos de Desarrollo Bajo en Carbono,,
SECTOR,renare,PROYECTO FORESTAL CO2CERO SANTANDER,,"Fuente primaria: RENARE/MinAmbiente; el detalle individual no está indexado públicamente en buscadores. Se conserva REVISAR cuando la ficha pública no permitió confirmar fecha de inicio. | Clasificación revisada: la actividad/nombre corresponde a uso de suelo, forestación/reforestación, conservación de bosques, agroforestería o ganadería/biomasa en tierras; AFOLU.",AFOLU,tipo=PDBC - Proyectos de Desarrollo; actividades sugiere AFOLU,renare|proyecto forestal co2cero santander,,68b22c2b2cb375c800b83cf5,1.0,https://renare.minambiente.gov.co/,PDBC - Proyectos de Desarrollo Bajo en Carbono,,
SECTOR,renare,PROYECTO FORESTAL CO2CERO CASANARE,,"Fuente primaria: RENARE/MinAmbiente; el detalle individual no está indexado públicamente en buscadores. Se conserva REVISAR cuando la ficha pública no permitió confirmar fecha de inicio. | Clasificación revisada: la actividad/nombre corresponde a uso de suelo, forestación/reforestación, conservación de bosques, agroforestería o ganadería/biomasa en tierras; AFOLU.",AFOLU,tipo=PDBC - Proyectos de Desarrollo; actividades sugiere AFOLU,renare|proyecto forestal co2cero casanare,,68b22c252cb375c800b83cf1,1.0,https://renare.minambiente.gov.co/,PDBC - Proyectos de Desarrollo Bajo en Carbono,,
SECTOR,renare,Proyecto Forestal CO2CERO CARIBE,,"Fuente primaria: RENARE/MinAmbiente; el detalle individual no está indexado públicamente en buscadores. Se conserva REVISAR cuando la ficha pública no permitió confirmar fecha de inicio. | Clasificación revisada: la actividad/nombre corresponde a uso de suelo, forestación/reforestación, conservación de bosques, agroforestería o ganadería/biomasa en tierras; AFOLU.",AFOLU,tipo=PDBC - Proyectos de Desarrollo; actividades sugiere AFOLU,renare|proyecto forestal co2cero caribe,,68b22c202cb375c800b83ced,1.0,https://renare.minambiente.gov.co/,PDBC - Proyectos de Desarrollo Bajo en Carbono,,
SECTOR,renare,PROYECTO FORESTAL CO2CERO REFOCOSTA LA GLORIA,,"Fuente primaria: RENARE/MinAmbiente; el detalle individual no está indexado públicamente en buscadores. Se conserva REVISAR cuando la ficha pública no permitió confirmar fecha de inicio. | Clasificación revisada: la actividad/nombre corresponde a uso de suelo, forestación/reforestación, conservación de bosques, agroforestería o ganadería/biomasa en tierras; AFOLU.",AFOLU,tipo=PDBC - Proyectos de Desarrollo; actividades sugiere AFOLU,renare|proyecto forestal co2cero refocosta la gloria,,68b22c1a2cb375c800b83ce6,1.0,https://renare.minambiente.gov.co/,PDBC - Proyectos de Desarrollo Bajo en Carbono,LA GLORIA,20383
SECTOR,renare,Núcleos Timberlife,,"Fuente primaria: RENARE/MinAmbiente; el detalle individual no está indexado públicamente en buscadores. Se conserva REVISAR cuando la ficha pública no permitió confirmar fecha de inicio. | Clasificación revisada: la actividad/nombre corresponde a uso de suelo, forestación/reforestación, conservación de bosques, agroforestería o ganadería/biomasa en tierras; AFOLU.",AFOLU,tipo: PDBC - Proyectos de Desarrollo Bajo en Carbono (no concluyente),renare|nucleos timberlife,,68b22c192cb375c800b83ce3,1.0,https://renare.minambiente.gov.co/,PDBC - Proyectos de Desarrollo Bajo en Carbono,,
SECTOR,renare,Conservación de la Selva de Guainía,,Fuente primaria: RENARE/MinAmbiente; el detalle individual no está indexado públicamente en buscadores. Se conserva REVISAR cuando la ficha pública no permitió confirmar fecha de inicio. | REVISAR: el nombre disponible no permite confirmar con suficiente certeza la naturaleza AFOLU/no-AFOLU ni la fecha de inicio; no se imputa un año.,REVISAR,tipo: PDBC - Proyectos de Desarrollo Bajo en Carbono (no concluyente),renare|conservacion de la selva de guainia,,68b22c0d2cb375c800b83cd5,1.0,https://renare.minambiente.gov.co/,PDBC - Proyectos de Desarrollo Bajo en Carbono,,
SECTOR,renare,Proyectos hidroeléctricos El Molino - San Matías,,"Fuente primaria: RENARE/MinAmbiente; el detalle individual no está indexado públicamente en buscadores. Se conserva REVISAR cuando la ficha pública no permitió confirmar fecha de inicio. | Clasificación revisada: la actividad/nombre corresponde principalmente a energía, residuos, transporte, industria o infraestructura; no se identifica como AFOLU.",NO_AFOLU,tipo: PDBC - Proyectos de Desarrollo Bajo en Carbono (no concluyente),renare|proyectos hidroelectricos el molino - san matias,,68b22c0c2cb375c800b83cd2,1.0,https://renare.minambiente.gov.co/,PDBC - Proyectos de Desarrollo Bajo en Carbono,EL MOLINO,44110
SECTOR,renare,Proyecto hidroeléctrico PCH Luzma,,"Fuente primaria: RENARE/MinAmbiente; el detalle individual no está indexado públicamente en buscadores. Se conserva REVISAR cuando la ficha pública no permitió confirmar fecha de inicio. | Clasificación revisada: la actividad/nombre corresponde principalmente a energía, residuos, transporte, industria o infraestructura; no se identifica como AFOLU.",NO_AFOLU,tipo: PDBC - Proyectos de Desarrollo Bajo en Carbono (no concluyente),renare|proyecto hidroelectrico pch luzma,,68b22c0b2cb375c800b83ccf,1.0,https://renare.minambiente.gov.co/,PDBC - Proyectos de Desarrollo Bajo en Carbono,,
SECTOR,renare,Parque eólico WESP 01,,"Fuente primaria: RENARE/MinAmbiente; el detalle individual no está indexado públicamente en buscadores. Se conserva REVISAR cuando la ficha pública no permitió confirmar fecha de inicio. | Clasificación revisada: la actividad/nombre corresponde principalmente a energía, residuos, transporte, industria o infraestructura; no se identifica como AFOLU.",NO_AFOLU,tipo: PDBC - Proyectos de Desarrollo Bajo en Carbono (no concluyente),renare|parque eolico wesp 01,,68b22c0a2cb375c800b83ccc,1.0,https://renare.minambiente.gov.co/,PDBC - Proyectos de Desarrollo Bajo en Carbono,,
SECTOR,renare,PAISAJES PRODUCTIVOS RESTAURADOS EN LA CUENCA MEDIA DEL RÍO MAGDALENA EN COLOMBIA,,"Fuente primaria: RENARE/MinAmbiente; el detalle individual no está indexado públicamente en buscadores. Se conserva REVISAR cuando la ficha pública no permitió confirmar fecha de inicio. | Clasificación revisada: la actividad/nombre corresponde a uso de suelo, forestación/reforestación, conservación de bosques, agroforestería o ganadería/biomasa en tierras; AFOLU.",AFOLU,tipo=PDBC - Programas de Desarrollo; actividades sugiere AFOLU,renare|paisajes productivos restaurados en la cuenca media del rio magdalena en colombia,,68b22bfe2cb375c800b83cbe,1.0,https://renare.minambiente.gov.co/,PDBC - Programas de Desarrollo Bajo en Carbono,,
SECTOR,renare,PCH Cantayus,,Fuente primaria: RENARE/MinAmbiente; el detalle individual no está indexado públicamente en buscadores. Se conserva REVISAR cuando la ficha pública no permitió confirmar fecha de inicio. | REVISAR: el nombre disponible no permite confirmar con suficiente certeza la naturaleza AFOLU/no-AFOLU ni la fecha de inicio; no se imputa un año.,REVISAR,tipo: MDL - Proyectos del Mecanismo de Desarrollo Limpio (no concluyente),renare|pch cantayus,,68b22bfd2cb375c800b83cbb;68b22c802cb375c800b83d3d;68b22c8f2cb375c800b83d51,3.0,https://renare.minambiente.gov.co/,MDL - Proyectos del Mecanismo de Desarrollo Limpio;MDL PoA - Programas de Actividades del Mecanismo de Desarrollo Limpio;PDBC - Proyectos de Desarrollo Bajo en Carbono,,
SECTOR,renare,Sustainable Agroforestry Cacao Meta,,"Fuente primaria: RENARE/MinAmbiente; el detalle individual no está indexado públicamente en buscadores. Se conserva REVISAR cuando la ficha pública no permitió confirmar fecha de inicio. | Clasificación revisada: la actividad/nombre corresponde a uso de suelo, forestación/reforestación, conservación de bosques, agroforestería o ganadería/biomasa en tierras; AFOLU.",AFOLU,tipo=PDBC - Proyectos de Desarrollo; actividades sugiere AFOLU,renare|sustainable agroforestry cacao meta,,68b22bfc2cb375c800b83cb8,1.0,https://renare.minambiente.gov.co/,PDBC - Proyectos de Desarrollo Bajo en Carbono,CABUYARO,50124
SECTOR,renare,PROYECTO FORESTAL CO2CERO META_09,,"Fuente primaria: RENARE/MinAmbiente; el detalle individual no está indexado públicamente en buscadores. Se conserva REVISAR cuando la ficha pública no permitió confirmar fecha de inicio. | Clasificación revisada: la actividad/nombre corresponde a uso de suelo, forestación/reforestación, conservación de bosques, agroforestería o ganadería/biomasa en tierras; AFOLU.",AFOLU,tipo=PDBC - Proyectos de Desarrollo; actividades sugiere AFOLU,renare|proyecto forestal co2cero meta_09,,68b22bf72cb375c800b83cb4,1.0,https://renare.minambiente.gov.co/,PDBC - Proyectos de Desarrollo Bajo en Carbono,,
SECTOR,renare,Bella Bosque Afforestation Project - Colombia,,"Verra VCS 3450. Documento de proyecto reporta periodo de acreditación/vida 06/07/2017–05/07/2057 en Cabuyaro, Meta.",AFOLU,tipo=PDBC - Proyectos de Desarrollo; actividades sugiere AFOLU,renare|bella bosque afforestation project - colombia,2017.0,VCS-3450,1.0,https://registry.verra.org/app/projectDetail/VCS/3450,PDBC - Proyectos de Desarrollo Bajo en Carbono,,
SECTOR,renare,Paramuno P2 ,,"Fuente primaria: RENARE/MinAmbiente; el detalle individual no está indexado públicamente en buscadores. Se conserva REVISAR cuando la ficha pública no permitió confirmar fecha de inicio. | Clasificación revisada: la actividad/nombre corresponde a uso de suelo, forestación/reforestación, conservación de bosques, agroforestería o ganadería/biomasa en tierras; AFOLU.",AFOLU,tipo: PDBC - Proyectos de Desarrollo Bajo en Carbono (no concluyente),renare|paramuno p2,,68b22beb2cb375c800b83ca6,1.0,https://renare.minambiente.gov.co/,PDBC - Proyectos de Desarrollo Bajo en Carbono,,
SECTOR,renare,CO2rozo Proyecto 1,,Fuente primaria: RENARE/MinAmbiente; el detalle individual no está indexado públicamente en buscadores. Se conserva REVISAR cuando la ficha pública no permitió confirmar fecha de inicio. | REVISAR: el nombre disponible no permite confirmar con suficiente certeza la naturaleza AFOLU/no-AFOLU ni la fecha de inicio; no se imputa un año.,REVISAR,tipo: PDBC - Proyectos de Desarrollo Bajo en Carbono (no concluyente),renare|co2rozo proyecto 1,,68b22bca2cb375c800b83c88,1.0,https://renare.minambiente.gov.co/,PDBC - Proyectos de Desarrollo Bajo en Carbono,,
SECTOR,renare,PMCC Carbono Hass,,"Fuente primaria: RENARE/MinAmbiente; el detalle individual no está indexado públicamente en buscadores. Se conserva REVISAR cuando la ficha pública no permitió confirmar fecha de inicio. | Clasificación revisada: la actividad/nombre corresponde a uso de suelo, forestación/reforestación, conservación de bosques, agroforestería o ganadería/biomasa en tierras; AFOLU.",AFOLU,tipo=PDBC - Proyectos de Desarrollo; actividades sugiere AFOLU,renare|pmcc carbono hass,,68b22bc32cb375c800b83c84,1.0,https://renare.minambiente.gov.co/,PDBC - Proyectos de Desarrollo Bajo en Carbono,,
SECTOR,renare,CultivO2,,"Fuente primaria: RENARE/MinAmbiente; el detalle individual no está indexado públicamente en buscadores. Se conserva REVISAR cuando la ficha pública no permitió confirmar fecha de inicio. | Clasificación revisada: la actividad/nombre corresponde a uso de suelo, forestación/reforestación, conservación de bosques, agroforestería o ganadería/biomasa en tierras; AFOLU.",AFOLU,tipo: PDBC - Proyectos de Desarrollo Bajo en Carbono (no concluyente),renare|cultivo2,,68b22bc22cb375c800b83c81,1.0,https://renare.minambiente.gov.co/,PDBC - Proyectos de Desarrollo Bajo en Carbono,,
SECTOR,renare,Más Bosques para Medellín,,Fuente oficial de Medellín: las intervenciones forestales de Más Bosques para Medellín se registran desde sus inicios en 2009; además el proyecto opera como iniciativa de carbono forestal.,AFOLU,tipo=PDBC - Proyectos de Desarrollo; actividades sugiere AFOLU,renare|mas bosques para medellin,2009.0,68b22bb62cb375c800b83c76,1.0,https://www.medellin.gov.co/servidormapas/rest/services/ambiente_dllo_sost/VC_Restauracion_proteccion_ambiental/MapServer/1,PDBC - Proyectos de Desarrollo Bajo en Carbono,MEDELLIN,5001
SECTOR,renare,Alma Solar & Bayunca,,"Fuente primaria: RENARE/MinAmbiente; el detalle individual no está indexado públicamente en buscadores. Se conserva REVISAR cuando la ficha pública no permitió confirmar fecha de inicio. | Clasificación revisada: la actividad/nombre corresponde principalmente a energía, residuos, transporte, industria o infraestructura; no se identifica como AFOLU.",NO_AFOLU,tipo=MDL PoA - Programas de Activid; actividades sugiere AFOLU,renare|alma solar & bayunca,,68b22bb12cb375c800b83c72,1.0,https://renare.minambiente.gov.co/,MDL PoA - Programas de Actividades del Mecanismo de Desarrollo Limpio,,
SECTOR,renare,Pequeña central hidroeléctrica Montañitas,,"Fuente primaria: RENARE/MinAmbiente; el detalle individual no está indexado públicamente en buscadores. Se conserva REVISAR cuando la ficha pública no permitió confirmar fecha de inicio. | Clasificación revisada: la actividad/nombre corresponde principalmente a energía, residuos, transporte, industria o infraestructura; no se identifica como AFOLU.",NO_AFOLU,tipo: PDBC - Proyectos de Desarrollo Bajo en Carbono (no concluyente),renare|pequena central hidroelectrica montanitas,,68b22bb02cb375c800b83c6f,1.0,https://renare.minambiente.gov.co/,PDBC - Proyectos de Desarrollo Bajo en Carbono,,
SECTOR,renare,Liberación de refrigerantes al final de la vida útil de los refrigeradores domésticos-Sustitución,,"Fuente primaria: RENARE/MinAmbiente; el detalle individual no está indexado públicamente en buscadores. Se conserva REVISAR cuando la ficha pública no permitió confirmar fecha de inicio. | Clasificación revisada: la actividad/nombre corresponde principalmente a energía, residuos, transporte, industria o infraestructura; no se identifica como AFOLU.",NO_AFOLU,tipo: NAMA - Acciones Nacionalmente Apropiadas de Mitigación (no concluyente),renare|liberacion de refrigerantes al final de la vida util de los refrigeradores domesticos-sustitucion,,68b22b9f2cb375c800b83c63,1.0,https://renare.minambiente.gov.co/,NAMA - Acciones Nacionalmente Apropiadas de Mitigación,,
SECTOR,renare,Proyecto CultivO2,,"Fuente primaria: RENARE/MinAmbiente; el detalle individual no está indexado públicamente en buscadores. Se conserva REVISAR cuando la ficha pública no permitió confirmar fecha de inicio. | Clasificación revisada: la actividad/nombre corresponde a uso de suelo, forestación/reforestación, conservación de bosques, agroforestería o ganadería/biomasa en tierras; AFOLU.",AFOLU,tipo=MDL - Proyectos del Mecanismo ; actividades sugiere AFOLU,renare|proyecto cultivo2,,68b22b9a2cb375c800b83c5f,1.0,https://renare.minambiente.gov.co/,MDL - Proyectos del Mecanismo de Desarrollo Limpio,,
SECTOR,renare,Proyecto de optimización Nodo Llanos,,"Fuente primaria: RENARE/MinAmbiente; el detalle individual no está indexado públicamente en buscadores. Se conserva REVISAR cuando la ficha pública no permitió confirmar fecha de inicio. | Clasificación revisada: la actividad/nombre corresponde principalmente a energía, residuos, transporte, industria o infraestructura; no se identifica como AFOLU.",NO_AFOLU,tipo: MDL - Proyectos del Mecanismo de Desarrollo Limpio (no concluyente),renare|proyecto de optimizacion nodo llanos,,68b22b992cb375c800b83c5c,1.0,https://renare.minambiente.gov.co/,MDL - Proyectos del Mecanismo de Desarrollo Limpio,,
SECTOR,renare,Proyecto de Mitigación de Cambio Climático Región Caribe+,,Fuente primaria: RENARE/MinAmbiente; el detalle individual no está indexado públicamente en buscadores. Se conserva REVISAR cuando la ficha pública no permitió confirmar fecha de inicio. | REVISAR: el nombre disponible no permite confirmar con suficiente certeza la naturaleza AFOLU/no-AFOLU ni la fecha de inicio; no se imputa un año.,REVISAR,tipo: PDBC - Proyectos de Desarrollo Bajo en Carbono (no concluyente),renare|proyecto de mitigacion de cambio climatico region caribe+,,68b22b982cb375c800b83c59,1.0,https://renare.minambiente.gov.co/,PDBC - Proyectos de Desarrollo Bajo en Carbono,,
SECTOR,renare,Proyecto de reducción de emisiones de la Comercializadora Global Grupo García,,Fuente primaria: RENARE/MinAmbiente; el detalle individual no está indexado públicamente en buscadores. Se conserva REVISAR cuando la ficha pública no permitió confirmar fecha de inicio. | REVISAR: el nombre disponible no permite confirmar con suficiente certeza la naturaleza AFOLU/no-AFOLU ni la fecha de inicio; no se imputa un año.,REVISAR,tipo: PDBC - Proyectos de Desarrollo Bajo en Carbono (no concluyente),renare|proyecto de reduccion de emisiones de la comercializadora global grupo garcia,,68b22b982cb375c800b83c56,1.0,https://renare.minambiente.gov.co/,PDBC - Proyectos de Desarrollo Bajo en Carbono,,
SECTOR,renare,"Proyecto Forestal Para La Cuenca del Rio Chinchiná, una alternativa ambiental para la ciudad y La Región¿",,"Fuente primaria: RENARE/MinAmbiente; el detalle individual no está indexado públicamente en buscadores. Se conserva REVISAR cuando la ficha pública no permitió confirmar fecha de inicio. | Clasificación revisada: la actividad/nombre corresponde a uso de suelo, forestación/reforestación, conservación de bosques, agroforestería o ganadería/biomasa en tierras; AFOLU.",AFOLU,tipo=PDBC - Proyectos de Desarrollo; actividades sugiere AFOLU,"renare|proyecto forestal para la cuenca del rio chinchina, una alternativa ambiental para la ciudad y la region¿",,68b22b922cb375c800b83c52,1.0,https://renare.minambiente.gov.co/,PDBC - Proyectos de Desarrollo Bajo en Carbono,CHINCHINA,17174
SECTOR,renare,proyecto Carbono Santa Inés,,"Fuente primaria: RENARE/MinAmbiente; el detalle individual no está indexado públicamente en buscadores. Se conserva REVISAR cuando la ficha pública no permitió confirmar fecha de inicio. | Clasificación revisada: la actividad/nombre corresponde a uso de suelo, forestación/reforestación, conservación de bosques, agroforestería o ganadería/biomasa en tierras; AFOLU.",AFOLU,tipo: PDBC - Proyectos de Desarrollo Bajo en Carbono (no concluyente),renare|proyecto carbono santa ines,,68b22b912cb375c800b83c4f,1.0,https://renare.minambiente.gov.co/,PDBC - Proyectos de Desarrollo Bajo en Carbono,,
SECTOR,renare,Celsia Solar Agrupado VERRA,,"Fuente primaria: RENARE/MinAmbiente; el detalle individual no está indexado públicamente en buscadores. Se conserva REVISAR cuando la ficha pública no permitió confirmar fecha de inicio. | Clasificación revisada: la actividad/nombre corresponde principalmente a energía, residuos, transporte, industria o infraestructura; no se identifica como AFOLU.",NO_AFOLU,tipo: PDBC - Proyectos de Desarrollo Bajo en Carbono (no concluyente),renare|celsia solar agrupado verra,,68b22b912cb375c800b83c4c,1.0,https://renare.minambiente.gov.co/,PDBC - Proyectos de Desarrollo Bajo en Carbono,,
SECTOR,renare,Commercial reforestation on lands dedicated to extensive cattle grazing activities in the region of Magdalena Bajo Seco,,"Fuente primaria: RENARE/MinAmbiente; el detalle individual no está indexado públicamente en buscadores. Se conserva REVISAR cuando la ficha pública no permitió confirmar fecha de inicio. | Clasificación revisada: la actividad/nombre corresponde a uso de suelo, forestación/reforestación, conservación de bosques, agroforestería o ganadería/biomasa en tierras; AFOLU.",AFOLU,tipo: MDL - Proyectos del Mecanismo de Desarrollo Limpio (no concluyente),renare|commercial reforestation on lands dedicated to extensive cattle grazing activities in the region of magdalena bajo seco,,68b22b8f2cb375c800b83c46,1.0,https://renare.minambiente.gov.co/,MDL - Proyectos del Mecanismo de Desarrollo Limpio,,
SECTOR,renare,Sistema de generación fotovoltaíco Pintuco,,"Fuente primaria: RENARE/MinAmbiente; el detalle individual no está indexado públicamente en buscadores. Se conserva REVISAR cuando la ficha pública no permitió confirmar fecha de inicio. | Clasificación revisada: la actividad/nombre corresponde principalmente a energía, residuos, transporte, industria o infraestructura; no se identifica como AFOLU.",NO_AFOLU,tipo: PDBC - Proyectos de Desarrollo Bajo en Carbono (no concluyente),renare|sistema de generacion fotovoltaico pintuco,,68b22b892cb375c800b83c3f,1.0,https://renare.minambiente.gov.co/,PDBC - Proyectos de Desarrollo Bajo en Carbono,,
SECTOR,renare,Implementación de buses eléctricos para el transporte de empleados de Cerro Matoso S.A.,,"Fuente primaria: RENARE/MinAmbiente; el detalle individual no está indexado públicamente en buscadores. Se conserva REVISAR cuando la ficha pública no permitió confirmar fecha de inicio. | Clasificación revisada: la actividad/nombre corresponde principalmente a energía, residuos, transporte, industria o infraestructura; no se identifica como AFOLU.",NO_AFOLU,tipo: PDBC - Proyectos de Desarrollo Bajo en Carbono (no concluyente),renare|implementacion de buses electricos para el transporte de empleados de cerro matoso s.a.,,68b22b7d2cb375c800b83c31,1.0,https://renare.minambiente.gov.co/,PDBC - Proyectos de Desarrollo Bajo en Carbono,,
SECTOR,renare,ISAGEN,,Fuente primaria: RENARE/MinAmbiente; el detalle individual no está indexado públicamente en buscadores. Se conserva REVISAR cuando la ficha pública no permitió confirmar fecha de inicio. | REVISAR: el nombre disponible no permite confirmar con suficiente certeza la naturaleza AFOLU/no-AFOLU ni la fecha de inicio; no se imputa un año.,REVISAR,tipo=MDL PoA - Programas de Activid; actividades sugiere AFOLU,renare|isagen,,68b22b762cb375c800b83c27,1.0,https://renare.minambiente.gov.co/,MDL PoA - Programas de Actividades del Mecanismo de Desarrollo Limpio,,
SECTOR,renare,Planta De Energía Solar - Awarala,,"Fuente primaria: RENARE/MinAmbiente; el detalle individual no está indexado públicamente en buscadores. Se conserva REVISAR cuando la ficha pública no permitió confirmar fecha de inicio. | Clasificación revisada: la actividad/nombre corresponde principalmente a energía, residuos, transporte, industria o infraestructura; no se identifica como AFOLU.",NO_AFOLU,tipo: PDBC - Proyectos de Desarrollo Bajo en Carbono (no concluyente),renare|planta de energia solar - awarala,,68b22b752cb375c800b83c24,1.0,https://renare.minambiente.gov.co/,PDBC - Proyectos de Desarrollo Bajo en Carbono,,
SECTOR,renare,FAZNI-GGC-109-615-17,,"Fuente primaria: RENARE/MinAmbiente; el detalle individual no está indexado públicamente en buscadores. Se conserva REVISAR cuando la ficha pública no permitió confirmar fecha de inicio. | Clasificación revisada: la actividad/nombre corresponde principalmente a energía, residuos, transporte, industria o infraestructura; no se identifica como AFOLU.",NO_AFOLU,tipo=PDBC - Proyectos de Desarrollo; actividades sugiere AFOLU,renare|fazni-ggc-109-615-17,,68b22b6a2cb375c800b83c1c,1.0,https://renare.minambiente.gov.co/,PDBC - Proyectos de Desarrollo Bajo en Carbono,,
SECTOR,renare,PLANTA PARA LA GENERACION DE ENERGIA ELECTRICA PROCESO POR GRUPO ELECTROGENO CON MOTOR DE ENCENDIDO POR CHISPA Y GENERADOR ¿ PLANTA DE ENERGIA MODULAR- TermoMechero,,Fuente primaria: RENARE/MinAmbiente; el detalle individual no está indexado públicamente en buscadores. Se conserva REVISAR cuando la ficha pública no permitió confirmar fecha de inicio. | REVISAR: el nombre disponible no permite confirmar con suficiente certeza la naturaleza AFOLU/no-AFOLU ni la fecha de inicio; no se imputa un año.,REVISAR,tipo: PDBC - Proyectos de Desarrollo Bajo en Carbono (no concluyente),renare|planta para la generacion de energia electrica proceso por grupo electrogeno con motor de encendido por chispa y generador ¿ planta de energia modular- termomechero,,68b22b6a2cb375c800b83c19,1.0,https://renare.minambiente.gov.co/,PDBC - Proyectos de Desarrollo Bajo en Carbono,,
SECTOR,renare,Proyecto de Certificación COPEY,,Fuente primaria: RENARE/MinAmbiente; el detalle individual no está indexado públicamente en buscadores. Se conserva REVISAR cuando la ficha pública no permitió confirmar fecha de inicio. | REVISAR: el nombre disponible no permite confirmar con suficiente certeza la naturaleza AFOLU/no-AFOLU ni la fecha de inicio; no se imputa un año.,REVISAR,tipo: MDL - Proyectos del Mecanismo de Desarrollo Limpio (no concluyente),renare|proyecto de certificacion copey,,68b22b692cb375c800b83c16,1.0,https://renare.minambiente.gov.co/,MDL - Proyectos del Mecanismo de Desarrollo Limpio,,
SECTOR,renare,FAZNI-GGC-107-613-17,,"Fuente primaria: RENARE/MinAmbiente; el detalle individual no está indexado públicamente en buscadores. Se conserva REVISAR cuando la ficha pública no permitió confirmar fecha de inicio. | Clasificación revisada: la actividad/nombre corresponde principalmente a energía, residuos, transporte, industria o infraestructura; no se identifica como AFOLU.",NO_AFOLU,tipo=PDBC - Proyectos de Desarrollo; actividades sugiere AFOLU,renare|fazni-ggc-107-613-17,,68b22b642cb375c800b83c12,1.0,https://renare.minambiente.gov.co/,PDBC - Proyectos de Desarrollo Bajo en Carbono,,
SECTOR,renare,FAZNI-GGC-403-16,,"Fuente primaria: RENARE/MinAmbiente; el detalle individual no está indexado públicamente en buscadores. Se conserva REVISAR cuando la ficha pública no permitió confirmar fecha de inicio. | Clasificación revisada: la actividad/nombre corresponde principalmente a energía, residuos, transporte, industria o infraestructura; no se identifica como AFOLU.",NO_AFOLU,tipo=PDBC - Proyectos de Desarrollo; actividades sugiere AFOLU,renare|fazni-ggc-403-16,,68b22b5f2cb375c800b83c0e,1.0,https://renare.minambiente.gov.co/,PDBC - Proyectos de Desarrollo Bajo en Carbono,,
SECTOR,renare,FAZNI-GGC-076-523-17,,"Fuente primaria: RENARE/MinAmbiente; el detalle individual no está indexado públicamente en buscadores. Se conserva REVISAR cuando la ficha pública no permitió confirmar fecha de inicio. | Clasificación revisada: la actividad/nombre corresponde principalmente a energía, residuos, transporte, industria o infraestructura; no se identifica como AFOLU.",NO_AFOLU,tipo=PDBC - Proyectos de Desarrollo; actividades sugiere AFOLU,renare|fazni-ggc-076-523-17,,68b22b592cb375c800b83c0a,1.0,https://renare.minambiente.gov.co/,PDBC - Proyectos de Desarrollo Bajo en Carbono,,
SECTOR,renare,FAZNI-GGC-114-622-17,,"Fuente primaria: RENARE/MinAmbiente; el detalle individual no está indexado públicamente en buscadores. Se conserva REVISAR cuando la ficha pública no permitió confirmar fecha de inicio. | Clasificación revisada: la actividad/nombre corresponde principalmente a energía, residuos, transporte, industria o infraestructura; no se identifica como AFOLU.",NO_AFOLU,tipo=PDBC - Proyectos de Desarrollo; actividades sugiere AFOLU,renare|fazni-ggc-114-622-17,,68b22b542cb375c800b83c06,1.0,https://renare.minambiente.gov.co/,PDBC - Proyectos de Desarrollo Bajo en Carbono,,
SECTOR,renare,FAZNI-GGC-093-570-17,,"Fuente primaria: RENARE/MinAmbiente; el detalle individual no está indexado públicamente en buscadores. Se conserva REVISAR cuando la ficha pública no permitió confirmar fecha de inicio. | Clasificación revisada: la actividad/nombre corresponde principalmente a energía, residuos, transporte, industria o infraestructura; no se identifica como AFOLU.",NO_AFOLU,tipo=PDBC - Proyectos de Desarrollo; actividades sugiere AFOLU,renare|fazni-ggc-093-570-17,,68b22b4f2cb375c800b83c02,1.0,https://renare.minambiente.gov.co/,PDBC - Proyectos de Desarrollo Bajo en Carbono,,
SECTOR,renare,FAZNI-GGC-105-611-17,,"Fuente primaria: RENARE/MinAmbiente; el detalle individual no está indexado públicamente en buscadores. Se conserva REVISAR cuando la ficha pública no permitió confirmar fecha de inicio. | Clasificación revisada: la actividad/nombre corresponde principalmente a energía, residuos, transporte, industria o infraestructura; no se identifica como AFOLU.",NO_AFOLU,tipo=PDBC - Proyectos de Desarrollo; actividades sugiere AFOLU,renare|fazni-ggc-105-611-17,,68b22b4a2cb375c800b83bfe,1.0,https://renare.minambiente.gov.co/,PDBC - Proyectos de Desarrollo Bajo en Carbono,,
SECTOR,renare,FAZNI-GGC-074-521-17,,"Fuente primaria: RENARE/MinAmbiente; el detalle individual no está indexado públicamente en buscadores. Se conserva REVISAR cuando la ficha pública no permitió confirmar fecha de inicio. | Clasificación revisada: la actividad/nombre corresponde principalmente a energía, residuos, transporte, industria o infraestructura; no se identifica como AFOLU.",NO_AFOLU,tipo=PDBC - Proyectos de Desarrollo; actividades sugiere AFOLU,renare|fazni-ggc-074-521-17,,68b22b452cb375c800b83bfa,1.0,https://renare.minambiente.gov.co/,PDBC - Proyectos de Desarrollo Bajo en Carbono,,
SECTOR,renare,FAZNI-GGC-094-572-17,,"Fuente primaria: RENARE/MinAmbiente; el detalle individual no está indexado públicamente en buscadores. Se conserva REVISAR cuando la ficha pública no permitió confirmar fecha de inicio. | Clasificación revisada: la actividad/nombre corresponde principalmente a energía, residuos, transporte, industria o infraestructura; no se identifica como AFOLU.",NO_AFOLU,tipo=PDBC - Proyectos de Desarrollo; actividades sugiere AFOLU,renare|fazni-ggc-094-572-17,,68b22b402cb375c800b83bf6,1.0,https://renare.minambiente.gov.co/,PDBC - Proyectos de Desarrollo Bajo en Carbono,,
SECTOR,renare,FAZNI-GGC-075-520-17,,"Fuente primaria: RENARE/MinAmbiente; el detalle individual no está indexado públicamente en buscadores. Se conserva REVISAR cuando la ficha pública no permitió confirmar fecha de inicio. | Clasificación revisada: la actividad/nombre corresponde principalmente a energía, residuos, transporte, industria o infraestructura; no se identifica como AFOLU.",NO_AFOLU,tipo=PDBC - Proyectos de Desarrollo; actividades sugiere AFOLU,renare|fazni-ggc-075-520-17,,68b22b3b2cb375c800b83bf2,1.0,https://renare.minambiente.gov.co/,PDBC - Proyectos de Desarrollo Bajo en Carbono,,
SECTOR,renare,FAZNI-GGC-120-631-17,,"Fuente primaria: RENARE/MinAmbiente; el detalle individual no está indexado públicamente en buscadores. Se conserva REVISAR cuando la ficha pública no permitió confirmar fecha de inicio. | Clasificación revisada: la actividad/nombre corresponde principalmente a energía, residuos, transporte, industria o infraestructura; no se identifica como AFOLU.",NO_AFOLU,tipo=PDBC - Proyectos de Desarrollo; actividades sugiere AFOLU,renare|fazni-ggc-120-631-17,,68b22b362cb375c800b83bee,1.0,https://renare.minambiente.gov.co/,PDBC - Proyectos de Desarrollo Bajo en Carbono,,
SECTOR,renare,FAZNI-GGC-096-593-17,,"Fuente primaria: RENARE/MinAmbiente; el detalle individual no está indexado públicamente en buscadores. Se conserva REVISAR cuando la ficha pública no permitió confirmar fecha de inicio. | Clasificación revisada: la actividad/nombre corresponde principalmente a energía, residuos, transporte, industria o infraestructura; no se identifica como AFOLU.",NO_AFOLU,tipo=PDBC - Proyectos de Desarrollo; actividades sugiere AFOLU,renare|fazni-ggc-096-593-17,,68b22b302cb375c800b83bea,1.0,https://renare.minambiente.gov.co/,PDBC - Proyectos de Desarrollo Bajo en Carbono,,
SECTOR,renare,Pequeña central hidroeléctrica San Andrés de Cuerquia,,"Fuente primaria: RENARE/MinAmbiente; el detalle individual no está indexado públicamente en buscadores. Se conserva REVISAR cuando la ficha pública no permitió confirmar fecha de inicio. | Clasificación revisada: la actividad/nombre corresponde principalmente a energía, residuos, transporte, industria o infraestructura; no se identifica como AFOLU.",NO_AFOLU,tipo: PDBC - Programas de Desarrollo Bajo en Carbono (no concluyente),renare|pequena central hidroelectrica san andres de cuerquia,,68b22b2f2cb375c800b83be4,1.0,https://renare.minambiente.gov.co/,PDBC - Programas de Desarrollo Bajo en Carbono,SAN ANDRES;SAN ANDRES DE CUERQUIA,5647;68669;88001
SECTOR,renare,FAZNI-GGC-082-545-17,,"Fuente primaria: RENARE/MinAmbiente; el detalle individual no está indexado públicamente en buscadores. Se conserva REVISAR cuando la ficha pública no permitió confirmar fecha de inicio. | Clasificación revisada: la actividad/nombre corresponde principalmente a energía, residuos, transporte, industria o infraestructura; no se identifica como AFOLU.",NO_AFOLU,tipo=PDBC - Proyectos de Desarrollo; actividades sugiere AFOLU,renare|fazni-ggc-082-545-17,,68b22b292cb375c800b83be0,1.0,https://renare.minambiente.gov.co/,PDBC - Proyectos de Desarrollo Bajo en Carbono,,
SECTOR,renare,Multimodal transport on the Magdalena River by Impala Terminals.,,"Fuente primaria: RENARE/MinAmbiente; el detalle individual no está indexado públicamente en buscadores. Se conserva REVISAR cuando la ficha pública no permitió confirmar fecha de inicio. | Clasificación revisada: la actividad/nombre corresponde principalmente a energía, residuos, transporte, industria o infraestructura; no se identifica como AFOLU.",NO_AFOLU,tipo: PDBC - Proyectos de Desarrollo Bajo en Carbono (no concluyente),renare|multimodal transport on the magdalena river by impala terminals.,,68b22b182cb375c800b83bce,1.0,https://renare.minambiente.gov.co/,PDBC - Proyectos de Desarrollo Bajo en Carbono,,
SECTOR,renare,Proyecto Forestal CO2CERO,,"Fuente primaria: RENARE/MinAmbiente; el detalle individual no está indexado públicamente en buscadores. Se conserva REVISAR cuando la ficha pública no permitió confirmar fecha de inicio. | Clasificación revisada: la actividad/nombre corresponde a uso de suelo, forestación/reforestación, conservación de bosques, agroforestería o ganadería/biomasa en tierras; AFOLU.",AFOLU,tipo=PDBC - Proyectos de Desarrollo; actividades sugiere AFOLU,renare|proyecto forestal co2cero,,68b22b132cb375c800b83bca,1.0,https://renare.minambiente.gov.co/,PDBC - Proyectos de Desarrollo Bajo en Carbono,,
SECTOR,renare,Parque Solar Caño Limón Phase 2 20 MW,,"Fuente primaria: RENARE/MinAmbiente; el detalle individual no está indexado públicamente en buscadores. Se conserva REVISAR cuando la ficha pública no permitió confirmar fecha de inicio. | Clasificación revisada: la actividad/nombre corresponde principalmente a energía, residuos, transporte, industria o infraestructura; no se identifica como AFOLU.",NO_AFOLU,tipo=PDBC - Proyectos de Desarrollo; actividades sugiere AFOLU,renare|parque solar cano limon phase 2 20 mw,,68b22b0e2cb375c800b83bc6,1.0,https://renare.minambiente.gov.co/,PDBC - Proyectos de Desarrollo Bajo en Carbono,,
SECTOR,renare,FAZNI-GGC-118-629-17,,"Fuente primaria: RENARE/MinAmbiente; el detalle individual no está indexado públicamente en buscadores. Se conserva REVISAR cuando la ficha pública no permitió confirmar fecha de inicio. | Clasificación revisada: la actividad/nombre corresponde principalmente a energía, residuos, transporte, industria o infraestructura; no se identifica como AFOLU.",NO_AFOLU,tipo=PDBC - Proyectos de Desarrollo; actividades sugiere AFOLU,renare|fazni-ggc-118-629-17,,68b22b032cb375c800b83bbb,1.0,https://renare.minambiente.gov.co/,PDBC - Proyectos de Desarrollo Bajo en Carbono,,
SECTOR,renare,FAZNI-GGC-115-626-17,,"Fuente primaria: RENARE/MinAmbiente; el detalle individual no está indexado públicamente en buscadores. Se conserva REVISAR cuando la ficha pública no permitió confirmar fecha de inicio. | Clasificación revisada: la actividad/nombre corresponde principalmente a energía, residuos, transporte, industria o infraestructura; no se identifica como AFOLU.",NO_AFOLU,tipo=PDBC - Proyectos de Desarrollo; actividades sugiere AFOLU,renare|fazni-ggc-115-626-17,,68b22afe2cb375c800b83bb7,1.0,https://renare.minambiente.gov.co/,PDBC - Proyectos de Desarrollo Bajo en Carbono,,
SECTOR,renare,FAZNI-GGC-121-625-17,,"Fuente primaria: RENARE/MinAmbiente; el detalle individual no está indexado públicamente en buscadores. Se conserva REVISAR cuando la ficha pública no permitió confirmar fecha de inicio. | Clasificación revisada: la actividad/nombre corresponde principalmente a energía, residuos, transporte, industria o infraestructura; no se identifica como AFOLU.",NO_AFOLU,tipo=PDBC - Proyectos de Desarrollo; actividades sugiere AFOLU,renare|fazni-ggc-121-625-17,,68b22af92cb375c800b83bb3,1.0,https://renare.minambiente.gov.co/,PDBC - Proyectos de Desarrollo Bajo en Carbono,,
SECTOR,renare,FAZNI-GGC-113-620-17,,"Fuente primaria: RENARE/MinAmbiente; el detalle individual no está indexado públicamente en buscadores. Se conserva REVISAR cuando la ficha pública no permitió confirmar fecha de inicio. | Clasificación revisada: la actividad/nombre corresponde principalmente a energía, residuos, transporte, industria o infraestructura; no se identifica como AFOLU.",NO_AFOLU,tipo=PDBC - Proyectos de Desarrollo; actividades sugiere AFOLU,renare|fazni-ggc-113-620-17,,68b22af42cb375c800b83baf,1.0,https://renare.minambiente.gov.co/,PDBC - Proyectos de Desarrollo Bajo en Carbono,,
SECTOR,renare,FAZNI-GGC-106-612-17,,"Fuente primaria: RENARE/MinAmbiente; el detalle individual no está indexado públicamente en buscadores. Se conserva REVISAR cuando la ficha pública no permitió confirmar fecha de inicio. | Clasificación revisada: la actividad/nombre corresponde principalmente a energía, residuos, transporte, industria o infraestructura; no se identifica como AFOLU.",NO_AFOLU,tipo=PDBC - Proyectos de Desarrollo; actividades sugiere AFOLU,renare|fazni-ggc-106-612-17,,68b22aee2cb375c800b83bab,1.0,https://renare.minambiente.gov.co/,PDBC - Proyectos de Desarrollo Bajo en Carbono,,
SECTOR,renare,FAZNI-GGC-083-546-17,,"Fuente primaria: RENARE/MinAmbiente; el detalle individual no está indexado públicamente en buscadores. Se conserva REVISAR cuando la ficha pública no permitió confirmar fecha de inicio. | Clasificación revisada: la actividad/nombre corresponde principalmente a energía, residuos, transporte, industria o infraestructura; no se identifica como AFOLU.",NO_AFOLU,tipo=PDBC - Proyectos de Desarrollo; actividades sugiere AFOLU,renare|fazni-ggc-083-546-17,,68b22ae92cb375c800b83ba7,1.0,https://renare.minambiente.gov.co/,PDBC - Proyectos de Desarrollo Bajo en Carbono,,
SECTOR,renare,FAZNI-GGC-110-616-17,,"Fuente primaria: RENARE/MinAmbiente; el detalle individual no está indexado públicamente en buscadores. Se conserva REVISAR cuando la ficha pública no permitió confirmar fecha de inicio. | Clasificación revisada: la actividad/nombre corresponde principalmente a energía, residuos, transporte, industria o infraestructura; no se identifica como AFOLU.",NO_AFOLU,tipo=PDBC - Proyectos de Desarrollo; actividades sugiere AFOLU,renare|fazni-ggc-110-616-17,,68b22ae42cb375c800b83ba3,1.0,https://renare.minambiente.gov.co/,PDBC - Proyectos de Desarrollo Bajo en Carbono,,
SECTOR,renare,"Introduction of the recovery and combustion of methane in the existing sludge treatment system of the Wastewater Treatment Plant of Cañaveralejo EMCALI in Cali, Colombia",,"Fuente primaria: RENARE/MinAmbiente; el detalle individual no está indexado públicamente en buscadores. Se conserva REVISAR cuando la ficha pública no permitió confirmar fecha de inicio. | Clasificación revisada: la actividad/nombre corresponde principalmente a energía, residuos, transporte, industria o infraestructura; no se identifica como AFOLU.",NO_AFOLU,tipo=MDL - Proyectos del Mecanismo ; actividades sugiere AFOLU,"renare|introduction of the recovery and combustion of methane in the existing sludge treatment system of the wastewater treatment plant of canaveralejo emcali in cali, colombia",,68b22adf2cb375c800b83b9f,1.0,https://renare.minambiente.gov.co/,MDL - Proyectos del Mecanismo de Desarrollo Limpio,,
SECTOR,renare,FAZNI-GGC-111-617-17,,"Fuente primaria: RENARE/MinAmbiente; el detalle individual no está indexado públicamente en buscadores. Se conserva REVISAR cuando la ficha pública no permitió confirmar fecha de inicio. | Clasificación revisada: la actividad/nombre corresponde principalmente a energía, residuos, transporte, industria o infraestructura; no se identifica como AFOLU.",NO_AFOLU,tipo=PDBC - Proyectos de Desarrollo; actividades sugiere AFOLU,renare|fazni-ggc-111-617-17,,68b22ad92cb375c800b83b98,1.0,https://renare.minambiente.gov.co/,PDBC - Proyectos de Desarrollo Bajo en Carbono,,
SECTOR,renare,FAZNI-GGC-083-604-17,,"Fuente primaria: RENARE/MinAmbiente; el detalle individual no está indexado públicamente en buscadores. Se conserva REVISAR cuando la ficha pública no permitió confirmar fecha de inicio. | Clasificación revisada: la actividad/nombre corresponde principalmente a energía, residuos, transporte, industria o infraestructura; no se identifica como AFOLU.",NO_AFOLU,tipo=PDBC - Proyectos de Desarrollo; actividades sugiere AFOLU,renare|fazni-ggc-083-604-17,,68b22ad42cb375c800b83b94,1.0,https://renare.minambiente.gov.co/,PDBC - Proyectos de Desarrollo Bajo en Carbono,,
SECTOR,renare,FAZNI-GGC-119-630-17,,"Fuente primaria: RENARE/MinAmbiente; el detalle individual no está indexado públicamente en buscadores. Se conserva REVISAR cuando la ficha pública no permitió confirmar fecha de inicio. | Clasificación revisada: la actividad/nombre corresponde principalmente a energía, residuos, transporte, industria o infraestructura; no se identifica como AFOLU.",NO_AFOLU,tipo=PDBC - Proyectos de Desarrollo; actividades sugiere AFOLU,renare|fazni-ggc-119-630-17,,68b22acf2cb375c800b83b90,1.0,https://renare.minambiente.gov.co/,PDBC - Proyectos de Desarrollo Bajo en Carbono,,
SECTOR,renare,FAZNI-GGC-081-544-17,,"Fuente primaria: RENARE/MinAmbiente; el detalle individual no está indexado públicamente en buscadores. Se conserva REVISAR cuando la ficha pública no permitió confirmar fecha de inicio. | Clasificación revisada: la actividad/nombre corresponde principalmente a energía, residuos, transporte, industria o infraestructura; no se identifica como AFOLU.",NO_AFOLU,tipo=PDBC - Proyectos de Desarrollo; actividades sugiere AFOLU,renare|fazni-ggc-081-544-17,,68b22aca2cb375c800b83b8c,1.0,https://renare.minambiente.gov.co/,PDBC - Proyectos de Desarrollo Bajo en Carbono,,
SECTOR,renare,FAZNI-GGC-116-627-17,,"Fuente primaria: RENARE/MinAmbiente; el detalle individual no está indexado públicamente en buscadores. Se conserva REVISAR cuando la ficha pública no permitió confirmar fecha de inicio. | Clasificación revisada: la actividad/nombre corresponde principalmente a energía, residuos, transporte, industria o infraestructura; no se identifica como AFOLU.",NO_AFOLU,tipo=PDBC - Proyectos de Desarrollo; actividades sugiere AFOLU,renare|fazni-ggc-116-627-17,,68b22ac52cb375c800b83b88,1.0,https://renare.minambiente.gov.co/,PDBC - Proyectos de Desarrollo Bajo en Carbono,,
SECTOR,renare,FAZNI-GGC-112-619-17,,"Fuente primaria: RENARE/MinAmbiente; el detalle individual no está indexado públicamente en buscadores. Se conserva REVISAR cuando la ficha pública no permitió confirmar fecha de inicio. | Clasificación revisada: la actividad/nombre corresponde principalmente a energía, residuos, transporte, industria o infraestructura; no se identifica como AFOLU.",NO_AFOLU,tipo=PDBC - Proyectos de Desarrollo; actividades sugiere AFOLU,renare|fazni-ggc-112-619-17,,68b22ac02cb375c800b83b84,1.0,https://renare.minambiente.gov.co/,PDBC - Proyectos de Desarrollo Bajo en Carbono,,
SECTOR,renare,FAZNI-GGC-098-597-17,,"Fuente primaria: RENARE/MinAmbiente; el detalle individual no está indexado públicamente en buscadores. Se conserva REVISAR cuando la ficha pública no permitió confirmar fecha de inicio. | Clasificación revisada: la actividad/nombre corresponde principalmente a energía, residuos, transporte, industria o infraestructura; no se identifica como AFOLU.",NO_AFOLU,tipo=PDBC - Proyectos de Desarrollo; actividades sugiere AFOLU,renare|fazni-ggc-098-597-17,,68b22abb2cb375c800b83b80,1.0,https://renare.minambiente.gov.co/,PDBC - Proyectos de Desarrollo Bajo en Carbono,,
SECTOR,renare,FAZNI-GGC-108-614-17,,"Fuente primaria: RENARE/MinAmbiente; el detalle individual no está indexado públicamente en buscadores. Se conserva REVISAR cuando la ficha pública no permitió confirmar fecha de inicio. | Clasificación revisada: la actividad/nombre corresponde principalmente a energía, residuos, transporte, industria o infraestructura; no se identifica como AFOLU.",NO_AFOLU,tipo=PDBC - Proyectos de Desarrollo; actividades sugiere AFOLU,renare|fazni-ggc-108-614-17,,68b22ab52cb375c800b83b7c,1.0,https://renare.minambiente.gov.co/,PDBC - Proyectos de Desarrollo Bajo en Carbono,,
SECTOR,renare,Cumare Carbon Proyect,,El nombre aparece en RENARE pero la evidencia pública encontrada no identifica de forma unívoca el registro; mantener REVISAR hasta confirmar ficha individual.,AFOLU,tipo=PDBC - Proyectos de Desarrollo; actividades sugiere AFOLU,renare|cumare carbon proyect,,68b22aaf2cb375c800b83b75,1.0,https://www.terraformation.com/projects/sembrando-futuro-2-0-colombia,PDBC - Proyectos de Desarrollo Bajo en Carbono,,
SECTOR,renare,FAZNI-GGC-087-585-17,,"Fuente primaria: RENARE/MinAmbiente; el detalle individual no está indexado públicamente en buscadores. Se conserva REVISAR cuando la ficha pública no permitió confirmar fecha de inicio. | Clasificación revisada: la actividad/nombre corresponde principalmente a energía, residuos, transporte, industria o infraestructura; no se identifica como AFOLU.",NO_AFOLU,tipo=PDBC - Proyectos de Desarrollo; actividades sugiere AFOLU,renare|fazni-ggc-087-585-17,,68b22aaa2cb375c800b83b71,1.0,https://renare.minambiente.gov.co/,PDBC - Proyectos de Desarrollo Bajo en Carbono,,
SECTOR,renare,PCH LA NAVETA,,Fuente primaria: RENARE/MinAmbiente; el detalle individual no está indexado públicamente en buscadores. Se conserva REVISAR cuando la ficha pública no permitió confirmar fecha de inicio. | REVISAR: el nombre disponible no permite confirmar con suficiente certeza la naturaleza AFOLU/no-AFOLU ni la fecha de inicio; no se imputa un año.,REVISAR,tipo=PDBC - Proyectos de Desarrollo; actividades sugiere AFOLU,renare|pch la naveta,,68b22aa42cb375c800b83b6a,1.0,https://renare.minambiente.gov.co/,PDBC - Proyectos de Desarrollo Bajo en Carbono,,
SECTOR,renare,PROYECTO FORESTAL CO2CERO CASANARE _3_2021,,"Fuente primaria: RENARE/MinAmbiente; el detalle individual no está indexado públicamente en buscadores. Se conserva REVISAR cuando la ficha pública no permitió confirmar fecha de inicio. | Clasificación revisada: la actividad/nombre corresponde a uso de suelo, forestación/reforestación, conservación de bosques, agroforestería o ganadería/biomasa en tierras; AFOLU.",AFOLU,tipo=PDBC - Proyectos de Desarrollo; actividades sugiere AFOLU,renare|proyecto forestal co2cero casanare _3_2021,,68b22a982cb375c800b83b5f,1.0,https://renare.minambiente.gov.co/,PDBC - Proyectos de Desarrollo Bajo en Carbono,,
SECTOR,renare,CARBONO AGROPORVANDA,,"Fuente primaria: RENARE/MinAmbiente; el detalle individual no está indexado públicamente en buscadores. Se conserva REVISAR cuando la ficha pública no permitió confirmar fecha de inicio. | Clasificación revisada: la actividad/nombre corresponde a uso de suelo, forestación/reforestación, conservación de bosques, agroforestería o ganadería/biomasa en tierras; AFOLU.",AFOLU,tipo=PDBC - Proyectos de Desarrollo; actividades sugiere AFOLU,renare|carbono agroporvanda,,68b22a932cb375c800b83b5b,1.0,https://renare.minambiente.gov.co/,PDBC - Proyectos de Desarrollo Bajo en Carbono,,
SECTOR,renare,FAZNI-GGC-122-643-17,,"Fuente primaria: RENARE/MinAmbiente; el detalle individual no está indexado públicamente en buscadores. Se conserva REVISAR cuando la ficha pública no permitió confirmar fecha de inicio. | Clasificación revisada: la actividad/nombre corresponde principalmente a energía, residuos, transporte, industria o infraestructura; no se identifica como AFOLU.",NO_AFOLU,tipo=PDBC - Proyectos de Desarrollo; actividades sugiere AFOLU,renare|fazni-ggc-122-643-17,,68b22a822cb375c800b83b4c,1.0,https://renare.minambiente.gov.co/,PDBC - Proyectos de Desarrollo Bajo en Carbono,,
SECTOR,renare,FAZNI-GGC-095-573-17,,"Fuente primaria: RENARE/MinAmbiente; el detalle individual no está indexado públicamente en buscadores. Se conserva REVISAR cuando la ficha pública no permitió confirmar fecha de inicio. | Clasificación revisada: la actividad/nombre corresponde principalmente a energía, residuos, transporte, industria o infraestructura; no se identifica como AFOLU.",NO_AFOLU,tipo=PDBC - Proyectos de Desarrollo; actividades sugiere AFOLU,renare|fazni-ggc-095-573-17,,68b22a7d2cb375c800b83b48,1.0,https://renare.minambiente.gov.co/,PDBC - Proyectos de Desarrollo Bajo en Carbono,,
SECTOR,renare,FAZNI-GGC-397-16,,"Fuente primaria: RENARE/MinAmbiente; el detalle individual no está indexado públicamente en buscadores. Se conserva REVISAR cuando la ficha pública no permitió confirmar fecha de inicio. | Clasificación revisada: la actividad/nombre corresponde principalmente a energía, residuos, transporte, industria o infraestructura; no se identifica como AFOLU.",NO_AFOLU,tipo=PDBC - Proyectos de Desarrollo; actividades sugiere AFOLU,renare|fazni-ggc-397-16,,68b22a782cb375c800b83b44,1.0,https://renare.minambiente.gov.co/,PDBC - Proyectos de Desarrollo Bajo en Carbono,,
SECTOR,renare,Proyecto Carbono Verde,,"Fuente primaria: RENARE/MinAmbiente; el detalle individual no está indexado públicamente en buscadores. Se conserva REVISAR cuando la ficha pública no permitió confirmar fecha de inicio. | Clasificación revisada: la actividad/nombre corresponde a uso de suelo, forestación/reforestación, conservación de bosques, agroforestería o ganadería/biomasa en tierras; AFOLU.",AFOLU,tipo=PDBC - Proyectos de Desarrollo; actividades sugiere AFOLU,renare|proyecto carbono verde,,68b22a722cb375c800b83b40,1.0,https://renare.minambiente.gov.co/,PDBC - Proyectos de Desarrollo Bajo en Carbono,,
SECTOR,renare,Proyecto de Carbono en Bosques de Sabor y Aroma,,"Fuente primaria: RENARE/MinAmbiente; el detalle individual no está indexado públicamente en buscadores. Se conserva REVISAR cuando la ficha pública no permitió confirmar fecha de inicio. | Clasificación revisada: la actividad/nombre corresponde a uso de suelo, forestación/reforestación, conservación de bosques, agroforestería o ganadería/biomasa en tierras; AFOLU.",AFOLU,tipo=PDBC - Proyectos de Desarrollo; actividades sugiere AFOLU,renare|proyecto de carbono en bosques de sabor y aroma,,68b22a722cb375c800b83b3d,1.0,https://renare.minambiente.gov.co/,PDBC - Proyectos de Desarrollo Bajo en Carbono,,
SECTOR,renare,Proyecto Solar Fotovoltaico Agrupado URRÁ S.A. E.S.P.,,"Fuente primaria: RENARE/MinAmbiente; el detalle individual no está indexado públicamente en buscadores. Se conserva REVISAR cuando la ficha pública no permitió confirmar fecha de inicio. | Clasificación revisada: la actividad/nombre corresponde principalmente a energía, residuos, transporte, industria o infraestructura; no se identifica como AFOLU.",NO_AFOLU,tipo=PDBC - Proyectos de Desarrollo; actividades sugiere AFOLU,renare|proyecto solar fotovoltaico agrupado urra s.a. e.s.p.,,68b22a612cb375c800b83b2e,1.0,https://renare.minambiente.gov.co/,PDBC - Proyectos de Desarrollo Bajo en Carbono,,
SECTOR,renare,Ciclo Combinado Termoflores IV,,"Fuente primaria: RENARE/MinAmbiente; el detalle individual no está indexado públicamente en buscadores. Se conserva REVISAR cuando la ficha pública no permitió confirmar fecha de inicio. | Clasificación revisada: la actividad/nombre corresponde principalmente a energía, residuos, transporte, industria o infraestructura; no se identifica como AFOLU.",NO_AFOLU,tipo=PDBC - Proyectos de Desarrollo; actividades sugiere AFOLU,renare|ciclo combinado termoflores iv,,68b22a5c2cb375c800b83b2a,1.0,https://renare.minambiente.gov.co/,PDBC - Proyectos de Desarrollo Bajo en Carbono,,
SECTOR,renare,FAZNI-GGC-077-525-17,,"Fuente primaria: RENARE/MinAmbiente; el detalle individual no está indexado públicamente en buscadores. Se conserva REVISAR cuando la ficha pública no permitió confirmar fecha de inicio. | Clasificación revisada: la actividad/nombre corresponde principalmente a energía, residuos, transporte, industria o infraestructura; no se identifica como AFOLU.",NO_AFOLU,tipo=PDBC - Proyectos de Desarrollo; actividades sugiere AFOLU,renare|fazni-ggc-077-525-17,,68b22a572cb375c800b83b26,1.0,https://renare.minambiente.gov.co/,PDBC - Proyectos de Desarrollo Bajo en Carbono,,
SECTOR,renare,FAZNI-GGC-117-628-17,,"Fuente primaria: RENARE/MinAmbiente; el detalle individual no está indexado públicamente en buscadores. Se conserva REVISAR cuando la ficha pública no permitió confirmar fecha de inicio. | Clasificación revisada: la actividad/nombre corresponde principalmente a energía, residuos, transporte, industria o infraestructura; no se identifica como AFOLU.",NO_AFOLU,tipo=PDBC - Proyectos de Desarrollo; actividades sugiere AFOLU,renare|fazni-ggc-117-628-17,,68b22a522cb375c800b83b22,1.0,https://renare.minambiente.gov.co/,PDBC - Proyectos de Desarrollo Bajo en Carbono,,
SECTOR,renare,Nucleos Carbono,,"Fuente primaria: RENARE/MinAmbiente; el detalle individual no está indexado públicamente en buscadores. Se conserva REVISAR cuando la ficha pública no permitió confirmar fecha de inicio. | Clasificación revisada: la actividad/nombre corresponde a uso de suelo, forestación/reforestación, conservación de bosques, agroforestería o ganadería/biomasa en tierras; AFOLU.",AFOLU,tipo: PDBC - Proyectos de Desarrollo Bajo en Carbono (no concluyente),renare|nucleos carbono,,68b22a502cb375c800b83b1c,1.0,https://renare.minambiente.gov.co/,PDBC - Proyectos de Desarrollo Bajo en Carbono,,
SECTOR,renare,Parque Solar Caño Limón Phase 1 20 MW,,"Fuente primaria: RENARE/MinAmbiente; el detalle individual no está indexado públicamente en buscadores. Se conserva REVISAR cuando la ficha pública no permitió confirmar fecha de inicio. | Clasificación revisada: la actividad/nombre corresponde principalmente a energía, residuos, transporte, industria o infraestructura; no se identifica como AFOLU.",NO_AFOLU,tipo=PDBC - Proyectos de Desarrollo; actividades sugiere AFOLU,renare|parque solar cano limon phase 1 20 mw,,68b22a4b2cb375c800b83b18,1.0,https://renare.minambiente.gov.co/,PDBC - Proyectos de Desarrollo Bajo en Carbono,,
SECTOR,renare,Doña Juana Landfill Gas to Energy Project,,"Fuente primaria: RENARE/MinAmbiente; el detalle individual no está indexado públicamente en buscadores. Se conserva REVISAR cuando la ficha pública no permitió confirmar fecha de inicio. | Clasificación revisada: la actividad/nombre corresponde principalmente a energía, residuos, transporte, industria o infraestructura; no se identifica como AFOLU.",NO_AFOLU,tipo=PDBC - Programas de Desarrollo; actividades sugiere AFOLU,renare|dona juana landfill gas to energy project,,68b22a3f2cb375c800b83b0d,1.0,https://renare.minambiente.gov.co/,PDBC - Programas de Desarrollo Bajo en Carbono,,
SECTOR,renare,Proyecto Hidroeléctrico del río Amoyá,,"Fuente primaria: RENARE/MinAmbiente; el detalle individual no está indexado públicamente en buscadores. Se conserva REVISAR cuando la ficha pública no permitió confirmar fecha de inicio. | Clasificación revisada: la actividad/nombre corresponde principalmente a energía, residuos, transporte, industria o infraestructura; no se identifica como AFOLU.",NO_AFOLU,tipo=MDL - Proyectos del Mecanismo ; actividades sugiere AFOLU,renare|proyecto hidroelectrico del rio amoya,,68b22a392cb375c800b83b06,1.0,https://renare.minambiente.gov.co/,MDL - Proyectos del Mecanismo de Desarrollo Limpio,,
SECTOR,renare,Parque Eólico Guajira I,,"Fuente primaria: RENARE/MinAmbiente; el detalle individual no está indexado públicamente en buscadores. Se conserva REVISAR cuando la ficha pública no permitió confirmar fecha de inicio. | Clasificación revisada: la actividad/nombre corresponde principalmente a energía, residuos, transporte, industria o infraestructura; no se identifica como AFOLU.",NO_AFOLU,tipo=MDL - Proyectos del Mecanismo ; actividades sugiere AFOLU,renare|parque eolico guajira i,,68b22a2c2cb375c800b83af2;68b22c822cb375c800b83d43,2.0,https://renare.minambiente.gov.co/,MDL - Proyectos del Mecanismo de Desarrollo Limpio;PDBC - Proyectos de Desarrollo Bajo en Carbono,,
SECTOR,renare,PROYECTO ASOCIATIVO PROGRAMATICO ZONA ANDINA Y COSTA ATLANTICA -FCG,,Fuente primaria: RENARE/MinAmbiente; el detalle individual no está indexado públicamente en buscadores. Se conserva REVISAR cuando la ficha pública no permitió confirmar fecha de inicio. | REVISAR: el nombre disponible no permite confirmar con suficiente certeza la naturaleza AFOLU/no-AFOLU ni la fecha de inicio; no se imputa un año.,REVISAR,tipo=PDBC - Proyectos de Desarrollo; actividades sugiere AFOLU,renare|proyecto asociativo programatico zona andina y costa atlantica -fcg,,68b22a0b2cb375c800b83ad7,1.0,https://renare.minambiente.gov.co/,PDBC - Proyectos de Desarrollo Bajo en Carbono,,
SECTOR,renare,Proyecto Forestal MAVALLE en plantaciones de Caucho natural,,"Fuente primaria: RENARE/MinAmbiente; el detalle individual no está indexado públicamente en buscadores. Se conserva REVISAR cuando la ficha pública no permitió confirmar fecha de inicio. | Clasificación revisada: la actividad/nombre corresponde a uso de suelo, forestación/reforestación, conservación de bosques, agroforestería o ganadería/biomasa en tierras; AFOLU.",AFOLU,tipo=PDBC - Proyectos de Desarrollo; actividades sugiere AFOLU,renare|proyecto forestal mavalle en plantaciones de caucho natural,,68b22a002cb375c800b83acc,1.0,https://renare.minambiente.gov.co/,PDBC - Proyectos de Desarrollo Bajo en Carbono,PUERTO GAITAN;PUERTO LOPEZ,50568;50573
SECTOR,renare,Proyecto hidroeléctrico Barroso 20MW ,,"Fuente primaria: RENARE/MinAmbiente; el detalle individual no está indexado públicamente en buscadores. Se conserva REVISAR cuando la ficha pública no permitió confirmar fecha de inicio. | Clasificación revisada: la actividad/nombre corresponde principalmente a energía, residuos, transporte, industria o infraestructura; no se identifica como AFOLU.",NO_AFOLU,tipo: PDBC - Proyectos de Desarrollo Bajo en Carbono (no concluyente),renare|proyecto hidroelectrico barroso 20mw,,68b229be2cb375c800b83a85,1.0,https://renare.minambiente.gov.co/,PDBC - Proyectos de Desarrollo Bajo en Carbono,,
SECTOR,renare,Veolia LFG PTA Antanas landfill,,"Fuente primaria: RENARE/MinAmbiente; el detalle individual no está indexado públicamente en buscadores. Se conserva REVISAR cuando la ficha pública no permitió confirmar fecha de inicio. | Clasificación revisada: la actividad/nombre corresponde principalmente a energía, residuos, transporte, industria o infraestructura; no se identifica como AFOLU.",NO_AFOLU,tipo=PDBC - Programas de Desarrollo; actividades sugiere AFOLU,renare|veolia lfg pta antanas landfill,,68b229b92cb375c800b83a81,1.0,https://renare.minambiente.gov.co/,PDBC - Programas de Desarrollo Bajo en Carbono,,
SECTOR,renare,Sombrilla Centrales Hidroeléctricas de Suba y Usaquén,,"Fuente primaria: RENARE/MinAmbiente; el detalle individual no está indexado públicamente en buscadores. Se conserva REVISAR cuando la ficha pública no permitió confirmar fecha de inicio. | Clasificación revisada: la actividad/nombre corresponde principalmente a energía, residuos, transporte, industria o infraestructura; no se identifica como AFOLU.",NO_AFOLU,tipo=PDBC - Proyectos de Desarrollo; actividades sugiere AFOLU,renare|sombrilla centrales hidroelectricas de suba y usaquen,,68b2286c2cb375c800b83968;68b229a42cb375c800b83a71,2.0,https://renare.minambiente.gov.co/,MDL - Proyectos del Mecanismo de Desarrollo Limpio;PDBC - Proyectos de Desarrollo Bajo en Carbono,,
SECTOR,renare,Pequeña Central hidroeléctrica Bajo Tuluá,,"Fuente primaria: RENARE/MinAmbiente; el detalle individual no está indexado públicamente en buscadores. Se conserva REVISAR cuando la ficha pública no permitió confirmar fecha de inicio. | Clasificación revisada: la actividad/nombre corresponde principalmente a energía, residuos, transporte, industria o infraestructura; no se identifica como AFOLU.",NO_AFOLU,tipo=MDL - Proyectos del Mecanismo ; actividades sugiere AFOLU,renare|pequena central hidroelectrica bajo tulua,,68b2299e2cb375c800b83a6d,1.0,https://renare.minambiente.gov.co/,MDL - Proyectos del Mecanismo de Desarrollo Limpio,,
SECTOR,renare,Proyecto Hidroeléctrico Sogamoso,,"Fuente primaria: RENARE/MinAmbiente; el detalle individual no está indexado públicamente en buscadores. Se conserva REVISAR cuando la ficha pública no permitió confirmar fecha de inicio. | Clasificación revisada: la actividad/nombre corresponde principalmente a energía, residuos, transporte, industria o infraestructura; no se identifica como AFOLU.",NO_AFOLU,tipo=MDL - Proyectos del Mecanismo ; actividades sugiere AFOLU,renare|proyecto hidroelectrico sogamoso,,68b229942cb375c800b83a62;68b22c812cb375c800b83d40,2.0,https://renare.minambiente.gov.co/,MDL - Proyectos del Mecanismo de Desarrollo Limpio;PDBC - Proyectos de Desarrollo Bajo en Carbono,SOGAMOSO,15759
SECTOR,renare,"Proyecto de mitigación en el sector del USCUSS por remociones debidas al establecimiento de sistemas forestales de Hevea brasiliensis en el municipio de Barrancabermeja, Santander, Colombia",,"Fuente primaria: RENARE/MinAmbiente; el detalle individual no está indexado públicamente en buscadores. Se conserva REVISAR cuando la ficha pública no permitió confirmar fecha de inicio. | Clasificación revisada: la actividad/nombre corresponde a uso de suelo, forestación/reforestación, conservación de bosques, agroforestería o ganadería/biomasa en tierras; AFOLU.",AFOLU,tipo=PDBC - Proyectos de Desarrollo; actividades sugiere AFOLU,"renare|proyecto de mitigacion en el sector del uscuss por remociones debidas al establecimiento de sistemas forestales de hevea brasiliensis en el municipio de barrancabermeja, santander, colombia",,68b229872cb375c800b83a54,1.0,https://renare.minambiente.gov.co/,PDBC - Proyectos de Desarrollo Bajo en Carbono,BARRANCABERMEJA,68081
SECTOR,renare,Carbono Agroforestal La Argentina,,"Fuente primaria: RENARE/MinAmbiente; el detalle individual no está indexado públicamente en buscadores. Se conserva REVISAR cuando la ficha pública no permitió confirmar fecha de inicio. | Clasificación revisada: la actividad/nombre corresponde a uso de suelo, forestación/reforestación, conservación de bosques, agroforestería o ganadería/biomasa en tierras; AFOLU.",AFOLU,tipo=PDBC - Proyectos de Desarrollo; actividades sugiere AFOLU,renare|carbono agroforestal la argentina,,68b229782cb375c800b83a48,1.0,https://renare.minambiente.gov.co/,PDBC - Proyectos de Desarrollo Bajo en Carbono,LA ARGENTINA,41378
SECTOR,renare,Pequeña Central Hidroeléctrica Alto Tuluá,,"Fuente primaria: RENARE/MinAmbiente; el detalle individual no está indexado públicamente en buscadores. Se conserva REVISAR cuando la ficha pública no permitió confirmar fecha de inicio. | Clasificación revisada: la actividad/nombre corresponde principalmente a energía, residuos, transporte, industria o infraestructura; no se identifica como AFOLU.",NO_AFOLU,tipo=MDL - Proyectos del Mecanismo ; actividades sugiere AFOLU,renare|pequena central hidroelectrica alto tulua,,68b229622cb375c800b83a35,1.0,https://renare.minambiente.gov.co/,MDL - Proyectos del Mecanismo de Desarrollo Limpio,,
SECTOR,renare,"Proyecto de mitigación en el sector del USCUSS por remociones debidas al establecimiento de sistemas forestales de Hevea brasiliensis en los municipios de Sucre y el Peñón Santander, Colombia",,"Fuente primaria: RENARE/MinAmbiente; el detalle individual no está indexado públicamente en buscadores. Se conserva REVISAR cuando la ficha pública no permitió confirmar fecha de inicio. | Clasificación revisada: la actividad/nombre corresponde a uso de suelo, forestación/reforestación, conservación de bosques, agroforestería o ganadería/biomasa en tierras; AFOLU.",AFOLU,tipo=PDBC - Proyectos de Desarrollo; actividades sugiere AFOLU,"renare|proyecto de mitigacion en el sector del uscuss por remociones debidas al establecimiento de sistemas forestales de hevea brasiliensis en los municipios de sucre y el penon santander, colombia",,68b229532cb375c800b83a29,1.0,https://renare.minambiente.gov.co/,PDBC - Proyectos de Desarrollo Bajo en Carbono,EL PENON,13268;25258;68250
SECTOR,renare,Carbono Inmunizar,,"Fuente primaria: RENARE/MinAmbiente; el detalle individual no está indexado públicamente en buscadores. Se conserva REVISAR cuando la ficha pública no permitió confirmar fecha de inicio. | Clasificación revisada: la actividad/nombre corresponde a uso de suelo, forestación/reforestación, conservación de bosques, agroforestería o ganadería/biomasa en tierras; AFOLU.",AFOLU,tipo=PDBC - Proyectos de Desarrollo; actividades sugiere AFOLU,renare|carbono inmunizar,,68b2294d2cb375c800b83a25,1.0,https://renare.minambiente.gov.co/,PDBC - Proyectos de Desarrollo Bajo en Carbono,,
SECTOR,renare,Despacho técnico-económico de energía y vapor en la Refinería de Barrancabermeja-GRB,,"Fuente primaria: RENARE/MinAmbiente; el detalle individual no está indexado públicamente en buscadores. Se conserva REVISAR cuando la ficha pública no permitió confirmar fecha de inicio. | Clasificación revisada: la actividad/nombre corresponde principalmente a energía, residuos, transporte, industria o infraestructura; no se identifica como AFOLU.",NO_AFOLU,tipo=PDBC - Proyectos de Desarrollo; actividades sugiere AFOLU,renare|despacho tecnico-economico de energia y vapor en la refineria de barrancabermeja-grb,,68b229dc2cb375c800b83aa8,1.0,https://renare.minambiente.gov.co/,PDBC - Proyectos de Desarrollo Bajo en Carbono,BARRANCABERMEJA,68081
SECTOR,renare,"Restauración de áreas degradadas y reforestación en Cáceres y Cravo Norte, Colombia",,"Fuente primaria: RENARE/MinAmbiente; el detalle individual no está indexado públicamente en buscadores. Se conserva REVISAR cuando la ficha pública no permitió confirmar fecha de inicio. | Clasificación revisada: la actividad/nombre corresponde a uso de suelo, forestación/reforestación, conservación de bosques, agroforestería o ganadería/biomasa en tierras; AFOLU.",AFOLU,tipo=PDBC - Proyectos de Desarrollo; actividades sugiere AFOLU,"renare|restauracion de areas degradadas y reforestacion en caceres y cravo norte, colombia",,68b2293d2cb375c800b83a16,1.0,https://renare.minambiente.gov.co/,PDBC - Proyectos de Desarrollo Bajo en Carbono,CACERES;CRAVO NORTE,5120;81220
SECTOR,renare,Proyecto carbono CAS,,"Fuente primaria: RENARE/MinAmbiente; el detalle individual no está indexado públicamente en buscadores. Se conserva REVISAR cuando la ficha pública no permitió confirmar fecha de inicio. | Clasificación revisada: la actividad/nombre corresponde a uso de suelo, forestación/reforestación, conservación de bosques, agroforestería o ganadería/biomasa en tierras; AFOLU.",AFOLU,tipo=PDBC - Proyectos de Desarrollo; actividades sugiere AFOLU,renare|proyecto carbono cas,,68b2290e2cb375c800b839ef,1.0,https://renare.minambiente.gov.co/,PDBC - Proyectos de Desarrollo Bajo en Carbono,,
SECTOR,renare,Programa de Compensaciones de Gases de Efecto Invernadero (GEI) - Reforestadora Cacerí SA,,"Fuente primaria: RENARE/MinAmbiente; el detalle individual no está indexado públicamente en buscadores. Se conserva REVISAR cuando la ficha pública no permitió confirmar fecha de inicio. | Clasificación revisada: la actividad/nombre corresponde a uso de suelo, forestación/reforestación, conservación de bosques, agroforestería o ganadería/biomasa en tierras; AFOLU.",AFOLU,tipo=PDBC - Proyectos de Desarrollo; actividades sugiere AFOLU,renare|programa de compensaciones de gases de efecto invernadero (gei) - reforestadora caceri sa,,68b228c82cb375c800b839b5,1.0,https://renare.minambiente.gov.co/,PDBC - Proyectos de Desarrollo Bajo en Carbono,,
SECTOR,renare,Proyecto de mitigación forestal  Bonanza Verde,,"Fuente primaria: RENARE/MinAmbiente; el detalle individual no está indexado públicamente en buscadores. Se conserva REVISAR cuando la ficha pública no permitió confirmar fecha de inicio. | Clasificación revisada: la actividad/nombre corresponde a uso de suelo, forestación/reforestación, conservación de bosques, agroforestería o ganadería/biomasa en tierras; AFOLU.",AFOLU,tipo=PDBC - Proyectos de Desarrollo; actividades sugiere AFOLU,renare|proyecto de mitigacion forestal bonanza verde,,68b228c32cb375c800b839b1,1.0,https://renare.minambiente.gov.co/,PDBC - Proyectos de Desarrollo Bajo en Carbono,,
SECTOR,renare,Proyecto Carbono Sombrilla Abejorral,,"Fuente primaria: RENARE/MinAmbiente; el detalle individual no está indexado públicamente en buscadores. Se conserva REVISAR cuando la ficha pública no permitió confirmar fecha de inicio. | Clasificación revisada: la actividad/nombre corresponde a uso de suelo, forestación/reforestación, conservación de bosques, agroforestería o ganadería/biomasa en tierras; AFOLU.",AFOLU,tipo=PDBC - Proyectos de Desarrollo; actividades sugiere AFOLU,renare|proyecto carbono sombrilla abejorral,,68b228652cb375c800b8395e,1.0,https://renare.minambiente.gov.co/,PDBC - Proyectos de Desarrollo Bajo en Carbono,ABEJORRAL,5002
SECTOR,renare,Pequeña Central Hidroeléctrica Amaime,,"Fuente primaria: RENARE/MinAmbiente; el detalle individual no está indexado públicamente en buscadores. Se conserva REVISAR cuando la ficha pública no permitió confirmar fecha de inicio. | Clasificación revisada: la actividad/nombre corresponde principalmente a energía, residuos, transporte, industria o infraestructura; no se identifica como AFOLU.",NO_AFOLU,tipo=MDL - Proyectos del Mecanismo ; actividades sugiere AFOLU,renare|pequena central hidroelectrica amaime,,68b228202cb375c800b83924,1.0,https://renare.minambiente.gov.co/,MDL - Proyectos del Mecanismo de Desarrollo Limpio,,
SECTOR,renare,PROYECTO FORESTAL NUCLEO VICHADA META CO2CERO,,"Fuente primaria: RENARE/MinAmbiente; el detalle individual no está indexado públicamente en buscadores. Se conserva REVISAR cuando la ficha pública no permitió confirmar fecha de inicio. | Clasificación revisada: la actividad/nombre corresponde a uso de suelo, forestación/reforestación, conservación de bosques, agroforestería o ganadería/biomasa en tierras; AFOLU.",AFOLU,tipo=PDBC - Proyectos de Desarrollo; actividades sugiere AFOLU,renare|proyecto forestal nucleo vichada meta co2cero,,68b227f92cb375c800b838ff,1.0,https://renare.minambiente.gov.co/,PDBC - Proyectos de Desarrollo Bajo en Carbono,,
MUNICIPIO,cercarbono,Rio Amoya Run-of-River Hydro Project,73168.0,"Cercarbono: ubicacion por texto, verificar con Project URL",NO_AFOLU,Sector: Energy industries,cercarbono|rio amoya run-of-river hydro project,2008.0,CDC-202,1.0,https://www.ecoregistry.io/projects/202,,CHAPARRAL,73168
MUNICIPIO,cercarbono,Proyecto Carbono CAS,19392.0,"Carbono CAS (CDC-73): token LA SIERRA, probable nombre de la empresa",AFOLU,Sector: Land use (AFOLU),cercarbono|proyecto carbono cas,2008.0,CDC-73,1.0,https://www.ecoregistry.io/projects/73,,LA SIERRA,19392
MUNICIPIO,cercarbono,Proyecto Carbono CAS,19392.0,"Carbono CAS (CDC-73): token LA SIERRA, probable nombre de la empresa",AFOLU,Sector: Land use (AFOLU),cercarbono|proyecto carbono cas,2008.0,CDC-73,1.0,https://www.ecoregistry.io/projects/73,,LA SIERRA,19392
MUNICIPIO,cercarbono,Proyecto Carbono CAS,19392.0,"Carbono CAS (CDC-73): token LA SIERRA, probable nombre de la empresa",AFOLU,Sector: Land use (AFOLU),cercarbono|proyecto carbono cas,2008.0,CDC-73,1.0,https://www.ecoregistry.io/projects/73,,LA SIERRA,19392
MUNICIPIO,renare,Proyecto de Conservación PALAMEKU KUWEI REDD+,94888.0,Proyecto REDD+; la documentación pública consultada incluye actividades desde 2010. AFOLU.,AFOLU,tipo: Proyecto REDD+,renare|proyecto de conservacion palameku kuwei redd+,2010.0,68b229ae2cb375c800b83a79;68b22b702cb375c800b83c20,2.0,https://www.globalcarbontrace.io/files/management-documents/initiative/12/download-document,Proyecto REDD+,MORICHAL,94888
MUNICIPIO,cercarbono,Proyecto Hidroeléctrico Alejandría,5021.0,"Cercarbono: ubicacion por texto, verificar con Project URL",NO_AFOLU,Sector: Energy industries,cercarbono|proyecto hidroelectrico alejandria,2016.0,CDC-88,1.0,https://www.ecoregistry.io/projects/88,,ALEJANDRIA,05021
MUNICIPIO,cercarbono,Proyecto Hidroeléctrico Alejandría,5021.0,"Cercarbono: ubicacion por texto, verificar con Project URL",NO_AFOLU,Sector: Energy industries,cercarbono|proyecto hidroelectrico alejandria,2016.0,CDC-88,1.0,https://www.ecoregistry.io/projects/88,,ALEJANDRIA,05021
MUNICIPIO,cercarbono,Proyecto Hidroeléctrico Alejandría,5021.0,"Cercarbono: ubicacion por texto, verificar con Project URL",NO_AFOLU,Sector: Energy industries,cercarbono|proyecto hidroelectrico alejandria,2016.0,CDC-88,1.0,https://www.ecoregistry.io/projects/88,,ALEJANDRIA,05021
MUNICIPIO,verra,"Sustainable Agroforestry Cacao Meta, Colombia",50124.0,"Verificado en documentación del proyecto: VCS 3450, AFOLU, Cabuyaro (Meta), periodo de acreditación 06/07/2017–05/07/2057.",AFOLU,sectoralScope: Agriculture Forestry and Other Land Use,"verra|sustainable agroforestry cacao meta, colombia",2017.0,VCS-3450,1.0,https://registry.verra.org/app/projectDetail/VCS/3450,"VCS - Agriculture, Forestry and Other Land Use",,
MUNICIPIO,renare,Sustainable Agroforestry Cacao Meta,50124.0,Verra VCS 3450; periodo de acreditación/vida 06/07/2017–05/07/2057. AFOLU.,AFOLU,tipo=PDBC - Proyectos de Desarrollo; actividades sugiere AFOLU,renare|sustainable agroforestry cacao meta,2017.0,VCS-3450,1.0,https://registry.verra.org/app/projectDetail/VCS/3450,PDBC - Proyectos de Desarrollo Bajo en Carbono,CABUYARO,50124
MUNICIPIO,cercarbono,Proyecto de Conservación UNU-MAI REDD+,94001.0,"Cercarbono: ubicacion por texto, verificar con Project URL",AFOLU,Sector: Land use (AFOLU),cercarbono|proyecto de conservacion unu-mai redd+,2017.0,CDC-148,1.0,https://www.ecoregistry.io/projects/148,,INIRIDA,94001
MUNICIPIO,cercarbono,Proyecto de Conservación UNU-MAI REDD+,94001.0,"Cercarbono: ubicacion por texto, verificar con Project URL",AFOLU,Sector: Land use (AFOLU),cercarbono|proyecto de conservacion unu-mai redd+,2017.0,CDC-148,1.0,https://www.ecoregistry.io/projects/148,,INIRIDA,94001
MUNICIPIO,cercarbono,Ciclo Combinado Termoflores IV,8001.0,"Cercarbono: ubicacion por texto, verificar con Project URL",NO_AFOLU,Sector: Energy industries,cercarbono|ciclo combinado termoflores iv,2017.0,CDC-87,1.0,https://www.ecoregistry.io/projects/87,,BARRANQUILLA,08001
MUNICIPIO,cercarbono,Ciclo Combinado Termoflores IV,8001.0,"Cercarbono: ubicacion por texto, verificar con Project URL",NO_AFOLU,Sector: Energy industries,cercarbono|ciclo combinado termoflores iv,2017.0,CDC-87,1.0,https://www.ecoregistry.io/projects/87,,BARRANQUILLA,08001
MUNICIPIO,renare,Proyecto REDD+ Origen Atrato - Baudó_,27050.0,Verificado como Proyecto REDD+ Origen Atrato-Baudó de conservación forestal. El registro actual no permitió confirmar un día/mes de inicio; se conserva el año existente.,AFOLU,tipo: Proyecto REDD+,renare|proyecto redd+ origen atrato - baudo_,2018.0,68b22b302cb375c800b83be7,1.0,https://www.wildlifeworks.com/es/atrato-baudo,Proyecto REDD+,ATRATO,27050
MUNICIPIO,renare,Proyecto REDD+ del Bajo Atrato,27050.0,Verificado como Proyecto REDD+ Bajo Atrato; Wildlife Works reporta fecha de inicio octubre de 2019.,AFOLU,tipo: Proyecto REDD+,renare|proyecto redd+ del bajo atrato,2019.0,68b22a512cb375c800b83b1f,1.0,https://www.wildlifeworks.com/es/bajo-atrato,Proyecto REDD+,ATRATO,27050
MUNICIPIO,cercarbono,Proyecto de Generación de Energía Solar Fotovoltaica El Paso ,20250.0,"Cercarbono: ubicacion por texto, verificar con Project URL",NO_AFOLU,Sector: Energy industries,cercarbono|proyecto de generacion de energia solar fotovoltaica el paso,2018.0,CDC-151,1.0,https://www.ecoregistry.io/projects/151,,EL PASO,20250
MUNICIPIO,cercarbono,Proyecto de Generación de Energía Solar Fotovoltaica El Paso ,20250.0,"Cercarbono: ubicacion por texto, verificar con Project URL",NO_AFOLU,Sector: Energy industries,cercarbono|proyecto de generacion de energia solar fotovoltaica el paso,2018.0,CDC-151,1.0,https://www.ecoregistry.io/projects/151,,EL PASO,20250
MUNICIPIO,renare,BAJO ATRATO REDD+ PROJECT,27050.0,Mismo proyecto Bajo Atrato REDD+; fecha de inicio reportada por Wildlife Works: octubre de 2019.,AFOLU,tipo: Proyecto REDD+,renare|bajo atrato redd+ project,2019.0,68b22c902cb375c800b83d54,1.0,https://www.wildlifeworks.com/es/bajo-atrato,Proyecto REDD+,ATRATO,27050
MUNICIPIO,renare,ORIGEN ATRATO-BAUDÓ REDD+ PROJECT,27050.0,Mismo proyecto Origen Atrato-Baudó REDD+; evidencia pública confirma naturaleza AFOLU. El año se conserva como dato de trabajo previo.,AFOLU,tipo: Proyecto REDD+,renare|origen atrato-baudo redd+ project,2018.0,68b22c952cb375c800b83d58,1.0,https://www.wildlifeworks.com/es/atrato-baudo,Proyecto REDD+,ATRATO,27050
MUNICIPIO,cercarbono,Planta de Tratamiento de Aguas Residuales - PTAR Aguas Claras,5001.0,"Cercarbono: ubicacion por texto, verificar con Project URL",NO_AFOLU,Sector: Waste handling and disposal,cercarbono|planta de tratamiento de aguas residuales - ptar aguas claras,2020.0,CDC-221,1.0,https://www.ecoregistry.io/projects/221,,MEDELLIN,05001
MUNICIPIO,verra,GUACHICONO SMALL HYDROELECTRIC PROJECT,19392.0,"Verificado: GUACHICONO SMALL HYDROELECTRIC PROJECT (VCS 1868), hidroelectricidad renovable; NO_AFOLU.",NO_AFOLU,sectoralScope: Energy industries (renewable/non-renewable sources),verra|guachicono small hydroelectric project,2021.0,VCS-1868,1.0,https://registry.verra.org/app/projectDetail/VCS/1868,VCS - Renewable Energy / Hydropower,,
MUNICIPIO,cercarbono,Sogamoso Hydroelectric Project,15759.0,"Cercarbono: ubicacion por texto, verificar con Project URL",NO_AFOLU,Sector: Energy industries,cercarbono|sogamoso hydroelectric project,2023.0,CDC-188,1.0,https://www.ecoregistry.io/projects/188,,SOGAMOSO,15759
MUNICIPIO,cercarbono,Proyecto de Generación de Energía Solar Fotovoltaica La Loma ,20250.0,"Cercarbono: ubicacion por texto, verificar con Project URL",NO_AFOLU,Sector: Energy industries,cercarbono|proyecto de generacion de energia solar fotovoltaica la loma,2023.0,CDC-210,1.0,https://www.ecoregistry.io/projects/210,,EL PASO,20250
MUNICIPIO,cercarbono,"Proyecto de mitigación en el sector del uso del suelo cambio en el uso del suelo y silvicultura por remociones debidas al establecimiento de sistemas forestales de Hevea brasiliensis en el municipio de Barrancabermeja, Santander, Colombia.",68081.0,"Cercarbono: ubicacion por texto, verificar con Project URL | No se confirmó públicamente la fecha exacta de inicio del proyecto; no se sustituye por fecha de consulta, verificación o emisión.",AFOLU,Sector: Land use (AFOLU),"cercarbono|proyecto de mitigacion en el sector del uso del suelo cambio en el uso del suelo y silvicultura por remociones debidas al establecimiento de sistemas forestales de hevea brasiliensis en el municipio de barrancabermeja, santander, colombia.",,CDC-25,1.0,https://www.ecoregistry.io/projects/25,,BARRANCABERMEJA,68081
MUNICIPIO,cercarbono,"Proyecto de mitigación en el sector del uso del suelo cambio en el uso del suelo y silvicultura por remociones debidas al establecimiento de sistemas forestales de Hevea brasiliensis en el municipio de Barrancabermeja, Santander, Colombia.",68081.0,"Cercarbono: ubicacion por texto, verificar con Project URL | No se confirmó públicamente la fecha exacta de inicio del proyecto; no se sustituye por fecha de consulta, verificación o emisión.",AFOLU,Sector: Land use (AFOLU),"cercarbono|proyecto de mitigacion en el sector del uso del suelo cambio en el uso del suelo y silvicultura por remociones debidas al establecimiento de sistemas forestales de hevea brasiliensis en el municipio de barrancabermeja, santander, colombia.",,CDC-25,1.0,https://www.ecoregistry.io/projects/25,,BARRANCABERMEJA,68081
MUNICIPIO,cercarbono,Carbono Rancho Victoria,50573.0,"Cercarbono: ubicacion por texto, verificar con Project URL | No se confirmó públicamente la fecha exacta de inicio del proyecto; no se sustituye por fecha de consulta, verificación o emisión.",AFOLU,Sector: Land use (AFOLU),cercarbono|carbono rancho victoria,,CDC-180,1.0,https://www.ecoregistry.io/projects/180,,PUERTO LOPEZ,50573
MUNICIPIO,cercarbono,Carbono Rancho Victoria,50573.0,"Cercarbono: ubicacion por texto, verificar con Project URL | No se confirmó públicamente la fecha exacta de inicio del proyecto; no se sustituye por fecha de consulta, verificación o emisión.",AFOLU,Sector: Land use (AFOLU),cercarbono|carbono rancho victoria,,CDC-180,1.0,https://www.ecoregistry.io/projects/180,,PUERTO LOPEZ,50573
MUNICIPIO,cercarbono,Bonos de Carbono Caracoli,5142.0,"Cercarbono: ubicacion por texto, verificar con Project URL | No se confirmó públicamente la fecha exacta de inicio del proyecto; no se sustituye por fecha de consulta, verificación o emisión.",AFOLU,Sector: Land use (AFOLU),cercarbono|bonos de carbono caracoli,,CDC-10,1.0,https://www.ecoregistry.io/projects/10,,CARACOLI,05142
MUNICIPIO,cercarbono,Bonos de Carbono Caracoli,5142.0,"Cercarbono: ubicacion por texto, verificar con Project URL | No se confirmó públicamente la fecha exacta de inicio del proyecto; no se sustituye por fecha de consulta, verificación o emisión.",AFOLU,Sector: Land use (AFOLU),cercarbono|bonos de carbono caracoli,,CDC-10,1.0,https://www.ecoregistry.io/projects/10,,CARACOLI,05142
MUNICIPIO,cercarbono,Bonos de Carbono Caracoli,5142.0,"Cercarbono: ubicacion por texto, verificar con Project URL | No se confirmó públicamente la fecha exacta de inicio del proyecto; no se sustituye por fecha de consulta, verificación o emisión.",AFOLU,Sector: Land use (AFOLU),cercarbono|bonos de carbono caracoli,,CDC-10,1.0,https://www.ecoregistry.io/projects/10,,CARACOLI,05142
MUNICIPIO,cercarbono,Veolia LFG PTA Manizales and Cúcuta Landfill,17001.0,"Cercarbono: ubicacion por texto, verificar con Project URL | No se confirmó públicamente la fecha exacta de inicio del proyecto; no se sustituye por fecha de consulta, verificación o emisión.",NO_AFOLU,Sector: Energy industries; Waste handling and disposal,cercarbono|veolia lfg pta manizales and cucuta landfill,,CDC-91,1.0,https://www.ecoregistry.io/projects/91,,MANIZALES,17001
MUNICIPIO,cercarbono,Veolia LFG PTA Manizales and Cúcuta Landfill,17001.0,"Cercarbono: ubicacion por texto, verificar con Project URL | No se confirmó públicamente la fecha exacta de inicio del proyecto; no se sustituye por fecha de consulta, verificación o emisión.",NO_AFOLU,Sector: Energy industries; Waste handling and disposal,cercarbono|veolia lfg pta manizales and cucuta landfill,,CDC-91,1.0,https://www.ecoregistry.io/projects/91,,MANIZALES,17001
MUNICIPIO,cercarbono,Veolia LFG PTA Manizales and Cúcuta Landfill,17001.0,"Cercarbono: ubicacion por texto, verificar con Project URL | No se confirmó públicamente la fecha exacta de inicio del proyecto; no se sustituye por fecha de consulta, verificación o emisión.",NO_AFOLU,Sector: Energy industries; Waste handling and disposal,cercarbono|veolia lfg pta manizales and cucuta landfill,,CDC-91,1.0,https://www.ecoregistry.io/projects/91,,MANIZALES,17001
MUNICIPIO,cercarbono,Veolia LFG PTA Manizales and Cúcuta Landfill,17001.0,"Cercarbono: ubicacion por texto, verificar con Project URL | No se confirmó públicamente la fecha exacta de inicio del proyecto; no se sustituye por fecha de consulta, verificación o emisión.",NO_AFOLU,Sector: Energy industries; Waste handling and disposal,cercarbono|veolia lfg pta manizales and cucuta landfill,,CDC-91,1.0,https://www.ecoregistry.io/projects/91,,MANIZALES,17001
MUNICIPIO,cercarbono,Carbono Paja Perdida,5659.0,"Cercarbono: ubicacion por texto, verificar con Project URL | No se confirmó públicamente la fecha exacta de inicio del proyecto; no se sustituye por fecha de consulta, verificación o emisión.",AFOLU,Sector: Land use (AFOLU),cercarbono|carbono paja perdida,,CDC-4,1.0,https://www.ecoregistry.io/projects/4,,SAN JUAN DE URABA,05659
MUNICIPIO,cercarbono,Carbono Paja Perdida,5659.0,"Cercarbono: ubicacion por texto, verificar con Project URL | No se confirmó públicamente la fecha exacta de inicio del proyecto; no se sustituye por fecha de consulta, verificación o emisión.",AFOLU,Sector: Land use (AFOLU),cercarbono|carbono paja perdida,,CDC-4,1.0,https://www.ecoregistry.io/projects/4,,SAN JUAN DE URABA,05659
MUNICIPIO,cercarbono,ORINOCO REDD+ PROJECT,99773.0,"Cercarbono: ubicacion por texto, verificar con Project URL | No se confirmó públicamente la fecha exacta de inicio del proyecto; no se sustituye por fecha de consulta, verificación o emisión.",AFOLU,Sector: Land use (AFOLU),cercarbono|orinoco redd+ project,,CDC-156,1.0,https://www.ecoregistry.io/projects/156,,CUMARIBO,99773
MUNICIPIO,cercarbono,Central Hidroeléctrica de Santa Ana,47707.0,"Cercarbono: ubicacion por texto, verificar con Project URL | No se confirmó públicamente la fecha exacta de inicio del proyecto; no se sustituye por fecha de consulta, verificación o emisión.",NO_AFOLU,Sector: Energy industries,cercarbono|central hidroelectrica de santa ana,,CDC-77,1.0,https://www.ecoregistry.io/projects/77,,SANTA ANA,47707
MUNICIPIO,cercarbono,Carbono Ganados y Bosques,5490.0,"Cercarbono: ubicacion por texto, verificar con Project URL | No se confirmó públicamente la fecha exacta de inicio del proyecto; no se sustituye por fecha de consulta, verificación o emisión.",AFOLU,Sector: Land use (AFOLU),cercarbono|carbono ganados y bosques,,CDC-30,1.0,https://www.ecoregistry.io/projects/30,,NECOCLI,05490
MUNICIPIO,cercarbono,Granja Solar de Inírida,94001.0,"Cercarbono: ubicacion por texto, verificar con Project URL | No se confirmó públicamente la fecha exacta de inicio del proyecto; no se sustituye por fecha de consulta, verificación o emisión.",NO_AFOLU,Sector: Energy industries,cercarbono|granja solar de inirida,,CDC-48,1.0,https://www.ecoregistry.io/projects/48,,INIRIDA,94001
